{"type": "FeatureCollection", "generator": "eya · build_draft_quartier_polygons_v3 (full land coverage)", "features": [{"type": "Feature", "geometry": {"type": "Polygon", "coordinates": [[[2.324511051202545, 6.397677288401941], [2.324511051202545, 6.397858218382039], [2.3227031973053607, 6.397858218382039], [2.322883982695079, 6.400029378143212], [2.323245553474516, 6.4002103081233095], [2.322883982695079, 6.401476817983993], [2.323607124253953, 6.401476817983993], [2.323607124253953, 6.402562397864578], [2.3230647680847976, 6.402562397864578], [2.3227031973053607, 6.4029242578247745], [2.323245553474516, 6.4034670477650675], [2.3230647680847976, 6.404190767685458], [2.3234263388642344, 6.404371697665556], [2.3234263388642344, 6.404733557625751], [2.324149480423108, 6.4050954175859465], [2.3243302658128266, 6.405819137506337], [2.324872621981982, 6.40636192744663], [2.3261381197100106, 6.406000067486435], [2.326318905099729, 6.4056382075262395], [2.326861261268885, 6.4056382075262395], [2.3270420466586033, 6.406000067486435], [2.3274036174380397, 6.4056382075262395], [2.3279459736071955, 6.4056382075262395], [2.3283075443866323, 6.40636192744663], [2.329030685945506, 6.40636192744663], [2.329573042114661, 6.4067237874068255], [2.329573042114661, 6.4056382075262395], [2.330296183673535, 6.405457277546142], [2.3304769690632536, 6.405819137506337], [2.331019325232409, 6.406000067486435], [2.331019325232409, 6.406904717386923], [2.331380896011846, 6.4072665773471185], [2.3322848229604376, 6.407085647367021], [2.332465608350156, 6.406361927446629], [2.332104037570719, 6.406180997466532], [2.3319232521810007, 6.405457277546142], [2.332104037570719, 6.405457277546142], [2.332104037570719, 6.404914487605849], [2.3333695352987482, 6.403828907725263], [2.3330079645193114, 6.4029242578247745], [2.333731106078185, 6.402562397864579], [2.3335503206884667, 6.402200537904383], [2.333731106078185, 6.401295888003895], [2.3333695352987482, 6.400934028043699], [2.333731106078185, 6.4002103081233095], [2.3335503206884667, 6.397858218382039], [2.33083853984269, 6.397677288401941], [2.33083853984269, 6.397496358421844], [2.324511051202545, 6.397677288401941]]]}, "properties": {"name": "Hounsa-Agbodokpa\n", "commune": "ABOMEY-CALAVI", "confidence": "HIGH", "area_m2": 1037200.0, "perimeter_m": 5879.9, "road_length_m": 10813.1, "n_road_vertices": 376, "avg_dist_to_road_m": 45.5, "pct_area_near_road": 90.8, "color": "#46cb65", "neighbours": ["Assrossa\n", "Atrokpo-Codji", "Djoukpa-Togoudo\n", "Gbègnigan-Midokpo\n", "Ounvènoumèdé\n"], "n_neighbours": 5, "manual_review_reasons": []}}, {"type": "Feature", "geometry": {"type": "MultiPolygon", "coordinates": [[[[2.3780235265592036, 6.4861520486697], [2.3780235265592036, 6.48850413841097], [2.377842741169485, 6.48850413841097], [2.377842741169485, 6.489589718291556], [2.3776619557797667, 6.489589718291556], [2.3776619557797667, 6.490675298172142], [2.3774811703900482, 6.490675298172142], [2.37730038500033, 6.491941808032825], [2.376938814220893, 6.492303667993021], [2.376938814220893, 6.492846457933314], [2.3763964580517376, 6.4939320378139], [2.3760348872723007, 6.494112967793997], [2.37495017493399, 6.496284127555169], [2.374588604154553, 6.496465057535267], [2.3738654625956794, 6.497912497376048], [2.3735038918162426, 6.498093427356146], [2.3722383940882135, 6.500626447077513], [2.3715152525293397, 6.501169237017806], [2.3706113255807475, 6.501169237017806], [2.3706113255807475, 6.501350166997904], [2.3688034716835626, 6.501350166997904], [2.3684419009041258, 6.500988307037709], [2.3671764031760967, 6.501350166997904], [2.3669956177863782, 6.500807377057611], [2.365730120058349, 6.500626447077513], [2.365730120058349, 6.50008365713722], [2.3650069784994754, 6.500264587117318], [2.364826193109757, 6.499540867196927], [2.3642838369406016, 6.499179007236732], [2.363922266161165, 6.499179007236732], [2.3637414807714467, 6.499540867196927], [2.3624759830434177, 6.499540867196927], [2.362114412263981, 6.500626447077513], [2.3615720560948255, 6.500445517097416], [2.3612104853153886, 6.500626447077513], [2.3612104853153886, 6.501169237017806], [2.359764202197641, 6.501169237017806], [2.359764202197641, 6.501531096978002], [2.3590410606387673, 6.501712026958099], [2.3590410606387673, 6.502435746878491], [2.359402631418204, 6.5026166768585885], [2.359402631418204, 6.503159466798881], [2.358498704469612, 6.503159466798881], [2.358498704469612, 6.503883186719271], [2.357775562910738, 6.504064116699369], [2.357775562910738, 6.505149696579955], [2.3566908505724276, 6.505330626560053], [2.356510065182709, 6.50786364628142], [2.3554253528443985, 6.50786364628142], [2.3554253528443985, 6.508587366201811], [2.355606138234117, 6.508587366201811], [2.3554253528443985, 6.51021573602269], [2.3563292797929902, 6.51021573602269], [2.3563292797929902, 6.510034806042593], [2.3575947775210193, 6.51021573602269], [2.3577755629107378, 6.509853876062495], [2.3583179190798935, 6.509853876062495], [2.358498704469612, 6.51021573602269], [2.3599449875873595, 6.510396666002788], [2.360125772977078, 6.510758525962983], [2.361752841484544, 6.510577595982886], [2.362114412263981, 6.510939455943081], [2.363560695381728, 6.510939455943081], [2.363560695381728, 6.510758525962983], [2.3657301200583496, 6.510577595982886], [2.365910905448068, 6.510939455943081], [2.366091690837786, 6.510758525962983], [2.3675379739555336, 6.510939455943081], [2.3675379739555336, 6.510758525962983], [2.368080330124689, 6.510758525962983], [2.3682611155144073, 6.51021573602269], [2.368984257073281, 6.509853876062495], [2.369707398632155, 6.508949226162007], [2.3711536817499024, 6.508949226162007], [2.3715152525293393, 6.508225506241616], [2.371876823308776, 6.508044576261518], [2.3720576086984946, 6.507320856341128], [2.3725999648676503, 6.507320856341128], [2.3725999648676503, 6.5075017863212254], [2.3733231064265237, 6.507320856341128], [2.3736846772059605, 6.506597136420737], [2.3747693895442716, 6.5075017863212254], [2.3754925311031454, 6.507320856341128], [2.3758541018825823, 6.508044576261518], [2.376215672662019, 6.508225506241616], [2.3763964580517376, 6.5094920161023], [2.376577243441456, 6.5094920161023], [2.3767580288311745, 6.516548285326109], [2.3789274535077958, 6.518538515107183], [2.3789274535077958, 6.518900375067378], [2.38073530740498, 6.520709674868355], [2.382362375912446, 6.526318504251383], [2.382723946691883, 6.526318504251383], [2.3829047320816015, 6.526680364211578], [2.3832663028610384, 6.526680364211578], [2.3845318005890674, 6.527765944092164], [2.385978083706815, 6.528489664012555], [2.3861588690965334, 6.52885152397275], [2.3865204398759703, 6.52885152397275], [2.3874243668245625, 6.529937103853336], [2.3877859376039994, 6.529937103853336], [2.3886898645525916, 6.530841753753824], [2.3886898645525916, 6.531384543694117], [2.389593791501184, 6.532108263614508], [2.389593791501184, 6.532470123574703], [2.390497718449776, 6.533193843495094], [2.390497718449776, 6.533555703455289], [2.391401645398368, 6.53427942337568], [2.391401645398368, 6.534641283335875], [2.392124786957242, 6.535184073276168], [2.392124786957242, 6.535545933236364], [2.3932094992955526, 6.536450583136852], [2.3932094992955526, 6.536812443097047], [2.3944749970235817, 6.537898022977633], [2.3944749970235817, 6.538259882937829], [2.395921280141329, 6.539526392798512], [2.395921280141329, 6.539888252758708], [2.3971867778693583, 6.540973832639294], [2.3971867778693583, 6.541335692599489], [2.3984522755973874, 6.542421272480075], [2.3984522755973874, 6.54278313244027], [2.3997177733254165, 6.543868712320856], [2.3997177733254165, 6.544230572281052], [2.4009832710534456, 6.545316152161638], [2.4009832710534456, 6.545678012121833], [2.402067983391756, 6.546763592002419], [2.404598978847814, 6.54748731192281], [2.405502905796406, 6.545678012121833], [2.4056836911861246, 6.542964062420367], [2.405502905796406, 6.542964062420367], [2.405502905796406, 6.542059412519879], [2.404960549627251, 6.541335692599488], [2.404960549627251, 6.540792902659195], [2.4036950518992217, 6.538259882937828], [2.4031526957300664, 6.537717092997535], [2.4031526957300664, 6.537174303057242], [2.4027911249506295, 6.536631513116949], [2.4027911249506295, 6.53427942337568], [2.4056836911861246, 6.528489664012555], [2.405502905796406, 6.528308734032456], [2.405502905796406, 6.5264994342314795], [2.4053221204066877, 6.5264994342314795], [2.4053221204066877, 6.5259566442911865], [2.404960549627251, 6.525594784330991], [2.404960549627251, 6.525051994390698], [2.404598978847814, 6.524690134430503], [2.4040566226786586, 6.522518974669331], [2.40387583728894, 6.522518974669331], [2.40387583728894, 6.520528744888257], [2.4040566226786586, 6.520528744888257], [2.404237408068377, 6.518176655146988], [2.4044181934580955, 6.518176655146988], [2.4047797642375324, 6.51491991550523], [2.404960549627251, 6.51491991550523], [2.404960549627251, 6.513653405644546], [2.4051413350169693, 6.513653405644546], [2.404960549627251, 6.510034806042592], [2.4047797642375324, 6.510034806042592], [2.4047797642375324, 6.509311086122201], [2.404237408068377, 6.508225506241615], [2.4035142665095033, 6.50786364628142], [2.4011640564431636, 6.50551155654015], [2.4011640564431636, 6.505149696579955], [2.400079344104853, 6.504245046679467], [2.400079344104853, 6.503883186719271], [2.3995369879356976, 6.503521326759076], [2.3989946317665423, 6.50243574687849], [2.3989946317665423, 6.501350166997904], [2.398813846376824, 6.501350166997904], [2.3989946317665423, 6.497550637415854], [2.3991754171562607, 6.497550637415854], [2.3989946317665423, 6.491760878052728], [2.3982714902076685, 6.49157994807263], [2.3979099194282316, 6.491218088112435], [2.397729134038513, 6.48922785833136], [2.3975483486487947, 6.48922785833136], [2.3973675632590763, 6.488142278450774], [2.396825207089921, 6.487237628550286], [2.3970059924796394, 6.485428328749309], [2.3966444217002025, 6.485247398769212], [2.3966444217002025, 6.484885538809016], [2.3962828509207657, 6.484704608828919], [2.395559709361892, 6.483257168988137], [2.394836567803018, 6.482714379047844], [2.394836567803018, 6.482352519087649], [2.393932640854426, 6.481628799167258], [2.3933902846852706, 6.481086009226965], [2.3933902846852706, 6.480905079246868], [2.3930287139058337, 6.480905079246868], [2.3924863577366784, 6.480362289306575], [2.3924863577366784, 6.480181359326477], [2.3921247869572415, 6.480181359326477], [2.391582430788086, 6.479638569386184], [2.391582430788086, 6.479457639406086], [2.389051435332028, 6.478191129545403], [2.3879667229937174, 6.477286479644914], [2.3879667229937174, 6.475839039804134], [2.3888706499423096, 6.475296249863841], [2.389413006111465, 6.475296249863841], [2.389413006111465, 6.475115319883743], [2.389774576890902, 6.474934389903646], [2.389774576890902, 6.474753459923548], [2.3901361476703387, 6.47457252994345], [2.3901361476703387, 6.473848810023059], [2.38995536228062, 6.473848810023059], [2.3901361476703387, 6.472967534635112], [2.388378443074431, 6.470411140401203], [2.3845318005890674, 6.47294416012257], [2.3832663028610384, 6.475477179843938], [2.3832663028610384, 6.476019969784231], [2.3789274535077958, 6.484342748868723], [2.3787466681180773, 6.485609258729408], [2.379108238897514, 6.485609258729408], [2.379831380456388, 6.487056698570188], [2.379289024287232, 6.487056698570188], [2.3789274535077953, 6.485790188709505], [2.3787466681180773, 6.4861520486697], [2.3785658827283584, 6.485971118689602], [2.3780235265592036, 6.4861520486697]], [[2.3901361476703387, 6.498817147276537], [2.3901361476703387, 6.498093427356147], [2.390316933060057, 6.498093427356147], [2.3901361476703387, 6.497550637415854], [2.3903169330600575, 6.497550637415854], [2.390497718449776, 6.499179007236733], [2.390859289229213, 6.4993599372168305], [2.3912208600086498, 6.500264587117318], [2.3908592892292124, 6.50008365713722], [2.3908592892292124, 6.499721797177025], [2.3904977184497755, 6.499540867196927], [2.3901361476703387, 6.498817147276537]]], [[[2.3903688842013318, 6.473306020082766], [2.3903169330600575, 6.474210669983255], [2.3906785038394944, 6.474210669983255], [2.3912208600086498, 6.475477179843938], [2.3908592892292124, 6.47529624986384], [2.390678503839494, 6.474572529943449], [2.390136147670339, 6.474572529943449], [2.3897745768909022, 6.47529624986384], [2.3881475083834363, 6.476019969784231], [2.3881475083834363, 6.477286479644915], [2.3903169330600575, 6.478372059525501], [2.390497718449776, 6.4787339194856965], [2.391401645398368, 6.479095779445892], [2.3915824307880866, 6.479457639406087], [2.3924863577366784, 6.4792767094259895], [2.392667143126397, 6.478372059525501], [2.3928479285161157, 6.478372059525501], [2.3926671431263973, 6.479276709425989], [2.3919440015675235, 6.479638569386185], [2.392486357736679, 6.48000042934638], [2.3926671431263973, 6.4803622893065755], [2.393028713905834, 6.4803622893065755], [2.3939326408544264, 6.4814478691871615], [2.3946557824133, 6.481809729147357], [2.3946557824133, 6.482171589107552], [2.3955597093618923, 6.482895309027943], [2.3955597093618923, 6.483257168988138], [2.3961020655310477, 6.4836190289483335], [2.396644421700203, 6.484885538809017], [2.39700599247964, 6.485066468789115], [2.3971867778693583, 6.48542832874931], [2.39700599247964, 6.487056698570189], [2.3971867778693583, 6.487056698570189], [2.3973675632590767, 6.488142278450775], [2.397909919428232, 6.4890469283512635], [2.3980907048179505, 6.49085622815224], [2.398271490207669, 6.49085622815224], [2.398271490207669, 6.491399018092533], [2.3991754171562607, 6.491579948072631], [2.3991754171562607, 6.4912180881124355], [2.3998985587151345, 6.490494368192045], [2.4006217002740082, 6.490313438211947], [2.400384, 6.48947499999957], [2.397466, 6.48380499999957], [2.3903688842013318, 6.473306020082766]], [[2.3926671431263973, 6.478191129545403], [2.391582430788086, 6.4765627597245246], [2.392124786957242, 6.47692461968472], [2.3926671431263973, 6.478191129545403]], [[2.3914016453983677, 6.476381829744426], [2.3914016453983677, 6.476019969784231], [2.3912208600086493, 6.475658109824036], [2.3915824307880866, 6.4760199697842316], [2.3914016453983677, 6.476381829744426]]], [[[2.399536987935698, 6.491037158132337], [2.399175417156261, 6.491760878052728], [2.399175417156261, 6.4950176176944865], [2.3993562025459796, 6.4950176176944865], [2.399175417156261, 6.502254816898393], [2.3993562025459796, 6.502254816898393], [2.399536987935698, 6.5031594667988815], [2.400802485663727, 6.504425976659565], [2.400802485663727, 6.5047878366197605], [2.4022487687814746, 6.506054346480444], [2.4022487687814746, 6.5064162064406394], [2.4029719103403484, 6.50713992636103], [2.4033334811197853, 6.50713992636103], [2.404056622678659, 6.508044576261518], [2.404418193458096, 6.508044576261518], [2.4049605496272513, 6.509130156142104], [2.405322120406688, 6.511844105843569], [2.4055029057964066, 6.511844105843569], [2.405322120406688, 6.512025035823666], [2.405322120406688, 6.513834335624644], [2.4068581129200135, 6.513834335624644], [2.407069, 6.512166999999569], [2.406925, 6.509397999999571], [2.404960549627251, 6.502305442893876], [2.4025134930013685, 6.496284127555169], [2.4018871980020373, 6.496465057535267], [2.4024295541711926, 6.496077584657753], [2.4018041726993467, 6.494112967793997], [2.4011640564431636, 6.493389247873607], [2.4011640564431636, 6.492665527953217], [2.401344841832882, 6.492612895467139], [2.4006961364661636, 6.490494368192044], [2.399536987935698, 6.491037158132337]]], [[[2.4051413350169697, 6.5140152656047405], [2.4051413350169697, 6.515281775465424], [2.4049605496272513, 6.515281775465424], [2.4049605496272513, 6.51636735534601], [2.404779764237533, 6.51636735534601], [2.404779764237533, 6.5172720052464985], [2.4045989788478144, 6.5172720052464985], [2.404056622678659, 6.521976184729039], [2.4042374080683775, 6.521976184729039], [2.4042374080683775, 6.522880834629527], [2.404418193458096, 6.522880834629527], [2.404779764237533, 6.524509204450406], [2.4049605496272513, 6.524509204450406], [2.4049605496272513, 6.525051994390699], [2.4058644765758435, 6.526680364211578], [2.4058644765758435, 6.5286705939926515], [2.4042374080683775, 6.5319273336344095], [2.4038758372889406, 6.532108263614507], [2.4035142665095037, 6.532831983534898], [2.403152695730067, 6.534460353355777], [2.4029719103403484, 6.534460353355777], [2.4029719103403484, 6.53663151311695], [2.4049605496272513, 6.540250112718903], [2.4049605496272513, 6.540792902659196], [2.405683691186125, 6.541878482539782], [2.405683691186125, 6.54278313244027], [2.4058644765758435, 6.54278313244027], [2.4058644765758435, 6.544954292201441], [2.405683691186125, 6.544954292201441], [2.4055029057964066, 6.546220802062125], [2.404779764237533, 6.54748731192281], [2.4070353193283656, 6.5482110318432], [2.407408905051792, 6.546763592002419], [2.408352, 6.53279199999957], [2.4076723304730274, 6.527765944092163], [2.407491545083309, 6.520319165251679], [2.4064068327449983, 6.517995725166889], [2.406768403524435, 6.5140152656047405], [2.4062260473552803, 6.5140152656047405], [2.4062260473552803, 6.514196195584838], [2.4051413350169697, 6.5140152656047405]]]]}, "properties": {"name": "Akassato", "commune": "ABOMEY-CALAVI", "confidence": "MANUAL_REVIEW", "area_m2": 21271359.1, "perimeter_m": 57460.4, "road_length_m": 25558.3, "n_road_vertices": 1056, "avg_dist_to_road_m": 677.3, "pct_area_near_road": 15.5, "color": "#d553dc", "neighbours": ["Agamandin", "Agassa-Godomey", "Glo-Tokpa", "Houèkè-Gbo", "Houèkè-Honou", "Kpodji-Les-Monts", "Misséssinto"], "n_neighbours": 7, "manual_review_reasons": ["avg distance to owned road 677 m"]}}, {"type": "Feature", "geometry": {"type": "Polygon", "coordinates": [[[2.370792110970466, 6.378679640491686], [2.370792110970466, 6.379222430431979], [2.3697073986321553, 6.379222430431979], [2.369526613242437, 6.380850800252859], [2.3697073986321553, 6.380850800252859], [2.3697073986321553, 6.382117310113543], [2.37024975480131, 6.3817554501533476], [2.370792110970466, 6.3817554501533476], [2.370430540191029, 6.38229824009364], [2.370068969411592, 6.38229824009364], [2.370068969411592, 6.3828410300339335], [2.3709728963601844, 6.3833838199742265], [2.371153681749903, 6.385193119775202], [2.3706113255807475, 6.3853740497553], [2.3706113255807475, 6.385735909715496], [2.370792110970466, 6.3860977696756915], [2.371153681749903, 6.3860977696756915], [2.371153681749903, 6.38700241957618], [2.372780750257369, 6.387364279536375], [2.3731423210368057, 6.3882689294368635], [2.3736846772059605, 6.388087999456766], [2.373865462595679, 6.387545209516473], [2.3744078187648348, 6.387545209516473], [2.3747693895442716, 6.3882689294368635], [2.375130960323708, 6.388087999456766], [2.3765772434414556, 6.3882689294368635], [2.3776619557797662, 6.387364279536375], [2.3776619557797662, 6.386278699655788], [2.3769388142208925, 6.386278699655788], [2.3762156726620187, 6.385735909715495], [2.3744078187648343, 6.385193119775202], [2.3744078187648343, 6.38465032983491], [2.3753117457134265, 6.3844693998548125], [2.375130960323708, 6.3839266099145195], [2.375492531103145, 6.3839266099145195], [2.3756733164928634, 6.383202889994129], [2.3760348872723003, 6.383021960014031], [2.3760348872723003, 6.3822982400936406], [2.3762156726620187, 6.3822982400936406], [2.3760348872723003, 6.381936380133445], [2.376396458051737, 6.381393590193152], [2.3762156726620187, 6.381212660213054], [2.376396458051737, 6.380669870272761], [2.375854101882582, 6.380127080332468], [2.3749501749339896, 6.380308010312565], [2.374227033375116, 6.379765220372272], [2.3729615356470872, 6.37994615035237], [2.3729615356470872, 6.380127080332468], [2.37259996486765, 6.379765220372272], [2.3716960379190577, 6.379765220372272], [2.3716960379190577, 6.378317780531491], [2.370792110970466, 6.378679640491686]]]}, "properties": {"name": "Agla-Petit-Château", "commune": "COTONOU", "confidence": "HIGH", "area_m2": 558800.0, "perimeter_m": 5280.0, "road_length_m": 7123.7, "n_road_vertices": 246, "avg_dist_to_road_m": 38.1, "pct_area_near_road": 95.0, "color": "#44d079", "neighbours": ["Agla-Centre", "Agla-Les-Pylônes", "Ahogbohoué-Cité-De-l'Expérience", "Kouhounou", "Mènontin", "Zogbohouè"], "n_neighbours": 6, "manual_review_reasons": []}}, {"type": "Feature", "geometry": {"type": "Polygon", "coordinates": [[[2.4271971525626195, 6.368547561606217], [2.4271971525626195, 6.368909421566413], [2.4275587233420564, 6.369090351546511], [2.4275587233420564, 6.369814071466901], [2.427197152562619, 6.369995001446998], [2.426654796393464, 6.369452211506705], [2.4262932256140273, 6.370175931427096], [2.4259316548345904, 6.370356861407194], [2.4259316548345904, 6.370899651347488], [2.426654796393464, 6.370899651347488], [2.4268355817831826, 6.371261511307683], [2.4275587233420564, 6.371623371267878], [2.427016367172901, 6.37307081110866], [2.427377937952338, 6.37307081110866], [2.428643435680367, 6.374337320969343], [2.429185791849522, 6.374156390989246], [2.429185791849522, 6.37379453102905], [2.429728148018677, 6.373251741088757], [2.431355216526143, 6.374337320969343], [2.43171678730558, 6.373613601048953], [2.432078358085017, 6.373432671068855], [2.4318975726952985, 6.372708951148463], [2.431536001915862, 6.372708951148463], [2.4313552165261436, 6.373070811108659], [2.4299089334083956, 6.373070811108659], [2.430451289577551, 6.371804301247976], [2.4309936457467063, 6.371442441287781], [2.4309936457467063, 6.370175931427096], [2.430270504187833, 6.369814071466901], [2.4300897187981145, 6.370356861407194], [2.4295473626289588, 6.370356861407194], [2.4293665772392403, 6.369633141486803], [2.428824221070085, 6.369452211506705], [2.428824221070085, 6.36909035154651], [2.428462650290648, 6.36909035154651], [2.427920294121493, 6.368366631626119], [2.4271971525626195, 6.368547561606217]]]}, "properties": {"name": "Jéricho-Sud", "commune": "COTONOU", "confidence": "HIGH", "area_m2": 212800.0, "perimeter_m": 3680.0, "road_length_m": 1678.4, "n_road_vertices": 40, "avg_dist_to_road_m": 54.7, "pct_area_near_road": 86.8, "color": "#3ed45a", "neighbours": ["Aïdjèdo-Vignon", "Dantôkpa", "Hindé-Sud", "Jéricho-Nord", "Nouveau-Pont", "Sèdami", "Sèdjro-Saint-Michel"], "n_neighbours": 7, "manual_review_reasons": []}}, {"type": "Feature", "geometry": {"type": "Polygon", "coordinates": [[[2.3154717817166226, 6.567751469693747], [2.3140254985988755, 6.568656119594236], [2.312940786260565, 6.568475189614138], [2.3123984300914096, 6.569560769494724], [2.3120368593119722, 6.568837049574333], [2.311313717753099, 6.568475189614138], [2.3111329323633805, 6.569560769494724], [2.310590576194225, 6.570103559435017], [2.3102290054147883, 6.571370069295701], [2.3075172245690116, 6.572093789216091], [2.3069748683998563, 6.572636579156384], [2.306794083010138, 6.573360299076776], [2.3133023570400018, 6.576617038718534], [2.317362187710569, 6.581502148181171], [2.317641206393244, 6.581502148181171], [2.3178219917829623, 6.580416568300585], [2.3194490602904283, 6.580235638320487], [2.3216184849670496, 6.5778835485792175], [2.3219800557464865, 6.578064478559315], [2.322522411915642, 6.577521688619022], [2.323064768084797, 6.5746268089374595], [2.3239686950333893, 6.574264948977264], [2.324691836592263, 6.5735412290568735], [2.324330265812826, 6.572817509136482], [2.324330265812826, 6.57227471919619], [2.324691836592263, 6.571731929255896], [2.324330265812826, 6.571550999275798], [2.3239686950333893, 6.570646349375311], [2.324691836592263, 6.570103559435018], [2.3248726219819815, 6.569379839514626], [2.323787909643671, 6.568837049574333], [2.3232455534745156, 6.568113329653943], [2.322522411915642, 6.567932399673845], [2.3219800557464865, 6.567389609733552], [2.3208953434081763, 6.567932399673845], [2.3208953434081763, 6.569017979554431], [2.3205337726287394, 6.569379839514626], [2.3189067041212734, 6.569560769494724], [2.3189067041212734, 6.569741699474822], [2.317641206393244, 6.569741699474822], [2.317641206393244, 6.569198909534529], [2.317279635613807, 6.568656119594236], [2.3167372794446517, 6.568656119594236], [2.315652567106341, 6.568113329653943], [2.3154717817166226, 6.567751469693747]]]}, "properties": {"name": "Golo-Fanto", "commune": "ABOMEY-CALAVI", "confidence": "HIGH", "area_m2": 1692608.4, "perimeter_m": 7770.5, "road_length_m": 11895.5, "n_road_vertices": 712, "avg_dist_to_road_m": 74.0, "pct_area_near_road": 72.4, "color": "#4fd178", "neighbours": ["Adjogansa", "Espace-Saint", "Gbodjoko", "Lohoussa", "Yèkon-Do"], "n_neighbours": 5, "manual_review_reasons": []}}, {"type": "Feature", "geometry": {"type": "Polygon", "coordinates": [[[2.445818047703619, 6.360405712501822], [2.4456372623139004, 6.360948502442115], [2.4452756915344636, 6.361129432422213], [2.445094906144745, 6.362034082322701], [2.4440101938064345, 6.362215012302799], [2.4440101938064345, 6.36293873222319], [2.4447333353653082, 6.363300592183386], [2.444190979196153, 6.363843382123678], [2.44455254997559, 6.364205242083874], [2.44455254997559, 6.364748032024167], [2.445094906144745, 6.364567102044069], [2.4456372623139004, 6.365109891984362], [2.445998833093337, 6.364748032024167], [2.4465411892624926, 6.364748032024167], [2.447264330821366, 6.365109891984362], [2.4474451162110844, 6.364386172063972], [2.44798747238024, 6.364205242083874], [2.4485298285493955, 6.364928962004265], [2.4488913993288324, 6.364928962004265], [2.449614540887706, 6.365652681924655], [2.4497953262774246, 6.366376401845046], [2.451060824005453, 6.366195471864948], [2.451783965564327, 6.365471751944558], [2.451783965564327, 6.364748032024166], [2.45142239478489, 6.364748032024166], [2.45142239478489, 6.363843382123679], [2.4516031801746085, 6.363843382123679], [2.4516031801746085, 6.362757802243093], [2.4519647509540454, 6.362576872262995], [2.452145536343764, 6.362034082322701], [2.451060824005453, 6.362034082322701], [2.450880038615735, 6.360948502442115], [2.450518467836298, 6.360767572462017], [2.4494337554979873, 6.360948502442115], [2.448891399328832, 6.360405712501822], [2.4474451162110844, 6.360405712501822], [2.447264330821366, 6.360043852541627], [2.4465411892624926, 6.360043852541627], [2.445818047703619, 6.360405712501822]]]}, "properties": {"name": "Ohé", "commune": "COTONOU", "confidence": "HIGH", "area_m2": 388000.0, "perimeter_m": 3759.9, "road_length_m": 4198.2, "n_road_vertices": 146, "avg_dist_to_road_m": 46.3, "pct_area_near_road": 92.9, "color": "#d64d93", "neighbours": ["Abokicodji-Centre", "Abokicodji-Lagune", "Akpakpa-Dodomè", "Sodjatinmè-Centre", "Sodjatinmè-Ouest", "Énagnon"], "n_neighbours": 6, "manual_review_reasons": []}}, {"type": "Feature", "geometry": {"type": "Polygon", "coordinates": [[[2.409118613590775, 6.358415482720748], [2.4078531158627463, 6.359139202641138], [2.4078531158627463, 6.359681992581431], [2.406949188914154, 6.359681992581431], [2.406045261965562, 6.36058664248192], [2.4067684035244357, 6.361310362402311], [2.4071299743038725, 6.361310362402311], [2.406587618134717, 6.362395942282896], [2.4071299743038725, 6.363119662203288], [2.4078531158627463, 6.362757802243093], [2.4083954720319016, 6.363300592183386], [2.4089378282010565, 6.363300592183386], [2.4105648967085225, 6.362395942282897], [2.412372750605707, 6.362034082322702], [2.413276677554299, 6.360224782521725], [2.4136382483337364, 6.360224782521725], [2.4141806045028917, 6.361129432422214], [2.414903746061765, 6.360948502442116], [2.4147229606720466, 6.360224782521724], [2.4143613898926097, 6.360043852541627], [2.4143613898926097, 6.359501062601335], [2.4147229606720466, 6.359139202641138], [2.4141806045028913, 6.358958272661041], [2.4141806045028913, 6.358596412700845], [2.4138190337234544, 6.358415482720748], [2.4132766775542995, 6.358596412700845], [2.413095892164581, 6.359139202641138], [2.4123727506057073, 6.358777342680943], [2.4123727506057073, 6.358958272661041], [2.411468823657115, 6.358958272661041], [2.4111072528776782, 6.359320132621236], [2.410384111318804, 6.358958272661041], [2.4096609697599303, 6.359139202641138], [2.409118613590775, 6.358777342680943], [2.409118613590775, 6.358415482720748]]]}, "properties": {"name": "Gbégamey-Mifongou", "commune": "COTONOU", "confidence": "HIGH", "area_m2": 309200.0, "perimeter_m": 3839.8, "road_length_m": 3186.8, "n_road_vertices": 86, "avg_dist_to_road_m": 44.2, "pct_area_near_road": 96.8, "color": "#4fd575", "neighbours": ["Cadjèhoun-Aupiais", "Cadjèhoun-Gare", "Gbèdiga-Guêdêhounguè", "Gbégamey-Ahito", "Gbégamey-Centre"], "n_neighbours": 5, "manual_review_reasons": []}}, {"type": "Feature", "geometry": {"type": "Polygon", "coordinates": [[[2.3451205856304473, 6.481628799167258], [2.3451205856304473, 6.482714379047844], [2.3440358732921367, 6.482895309027942], [2.3440358732921367, 6.48379995892843], [2.3427703755641076, 6.483619028948333], [2.342589590174389, 6.484704608828919], [2.341685663225797, 6.484523678848821], [2.341685663225797, 6.485609258729407], [2.34132409244636, 6.485971118689602], [2.34132409244636, 6.486694838609993], [2.340600950887486, 6.486694838609993], [2.340600950887486, 6.486513908629895], [2.3393354531594572, 6.486694838609993], [2.339154667769739, 6.487599488510482], [2.3395162385491757, 6.488142278450774], [2.338793096990302, 6.488323208430872], [2.3393354531594572, 6.4895897182915565], [2.339697023938894, 6.4895897182915565], [2.339697023938894, 6.490132508231849], [2.338793096990302, 6.490494368192044], [2.338793096990302, 6.491037158132338], [2.339154667769739, 6.491579948072631], [2.340058594718331, 6.4917608780527285], [2.3402393801080494, 6.492122738012924], [2.340058594718331, 6.4928464579333145], [2.340420165497768, 6.4933892478736075], [2.3402393801080494, 6.4939320378139005], [2.3407817362772048, 6.494112967793998], [2.340962521666923, 6.4950176176944865], [2.3416856632257965, 6.4950176176944865], [2.3416856632257965, 6.494836687714389], [2.342951160953826, 6.4944748277541935], [2.3431319463435445, 6.495741337614877], [2.3447590148510105, 6.495922267594975], [2.344578229461292, 6.497731567395951], [2.344216658681855, 6.497731567395951], [2.3443974440715736, 6.499540867196928], [2.345120585630447, 6.499540867196928], [2.345120585630447, 6.498998077256635], [2.346024512579039, 6.498998077256635], [2.3462052979687575, 6.497912497376049], [2.347832366476224, 6.497912497376049], [2.347832366476224, 6.498093427356147], [2.348917078814534, 6.497912497376049], [2.3490978642042526, 6.49628412755517], [2.3498210057631264, 6.49628412755517], [2.3498210057631264, 6.495741337614877], [2.3503633619322817, 6.495741337614877], [2.350544147322, 6.4950176176944865], [2.351267288880874, 6.495198547674584], [2.351267288880874, 6.494293897774096], [2.3519904304397476, 6.4944748277541935], [2.3519904304397476, 6.493751107833803], [2.3530751427780583, 6.493570177853705], [2.3530751427780583, 6.4928464579333145], [2.354159855116369, 6.4928464579333145], [2.354159855116369, 6.4912180881124355], [2.3543406405060874, 6.4912180881124355], [2.354159855116369, 6.491037158132337], [2.3543406405060874, 6.489046928351263], [2.3532559281677767, 6.489046928351263], [2.353436713557495, 6.487599488510481], [2.3523520012191845, 6.487599488510481], [2.3523520012191845, 6.486875768590091], [2.351809645050029, 6.486875768590091], [2.351809645050029, 6.4861520486697], [2.3510865034911554, 6.4861520486697], [2.3510865034911554, 6.485066468789114], [2.349640220373408, 6.485066468789114], [2.3498210057631264, 6.483980888908528], [2.348917078814534, 6.48379995892843], [2.3490978642042526, 6.483257168988137], [2.348013151865942, 6.483257168988137], [2.348013151865942, 6.481809729147356], [2.3469284395276313, 6.481809729147356], [2.3469284395276313, 6.481086009226965], [2.346205297968758, 6.481086009226965], [2.346205297968758, 6.481628799167258], [2.3451205856304473, 6.481628799167258]]]}, "properties": {"name": "Zopah-Akassato", "commune": "ABOMEY-CALAVI", "confidence": "HIGH", "area_m2": 2012400.0, "perimeter_m": 8640.1, "road_length_m": 20501.2, "n_road_vertices": 488, "avg_dist_to_road_m": 43.9, "pct_area_near_road": 96.4, "color": "#c84244", "neighbours": ["Cité-les-Palmiers\n", "Houèkè-Honou", "Zopah-Kokpo", "Zoundja\n"], "n_neighbours": 4, "manual_review_reasons": []}}, {"type": "Feature", "geometry": {"type": "Polygon", "coordinates": [[[2.415084531451484, 6.352263863397427], [2.415084531451484, 6.353168513297915], [2.4141806045028917, 6.353711303238208], [2.4141806045028917, 6.354254093178502], [2.4145421752823286, 6.354615953138698], [2.4145421752823286, 6.356063392979478], [2.4141806045028913, 6.356063392979478], [2.4138190337234544, 6.355520603039185], [2.4129151067748627, 6.355520603039185], [2.4129151067748627, 6.355701533019283], [2.412191965215989, 6.355520603039185], [2.4123727506057073, 6.356244322959576], [2.4120111798262704, 6.356606182919771], [2.4116496090468336, 6.356425252939673], [2.4116496090468336, 6.356606182919771], [2.410564896708523, 6.356606182919771], [2.410203325929086, 6.356968042879966], [2.409299398980494, 6.356968042879966], [2.408937828201057, 6.357691762800357], [2.4091186135907754, 6.358777342680944], [2.4096609697599307, 6.359139202641139], [2.4103841113188045, 6.358958272661042], [2.411107252877678, 6.359320132621237], [2.4114688236571147, 6.358958272661042], [2.412372750605707, 6.358958272661042], [2.412372750605707, 6.358777342680944], [2.4130958921645806, 6.359139202641139], [2.4134574629440175, 6.358415482720749], [2.413819033723455, 6.358415482720749], [2.4141806045028917, 6.358596412700846], [2.4141806045028917, 6.358958272661042], [2.414722960672047, 6.359139202641139], [2.41436138989261, 6.359501062601334], [2.41436138989261, 6.360043852541628], [2.414722960672047, 6.360224782521725], [2.4149037460617655, 6.360948502442116], [2.4156268876206393, 6.360767572462018], [2.4161692437897946, 6.361853152342604], [2.4167115999589495, 6.360948502442116], [2.4174347415178232, 6.360767572462018], [2.4174347415178232, 6.360405712501823], [2.418881024635571, 6.360586642481921], [2.4194233808047265, 6.361672222362507], [2.4201465223636, 6.361672222362507], [2.420688878532755, 6.361129432422214], [2.421412020091629, 6.360948502442116], [2.4215928054813474, 6.360224782521725], [2.422315947040221, 6.359681992581432], [2.421412020091629, 6.357872692780456], [2.4228583032093765, 6.35751083282026], [2.422677517819658, 6.356968042879967], [2.4232198739888133, 6.356063392979478], [2.422135161650503, 6.356244322959576], [2.422135161650503, 6.356787112899869], [2.4215928054813474, 6.356968042879966], [2.4212312347019105, 6.356787112899869], [2.4212312347019105, 6.35588246299938], [2.4196041661944445, 6.355701533019283], [2.4196041661944445, 6.354977813098892], [2.4188810246355708, 6.354073163198404], [2.4183386684664154, 6.354073163198404], [2.4179770976869785, 6.353530373258111], [2.416892385348668, 6.353530373258111], [2.4158076730103573, 6.352987583317818], [2.415626887620639, 6.352263863397427], [2.415084531451484, 6.352263863397427]]]}, "properties": {"name": "Gbèdiga-Guêdêhounguè", "commune": "COTONOU", "confidence": "HIGH", "area_m2": 795200.0, "perimeter_m": 6759.8, "road_length_m": 7518.5, "n_road_vertices": 222, "avg_dist_to_road_m": 45.7, "pct_area_near_road": 95.4, "color": "#abc93d", "neighbours": ["Ahouanlèko", "Cadjèhoun-Aupiais", "Gbégamey-Centre", "Gbégamey-Mifongou", "Gbéto", "Todoté", "Zongo-Ehuzu", "Zongo-Nima"], "n_neighbours": 8, "manual_review_reasons": []}}, {"type": "Feature", "geometry": {"type": "Polygon", "coordinates": [[[2.427377937952338, 6.365290821964459], [2.4271971525626195, 6.36601454188485], [2.4264740110037457, 6.366376401845045], [2.4264740110037457, 6.366738261805241], [2.4268355817831826, 6.366738261805241], [2.427377937952338, 6.367281051745534], [2.4271971525626195, 6.36836663162612], [2.4279202941214932, 6.36836663162612], [2.4284626502906486, 6.369090351546511], [2.4288242210700854, 6.369090351546511], [2.4288242210700854, 6.369452211506706], [2.4295473626289588, 6.369633141486804], [2.429728148018677, 6.368728491586316], [2.430451289577551, 6.368728491586316], [2.4309936457467063, 6.36836663162612], [2.4309936457467063, 6.367823841685827], [2.4315360019158616, 6.366738261805241], [2.432078358085017, 6.366376401845046], [2.432078358085017, 6.365833611904752], [2.4315360019158616, 6.365652681924654], [2.4306320749672694, 6.364748032024166], [2.429908933408396, 6.365471751944557], [2.4297281480186776, 6.36601454188485], [2.429185791849522, 6.36601454188485], [2.4290050064598034, 6.365652681924654], [2.4282818649009297, 6.365471751944557], [2.4281010795112112, 6.364928962004264], [2.427377937952338, 6.365290821964459]]]}, "properties": {"name": "Sèdjro-Saint-Michel", "commune": "COTONOU", "confidence": "HIGH", "area_m2": 185600.0, "perimeter_m": 2600.0, "road_length_m": 1478.0, "n_road_vertices": 42, "avg_dist_to_road_m": 47.8, "pct_area_near_road": 94.4, "color": "#dc53ca", "neighbours": ["Gbédokpo", "Jéricho-Sud", "Mifongou", "Nouveau-Pont", "Sèdami"], "n_neighbours": 5, "manual_review_reasons": []}}, {"type": "Feature", "geometry": {"type": "Polygon", "coordinates": [[[2.24279605504981, 6.396410778541258], [2.2429768404395283, 6.398401008322332], [2.241711342711499, 6.398943798262625], [2.242072913490936, 6.399848448163113], [2.2415305573217807, 6.400029378143211], [2.2418921281012176, 6.400391238103407], [2.241711342711499, 6.400753098063602], [2.2418921281012176, 6.401838677944188], [2.2415305573217807, 6.401838677944188], [2.2413497719320623, 6.402200537904384], [2.2415305573217807, 6.4023814678844815], [2.242072913490936, 6.402200537904384], [2.242072913490936, 6.402924257824774], [2.2413497719320623, 6.403286117784969], [2.2409882011526254, 6.4040098377053605], [2.241168986542344, 6.4040098377053605], [2.241168986542344, 6.4050954175859465], [2.2415305573217807, 6.4050954175859465], [2.241711342711499, 6.405819137506337], [2.242072913490936, 6.406000067486435], [2.2422536988806545, 6.407628437307314], [2.2435191966086836, 6.407628437307314], [2.243338411218965, 6.4099805270485835], [2.2435191966086836, 6.4099805270485835], [2.243699981998402, 6.4110661069291695], [2.2442423381675574, 6.4116088968694624], [2.244061552777839, 6.411970756829657], [2.2435191966086836, 6.412151686809755], [2.2435191966086836, 6.412513546769951], [2.2438807673881205, 6.413056336710244], [2.2442423381675574, 6.413056336710244], [2.244423123557276, 6.413960986610732], [2.2447846943367127, 6.413960986610732], [2.2455078358955864, 6.414684706531123], [2.245327050505868, 6.415770286411708], [2.244965479726431, 6.4159512163918055], [2.244965479726431, 6.416674936312197], [2.2451462651161496, 6.416674936312197], [2.245327050505868, 6.417579586212685], [2.245869406675023, 6.41721772625249], [2.2464117628441787, 6.41721772625249], [2.24623097745446, 6.418665166093271], [2.247496475182489, 6.418665166093271], [2.2478580459619257, 6.418303306133076], [2.2478580459619257, 6.417760516192782], [2.2473156897927704, 6.41721772625249], [2.249123543689955, 6.416674936312197], [2.2489427583002364, 6.415770286411709], [2.24966589985911, 6.415951216391806], [2.250027470638547, 6.415408426451513], [2.250569826807703, 6.415770286411709], [2.2509313975871392, 6.415589356431611], [2.25201610992545, 6.415770286411709], [2.2521968953151683, 6.415408426451513], [2.252920036874042, 6.415408426451513], [2.2531008222637605, 6.414684706531123], [2.2538239638226347, 6.414684706531123], [2.2538239638226347, 6.415046566491318], [2.2545471053815085, 6.415227496471416], [2.25436631999179, 6.415589356431611], [2.254727890771227, 6.415770286411709], [2.255270246940382, 6.415589356431611], [2.255270246940382, 6.41486563651122], [2.2556318177198187, 6.41486563651122], [2.2559933884992556, 6.414322846570927], [2.255812603109537, 6.413780056630634], [2.2559933884992556, 6.413780056630634], [2.256174173888974, 6.412875406730146], [2.259066740124469, 6.413056336710244], [2.2592475255141875, 6.4121516868097554], [2.260332237852498, 6.412332616789853], [2.2605130232422166, 6.411970756829658], [2.260874594021654, 6.411970756829658], [2.261236164801091, 6.4126944767500484], [2.2623208771394014, 6.4126944767500484], [2.26250166252912, 6.413237266690341], [2.2630440186982748, 6.413237266690341], [2.2630440186982748, 6.412875406730146], [2.2634055894777116, 6.412875406730146], [2.263224804087993, 6.41251354676995], [2.2634055894777116, 6.411789826849559], [2.2628632333085563, 6.411608896869462], [2.261959306359964, 6.40943773710829], [2.261416950190809, 6.408894947167997], [2.261055379411372, 6.408894947167997], [2.261055379411372, 6.4083521572277045], [2.2615977355805272, 6.407990297267509], [2.2617785209702457, 6.4072665773471185], [2.2621400917496826, 6.4072665773471185], [2.2621400917496826, 6.406904717386922], [2.2612361648010904, 6.406361927446629], [2.2612361648010904, 6.405457277546142], [2.261416950190809, 6.4050954175859465], [2.261959306359964, 6.404914487605849], [2.261959306359964, 6.404552627645653], [2.2617785209702457, 6.404552627645653], [2.2617785209702457, 6.40400983770536], [2.261416950190809, 6.403828907725262], [2.2612361648010904, 6.402924257824774], [2.2601514524627797, 6.402743327844676], [2.260332237852498, 6.402019607924285], [2.259428310903906, 6.402019607924285], [2.259428310903906, 6.400934028043699], [2.259066740124469, 6.400753098063602], [2.259066740124469, 6.399848448163113], [2.258705169345032, 6.399486588202918], [2.258705169345032, 6.398943798262626], [2.2588859547347506, 6.398943798262626], [2.258705169345032, 6.398220078342235], [2.259066740124469, 6.39785821838204], [2.259066740124469, 6.397315428441746], [2.258705169345032, 6.397134498461648], [2.2579820277861584, 6.395687058620867], [2.2578012423964404, 6.395867988600965], [2.251835324535732, 6.395687058620867], [2.251835324535732, 6.395867988600965], [2.2507506121974212, 6.395867988600965], [2.250569826807703, 6.39622984856116], [2.249846685248829, 6.396591708521355], [2.2480388313516446, 6.396953568481551], [2.2480388313516446, 6.397134498461648], [2.2471349044030524, 6.397134498461648], [2.2471349044030524, 6.397315428441746], [2.2460501920647413, 6.397315428441746], [2.2456886212853044, 6.396953568481551], [2.2440615527778385, 6.396772638501453], [2.2433384112189647, 6.396410778541258], [2.24279605504981, 6.396410778541258]]]}, "properties": {"name": "Akossavié", "commune": "ABOMEY-CALAVI", "confidence": "HIGH", "area_m2": 4152800.0, "perimeter_m": 12799.9, "road_length_m": 45068.3, "n_road_vertices": 2544, "avg_dist_to_road_m": 31.5, "pct_area_near_road": 97.6, "color": "#d5ad4f", "neighbours": ["Adovié", "Cococodji", "Houinmè-Daho", "Hounzévié\n", "Sogan"], "n_neighbours": 5, "manual_review_reasons": []}}, {"type": "Feature", "geometry": {"type": "MultiPolygon", "coordinates": [[[[2.2409882011526254, 6.468782770580324], [2.238276420306849, 6.474029740003156], [2.237553278747975, 6.4765627597245246], [2.2380956349171304, 6.477467409625013], [2.2380956349171304, 6.4781911295454035], [2.238276420306849, 6.4781911295454035], [2.2386379910862857, 6.4798194993662825], [2.238818776476004, 6.4798194993662825], [2.238818776476004, 6.4803622893065755], [2.239541918034878, 6.4814478691871615], [2.2402650595937517, 6.481809729147357], [2.24279605504981, 6.481628799167259], [2.243338411218965, 6.483799958928431], [2.2435191966086836, 6.483799958928431], [2.2435191966086836, 6.485428328749309], [2.24279605504981, 6.486513908629895], [2.24279605504981, 6.487056698570188], [2.242072913490936, 6.487780418490579], [2.2399034888143143, 6.487237628550286], [2.2388187764760037, 6.4861520486697], [2.238457205696567, 6.4861520486697], [2.237734064137693, 6.485247398769212], [2.237372493358256, 6.485247398769212], [2.237372493358256, 6.484885538809016], [2.2370109225788193, 6.484885538809016], [2.236468566409664, 6.484161818888626], [2.23574542485079, 6.48379995892843], [2.2341183563433247, 6.483619028948333], [2.2341183563433247, 6.48379995892843], [2.2335760001741694, 6.48379995892843], [2.2335760001741694, 6.4863329786497985], [2.2339375709536062, 6.486875768590091], [2.2335760001741694, 6.486875768590091], [2.2332144293947325, 6.487418558530384], [2.2328528586152956, 6.487418558530384], [2.2324912878358587, 6.487961348470677], [2.232129717056422, 6.487961348470677], [2.231768146276985, 6.48850413841097], [2.231406575497548, 6.48850413841097], [2.230502648548956, 6.489408788311458], [2.229417936210645, 6.489408788311458], [2.2290563654312083, 6.489831385731457], [2.231802, 6.495772999999569], [2.235763658637629, 6.500264587117319], [2.242434484270373, 6.506054346480444], [2.24623097745446, 6.510939455943081], [2.2480388313516446, 6.515134678809332], [2.251112182976858, 6.520709674868355], [2.254572, 6.53393699999957], [2.2550894615506634, 6.535184073276168], [2.2550894615506634, 6.5340984933955815], [2.254908676160945, 6.5340984933955815], [2.2550894615506634, 6.533012913514996], [2.2568973154478478, 6.53120361371402], [2.2576204570067215, 6.527946874072262], [2.257982027786159, 6.527946874072262], [2.2581628131758773, 6.528308734032457], [2.259609096293625, 6.529032453952848], [2.2599706670730617, 6.529575243893141], [2.2610553794113724, 6.530118033833434], [2.2615977355805277, 6.530118033833434], [2.2615977355805277, 6.530298963813531], [2.2625016625291194, 6.530298963813531], [2.2630440186982748, 6.529937103853336], [2.264309516426304, 6.529756173873238], [2.2646710872057407, 6.529394313913043], [2.2661173703234883, 6.529213383932945], [2.2666597264926436, 6.52885152397275], [2.2666597264926436, 6.527946874072262], [2.266840511882362, 6.527946874072262], [2.266840511882362, 6.525775714311089], [2.2646710872057407, 6.52414734449021], [2.2646710872057407, 6.523604554549917], [2.2641287310365854, 6.522518974669331], [2.2637671602571485, 6.522518974669331], [2.263224804087993, 6.5216143247688425], [2.2634055894777116, 6.520709674868355], [2.264851872595459, 6.518176655146988], [2.2644903018160223, 6.517091075266402], [2.2650326579851776, 6.516729215306206], [2.2650326579851776, 6.516367355346011], [2.2653942287646145, 6.516186425365913], [2.2653942287646145, 6.515824565405718], [2.26593658493377, 6.515462705445523], [2.26593658493377, 6.515100845485327], [2.266478941102925, 6.514738985525132], [2.266840511882362, 6.514015265604741], [2.266478941102925, 6.5129296857241545], [2.2653942287646145, 6.5118441058435685], [2.2650326579851776, 6.5118441058435685], [2.264851872595459, 6.511482245883373], [2.263947945646867, 6.511482245883373], [2.263224804087993, 6.510577595982885], [2.2634055894777116, 6.510034806042593], [2.263947945646867, 6.509672946082397], [2.263947945646867, 6.509311086122202], [2.264309516426304, 6.509130156142104], [2.264309516426304, 6.508768296181909], [2.265213443374896, 6.507863646281421], [2.265213443374896, 6.5075017863212254], [2.265575014154333, 6.507320856341128], [2.265575014154333, 6.506778066400834], [2.264851872595459, 6.506235276460541], [2.2644903018160223, 6.50551155654015], [2.2630440186982748, 6.505330626560053], [2.261959306359964, 6.50478783661976], [2.258705169345032, 6.501169237017806], [2.2605130232422166, 6.498455287316341], [2.2596090962936244, 6.497550637415853], [2.2592475255141875, 6.497550637415853], [2.2588859547347506, 6.49700784747556], [2.256535744668411, 6.496465057535267], [2.2556318177198187, 6.495560407634779], [2.255812603109537, 6.493751107833803], [2.2572588862272847, 6.4923036679930215], [2.2588859547347506, 6.492665527953217], [2.2605130232422166, 6.4917608780527285], [2.259428310903906, 6.489589718291556], [2.259789881683343, 6.4890469283512635], [2.2601514524627797, 6.4890469283512635], [2.2599706670730613, 6.488142278450774], [2.2579820277861584, 6.488142278450774], [2.25780124239644, 6.487780418490579], [2.257439671617003, 6.487780418490579], [2.257439671617003, 6.4863329786497985], [2.2576204570067215, 6.485971118689603], [2.2579820277861584, 6.485971118689603], [2.2583435985655953, 6.484523678848822], [2.258705169345032, 6.484523678848822], [2.2588859547347506, 6.484161818888626], [2.2572588862272847, 6.483257168988137], [2.256535744668411, 6.483257168988137], [2.2567165300581293, 6.48235251908765], [2.2568973154478478, 6.48235251908765], [2.2568973154478478, 6.481086009226966], [2.257078100837566, 6.481086009226966], [2.257439671617003, 6.4798194993662825], [2.2585243839553137, 6.479638569386185], [2.2583435985655953, 6.477829269585208], [2.259066740124469, 6.477286479644915], [2.259066740124469, 6.476562759724524], [2.258705169345032, 6.476200899764328], [2.2581628131758773, 6.476200899764328], [2.2578012423964404, 6.476924619684719], [2.257439671617003, 6.476924619684719], [2.2568973154478478, 6.476200899764328], [2.2558126031095376, 6.476381829744426], [2.2558126031095376, 6.476562759724524], [2.254185534602071, 6.476562759724524], [2.254185534602071, 6.475115319883743], [2.254908676160945, 6.473667880042961], [2.2540047492123527, 6.472582300162375], [2.2540047492123527, 6.471496720281789], [2.2538239638226343, 6.471496720281789], [2.2534623930431974, 6.470230210421105], [2.2525584660946056, 6.470049280441008], [2.251112182976858, 6.470773000361398], [2.2507506121974212, 6.471315790301691], [2.250569826807703, 6.472582300162375], [2.2500274706385475, 6.473125090102668], [2.248761972910518, 6.473306020082766], [2.2482196167413626, 6.472763230142473], [2.2465925482338966, 6.472039510222082], [2.246773333623615, 6.471134860321595], [2.2469541190133335, 6.471134860321595], [2.2469541190133335, 6.470230210421105], [2.246411762844178, 6.469144630540519], [2.245869406675023, 6.468782770580324], [2.244965479726431, 6.468782770580324], [2.2442423381675574, 6.469144630540519], [2.242615269660091, 6.468963700560422], [2.242615269660091, 6.468782770580324], [2.2409882011526254, 6.468782770580324]]], [[[2.255202886925287, 6.535907793196559], [2.255270246940382, 6.535545933236363], [2.255089461550664, 6.535545933236363], [2.255202886925287, 6.535907793196559]]], [[[2.2553766439065024, 6.536450583136852], [2.2554510323301002, 6.5362696531567535], [2.255318724912764, 6.5362696531567535], [2.2553766439065024, 6.536450583136852]]], [[[2.2554510323301007, 6.536631513116949], [2.2555504008877176, 6.536993373077145], [2.2556318177198187, 6.536993373077145], [2.2556318177198187, 6.536631513116949], [2.2554510323301007, 6.536631513116949]]], [[[2.255631817719819, 6.537174303057242], [2.255724157868933, 6.537536163017438], [2.255812603109537, 6.537536163017438], [2.255812603109537, 6.537174303057242], [2.255631817719819, 6.537174303057242]]], [[[2.2558126031095376, 6.537536163017437], [2.257495, 6.543067999999571], [2.257953641534962, 6.543868712320856], [2.259066740124469, 6.543085838349076], [2.259066740124469, 6.542602202460172], [2.25780124239644, 6.541335692599488], [2.2568973154478478, 6.538802672878121], [2.2558126031095376, 6.537536163017437]]]]}, "properties": {"name": "Dassèkomey", "commune": "ABOMEY-CALAVI", "confidence": "MEDIUM", "area_m2": 14131687.6, "perimeter_m": 32421.7, "road_length_m": 42678.0, "n_road_vertices": 1958, "avg_dist_to_road_m": 173.6, "pct_area_near_road": 39.2, "color": "#d13bc2", "neighbours": ["Adjamè\n", "Dessato\n", "Dossounou", "Kpossidja", "Ouèdo", "Zoungo"], "n_neighbours": 6, "manual_review_reasons": []}}, {"type": "Feature", "geometry": {"type": "Polygon", "coordinates": [[[2.314567854768031, 6.554181721186422], [2.3143870693783124, 6.556352880947594], [2.313844713209157, 6.55671474090779], [2.3136639278194386, 6.557438460828181], [2.3147486401577493, 6.557619390808279], [2.3152909963269046, 6.558162180748572], [2.31583335249606, 6.558162180748572], [2.316194923275497, 6.55979055056945], [2.315110210937186, 6.559971480549548], [2.314567854768031, 6.560695200469938], [2.314206283988594, 6.560695200469938], [2.3136639278194386, 6.561237990410231], [2.3136639278194386, 6.561780780350525], [2.3149294255474677, 6.562504500270916], [2.3147486401577493, 6.563771010131599], [2.31348314242972, 6.564132870091794], [2.3131215716502833, 6.564675660032087], [2.312398430091409, 6.564313800071892], [2.3114945031428173, 6.564675660032087], [2.311675288532536, 6.565761239912673], [2.3107713615839436, 6.566304029852966], [2.310952146973662, 6.56684681979326], [2.311675288532536, 6.567027749773358], [2.311675288532536, 6.56757053971365], [2.311313717753099, 6.56757053971365], [2.3111329323633805, 6.568475189614139], [2.311675288532536, 6.568475189614139], [2.312398430091409, 6.569560769494725], [2.3129407862605644, 6.568475189614139], [2.314025498598875, 6.568656119594237], [2.315471781716623, 6.567751469693748], [2.3156525671063415, 6.568113329653944], [2.316737279444652, 6.568656119594237], [2.3172796356138075, 6.568656119594237], [2.3176412063932443, 6.56919890953453], [2.3176412063932443, 6.569741699474823], [2.318906704121273, 6.569741699474823], [2.318906704121273, 6.569560769494725], [2.320533772628739, 6.569379839514627], [2.320895343408176, 6.569017979554432], [2.320895343408176, 6.567932399673846], [2.321980055746487, 6.567389609733553], [2.3225224119156422, 6.567932399673846], [2.323245553474516, 6.568113329653944], [2.3243302658128266, 6.56919890953453], [2.3250534073717, 6.569379839514627], [2.3257765489305737, 6.568656119594237], [2.3257765489305737, 6.567389609733552], [2.324691836592263, 6.566665889813161], [2.3241494804231078, 6.566665889813161], [2.3239686950333893, 6.566304029852966], [2.3232455534745156, 6.565942169892771], [2.321980055746487, 6.565942169892771], [2.321980055746487, 6.566123099872868], [2.3212569141876127, 6.565942169892771], [2.3212569141876127, 6.564856590012186], [2.321437699577331, 6.56449473005199], [2.3232455534745156, 6.564313800071893], [2.3236071242539524, 6.563951940111697], [2.3252341927614184, 6.56449473005199], [2.3252341927614184, 6.563951940111697], [2.325414978151137, 6.563951940111697], [2.325414978151137, 6.563590080151501], [2.3250534073717, 6.563409150171403], [2.3252341927614184, 6.562142640310721], [2.325957334320292, 6.562142640310721], [2.3264996904894475, 6.561780780350525], [2.326318905099729, 6.559247760629158], [2.327042046658603, 6.559428690609256], [2.327584402827758, 6.55834311072867], [2.3283075443866323, 6.558885900668963], [2.329211471335224, 6.558704970688865], [2.3290306859455057, 6.555991020987399], [2.3272228320483217, 6.555629161027204], [2.326499690489448, 6.556352880947594], [2.3257765489305737, 6.556352880947594], [2.3252341927614184, 6.555991020987399], [2.324691836592263, 6.556171950967497], [2.324691836592263, 6.555448231047107], [2.3252341927614184, 6.555267301067009], [2.3252341927614184, 6.554543581146618], [2.3237879096436713, 6.554181721186422], [2.3234263388642344, 6.555086371086911], [2.3223416265259234, 6.554905441106813], [2.321980055746487, 6.554543581146618], [2.321256914187613, 6.555991020987399], [2.3201722018493025, 6.555629161027204], [2.3192682749007103, 6.55671474090779], [2.3189067041212734, 6.557981250768473], [2.318545133341836, 6.557981250768473], [2.316375708665215, 6.556352880947594], [2.3161949232754964, 6.554905441106813], [2.315652567106341, 6.55436265116652], [2.315290996326904, 6.55436265116652], [2.3151102109371857, 6.554000791206325], [2.314567854768031, 6.554181721186422]]]}, "properties": {"name": "Yèkon-Do", "commune": "ABOMEY-CALAVI", "confidence": "HIGH", "area_m2": 1954800.0, "perimeter_m": 12319.9, "road_length_m": 10712.2, "n_road_vertices": 678, "avg_dist_to_road_m": 57.0, "pct_area_near_road": 85.2, "color": "#85ce4d", "neighbours": ["Agonkèssa", "Azonsa", "Espace-Saint", "Golo-Fanto", "Lohoussa", "Yêkon-Aga"], "n_neighbours": 6, "manual_review_reasons": []}}, {"type": "Feature", "geometry": {"type": "MultiPolygon", "coordinates": [[[[2.3865204398759703, 6.36366245214358], [2.3865204398759703, 6.364205242083874], [2.387243581434844, 6.364205242083874], [2.387243581434844, 6.364748032024167], [2.387605152214281, 6.36529082196446], [2.387605152214281, 6.365652681924654], [2.387243581434844, 6.365652681924654], [2.387243581434844, 6.366376401845045], [2.3867012252656887, 6.366376401845045], [2.3870627960451256, 6.366919191785339], [2.3877859376039994, 6.366919191785339], [2.3874243668245625, 6.369271281526609], [2.387605152214281, 6.369452211506706], [2.389051435332028, 6.369271281526609], [2.389413006111465, 6.36836663162612], [2.38995536228062, 6.368185701646023], [2.389774576890902, 6.368004771665924], [2.38995536228062, 6.367100121765436], [2.3895937915011833, 6.366919191785338], [2.38995536228062, 6.366195471864947], [2.3895937915011833, 6.365471751944557], [2.389051435332028, 6.365290821964459], [2.389051435332028, 6.364928962004264], [2.388689864552591, 6.364748032024166], [2.3885090791628727, 6.364024312103775], [2.3876051522142805, 6.364386172063971], [2.3879667229937174, 6.363481522163482], [2.3874243668245625, 6.363481522163482], [2.387243581434844, 6.363843382123678], [2.3868820106554067, 6.363481522163482], [2.3865204398759703, 6.36366245214358]]], [[[2.430270504187833, 6.362034082322701], [2.4300897187981145, 6.362757802243093], [2.4304512895775514, 6.363119662203288], [2.431174431136425, 6.362757802243093], [2.433163070423328, 6.364386172063972], [2.4335246412027645, 6.364386172063972], [2.4338862119822013, 6.363300592183386], [2.4344285681513567, 6.363119662203288], [2.4344285681513567, 6.362757802243092], [2.4335246412027645, 6.362034082322701], [2.433705426592483, 6.36131036240231], [2.4331630704233276, 6.360767572462017], [2.4328014996438907, 6.360767572462017], [2.432439928864454, 6.360224782521724], [2.4317167873055805, 6.360405712501822], [2.4309936457467067, 6.361129432422213], [2.4309936457467067, 6.361491292382408], [2.430270504187833, 6.362034082322701]]]]}, "properties": {"name": "Missité", "commune": "COTONOU", "confidence": "HIGH", "area_m2": 255200.0, "perimeter_m": 4720.1, "road_length_m": 2832.0, "n_road_vertices": 88, "avg_dist_to_road_m": 38.3, "pct_area_near_road": 99.4, "color": "#d43e52", "neighbours": ["Avlékété-Joncquet", "Aïbatin-Dodo", "Dota", "Gbèdégbé", "Gbédokpo", "Houénoussou", "Missèbô"], "n_neighbours": 7, "manual_review_reasons": []}}, {"type": "Feature", "geometry": {"type": "Polygon", "coordinates": [[[2.4055029057964066, 6.374880110909635], [2.4055029057964066, 6.375784760810124], [2.4049605496272513, 6.376689410710613], [2.406045261965562, 6.3775940606111], [2.4049605496272513, 6.378860570471784], [2.4049605496272513, 6.379403360412078], [2.4055029057964066, 6.379584290392176], [2.4058644765758435, 6.380127080332469], [2.4065876181347168, 6.380308010312566], [2.407129974303872, 6.379765220372273], [2.407129974303872, 6.379403360412078], [2.4076723304730274, 6.379041500451883], [2.407853115862746, 6.378136850551394], [2.4082146866421827, 6.377774990591199], [2.409480184370212, 6.378317780531492], [2.410022540539367, 6.377232200650905], [2.409480184370212, 6.377051270670807], [2.408757042811338, 6.376146620770319], [2.408395472031901, 6.376146620770319], [2.4076723304730274, 6.375422900849928], [2.4076723304730274, 6.375061040889733], [2.4073107596935905, 6.374880110909635], [2.40622604735528, 6.375061040889733], [2.405864476575843, 6.374699180929538], [2.4055029057964066, 6.374880110909635]]]}, "properties": {"name": "Agontinkon", "commune": "COTONOU", "confidence": "HIGH", "area_m2": 185600.0, "perimeter_m": 2760.0, "road_length_m": 1407.1, "n_road_vertices": 28, "avg_dist_to_road_m": 58.0, "pct_area_near_road": 88.6, "color": "#db5a43", "neighbours": ["Agbondjèdo", "Gbégamey-Gbagoudo", "Houéhoun", "Houénoussou-Sainte-Rita", "Vodjè-Ayidoté"], "n_neighbours": 5, "manual_review_reasons": []}}, {"type": "Feature", "geometry": {"type": "Polygon", "coordinates": [[[2.298658740472808, 6.46444045105798], [2.2984779550830896, 6.464802311018175], [2.2979355989139343, 6.464983240998273], [2.297754813524216, 6.465526030938566], [2.2964893157961868, 6.465345100958468], [2.2959469596270314, 6.466249750858957], [2.295585388847594, 6.466249750858957], [2.295043032678439, 6.465345100958468], [2.2943198911195655, 6.465345100958468], [2.2939583203401286, 6.466430680839054], [2.2934159641709733, 6.466611610819152], [2.2930543933915364, 6.467154400759445], [2.2926928226120995, 6.467154400759445], [2.292512037222381, 6.46751626071964], [2.2926928226120995, 6.468782770580324], [2.2923312518326626, 6.468782770580324], [2.292150466442944, 6.470049280441008], [2.2914273248840704, 6.470230210421105], [2.2914273248840704, 6.470953930341497], [2.2919696810532257, 6.470953930341497], [2.292150466442944, 6.471677650261888], [2.2925120372223806, 6.471677650261888], [2.292692822612099, 6.471315790301692], [2.294500676509284, 6.47149672028179], [2.294500676509284, 6.472763230142473], [2.2939583203401286, 6.47294416012257], [2.2935967495606917, 6.473486950062863], [2.293235178781255, 6.473486950062863], [2.2930543933915364, 6.47384881002306], [2.2935967495606917, 6.474029740003157], [2.2935967495606917, 6.474391599963353], [2.2950430326784392, 6.474391599963353], [2.2950430326784392, 6.475115319883743], [2.295404603457876, 6.475115319883743], [2.295404603457876, 6.475839039804134], [2.29612774501675, 6.4760199697842316], [2.2963085304064683, 6.476743689704621], [2.2952238180681577, 6.47764833960511], [2.295404603457876, 6.4783720595255], [2.2950430326784392, 6.479095779445891], [2.2950430326784392, 6.479638569386185], [2.295404603457876, 6.4798194993662825], [2.295404603457876, 6.480543219286673], [2.295766174237313, 6.480543219286673], [2.2959469596270314, 6.481086009226966], [2.2964893157961863, 6.481266939207064], [2.2964893157961863, 6.480543219286673], [2.29721245735506, 6.480543219286673], [2.2979355989139343, 6.4798194993662825], [2.298297169693371, 6.480543219286673], [2.299381882031682, 6.4803622893065755], [2.2995626674214003, 6.480724149266771], [2.2999242382008367, 6.480724149266771], [2.300105023590555, 6.480181359326478], [2.300466594369992, 6.48000042934638], [2.3024552336568953, 6.48000042934638], [2.302816804436332, 6.4803622893065755], [2.3040823021643613, 6.48000042934638], [2.304443872943798, 6.480543219286673], [2.305167014502672, 6.4809050792468685], [2.305167014502672, 6.481266939207064], [2.3060709414512637, 6.481266939207064], [2.306251726840982, 6.481086009226966], [2.3060709414512637, 6.4792767094259895], [2.3086019369073223, 6.479095779445892], [2.3091442930764776, 6.479638569386185], [2.310590576194225, 6.479457639406087], [2.311313717753099, 6.48000042934638], [2.311856073922254, 6.48000042934638], [2.311856073922254, 6.479638569386185], [2.312760000870846, 6.478552989505599], [2.3142062839885935, 6.4781911295454035], [2.314387069378312, 6.477829269585208], [2.3154717817166226, 6.4776483396051106], [2.3158333524960595, 6.477286479644915], [2.3145678547680304, 6.475839039804133], [2.314025498598875, 6.475658109824035], [2.314025498598875, 6.474753459923548], [2.314387069378312, 6.47457252994345], [2.314025498598875, 6.472582300162375], [2.3131215716502833, 6.472582300162375], [2.3131215716502833, 6.47294416012257], [2.311494503142817, 6.473486950062863], [2.3113137177530985, 6.47222044020218], [2.31113293236338, 6.47222044020218], [2.31113293236338, 6.47149672028179], [2.311494503142817, 6.470953930341497], [2.3113137177530985, 6.470049280441008], [2.31113293236338, 6.470049280441008], [2.31113293236338, 6.468963700560422], [2.3105905761942247, 6.468782770580324], [2.3105905761942247, 6.468420910620129], [2.310229005414788, 6.468239980640031], [2.310229005414788, 6.467878120679836], [2.3093250784661956, 6.46679254079925], [2.3093250784661956, 6.466068820878859], [2.309144293076477, 6.466068820878859], [2.309505863855914, 6.465706960918665], [2.3093250784661956, 6.464078591097785], [2.307878795348448, 6.463716731137589], [2.3071556537895743, 6.463173941197296], [2.3071556537895743, 6.462631151257003], [2.3067940830101374, 6.462269291296808], [2.306974868399856, 6.461002781436124], [2.3062517268409826, 6.461183711416222], [2.305528585282109, 6.461907431336613], [2.3049862291129535, 6.461726501356515], [2.303901516774643, 6.462631151257003], [2.303901516774643, 6.465164170978371], [2.3031783752157686, 6.465164170978371], [2.302093662877458, 6.464078591097785], [2.301008950539148, 6.464621381038078], [2.300466594369992, 6.464621381038078], [2.2997434528111182, 6.463897661117687], [2.2992010966419634, 6.463897661117687], [2.2992010966419634, 6.464259521077882], [2.298658740472808, 6.46444045105798]]]}, "properties": {"name": "Ouéga-Tokpa", "commune": "ABOMEY-CALAVI", "confidence": "HIGH", "area_m2": 3520400.0, "perimeter_m": 12720.0, "road_length_m": 27813.9, "n_road_vertices": 1240, "avg_dist_to_road_m": 48.4, "pct_area_near_road": 90.1, "color": "#d3487b", "neighbours": ["Adjagbo-Aïdjèdo", "Ahossougbéta", "Aïfa-Calavi", "Ouéga-Agué", "Somè"], "n_neighbours": 5, "manual_review_reasons": []}}, {"type": "Feature", "geometry": {"type": "MultiPolygon", "coordinates": [[[[2.3120368593119727, 6.353892233218306], [2.3120368593119727, 6.354615953138698], [2.312579215481128, 6.354796883118795], [2.312579215481128, 6.355520603039186], [2.3127600008708464, 6.355520603039186], [2.312579215481128, 6.355701533019283], [2.3127600008708464, 6.356244322959576], [2.312217644701691, 6.356425252939673], [2.312579215481128, 6.356606182919772], [2.312579215481128, 6.357329902840162], [2.3123984300914096, 6.357329902840162], [2.3123984300914096, 6.357691762800357], [2.3120368593119727, 6.357872692780455], [2.3120368593119727, 6.35823455274065], [2.311675288532536, 6.35823455274065], [2.3111329323633805, 6.358958272661041], [2.3098674346353514, 6.359501062601334], [2.3098674346353514, 6.360586642481921], [2.31004822002507, 6.360586642481921], [2.3098674346353514, 6.362034082322702], [2.3102290054147883, 6.362395942282897], [2.3104097908045067, 6.364567102044069], [2.3134831424297198, 6.363662452143581], [2.3134831424297198, 6.363481522163483], [2.314387069378312, 6.363481522163483], [2.314387069378312, 6.363300592183386], [2.3185451333418365, 6.363300592183386], [2.3185451333418365, 6.363481522163483], [2.319629845680147, 6.363662452143581], [2.3194490602904287, 6.364205242083874], [2.3214376995773316, 6.364567102044069], [2.3217992703567685, 6.365471751944558], [2.3230647680847976, 6.366738261805241], [2.3230647680847976, 6.367100121765437], [2.324149480423108, 6.367100121765437], [2.324149480423108, 6.367281051745534], [2.3255957635408553, 6.367100121765437], [2.325957334320292, 6.366738261805241], [2.3264996904894475, 6.366738261805241], [2.328307544386632, 6.365833611904753], [2.3286691151660692, 6.366014541884851], [2.3310193252324085, 6.365833611904753], [2.33083853984269, 6.362215012302799], [2.3306577544529716, 6.362034082322702], [2.33083853984269, 6.361672222362507], [2.332104037570719, 6.361491292382409], [2.332104037570719, 6.360224782521724], [2.331561681401564, 6.359501062601334], [2.330657754452972, 6.359501062601334], [2.3301153982838168, 6.359862922561529], [2.3292114713352245, 6.359681992581431], [2.3288499005557877, 6.360043852541627], [2.326680475879166, 6.359862922561529], [2.326680475879166, 6.359681992581431], [2.325776548930574, 6.359862922561529], [2.325776548930574, 6.360043852541627], [2.3255957635408553, 6.359862922561529], [2.3232455534745156, 6.360043852541627], [2.3232455534745156, 6.35823455274065], [2.3227031973053602, 6.357872692780455], [2.322160841136205, 6.357872692780455], [2.321799270356768, 6.357148972860064], [2.321799270356768, 6.356606182919772], [2.321980055746487, 6.356606182919772], [2.321980055746487, 6.356968042879967], [2.322522411915642, 6.357148972860065], [2.3227031973053602, 6.356244322959576], [2.321799270356768, 6.356425252939673], [2.321799270356768, 6.356244322959576], [2.3212569141876127, 6.356244322959576], [2.3212569141876127, 6.35588246299938], [2.3208953434081763, 6.355701533019283], [2.320352987239021, 6.356063392979478], [2.320352987239021, 6.356606182919771], [2.319810631069865, 6.356606182919771], [2.3196298456801467, 6.356063392979478], [2.319087489510992, 6.356063392979478], [2.319087489510992, 6.356244322959576], [2.317460421003526, 6.356063392979478], [2.317460421003526, 6.356244322959576], [2.3149294255474673, 6.356425252939673], [2.3149294255474673, 6.355882462999381], [2.315652567106341, 6.355158743078991], [2.315652567106341, 6.353892233218306], [2.315290996326904, 6.353530373258111], [2.314748640157749, 6.353711303238208], [2.3149294255474673, 6.353349443278013], [2.314567854768031, 6.353349443278013], [2.3143870693783124, 6.353711303238208], [2.3136639278194386, 6.353711303238208], [2.3136639278194386, 6.354073163198404], [2.313121571650283, 6.353530373258111], [2.3120368593119727, 6.353892233218306]], [[2.327042046658603, 6.36293873222319], [2.3272228320483217, 6.36293873222319], [2.3272228320483217, 6.363481522163482], [2.327042046658603, 6.363481522163482], [2.327042046658603, 6.36293873222319]]], [[[2.311675288532536, 6.355339673059088], [2.3120368593119722, 6.355520603039186], [2.3122176447016907, 6.354977813098892], [2.311675288532536, 6.354796883118794], [2.311675288532536, 6.355339673059088]]], [[[2.3120368593119727, 6.355701533019283], [2.312398430091409, 6.356244322959577], [2.312398430091409, 6.355520603039185], [2.3120368593119727, 6.355701533019283]]], [[[2.3122176447016907, 6.357691762800358], [2.3120368593119727, 6.357510832820259], [2.3120368593119727, 6.357691762800358], [2.3122176447016907, 6.357691762800358]]]]}, "properties": {"name": "Togbin-Kpèvi", "commune": "ABOMEY-CALAVI", "confidence": "HIGH", "area_m2": 1917200.0, "perimeter_m": 10839.5, "road_length_m": 11090.0, "n_road_vertices": 430, "avg_dist_to_road_m": 96.3, "pct_area_near_road": 67.5, "color": "#d93da2", "neighbours": ["Abikouholi\n", "Dèkoungbé-Église\n", "Godomey-N'Gbèho", "Ningboto\n", "Togbin-Daho", "Togbin-Fandji"], "n_neighbours": 6, "manual_review_reasons": []}}, {"type": "Feature", "geometry": {"type": "Polygon", "coordinates": [[[2.44220233990925, 6.379041500451882], [2.441840769129813, 6.381755450153347], [2.4414791983503763, 6.381936380133444], [2.4414791983503763, 6.382479170073737], [2.441298412960658, 6.382479170073737], [2.4416599837400947, 6.383202889994129], [2.4416599837400947, 6.384288469874715], [2.442021554519531, 6.384107539894617], [2.4440101938064345, 6.384288469874715], [2.4440101938064345, 6.385193119775203], [2.445094906144745, 6.385374049755301], [2.4452756915344636, 6.385735909715496], [2.4456372623139, 6.385735909715496], [2.445998833093337, 6.385193119775203], [2.4478066869905213, 6.385193119775203], [2.4479874723802397, 6.3850121897951055], [2.4479874723802397, 6.380669870272761], [2.4474451162110844, 6.380308010312565], [2.4474451162110844, 6.379403360412077], [2.4470835454316475, 6.379041500451882], [2.446721974652211, 6.379403360412077], [2.4456372623139, 6.379403360412077], [2.4452756915344636, 6.379041500451882], [2.445094906144745, 6.379403360412077], [2.4440101938064345, 6.379403360412077], [2.4440101938064345, 6.379584290392175], [2.443106266857842, 6.379584290392175], [2.4425639106886865, 6.379041500451882], [2.44220233990925, 6.379041500451882]]]}, "properties": {"name": "Sègbèya-Sud", "commune": "COTONOU", "confidence": "HIGH", "area_m2": 416400.0, "perimeter_m": 3240.1, "road_length_m": 3649.4, "n_road_vertices": 90, "avg_dist_to_road_m": 45.7, "pct_area_near_road": 97.5, "color": "#42c8b0", "neighbours": ["Adôgléta", "Ayélawadjè-Agongbomè", "Kpankpan", "Midombo", "Sègbèya-Nord"], "n_neighbours": 5, "manual_review_reasons": []}}, {"type": "Feature", "geometry": {"type": "Polygon", "coordinates": [[[2.3279459736071955, 6.384107539894616], [2.328126758996914, 6.3844693998548125], [2.3279459736071955, 6.385193119775203], [2.3286691151660692, 6.385735909715496], [2.3286691151660692, 6.386097769675691], [2.3279459736071955, 6.386278699655788], [2.3279459736071955, 6.38700241957618], [2.3286691151660692, 6.387364279536375], [2.3288499005557877, 6.38772613949657], [2.328488329776351, 6.388268929436863], [2.3270420466586033, 6.388630789397058], [2.3270420466586033, 6.389173579337352], [2.3272228320483217, 6.389173579337352], [2.32740361743804, 6.39007822923784], [2.327765188217477, 6.39007822923784], [2.327765188217477, 6.39080194915823], [2.32740361743804, 6.39080194915823], [2.327765188217477, 6.392792178939305], [2.328488329776351, 6.394058688799989], [2.328488329776351, 6.394601478740282], [2.3288499005557877, 6.3947824087203795], [2.3288499005557877, 6.395144268680574], [2.3283075443866323, 6.395325198660672], [2.3283075443866323, 6.395687058620868], [2.329030685945506, 6.396229848561161], [2.329392256724943, 6.397677288401942], [2.3308385398426905, 6.3974963584218445], [2.3308385398426905, 6.397677288401942], [2.3335503206884667, 6.39785821838204], [2.334092676857622, 6.396772638501454], [2.334092676857622, 6.396229848561161], [2.3342734622473404, 6.396229848561161], [2.3342734622473404, 6.395687058620868], [2.334454247637059, 6.395687058620868], [2.334092676857622, 6.395506128640769], [2.3339118914679036, 6.3947824087203795], [2.3348158184164958, 6.394420548760184], [2.334454247637059, 6.3936968288397935], [2.334996603806214, 6.393334968879598], [2.3359005307548064, 6.393334968879598], [2.3359005307548064, 6.392792178939304], [2.3355389599753695, 6.39243031897911], [2.3362621015342433, 6.3920684590189145], [2.336442886923962, 6.392249388999012], [2.338250740821146, 6.3920684590189145], [2.338250740821146, 6.391344739098523], [2.3375275992622724, 6.391344739098523], [2.3375275992622724, 6.3904400891980355], [2.338250740821146, 6.390259159217938], [2.3380699554314277, 6.388630789397059], [2.3384315262108646, 6.388268929436863], [2.337708384651991, 6.388087999456765], [2.3380699554314277, 6.387364279536374], [2.3375275992622724, 6.387002419576179], [2.3375275992622724, 6.3866405596159845], [2.338250740821146, 6.386459629635887], [2.337708384651991, 6.3855549797353985], [2.3384315262108646, 6.385374049755301], [2.338612311600583, 6.385012189795105], [2.3384315262108646, 6.384831259815007], [2.337708384651991, 6.385012189795105], [2.3375275992622724, 6.384831259815007], [2.337708384651991, 6.384288469874714], [2.336081316144525, 6.384107539894616], [2.3359005307548064, 6.383745679934421], [2.336081316144525, 6.383383819974226], [2.335358174585651, 6.383202889994128], [2.3348158184164958, 6.382117310113542], [2.3328271791295934, 6.382660100053835], [2.3331887499090302, 6.383202889994128], [2.3326463937398745, 6.383202889994128], [2.3324656083501565, 6.382841030033933], [2.3324656083501565, 6.38302196001403], [2.331923252181001, 6.38302196001403], [2.3317424667912827, 6.383383819974226], [2.3312001106221274, 6.383383819974226], [2.3308385398426905, 6.383926609914519], [2.3299346128940983, 6.383926609914519], [2.32975382750438, 6.384288469874714], [2.3290306859455057, 6.383745679934421], [2.328488329776351, 6.383745679934421], [2.3283075443866323, 6.384107539894616], [2.3279459736071955, 6.384107539894616]]]}, "properties": {"name": "Ounvènoumèdé\n", "commune": "ABOMEY-CALAVI", "confidence": "HIGH", "area_m2": 1482000.0, "perimeter_m": 8039.8, "road_length_m": 19578.1, "n_road_vertices": 722, "avg_dist_to_road_m": 34.0, "pct_area_near_road": 96.2, "color": "#7dcf46", "neighbours": ["Atrokpo-Codji", "Aïmèvo\n", "Dèkoungbé\n", "Dénou\n", "Hounsa-Agbodokpa\n", "Nonhouénou\n", "Salamey"], "n_neighbours": 7, "manual_review_reasons": []}}, {"type": "Feature", "geometry": {"type": "Polygon", "coordinates": [[[2.343131946343544, 6.557981250768473], [2.3418664486155154, 6.559066830649059], [2.3418664486155154, 6.55979055056945], [2.3415048778360785, 6.560152410529645], [2.340420165497768, 6.560333340509743], [2.339697023938894, 6.561057060430134], [2.3395162385491757, 6.562866360231111], [2.342228019394952, 6.562685430251014], [2.343493517122981, 6.561961710330623], [2.3440358732921367, 6.561961710330623], [2.344216658681855, 6.562323570290818], [2.3447590148510105, 6.562504500270916], [2.3447590148510105, 6.562866360231111], [2.3454821564098842, 6.563590080151501], [2.344939800240729, 6.563951940111696], [2.344578229461292, 6.564856590012185], [2.3438550879024183, 6.56521844997238], [2.3427703755641076, 6.56521844997238], [2.3427703755641076, 6.565399379952478], [2.3406009508874863, 6.565761239912673], [2.3402393801080494, 6.566123099872868], [2.3402393801080494, 6.567389609733552], [2.3398778093286126, 6.567751469693747], [2.3398778093286126, 6.568294259634041], [2.3406009508874863, 6.569017979554432], [2.3407817362772048, 6.56992262945492], [2.341685663225797, 6.570646349375311], [2.3415048778360785, 6.5713700692957016], [2.3418664486155154, 6.5719128592359946], [2.3418664486155154, 6.572817509136482], [2.34132409244636, 6.573903089017069], [2.341685663225797, 6.5740840189971665], [2.3422280193949523, 6.5751695988777525], [2.3422280193949523, 6.5757123888180455], [2.343855087902418, 6.5767979686986315], [2.3440358732921363, 6.5757123888180455], [2.34475901485101, 6.5751695988777525], [2.345120585630447, 6.5740840189971665], [2.345482156409884, 6.573903089017069], [2.345662941799602, 6.5729984391165805], [2.3465668687481944, 6.572817509136483], [2.346747654137913, 6.571731929255897], [2.347651581086505, 6.571189139315604], [2.3478323664762235, 6.570465419395213], [2.3481939372556604, 6.570103559435018], [2.3501825765425632, 6.570103559435018], [2.3503633619322817, 6.56992262945492], [2.3503633619322817, 6.568294259634041], [2.351267288880874, 6.567932399673846], [2.351267288880874, 6.567027749773358], [2.3530751427780583, 6.566665889813162], [2.3532559281677767, 6.566123099872869], [2.3550637820649616, 6.566304029852967], [2.3556061382341165, 6.566665889813162], [2.3559677090135533, 6.565580309932576], [2.356690850572427, 6.565037519992283], [2.356690850572427, 6.564675660032087], [2.3559677090135533, 6.564132870091794], [2.355063782064961, 6.564313800071892], [2.3548829966752427, 6.563409150171404], [2.3552445674546796, 6.563228220191307], [2.3552445674546796, 6.56286636023111], [2.3539790697266505, 6.56214264031072], [2.354159855116369, 6.561057060430135], [2.3548829966752427, 6.560514270489842], [2.3548829966752427, 6.559609620589353], [2.355425352844398, 6.559609620589353], [2.3552445674546796, 6.559428690609255], [2.355425352844398, 6.557619390808278], [2.3552445674546796, 6.557438460828181], [2.356148494403272, 6.556714740907791], [2.3559677090135533, 6.555086371086911], [2.355063782064961, 6.554724511126715], [2.3548829966752427, 6.55436265116652], [2.353798284336932, 6.554543581146618], [2.3532559281677767, 6.554000791206325], [2.352171215829466, 6.554181721186422], [2.3514480742705923, 6.553096141305836], [2.3516288596603108, 6.551829631445153], [2.3510865034911554, 6.55128684150486], [2.350363361932282, 6.551105911524762], [2.350363361932282, 6.551467771484957], [2.3500017911528452, 6.551648701465055], [2.3500017911528452, 6.552191491405349], [2.350363361932282, 6.552372421385447], [2.350363361932282, 6.552734281345642], [2.350724932711719, 6.552734281345642], [2.351086503491156, 6.554000791206325], [2.3501825765425637, 6.555629161027204], [2.348193937255661, 6.555991020987399], [2.348193937255661, 6.55671474090779], [2.347832366476224, 6.557076600867985], [2.3463860833584764, 6.557257530848083], [2.345843727189321, 6.558524040708766], [2.344939800240729, 6.558343110728669], [2.344939800240729, 6.558885900668962], [2.344578229461292, 6.559428690609255], [2.3440358732921363, 6.559428690609255], [2.343855087902418, 6.559066830649059], [2.343493517122981, 6.559066830649059], [2.343493517122981, 6.558343110728669], [2.343131946343544, 6.557981250768473]]]}, "properties": {"name": "Agonsoudja", "commune": "ABOMEY-CALAVI", "confidence": "HIGH", "area_m2": 2456800.0, "perimeter_m": 12600.1, "road_length_m": 14162.8, "n_road_vertices": 688, "avg_dist_to_road_m": 56.9, "pct_area_near_road": 84.8, "color": "#ca9f3a", "neighbours": ["Adjogansa", "Agassa-Godomey", "Agonmé", "Dokomè", "Kolètin", "Kpodji-Les-Monts", "Lohoussa"], "n_neighbours": 7, "manual_review_reasons": []}}, {"type": "Feature", "geometry": {"type": "Polygon", "coordinates": [[[2.413819033723455, 6.364928962004264], [2.413095892164581, 6.364928962004264], [2.413095892164581, 6.365290821964459], [2.4123727506057073, 6.365652681924654], [2.4123727506057073, 6.36601454188485], [2.4120111798262704, 6.366195471864948], [2.412191965215989, 6.366195471864948], [2.412191965215989, 6.366919191785339], [2.4125535359954258, 6.367100121765437], [2.4125535359954258, 6.367461981725632], [2.4132766775542995, 6.36764291170573], [2.4139998191131733, 6.36836663162612], [2.4139998191131733, 6.368909421566413], [2.4141806045028917, 6.368909421566413], [2.4139998191131733, 6.369633141486804], [2.4143613898926097, 6.369633141486804], [2.4150845314514835, 6.368547561606218], [2.415446102230921, 6.368547561606218], [2.4156268876206393, 6.369090351546511], [2.416169243789794, 6.368909421566413], [2.4163500291795126, 6.368547561606218], [2.416169243789794, 6.367461981725632], [2.4170731707383863, 6.367100121765437], [2.41779631229726, 6.366376401845046], [2.41779631229726, 6.365652681924654], [2.4170731707383863, 6.364928962004264], [2.416169243789794, 6.364928962004264], [2.416169243789794, 6.364386172063972], [2.416530814569231, 6.364205242083874], [2.416530814569231, 6.363843382123678], [2.416169243789794, 6.363843382123678], [2.4158076730103573, 6.363300592183385], [2.415446102230921, 6.363300592183385], [2.415446102230921, 6.363843382123678], [2.415084531451484, 6.364024312103775], [2.414722960672047, 6.364748032024166], [2.413819033723455, 6.364748032024166], [2.413819033723455, 6.364928962004264]]]}, "properties": {"name": "Saint-Jean-Gbèdiga", "commune": "COTONOU", "confidence": "HIGH", "area_m2": 223600.0, "perimeter_m": 2960.0, "road_length_m": 1957.8, "n_road_vertices": 54, "avg_dist_to_road_m": 46.6, "pct_area_near_road": 93.9, "color": "#86d648", "neighbours": ["Dagbédji-Sikê", "Gbégamey-Centre", "Gbégamey-Dodo-Ayidjè", "Sèhogan-Sikê", "Todoté", "Yévèdo", "Énagnon-Sikê"], "n_neighbours": 7, "manual_review_reasons": []}}, {"type": "Feature", "geometry": {"type": "Polygon", "coordinates": [[[2.3791082388975138, 6.353168513297915], [2.377842741169485, 6.354435023158599], [2.3774811703900482, 6.355520603039186], [2.3780235265592036, 6.355520603039186], [2.3780235265592036, 6.356606182919772], [2.3783850973386405, 6.356968042879967], [2.3783850973386405, 6.35751083282026], [2.3787466681180773, 6.35751083282026], [2.3792890242872327, 6.358415482720749], [2.3792890242872327, 6.359320132621236], [2.3787466681180773, 6.359320132621236], [2.3787466681180773, 6.35986292256153], [2.379108238897514, 6.360043852541628], [2.379108238897514, 6.360405712501822], [2.378565882728359, 6.360405712501822], [2.3780235265592036, 6.361129432422214], [2.3783850973386405, 6.361491292382409], [2.379289024287232, 6.361491292382409], [2.379289024287232, 6.361310362402311], [2.381096878184417, 6.361491292382409], [2.3820008051330093, 6.363119662203288], [2.3825431613021646, 6.36293873222319], [2.3832663028610384, 6.363300592183386], [2.3836278736404752, 6.364386172063972], [2.3839894444199117, 6.364386172063972], [2.3839894444199117, 6.364024312103776], [2.385616512927378, 6.364024312103776], [2.3857972983170965, 6.364928962004265], [2.3872435814348436, 6.364567102044069], [2.3872435814348436, 6.364205242083873], [2.38652043987597, 6.364205242083873], [2.38652043987597, 6.363662452143581], [2.386882010655407, 6.363481522163483], [2.3872435814348436, 6.363843382123679], [2.387424366824562, 6.363481522163483], [2.388147508383436, 6.363300592183386], [2.3883282937731543, 6.362034082322701], [2.3879667229937174, 6.361853152342603], [2.3879667229937174, 6.361491292382408], [2.387424366824562, 6.36131036240231], [2.3872435814348436, 6.360948502442115], [2.3859780837068145, 6.360767572462017], [2.3856165129273776, 6.359862922561529], [2.384531800589067, 6.359320132621236], [2.3843510151993486, 6.358958272661041], [2.383447088250757, 6.358958272661041], [2.382904732081601, 6.359320132621236], [2.382543161302164, 6.35823455274065], [2.3821815905227273, 6.358053622760552], [2.3823623759124457, 6.356968042879966], [2.3814584489638535, 6.357329902840162], [2.3805545220152613, 6.356787112899869], [2.380916092794698, 6.354615953138697], [2.3801929512358244, 6.353892233218306], [2.379289024287232, 6.353530373258111], [2.3791082388975138, 6.353168513297915]]]}, "properties": {"name": "Aïbatin-Dodo", "commune": "COTONOU", "confidence": "HIGH", "area_m2": 598800.0, "perimeter_m": 6080.0, "road_length_m": 6678.2, "n_road_vertices": 194, "avg_dist_to_road_m": 49.5, "pct_area_near_road": 90.8, "color": "#e05a40", "neighbours": ["Adjaha-Cité", "Aïbatin-Kpota", "Cadjèhoun-Kpota", "Fidjrossè-Centre", "Fiyégnon-Jacquot", "Gbèdégbé", "Houénoussou", "Missité"], "n_neighbours": 8, "manual_review_reasons": []}}, {"type": "Feature", "geometry": {"type": "MultiPolygon", "coordinates": [[[[2.4358748512691046, 6.388087999456765], [2.4358748512691046, 6.388811719377156], [2.4355132804896678, 6.389354509317449], [2.4355132804896678, 6.390621019178132], [2.435151709710231, 6.391344739098523], [2.4353324950999493, 6.392973108919403], [2.4356940658793858, 6.392792178939305], [2.4356940658793858, 6.3920684590189145], [2.435874851269104, 6.3920684590189145], [2.435874851269104, 6.39007822923784], [2.4360556366588226, 6.39007822923784], [2.4360556366588226, 6.388087999456765], [2.4358748512691046, 6.388087999456765]]], [[[2.435151709710231, 6.39622984856116], [2.435151709710231, 6.3969535684815515], [2.4355132804896673, 6.3969535684815515], [2.436597992827978, 6.3964107785412585], [2.4367787782176964, 6.396048918581063], [2.4400329152326283, 6.394601478740282], [2.4405752714017837, 6.393515898859696], [2.440394486012065, 6.3926112489592075], [2.4411176275709394, 6.391887529038817], [2.441840769129813, 6.393334968879598], [2.441840769129813, 6.393696828839793], [2.441298412960658, 6.394239618780086], [2.441298412960658, 6.395144268680574], [2.4349709243205124, 6.398220078342234], [2.4346093535410755, 6.39858193830243], [2.4342477827616387, 6.4002103081233095], [2.4425639106886865, 6.399205105575944], [2.4429254814681234, 6.398943798262626], [2.4429254814681234, 6.3980391483621375], [2.443648623026997, 6.396772638501454], [2.443648623026997, 6.396229848561161], [2.444010193806434, 6.39550612864077], [2.444371764585871, 6.39550612864077], [2.444371764585871, 6.394058688799988], [2.443648623026997, 6.39387775881989], [2.443648623026997, 6.392249388999012], [2.4441909791961525, 6.391887529038817], [2.4441909791961525, 6.391344739098523], [2.443106266857842, 6.391344739098523], [2.443106266857842, 6.3904400891980355], [2.4434678376372787, 6.390078229237839], [2.4422023399092496, 6.388811719377156], [2.4422023399092496, 6.387907069476667], [2.4418407691298127, 6.387545209516472], [2.440394486012065, 6.387545209516472], [2.440394486012065, 6.387183349556277], [2.4398521298429103, 6.387183349556277], [2.439309773673755, 6.387545209516472], [2.439309773673755, 6.387907069476667], [2.438586632114881, 6.387907069476667], [2.438225061335444, 6.38772613949657], [2.438225061335444, 6.387364279536374], [2.4362364220485415, 6.387183349556277], [2.436055636658823, 6.392249388999011], [2.4358748512691046, 6.392249388999011], [2.435694065879386, 6.393696828839793], [2.4355132804896678, 6.393696828839793], [2.4355132804896678, 6.395144268680574], [2.4353324950999493, 6.395144268680574], [2.4353324950999493, 6.39622984856116], [2.435151709710231, 6.39622984856116]]]]}, "properties": {"name": "Hlacômey", "commune": "COTONOU", "confidence": "MEDIUM", "area_m2": 1059662.5, "perimeter_m": 9335.9, "road_length_m": 6417.1, "n_road_vertices": 132, "avg_dist_to_road_m": 197.5, "pct_area_near_road": 49.1, "color": "#de4a5e", "neighbours": ["Adôgléta", "Agbatô", "Agbodjèdo", "Ahouansori-Towéta-Kpota", "Djidjè-Aïchédji", "Ladji", "Sègbèya-Nord"], "n_neighbours": 7, "manual_review_reasons": []}}, {"type": "Feature", "geometry": {"type": "Polygon", "coordinates": [[[2.3977291340385136, 6.369995001446998], [2.3977291340385136, 6.370356861407194], [2.3971867778693583, 6.370899651347487], [2.3968252070899214, 6.370899651347487], [2.3964636363104845, 6.371804301247975], [2.3955597093618923, 6.372528021168366], [2.3957404947516108, 6.372889881128562], [2.3971867778693583, 6.373613601048953], [2.3971867778693583, 6.373975461009147], [2.3964636363104845, 6.37451825094944], [2.3968252070899214, 6.375061040889734], [2.397548348648795, 6.375422900849929], [2.397548348648795, 6.375784760810124], [2.3971867778693583, 6.375965690790221], [2.3971867778693583, 6.376689410710613], [2.3975483486487947, 6.376689410710613], [2.3975483486487947, 6.376327550750418], [2.3991754171562607, 6.37614662077032], [2.3991754171562607, 6.375603830830027], [2.3998985587151345, 6.375965690790222], [2.3998985587151345, 6.375603830830027], [2.4006217002740082, 6.375061040889734], [2.4006217002740082, 6.374337320969342], [2.400079344104853, 6.373975461009147], [2.4002601294945713, 6.372889881128562], [2.4011640564431636, 6.372708951148464], [2.4011640564431636, 6.372528021168367], [2.4027911249506295, 6.372889881128562], [2.4027911249506295, 6.372708951148464], [2.403333481119785, 6.372708951148464], [2.4036950518992217, 6.371985231228074], [2.4036950518992217, 6.370899651347487], [2.4027911249506295, 6.371080581327584], [2.401706412612319, 6.369995001446998], [2.400260129494572, 6.370718721367389], [2.399717773325416, 6.370718721367389], [2.3986330609871054, 6.369633141486803], [2.3977291340385136, 6.369995001446998]]]}, "properties": {"name": "Vodjè-Finagnon", "commune": "COTONOU", "confidence": "HIGH", "area_m2": 348800.0, "perimeter_m": 4079.9, "road_length_m": 2666.1, "n_road_vertices": 78, "avg_dist_to_road_m": 50.2, "pct_area_near_road": 93.2, "color": "#d2794a", "neighbours": ["Houéyihô", "Houéyihô-Tannou", "Tonato", "Vodjè-Ayidoté", "Vodjè-Centre", "Vodjè-Kpota"], "n_neighbours": 6, "manual_review_reasons": []}}, {"type": "Feature", "geometry": {"type": "Polygon", "coordinates": [[[2.423762230157969, 6.368004771665924], [2.423762230157969, 6.368366631626119], [2.4232198739888138, 6.368909421566412], [2.4223159470402216, 6.368366631626119], [2.421592805481348, 6.36909035154651], [2.421592805481348, 6.369452211506705], [2.421231234701911, 6.369452211506705], [2.421231234701911, 6.369814071466901], [2.420508093143037, 6.370356861407194], [2.4206888785327556, 6.371442441287781], [2.4214120200916294, 6.371442441287781], [2.4223159470402216, 6.372347091188269], [2.4228583032093765, 6.371985231228074], [2.4243045863271244, 6.371985231228074], [2.425389298665435, 6.372528021168367], [2.4255700840551535, 6.372889881128562], [2.4257508694448715, 6.372528021168367], [2.427197152562619, 6.372708951148464], [2.427558723342056, 6.371623371267877], [2.426835581783182, 6.371261511307682], [2.4266547963934637, 6.370899651347487], [2.42593165483459, 6.370899651347487], [2.42593165483459, 6.370356861407195], [2.426293225614027, 6.370175931427097], [2.4266547963934637, 6.369452211506706], [2.4271971525626195, 6.369995001446999], [2.427558723342056, 6.369814071466902], [2.427558723342056, 6.36909035154651], [2.427197152562619, 6.368909421566412], [2.4273779379523375, 6.368366631626119], [2.4264740110037457, 6.368366631626119], [2.42593165483459, 6.368728491586315], [2.425570084055153, 6.368185701646022], [2.4248469424962793, 6.368366631626119], [2.424304586327124, 6.367823841685826], [2.423762230157969, 6.368004771665924]]]}, "properties": {"name": "Sèdami", "commune": "COTONOU", "confidence": "HIGH", "area_m2": 274800.0, "perimeter_m": 3559.9, "road_length_m": 2461.0, "n_road_vertices": 58, "avg_dist_to_road_m": 52.3, "pct_area_near_road": 89.5, "color": "#4fd165", "neighbours": ["Fignon-Sikê", "Gbènan", "Jéricho-Nord", "Jéricho-Sud", "Sèdjro-Saint-Michel", "Sèhogan-Sikê", "Yévèdo"], "n_neighbours": 7, "manual_review_reasons": []}}, {"type": "Feature", "geometry": {"type": "Polygon", "coordinates": [[[2.306794083010138, 6.411970756829657], [2.306794083010138, 6.413056336710243], [2.3058901560615457, 6.412875406730145], [2.305709370671827, 6.4132372666903406], [2.3055285852821084, 6.412875406730145], [2.305167014502672, 6.412875406730145], [2.304805443723235, 6.413056336710243], [2.3046246583335166, 6.414141916590829], [2.3037207313849244, 6.413960986610731], [2.3033591606054875, 6.414684706531122], [2.302816804436332, 6.414684706531122], [2.3033591606054875, 6.415770286411709], [2.3033591606054875, 6.416494006332099], [2.3037207313849244, 6.416674936312197], [2.3037207313849244, 6.417036796272392], [2.304805443723235, 6.416855866292295], [2.304805443723235, 6.417398656232587], [2.3046246583335166, 6.417398656232587], [2.304805443723235, 6.417941446172881], [2.30534779989239, 6.417941446172881], [2.30534779989239, 6.417036796272392], [2.3058901560615457, 6.417036796272392], [2.3066132976204194, 6.418484236113174], [2.3071556537895748, 6.418303306133076], [2.3078787953484485, 6.419388886013662], [2.308421151517604, 6.41956981599376], [2.308421151517604, 6.420112605934053], [2.308963507686759, 6.419931675953955], [2.309325078466196, 6.42029353591415], [2.3091442930764776, 6.420836325854443], [2.309686649245633, 6.421921905735029], [2.3111329323633805, 6.421921905735029], [2.3111329323633805, 6.422645625655419], [2.310952146973662, 6.422645625655419], [2.3111329323633805, 6.423731205536005], [2.3104097908045067, 6.424454925456396], [2.310590576194225, 6.425178645376787], [2.310952146973662, 6.425359575356885], [2.313121571650283, 6.425359575356885], [2.3133023570400018, 6.425178645376787], [2.3134831424297198, 6.425359575356885], [2.314025498598875, 6.424816785416592], [2.3138447132091566, 6.424454925456396], [2.314025498598875, 6.423731205536005], [2.313663927819438, 6.4235502755559075], [2.313663927819438, 6.423007485615615], [2.314025498598875, 6.423007485615615], [2.314025498598875, 6.422283765695225], [2.3145678547680304, 6.421740975754932], [2.314748640157749, 6.421017255834541], [2.3154717817166226, 6.420655395874346], [2.3154717817166226, 6.419931675953954], [2.314748640157749, 6.419388886013661], [2.3149294255474673, 6.4181223761529775], [2.3145678547680304, 6.417760516192782], [2.315290996326904, 6.417036796272392], [2.315290996326904, 6.4164940063320985], [2.314748640157749, 6.4159512163918055], [2.3149294255474673, 6.4148656365112195], [2.3138447132091566, 6.4148656365112195], [2.313663927819438, 6.414503776551024], [2.313121571650283, 6.414503776551024], [2.3125792154811275, 6.414141916590829], [2.310771361583943, 6.414684706531122], [2.3104097908045063, 6.4143228465709266], [2.3109521469736616, 6.413960986610732], [2.310771361583943, 6.413056336710243], [2.3104097908045067, 6.413418196670438], [2.3096866492456325, 6.413418196670438], [2.3096866492456325, 6.412332616789852], [2.3087827222970403, 6.412694476750048], [2.3087827222970403, 6.412151686809755], [2.308240366127885, 6.412151686809755], [2.3080595807381665, 6.411608896869462], [2.3075172245690116, 6.411970756829657], [2.306794083010138, 6.411970756829657]]]}, "properties": {"name": "Tankpè-Togoudo", "commune": "ABOMEY-CALAVI", "confidence": "HIGH", "area_m2": 1054000.0, "perimeter_m": 7400.1, "road_length_m": 15209.4, "n_road_vertices": 736, "avg_dist_to_road_m": 27.1, "pct_area_near_road": 98.6, "color": "#76db47", "neighbours": ["Alègléta", "Maria-Gléta\n", "Tankpê-Yoho", "Womey-Centre\n", "Yénandjro\n"], "n_neighbours": 5, "manual_review_reasons": []}}, {"type": "Feature", "geometry": {"type": "Polygon", "coordinates": [[[2.46534286979321, 6.385916839695593], [2.4629926597268708, 6.386278699655788], [2.463173445116589, 6.388811719377156], [2.462631088947434, 6.388811719377156], [2.462631088947434, 6.389354509317449], [2.4611848058296864, 6.389173579337351], [2.461365591219405, 6.3904400891980355], [2.46190794738856, 6.3904400891980355], [2.4620887327782786, 6.390801949158231], [2.46190794738856, 6.390982879138328], [2.4620887327782786, 6.391706599058718], [2.4617271619988417, 6.391887529038816], [2.46190794738856, 6.3920684590189145], [2.4617271619988417, 6.393515898859696], [2.46190794738856, 6.393515898859696], [2.4620887327782786, 6.394601478740282], [2.463173445116589, 6.396772638501454], [2.4704048607053264, 6.396048918581063], [2.4700432899258895, 6.392792178939304], [2.4696817191464526, 6.392068459018914], [2.4693201483670157, 6.391887529038816], [2.4693201483670157, 6.391525669078621], [2.4687777921978604, 6.391163809118425], [2.4687777921978604, 6.389897299257742], [2.468597006808142, 6.389897299257742], [2.468597006808142, 6.389354509317449], [2.468235436028705, 6.389354509317449], [2.468235436028705, 6.3888117193771565], [2.468777792197861, 6.3888117193771565], [2.468777792197861, 6.388992649357254], [2.4691393629772973, 6.3888117193771565], [2.4691393629772973, 6.387907069476667], [2.4687777921978604, 6.38772613949657], [2.4687777921978604, 6.385554979735398], [2.4673315090801133, 6.3853740497553], [2.4673315090801133, 6.386097769675691], [2.46534286979321, 6.386097769675691], [2.46534286979321, 6.385916839695593]]]}, "properties": {"name": "Yénawa", "commune": "COTONOU", "confidence": "MEDIUM", "area_m2": 911153.8, "perimeter_m": 5033.1, "road_length_m": 6093.6, "n_road_vertices": 140, "avg_dist_to_road_m": 156.7, "pct_area_near_road": 56.7, "color": "#de4ad4", "neighbours": ["Avotrou-Aïmonlonfidé", "Djédjé-Layé", "Kowégbo", "Yénawa-Daho"], "n_neighbours": 4, "manual_review_reasons": []}}, {"type": "Feature", "geometry": {"type": "Polygon", "coordinates": [[[2.2981163843036523, 6.4289781749588375], [2.29612774501675, 6.4300637548394235], [2.2963085304064683, 6.430425614799619], [2.2950430326784392, 6.4311493347200095], [2.2917888956635073, 6.431511194680205], [2.292150466442944, 6.433139564501085], [2.292512037222381, 6.433682354441378], [2.292512037222381, 6.434406074361768], [2.295766174237313, 6.437481884023429], [2.296670101185905, 6.439653043784601], [2.298297169693371, 6.44128141360548], [2.2984779550830896, 6.44200513352587], [2.2988395258625265, 6.442186063505968], [2.2988395258625265, 6.442728853446261], [2.2995626674214003, 6.443271643386554], [2.299924238200837, 6.444176293287042], [2.3004665943699925, 6.444538153247238], [2.3004665943699925, 6.444900013207433], [2.3013705213185847, 6.445442803147726], [2.3017320920980215, 6.446528383028312], [2.3020936628774584, 6.44670931300841], [2.3024552336568953, 6.4474330329288], [2.3024552336568953, 6.448156752849191], [2.3029975898260506, 6.449061402749679], [2.304986229112953, 6.447975822869093], [2.3067940830101374, 6.4474330329288], [2.306974868399856, 6.446528383028312], [2.308240366127885, 6.44670931300841], [2.308240366127885, 6.445804663107921], [2.3087827222970403, 6.445804663107921], [2.3087827222970403, 6.445442803147726], [2.3093250784661956, 6.445261873167628], [2.309505863855914, 6.443814433326847], [2.3104097908045063, 6.443814433326847], [2.310771361583943, 6.443271643386554], [2.311494503142817, 6.443271643386554], [2.311494503142817, 6.443090713406456], [2.3120368593119727, 6.443452573366652], [2.3129407862605644, 6.443271643386554], [2.313121571650283, 6.44272885344626], [2.312760000870846, 6.4425479234661625], [2.3120368593119722, 6.4396530437846], [2.311494503142817, 6.439472113804502], [2.311494503142817, 6.4387483938841115], [2.3113137177530985, 6.438567463904014], [2.3105905761942247, 6.4387483938841115], [2.310229005414788, 6.438386533923916], [2.310229005414788, 6.437481884023428], [2.3093250784661956, 6.437481884023428], [2.3093250784661956, 6.4365772341229395], [2.308601936907322, 6.436215374162744], [2.3089635076867587, 6.433682354441377], [2.3080595807381665, 6.433501424461279], [2.307878795348448, 6.432958634520986], [2.3071556537895743, 6.433139564501084], [2.3067940830101374, 6.432958634520986], [2.3067940830101374, 6.432415844580693], [2.3058901560615452, 6.4322349146005955], [2.3058901560615452, 6.4311493347200095], [2.30534779989239, 6.4300637548394235], [2.3040823021643613, 6.429701894879228], [2.3033591606054875, 6.4300637548394235], [2.3029975898260506, 6.4306065447797165], [2.3024552336568953, 6.4306065447797165], [2.3024552336568953, 6.430787474759814], [2.301551306708303, 6.4306065447797165], [2.3013705213185847, 6.430968404739912], [2.300828165149429, 6.430968404739912], [2.3006473797597105, 6.4306065447797165], [2.3002858089802736, 6.4306065447797165], [2.3002858089802736, 6.4300637548394235], [2.2999242382008367, 6.4300637548394235], [2.2997434528111182, 6.429701894879228], [2.2982971696933707, 6.4295209648991305], [2.2981163843036523, 6.4289781749588375]], [[2.2928736080018175, 6.4333204944811815], [2.2932351787812544, 6.432596774560792], [2.2939583203401286, 6.432596774560792], [2.2935967495606917, 6.433501424461279], [2.2928736080018175, 6.4333204944811815]]]}, "properties": {"name": "Houèto", "commune": "ABOMEY-CALAVI", "confidence": "HIGH", "area_m2": 2733600.0, "perimeter_m": 10240.0, "road_length_m": 25784.3, "n_road_vertices": 1074, "avg_dist_to_road_m": 62.6, "pct_area_near_road": 82.3, "color": "#de47d2", "neighbours": ["Maria-Gléta\n", "Somè", "Tankpê-Yoho", "Togba_Maria-Gléta", "Tokan"], "n_neighbours": 5, "manual_review_reasons": []}}, {"type": "Feature", "geometry": {"type": "Polygon", "coordinates": [[[2.407672330473028, 6.36909035154651], [2.407672330473028, 6.369452211506706], [2.408214686642183, 6.369633141486804], [2.4080339012524647, 6.370356861407194], [2.4071299743038725, 6.370356861407194], [2.406045261965562, 6.37144244128778], [2.406045261965562, 6.371804301247975], [2.405683691186125, 6.371804301247975], [2.405683691186125, 6.37216616120817], [2.405322120406688, 6.372347091188268], [2.405322120406688, 6.37379453102905], [2.406045261965562, 6.373975461009148], [2.406406832744999, 6.374880110909636], [2.407129974303872, 6.374880110909636], [2.4069491889141537, 6.37379453102905], [2.407491545083309, 6.373613601048953], [2.407491545083309, 6.373251741088757], [2.407853115862746, 6.373251741088757], [2.407853115862746, 6.372889881128562], [2.4085762574216196, 6.37307081110866], [2.409118613590775, 6.372528021168367], [2.4096609697599307, 6.37307081110866], [2.4103841113188045, 6.37307081110866], [2.4112880382673967, 6.373975461009148], [2.411649609046833, 6.373975461009148], [2.4118303944365516, 6.37307081110866], [2.4127343213851438, 6.371985231228074], [2.413095892164581, 6.371985231228074], [2.4136382483337364, 6.372708951148464], [2.4143613898926097, 6.372889881128562], [2.4143613898926097, 6.372347091188268], [2.4138190337234544, 6.371804301247975], [2.4134574629440175, 6.371623371267877], [2.412915106774862, 6.371804301247975], [2.4127343213851438, 6.370356861407194], [2.411649609046833, 6.370718721367389], [2.411107252877678, 6.368909421566412], [2.4100225405393676, 6.368547561606217], [2.409299398980494, 6.369633141486803], [2.408757042811338, 6.369633141486803], [2.4082146866421827, 6.368909421566412], [2.407672330473028, 6.36909035154651]]]}, "properties": {"name": "Gbégamey-Gbagoudo", "commune": "COTONOU", "confidence": "HIGH", "area_m2": 315600.0, "perimeter_m": 4400.0, "road_length_m": 2620.8, "n_road_vertices": 54, "avg_dist_to_road_m": 45.5, "pct_area_near_road": 98.9, "color": "#bf45c8", "neighbours": ["Agbondjèdo", "Agontinkon", "Dagbédji-Sikê", "Gbégamey-Dodo-Ayidjè", "Minonkpô-Wologuèdè", "Vodjè-Allobatin", "Vodjè-Ayidoté", "Énagnon-Sikê"], "n_neighbours": 8, "manual_review_reasons": []}}, {"type": "Feature", "geometry": {"type": "Polygon", "coordinates": [[[2.3225224119156422, 6.463535801157492], [2.322341626525924, 6.46444045105798], [2.3221608411362054, 6.46444045105798], [2.3221608411362054, 6.465526030938566], [2.3217992703567685, 6.465706960918664], [2.3217992703567685, 6.467335330739543], [2.3208953434081763, 6.467697190699738], [2.320714558018458, 6.468782770580324], [2.3201722018493025, 6.469325560520617], [2.3190874895109914, 6.469325560520617], [2.318906704121273, 6.468963700560422], [2.318364347952118, 6.468963700560422], [2.318364347952118, 6.469144630540519], [2.3169180648343706, 6.469325560520617], [2.3169180648343706, 6.469506490500715], [2.3160141378857784, 6.469506490500715], [2.3160141378857784, 6.470230210421106], [2.3165564940549337, 6.470953930341496], [2.314206283988594, 6.471134860321594], [2.3143870693783124, 6.472039510222082], [2.3140254985988755, 6.472401370182277], [2.3140254985988755, 6.473306020082767], [2.3143870693783124, 6.473667880042962], [2.3140254985988755, 6.475658109824036], [2.314567854768031, 6.475839039804134], [2.31583335249606, 6.477286479644915], [2.3165564940549337, 6.477467409625013], [2.316737279444652, 6.478914849465794], [2.318002777172681, 6.478914849465794], [2.3176412063932443, 6.480181359326478], [2.318725918731555, 6.480181359326478], [2.3192682749007103, 6.4809050792468685], [2.319810631069865, 6.4809050792468685], [2.3203529872390205, 6.4803622893065755], [2.3203529872390205, 6.48000042934638], [2.321256914187613, 6.4792767094259895], [2.3214376995773316, 6.48072414926677], [2.3208953434081763, 6.481086009226965], [2.3208953434081763, 6.481990659127454], [2.3205337726287394, 6.482171589107551], [2.320352987239021, 6.482895309027943], [2.3212569141876127, 6.482895309027943], [2.3223416265259234, 6.48235251908765], [2.3223416265259234, 6.481809729147357], [2.3227031973053602, 6.481628799167259], [2.3241494804231078, 6.481628799167259], [2.3245110512025446, 6.481266939207064], [2.325414978151137, 6.481266939207064], [2.3257765489305737, 6.481086009226966], [2.3255957635408553, 6.480543219286673], [2.3261381197100106, 6.480181359326478], [2.327042046658603, 6.480543219286673], [2.3277651882174766, 6.48000042934638], [2.327584402827758, 6.479819499366282], [2.3277651882174766, 6.479095779445892], [2.3297538275043794, 6.478552989505599], [2.3302961836735347, 6.478010199565306], [2.33083853984269, 6.478010199565306], [2.330476969063253, 6.476381829744427], [2.331561681401564, 6.476381829744427], [2.3317424667912823, 6.475658109824036], [2.33318874990903, 6.475477179843939], [2.3342734622473404, 6.474210669983255], [2.3351773891959327, 6.47384881002306], [2.3355389599753695, 6.473486950062864], [2.3355389599753695, 6.472763230142474], [2.3364428869239617, 6.472582300162376], [2.3368044577033986, 6.472220440202181], [2.33662367231368, 6.472039510222082], [2.3368044577033986, 6.470592070381302], [2.337346813872554, 6.470230210421106], [2.3375275992622724, 6.46914463054052], [2.337708384651991, 6.46914463054052], [2.337708384651991, 6.468420910620129], [2.3375275992622724, 6.468059050659933], [2.3371660284828355, 6.468059050659933], [2.3371660284828355, 6.465526030938566], [2.3368044577033986, 6.465164170978371], [2.3368044577033986, 6.464259521077882], [2.336081316144525, 6.464259521077882], [2.336081316144525, 6.464078591097785], [2.3337311060781856, 6.464078591097785], [2.3335503206884667, 6.464259521077882], [2.3330079645193114, 6.463716731137589], [2.3326463937398745, 6.461726501356515], [2.332104037570719, 6.461726501356515], [2.3317424667912823, 6.461183711416222], [2.3317424667912823, 6.460459991495832], [2.3319232521810007, 6.460459991495832], [2.3317424667912823, 6.460098131535636], [2.330476969063253, 6.460279061515734], [2.3302961836735347, 6.459736271575441], [2.329211471335224, 6.459917201555538], [2.3288499005557872, 6.459374411615245], [2.3270420466586033, 6.459736271575441], [2.3270420466586033, 6.460279061515735], [2.3279459736071955, 6.46064092147593], [2.3279459736071955, 6.461002781436124], [2.3275844028277586, 6.461002781436124], [2.3270420466586033, 6.461907431336613], [2.326499690489448, 6.461907431336613], [2.326499690489448, 6.462269291296808], [2.3243302658128266, 6.463354871177394], [2.323607124253953, 6.463354871177394], [2.3230647680847976, 6.463716731137589], [2.3225224119156422, 6.463535801157492]]]}, "properties": {"name": "Aïfa-Calavi", "commune": "ABOMEY-CALAVI", "confidence": "HIGH", "area_m2": 3811600.0, "perimeter_m": 12119.9, "road_length_m": 34934.3, "n_road_vertices": 1252, "avg_dist_to_road_m": 46.2, "pct_area_near_road": 93.3, "color": "#62d53b", "neighbours": ["Ahossougbéta", "Aïdégnon\n", "Aïtchédji\n", "Cité-les-Palmiers\n", "Fandji\n", "Ouéga-Agué", "Ouéga-Tokpa"], "n_neighbours": 7, "manual_review_reasons": []}}, {"type": "Feature", "geometry": {"type": "Polygon", "coordinates": [[[2.4201465223636003, 6.384650329834909], [2.419965736973882, 6.385193119775202], [2.4194233808047265, 6.385193119775202], [2.4194233808047265, 6.385916839695593], [2.418881024635571, 6.386278699655788], [2.418881024635571, 6.386821489596082], [2.419242595415008, 6.38700241957618], [2.419242595415008, 6.387907069476668], [2.4199657369738814, 6.387907069476668], [2.4199657369738814, 6.3877261394965705], [2.4206888785327556, 6.387907069476668], [2.4206888785327556, 6.388449859416961], [2.4217735908710663, 6.3904400891980355], [2.422135161650503, 6.39243031897911], [2.4224967324299396, 6.39243031897911], [2.4234006593785318, 6.390259159217938], [2.4241238009374055, 6.389716369277645], [2.424304586327124, 6.3888117193771565], [2.4250277278859977, 6.388449859416961], [2.4253892986654346, 6.387907069476667], [2.424666157106561, 6.387364279536374], [2.4241238009374055, 6.386097769675691], [2.4234006593785318, 6.385735909715495], [2.4232198739888133, 6.3853740497553], [2.42249673242994, 6.385735909715495], [2.4223159470402216, 6.386278699655788], [2.4215928054813474, 6.386459629635886], [2.4212312347019105, 6.386278699655788], [2.4212312347019105, 6.385193119775202], [2.4208696639224736, 6.384831259815007], [2.4201465223636003, 6.384650329834909]]]}, "properties": {"name": "Ahouansouri-Agué", "commune": "COTONOU", "confidence": "HIGH", "area_m2": 273200.0, "perimeter_m": 3440.2, "road_length_m": 2599.3, "n_road_vertices": 62, "avg_dist_to_road_m": 76.1, "pct_area_near_road": 78.9, "color": "#cf5f49", "neighbours": ["Ahouansori-Towéta", "Ahouansouri-Agata", "Gbèdjromèdè-Nord"], "n_neighbours": 3, "manual_review_reasons": []}}, {"type": "Feature", "geometry": {"type": "Polygon", "coordinates": [[[2.4559420295278516, 6.360948502442115], [2.4559420295278516, 6.362034082322701], [2.4555804587484147, 6.362034082322701], [2.4555804587484147, 6.362576872262994], [2.4550381025792594, 6.362938732223189], [2.454676531799822, 6.362938732223189], [2.4544957464101036, 6.362576872262994], [2.4537726048512303, 6.362757802243092], [2.4534110340717934, 6.363119662203287], [2.4537726048512303, 6.363662452143581], [2.454857317189541, 6.363481522163483], [2.4550381025792594, 6.363843382123679], [2.4553996733586962, 6.363843382123679], [2.4553996733586962, 6.364205242083874], [2.4568459564764438, 6.364205242083874], [2.4568459564764438, 6.364748032024167], [2.4572075272558807, 6.365109891984362], [2.4582922395941913, 6.364928962004265], [2.4584730249839097, 6.365471751944558], [2.4590153811530646, 6.364928962004265], [2.459919308101657, 6.365109891984362], [2.4601000934913753, 6.364205242083874], [2.4604616642708126, 6.364024312103776], [2.460642449660531, 6.365471751944558], [2.461184805829686, 6.365833611904753], [2.461546376609123, 6.365652681924655], [2.4617271619988412, 6.365109891984362], [2.4622695181679966, 6.364928962004265], [2.4617271619988412, 6.363662452143581], [2.462450303557715, 6.36293873222319], [2.462811874337152, 6.36293873222319], [2.462450303557715, 6.361129432422214], [2.4629926597268703, 6.360043852541628], [2.4629926597268703, 6.359320132621237], [2.4655236551829285, 6.358958272661042], [2.4667891529109576, 6.35751083282026], [2.4680546506389867, 6.356968042879967], [2.468597006808142, 6.356244322959576], [2.4671507236903945, 6.355520603039185], [2.466969938300676, 6.35515874307899], [2.466608367521239, 6.35515874307899], [2.4664275821315207, 6.354796883118794], [2.465704440572647, 6.354615953138697], [2.4655236551829285, 6.354254093178501], [2.4648005136240547, 6.354073163198404], [2.4646197282343363, 6.353711303238208], [2.459376951932502, 6.353530373258111], [2.4591961665427835, 6.353892233218306], [2.4584730249839097, 6.354254093178501], [2.4582922395941913, 6.356244322959576], [2.457749883425036, 6.356425252939673], [2.457388312645599, 6.357691762800357], [2.45612281491757, 6.358777342680943], [2.456484385697007, 6.360948502442115], [2.4559420295278516, 6.360948502442115]]]}, "properties": {"name": "Fifadji-Houto (Jak)", "commune": "COTONOU", "confidence": "HIGH", "area_m2": 1092400.0, "perimeter_m": 6879.8, "road_length_m": 8203.2, "n_road_vertices": 200, "avg_dist_to_road_m": 86.2, "pct_area_near_road": 75.6, "color": "#5dda4a", "neighbours": ["Donaten", "Sodjatinmè-Centre", "Sodjatinmè-Est", "Énagnon"], "n_neighbours": 4, "manual_review_reasons": []}}, {"type": "Feature", "geometry": {"type": "Polygon", "coordinates": [[[2.444190979196153, 6.391525669078621], [2.4436486230269976, 6.392249388999011], [2.4436486230269976, 6.393877758819891], [2.4443717645858714, 6.394058688799989], [2.4443717645858714, 6.395506128640769], [2.4440101938064345, 6.395506128640769], [2.4436486230269976, 6.39622984856116], [2.4427446960784054, 6.3991247282427235], [2.448891399328832, 6.398401008322333], [2.4479874723802397, 6.396591708521355], [2.448168257769958, 6.395144268680575], [2.4487106139391135, 6.3947824087203795], [2.448168257769958, 6.394420548760183], [2.448529828549395, 6.393877758819891], [2.4483490431596766, 6.391525669078621], [2.4478066869905213, 6.391163809118425], [2.4478066869905213, 6.390801949158231], [2.4483490431596766, 6.3904400891980355], [2.4483490431596766, 6.389354509317449], [2.4476259016008033, 6.389354509317449], [2.447445116211085, 6.389897299257742], [2.446721974652211, 6.389897299257742], [2.446721974652211, 6.390621019178132], [2.4456372623139004, 6.39080194915823], [2.4456372623139004, 6.391887529038816], [2.445275691534463, 6.391887529038816], [2.4450949061447447, 6.391525669078621], [2.444190979196153, 6.391525669078621]]]}, "properties": {"name": "Agbodjèdo", "commune": "COTONOU", "confidence": "HIGH", "area_m2": 452773.5, "perimeter_m": 4069.3, "road_length_m": 4351.5, "n_road_vertices": 90, "avg_dist_to_road_m": 78.6, "pct_area_near_road": 74.2, "color": "#88d040", "neighbours": ["Hlacômey", "Minontchou", "Sègbèya-Nord"], "n_neighbours": 3, "manual_review_reasons": []}}, {"type": "Feature", "geometry": {"type": "Polygon", "coordinates": [[[2.218028456658383, 6.399486588202918], [2.2138703926948593, 6.404191085003606], [2.2138703926948593, 6.4062649267235], [2.21495510503317, 6.41157730024003], [2.216288, 6.413567999999567], [2.2201978813350047, 6.41721772625249], [2.225259872247121, 6.423912135516104], [2.225621443026558, 6.424635855436494], [2.22674578553451, 6.429701894879229], [2.2279716530928977, 6.429340034919034], [2.2290563654312083, 6.43042561479962], [2.2299602923798, 6.43042561479962], [2.230321863159237, 6.429882824859326], [2.229598721600363, 6.429340034919033], [2.2292371508209263, 6.428616314998642], [2.2294179362106448, 6.427892595078252], [2.2301410777695185, 6.42807352505835], [2.231225790107829, 6.427349805137959], [2.230683433938674, 6.4268070151976655], [2.2308642193283923, 6.425540505336983], [2.2310450047181107, 6.425178645376787], [2.2317681462769845, 6.425178645376787], [2.2321297170564214, 6.424816785416592], [2.2321297170564214, 6.424273995476298], [2.2314065754975476, 6.423369345575811], [2.2321297170564214, 6.423007485615615], [2.231948931666703, 6.422645625655419], [2.2321297170564214, 6.422283765695225], [2.232852858615295, 6.422283765695225], [2.2330336440050136, 6.421560045774834], [2.233937570953606, 6.421198185814639], [2.233214429394732, 6.420474465894247], [2.233214429394732, 6.419931675953955], [2.2337567855638873, 6.419388886013662], [2.233937570953606, 6.417941446172881], [2.235203068681635, 6.417760516192783], [2.235203068681635, 6.416855866292294], [2.2350222832919164, 6.416855866292294], [2.2350222832919164, 6.416132146371904], [2.2353838540713533, 6.416132146371904], [2.235203068681635, 6.4148656365112195], [2.2342991417330427, 6.414141916590829], [2.233937570953606, 6.412875406730145], [2.233214429394732, 6.412875406730145], [2.2328528586152956, 6.41251354676995], [2.2317681462769845, 6.413056336710243], [2.231225790107829, 6.411789826849559], [2.230141077769519, 6.411789826849559], [2.230141077769519, 6.412151686809755], [2.2299602923798, 6.411970756829657], [2.2292371508209263, 6.412151686809755], [2.229056365431208, 6.411789826849559], [2.228694794651771, 6.411789826849559], [2.228694794651771, 6.410523316988876], [2.228514009262053, 6.410704246968973], [2.2272485115340235, 6.410523316988876], [2.227067726144305, 6.4094377371082905], [2.227429296923742, 6.409256807128193], [2.227429296923742, 6.408714017187899], [2.2268869407545866, 6.408533087207801], [2.226706155364868, 6.408171227247606], [2.2252598722471206, 6.408714017187899], [2.225079086857402, 6.408171227247606], [2.224536730688247, 6.408171227247606], [2.2239943745190915, 6.407447507327215], [2.222367306011626, 6.407266577347118], [2.222367306011626, 6.407447507327215], [2.2214633790630334, 6.407628437307313], [2.220559452114441, 6.406542857426727], [2.220559452114441, 6.4050954175859465], [2.220921022893878, 6.404371697665556], [2.220921022893878, 6.403647977745164], [2.220559452114441, 6.403467047765067], [2.2201978813350043, 6.402562397864578], [2.219655525165849, 6.402200537904383], [2.218932383606975, 6.400753098063602], [2.218028456658383, 6.399848448163113], [2.218028456658383, 6.399486588202918]]]}, "properties": {"name": "Houinmè", "commune": "ABOMEY-CALAVI", "confidence": "HIGH", "area_m2": 3457652.5, "perimeter_m": 12356.7, "road_length_m": 32016.6, "n_road_vertices": 1840, "avg_dist_to_road_m": 67.5, "pct_area_near_road": 85.2, "color": "#dbd647", "neighbours": ["Houinmè-Daho", "Hounzévié\n"], "n_neighbours": 2, "manual_review_reasons": []}}, {"type": "Feature", "geometry": {"type": "Polygon", "coordinates": [[[2.2749758544196923, 6.406542857426727], [2.2735295713019448, 6.40708564736702], [2.2733487859122263, 6.407447507327215], [2.2726256443533526, 6.407628437307313], [2.2720832881841972, 6.408352157227704], [2.2720832881841972, 6.409980527048583], [2.2713601466253235, 6.411427966889364], [2.2709985758458866, 6.4143228465709266], [2.2706370050664497, 6.414684706531122], [2.2704562196767313, 6.415770286411708], [2.2693715073384206, 6.41794144617288], [2.2688291511692653, 6.4181223761529775], [2.268648365779547, 6.4186651660932705], [2.26828679500011, 6.418846096073368], [2.267925224220673, 6.420474465894247], [2.2668405118823625, 6.4219219057350285], [2.2664789411029256, 6.423369345575811], [2.269913863507576, 6.424273995476299], [2.2700946488972944, 6.424816785416592], [2.2706370050664497, 6.424816785416592], [2.271540932015042, 6.42572143531708], [2.2713601466253235, 6.425902365297177], [2.271540932015042, 6.426264225257373], [2.2726256443533526, 6.426264225257373], [2.2726256443533526, 6.426987945177764], [2.273168000522508, 6.427892595078252], [2.273891142081381, 6.427892595078252], [2.2740719274710997, 6.427530735118057], [2.2751566398094103, 6.427168875157862], [2.2753374251991287, 6.426807015197666], [2.2760605667580025, 6.426445155237471], [2.278049206044906, 6.426987945177764], [2.2784107768243427, 6.427349805137959], [2.2794954891626533, 6.427349805137959], [2.2796762745523718, 6.4295209648991305], [2.2791339183832164, 6.429882824859326], [2.2787723476037796, 6.431692124660303], [2.2791339183832164, 6.432053984620499], [2.2809417722804004, 6.432053984620499], [2.281122557670119, 6.431330264700108], [2.2822072700084295, 6.43114933472001], [2.2829304115673037, 6.43042561479962], [2.2836535531261775, 6.43114933472001], [2.283834338515896, 6.432958634520987], [2.2849190508542065, 6.433139564501085], [2.2854614070233614, 6.433863284421475], [2.2863653339719536, 6.432596774560792], [2.2879924024794196, 6.432596774560792], [2.2899810417663224, 6.430606544779717], [2.290704183325196, 6.430244684819522], [2.2896194709868856, 6.428073525058349], [2.2874500463102643, 6.425902365297177], [2.2874500463102643, 6.423912135516103], [2.287269260920546, 6.423912135516103], [2.2870884755308274, 6.4224646956753215], [2.286907690141109, 6.4224646956753215], [2.286546119361672, 6.4197507459738565], [2.2860037631925167, 6.418846096073368], [2.2860037631925167, 6.4181223761529775], [2.2850998362439245, 6.416855866292294], [2.2850998362439245, 6.416132146371903], [2.28329198234674, 6.4159512163918055], [2.28329198234674, 6.41558935643161], [2.2825688407878664, 6.415046566491317], [2.2822072700084295, 6.413418196670439], [2.2831111969570217, 6.412875406730146], [2.283653553126177, 6.412875406730146], [2.283653553126177, 6.41251354676995], [2.2805802015009635, 6.409799597068485], [2.2802186307215266, 6.408894947167997], [2.279495489162653, 6.408533087207801], [2.2785915622140607, 6.407447507327215], [2.2767837083168763, 6.406723787406825], [2.2760605667580025, 6.406000067486434], [2.2755182105888476, 6.406000067486434], [2.2749758544196923, 6.406542857426727]], [[2.284738265464488, 6.422826555635517], [2.284376694685051, 6.422645625655419], [2.284557480074769, 6.421198185814639], [2.2849190508542065, 6.421198185814639], [2.2852806216336434, 6.421379115794736], [2.2852806216336434, 6.422283765695224], [2.284738265464488, 6.422826555635517]], [[2.284376694685051, 6.4192079560335635], [2.284376694685051, 6.418303306133076], [2.2849190508542065, 6.418303306133076], [2.2849190508542065, 6.419027026053466], [2.284376694685051, 6.4192079560335635]]]}, "properties": {"name": "Ahouato", "commune": "ABOMEY-CALAVI", "confidence": "MEDIUM", "area_m2": 4154000.0, "perimeter_m": 13640.5, "road_length_m": 18769.0, "n_road_vertices": 1058, "avg_dist_to_road_m": 113.3, "pct_area_near_road": 62.9, "color": "#7ae040", "neighbours": ["Adovié", "Alansankomè", "Maria-Gléta\n", "Sogan", "Womey-Yénawa"], "n_neighbours": 5, "manual_review_reasons": []}}, {"type": "Feature", "geometry": {"type": "MultiPolygon", "coordinates": [[[[2.275698995978566, 6.46679254079925], [2.275698995978566, 6.46751626071964], [2.2751566398094107, 6.468420910620129], [2.2751566398094107, 6.468782770580325], [2.2755182105888476, 6.468963700560422], [2.2746142836402554, 6.468782770580324], [2.2738911420813817, 6.469144630540519], [2.2733487859122263, 6.469687420480812], [2.273168000522508, 6.470411140401203], [2.272444858963634, 6.470592070381301], [2.2726256443533526, 6.470773000361399], [2.272444858963634, 6.471677650261887], [2.2717217174047604, 6.472039510222082], [2.271902502794479, 6.472582300162376], [2.272444858963634, 6.472944160122571], [2.271902502794479, 6.473667880042962], [2.2720832881841972, 6.473667880042962], [2.2722640735739157, 6.47457252994345], [2.272806429743071, 6.474934389903646], [2.272806429743071, 6.47529624986384], [2.2722640735739157, 6.475839039804133], [2.2722640735739157, 6.476200899764328], [2.271902502794479, 6.476200899764328], [2.2713601466253235, 6.476743689704622], [2.2720832881841972, 6.47692461968472], [2.2722640735739157, 6.4776483396051106], [2.2729872151327895, 6.4781911295454035], [2.2729872151327895, 6.4792767094259895], [2.2733487859122263, 6.479457639406087], [2.2733487859122263, 6.4809050792468685], [2.2740719274710997, 6.480543219286673], [2.274795069029974, 6.480543219286673], [2.274795069029974, 6.4809050792468685], [2.2751566398094107, 6.481086009226966], [2.2749758544196923, 6.481447869187161], [2.2751566398094107, 6.482895309027942], [2.274433498250537, 6.483619028948333], [2.274433498250537, 6.4841618188886265], [2.2749758544196923, 6.484523678848822], [2.2749758544196923, 6.485247398769212], [2.2742527128608185, 6.4857901887095055], [2.274433498250537, 6.4857901887095055], [2.2746142836402554, 6.486694838609994], [2.275337425199129, 6.487056698570188], [2.2746142836402554, 6.488142278450774], [2.2746142836402554, 6.488685068391068], [2.275337425199129, 6.4890469283512635], [2.2755182105888476, 6.490494368192045], [2.2766029229271583, 6.49085622815224], [2.27642213753744, 6.492484597973119], [2.2766029229271583, 6.492484597973119], [2.2766029229271583, 6.493027387913412], [2.277326064486032, 6.49320831789351], [2.2771452790963136, 6.494474827754193], [2.2767837083168767, 6.494836687714388], [2.276060566758003, 6.494836687714388], [2.2758797813682845, 6.495198547674583], [2.275698995978566, 6.496826917495463], [2.27642213753744, 6.497912497376049], [2.27642213753744, 6.49863621729644], [2.2767837083168767, 6.498998077256635], [2.27750684987575, 6.498998077256635], [2.27750684987575, 6.49863621729644], [2.278229991434624, 6.498455287316342], [2.2793147037729344, 6.497550637415854], [2.2803994161112455, 6.4982743573362445], [2.2813033430598373, 6.498455287316342], [2.282026484618711, 6.498093427356147], [2.282749626177585, 6.497369707435756], [2.2829304115673033, 6.496826917495463], [2.2841959092953323, 6.497007847475561], [2.284919050854206, 6.4966459875153655], [2.284919050854206, 6.495198547674584], [2.2854614070233614, 6.494655757734291], [2.284919050854206, 6.49320831789351], [2.2854614070233614, 6.492665527953217], [2.286184548582235, 6.492665527953217], [2.286184548582235, 6.492484597973119], [2.2879924024794196, 6.492665527953217], [2.287269260920546, 6.491037158132337], [2.2867269047513905, 6.490494368192044], [2.2867269047513905, 6.489770648271654], [2.287269260920546, 6.489408788311459], [2.2876308316999827, 6.488323208430873], [2.288896329428012, 6.488142278450775], [2.288896329428012, 6.487599488510482], [2.289438685597167, 6.4868757685900915], [2.2905233979354778, 6.4868757685900915], [2.2905233979354778, 6.486152048669701], [2.291065754104633, 6.485609258729408], [2.291065754104633, 6.485066468789114], [2.290704183325196, 6.484885538809016], [2.2896194709868856, 6.485066468789114], [2.288534758648575, 6.484161818888626], [2.286184548582235, 6.483438098968235], [2.286546119361672, 6.481809729147357], [2.2867269047513905, 6.481809729147357], [2.2867269047513905, 6.481266939207063], [2.286546119361672, 6.481266939207063], [2.2867269047513905, 6.479638569386184], [2.286184548582235, 6.478914849465793], [2.2860037631925167, 6.476743689704621], [2.2843766946850512, 6.476924619684719], [2.2840151239056143, 6.477467409625012], [2.28329198234674, 6.477105549664817], [2.282026484618711, 6.477467409625012], [2.2818456992289926, 6.475839039804133], [2.281122557670119, 6.475115319883742], [2.2798570599420898, 6.475477179843938], [2.279495489162653, 6.47529624986384], [2.2798570599420898, 6.474391599963352], [2.2789531329934976, 6.474029740003156], [2.2785915622140607, 6.473306020082766], [2.2776876352654685, 6.473486950062863], [2.2769644937065947, 6.473125090102668], [2.2773260644860316, 6.472401370182278], [2.2776876352654685, 6.472401370182278], [2.2776876352654685, 6.471496720281789], [2.277145279096313, 6.471134860321594], [2.277145279096313, 6.470411140401204], [2.27750684987575, 6.470049280441009], [2.278229991434624, 6.470049280441009], [2.278229991434624, 6.469687420480813], [2.2785915622140607, 6.469506490500716], [2.278229991434624, 6.46751626071964], [2.2780492060449054, 6.46751626071964], [2.278229991434624, 6.467335330739544], [2.2780492060449054, 6.466249750858957], [2.275698995978566, 6.46679254079925]]], [[[2.3447590148510105, 6.522699904649429], [2.344939800240729, 6.523966414510112], [2.344578229461292, 6.524328274470308], [2.344939800240729, 6.524509204450406], [2.344939800240729, 6.525232924370797], [2.345662941799602, 6.525051994390699], [2.345662941799602, 6.524509204450405], [2.345482156409884, 6.524509204450405], [2.345662941799602, 6.523966414510113], [2.346205297968758, 6.523966414510113], [2.346205297968758, 6.524328274470308], [2.3472900103070686, 6.525051994390699], [2.3467476541379133, 6.525594784330991], [2.3463860833584764, 6.525594784330991], [2.3463860833584764, 6.5259566442911865], [2.3460245125790395, 6.526137574271284], [2.346205297968758, 6.52649943423148], [2.3460245125790395, 6.527223154151871], [2.3463860833584764, 6.527765944092164], [2.34710922491735, 6.527765944092164], [2.3472900103070686, 6.528127804052359], [2.34710922491735, 6.529213383932945], [2.347832366476224, 6.529937103853335], [2.345843727189321, 6.530479893793628], [2.3460245125790395, 6.531565473674215], [2.3465668687481944, 6.53192733363441], [2.346747654137913, 6.531565473674215], [2.3480131518659424, 6.531022683733922], [2.349097864204253, 6.531565473674215], [2.3500017911528452, 6.532651053554801], [2.350363361932282, 6.532651053554801], [2.351086503491156, 6.533374773475192], [2.351086503491156, 6.533736633435387], [2.352713571998622, 6.533917563415485], [2.3530751427780587, 6.53427942337568], [2.353436713557495, 6.534098493395582], [2.353979069726651, 6.53427942337568], [2.3537982843369325, 6.535184073276168], [2.3541598551163694, 6.535545933236364], [2.3543406405060874, 6.535365003256266], [2.3556061382341165, 6.535545933236364], [2.3556061382341165, 6.535003143296071], [2.356148494403272, 6.535003143296071], [2.3563292797929902, 6.534641283335875], [2.356871635962146, 6.534460353355778], [2.357233206741583, 6.535003143296071], [2.356871635962146, 6.536269653156754], [2.3577755629107378, 6.536812443097047], [2.3577755629107378, 6.536269653156754], [2.358317919079893, 6.535545933236364], [2.358317919079893, 6.534822213315973], [2.35867948985933, 6.534641283335875], [2.3581371336901746, 6.534279423375679], [2.358317919079893, 6.532831983534898], [2.357956348300456, 6.5326510535548], [2.357956348300456, 6.532108263614508], [2.3584987044696115, 6.531746403654313], [2.359041060638767, 6.530118033833433], [2.3581371336901746, 6.52957524389314], [2.357956348300456, 6.528489664012554], [2.357413992131301, 6.527946874072261], [2.3575947775210193, 6.525413854350894], [2.357956348300456, 6.525232924370797], [2.3575947775210193, 6.524509204450406], [2.3581371336901746, 6.523966414510113], [2.357956348300456, 6.5237854845300145], [2.3581371336901746, 6.522880834629527], [2.359041060638767, 6.521976184729038], [2.3581371336901746, 6.5221571147091355], [2.3575947775210198, 6.5216143247688425], [2.3574139921313013, 6.521976184729038], [2.356871635962146, 6.521976184729038], [2.3561484944032722, 6.5226999046494285], [2.3556061382341165, 6.522338044689233], [2.3556061382341165, 6.521976184729039], [2.3563292797929902, 6.521433394788746], [2.3563292797929902, 6.520709674868355], [2.356690850572427, 6.52034781490816], [2.3565100651827087, 6.519081305047475], [2.3556061382341165, 6.518538515107182], [2.354521425895806, 6.51871944508728], [2.354159855116369, 6.5183575851270845], [2.3530751427780583, 6.5183575851270845], [2.3530751427780583, 6.518176655146987], [2.352713571998622, 6.518176655146987], [2.3525327866089034, 6.519262235027573], [2.350905718101437, 6.519081305047475], [2.3503633619322817, 6.51871944508728], [2.350905718101437, 6.517633865206695], [2.350905718101437, 6.517091075266401], [2.3501825765425632, 6.5167292153062055], [2.3503633619322817, 6.514919915505229], [2.348736293424816, 6.514919915505229], [2.3483747226453793, 6.515462705445522], [2.347651581086505, 6.5156436354256195], [2.3469284395276313, 6.514738985525131], [2.3454821564098842, 6.514738985525131], [2.345301371020166, 6.516548285326109], [2.3456629417996027, 6.516910145286304], [2.3472900103070686, 6.517272005246499], [2.3472900103070686, 6.5178147951867915], [2.34710922491735, 6.5178147951867915], [2.34710922491735, 6.5189003750673775], [2.344939800240729, 6.519624094987768], [2.3447590148510105, 6.5199859549479635], [2.344939800240729, 6.5205287448882565], [2.344578229461292, 6.520709674868354], [2.3443974440715736, 6.521433394788745], [2.3434935171229814, 6.5216143247688425], [2.3436743025127, 6.522880834629527], [2.3447590148510105, 6.522699904649429]]]]}, "properties": {"name": "Adjagbo", "commune": "ABOMEY-CALAVI", "confidence": "HIGH", "area_m2": 6094000.0, "perimeter_m": 27560.6, "road_length_m": 40060.8, "n_road_vertices": 2174, "avg_dist_to_road_m": 48.7, "pct_area_near_road": 90.2, "color": "#cd3d8f", "neighbours": ["Adjagbo-Aïdjèdo", "Dessato\n", "Drabo", "Gbétagbo", "Glo-Tokpa", "Kpossidja", "Misséssinto", "Zèkanmey-Domè"], "n_neighbours": 8, "manual_review_reasons": []}}, {"type": "Feature", "geometry": {"type": "Polygon", "coordinates": [[[2.4519647509540454, 6.3915256690786215], [2.4519647509540454, 6.389716369277645], [2.4525071071232007, 6.389173579337352], [2.4525071071232007, 6.388630789397058], [2.4519647509540454, 6.38772613949657], [2.451603180174609, 6.38772613949657], [2.4514223947848905, 6.388087999456765], [2.45033768244658, 6.387907069476667], [2.449976111667143, 6.388087999456765], [2.4497953262774246, 6.388992649357253], [2.449072184718551, 6.388992649357253], [2.4488913993288324, 6.389354509317449], [2.448349043159677, 6.389354509317449], [2.448349043159677, 6.390440089198035], [2.4478066869905217, 6.39080194915823], [2.4478066869905217, 6.391163809118426], [2.448349043159677, 6.3915256690786215], [2.4485298285493955, 6.39387775881989], [2.4481682577699586, 6.394420548760184], [2.448710613939114, 6.394782408720379], [2.4481682577699586, 6.395144268680574], [2.44798747238024, 6.396591708521356], [2.4488913993288324, 6.398401008322333], [2.4525071071232007, 6.397990855704625], [2.4525071071232007, 6.395325198660672], [2.452145536343764, 6.394601478740281], [2.451783965564327, 6.394420548760183], [2.451783965564327, 6.394058688799989], [2.4525071071232007, 6.393334968879598], [2.4519647509540454, 6.392973108919402], [2.4519647509540454, 6.392430318979109], [2.451783965564327, 6.392430318979109], [2.451783965564327, 6.3915256690786215], [2.4519647509540454, 6.3915256690786215]]]}, "properties": {"name": "Minontchou", "commune": "COTONOU", "confidence": "HIGH", "area_m2": 463836.2, "perimeter_m": 3974.5, "road_length_m": 3692.9, "n_road_vertices": 118, "avg_dist_to_road_m": 93.1, "pct_area_near_road": 71.4, "color": "#d34580", "neighbours": ["Agbodjèdo", "Ayélawadjè-Agongbomè", "Gankpodo", "Kpondéhou", "Sègbèya-Nord"], "n_neighbours": 5, "manual_review_reasons": []}}, {"type": "Feature", "geometry": {"type": "MultiPolygon", "coordinates": [[[[2.3897745768909022, 6.378136850551393], [2.3897745768909022, 6.378679640491686], [2.3894130061114653, 6.378860570471784], [2.3894130061114653, 6.379765220372273], [2.3897745768909022, 6.379946150352371], [2.3897745768909022, 6.381031730232956], [2.389232220721747, 6.381393590193151], [2.389232220721747, 6.382479170073737], [2.3890514353320285, 6.382479170073737], [2.3890514353320285, 6.383021960014031], [2.389232220721747, 6.383021960014031], [2.3890514353320285, 6.3844693998548125], [2.389593791501184, 6.38465032983491], [2.389593791501184, 6.385374049755301], [2.390316933060057, 6.385735909715496], [2.390678503839494, 6.385374049755301], [2.3904977184497755, 6.3844693998548125], [2.3924863577366784, 6.383745679934422], [2.392667143126397, 6.383202889994129], [2.393209499295552, 6.383202889994129], [2.393209499295552, 6.383021960014031], [2.3939326408544264, 6.3833838199742265], [2.3942942116338632, 6.38465032983491], [2.3957404947516103, 6.384288469874715], [2.395559709361892, 6.384107539894616], [2.3957404947516103, 6.382841030033933], [2.3950173531927366, 6.382479170073737], [2.3950173531927366, 6.381936380133444], [2.3944749970235812, 6.381212660213054], [2.3946557824132997, 6.379946150352371], [2.3950173531927366, 6.379765220372273], [2.3950173531927366, 6.378860570471784], [2.3944749970235812, 6.378317780531491], [2.394294211633863, 6.3775940606111], [2.393571070074989, 6.377232200650905], [2.392667143126397, 6.377232200650905], [2.3924863577366784, 6.376327550750417], [2.392124786957242, 6.376327550750417], [2.391763216177805, 6.376689410710612], [2.391763216177805, 6.3775940606111], [2.3906785038394944, 6.3775940606111], [2.390497718449776, 6.377955920571296], [2.3897745768909022, 6.378136850551393]]], [[[2.3955597093618923, 6.38157452017325], [2.3957404947516103, 6.381393590193151], [2.3955597093618923, 6.381393590193151], [2.3955597093618923, 6.38157452017325]]]]}, "properties": {"name": "Missogbé", "commune": "COTONOU", "confidence": "HIGH", "area_m2": 464800.0, "perimeter_m": 4320.3, "road_length_m": 4853.8, "n_road_vertices": 164, "avg_dist_to_road_m": 37.4, "pct_area_near_road": 98.4, "color": "#60c841", "neighbours": ["Gbénonkpô", "Houéyihô-Tannou", "Midédji", "Sètôvi", "Tonato"], "n_neighbours": 5, "manual_review_reasons": []}}, {"type": "Feature", "geometry": {"type": "Polygon", "coordinates": [[[2.31583335249606, 6.368004771665924], [2.315110210937186, 6.368909421566412], [2.3149294255474677, 6.369633141486803], [2.3140254985988755, 6.370356861407194], [2.3140254985988755, 6.371442441287781], [2.315110210937186, 6.371261511307683], [2.3152909963269046, 6.371442441287781], [2.315110210937186, 6.372347091188269], [2.3152909963269046, 6.372528021168367], [2.3160141378857784, 6.372347091188269], [2.3160141378857784, 6.373070811108659], [2.3156525671063415, 6.373432671068854], [2.31583335249606, 6.37379453102905], [2.317098850224089, 6.37379453102905], [2.3172796356138075, 6.374699180929539], [2.318364347952118, 6.374518250949441], [2.3181835625623997, 6.376508480730514], [2.3176412063932443, 6.376689410710612], [2.3176412063932443, 6.378136850551394], [2.3192682749007103, 6.378317780531492], [2.3199914164595836, 6.379041500451883], [2.320533772628739, 6.37849871051159], [2.320533772628739, 6.377413130631004], [2.3210761287978943, 6.376508480730515], [2.320895343408176, 6.376327550750417], [2.320895343408176, 6.374337320969343], [2.3212569141876127, 6.373975461009148], [2.3210761287978943, 6.372166161208171], [2.321437699577331, 6.371623371267878], [2.321437699577331, 6.370537791387291], [2.3212569141876127, 6.370537791387291], [2.3210761287978943, 6.369452211506706], [2.321437699577331, 6.368728491586316], [2.321799270356768, 6.368547561606218], [2.321799270356768, 6.368185701646023], [2.322160841136205, 6.368004771665925], [2.322160841136205, 6.36764291170573], [2.323064768084797, 6.367281051745534], [2.323064768084797, 6.36673826180524], [2.3223416265259234, 6.366195471864947], [2.3223416265259234, 6.365833611904752], [2.321437699577331, 6.364928962004264], [2.321437699577331, 6.364567102044068], [2.3192682749007103, 6.364205242083873], [2.3181835625623997, 6.364928962004264], [2.3181835625623997, 6.365652681924654], [2.3178219917829628, 6.36601454188485], [2.3178219917829628, 6.366738261805241], [2.318725918731555, 6.367281051745534], [2.318725918731555, 6.367823841685826], [2.3183643479521177, 6.368004771665924], [2.318183562562399, 6.367642911705729], [2.3178219917829628, 6.367642911705729], [2.3178219917829628, 6.368004771665924], [2.31583335249606, 6.368004771665924]]]}, "properties": {"name": "Dèkoungbé-Église\n", "commune": "ABOMEY-CALAVI", "confidence": "HIGH", "area_m2": 794000.0, "perimeter_m": 6160.4, "road_length_m": 5418.9, "n_road_vertices": 192, "avg_dist_to_road_m": 83.5, "pct_area_near_road": 70.1, "color": "#68dd50", "neighbours": ["Abikouholi\n", "Agbo Codji Sèdégbé", "Gninkindji\n", "Togbin-Kpèvi"], "n_neighbours": 4, "manual_review_reasons": []}}, {"type": "Feature", "geometry": {"type": "Polygon", "coordinates": [[[2.356690850572427, 6.510034806042592], [2.3547022112855247, 6.5102157360226895], [2.3545214258958063, 6.510577595982885], [2.3547022112855247, 6.5118441058435685], [2.352713571998622, 6.5118441058435685], [2.352352001219185, 6.512748755744057], [2.351990430439748, 6.512748755744057], [2.3518096450500297, 6.513110615704252], [2.351086503491156, 6.5134724756644475], [2.3503633619322817, 6.513110615704252], [2.348917078814534, 6.5129296857241545], [2.348374722645379, 6.5123868957838615], [2.348374722645379, 6.512025035823666], [2.346566868748195, 6.512025035823666], [2.3454821564098842, 6.5129296857241545], [2.3454821564098842, 6.514196195584838], [2.345301371020166, 6.514196195584838], [2.3454821564098842, 6.514738985525132], [2.3469284395276317, 6.514738985525132], [2.3476515810865055, 6.51564363542562], [2.348374722645379, 6.515462705445523], [2.3487362934248157, 6.51491991550523], [2.350363361932282, 6.51491991550523], [2.3501825765425637, 6.516729215306206], [2.3509057181014374, 6.517091075266402], [2.3509057181014374, 6.517633865206694], [2.350363361932282, 6.518719445087281], [2.3509057181014374, 6.519081305047476], [2.352532786608903, 6.519262235027574], [2.3527135719986214, 6.518176655146988], [2.3541598551163694, 6.518357585127085], [2.3545214258958063, 6.518719445087281], [2.3548829966752427, 6.518538515107183], [2.3561484944032722, 6.518719445087281], [2.356510065182709, 6.519081305047476], [2.3566908505724276, 6.520347814908159], [2.3563292797929907, 6.520709674868354], [2.3563292797929907, 6.521433394788745], [2.355606138234117, 6.521976184729038], [2.355967709013554, 6.522699904649429], [2.3565100651827087, 6.522518974669332], [2.3568716359621456, 6.521976184729039], [2.357413992131301, 6.521976184729039], [2.3575947775210193, 6.521614324768843], [2.358137133690175, 6.522157114709136], [2.359583416807922, 6.521976184729039], [2.3601257729770775, 6.520709674868355], [2.3608489145359517, 6.520709674868355], [2.36102969992567, 6.52107153482855], [2.362114412263981, 6.52107153482855], [2.362114412263981, 6.521614324768843], [2.362837553822854, 6.521433394788746], [2.3626567684331357, 6.520890604848453], [2.363199124602291, 6.520166884928062], [2.3641030515508836, 6.52107153482855], [2.365006978499476, 6.52107153482855], [2.365549334668631, 6.521795254748941], [2.366272476227505, 6.521795254748941], [2.3668148323966602, 6.522338044689234], [2.367357188565815, 6.522338044689234], [2.368080330124689, 6.521795254748941], [2.3682611155144078, 6.522157114709136], [2.368984257073281, 6.522157114709136], [2.369345827852718, 6.521433394788746], [2.37024975480131, 6.52107153482855], [2.370611325580747, 6.520166884928062], [2.3720576086984946, 6.518900375067378], [2.3720576086984946, 6.518538515107183], [2.37259996486765, 6.518176655146988], [2.37259996486765, 6.517814795186792], [2.3733231064265237, 6.517272005246499], [2.3733231064265237, 6.516910145286304], [2.3740462479853974, 6.516186425365913], [2.376758028831174, 6.516367355346011], [2.376758028831174, 6.5140152656047405], [2.3765772434414556, 6.5140152656047405], [2.376758028831174, 6.511120385923178], [2.3765772434414556, 6.511120385923178], [2.376396458051737, 6.508768296181908], [2.375492531103145, 6.507320856341127], [2.374769389544271, 6.507501786321225], [2.373865462595679, 6.506597136420736], [2.373323106426524, 6.507320856341127], [2.372780750257369, 6.507320856341127], [2.372780750257369, 6.507501786321225], [2.372057608698495, 6.507320856341127], [2.3718768233087766, 6.5080445762615176], [2.3715152525293397, 6.508225506241615], [2.371153681749903, 6.508949226162006], [2.3697073986321553, 6.508949226162006], [2.3689842570732815, 6.509853876062494], [2.3682611155144078, 6.5102157360226895], [2.3680803301246893, 6.5107585259629825], [2.367537973955534, 6.5107585259629825], [2.367537973955534, 6.51093945594308], [2.367357188565815, 6.5107585259629825], [2.3659109054480676, 6.51093945594308], [2.365730120058349, 6.510577595982885], [2.3635606953817283, 6.5107585259629825], [2.3635606953817283, 6.51093945594308], [2.3621144122639803, 6.51093945594308], [2.3617528414845435, 6.510577595982885], [2.3601257729770775, 6.5107585259629825], [2.359944987587359, 6.510396666002787], [2.3588602752490484, 6.510396666002787], [2.358317919079893, 6.509853876062494], [2.357775562910738, 6.509853876062494], [2.3575947775210198, 6.5102157360226895], [2.356690850572427, 6.5102157360226895], [2.356690850572427, 6.510034806042592]]]}, "properties": {"name": "Misséssinto", "commune": "ABOMEY-CALAVI", "confidence": "HIGH", "area_m2": 3309200.0, "perimeter_m": 13279.3, "road_length_m": 22127.0, "n_road_vertices": 1142, "avg_dist_to_road_m": 93.9, "pct_area_near_road": 73.3, "color": "#dc3e51", "neighbours": ["Adjagbo", "Akassato", "Glo-Tokpa", "Houèkè-Honou", "Zèkanmey-Domè"], "n_neighbours": 5, "manual_review_reasons": []}}, {"type": "Feature", "geometry": {"type": "Polygon", "coordinates": [[[2.4440101938064345, 6.385193119775202], [2.4440101938064345, 6.386278699655788], [2.4427446960784054, 6.386278699655788], [2.442563910688687, 6.387364279536374], [2.44220233990925, 6.38772613949657], [2.44220233990925, 6.3888117193771565], [2.443467837637279, 6.39007822923784], [2.4431062668578423, 6.390440089198035], [2.4431062668578423, 6.391344739098524], [2.445094906144745, 6.3915256690786215], [2.4452756915344636, 6.391887529038817], [2.4456372623139, 6.391887529038817], [2.4456372623139, 6.390801949158231], [2.4467219746522106, 6.390621019178133], [2.4467219746522106, 6.3898972992577425], [2.4474451162110844, 6.3898972992577425], [2.447625901600803, 6.3893545093174495], [2.448891399328832, 6.3893545093174495], [2.4490721847185504, 6.388992649357254], [2.449795326277424, 6.388992649357254], [2.4499761116671426, 6.388087999456765], [2.449252970108269, 6.388087999456765], [2.4487106139391135, 6.387545209516472], [2.4487106139391135, 6.386278699655788], [2.4474451162110844, 6.386278699655788], [2.447625901600803, 6.385193119775202], [2.4459988330933373, 6.385193119775202], [2.4456372623139004, 6.385735909715495], [2.4445525499755894, 6.385193119775202], [2.4440101938064345, 6.385193119775202]]]}, "properties": {"name": "Sègbèya-Nord", "commune": "COTONOU", "confidence": "HIGH", "area_m2": 380800.0, "perimeter_m": 3439.9, "road_length_m": 4548.9, "n_road_vertices": 116, "avg_dist_to_road_m": 40.7, "pct_area_near_road": 98.2, "color": "#c64b87", "neighbours": ["Adôgléta", "Agbodjèdo", "Ayélawadjè-Agongbomè", "Hlacômey", "Minontchou", "Sègbèya-Sud"], "n_neighbours": 6, "manual_review_reasons": []}}, {"type": "Feature", "geometry": {"type": "Polygon", "coordinates": [[[2.442563910688687, 6.376146620770319], [2.4423831252989685, 6.379041500451883], [2.4431062668578423, 6.379584290392176], [2.4450949061447447, 6.379403360412078], [2.445275691534463, 6.379041500451883], [2.4456372623139004, 6.379403360412078], [2.4467219746522106, 6.379403360412078], [2.446902760041929, 6.379041500451883], [2.4472643308213664, 6.379403360412078], [2.448168257769958, 6.379403360412078], [2.4483490431596766, 6.378860570471785], [2.4487106139391135, 6.378860570471785], [2.448529828549395, 6.377232200650905], [2.4479874723802397, 6.376689410710612], [2.4470835454316475, 6.376689410710612], [2.446902760041929, 6.376146620770319], [2.442563910688687, 6.376146620770319]]]}, "properties": {"name": "Midombo", "commune": "COTONOU", "confidence": "HIGH", "area_m2": 226400.0, "perimeter_m": 2319.8, "road_length_m": 1886.7, "n_road_vertices": 44, "avg_dist_to_road_m": 45.2, "pct_area_near_road": 99.3, "color": "#50d9b9", "neighbours": ["Adjégounlè", "Ayélawadjè", "Ayélawadjè-Agongbomè", "Kpankpan", "Sègbèya-Sud"], "n_neighbours": 5, "manual_review_reasons": []}}, {"type": "Feature", "geometry": {"type": "Polygon", "coordinates": [[[2.3641030515508836, 6.386821489596082], [2.365187763889194, 6.387364279536375], [2.3655493346686307, 6.38700241957618], [2.3666340470069414, 6.38700241957618], [2.3666340470069414, 6.386821489596082], [2.3675379739555336, 6.386821489596082], [2.3675379739555336, 6.3866405596159845], [2.368984257073281, 6.386821489596082], [2.3695266132424364, 6.386459629635887], [2.3707921109704655, 6.386278699655789], [2.370611325580747, 6.385374049755301], [2.3711536817499024, 6.385193119775203], [2.370972896360184, 6.383383819974226], [2.3700689694115917, 6.382841030033933], [2.3700689694115917, 6.3822982400936406], [2.3704305401910286, 6.3822982400936406], [2.3707921109704655, 6.381755450153347], [2.3702497548013106, 6.381755450153347], [2.369707398632155, 6.382117310113542], [2.3695266132424364, 6.380127080332468], [2.3689842570732815, 6.380488940292663], [2.3688034716835626, 6.380308010312565], [2.367718759345252, 6.380488940292663], [2.3675379739555336, 6.380127080332468], [2.3669956177863787, 6.380488940292663], [2.3657301200583496, 6.380308010312565], [2.365549334668631, 6.380669870272761], [2.3646454077200385, 6.380488940292663], [2.3646454077200385, 6.380308010312565], [2.3634527456116308, 6.380308010312565], [2.3633956836498062, 6.386821489596082], [2.3641030515508836, 6.386821489596082]]]}, "properties": {"name": "Agla-Les-Pylônes", "commune": "COTONOU", "confidence": "HIGH", "area_m2": 556071.0, "perimeter_m": 3870.2, "road_length_m": 12130.6, "n_road_vertices": 452, "avg_dist_to_road_m": 33.3, "pct_area_near_road": 99.1, "color": "#c74a93", "neighbours": ["Agla-Agongbomey", "Agla-Centre", "Agla-Petit-Château", "Kindonou", "Mènontin"], "n_neighbours": 5, "manual_review_reasons": []}}, {"type": "Feature", "geometry": {"type": "MultiPolygon", "coordinates": [[[[2.352352001219185, 6.439110253844307], [2.351990430439748, 6.4398339737646975], [2.3512672888808743, 6.4403767637049905], [2.3514480742705928, 6.440738623665186], [2.351086503491156, 6.441462343585577], [2.351628859660311, 6.442366993486065], [2.3505441473220006, 6.44272885344626], [2.3505441473220006, 6.4436335033467484], [2.3501825765425637, 6.443814433326846], [2.3501825765425637, 6.44435722326714], [2.3505441473220006, 6.444719083227334], [2.34945943498369, 6.444719083227334], [2.34945943498369, 6.445442803147726], [2.3500017911528452, 6.445623733127824], [2.349821005763127, 6.446528383028311], [2.349097864204253, 6.446528383028311], [2.349097864204253, 6.447252102948702], [2.348736293424816, 6.447252102948702], [2.348736293424816, 6.447794892888995], [2.347832366476224, 6.447794892888995], [2.347832366476224, 6.448337682829288], [2.3454821564098842, 6.448699542789483], [2.3454821564098842, 6.44978512267007], [2.345843727189321, 6.450146982630265], [2.3463860833584764, 6.450146982630265], [2.346566868748195, 6.451232562510851], [2.347470795696787, 6.451413492490949], [2.3476515810865055, 6.452318142391437], [2.3483747226453793, 6.452318142391437], [2.3485555080350977, 6.452680002351633], [2.3487362934248157, 6.452499072371535], [2.3496402203734084, 6.452680002351633], [2.3500017911528452, 6.453041862311828], [2.349821005763127, 6.453765582232219], [2.3509057181014374, 6.453584652252121], [2.351086503491156, 6.454127442192414], [2.351628859660311, 6.454127442192414], [2.351628859660311, 6.454308372172512], [2.3525327866089034, 6.454127442192414], [2.352713571998622, 6.454670232132707], [2.3532559281677767, 6.454670232132707], [2.3545214258958063, 6.453765582232219], [2.3547022112855247, 6.454308372172512], [2.3556061382341165, 6.454489302152609], [2.356148494403272, 6.454127442192414], [2.3563292797929902, 6.45286093233173], [2.3575947775210193, 6.45286093233173], [2.357956348300456, 6.452318142391437], [2.358498704469612, 6.452318142391437], [2.358498704469612, 6.452499072371535], [2.359041060638767, 6.452318142391437], [2.3588602752490484, 6.451413492490948], [2.3584987044696115, 6.45123256251085], [2.3588602752490484, 6.450508842590461], [2.3592218460284857, 6.450508842590461], [2.3595834168079226, 6.451232562510851], [2.3601257729770775, 6.451232562510851], [2.3610296999256697, 6.449966052650168], [2.364283836940602, 6.450327912610363], [2.364283836940602, 6.450508842590461], [2.368984257073281, 6.450689772570558], [2.368984257073281, 6.450508842590461], [2.3720576086984946, 6.450146982630265], [2.3720576086984946, 6.449966052650168], [2.374769389544271, 6.449423262709875], [2.374769389544271, 6.449242332729777], [2.375492531103145, 6.449242332729777], [2.3760348872723003, 6.448880472769582], [2.376758028831174, 6.448880472769582], [2.3773003850003294, 6.448518612809386], [2.378023526559203, 6.448518612809386], [2.3785658827283584, 6.448156752849191], [2.379289024287232, 6.448156752849191], [2.3765772434414556, 6.440738623665186], [2.3736846772059605, 6.431330264700107], [2.3722383940882135, 6.4318730546404], [2.372057608698495, 6.4322349146005955], [2.369165042463, 6.433682354441377], [2.3686226862938446, 6.433682354441377], [2.365006978499476, 6.4354916542423535], [2.3648261931097574, 6.435853514202549], [2.363922266161165, 6.435853514202549], [2.3631991246022914, 6.436215374162744], [2.362295197653699, 6.436215374162744], [2.3615720560948255, 6.4365772341229395], [2.3606681291462333, 6.4365772341229395], [2.3599449875873595, 6.436939094083135], [2.3566908505724276, 6.437481884023428], [2.355967709013554, 6.437843743983623], [2.3557869236238353, 6.4382056039438185], [2.3554253528443985, 6.4382056039438185], [2.3545214258958063, 6.439110253844307], [2.353617498947214, 6.439110253844307], [2.353617498947214, 6.4392911838244045], [2.352352001219185, 6.439110253844307]]], [[[2.345482156409884, 6.448699542789484], [2.345301371020166, 6.448518612809385], [2.345301371020166, 6.448699542789484], [2.345482156409884, 6.448699542789484]]]]}, "properties": {"name": "Agori", "commune": "ABOMEY-CALAVI", "confidence": "MANUAL_REVIEW", "area_m2": 5253786.0, "perimeter_m": 13634.6, "road_length_m": 17087.3, "n_road_vertices": 748, "avg_dist_to_road_m": 739.9, "pct_area_near_road": 30.8, "color": "#c644d0", "neighbours": ["Agamandin", "Finafa\n", "Sèmè", "Tokpa-Zoungo-Nord\n"], "n_neighbours": 4, "manual_review_reasons": ["avg distance to owned road 740 m"]}}, {"type": "Feature", "geometry": {"type": "Polygon", "coordinates": [[[2.4769131347351907, 6.379222430431979], [2.4769131347351907, 6.381031730232956], [2.4767323493454723, 6.3812126602130546], [2.4776362762940645, 6.382117310113543], [2.4779978470735013, 6.382117310113543], [2.4779978470735013, 6.382660100053836], [2.4789017740220936, 6.3828410300339335], [2.478720988632375, 6.384107539894617], [2.479082559411812, 6.384650329834909], [2.4783594178529382, 6.3853740497553], [2.477455490904346, 6.3853740497553], [2.4776362762940645, 6.386459629635886], [2.4769131347351907, 6.386278699655788], [2.476551563955754, 6.387002419576179], [2.476189993176317, 6.387183349556277], [2.476189993176317, 6.3877261394965705], [2.4767323493454723, 6.3882689294368635], [2.4772747055146276, 6.389716369277645], [2.4776362762940645, 6.3898972992577425], [2.4779978470735013, 6.3909828791383285], [2.4783594178529382, 6.391163809118426], [2.4801672717501226, 6.3947824087203795], [2.480348057139841, 6.394963338700477], [2.4816135548678697, 6.394903393016754], [2.4807096279192775, 6.387364279536374], [2.480528842529559, 6.382841030033933], [2.4807096279192775, 6.38157452017325], [2.4816135548678697, 6.377774990591199], [2.485771618831394, 6.375915866085499], [2.485771618831394, 6.375603830830026], [2.4852292626622385, 6.375603830830026], [2.48504847727252, 6.374880110909635], [2.4843253357136463, 6.374880110909635], [2.484144550323928, 6.374337320969342], [2.4837829795444915, 6.374880110909635], [2.4837829795444915, 6.375422900849928], [2.483421408765054, 6.375422900849928], [2.4832406233753357, 6.374880110909635], [2.4826982672061804, 6.374880110909635], [2.4826982672061804, 6.374337320969342], [2.4814327694781513, 6.373975461009147], [2.480890413308996, 6.373432671068854], [2.480709627919278, 6.373613601048952], [2.4796249155809673, 6.373432671068854], [2.4792633448015304, 6.373613601048952], [2.4792633448015304, 6.373975461009147], [2.4785402032426567, 6.373975461009147], [2.478720988632375, 6.375965690790222], [2.4789017740220936, 6.375965690790222], [2.4792633448015304, 6.377232200650905], [2.478720988632375, 6.377232200650905], [2.478720988632375, 6.378317780531491], [2.4776362762940645, 6.378317780531491], [2.4776362762940645, 6.379222430431979], [2.4769131347351907, 6.379222430431979]]]}, "properties": {"name": "Tchanhounkpamè", "commune": "COTONOU", "confidence": "MEDIUM", "area_m2": 885226.1, "perimeter_m": 7969.5, "road_length_m": 22960.8, "n_road_vertices": 724, "avg_dist_to_road_m": 164.7, "pct_area_near_road": 67.4, "color": "#d38948", "neighbours": ["Avotrou-Aïmonlonfidé", "Avotrou-Houézèkomè", "Dandji", "Dandji-Hokanmè", "Yénawa-Daho"], "n_neighbours": 5, "manual_review_reasons": []}}, {"type": "Feature", "geometry": {"type": "Polygon", "coordinates": [[[2.45033768244658, 6.367823841685826], [2.4501568970568615, 6.370356861407194], [2.4488913993288324, 6.370899651347487], [2.448710613939114, 6.372347091188269], [2.449976111667143, 6.372347091188269], [2.449976111667143, 6.372708951148464], [2.4505184678362983, 6.37307081110866], [2.45033768244658, 6.37379453102905], [2.451241609395172, 6.374699180929539], [2.452145536343764, 6.374699180929539], [2.4523263217334823, 6.374337320969343], [2.4532302486820745, 6.374518250949441], [2.453411034071793, 6.373613601048953], [2.454676531799822, 6.37379453102905], [2.4548573171895405, 6.373613601048953], [2.454676531799822, 6.371623371267878], [2.455038102579259, 6.371261511307682], [2.454314961020385, 6.370718721367389], [2.4535918194615114, 6.370899651347487], [2.453411034071793, 6.370356861407194], [2.4525071071232007, 6.369452211506705], [2.45142239478489, 6.368909421566412], [2.45033768244658, 6.367823841685826]]]}, "properties": {"name": "Fifatin", "commune": "COTONOU", "confidence": "HIGH", "area_m2": 284800.0, "perimeter_m": 3120.1, "road_length_m": 2405.9, "n_road_vertices": 58, "avg_dist_to_road_m": 51.8, "pct_area_near_road": 91.0, "color": "#4bd29e", "neighbours": ["Ayélawadjè", "Gbèdjèwin", "Irédé", "Lom-Nava", "Sodjatinmè-Centre", "Sodjatinmè-Ouest"], "n_neighbours": 6, "manual_review_reasons": []}}, {"type": "Feature", "geometry": {"type": "Polygon", "coordinates": [[[2.29377753495041, 6.397134498461648], [2.2919696810532257, 6.398943798262625], [2.290884968714915, 6.398401008322332], [2.2898002563766044, 6.399486588202918], [2.289619470986886, 6.4007530980636025], [2.289981041766323, 6.4009340280437], [2.2903426125457598, 6.402200537904384], [2.290884968714915, 6.402562397864579], [2.290884968714915, 6.402924257824774], [2.290523397935478, 6.402924257824774], [2.290523397935478, 6.403828907725263], [2.2914273248840704, 6.4040098377053605], [2.2914273248840704, 6.404371697665555], [2.2910657541046335, 6.404371697665555], [2.2910657541046335, 6.405276347566044], [2.2914273248840704, 6.405638207526239], [2.290884968714915, 6.405819137506336], [2.290884968714915, 6.406723787406825], [2.2907041833251967, 6.406723787406825], [2.2907041833251967, 6.407085647367021], [2.2910657541046335, 6.4072665773471185], [2.2910657541046335, 6.407990297267508], [2.2907041833251967, 6.408171227247607], [2.290884968714915, 6.408171227247607], [2.290884968714915, 6.4087140171879], [2.2914273248840704, 6.409075877148095], [2.290884968714915, 6.409618667088388], [2.2914273248840704, 6.4099805270485835], [2.291608110273789, 6.4105233169888765], [2.2919696810532257, 6.4105233169888765], [2.2919696810532257, 6.411066106929169], [2.2917888956635073, 6.411066106929169], [2.2917888956635073, 6.41178982684956], [2.292150466442944, 6.411970756829658], [2.2919696810532257, 6.412875406730146], [2.292512037222381, 6.413599126650537], [2.292873608001818, 6.413599126650537], [2.2926928226120995, 6.4143228465709266], [2.292150466442944, 6.414503776551024], [2.292150466442944, 6.415046566491318], [2.2926928226120995, 6.415227496471416], [2.2926928226120995, 6.415770286411708], [2.2923312518326626, 6.4159512163918055], [2.292512037222381, 6.417036796272392], [2.2928736080018175, 6.41721772625249], [2.2932351787812544, 6.416855866292295], [2.2943198911195655, 6.416855866292295], [2.2946814618990024, 6.417760516192783], [2.295585388847594, 6.417760516192783], [2.295585388847594, 6.416494006332099], [2.296850886575623, 6.416313076352002], [2.2973932427447785, 6.415589356431611], [2.2977548135242154, 6.415589356431611], [2.2982971696933707, 6.415046566491318], [2.297935598913934, 6.413780056630634], [2.2986587404728076, 6.413780056630634], [2.298477955083089, 6.413056336710244], [2.2990203112522445, 6.412513546769951], [2.298839525862526, 6.411066106929169], [2.2986587404728076, 6.411066106929169], [2.298839525862526, 6.40943773710829], [2.298477955083089, 6.4088949471679975], [2.299201096641963, 6.408533087207802], [2.298839525862526, 6.407990297267508], [2.298839525862526, 6.407447507327216], [2.2995626674214, 6.407447507327216], [2.300105023590555, 6.406904717386923], [2.2999242382008367, 6.405819137506337], [2.300105023590555, 6.405819137506337], [2.300105023590555, 6.4050954175859465], [2.300466594369992, 6.404914487605849], [2.300466594369992, 6.4040098377053605], [2.300828165149429, 6.403828907725263], [2.300828165149429, 6.403105187804871], [2.3002858089802736, 6.403105187804871], [2.300466594369992, 6.402562397864578], [2.3002858089802736, 6.402562397864578], [2.300105023590555, 6.4007530980636025], [2.3010089505391473, 6.400572168083505], [2.3010089505391473, 6.400391238103407], [2.3019128774877395, 6.400391238103407], [2.303720731384924, 6.399305658222821], [2.3051670145026715, 6.3991247282427235], [2.305709370671827, 6.39858193830243], [2.3055285852821084, 6.39858193830243], [2.3055285852821084, 6.397858218382039], [2.30534779989239, 6.397858218382039], [2.30534779989239, 6.397134498461648], [2.304986229112953, 6.396410778541258], [2.303539945995206, 6.39622984856116], [2.303539945995206, 6.396591708521355], [2.3031783752157686, 6.396772638501453], [2.3028168044363317, 6.395506128640769], [2.3020936628774584, 6.395506128640769], [2.30191287748774, 6.39622984856116], [2.301370521318584, 6.39622984856116], [2.301370521318584, 6.395506128640769], [2.300828165149429, 6.394963338700476], [2.2993818820316814, 6.395144268680574], [2.299201096641963, 6.394782408720379], [2.2988395258625265, 6.394963338700476], [2.298297169693371, 6.394782408720379], [2.298297169693371, 6.395687058620868], [2.298658740472808, 6.396410778541258], [2.2981163843036527, 6.396591708521355], [2.2979355989139343, 6.398220078342234], [2.29721245735506, 6.397858218382039], [2.2970316719653416, 6.397496358421844], [2.2952238180681572, 6.397134498461648], [2.295043032678439, 6.396591708521355], [2.29377753495041, 6.397134498461648]]]}, "properties": {"name": "Sodo\n", "commune": "ABOMEY-CALAVI", "confidence": "HIGH", "area_m2": 2219600.0, "perimeter_m": 11120.4, "road_length_m": 24517.6, "n_road_vertices": 978, "avg_dist_to_road_m": 44.4, "pct_area_near_road": 89.2, "color": "#d77846", "neighbours": ["Cocotomey", "Fandji\n", "Maria-Gléta\n", "Tokpa\n", "Womey-Centre\n", "Womey-Yénawa"], "n_neighbours": 6, "manual_review_reasons": []}}, {"type": "Feature", "geometry": {"type": "Polygon", "coordinates": [[[2.4830598379856177, 6.359862922561529], [2.4821559110370255, 6.370175931427096], [2.481975125647307, 6.370175931427096], [2.481975125647307, 6.371080581327584], [2.48161355486787, 6.371261511307682], [2.4817943402575886, 6.372528021168366], [2.4812519840884333, 6.372889881128561], [2.4808904133089964, 6.373613601048953], [2.482698267206181, 6.374337320969343], [2.482698267206181, 6.374880110909636], [2.483240623375336, 6.374880110909636], [2.4834214087650546, 6.375422900849929], [2.483782979544491, 6.375422900849929], [2.4839637649342095, 6.374337320969343], [2.4841445503239283, 6.374337320969343], [2.4843253357136468, 6.374880110909636], [2.4850484772725205, 6.374880110909636], [2.4850484772725205, 6.375422900849929], [2.4857716188313943, 6.375603830830027], [2.4857716188313943, 6.375915866085498], [2.4868563311697045, 6.375422900849929], [2.48739868733886, 6.36673826180524], [2.4868563311697045, 6.36673826180524], [2.4868563311697045, 6.364928962004264], [2.485410048051957, 6.364748032024166], [2.4855908334416754, 6.364386172063972], [2.485410048051957, 6.36293873222319], [2.485771618831394, 6.362757802243093], [2.4855908334416754, 6.361672222362507], [2.4859524042211123, 6.361491292382409], [2.4859524042211123, 6.361129432422213], [2.484867691882802, 6.360948502442115], [2.4846869064930837, 6.36131036240231], [2.4843253357136463, 6.36131036240231], [2.483782979544491, 6.360043852541627], [2.4830598379856177, 6.359862922561529]]]}, "properties": {"name": "Dandji-Hokanmè", "commune": "COTONOU", "confidence": "HIGH", "area_m2": 776922.3, "perimeter_m": 5532.1, "road_length_m": 23965.7, "n_road_vertices": 760, "avg_dist_to_road_m": 40.9, "pct_area_near_road": 99.0, "color": "#4bcebd", "neighbours": ["Dandji", "Finagnon", "Tchanhounkpamè", "Tokplégbé"], "n_neighbours": 4, "manual_review_reasons": []}}, {"type": "Feature", "geometry": {"type": "Polygon", "coordinates": [[[2.4403944860120657, 6.394239618780086], [2.435151709710231, 6.396953568481551], [2.434790138930794, 6.398401008322333], [2.4412984129606574, 6.395144268680575], [2.4412984129606574, 6.3942396187800865], [2.4418407691298127, 6.3936968288397935], [2.4418407691298127, 6.393334968879597], [2.441117627570939, 6.391887529038816], [2.4403944860120657, 6.392611248959207], [2.440575271401784, 6.392973108919403], [2.4403944860120657, 6.394239618780086]]]}, "properties": {"name": "Agbatô", "commune": "COTONOU", "confidence": "MANUAL_REVIEW", "area_m2": 123200.0, "perimeter_m": 3039.9, "road_length_m": 230.5, "n_road_vertices": 8, "avg_dist_to_road_m": 278.6, "pct_area_near_road": 36.0, "color": "#87d24a", "neighbours": ["Hlacômey", "Ladji"], "n_neighbours": 2, "manual_review_reasons": ["avg distance to owned road 279 m"]}}, {"type": "Feature", "geometry": {"type": "Polygon", "coordinates": [[[2.4320783580850174, 6.366195471864947], [2.431536001915862, 6.36673826180524], [2.4309936457467067, 6.367823841685826], [2.4309936457467067, 6.368366631626119], [2.4304512895775514, 6.368728491586315], [2.4297281480186776, 6.368728491586315], [2.4297281480186776, 6.369452211506705], [2.4293665772392408, 6.369633141486803], [2.429547362628959, 6.370356861407195], [2.430089718798114, 6.370356861407195], [2.4302705041878325, 6.369814071466902], [2.4309936457467063, 6.370175931427097], [2.4311744311364247, 6.369633141486804], [2.4320783580850174, 6.369633141486804], [2.4320783580850174, 6.369995001446999], [2.4324399288644543, 6.369995001446999], [2.432801499643891, 6.370537791387292], [2.433343855813046, 6.37071872136739], [2.433343855813046, 6.369814071466902], [2.433705426592483, 6.369633141486804], [2.4335246412027645, 6.369452211506705], [2.433705426592483, 6.367823841685827], [2.43406699737192, 6.367461981725631], [2.4335246412027645, 6.366919191785338], [2.4331630704233276, 6.366919191785338], [2.4326207142541723, 6.366195471864947], [2.4320783580850174, 6.366195471864947]]]}, "properties": {"name": "Nouveau-Pont", "commune": "COTONOU", "confidence": "HIGH", "area_m2": 133600.0, "perimeter_m": 2320.1, "road_length_m": 1138.9, "n_road_vertices": 32, "avg_dist_to_road_m": 47.7, "pct_area_near_road": 92.5, "color": "#dcc353", "neighbours": ["Bocossi-Tokpa", "Dantôkpa", "Gbédokpo", "Jéricho-Sud", "Sèdjro-Saint-Michel"], "n_neighbours": 5, "manual_review_reasons": []}}, {"type": "Feature", "geometry": {"type": "MultiPolygon", "coordinates": [[[[2.374769389544271, 6.579873778360291], [2.374046247985398, 6.580054708340389], [2.373323106426524, 6.580959358240877], [2.3729615356470872, 6.580959358240877], [2.372057608698495, 6.581864008141365], [2.3718768233087766, 6.584216097882636], [2.3722383940882135, 6.58457795784283], [2.3718768233087766, 6.584939817803026], [2.371153681749903, 6.587291907544295], [2.3702497548013106, 6.587472837524393], [2.3702497548013106, 6.587653767504491], [2.3691650424629995, 6.587653767504491], [2.3691650424629995, 6.587472837524393], [2.3682611155144073, 6.587291907544295], [2.367718759345252, 6.586568187623905], [2.3671764031760967, 6.586568187623905], [2.3666340470069414, 6.586206327663709], [2.3651877638891943, 6.587110977564198], [2.3651877638891943, 6.588558417404979], [2.365006978499476, 6.588558417404979], [2.3651877638891943, 6.593262596887518], [2.364283836940602, 6.593986316807909], [2.364283836940602, 6.594348176768104], [2.3635606953817283, 6.5947100367283], [2.3631991246022914, 6.5957956166088865], [2.36337990999201, 6.5957956166088865], [2.36337990999201, 6.597604916409863], [2.363922266161165, 6.597785846389961], [2.3644646223303205, 6.5985095663103515], [2.3651877638891943, 6.5985095663103515], [2.365910905448068, 6.598871426270547], [2.367176403176097, 6.599957006151133], [2.3660916908377865, 6.601585375972012], [2.3668148323966602, 6.6023090958924024], [2.3668148323966602, 6.602670955852598], [2.3673571885658156, 6.603032815812793], [2.3677187593452524, 6.603937465713281], [2.3682611155144073, 6.603937465713281], [2.3688034716835626, 6.6023090958924024], [2.3691650424629995, 6.602128165912305], [2.3702497548013106, 6.6023090958924024], [2.371696037919058, 6.603756535733184], [2.3729615356470872, 6.606832345394844], [2.3765772434414556, 6.609184435136114], [2.3769388142208925, 6.608460715215723], [2.378023526559203, 6.60791792527543], [2.379650595066669, 6.607556065315235], [2.379650595066669, 6.607375135335137], [2.380373736625543, 6.607375135335137], [2.3807353074049797, 6.607013275374942], [2.381277663574135, 6.607013275374942], [2.3823623759124457, 6.606470485434649], [2.383627873640475, 6.604661185633672], [2.384893371368504, 6.604661185633672], [2.385797298317096, 6.604118395693379], [2.3870627960451256, 6.604118395693379], [2.3870627960451256, 6.604299325673477], [2.387424366824562, 6.604118395693379], [2.387424366824562, 6.60321374579289], [2.3867012252656883, 6.601766305952109], [2.3868820106554067, 6.599233286230741], [2.3867012252656883, 6.599233286230741], [2.38652043987597, 6.597966776370058], [2.386158869096533, 6.597604916409862], [2.386158869096533, 6.597062126469569], [2.385797298317096, 6.596700266509374], [2.385797298317096, 6.59543375664869], [2.3856165129273776, 6.59543375664869], [2.385435727537659, 6.594167246788007], [2.3852549421479408, 6.594167246788007], [2.385435727537659, 6.593262596887519], [2.3863396544862514, 6.5919960870268355], [2.387424366824562, 6.591815157046738], [2.388147508383436, 6.591272367106445], [2.388689864552591, 6.591272367106445], [2.388689864552591, 6.591091437126347], [2.389051435332028, 6.5909105071462495], [2.390316933060057, 6.590548647186054], [2.3908592892292124, 6.590005857245761], [2.3914016453983677, 6.588015627464687], [2.3921247869572415, 6.5876537675044915], [2.3921247869572415, 6.587472837524394], [2.392667143126397, 6.5871109775641985], [2.392667143126397, 6.586930047584101], [2.396102065531047, 6.583673307942343], [2.396102065531047, 6.583492377962245], [2.3962828509207657, 6.583492377962245], [2.3962828509207657, 6.58313051800205], [2.3966444217002025, 6.582949588021952], [2.3970059924796394, 6.5822258681015615], [2.3970059924796394, 6.580959358240877], [2.3957404947516103, 6.580597498280682], [2.395198138582455, 6.579150058439901], [2.395559709361892, 6.578607268499608], [2.3957404947516103, 6.5773407586389245], [2.396102065531047, 6.577159828658827], [2.396102065531047, 6.5767979686986315], [2.396463636310484, 6.576617038718534], [2.3970059924796394, 6.57535052885785], [2.3973675632590763, 6.5751695988777525], [2.3979099194282316, 6.573903089017069], [2.398452275597387, 6.573360299076776], [2.3989946317665423, 6.571189139315603], [2.3939326408544264, 6.572093789216091], [2.3935710700749895, 6.572455649176287], [2.392486357736679, 6.572636579156384], [2.392124786957242, 6.57299843911658], [2.3915824307880866, 6.57299843911658], [2.3912208600086498, 6.573360299076775], [2.3906785038394944, 6.573360299076775], [2.3895937915011833, 6.573903089017068], [2.3868820106554067, 6.572274719196189], [2.3863396544862514, 6.572274719196189], [2.3856165129273776, 6.571731929255896], [2.3850741567582223, 6.571731929255896], [2.3834470882507564, 6.570827279355408], [2.3820008051330093, 6.570465419395212], [2.3800121658461064, 6.574445878957361], [2.379469809676951, 6.574988668897654], [2.3792890242872327, 6.57607424877824], [2.3789274535077958, 6.576436108738435], [2.3789274535077958, 6.577521688619021], [2.378565882728359, 6.578245408539412], [2.378204311948922, 6.57842633851951], [2.378204311948922, 6.578788198479705], [2.3771195996106114, 6.579511918400096], [2.3754925311031454, 6.579873778360291], [2.3754925311031454, 6.580054708340389], [2.374769389544271, 6.580054708340389], [2.374769389544271, 6.579873778360291]], [[2.376396458051737, 6.584216097882635], [2.3762156726620187, 6.583492377962245], [2.376577243441456, 6.584216097882635], [2.376396458051737, 6.584216097882635]]], [[[2.385254942147941, 6.605927695494356], [2.3861588690965334, 6.606832345394844], [2.387243581434844, 6.607194205355039], [2.3874243668245625, 6.607556065315235], [2.389593791501184, 6.608641645195821], [2.3912208600086498, 6.609003505156016], [2.3912208600086498, 6.609184435136114], [2.393028713905834, 6.609365365116211], [2.393028713905834, 6.609546295096309], [2.39700599247964, 6.609908155056504], [2.39700599247964, 6.610089085036602], [2.399536987935698, 6.6102700150167], [2.399536987935698, 6.610450944996797], [2.4009832710534456, 6.610450944996797], [2.4009832710534456, 6.610631874976895], [2.4035142665095037, 6.610812804956993], [2.4035142665095037, 6.61099373493709], [2.404598978847814, 6.61099373493709], [2.404598978847814, 6.610631874976895], [2.405502905796406, 6.609908155056504], [2.4056836911861246, 6.609184435136114], [2.4064068327449983, 6.608460715215723], [2.4064068327449983, 6.607556065315235], [2.4065876181347168, 6.607556065315235], [2.4065876181347168, 6.605927695494355], [2.4064068327449983, 6.605927695494355], [2.4064068327449983, 6.605384905554062], [2.4060452619655615, 6.6050230455938665], [2.4060452619655615, 6.6044802556535736], [2.405502905796406, 6.6033946757729876], [2.4047797642375324, 6.602851885832695], [2.4008024856637267, 6.602670955852597], [2.399717773325416, 6.601766305952109], [2.399717773325416, 6.599776076171035], [2.400079344104853, 6.599233286230742], [2.4002601294945713, 6.5979667763700585], [2.4006217002740082, 6.597785846389961], [2.400983271053445, 6.596700266509375], [2.401344841832882, 6.596519336529277], [2.4015256272226004, 6.5957956166088865], [2.402610339560911, 6.594890966708398], [2.4040566226786586, 6.5947100367283005], [2.4040566226786586, 6.594529106748203], [2.405106821743187, 6.5947100367283005], [2.406768403524435, 6.589548123360921], [2.4047797642375324, 6.587472837524393], [2.4027911249506295, 6.582949588021951], [2.4020679833917558, 6.582406798081658], [2.4018871980020373, 6.582044938121463], [2.4011640564431636, 6.581683078161268], [2.3973675632590767, 6.581140288220975], [2.3971867778693583, 6.582406798081658], [2.396282850920766, 6.583492377962244], [2.396282850920766, 6.58385423792244], [2.392486357736679, 6.587653767504491], [2.392124786957242, 6.587653767504491], [2.392124786957242, 6.587834697484588], [2.3915824307880866, 6.588196557444784], [2.3910400746189313, 6.590186787225858], [2.390497718449776, 6.590729577166151], [2.3897745768909022, 6.591091437126346], [2.3890514353320285, 6.591091437126346], [2.387605152214281, 6.591996087026835], [2.3865204398759703, 6.592177017006932], [2.385978083706815, 6.592719806947225], [2.385978083706815, 6.593081666907421], [2.385616512927378, 6.593262596887518], [2.385616512927378, 6.594529106748203], [2.385978083706815, 6.5952528266685935], [2.385978083706815, 6.596519336529277], [2.3867012252656887, 6.597785846389961], [2.386882010655407, 6.598871426270547], [2.3870627960451256, 6.598871426270547], [2.386882010655407, 6.601404445991914], [2.3870627960451256, 6.601404445991914], [2.3870627960451256, 6.6023090958924024], [2.387605152214281, 6.603032815812793], [2.3877859376039994, 6.6039374657132806], [2.3874243668245625, 6.6044802556535736], [2.3854357275376596, 6.6044802556535736], [2.3850741567582228, 6.604842115613769], [2.3838086590301937, 6.604842115613769], [2.3836278736404752, 6.605203975573964], [2.3832663028610384, 6.605203975573964], [2.3829047320816015, 6.606289555454551], [2.385254942147941, 6.605927695494356]]], [[[2.3986330609871054, 6.575712388818045], [2.3986330609871054, 6.573541229056873], [2.3984522755973874, 6.573541229056873], [2.3977291340385136, 6.574988668897654], [2.3973675632590767, 6.575169598877752], [2.3971867778693583, 6.575893318798142], [2.3964636363104845, 6.576617038718533], [2.396282850920766, 6.577340758638924], [2.395921280141329, 6.577521688619021], [2.395921280141329, 6.578064478559314], [2.3955597093618923, 6.578607268499607], [2.3957404947516108, 6.580235638320487], [2.39700599247964, 6.58077842826078], [2.39700599247964, 6.580959358240878], [2.4006217002740087, 6.581321218201073], [2.4006217002740087, 6.581502148181171], [2.4013448418328824, 6.581502148181171], [2.4013448418328824, 6.5816830781612685], [2.4017064126123193, 6.5816830781612685], [2.4018871980020378, 6.582044938121464], [2.4022487687814746, 6.582044938121464], [2.4029719103403484, 6.5827686580418545], [2.403152695730067, 6.583673307942343], [2.4051413350169697, 6.5876537675044915], [2.406768403524435, 6.5892821373253705], [2.4076723304730274, 6.585048199230799], [2.405259, 6.582776999999573], [2.402248768781474, 6.580778428260779], [2.400983271053445, 6.579511918400096], [2.399356202545979, 6.577521688619021], [2.3986330609871054, 6.575712388818045]]], [[[2.399175417156261, 6.571370069295701], [2.3988138463768243, 6.57299843911658], [2.398633060987106, 6.57299843911658], [2.398633060987106, 6.5735412290568735], [2.399717773325416, 6.571008209335505], [2.399175417156261, 6.571370069295701]]], [[[2.4022487687814746, 6.59543375664869], [2.401525627222601, 6.596157476569081], [2.4009832710534456, 6.597604916409862], [2.4004409148842902, 6.598147706350155], [2.400260129494572, 6.599414216210839], [2.399898558715135, 6.599957006151132], [2.399898558715135, 6.601585375972012], [2.4000793441048534, 6.601947235932207], [2.401164056443164, 6.6024900258725], [2.4049605496272513, 6.602670955852598], [2.406045261965562, 6.603937465713281], [2.406045261965562, 6.604480255653574], [2.4067684035244357, 6.605746765514258], [2.4067684035244357, 6.607917925275429], [2.4058644765758435, 6.609727225076406], [2.404779764237533, 6.61099373493709], [2.4062260473552803, 6.611174664917188], [2.4062260473552803, 6.611355594897286], [2.4074915450833094, 6.611355594897286], [2.4074915450833094, 6.611536524877383], [2.4087570428113385, 6.611536524877383], [2.4087570428113385, 6.611717454857481], [2.4112880382673962, 6.611898384837579], [2.409763445366875, 6.605746765514257], [2.406768403524435, 6.601947235932206], [2.4047797642375324, 6.596157476569081], [2.404960549627251, 6.594890966708397], [2.4033334811197853, 6.594890966708397], [2.4022487687814746, 6.59543375664869]]]]}, "properties": {"name": "Yèvié", "commune": "ABOMEY-CALAVI", "confidence": "MANUAL_REVIEW", "area_m2": 15334792.9, "perimeter_m": 46357.7, "road_length_m": 16319.9, "n_road_vertices": 816, "avg_dist_to_road_m": 595.2, "pct_area_near_road": 18.3, "color": "#d1983b", "neighbours": ["Avagbé", "Dokomè", "Kpodji-Les-Monts", "Sokan", "Yèvié-Nougo"], "n_neighbours": 5, "manual_review_reasons": ["avg distance to owned road 595 m"]}}, {"type": "Feature", "geometry": {"type": "Polygon", "coordinates": [[[2.458653810373628, 6.380127080332468], [2.458653810373628, 6.381212660213054], [2.4575690980353175, 6.381212660213054], [2.4575690980353175, 6.381755450153347], [2.4566651710867253, 6.381755450153347], [2.4566651710867253, 6.3850121897951055], [2.457749883425036, 6.385193119775203], [2.458111454204473, 6.385735909715496], [2.4584730249839093, 6.385735909715496], [2.4586538103736277, 6.385193119775203], [2.4601000934913753, 6.385193119775203], [2.4602808788810937, 6.384831259815008], [2.460642449660531, 6.385193119775203], [2.462450303557715, 6.385374049755301], [2.4626310889474334, 6.383745679934421], [2.462450303557715, 6.383745679934421], [2.462450303557715, 6.38302196001403], [2.462088732778278, 6.38302196001403], [2.462450303557715, 6.382660100053836], [2.462450303557715, 6.381574520173249], [2.462088732778278, 6.381574520173249], [2.4619079473885597, 6.381212660213054], [2.460823235050249, 6.381212660213054], [2.4610040204399675, 6.380850800252859], [2.460823235050249, 6.379584290392175], [2.4601000934913757, 6.380308010312565], [2.4597385227119384, 6.37994615035237], [2.458653810373628, 6.380127080332468]]]}, "properties": {"name": "Ahouassa", "commune": "COTONOU", "confidence": "HIGH", "area_m2": 313200.0, "perimeter_m": 3040.0, "road_length_m": 3974.2, "n_road_vertices": 82, "avg_dist_to_road_m": 46.3, "pct_area_near_road": 93.9, "color": "#3dc973", "neighbours": ["Djédjé-Layé", "Kowégbo", "Kpondéhou", "Suru-Léré", "Sènadé"], "n_neighbours": 5, "manual_review_reasons": []}}, {"type": "Feature", "geometry": {"type": "Polygon", "coordinates": [[[2.431536001915862, 6.343822417560308], [2.4297281480186776, 6.344664804233325], [2.4293665772392408, 6.346112244074107], [2.4320783580850174, 6.347921543875084], [2.4313552165261436, 6.349007123755669], [2.431897572695299, 6.350092703636255], [2.431174431136425, 6.35045456359645], [2.4297281480186776, 6.350635493576548], [2.4293665772392408, 6.350816423556646], [2.4293665772392408, 6.351178283516842], [2.4297281480186776, 6.351721073457135], [2.4304512895775514, 6.35208293341733], [2.4313552165261436, 6.35208293341733], [2.4313552165261436, 6.352625723357622], [2.431174431136425, 6.352625723357622], [2.4313552165261436, 6.353711303238209], [2.4326207142541727, 6.353711303238209], [2.432259143474736, 6.354254093178501], [2.432259143474736, 6.355520603039186], [2.43406699737192, 6.355701533019284], [2.4342477827616382, 6.354977813098893], [2.4347901389307935, 6.354796883118795], [2.434970924320512, 6.3544350231586], [2.4355132804896678, 6.3544350231586], [2.435694065879386, 6.354796883118795], [2.4365979928279784, 6.354796883118795], [2.4369595636074153, 6.355520603039186], [2.437863490556007, 6.355520603039186], [2.4384058467251624, 6.3544350231586], [2.438948202894318, 6.354977813098893], [2.4393097736737546, 6.354977813098893], [2.43985212984291, 6.3544350231586], [2.4396713444531914, 6.354073163198405], [2.4400329152326283, 6.353530373258112], [2.4400329152326283, 6.353168513297915], [2.4393097736737546, 6.352987583317818], [2.4393097736737546, 6.352625723357623], [2.43985212984291, 6.351721073457135], [2.43985212984291, 6.350635493576549], [2.4400329152326283, 6.350635493576549], [2.4409368421812205, 6.3455694541338135], [2.439237667553825, 6.345207594173618], [2.4376827051662886, 6.345388524153716], [2.4376827051662886, 6.345207594173618], [2.436236422048541, 6.3450266641935205], [2.4351517097102304, 6.3444838742532275], [2.431536001915862, 6.343822417560308]]]}, "properties": {"name": "Xwlacôdji-Kpodji", "commune": "COTONOU", "confidence": "MEDIUM", "area_m2": 1172951.9, "perimeter_m": 6572.5, "road_length_m": 5334.7, "n_road_vertices": 150, "avg_dist_to_road_m": 162.4, "pct_area_near_road": 53.3, "color": "#41d477", "neighbours": ["Ahouanlèko", "Avlékété-Joncquet", "Guinkômey", "Xwlacôdji-Plage", "Zongo-Nima"], "n_neighbours": 5, "manual_review_reasons": []}}, {"type": "Feature", "geometry": {"type": "MultiPolygon", "coordinates": [[[[2.3675379739555336, 6.358958272661042], [2.3675379739555336, 6.358777342680943], [2.3669956177863787, 6.358777342680943], [2.3669956177863787, 6.358958272661042], [2.3675379739555336, 6.358958272661042]]], [[[2.3653685492789127, 6.359139202641138], [2.3653685492789127, 6.359862922561529], [2.3644646223303205, 6.360405712501822], [2.364645407720039, 6.361491292382408], [2.3637414807714467, 6.362215012302799], [2.363922266161165, 6.36293873222319], [2.364283836940602, 6.363119662203288], [2.364283836940602, 6.363662452143581], [2.3648261931097574, 6.363843382123679], [2.3648261931097574, 6.364748032024167], [2.3659109054480676, 6.364567102044069], [2.3666340470069414, 6.363843382123679], [2.36681483239666, 6.363300592183386], [2.3673571885658156, 6.363300592183386], [2.367537973955534, 6.36366245214358], [2.367176403176097, 6.364024312103776], [2.367537973955534, 6.364386172063972], [2.3678995447349704, 6.364024312103776], [2.3682611155144078, 6.364205242083874], [2.3680803301246893, 6.364567102044068], [2.3680803301246893, 6.36529082196446], [2.368441900904126, 6.365652681924655], [2.3682611155144078, 6.367281051745534], [2.3689842570732815, 6.36764291170573], [2.3697073986321553, 6.36764291170573], [2.3709728963601844, 6.369090351546511], [2.3729615356470872, 6.369814071466902], [2.3735038918162426, 6.370899651347488], [2.3738654625956794, 6.371080581327585], [2.3738654625956794, 6.371442441287781], [2.374588604154553, 6.371985231228074], [2.376396458051737, 6.371623371267878], [2.378023526559203, 6.369995001446999], [2.3778427411694847, 6.368185701646022], [2.3776619557797662, 6.368185701646022], [2.3776619557797662, 6.367642911705729], [2.3773003850003294, 6.367461981725631], [2.3773003850003294, 6.366557331825144], [2.377481170390048, 6.366557331825144], [2.377481170390048, 6.366014541884851], [2.378023526559203, 6.364928962004264], [2.377119599610611, 6.364567102044068], [2.3769388142208925, 6.362757802243092], [2.3765772434414556, 6.3622150123028], [2.3778427411694847, 6.3622150123028], [2.378023526559203, 6.360948502442116], [2.3785658827283584, 6.360405712501823], [2.3791082388975138, 6.360405712501823], [2.378746668118077, 6.359681992581431], [2.378565882728359, 6.359862922561529], [2.3765772434414556, 6.359862922561529], [2.3765772434414556, 6.359681992581431], [2.375492531103145, 6.359681992581431], [2.375492531103145, 6.359501062601334], [2.3653685492789127, 6.359139202641138]], [[2.3724191794779315, 6.367642911705729], [2.37259996486765, 6.366738261805241], [2.372961535647087, 6.366557331825144], [2.372961535647087, 6.366195471864948], [2.373323106426524, 6.366195471864948], [2.3735038918162426, 6.367100121765436], [2.3729615356470872, 6.367642911705729], [2.3724191794779315, 6.367642911705729]]], [[[2.3706113255807475, 6.359139202641139], [2.3707921109704655, 6.358958272661041], [2.3706113255807475, 6.358958272661041], [2.3706113255807475, 6.359139202641139]]], [[[2.3731423210368057, 6.359139202641139], [2.373503891816242, 6.358958272661041], [2.3731423210368057, 6.358958272661041], [2.3731423210368057, 6.359139202641139]]], [[[2.3736846772059605, 6.359320132621237], [2.3735038918162426, 6.359139202641138], [2.3735038918162426, 6.359320132621237], [2.3736846772059605, 6.359320132621237]]], [[[2.3749501749339896, 6.359320132621237], [2.374588604154553, 6.359139202641138], [2.374588604154553, 6.359320132621237], [2.3749501749339896, 6.359320132621237]]], [[[2.3751309603237085, 6.359320132621237], [2.375492531103145, 6.359139202641138], [2.3751309603237085, 6.359139202641138], [2.3751309603237085, 6.359320132621237]]], [[[2.3762156726620187, 6.359501062601335], [2.3762156726620187, 6.359139202641138], [2.3758541018825823, 6.359139202641138], [2.3758541018825823, 6.359501062601335], [2.3762156726620187, 6.359501062601335]]], [[[2.3776619557797662, 6.359681992581432], [2.3776619557797662, 6.359501062601334], [2.376938814220893, 6.359501062601334], [2.376938814220893, 6.359681992581432], [2.3776619557797662, 6.359681992581432]]]]}, "properties": {"name": "Adjaha-Cité", "commune": "COTONOU", "confidence": "HIGH", "area_m2": 1427600.0, "perimeter_m": 9039.6, "road_length_m": 12784.3, "n_road_vertices": 394, "avg_dist_to_road_m": 81.0, "pct_area_near_road": 77.8, "color": "#4bc695", "neighbours": ["Agla-Centre", "Agla-Finafa", "Aïbatin-Dodo", "Aïbatin-Kpota", "Fidjrossè-Centre", "Fidjrossè-Kpota", "Gbèdégbé", "Hlazounto", "Kouhounou", "Védokô"], "n_neighbours": 10, "manual_review_reasons": []}}, {"type": "Feature", "geometry": {"type": "MultiPolygon", "coordinates": [[[[2.3440358732921367, 6.382117310113542], [2.3438550879024183, 6.382660100053835], [2.343312731733263, 6.38302196001403], [2.3436743025127, 6.383564749954324], [2.3436743025127, 6.384107539894616], [2.3431319463435445, 6.384831259815007], [2.3431319463435445, 6.385554979735398], [2.3427703755641076, 6.385735909715495], [2.3427703755641076, 6.3860977696756915], [2.3431319463435445, 6.386459629635887], [2.3438550879024183, 6.386278699655789], [2.3438550879024183, 6.3866405596159845], [2.3443974440715736, 6.386821489596082], [2.3443974440715736, 6.387545209516473], [2.345120585630447, 6.387545209516473], [2.345120585630447, 6.38700241957618], [2.345843727189321, 6.3871833495562775], [2.346205297968758, 6.3877261394965705], [2.3460245125790395, 6.388449859416961], [2.346747654137913, 6.388087999456766], [2.347290010307068, 6.3882689294368635], [2.347290010307068, 6.387907069476668], [2.347651581086505, 6.3877261394965705], [2.3480131518659424, 6.3882689294368635], [2.3485555080350977, 6.388087999456766], [2.3490978642042526, 6.388449859416961], [2.3494594349836895, 6.3877261394965705], [2.350001791152845, 6.387907069476668], [2.3507249327117186, 6.3871833495562775], [2.3507249327117186, 6.3866405596159845], [2.3514480742705923, 6.3860977696756915], [2.3516288596603108, 6.3855549797353985], [2.3519904304397476, 6.3855549797353985], [2.3519904304397476, 6.385193119775203], [2.3528943573883403, 6.3850121897951055], [2.353436713557495, 6.385735909715496], [2.353798284336932, 6.384831259815008], [2.3543406405060874, 6.38465032983491], [2.354159855116369, 6.381936380133445], [2.354521425895806, 6.3817554501533476], [2.3543406405060874, 6.380669870272762], [2.3548829966752427, 6.380488940292664], [2.3548829966752427, 6.380127080332468], [2.3543406405060874, 6.380127080332468], [2.3543406405060874, 6.379403360412077], [2.3539790697266505, 6.379222430431979], [2.354159855116369, 6.37849871051159], [2.3548829966752427, 6.37849871051159], [2.3543406405060874, 6.378136850551393], [2.3547022112855243, 6.377232200650905], [2.354159855116369, 6.376508480730514], [2.354159855116369, 6.375422900849929], [2.354521425895806, 6.375422900849929], [2.354521425895806, 6.375061040889733], [2.3539790697266505, 6.37451825094944], [2.3528943573883403, 6.374699180929538], [2.3528943573883403, 6.374880110909635], [2.3525327866089034, 6.374699180929538], [2.352352001219185, 6.375061040889733], [2.350724932711719, 6.375603830830026], [2.350724932711719, 6.376146620770319], [2.349821005763127, 6.375965690790221], [2.3496402203734084, 6.376508480730514], [2.3485555080350977, 6.376508480730514], [2.3483747226453793, 6.377051270670807], [2.347832366476224, 6.377232200650905], [2.347832366476224, 6.3775940606111], [2.3472900103070686, 6.3775940606111], [2.3472900103070686, 6.379584290392176], [2.3476515810865055, 6.37994615035237], [2.3463860833584764, 6.380850800252858], [2.3463860833584764, 6.381574520173249], [2.3456629417996027, 6.381755450153347], [2.3454821564098842, 6.382117310113542], [2.345120585630447, 6.381936380133444], [2.3440358732921367, 6.382117310113542]]], [[[2.35524456745468, 6.378317780531491], [2.35524456745468, 6.378860570471785], [2.3563292797929902, 6.378860570471785], [2.3563292797929902, 6.378136850551393], [2.35524456745468, 6.378317780531491]]]]}, "properties": {"name": "Plateau\n", "commune": "ABOMEY-CALAVI", "confidence": "HIGH", "area_m2": 1220400.0, "perimeter_m": 7560.1, "road_length_m": 14576.2, "n_road_vertices": 492, "avg_dist_to_road_m": 36.8, "pct_area_near_road": 97.5, "color": "#c7486a", "neighbours": ["Aïmèvo\n", "Dénou\n", "Sèdjannako\n", "Yolomahouto"], "n_neighbours": 4, "manual_review_reasons": []}}, {"type": "Feature", "geometry": {"type": "Polygon", "coordinates": [[[2.3239686950333898, 6.60628955545455], [2.322883982695079, 6.607556065315234], [2.322341626525924, 6.6077369952953315], [2.322341626525924, 6.6083545707040035], [2.3227031973053607, 6.612370233542539], [2.3246918365922635, 6.617869074180802], [2.3275844028277586, 6.618411864121095], [2.328126758996914, 6.61877372408129], [2.3301153982838163, 6.61877372408129], [2.3301153982838163, 6.618592794101192], [2.3335503206884667, 6.61877372408129], [2.3335503206884667, 6.618592794101192], [2.3342734622473404, 6.618592794101192], [2.3342734622473404, 6.618411864121095], [2.335719745365088, 6.618050004160899], [2.3368044577033986, 6.616783494300216], [2.3375275992622724, 6.616602564320118], [2.3368044577033986, 6.612803034738066], [2.33553895997537, 6.6131648946982615], [2.33553895997537, 6.613345824678359], [2.333731106078185, 6.613345824678359], [2.3326463937398745, 6.6126221047579685], [2.331561681401564, 6.6126221047579685], [2.330476969063253, 6.6120793148176755], [2.329934612894098, 6.6120793148176755], [2.328307544386632, 6.610812804956992], [2.328307544386632, 6.608460715215722], [2.326680475879166, 6.6066514154147455], [2.3252341927614184, 6.606470485434648], [2.3245110512025446, 6.6061086254744525], [2.3239686950333898, 6.60628955545455]]]}, "properties": {"name": "Dangbodji", "commune": "ABOMEY-CALAVI", "confidence": "MEDIUM", "area_m2": 1339373.2, "perimeter_m": 6191.3, "road_length_m": 7837.7, "n_road_vertices": 342, "avg_dist_to_road_m": 160.2, "pct_area_near_road": 36.4, "color": "#d347d3", "neighbours": ["Wawata", "Zinvié-Agolèdji", "Zinvié-Zounmè"], "n_neighbours": 3, "manual_review_reasons": []}}, {"type": "Feature", "geometry": {"type": "Polygon", "coordinates": [[[2.2979355989139343, 6.515462705445522], [2.29612774501675, 6.517452935226596], [2.2963085304064683, 6.51871944508728], [2.2950430326784392, 6.519805024967866], [2.2935967495606913, 6.519081305047475], [2.2932351787812544, 6.5183575851270845], [2.292150466442944, 6.518538515107182], [2.292150466442944, 6.51871944508728], [2.29142732488407, 6.51871944508728], [2.29142732488407, 6.518538515107182], [2.2908849687149146, 6.51871944508728], [2.290704183325196, 6.5183575851270845], [2.2890771148177307, 6.518176655146987], [2.288353973258857, 6.519262235027573], [2.28799240247942, 6.5205287448882565], [2.2874500463102647, 6.520890604848452], [2.2874500463102647, 6.521252464808647], [2.2869076901411094, 6.5216143247688425], [2.2858229778027987, 6.521433394788745], [2.2856421924130803, 6.522338044689233], [2.2845574800747697, 6.524509204450405], [2.283834338515896, 6.5248710644106005], [2.2836535531261775, 6.525232924370796], [2.2829304115673037, 6.5254138543508935], [2.2827496261775853, 6.525775714311089], [2.2816649138392746, 6.526137574271284], [2.281484128449556, 6.52885152397275], [2.2829304115673037, 6.53120361371402], [2.283111196957022, 6.532289193594606], [2.2840151239056143, 6.533736633435387], [2.2843766946850512, 6.535003143296071], [2.2852806216336434, 6.535907793196559], [2.2852806216336434, 6.537536163017438], [2.286003763192517, 6.538440812917926], [2.286365333971954, 6.540250112718903], [2.2901618271560413, 6.540611972679098], [2.290523397935478, 6.541878482539782], [2.2926928226120995, 6.544049642300954], [2.2945006765092835, 6.543144992400466], [2.294681461899002, 6.54278313244027], [2.29612774501675, 6.54278313244027], [2.29612774501675, 6.542964062420368], [2.2975740281344974, 6.543144992400466], [2.298658740472808, 6.543687782340759], [2.2993818820316814, 6.543687782340759], [2.2995626674214, 6.543144992400466], [2.300105023590555, 6.54278313244027], [2.300105023590555, 6.542421272480075], [2.3011897359288658, 6.541154762619391], [2.303359160605487, 6.540069182738805], [2.3042630875540797, 6.540250112718903], [2.3042630875540797, 6.540431042699001], [2.306794083010138, 6.540792902659196], [2.307336439179293, 6.541697552559684], [2.30769800995873, 6.541697552559684], [2.3086019369073223, 6.542602202460173], [2.308963507686759, 6.542602202460173], [2.309325078466196, 6.543144992400466], [2.3100482200250694, 6.542421272480075], [2.310952146973662, 6.542421272480075], [2.310952146973662, 6.542602202460173], [2.3116752885325353, 6.542421272480075], [2.3120368593119722, 6.541154762619391], [2.312398430091409, 6.540792902659196], [2.312398430091409, 6.540250112718903], [2.312760000870846, 6.539888252758708], [2.312760000870846, 6.539345462818414], [2.3120368593119722, 6.539164532838316], [2.311856073922254, 6.538802672878121], [2.31113293236338, 6.5384408129179254], [2.31113293236338, 6.537174303057243], [2.3116752885325353, 6.53663151311695], [2.3120368593119722, 6.53663151311695], [2.313121571650283, 6.535365003256266], [2.3142062839885935, 6.535726863216461], [2.314748640157749, 6.535365003256266], [2.3154717817166226, 6.535365003256266], [2.3161949232754964, 6.534822213315973], [2.316375708665215, 6.534098493395582], [2.3167372794446517, 6.533917563415485], [2.316375708665215, 6.533193843495093], [2.3165564940549332, 6.532289193594606], [2.3167372794446517, 6.532289193594606], [2.3165564940549332, 6.53120361371402], [2.3170988502240886, 6.53120361371402], [2.3174604210035255, 6.530660823773727], [2.318002777172681, 6.530479893793629], [2.318002777172681, 6.530660823773727], [2.3189067041212734, 6.530660823773727], [2.3189067041212734, 6.531022683733922], [2.3194490602904283, 6.531565473674215], [2.3194490602904283, 6.529937103853336], [2.320172201849302, 6.529575243893141], [2.3199914164595836, 6.527765944092164], [2.3203529872390205, 6.527404084131969], [2.321799270356768, 6.527404084131969], [2.3212569141876127, 6.5259566442911865], [2.3210761287978943, 6.525775714311089], [2.3196298456801467, 6.5259566442911865], [2.318906704121273, 6.524690134430503], [2.3178219917829628, 6.5248710644106005], [2.317460421003526, 6.525232924370796], [2.315471781716623, 6.5254138543508935], [2.315471781716623, 6.525594784330991], [2.3142062839885935, 6.5254138543508935], [2.3138447132091566, 6.523966414510112], [2.3122176447016907, 6.5226999046494285], [2.312398430091409, 6.520709674868355], [2.312760000870846, 6.520166884928062], [2.3125792154811275, 6.518900375067378], [2.313121571650283, 6.518719445087281], [2.3134831424297198, 6.5178147951867915], [2.3129407862605644, 6.5167292153062055], [2.3122176447016907, 6.5161864253659125], [2.311856073922254, 6.515462705445522], [2.3098674346353514, 6.515462705445522], [2.309325078466196, 6.516548285326108], [2.3076980099587296, 6.5161864253659125], [2.3071556537895743, 6.5156436354256195], [2.3064325122307006, 6.515462705445522], [2.306251726840982, 6.5151008454853265], [2.3053477998923904, 6.5151008454853265], [2.3053477998923904, 6.515281775465424], [2.3040823021643613, 6.5151008454853265], [2.3040823021643613, 6.515281775465424], [2.302816804436332, 6.5156436354256195], [2.3026360190466137, 6.516005495385815], [2.30191287748774, 6.51636735534601], [2.2997434528111182, 6.515824565405717], [2.2982971696933707, 6.5151008454853265], [2.2979355989139343, 6.5151008454853265], [2.2979355989139343, 6.515462705445522]]]}, "properties": {"name": "Agongbé", "commune": "ABOMEY-CALAVI", "confidence": "MEDIUM", "area_m2": 9277600.0, "perimeter_m": 18759.7, "road_length_m": 24494.9, "n_road_vertices": 1180, "avg_dist_to_road_m": 125.0, "pct_area_near_road": 50.6, "color": "#4ad93d", "neighbours": ["Agonkèssa", "Domey-Gbo", "Drabo", "Golo-Djigbé", "Kansounkpa", "Zèkanmey"], "n_neighbours": 6, "manual_review_reasons": []}}, {"type": "Feature", "geometry": {"type": "Polygon", "coordinates": [[[2.4546765317998225, 6.370537791387291], [2.4546765317998225, 6.371080581327585], [2.4550381025792594, 6.371261511307683], [2.4546765317998225, 6.371623371267877], [2.4546765317998225, 6.373251741088757], [2.454857317189541, 6.373251741088757], [2.454857317189541, 6.373975461009148], [2.4553996733586962, 6.374880110909636], [2.4563036003072884, 6.374699180929539], [2.4563036003072884, 6.375061040889734], [2.4570267418661618, 6.375241970869832], [2.4573883126455986, 6.375061040889734], [2.457569098035317, 6.373975461009148], [2.4582922395941913, 6.373975461009148], [2.4582922395941913, 6.374156390989246], [2.4590153811530646, 6.373975461009148], [2.4593769519325015, 6.372528021168366], [2.459196166542783, 6.372528021168366], [2.459196166542783, 6.371985231228073], [2.4581114542044724, 6.37144244128778], [2.4577498834250355, 6.370899651347487], [2.4577498834250355, 6.370175931427097], [2.4581114542044724, 6.369452211506705], [2.4566651710867253, 6.369452211506705], [2.456484385697007, 6.370537791387291], [2.4552188879689774, 6.370537791387291], [2.4552188879689774, 6.370356861407194], [2.4546765317998225, 6.370537791387291]]]}, "properties": {"name": "Irédé", "commune": "COTONOU", "confidence": "HIGH", "area_m2": 217200.0, "perimeter_m": 2600.1, "road_length_m": 2240.6, "n_road_vertices": 44, "avg_dist_to_road_m": 46.6, "pct_area_near_road": 97.6, "color": "#d951c7", "neighbours": ["Fifatin", "Lom-Nava", "Sodjatinmè-Centre", "Sodjatinmè-Est", "Sènadé-Sèkon"], "n_neighbours": 5, "manual_review_reasons": []}}, {"type": "Feature", "geometry": {"type": "Polygon", "coordinates": [[[2.297754813524216, 6.479819499366282], [2.2972124573550605, 6.480543219286672], [2.2964893157961868, 6.480543219286672], [2.2964893157961868, 6.481809729147356], [2.295404603457876, 6.482171589107551], [2.295404603457876, 6.483257168988138], [2.29612774501675, 6.483257168988138], [2.29612774501675, 6.483980888908528], [2.2952238180681577, 6.484885538809016], [2.2955853888475946, 6.48542832874931], [2.2952238180681577, 6.48778041849058], [2.2964893157961868, 6.488323208430873], [2.297031671965342, 6.488865998371166], [2.297031671965342, 6.489227858331361], [2.2979355989139343, 6.489951578251752], [2.297754813524216, 6.491399018092533], [2.299020311252245, 6.491399018092533], [2.299020311252245, 6.491579948072631], [2.2999242382008367, 6.4906752981721425], [2.2997434528111182, 6.490494368192044], [2.2999242382008367, 6.4895897182915565], [2.3006473797597105, 6.489408788311459], [2.3006473797597105, 6.488685068391068], [2.3010089505391473, 6.488142278450775], [2.3026360190466137, 6.4879613484706775], [2.302816804436332, 6.4885041384109705], [2.303539945995206, 6.488685068391068], [2.303901516774643, 6.489227858331361], [2.303901516774643, 6.489951578251752], [2.3046246583335166, 6.489770648271654], [2.304805443723235, 6.490313438211947], [2.3053477998923904, 6.490494368192045], [2.3053477998923904, 6.491399018092532], [2.3046246583335166, 6.491399018092532], [2.3046246583335166, 6.492122738012924], [2.3049862291129535, 6.492484597973119], [2.3066132976204194, 6.492665527953217], [2.3066132976204194, 6.493027387913412], [2.3071556537895748, 6.4933892478736075], [2.307336439179293, 6.494655757734291], [2.3078787953484485, 6.4950176176944865], [2.3078787953484485, 6.4955604076347795], [2.308421151517604, 6.49628412755517], [2.308421151517604, 6.496645987515365], [2.3078787953484485, 6.496645987515365], [2.3069748683998563, 6.497369707435755], [2.306794083010138, 6.498455287316342], [2.307336439179293, 6.498998077256635], [2.3080595807381665, 6.4982743573362445], [2.3089635076867587, 6.4982743573362445], [2.309505863855914, 6.497550637415854], [2.3104097908045067, 6.497550637415854], [2.3111329323633805, 6.497912497376049], [2.3118560739222542, 6.4988171472765375], [2.3122176447016907, 6.4988171472765375], [2.312398430091409, 6.495741337614876], [2.3113137177530985, 6.4939320378139], [2.3113137177530985, 6.493027387913412], [2.311856073922254, 6.492665527953217], [2.311856073922254, 6.4923036679930215], [2.3125792154811275, 6.4917608780527285], [2.312760000870846, 6.4912180881124355], [2.312940786260565, 6.491579948072631], [2.3142062839885935, 6.491579948072631], [2.315652567106341, 6.49085622815224], [2.3158333524960595, 6.4895897182915565], [2.3161949232754964, 6.489408788311459], [2.3158333524960595, 6.4885041384109705], [2.3170988502240886, 6.488323208430873], [2.3170988502240886, 6.487599488510481], [2.3167372794446517, 6.487237628550286], [2.31691806483437, 6.4863329786497985], [2.317460421003526, 6.4863329786497985], [2.3181835625623997, 6.487056698570189], [2.3181835625623997, 6.48778041849058], [2.3187259187315545, 6.48778041849058], [2.3187259187315545, 6.487599488510482], [2.3196298456801467, 6.48778041849058], [2.3196298456801467, 6.487599488510482], [2.320714558018458, 6.4874185585303845], [2.320714558018458, 6.4879613484706775], [2.3210761287978943, 6.4879613484706775], [2.321437699577331, 6.48778041849058], [2.3216184849670496, 6.4868757685900915], [2.321980055746487, 6.487056698570189], [2.3228839826950787, 6.4868757685900915], [2.3228839826950787, 6.486513908629895], [2.3223416265259234, 6.4861520486697], [2.3223416265259234, 6.485428328749309], [2.322160841136205, 6.485428328749309], [2.3223416265259234, 6.484885538809016], [2.321437699577331, 6.485066468789114], [2.3210761287978943, 6.484704608828919], [2.3216184849670496, 6.4841618188886265], [2.321437699577331, 6.483257168988137], [2.320895343408176, 6.482895309027942], [2.3203529872390205, 6.482895309027942], [2.320533772628739, 6.482171589107552], [2.320895343408176, 6.4819906591274545], [2.320895343408176, 6.481086009226966], [2.321437699577331, 6.480724149266771], [2.3212569141876127, 6.479276709425989], [2.320352987239021, 6.480000429346379], [2.320352987239021, 6.480362289306575], [2.3198106310698656, 6.480905079246868], [2.31926827490071, 6.480905079246868], [2.3187259187315545, 6.480181359326477], [2.317641206393244, 6.480181359326477], [2.3180027771726808, 6.478914849465793], [2.3167372794446517, 6.478914849465793], [2.316375708665215, 6.477286479644914], [2.3156525671063415, 6.477286479644914], [2.315471781716623, 6.47764833960511], [2.3149294255474677, 6.47764833960511], [2.3149294255474677, 6.477829269585207], [2.3143870693783124, 6.477829269585207], [2.314206283988594, 6.478191129545403], [2.3127600008708464, 6.478552989505598], [2.3118560739222542, 6.479638569386184], [2.3118560739222542, 6.480000429346379], [2.3113137177530985, 6.480000429346379], [2.3105905761942247, 6.479457639406086], [2.309144293076477, 6.479638569386184], [2.308601936907322, 6.479095779445891], [2.306070941451264, 6.479276709425989], [2.306070941451264, 6.4798194993662825], [2.3062517268409826, 6.4798194993662825], [2.306070941451264, 6.481266939207063], [2.3051670145026715, 6.481266939207063], [2.3051670145026715, 6.480905079246868], [2.3044438729437977, 6.480543219286672], [2.304082302164361, 6.480000429346379], [2.303178375215769, 6.480181359326477], [2.303178375215769, 6.480362289306575], [2.302455233656895, 6.480000429346379], [2.3004665943699925, 6.480000429346379], [2.3001050235905556, 6.480181359326477], [2.299924238200837, 6.48072414926677], [2.2995626674214, 6.48072414926677], [2.2993818820316814, 6.480362289306575], [2.2982971696933707, 6.480543219286672], [2.297754813524216, 6.479819499366282]]]}, "properties": {"name": "Ouéga-Agué", "commune": "ABOMEY-CALAVI", "confidence": "HIGH", "area_m2": 3619200.0, "perimeter_m": 15640.0, "road_length_m": 23983.2, "n_road_vertices": 1068, "avg_dist_to_road_m": 52.8, "pct_area_near_road": 88.9, "color": "#c3de49", "neighbours": ["Adjagbo-Aïdjèdo", "Aïfa-Calavi", "Cité-les-Palmiers\n", "Drabo", "Kansounkpa", "Ouéga-Tokpa"], "n_neighbours": 6, "manual_review_reasons": []}}, {"type": "Feature", "geometry": {"type": "Polygon", "coordinates": [[[2.3178219917829628, 6.378679640491686], [2.3160141378857784, 6.378860570471784], [2.316194923275497, 6.380488940292663], [2.3160141378857784, 6.380850800252858], [2.315471781716623, 6.380669870272761], [2.315471781716623, 6.3822982400936406], [2.31583335249606, 6.3828410300339335], [2.31583335249606, 6.383564749954324], [2.3160141378857784, 6.383564749954324], [2.3160141378857784, 6.3855549797353985], [2.3163757086652152, 6.385735909715496], [2.3170988502240886, 6.3855549797353985], [2.3174604210035255, 6.3850121897951055], [2.318002777172681, 6.3850121897951055], [2.318364347952118, 6.385374049755301], [2.3187259187315545, 6.385193119775203], [2.321799270356768, 6.385374049755301], [2.321799270356768, 6.3850121897951055], [2.322341626525924, 6.3850121897951055], [2.3227031973053607, 6.385374049755301], [2.3236071242539524, 6.385374049755301], [2.3236071242539524, 6.385193119775203], [2.3248726219819815, 6.385374049755301], [2.3252341927614184, 6.3850121897951055], [2.3250534073717, 6.384107539894617], [2.326318905099729, 6.383564749954324], [2.325957334320292, 6.38229824009364], [2.3250534073717, 6.382479170073737], [2.324691836592263, 6.381755450153347], [2.324691836592263, 6.381031730232957], [2.3255957635408553, 6.380669870272762], [2.3257765489305737, 6.378679640491686], [2.325414978151137, 6.378317780531491], [2.324691836592263, 6.377955920571296], [2.324149480423108, 6.377955920571296], [2.3237879096436713, 6.378317780531491], [2.3227031973053602, 6.378317780531491], [2.3219800557464865, 6.377774990591198], [2.3219800557464865, 6.377413130631003], [2.320714558018458, 6.377232200650905], [2.3205337726287394, 6.378498710511589], [2.319991416459584, 6.379041500451882], [2.31926827490071, 6.378317780531491], [2.3187259187315545, 6.378317780531491], [2.3187259187315545, 6.378136850551393], [2.318002777172681, 6.378317780531491], [2.3178219917829628, 6.378679640491686]]]}, "properties": {"name": "Agbo Codji Sèdégbé", "commune": "ABOMEY-CALAVI", "confidence": "HIGH", "area_m2": 820800.0, "perimeter_m": 5320.0, "road_length_m": 10966.0, "n_road_vertices": 408, "avg_dist_to_road_m": 31.0, "pct_area_near_road": 99.5, "color": "#87ca3a", "neighbours": ["Abikouholi\n", "Atrokpo-Codji", "Dèkoungbé\n", "Dèkoungbé-Église\n", "Gninkindji\n", "La-Paix\n", "Logbozounkpa"], "n_neighbours": 7, "manual_review_reasons": []}}, {"type": "Feature", "geometry": {"type": "Polygon", "coordinates": [[[2.4145421752823286, 6.3775940606111], [2.4141806045028917, 6.378317780531491], [2.413819033723455, 6.378498710511589], [2.413819033723455, 6.378860570471785], [2.4145421752823286, 6.37922243043198], [2.415084531451484, 6.379946150352371], [2.4159884584000757, 6.380127080332469], [2.416169243789794, 6.379765220372273], [2.4159884584000757, 6.378317780531492], [2.4163500291795126, 6.377955920571297], [2.41779631229726, 6.378136850551394], [2.418519453856134, 6.377232200650906], [2.4188810246355708, 6.377232200650906], [2.419061810025289, 6.375965690790221], [2.4187002392458523, 6.375965690790221], [2.418157883076697, 6.375241970869831], [2.4174347415178237, 6.374880110909635], [2.417073170738387, 6.375603830830026], [2.415988458400076, 6.375784760810124], [2.415084531451484, 6.376689410710612], [2.4149037460617655, 6.377413130631003], [2.4145421752823286, 6.3775940606111]]]}, "properties": {"name": "Missité-Sikê", "commune": "COTONOU", "confidence": "HIGH", "area_m2": 154000.0, "perimeter_m": 2400.0, "road_length_m": 788.1, "n_road_vertices": 24, "avg_dist_to_road_m": 55.9, "pct_area_near_road": 92.5, "color": "#40d4bb", "neighbours": ["Fignon-Sikê", "Gbèdagba", "Gbèdjromèdè", "Gbèdjromèdè-Nord", "Minonkpô-Wologuèdè"], "n_neighbours": 5, "manual_review_reasons": []}}, {"type": "Feature", "geometry": {"type": "MultiPolygon", "coordinates": [[[[2.351628859660311, 6.60864164519582], [2.3514480742705928, 6.609365365116211], [2.3518096450500297, 6.609546295096309], [2.351990430439748, 6.610270015016699], [2.3503633619322817, 6.610270015016699], [2.3503633619322817, 6.6099081550565035], [2.3500017911528452, 6.6099081550565035], [2.3496402203734084, 6.610270015016699], [2.3485555080350977, 6.610270015016699], [2.347832366476224, 6.6109937349370895], [2.3469284395276313, 6.6109937349370895], [2.346205297968758, 6.610631874976894], [2.3467476541379133, 6.612622104757969], [2.34710922491735, 6.613164894698262], [2.347470795696787, 6.613164894698262], [2.347470795696787, 6.614250474578848], [2.348193937255661, 6.614974194499239], [2.348193937255661, 6.6158788443997265], [2.3476515810865055, 6.616059774379824], [2.3476515810865055, 6.616602564320118], [2.347832366476224, 6.616602564320118], [2.3476515810865055, 6.618050004160899], [2.3483747226453793, 6.61877372408129], [2.348917078814534, 6.618954654061388], [2.349640220373408, 6.618230934140997], [2.3498210057631264, 6.617326284240509], [2.3503633619322817, 6.616783494300216], [2.3514480742705928, 6.616783494300216], [2.3518096450500297, 6.617688144200704], [2.3525327866089034, 6.617688144200704], [2.353255928167777, 6.61877372408129], [2.353617498947214, 6.61877372408129], [2.3537982843369325, 6.619135584041485], [2.35524456745468, 6.619859303961876], [2.3550637820649616, 6.621306743802657], [2.3554253528443985, 6.621306743802657], [2.355967709013554, 6.62184953374295], [2.3572332067415824, 6.621668603762853], [2.3575947775210193, 6.621306743802657], [2.3575947775210193, 6.620583023882267], [2.3581371336901746, 6.620402093902169], [2.35867948985933, 6.618954654061388], [2.359402631418204, 6.618592794101192], [2.359402631418204, 6.618954654061388], [2.360125772977078, 6.619497444001681], [2.360125772977078, 6.619859303961876], [2.3608489145359517, 6.620402093902169], [2.3612104853153886, 6.62112581382256], [2.362114412263981, 6.62112581382256], [2.363018339212573, 6.621668603762853], [2.3635606953817283, 6.621668603762853], [2.3641030515508836, 6.622211393703146], [2.3641030515508836, 6.622573253663341], [2.3648261931097574, 6.623116043603634], [2.367718759345252, 6.623477903563829], [2.3682611155144073, 6.622392323683243], [2.368984257073281, 6.62184953374295], [2.368984257073281, 6.621487673782755], [2.369707398632155, 6.620944883842462], [2.369707398632155, 6.620583023882267], [2.3711536817499024, 6.619135584041485], [2.3711536817499024, 6.61877372408129], [2.373503891816242, 6.61642163434002], [2.373865462595679, 6.61642163434002], [2.3744078187648343, 6.615878844399727], [2.374227033375116, 6.615516984439531], [2.3731423210368052, 6.615155124479336], [2.372961535647087, 6.6147932645191405], [2.371876823308776, 6.6142504745788475], [2.369707398632155, 6.6137076846385545], [2.369707398632155, 6.613526754658457], [2.368984257073281, 6.613526754658457], [2.368984257073281, 6.613345824678359], [2.367357188565815, 6.612983964718164], [2.367357188565815, 6.612803034738066], [2.3666340470069414, 6.612803034738066], [2.3666340470069414, 6.6126221047579685], [2.3653685492789127, 6.612983964718164], [2.3653685492789127, 6.6131648946982615], [2.363922266161165, 6.6131648946982615], [2.36337990999201, 6.613526754658457], [2.361933626874262, 6.6137076846385545], [2.361572056094825, 6.612983964718164], [2.361210485315388, 6.612803034738066], [2.361210485315388, 6.612441174777871], [2.3608489145359512, 6.612260244797773], [2.3610296999256697, 6.61171745485748], [2.359583416807922, 6.61171745485748], [2.3597642021976406, 6.610812804956993], [2.360668129146233, 6.609908155056504], [2.360668129146233, 6.609184435136113], [2.3592218460284853, 6.609003505156015], [2.3592218460284853, 6.6088225751759175], [2.3588602752490484, 6.609003505156015], [2.35867948985933, 6.60864164519582], [2.3588602752490484, 6.608098855255528], [2.3594026314182037, 6.608279785235625], [2.360306558366796, 6.607375135335137], [2.3601257729770775, 6.606832345394843], [2.3594026314182037, 6.606470485434648], [2.3594026314182037, 6.605927695494355], [2.358137133690175, 6.605746765514257], [2.3579563483004566, 6.607375135335136], [2.3572332067415824, 6.607375135335136], [2.357052421351864, 6.606832345394843], [2.3563292797929907, 6.606470485434648], [2.3561484944032722, 6.607013275374941], [2.3557869236238353, 6.607013275374941], [2.3554253528443985, 6.607556065315234], [2.354882996675243, 6.607556065315234], [2.354882996675243, 6.608098855255527], [2.354340640506088, 6.608460715215722], [2.354340640506088, 6.6093653651162105], [2.353617498947214, 6.609184435136113], [2.3530751427780583, 6.609546295096308], [2.3519904304397476, 6.608460715215722], [2.351628859660311, 6.60864164519582]]], [[[2.3462052979687575, 6.610631874976895], [2.3460245125790395, 6.6104509449967965], [2.3460245125790395, 6.610631874976895], [2.3462052979687575, 6.610631874976895]]]]}, "properties": {"name": "Zinvié-Fandji", "commune": "ABOMEY-CALAVI", "confidence": "MEDIUM", "area_m2": 2892800.0, "perimeter_m": 13359.6, "road_length_m": 15156.2, "n_road_vertices": 674, "avg_dist_to_road_m": 152.7, "pct_area_near_road": 62.6, "color": "#53dc41", "neighbours": ["Avagbé", "Kpotomey", "Sokan", "Yèvié-Nougo", "Zinvié-Zounmè"], "n_neighbours": 5, "manual_review_reasons": []}}, {"type": "Feature", "geometry": {"type": "Polygon", "coordinates": [[[2.330296183673535, 6.512567825763959], [2.330296183673535, 6.51329154568435], [2.32975382750438, 6.51329154568435], [2.3292114713352245, 6.513653405644545], [2.3288499005557877, 6.5134724756644475], [2.3295730421146614, 6.516005495385815], [2.3286691151660692, 6.516548285326108], [2.328488329776351, 6.517452935226596], [2.328126758996914, 6.5178147951867915], [2.328126758996914, 6.518538515107183], [2.3288499005557877, 6.518900375067378], [2.329030685945506, 6.519443165007671], [2.3299346128940983, 6.519624094987769], [2.3299346128940983, 6.520528744888257], [2.330296183673535, 6.520890604848453], [2.3301153982838168, 6.521976184729038], [2.3299346128940983, 6.521976184729038], [2.3301153982838168, 6.523061764609625], [2.331019325232409, 6.523785484530015], [2.331019325232409, 6.524328274470308], [2.331380896011846, 6.524690134430504], [2.331380896011846, 6.525232924370797], [2.3317424667912827, 6.525413854350894], [2.331923252181001, 6.5264994342314795], [2.331380896011846, 6.526680364211577], [2.3312001106221274, 6.5275850141120655], [2.3299346128940983, 6.527404084131968], [2.3299346128940983, 6.5281278040523585], [2.329392256724943, 6.5281278040523585], [2.3288499005557877, 6.5286705939926515], [2.329030685945506, 6.52957524389314], [2.3286691151660692, 6.5297561738732375], [2.3283075443866323, 6.531384543694117], [2.329030685945506, 6.531384543694117], [2.329030685945506, 6.531565473674215], [2.330296183673535, 6.531384543694117], [2.3304769690632536, 6.532831983534899], [2.3321040375707196, 6.533012913514996], [2.332284822960438, 6.535365003256266], [2.332646393739875, 6.535726863216461], [2.334273462247341, 6.535545933236364], [2.334273462247341, 6.537174303057243], [2.3344542476370593, 6.53735523303734], [2.3353581745856515, 6.537174303057243], [2.3357197453650884, 6.537898022977633], [2.33553895997537, 6.538802672878122], [2.3366236723136806, 6.538621742898024], [2.3366236723136806, 6.539345462818415], [2.336985243093117, 6.539164532838317], [2.337708384651991, 6.539345462818415], [2.338250740821146, 6.538621742898024], [2.33897388238002, 6.538440812917926], [2.33897388238002, 6.53807895295773], [2.338250740821146, 6.537717092997535], [2.3384315262108646, 6.53663151311695], [2.340058594718331, 6.536450583136852], [2.3407817362772043, 6.536812443097047], [2.3407817362772043, 6.53663151311695], [2.341866448615515, 6.53663151311695], [2.341866448615515, 6.536450583136852], [2.3429511609538256, 6.536269653156754], [2.3429511609538256, 6.535907793196558], [2.3425895901743887, 6.5357268632164605], [2.3425895901743887, 6.535003143296071], [2.3433127317332625, 6.535184073276168], [2.3433127317332625, 6.5346412833358745], [2.3429511609538256, 6.534460353355777], [2.342770375564107, 6.533917563415485], [2.3442166586818547, 6.534098493395582], [2.3445782294612916, 6.533555703455289], [2.3445782294612916, 6.533012913514996], [2.3449398002407285, 6.532831983534899], [2.3445782294612916, 6.53192733363441], [2.345482156409884, 6.531384543694117], [2.346024512579039, 6.531384543694117], [2.3458437271893207, 6.530479893793629], [2.3478323664762235, 6.529937103853336], [2.3471092249173497, 6.5292133839329445], [2.347290010307068, 6.52885152397275], [2.3471092249173497, 6.527765944092163], [2.346386083358476, 6.527765944092163], [2.346024512579039, 6.52722315415187], [2.3462052979687575, 6.526861294191676], [2.346024512579039, 6.526137574271285], [2.346386083358476, 6.525956644291187], [2.346386083358476, 6.525594784330992], [2.346747654137913, 6.525594784330992], [2.347290010307068, 6.525051994390698], [2.3465668687481944, 6.524690134430503], [2.3462052979687575, 6.523966414510112], [2.3456629417996027, 6.523966414510112], [2.3454821564098842, 6.52414734449021], [2.3456629417996027, 6.525051994390698], [2.3449398002407285, 6.525232924370796], [2.3449398002407285, 6.524509204450405], [2.3445782294612916, 6.5243282744703075], [2.3449398002407285, 6.523966414510113], [2.34475901485101, 6.5226999046494285], [2.3438550879024183, 6.5226999046494285], [2.3438550879024183, 6.522880834629526], [2.343493517122981, 6.5226999046494285], [2.343493517122981, 6.521614324768843], [2.344397444071573, 6.521433394788746], [2.3445782294612916, 6.520709674868355], [2.3449398002407285, 6.520528744888257], [2.34475901485101, 6.520347814908159], [2.3449398002407285, 6.519624094987769], [2.3471092249173497, 6.518900375067378], [2.347290010307068, 6.5172720052464985], [2.345662941799602, 6.516910145286303], [2.3453013710201653, 6.516548285326108], [2.345482156409884, 6.512929685724155], [2.3462052979687575, 6.512205965803765], [2.3465668687481944, 6.512205965803765], [2.3465668687481944, 6.5118441058435685], [2.3449398002407285, 6.511663175863471], [2.344397444071573, 6.511120385923178], [2.3436743025127, 6.511120385923178], [2.343312731733263, 6.511482245883373], [2.343312731733263, 6.512025035823666], [2.341685663225797, 6.512025035823666], [2.3415048778360785, 6.512748755744057], [2.340420165497768, 6.5129296857241545], [2.340058594718331, 6.513653405644545], [2.33662367231368, 6.5134724756644475], [2.335900530754807, 6.5129296857241545], [2.335177389195933, 6.51329154568435], [2.334815818416496, 6.5140152656047405], [2.3339118914679036, 6.513834335624643], [2.3339118914679036, 6.513291545684351], [2.334092676857622, 6.513291545684351], [2.3339118914679036, 6.512567825763959], [2.332104037570719, 6.512748755744057], [2.3317424667912823, 6.512567825763959], [2.331561681401564, 6.512025035823666], [2.330296183673535, 6.512567825763959]], [[2.331561681401564, 6.519805024967866], [2.331561681401564, 6.519262235027574], [2.3321040375707196, 6.519262235027574], [2.3321040375707196, 6.519805024967866], [2.331561681401564, 6.519805024967866]]]}, "properties": {"name": "Zèkanmey-Domè", "commune": "ABOMEY-CALAVI", "confidence": "HIGH", "area_m2": 4516800.0, "perimeter_m": 15600.0, "road_length_m": 37199.1, "n_road_vertices": 1984, "avg_dist_to_road_m": 39.7, "pct_area_near_road": 97.0, "color": "#db7644", "neighbours": ["Adjagbo", "Azonsa", "Domey-Gbo", "Gbétagbo", "Houèkè-Honou", "Kansounkpa", "Misséssinto", "Zoundja\n"], "n_neighbours": 8, "manual_review_reasons": []}}, {"type": "Feature", "geometry": {"type": "Polygon", "coordinates": [[[2.3129407862605644, 6.491218088112435], [2.311313717753099, 6.493027387913411], [2.311313717753099, 6.4939320378139005], [2.3123984300914096, 6.495741337614877], [2.312217644701691, 6.498817147276537], [2.311856073922254, 6.498817147276537], [2.31113293236338, 6.497912497376048], [2.3104097908045063, 6.497550637415853], [2.3095058638559145, 6.497550637415853], [2.308963507686759, 6.498274357336244], [2.308059580738167, 6.498274357336244], [2.3075172245690116, 6.498998077256634], [2.3067940830101374, 6.498274357336244], [2.3058901560615452, 6.498455287316341], [2.305167014502672, 6.498093427356146], [2.304443872943798, 6.498636217296439], [2.3042630875540797, 6.499179007236732], [2.303178375215769, 6.499721797177025], [2.303178375215769, 6.500807377057612], [2.3040823021643613, 6.5017120269581], [2.3049862291129535, 6.5020738869182955], [2.3049862291129535, 6.502978536818783], [2.3046246583335166, 6.503702256739174], [2.303359160605487, 6.503883186719271], [2.3035399459952055, 6.502978536818783], [2.302274448267177, 6.502797606838685], [2.302274448267177, 6.5037022567391745], [2.3029975898260506, 6.503883186719272], [2.3029975898260506, 6.504425976659565], [2.3037207313849244, 6.504968766599858], [2.303901516774643, 6.506235276460541], [2.3026360190466133, 6.506235276460541], [2.3026360190466133, 6.506054346480443], [2.301551306708303, 6.505873416500346], [2.301008950539148, 6.506416206440639], [2.301008950539148, 6.507139926361029], [2.3008281651494293, 6.507139926361029], [2.301008950539148, 6.50786364628142], [2.300647379759711, 6.5080445762615176], [2.300647379759711, 6.5085873662018106], [2.3001050235905556, 6.5091301561421036], [2.3001050235905556, 6.510577595982885], [2.2997434528111187, 6.510577595982885], [2.2997434528111187, 6.510939455943081], [2.301008950539148, 6.512205965803764], [2.3004665943699925, 6.5129296857241545], [2.2997434528111187, 6.513110615704252], [2.2988395258625265, 6.5140152656047405], [2.2984779550830896, 6.5140152656047405], [2.2979355989139343, 6.514738985525132], [2.298297169693371, 6.515281775465425], [2.299381882031682, 6.515462705445523], [2.2997434528111187, 6.515824565405718], [2.3013705213185847, 6.516186425365913], [2.3013705213185847, 6.516367355346011], [2.3019128774877395, 6.516367355346011], [2.3026360190466133, 6.516005495385816], [2.3028168044363317, 6.51564363542562], [2.304082302164361, 6.515281775465425], [2.304082302164361, 6.515100845485327], [2.304805443723235, 6.515100845485327], [2.304805443723235, 6.515281775465425], [2.3062517268409826, 6.515100845485327], [2.307336439179293, 6.516005495385816], [2.3091442930764776, 6.516367355346011], [2.3091442930764776, 6.516548285326109], [2.309505863855914, 6.516367355346011], [2.309867434635351, 6.515462705445523], [2.3118560739222542, 6.515462705445523], [2.312217644701691, 6.516186425365913], [2.312940786260565, 6.516729215306206], [2.31348314242972, 6.517814795186792], [2.3131215716502833, 6.51871944508728], [2.312579215481128, 6.5189003750673775], [2.3127600008708464, 6.520166884928061], [2.3123984300914096, 6.520709674868354], [2.312217644701691, 6.522699904649429], [2.313844713209157, 6.523966414510113], [2.3143870693783124, 6.525594784330992], [2.3154717817166226, 6.525594784330992], [2.3154717817166226, 6.525413854350894], [2.3174604210035255, 6.525232924370797], [2.3180027771726808, 6.524871064410601], [2.317641206393244, 6.523604554549917], [2.3174604210035255, 6.523604554549917], [2.317641206393244, 6.521795254748941], [2.319629845680147, 6.521795254748941], [2.319991416459584, 6.522157114709136], [2.321799270356768, 6.521795254748941], [2.322522411915642, 6.521252464808648], [2.3223416265259234, 6.519805024967867], [2.3227031973053602, 6.519443165007671], [2.323064768084797, 6.519443165007671], [2.3239686950333893, 6.518538515107183], [2.324511051202545, 6.518719445087281], [2.3246918365922635, 6.519081305047476], [2.325414978151137, 6.519081305047476], [2.3261381197100106, 6.517633865206695], [2.3270420466586033, 6.517633865206695], [2.3281267589969135, 6.518357585127085], [2.3284883297763503, 6.516910145286304], [2.3290306859455057, 6.516186425365913], [2.329573042114661, 6.516005495385816], [2.329573042114661, 6.515462705445522], [2.329211471335224, 6.515281775465424], [2.3288499005557872, 6.5134724756644475], [2.3284883297763503, 6.513110615704252], [2.3279459736071955, 6.513110615704252], [2.3279459736071955, 6.51329154568435], [2.3268612612688844, 6.513110615704252], [2.3264996904894475, 6.511120385923179], [2.3272228320483213, 6.510396666002788], [2.327584402827758, 6.508406436221714], [2.3288499005557877, 6.508587366201811], [2.329030685945506, 6.508949226162007], [2.329934612894098, 6.508587366201811], [2.329934612894098, 6.505873416500346], [2.3293922567249425, 6.50551155654015], [2.3290306859455057, 6.504245046679467], [2.3288499005557872, 6.504245046679467], [2.3288499005557872, 6.503340396778978], [2.328307544386632, 6.502978536818783], [2.327945973607195, 6.502254816898392], [2.3272228320483217, 6.502254816898392], [2.3263189050997295, 6.503340396778978], [2.325414978151137, 6.503340396778978], [2.3252341927614184, 6.502616676858588], [2.324511051202545, 6.502616676858588], [2.3239686950333898, 6.503340396778978], [2.323426338864234, 6.503340396778978], [2.3228839826950787, 6.502254816898392], [2.322522411915642, 6.502073886918295], [2.322522411915642, 6.5015310969780025], [2.323064768084797, 6.5009883070377095], [2.323426338864234, 6.5009883070377095], [2.3239686950333893, 6.500264587117319], [2.3239686950333893, 6.499902727157123], [2.3232455534745156, 6.49935993721683], [2.323426338864234, 6.499179007236733], [2.3232455534745156, 6.498274357336244], [2.323064768084797, 6.498274357336244], [2.3232455534745156, 6.497912497376049], [2.3246918365922635, 6.4977315673959515], [2.3250534073717004, 6.498455287316342], [2.3264996904894475, 6.4988171472765375], [2.3277651882174766, 6.497369707435756], [2.3277651882174766, 6.49700784747556], [2.325957334320292, 6.49700784747556], [2.3257765489305737, 6.496645987515365], [2.325414978151137, 6.496645987515365], [2.3252341927614184, 6.495741337614876], [2.3245110512025446, 6.495560407634779], [2.324691836592263, 6.495198547674583], [2.324330265812826, 6.495017617694486], [2.3241494804231078, 6.494112967793997], [2.323064768084797, 6.49465575773429], [2.323064768084797, 6.4933892478736075], [2.3236071242539524, 6.4933892478736075], [2.3232455534745156, 6.491941808032826], [2.324691836592263, 6.4912180881124355], [2.3248726219819815, 6.488865998371165], [2.323426338864234, 6.488323208430872], [2.323426338864234, 6.487780418490579], [2.323064768084797, 6.487599488510481], [2.3228839826950787, 6.486875768590091], [2.3225224119156422, 6.487056698570188], [2.32161848496705, 6.486875768590091], [2.3214376995773316, 6.487780418490579], [2.3210761287978947, 6.487961348470677], [2.3207145580184574, 6.487961348470677], [2.3207145580184574, 6.487418558530384], [2.319629845680147, 6.487599488510481], [2.319629845680147, 6.487780418490579], [2.3190874895109914, 6.487780418490579], [2.3190874895109914, 6.487599488510481], [2.318183562562399, 6.487780418490579], [2.318183562562399, 6.487056698570188], [2.3174604210035255, 6.486332978649798], [2.3169180648343706, 6.486332978649798], [2.316737279444652, 6.487237628550287], [2.317098850224089, 6.487599488510482], [2.317098850224089, 6.488323208430872], [2.31583335249606, 6.48850413841097], [2.316194923275497, 6.489408788311458], [2.31583335249606, 6.489589718291556], [2.3156525671063415, 6.490856228152239], [2.314206283988594, 6.49157994807263], [2.3129407862605644, 6.49157994807263], [2.3129407862605644, 6.491218088112435]], [[2.311856073922254, 6.502616676858588], [2.31113293236338, 6.502073886918295], [2.3113137177530985, 6.501350166997905], [2.3120368593119727, 6.501350166997905], [2.312217644701691, 6.50243574687849], [2.311856073922254, 6.502616676858588]]]}, "properties": {"name": "Kansounkpa", "commune": "ABOMEY-CALAVI", "confidence": "HIGH", "area_m2": 8013200.0, "perimeter_m": 24080.1, "road_length_m": 45956.3, "n_road_vertices": 2558, "avg_dist_to_road_m": 65.8, "pct_area_near_road": 78.2, "color": "#c93e91", "neighbours": ["Agongbé", "Cité-les-Palmiers\n", "Domey-Gbo", "Drabo", "Ouéga-Agué", "Zoundja\n", "Zèkanmey-Domè"], "n_neighbours": 7, "manual_review_reasons": []}}, {"type": "Feature", "geometry": {"type": "Polygon", "coordinates": [[[2.455218887968978, 6.387364279536374], [2.4553996733586962, 6.389716369277645], [2.4563036003072884, 6.3904400891980355], [2.4572075272558807, 6.390259159217938], [2.4572075272558807, 6.390801949158231], [2.457569098035317, 6.390621019178133], [2.4584730249839097, 6.390801949158231], [2.458653810373628, 6.391887529038816], [2.457749883425036, 6.392068459018914], [2.4575690980353175, 6.3926112489592075], [2.458111454204473, 6.3931540388995005], [2.4582922395941913, 6.3947824087203795], [2.4588345957633466, 6.395687058620868], [2.4591961665427835, 6.39728131459002], [2.4631734451165888, 6.396859425278635], [2.4631734451165888, 6.396410778541258], [2.4617271619988412, 6.393515898859695], [2.4617271619988412, 6.392792178939305], [2.4619079473885597, 6.392792178939305], [2.4617271619988412, 6.391887529038817], [2.462088732778278, 6.391706599058719], [2.4619079473885597, 6.391344739098523], [2.462088732778278, 6.39080194915823], [2.4619079473885597, 6.390440089198035], [2.4613655912194043, 6.390440089198035], [2.4613655912194043, 6.389535439297546], [2.461184805829686, 6.389535439297546], [2.461184805829686, 6.389173579337352], [2.4626310889474334, 6.3893545093174495], [2.4626310889474334, 6.3888117193771565], [2.4631734451165888, 6.3888117193771565], [2.4631734451165888, 6.387907069476667], [2.4629926597268703, 6.387907069476667], [2.4631734451165888, 6.385554979735398], [2.4606424496605306, 6.385193119775202], [2.460461664270812, 6.384831259815007], [2.4601000934913757, 6.385193119775202], [2.458653810373628, 6.385193119775202], [2.4582922395941913, 6.386097769675691], [2.4568459564764438, 6.386097769675691], [2.4568459564764438, 6.387364279536374], [2.455218887968978, 6.387364279536374]]]}, "properties": {"name": "Djédjé-Layé", "commune": "COTONOU", "confidence": "HIGH", "area_m2": 718913.5, "perimeter_m": 5487.4, "road_length_m": 7389.9, "n_road_vertices": 150, "avg_dist_to_road_m": 87.2, "pct_area_near_road": 77.1, "color": "#60d347", "neighbours": ["Ahouassa", "Gankpodo", "Kowégbo", "Kpondéhou", "Yénawa"], "n_neighbours": 5, "manual_review_reasons": []}}, {"type": "Feature", "geometry": {"type": "Polygon", "coordinates": [[[2.347470795696787, 6.580959358240877], [2.3469284395276317, 6.581683078161268], [2.3469284395276317, 6.5833114479821475], [2.347470795696787, 6.584035167902538], [2.3476515810865055, 6.585120747783123], [2.34710922491735, 6.585663537723416], [2.3467476541379133, 6.585663537723416], [2.3463860833584764, 6.586387257643807], [2.3458437271893207, 6.586387257643807], [2.345482156409884, 6.586025397683612], [2.3451205856304473, 6.586206327663709], [2.344216658681855, 6.586025397683612], [2.3440358732921367, 6.586749117604002], [2.3434935171229814, 6.587110977564198], [2.342951160953826, 6.588377487424881], [2.342589590174389, 6.588558417404979], [2.3424088047846707, 6.58928213732537], [2.34132409244636, 6.58928213732537], [2.34132409244636, 6.589463067305467], [2.339697023938894, 6.58928213732537], [2.339154667769739, 6.591091437126346], [2.338793096990302, 6.591453297086542], [2.3386123116005835, 6.592538876967128], [2.338069955431428, 6.593443526867616], [2.3382507408211466, 6.59398631680791], [2.3389738823800204, 6.594529106748203], [2.3389738823800204, 6.594890966708398], [2.339697023938894, 6.595614686628789], [2.34132409244636, 6.595976546588984], [2.344578229461292, 6.597604916409863], [2.3460245125790395, 6.601042586031719], [2.3476515810865055, 6.6023090958924024], [2.347832366476224, 6.60321374579289], [2.3469284395276317, 6.604299325673476], [2.3469284395276317, 6.604661185633671], [2.346566868748195, 6.604842115613769], [2.346566868748195, 6.605203975573964], [2.346205297968758, 6.605384905554062], [2.346205297968758, 6.605746765514257], [2.3454821564098842, 6.6061086254744525], [2.3434935171229814, 6.606470485434648], [2.3431319463435445, 6.606832345394843], [2.3431319463435445, 6.607194205355039], [2.3438550879024183, 6.607736995295332], [2.3438550879024183, 6.608098855255528], [2.344578229461292, 6.608822575175918], [2.3451205856304473, 6.609003505156016], [2.3454821564098842, 6.6102700150167], [2.3469284395276317, 6.61099373493709], [2.3478323664762235, 6.61099373493709], [2.3485555080350973, 6.6102700150167], [2.349640220373408, 6.6102700150167], [2.350001791152845, 6.609908155056504], [2.350363361932282, 6.609908155056504], [2.350363361932282, 6.6102700150167], [2.3519904304397476, 6.6102700150167], [2.351809645050029, 6.609546295096308], [2.3514480742705923, 6.6093653651162105], [2.351809645050029, 6.608460715215723], [2.3525327866089034, 6.608822575175918], [2.3525327866089034, 6.609184435136114], [2.3530751427780587, 6.609546295096309], [2.3536174989472136, 6.609184435136114], [2.3543406405060874, 6.609365365116211], [2.3543406405060874, 6.608460715215723], [2.3548829966752427, 6.608098855255528], [2.3548829966752427, 6.607556065315235], [2.355425352844398, 6.607556065315235], [2.355786923623835, 6.607013275374942], [2.356148494403272, 6.607013275374942], [2.3563292797929902, 6.606470485434649], [2.356871635962146, 6.606651415414746], [2.357233206741583, 6.607375135335137], [2.357956348300456, 6.607375135335137], [2.3581371336901746, 6.6055658355341595], [2.357956348300456, 6.605384905554062], [2.3568716359621456, 6.6055658355341595], [2.3565100651827087, 6.605384905554062], [2.3565100651827087, 6.604842115613769], [2.3563292797929902, 6.604842115613769], [2.3565100651827087, 6.602670955852598], [2.3568716359621456, 6.602128165912305], [2.357775562910738, 6.601947235932207], [2.3583179190798935, 6.603032815812793], [2.3592218460284853, 6.602670955852598], [2.3597642021976406, 6.602128165912305], [2.3606681291462333, 6.6023090958924024], [2.3612104853153886, 6.6028518858326954], [2.363560695381728, 6.6028518858326954], [2.3637414807714463, 6.6024900258725], [2.365187763889194, 6.602128165912305], [2.365730120058349, 6.601585375972012], [2.366091690837786, 6.601585375972012], [2.3671764031760967, 6.6001379361312305], [2.366453261617223, 6.599233286230741], [2.366091690837786, 6.599233286230741], [2.3659109054480676, 6.598871426270546], [2.365187763889194, 6.598509566310351], [2.36446462233032, 6.598509566310351], [2.3639222661611647, 6.59778584638996], [2.3633799099920094, 6.597604916409862], [2.363199124602291, 6.595433756648691], [2.363560695381728, 6.5947100367283005], [2.3642838369406016, 6.594348176768105], [2.3642838369406016, 6.59398631680791], [2.365187763889194, 6.593262596887519], [2.3650069784994754, 6.59000585724576], [2.3633799099920094, 6.58928213732537], [2.363199124602291, 6.588377487424881], [2.361210485315388, 6.586025397683612], [2.359764202197641, 6.586025397683612], [2.3590410606387673, 6.586387257643807], [2.358317919079893, 6.586387257643807], [2.358317919079893, 6.586206327663709], [2.3565100651827087, 6.585844467703514], [2.3565100651827087, 6.585663537723416], [2.3541598551163694, 6.585663537723416], [2.353979069726651, 6.586206327663709], [2.3519904304397476, 6.586206327663709], [2.3519904304397476, 6.585844467703514], [2.3514480742705923, 6.585301677763221], [2.3514480742705923, 6.58385423792244], [2.3509057181014374, 6.584397027862733], [2.349640220373408, 6.584216097882635], [2.349640220373408, 6.582406798081658], [2.349278649593971, 6.582044938121463], [2.3490978642042526, 6.580597498280682], [2.3485555080350977, 6.580416568300584], [2.347470795696787, 6.580959358240877]]]}, "properties": {"name": "Sokan", "commune": "ABOMEY-CALAVI", "confidence": "MEDIUM", "area_m2": 5626800.0, "perimeter_m": 16879.8, "road_length_m": 18351.8, "n_road_vertices": 1006, "avg_dist_to_road_m": 121.5, "pct_area_near_road": 52.4, "color": "#d040bd", "neighbours": ["Adjogansa", "Dokomè", "Kolètin", "Yèvié", "Yèvié-Nougo", "Zinvié-Agolèdji", "Zinvié-Fandji", "Zinvié-Zounmè"], "n_neighbours": 8, "manual_review_reasons": []}}, {"type": "Feature", "geometry": {"type": "Polygon", "coordinates": [[[2.3841702298096306, 6.356244322959576], [2.3841702298096306, 6.358958272661042], [2.385616512927378, 6.35986292256153], [2.385978083706815, 6.360767572462018], [2.3867012252656887, 6.360767572462018], [2.3877859376039994, 6.361310362402311], [2.387966722993718, 6.361853152342604], [2.3890514353320285, 6.362576872262995], [2.389232220721747, 6.363843382123679], [2.3906785038394944, 6.363662452143581], [2.3912208600086498, 6.364928962004265], [2.3923055723469604, 6.364928962004265], [2.3926671431263973, 6.365471751944558], [2.3953789239721734, 6.365833611904753], [2.3957404947516103, 6.364748032024167], [2.396102065531047, 6.364748032024167], [2.3966444217002025, 6.364205242083874], [2.3968252070899214, 6.364386172063972], [2.3973675632590767, 6.364205242083874], [2.3973675632590767, 6.364386172063972], [2.399175417156261, 6.364928962004265], [2.3997177733254165, 6.365471751944558], [2.400260129494572, 6.365471751944558], [2.400802485663727, 6.366557331825144], [2.4015256272226004, 6.366557331825144], [2.4031526957300664, 6.364567102044069], [2.4024295541711926, 6.36366245214358], [2.4020679833917558, 6.36366245214358], [2.4020679833917558, 6.363119662203288], [2.402971910340348, 6.3622150123028], [2.402971910340348, 6.361853152342603], [2.402610339560911, 6.361853152342603], [2.4024295541711926, 6.361491292382408], [2.4018871980020373, 6.361491292382408], [2.4018871980020373, 6.36131036240231], [2.4011640564431636, 6.361491292382408], [2.4004409148842902, 6.360767572462017], [2.4000793441048534, 6.36131036240231], [2.3989946317665427, 6.36131036240231], [2.398633060987106, 6.362034082322701], [2.3982714902076685, 6.362034082322701], [2.39809070481795, 6.361672222362506], [2.3973675632590763, 6.361672222362506], [2.3973675632590763, 6.361491292382408], [2.3959212801413288, 6.362034082322701], [2.395198138582455, 6.36131036240231], [2.395198138582455, 6.360948502442115], [2.393932640854426, 6.360767572462017], [2.3941134262441444, 6.360586642481921], [2.393932640854426, 6.359862922561529], [2.392486357736679, 6.359862922561529], [2.3914016453983677, 6.360405712501822], [2.3914016453983677, 6.360224782521724], [2.390316933060057, 6.360043852541627], [2.38995536228062, 6.359501062601334], [2.388689864552591, 6.358958272661041], [2.388147508383436, 6.358415482720748], [2.3859780837068145, 6.358596412700845], [2.3850741567582223, 6.357691762800357], [2.384893371368504, 6.356787112899869], [2.3841702298096306, 6.356244322959576]]]}, "properties": {"name": "Cadjèhoun-Kpota", "commune": "COTONOU", "confidence": "HIGH", "area_m2": 853200.0, "perimeter_m": 7759.6, "road_length_m": 6321.9, "n_road_vertices": 174, "avg_dist_to_road_m": 63.0, "pct_area_near_road": 84.0, "color": "#ddcf4f", "neighbours": ["Aïbatin-Dodo", "Cadjèhoun-Agonga", "Cadjèhoun-Azalokogon", "Cadjèhoun-Détinsa", "Cadjèhoun-Gare", "Fiyégnon-Jacquot", "Haie-Vive-Cocotiers", "Houénoussou", "Houéyihô-Tannou", "Vodjè-Centre", "Vodjè-Kpota"], "n_neighbours": 11, "manual_review_reasons": []}}, {"type": "Feature", "geometry": {"type": "Polygon", "coordinates": [[[2.407672330473028, 6.362757802243092], [2.4071299743038725, 6.36366245214358], [2.406406832744999, 6.364205242083873], [2.406406832744999, 6.364748032024166], [2.406045261965562, 6.364928962004264], [2.406406832744999, 6.36529082196446], [2.406045261965562, 6.365652681924654], [2.4062260473552803, 6.366014541884851], [2.406045261965562, 6.366738261805241], [2.406587618134717, 6.366919191785339], [2.406949188914154, 6.367461981725632], [2.4073107596935905, 6.367461981725632], [2.407491545083309, 6.366919191785339], [2.4080339012524643, 6.366557331825144], [2.4080339012524643, 6.366195471864948], [2.4085762574216196, 6.365652681924655], [2.4094801843702123, 6.366195471864948], [2.4094801843702123, 6.366738261805241], [2.4098417551496487, 6.366738261805241], [2.410384111318804, 6.366195471864948], [2.410384111318804, 6.365652681924655], [2.410745682098241, 6.365471751944558], [2.410745682098241, 6.364928962004264], [2.410384111318804, 6.364567102044068], [2.4098417551496487, 6.364567102044068], [2.409480184370212, 6.363843382123678], [2.409480184370212, 6.362938732223189], [2.408937828201057, 6.363300592183385], [2.408395472031901, 6.363300592183385], [2.4082146866421827, 6.362938732223189], [2.407672330473028, 6.362757802243092]]]}, "properties": {"name": "Gbégamey-Ahito", "commune": "COTONOU", "confidence": "HIGH", "area_m2": 156000.0, "perimeter_m": 2520.1, "road_length_m": 1840.6, "n_road_vertices": 42, "avg_dist_to_road_m": 39.7, "pct_area_near_road": 98.7, "color": "#3bd54b", "neighbours": ["Cadjèhoun-Détinsa", "Cadjèhoun-Gare", "Gbégamey-Centre", "Gbégamey-Dodo-Ayidjè", "Gbégamey-Mifongou", "Vodjè-Allobatin"], "n_neighbours": 6, "manual_review_reasons": []}}, {"type": "Feature", "geometry": {"type": "MultiPolygon", "coordinates": [[[[2.3706113255807475, 6.551105911524762], [2.369165042463, 6.551467771484957], [2.369165042463, 6.551648701465055], [2.366634047006942, 6.551648701465055], [2.3660916908377865, 6.552734281345641], [2.3660916908377865, 6.553458001266032], [2.36446462233032, 6.553638931246129], [2.3642838369406016, 6.552915211325739], [2.362656768433136, 6.552915211325739], [2.362656768433136, 6.553638931246129], [2.3619336268742623, 6.553458001266032], [2.361752841484544, 6.554000791206325], [2.360306558366796, 6.554000791206325], [2.3601257729770775, 6.553458001266032], [2.358137133690175, 6.553277071285934], [2.357775562910738, 6.553819861226227], [2.3566908505724276, 6.553819861226227], [2.356510065182709, 6.554543581146618], [2.355967709013554, 6.554905441106813], [2.3561484944032722, 6.55671474090779], [2.35524456745468, 6.55743846082818], [2.3554253528443985, 6.557619390808279], [2.35524456745468, 6.559428690609256], [2.3554253528443985, 6.559609620589352], [2.354882996675243, 6.559609620589352], [2.354882996675243, 6.560514270489841], [2.3541598551163694, 6.561057060430134], [2.353979069726651, 6.562142640310721], [2.35524456745468, 6.562866360231111], [2.35524456745468, 6.563228220191306], [2.354882996675243, 6.563409150171403], [2.3550637820649616, 6.564313800071893], [2.355967709013554, 6.564132870091795], [2.3566908505724276, 6.564856590012186], [2.3574139921313013, 6.564856590012186], [2.358498704469612, 6.565580309932576], [2.3595834168079226, 6.565218449972381], [2.359764202197641, 6.565580309932576], [2.3603065583667964, 6.565761239912674], [2.3606681291462333, 6.566484959833065], [2.3606681291462333, 6.567208679753454], [2.358860275249049, 6.567932399673845], [2.3592218460284857, 6.568837049574334], [2.361752841484544, 6.569017979554432], [2.362114412263981, 6.569560769494725], [2.3626567684331357, 6.569560769494725], [2.363560695381728, 6.569017979554432], [2.3642838369406016, 6.569017979554432], [2.364826193109757, 6.568656119594237], [2.366634047006942, 6.568294259634041], [2.366634047006942, 6.568837049574334], [2.367176403176097, 6.569560769494725], [2.368803471683563, 6.56992262945492], [2.3689842570732815, 6.570465419395213], [2.3736846772059605, 6.571550999275799], [2.377481170390048, 6.568113329653944], [2.3783850973386405, 6.568113329653944], [2.379108238897514, 6.568656119594237], [2.3803737366255433, 6.569017979554432], [2.3820008051330093, 6.570465419395213], [2.383447088250757, 6.570827279355409], [2.386339654486252, 6.57227471919619], [2.386882010655407, 6.57227471919619], [2.389593791501184, 6.573903089017069], [2.3901361476703387, 6.5735412290568735], [2.3912208600086493, 6.573360299076776], [2.391582430788086, 6.5729984391165805], [2.3921247869572415, 6.5729984391165805], [2.3924863577366784, 6.572636579156385], [2.393571070074989, 6.5724556491762876], [2.393932640854426, 6.572093789216092], [2.3991754171562607, 6.571189139315604], [2.399356202545979, 6.56992262945492], [2.4006217002740082, 6.567389609733553], [2.4011095796639417, 6.567027749773358], [2.4015256272226004, 6.564986516438688], [2.4011640564431636, 6.563228220191306], [2.400983271053445, 6.563228220191306], [2.4008024856637267, 6.561418920390329], [2.4006217002740082, 6.561418920390329], [2.40044091488429, 6.557438460828181], [2.4006217002740082, 6.557438460828181], [2.4008024856637267, 6.556171950967498], [2.400983271053445, 6.556171950967498], [2.401344841832882, 6.554181721186423], [2.4018871980020373, 6.553458001266033], [2.4018871980020373, 6.55291521132574], [2.4031526957300664, 6.550382191604372], [2.4031526957300664, 6.549839401664079], [2.4040566226786586, 6.548030101863103], [2.4044181934580955, 6.547849171883005], [2.4044181934580955, 6.547306381942711], [2.4020679833917558, 6.546763592002418], [2.400983271053445, 6.545678012121832], [2.400983271053445, 6.545316152161637], [2.399717773325416, 6.544230572281051], [2.399717773325416, 6.543868712320855], [2.398452275597387, 6.542783132440269], [2.398452275597387, 6.542421272480074], [2.397186777869358, 6.541335692599488], [2.397186777869358, 6.540973832639293], [2.3959212801413288, 6.539888252758707], [2.3959212801413288, 6.5395263927985114], [2.3944749970235812, 6.538259882937828], [2.3944749970235812, 6.5378980229776325], [2.393209499295552, 6.5368124430970465], [2.393209499295552, 6.536450583136851], [2.3921247869572415, 6.535545933236363], [2.3921247869572415, 6.5351840732761675], [2.3914016453983677, 6.5346412833358745], [2.3914016453983677, 6.534279423375679], [2.3904977184497755, 6.5335557034552885], [2.3904977184497755, 6.533193843495093], [2.3895937915011833, 6.5324701235747025], [2.3895937915011833, 6.532108263614507], [2.3888706499423096, 6.5313845436941165], [2.388509079162873, 6.5313845436941165], [2.387966722993718, 6.532108263614507], [2.387605152214281, 6.532108263614507], [2.3861588690965334, 6.533736633435386], [2.3857972983170965, 6.533736633435386], [2.384351015199349, 6.535365003256265], [2.383989444419912, 6.535365003256265], [2.3825431613021646, 6.536993373077144], [2.3821815905227277, 6.536993373077144], [2.38073530740498, 6.538621742898023], [2.3803737366255433, 6.538621742898023], [2.3789274535077958, 6.540250112718902], [2.378565882728359, 6.540250112718902], [2.3776619557797667, 6.54115476261939], [2.3771195996106114, 6.54350685236066], [2.376938814220893, 6.54350685236066], [2.3767580288311745, 6.546039872082027], [2.376577243441456, 6.546039872082027], [2.376215672662019, 6.548211031843199], [2.3760348872723007, 6.548211031843199], [2.3760348872723007, 6.549296611723785], [2.3758541018825823, 6.549296611723785], [2.3754925311031454, 6.550744051564567], [2.3747693895442716, 6.551105911524762], [2.3706113255807475, 6.550924981544664], [2.3706113255807475, 6.551105911524762]]], [[[2.3993562025459796, 6.57064634937531], [2.3993562025459796, 6.571189139315604], [2.3995369879356976, 6.571189139315604], [2.4008024856637267, 6.5685307106385205], [2.400983271053445, 6.56757053971365], [2.3993562025459796, 6.57064634937531]]], [[[2.400802485663727, 6.556895670887887], [2.400802485663727, 6.557619390808278], [2.4006217002740087, 6.557619390808278], [2.400802485663727, 6.561057060430135], [2.4009832710534456, 6.561057060430135], [2.4009832710534456, 6.562142640310721], [2.401164056443164, 6.562142640310721], [2.401164056443164, 6.563047290211209], [2.4013448418328824, 6.563047290211209], [2.4016258639383605, 6.56449473005199], [2.4020679833917558, 6.562685430251014], [2.405864476575843, 6.552683340798699], [2.4069491889141537, 6.548030101863102], [2.4045989788478144, 6.547487311922809], [2.403152695730067, 6.550382191604371], [2.40279112495063, 6.551829631445153], [2.4022487687814746, 6.552553351365543], [2.4022487687814746, 6.553096141305836], [2.401525627222601, 6.55436265116652], [2.4013448418328824, 6.555629161027204], [2.4009832710534456, 6.556171950967497], [2.4009832710534456, 6.556895670887887], [2.400802485663727, 6.556895670887887]]]]}, "properties": {"name": "Kpodji-Les-Monts", "commune": "ABOMEY-CALAVI", "confidence": "MANUAL_REVIEW", "area_m2": 15025239.1, "perimeter_m": 28920.5, "road_length_m": 21986.9, "n_road_vertices": 1006, "avg_dist_to_road_m": 543.2, "pct_area_near_road": 22.6, "color": "#d83eb2", "neighbours": ["Agassa-Godomey", "Agonsoudja", "Akassato", "Dokomè", "Yèvié"], "n_neighbours": 5, "manual_review_reasons": ["avg distance to owned road 543 m"]}}, {"type": "Feature", "geometry": {"type": "Polygon", "coordinates": [[[2.3095058638559145, 6.385735909715495], [2.3095058638559145, 6.386821489596081], [2.308963507686759, 6.387183349556277], [2.308963507686759, 6.387907069476668], [2.309686649245633, 6.388630789397059], [2.31004822002507, 6.389535439297547], [2.3111329323633805, 6.3893545093174495], [2.3111329323633805, 6.390078229237839], [2.3102290054147883, 6.390259159217937], [2.3102290054147883, 6.390621019178132], [2.309686649245633, 6.39080194915823], [2.3098674346353514, 6.391887529038816], [2.309325078466196, 6.391887529038816], [2.309325078466196, 6.3926112489592075], [2.3102290054147883, 6.392792178939305], [2.3098674346353514, 6.3936968288397935], [2.3104097908045067, 6.394782408720379], [2.31004822002507, 6.394963338700476], [2.3098674346353514, 6.395867988600965], [2.3087827222970407, 6.395867988600965], [2.308421151517604, 6.398220078342235], [2.309686649245633, 6.3985819383024305], [2.310590576194225, 6.399486588202919], [2.312217644701691, 6.399486588202919], [2.312579215481128, 6.399848448163114], [2.3138447132091566, 6.399486588202919], [2.314025498598875, 6.3991247282427235], [2.3151102109371857, 6.3985819383024305], [2.318183562562399, 6.398401008322333], [2.318183562562399, 6.396953568481551], [2.3174604210035255, 6.396953568481551], [2.317279635613807, 6.395687058620867], [2.3170988502240886, 6.395687058620867], [2.317279635613807, 6.395144268680575], [2.317641206393244, 6.394963338700477], [2.317641206393244, 6.392792178939304], [2.3174604210035255, 6.392792178939304], [2.3174604210035255, 6.391344739098523], [2.317279635613807, 6.391344739098523], [2.3174604210035255, 6.388992649357253], [2.317279635613807, 6.388992649357253], [2.3170988502240886, 6.387545209516472], [2.3165564940549332, 6.387183349556277], [2.3167372794446517, 6.386640559615984], [2.3165564940549332, 6.386640559615984], [2.316375708665215, 6.385554979735398], [2.316014137885778, 6.385554979735398], [2.315652567106341, 6.385012189795105], [2.3151102109371857, 6.385193119775202], [2.314748640157749, 6.384469399854812], [2.314206283988594, 6.384469399854812], [2.313844713209157, 6.384650329834909], [2.313844713209157, 6.385012189795105], [2.3133023570400018, 6.385012189795105], [2.3133023570400018, 6.3853740497553], [2.3123984300914096, 6.385193119775202], [2.312217644701691, 6.385554979735398], [2.3116752885325353, 6.385735909715495], [2.311494503142817, 6.385193119775202], [2.31004822002507, 6.385193119775202], [2.3095058638559145, 6.385735909715495]]]}, "properties": {"name": "La-Paix\n", "commune": "ABOMEY-CALAVI", "confidence": "HIGH", "area_m2": 1324800.0, "perimeter_m": 6920.2, "road_length_m": 16634.0, "n_road_vertices": 600, "avg_dist_to_road_m": 42.1, "pct_area_near_road": 91.7, "color": "#cd5c3d", "neighbours": ["Agbo Codji Sèdégbé", "Atrokpo-Codji", "Gbègnigan-Midokpo\n", "Logbozounkpa", "Tokpa\n", "Womey-Centre\n"], "n_neighbours": 6, "manual_review_reasons": []}}, {"type": "Feature", "geometry": {"type": "MultiPolygon", "coordinates": [[[[2.4232198739888138, 6.395867988600965], [2.421231234701911, 6.398220078342234], [2.421231234701911, 6.398762868282527], [2.419965736973882, 6.401295888003895], [2.419965736973882, 6.402019607924286], [2.433705426592483, 6.400311985736184], [2.43406699737192, 6.3996675181830165], [2.43406699737192, 6.398943798262626], [2.4342477827616382, 6.398943798262626], [2.4344285681513567, 6.397315428441747], [2.434609353541075, 6.397315428441747], [2.434609353541075, 6.396772638501453], [2.4340669973719202, 6.396772638501453], [2.4340669973719202, 6.396953568481551], [2.431897572695299, 6.397496358421844], [2.431897572695299, 6.397677288401941], [2.4286434356803666, 6.397677288401941], [2.427920294121493, 6.397315428441746], [2.4253892986654346, 6.396953568481551], [2.4237622301579687, 6.395867988600965], [2.4232198739888138, 6.395867988600965]]], [[[2.427016367172901, 6.388811719377156], [2.427016367172901, 6.389535439297547], [2.427377937952338, 6.389716369277645], [2.427377937952338, 6.390259159217937], [2.4259316548345904, 6.390982879138328], [2.4246661571065613, 6.393515898859695], [2.4246661571065613, 6.394058688799988], [2.4243045863271244, 6.394782408720379], [2.4235814447682507, 6.395325198660672], [2.4235814447682507, 6.395687058620868], [2.4248469424962797, 6.396229848561161], [2.425027727885998, 6.396591708521356], [2.4281010795112117, 6.397134498461649], [2.4288242210700854, 6.3974963584218445], [2.43171678730558, 6.3974963584218445], [2.43171678730558, 6.397315428441747], [2.4347901389307935, 6.3964107785412585], [2.434609353541075, 6.395687058620867], [2.4338862119822013, 6.395144268680574], [2.4338862119822013, 6.394782408720379], [2.432439928864454, 6.393334968879597], [2.432439928864454, 6.392973108919402], [2.43171678730558, 6.392249388999011], [2.430451289577551, 6.391887529038816], [2.4302705041878325, 6.391163809118425], [2.4299089334083956, 6.391163809118425], [2.4299089334083956, 6.390621019178132], [2.429185791849522, 6.390621019178132], [2.428824221070085, 6.390259159217937], [2.4286434356803666, 6.388268929436863], [2.4279202941214932, 6.388268929436863], [2.427739508731775, 6.388630789397058], [2.427016367172901, 6.388811719377156]]], [[[2.434790138930794, 6.396591708521355], [2.434790138930794, 6.397496358421844], [2.434428568151357, 6.398220078342234], [2.434428568151357, 6.3991247282427235], [2.4347901389307935, 6.3985819383024305], [2.434970924320512, 6.397134498461649], [2.4351517097102304, 6.397134498461649], [2.4351517097102304, 6.396410778541258], [2.434790138930794, 6.396591708521355]]], [[[2.4344285681513567, 6.3996675181830165], [2.4344285681513567, 6.399124728242723], [2.4342477827616387, 6.399124728242723], [2.4342477827616387, 6.3996675181830165], [2.4344285681513567, 6.3996675181830165]]], [[[2.4342477827616382, 6.4002103081233095], [2.4340669973719202, 6.400029378143211], [2.4340669973719202, 6.4002103081233095], [2.4342477827616382, 6.4002103081233095]]]]}, "properties": {"name": "Ladji", "commune": "COTONOU", "confidence": "MANUAL_REVIEW", "area_m2": 1320843.3, "perimeter_m": 10313.0, "road_length_m": 1051.0, "n_road_vertices": 48, "avg_dist_to_road_m": 552.7, "pct_area_near_road": 12.0, "color": "#58cf45", "neighbours": ["Agbatô", "Ahouansori-Towéta", "Ahouansori-Towéta-Kpota", "Gbèdjromèdè-Nord", "Hlacômey"], "n_neighbours": 5, "manual_review_reasons": ["avg distance to owned road 553 m"]}}, {"type": "Feature", "geometry": {"type": "Polygon", "coordinates": [[[2.347832366476224, 6.391706599058718], [2.34710922491735, 6.391887529038816], [2.3467476541379133, 6.392430318979109], [2.346205297968758, 6.392430318979109], [2.345843727189321, 6.392792178939305], [2.3460245125790395, 6.392792178939305], [2.3463860833584764, 6.394058688799989], [2.3472900103070686, 6.393877758819891], [2.347470795696787, 6.3942396187800865], [2.3472900103070686, 6.395144268680575], [2.348013151865942, 6.395144268680575], [2.3483747226453793, 6.3947824087203795], [2.348736293424816, 6.39550612864077], [2.3492786495939715, 6.395687058620868], [2.34945943498369, 6.396953568481551], [2.3489170788145346, 6.397134498461648], [2.3489170788145346, 6.3974963584218445], [2.3496402203734084, 6.39785821838204], [2.34945943498369, 6.399848448163114], [2.3496402203734084, 6.399848448163114], [2.349821005763127, 6.402743327844677], [2.3505441473220006, 6.4034670477650675], [2.3509057181014374, 6.4034670477650675], [2.3514480742705928, 6.404190767685458], [2.3521712158294665, 6.4045526276456535], [2.3536174989472136, 6.404733557625751], [2.35289435738834, 6.400391238103406], [2.352171215829466, 6.398943798262625], [2.352171215829466, 6.398401008322332], [2.351809645050029, 6.398039148362137], [2.351809645050029, 6.396953568481551], [2.3514480742705923, 6.396772638501453], [2.350544147322, 6.396953568481551], [2.3501825765425632, 6.39622984856116], [2.350544147322, 6.39550612864077], [2.350905718101437, 6.39550612864077], [2.350905718101437, 6.394963338700476], [2.350544147322, 6.394963338700476], [2.350544147322, 6.394601478740282], [2.350905718101437, 6.394420548760184], [2.3507249327117186, 6.394058688799988], [2.350905718101437, 6.392792178939304], [2.3503633619322817, 6.392611248959207], [2.350544147322, 6.392068459018914], [2.3498210057631264, 6.392068459018914], [2.3490978642042526, 6.391344739098523], [2.3485555080350973, 6.391525669078621], [2.3480131518659424, 6.391163809118425], [2.347832366476224, 6.391706599058718]]]}, "properties": {"name": "Hlouacomey", "commune": "ABOMEY-CALAVI", "confidence": "MEDIUM", "area_m2": 464800.0, "perimeter_m": 5440.4, "road_length_m": 3505.5, "n_road_vertices": 172, "avg_dist_to_road_m": 179.7, "pct_area_near_road": 57.5, "color": "#bfd64a", "neighbours": ["Finafa\n", "Nonhouénou\n", "Sèdjannako\n", "Sèdomey", "Yolomahouto"], "n_neighbours": 5, "manual_review_reasons": []}}, {"type": "Feature", "geometry": {"type": "Polygon", "coordinates": [[[2.31583335249606, 6.398401008322332], [2.3127600008708464, 6.399848448163113], [2.312940786260565, 6.401295888003895], [2.3120368593119727, 6.402019607924285], [2.3120368593119727, 6.402924257824774], [2.3118560739222542, 6.402924257824774], [2.3118560739222542, 6.4040098377053605], [2.312217644701691, 6.404190767685458], [2.312217644701691, 6.4045526276456535], [2.3127600008708464, 6.4045526276456535], [2.3133023570400018, 6.4050954175859465], [2.3133023570400018, 6.405457277546142], [2.3136639278194386, 6.4056382075262395], [2.31348314242972, 6.4061809974665325], [2.315290996326904, 6.406000067486435], [2.31583335249606, 6.4056382075262395], [2.316194923275497, 6.406000067486435], [2.3163757086652152, 6.407085647367021], [2.3176412063932443, 6.406904717386923], [2.3176412063932443, 6.407447507327216], [2.3185451333418365, 6.407628437307314], [2.3189067041212734, 6.408533087207802], [2.3192682749007103, 6.4087140171879], [2.319810631069865, 6.4087140171879], [2.320895343408176, 6.407447507327216], [2.3216184849670496, 6.407990297267509], [2.3227031973053602, 6.40636192744663], [2.322522411915642, 6.406000067486434], [2.3227031973053602, 6.405095417585946], [2.3223416265259234, 6.404371697665556], [2.3232455534745156, 6.403828907725263], [2.3227031973053602, 6.402743327844677], [2.3236071242539524, 6.402562397864579], [2.3236071242539524, 6.401476817983992], [2.3228839826950787, 6.401476817983992], [2.3232455534745156, 6.400210308123309], [2.3228839826950787, 6.400029378143211], [2.3227031973053602, 6.397858218382039], [2.3210761287978947, 6.398220078342234], [2.3205337726287394, 6.398762868282527], [2.3194490602904283, 6.398762868282527], [2.31926827490071, 6.398401008322332], [2.3176412063932443, 6.398401008322332], [2.3176412063932443, 6.39858193830243], [2.31583335249606, 6.398401008322332]]]}, "properties": {"name": "Gbègnigan-Midokpo\n", "commune": "ABOMEY-CALAVI", "confidence": "HIGH", "area_m2": 1064800.0, "perimeter_m": 5799.9, "road_length_m": 11359.5, "n_road_vertices": 424, "avg_dist_to_road_m": 44.5, "pct_area_near_road": 90.6, "color": "#c89743", "neighbours": ["Assrossa\n", "Atrokpo-Codji", "Hounsa-Agbodokpa\n", "La-Paix\n", "Womey-Centre\n", "Yénandjro\n"], "n_neighbours": 6, "manual_review_reasons": []}}, {"type": "Feature", "geometry": {"type": "MultiPolygon", "coordinates": [[[[2.2849190508542065, 6.350816423556646], [2.2832919823467406, 6.353349443278013], [2.2832919823467406, 6.354073163198405], [2.2840151239056143, 6.3544350231586], [2.2840151239056143, 6.355339673059088], [2.2845574800747697, 6.355882462999381], [2.2849190508542065, 6.355882462999381], [2.285461407023362, 6.356425252939674], [2.2865461193616725, 6.356425252939674], [2.2865461193616725, 6.356606182919772], [2.287630831699983, 6.356606182919772], [2.287630831699983, 6.35678711289987], [2.289981041766323, 6.35678711289987], [2.2901618271560413, 6.357148972860065], [2.2910657541046335, 6.35751083282026], [2.291608110273789, 6.359681992581432], [2.2939583203401286, 6.35986292256153], [2.2943198911195655, 6.360224782521725], [2.2952238180681577, 6.360405712501823], [2.2963085304064683, 6.361491292382409], [2.2968508865756236, 6.362576872262995], [2.298658740472808, 6.3622150123028], [2.299381882031682, 6.362576872262995], [2.300285808980274, 6.362576872262995], [2.300285808980274, 6.362757802243093], [2.3026360190466137, 6.362576872262995], [2.3026360190466137, 6.362757802243093], [2.3040823021643613, 6.362757802243093], [2.3040823021643613, 6.36293873222319], [2.3055285852821084, 6.36293873222319], [2.3055285852821084, 6.362757802243093], [2.3066132976204194, 6.362757802243093], [2.3069748683998563, 6.363119662203288], [2.3080595807381665, 6.36293873222319], [2.3087827222970403, 6.362576872262995], [2.309144293076477, 6.361853152342604], [2.3089635076867587, 6.360224782521725], [2.3105905761942247, 6.358596412700846], [2.3105905761942247, 6.358234552740651], [2.3116752885325353, 6.35751083282026], [2.3116752885325353, 6.356968042879967], [2.312398430091409, 6.356425252939674], [2.3122176447016907, 6.35588246299938], [2.3120368593119727, 6.35588246299938], [2.3120368593119727, 6.356425252939673], [2.31113293236338, 6.356425252939673], [2.311494503142817, 6.356063392979478], [2.310952146973662, 6.356063392979478], [2.310771361583943, 6.356425252939673], [2.3100482200250694, 6.355701533019283], [2.3100482200250694, 6.355339673059088], [2.3105905761942247, 6.355520603039186], [2.3105905761942247, 6.354977813098893], [2.3111329323633805, 6.355520603039186], [2.311856073922254, 6.355520603039186], [2.3116752885325353, 6.354796883118794], [2.31113293236338, 6.354977813098892], [2.3105905761942247, 6.354254093178501], [2.310229005414788, 6.354435023158599], [2.310229005414788, 6.353892233218306], [2.3089635076867587, 6.354073163198404], [2.3089635076867587, 6.353892233218306], [2.3076980099587296, 6.353892233218306], [2.3076980099587296, 6.353711303238208], [2.306974868399856, 6.353892233218306], [2.306794083010138, 6.353711303238208], [2.3066132976204194, 6.354073163198404], [2.3064325122307006, 6.354073163198404], [2.3064325122307006, 6.353711303238209], [2.3067940830101374, 6.353530373258111], [2.3055285852821084, 6.353168513297915], [2.30534779989239, 6.352263863397427], [2.304986229112953, 6.352082933417329], [2.3017320920980215, 6.351540143477036], [2.3017320920980215, 6.352263863397427], [2.3006473797597105, 6.352263863397427], [2.2999242382008367, 6.351540143477036], [2.2993818820316814, 6.351540143477036], [2.2993818820316814, 6.351359213496939], [2.297935598913934, 6.351540143477036], [2.2981163843036523, 6.350997353536744], [2.298839525862526, 6.351178283516842], [2.298839525862526, 6.350997353536743], [2.2977548135242154, 6.350816423556646], [2.2977548135242154, 6.350635493576548], [2.2972124573550605, 6.351540143477036], [2.2966701011859048, 6.351359213496939], [2.2970316719653416, 6.350635493576548], [2.29612774501675, 6.350635493576548], [2.295404603457876, 6.350997353536743], [2.2926928226120995, 6.350816423556646], [2.2926928226120995, 6.350997353536743], [2.291608110273789, 6.350997353536743], [2.291608110273789, 6.351178283516841], [2.290161827156041, 6.351178283516841], [2.290161827156041, 6.350997353536743], [2.2892579002074487, 6.350997353536743], [2.2892579002074487, 6.350816423556646], [2.2876308316999827, 6.350816423556646], [2.2876308316999827, 6.350635493576548], [2.285461407023362, 6.350635493576548], [2.285461407023362, 6.350816423556646], [2.2849190508542065, 6.350816423556646]], [[2.298839525862526, 6.353168513297915], [2.298839525862526, 6.352625723357623], [2.299381882031682, 6.352625723357623], [2.299381882031682, 6.352806653337721], [2.2997434528111187, 6.352625723357623], [2.2995626674214003, 6.353168513297915], [2.298839525862526, 6.353168513297915]], [[2.2968508865756236, 6.352444793377525], [2.2964893157961868, 6.352987583317818], [2.294681461899002, 6.352987583317818], [2.294681461899002, 6.352806653337721], [2.2964893157961863, 6.352625723357623], [2.296308530406468, 6.351721073457135], [2.296670101185905, 6.35208293341733], [2.297393242744779, 6.351902003437233], [2.2972124573550605, 6.352444793377525], [2.2968508865756236, 6.352444793377525]], [[2.289438685597167, 6.353892233218306], [2.289800256376604, 6.353530373258112], [2.290704183325196, 6.353530373258112], [2.290704183325196, 6.353349443278014], [2.2919696810532257, 6.353530373258112], [2.2919696810532257, 6.353711303238208], [2.289438685597167, 6.353892233218306]], [[2.2928736080018175, 6.358053622760552], [2.293235178781255, 6.357872692780456], [2.293235178781255, 6.358053622760552], [2.2928736080018175, 6.358053622760552]], [[2.2999242382008367, 6.352806653337721], [2.300285808980274, 6.352987583317818], [2.2999242382008367, 6.352987583317818], [2.2999242382008367, 6.352806653337721]]], [[[2.3093250784661956, 6.353349443278014], [2.3091442930764776, 6.353168513297915], [2.3091442930764776, 6.353349443278014], [2.3093250784661956, 6.353349443278014]]], [[[2.309686649245633, 6.361672222362506], [2.3095058638559145, 6.362757802243092], [2.308963507686759, 6.363481522163482], [2.308963507686759, 6.364205242083874], [2.3100482200250694, 6.364748032024167], [2.3104097908045063, 6.364567102044069], [2.3104097908045063, 6.36366245214358], [2.310229005414788, 6.36366245214358], [2.310229005414788, 6.362395942282896], [2.309686649245633, 6.361672222362506]]]]}, "properties": {"name": "Togbin-Daho", "commune": "ABOMEY-CALAVI", "confidence": "MEDIUM", "area_m2": 2848800.0, "perimeter_m": 14798.5, "road_length_m": 11456.5, "n_road_vertices": 578, "avg_dist_to_road_m": 113.4, "pct_area_near_road": 59.5, "color": "#44d75a", "neighbours": ["Djèkpota", "Ganganzounmè\n", "Togbin-Fandji", "Togbin-Kpèvi"], "n_neighbours": 4, "manual_review_reasons": []}}, {"type": "Feature", "geometry": {"type": "MultiPolygon", "coordinates": [[[[2.2623208771394014, 6.46136464139632], [2.262140091749683, 6.462450221276906], [2.2610553794113724, 6.462812081237101], [2.260874594021654, 6.464802311018175], [2.2606938086319355, 6.464802311018175], [2.260874594021654, 6.465345100958468], [2.260513023242217, 6.465706960918664], [2.259609096293625, 6.465706960918664], [2.259247525514188, 6.466430680839054], [2.259247525514188, 6.467154400759445], [2.2583435985655957, 6.467697190699738], [2.2574396716170035, 6.467697190699738], [2.257258886227285, 6.468963700560422], [2.256354959278693, 6.468963700560422], [2.255631817719819, 6.470049280441008], [2.2536431784329163, 6.470411140401203], [2.2536431784329163, 6.470953930341497], [2.254004749212353, 6.47149672028179], [2.254004749212353, 6.472582300162376], [2.2549086761609454, 6.473667880042962], [2.2541855346020716, 6.475115319883742], [2.2541855346020716, 6.4765627597245246], [2.255812603109537, 6.4765627597245246], [2.255812603109537, 6.476381829744427], [2.256897315447848, 6.476200899764329], [2.2574396716170035, 6.47692461968472], [2.25780124239644, 6.47692461968472], [2.25780124239644, 6.4765627597245246], [2.2585243839553137, 6.476200899764329], [2.259066740124469, 6.475296249863841], [2.2608745940216535, 6.475296249863841], [2.261055379411372, 6.474934389903646], [2.261959306359964, 6.474934389903646], [2.262682447918838, 6.47457252994345], [2.262682447918838, 6.474210669983255], [2.263405589477712, 6.474210669983255], [2.263405589477712, 6.474391599963353], [2.2643095164263043, 6.47457252994345], [2.2644903018160227, 6.475839039804134], [2.2648518725954596, 6.4760199697842316], [2.2648518725954596, 6.477105549664817], [2.264128731036586, 6.477467409625012], [2.264128731036586, 6.4781911295454035], [2.2650326579851776, 6.4781911295454035], [2.2650326579851776, 6.478010199565306], [2.26593658493377, 6.478010199565306], [2.266478941102925, 6.477286479644915], [2.2670212972720805, 6.4771055496648176], [2.266840511882362, 6.476200899764329], [2.2673828680515173, 6.4760199697842316], [2.2673828680515173, 6.474210669983255], [2.26828679500011, 6.474210669983255], [2.26828679500011, 6.474391599963353], [2.2697330781178575, 6.474210669983255], [2.269913863507576, 6.47457252994345], [2.2697330781178575, 6.475658109824036], [2.2704562196767313, 6.4760199697842316], [2.2704562196767313, 6.476743689704622], [2.271360146625323, 6.476743689704622], [2.2719025027944784, 6.476200899764329], [2.2722640735739152, 6.476200899764329], [2.2722640735739152, 6.475839039804134], [2.2728064297430706, 6.475296249863841], [2.2728064297430706, 6.474934389903645], [2.2722640735739152, 6.474572529943449], [2.272083288184197, 6.473667880042961], [2.2719025027944784, 6.473667880042961], [2.2724448589636337, 6.47294416012257], [2.27172171740476, 6.47222044020218], [2.272625644353352, 6.471315790301692], [2.2724448589636337, 6.470592070381302], [2.272987215132789, 6.470592070381302], [2.273348785912226, 6.469687420480813], [2.273891142081381, 6.46914463054052], [2.2751566398094103, 6.468782770580325], [2.275879781368284, 6.466611610819153], [2.2780492060449054, 6.466249750858958], [2.2780492060449054, 6.464621381038078], [2.27750684987575, 6.464078591097785], [2.2773260644860316, 6.463354871177395], [2.278229991434624, 6.462812081237102], [2.2802186307215266, 6.462812081237102], [2.2809417722804004, 6.461907431336614], [2.281664913839274, 6.461907431336614], [2.282749626177585, 6.461002781436125], [2.282388055398148, 6.459374411615245], [2.2818456992289926, 6.459374411615245], [2.281664913839274, 6.458650691694855], [2.2809417722804004, 6.458107901754562], [2.2813033430598373, 6.457746041794367], [2.282026484618711, 6.457746041794367], [2.282388055398148, 6.456479531933683], [2.2814841284495557, 6.456117671973487], [2.2805802015009635, 6.455213022072999], [2.280399416111245, 6.453403722272022], [2.2802186307215266, 6.453403722272022], [2.2802186307215266, 6.452680002351633], [2.2818456992289926, 6.452318142391437], [2.282026484618711, 6.451775352451143], [2.281122557670119, 6.450870702550655], [2.2798570599420898, 6.45123256251085], [2.2798570599420898, 6.449604192689971], [2.2793147037729344, 6.449423262709874], [2.2789531329934976, 6.448880472769581], [2.2787723476037796, 6.448880472769581], [2.2787723476037796, 6.451413492490948], [2.277868420655187, 6.451413492490948], [2.27750684987575, 6.451051632530753], [2.2764221375374394, 6.451051632530753], [2.275879781368284, 6.45050884259046], [2.274433498250537, 6.45050884259046], [2.273710356691663, 6.450870702550655], [2.273710356691663, 6.451594422471047], [2.2746142836402554, 6.452318142391437], [2.2746142836402554, 6.452680002351632], [2.274433498250537, 6.453041862311827], [2.2733487859122263, 6.45358465225212], [2.2733487859122263, 6.454308372172512], [2.2735295713019448, 6.454308372172512], [2.2733487859122263, 6.455755812013292], [2.2726256443533526, 6.455755812013292], [2.2726256443533526, 6.45593674199339], [2.2713601466253235, 6.455755812013292], [2.2711793612356046, 6.45593674199339], [2.2702754342870124, 6.455032092092901], [2.2697330781178575, 6.455032092092901], [2.269552292728139, 6.457926971774464], [2.2688291511692653, 6.457926971774464], [2.2688291511692653, 6.458831621674952], [2.2681060096103915, 6.459555341595343], [2.2675636534412362, 6.459555341595343], [2.267382868051518, 6.459917201555538], [2.2664789411029256, 6.460279061515734], [2.2664789411029256, 6.460640921475929], [2.2655750141543334, 6.460279061515734], [2.2639479456468674, 6.46136464139632], [2.2632248040879936, 6.46136464139632], [2.2632248040879936, 6.461545571376417], [2.2623208771394014, 6.46136464139632]]], [[[2.275518210588847, 6.468963700560423], [2.2751566398094107, 6.468782770580324], [2.2751566398094107, 6.468963700560423], [2.275518210588847, 6.468963700560423]]]]}, "properties": {"name": "Dessato\n", "commune": "ABOMEY-CALAVI", "confidence": "HIGH", "area_m2": 4553200.0, "perimeter_m": 16920.0, "road_length_m": 32942.2, "n_road_vertices": 1652, "avg_dist_to_road_m": 50.3, "pct_area_near_road": 89.2, "color": "#43d49e", "neighbours": ["Adjagbo", "Adjagbo-Aïdjèdo", "Dassèkomey", "Kpossidja", "Ouèdo", "Somè", "Togba_Maria-Gléta"], "n_neighbours": 7, "manual_review_reasons": []}}, {"type": "Feature", "geometry": {"type": "MultiPolygon", "coordinates": [[[[2.3881475083834363, 6.362215012302799], [2.3881475083834363, 6.363300592183385], [2.3877859376039994, 6.36366245214358], [2.3877859376039994, 6.364205242083874], [2.388509079162873, 6.364024312103776], [2.3890514353320285, 6.36529082196446], [2.389593791501184, 6.365471751944558], [2.3899553622806207, 6.366195471864948], [2.3899553622806207, 6.366557331825143], [2.389593791501184, 6.36673826180524], [2.3899553622806207, 6.367100121765437], [2.3897745768909022, 6.367461981725631], [2.3899553622806207, 6.368185701646022], [2.3894130061114653, 6.368366631626119], [2.3890514353320285, 6.369271281526608], [2.3867012252656887, 6.369452211506705], [2.386339654486252, 6.369995001446998], [2.385978083706815, 6.369995001446998], [2.3848933713685043, 6.370899651347488], [2.3876051522142805, 6.371261511307683], [2.388689864552591, 6.37071872136739], [2.3894130061114653, 6.37071872136739], [2.389593791501184, 6.371080581327585], [2.3904977184497755, 6.370899651347488], [2.390678503839494, 6.370537791387292], [2.3921247869572415, 6.37071872136739], [2.39230557234696, 6.369995001446999], [2.3926671431263973, 6.369995001446999], [2.3928479285161157, 6.370356861407195], [2.393932640854426, 6.370356861407195], [2.3937518554647075, 6.369452211506706], [2.394294211633863, 6.369452211506706], [2.3941134262441444, 6.368547561606217], [2.393571070074989, 6.368547561606217], [2.392667143126397, 6.367642911705729], [2.393209499295552, 6.367100121765437], [2.393209499295552, 6.366557331825144], [2.393932640854426, 6.365652681924654], [2.392667143126397, 6.365471751944557], [2.39230557234696, 6.364928962004264], [2.3912208600086493, 6.364928962004264], [2.390678503839494, 6.36366245214358], [2.3892322207217465, 6.363843382123678], [2.389051435332028, 6.362576872262994], [2.388689864552591, 6.362215012302799], [2.3881475083834363, 6.362215012302799]]], [[[2.387605152214281, 6.364386172063972], [2.387785937603999, 6.364205242083873], [2.387605152214281, 6.364205242083873], [2.387605152214281, 6.364386172063972]]]]}, "properties": {"name": "Houénoussou", "commune": "COTONOU", "confidence": "HIGH", "area_m2": 396000.0, "perimeter_m": 5399.7, "road_length_m": 4919.5, "n_road_vertices": 184, "avg_dist_to_road_m": 39.4, "pct_area_near_road": 95.4, "color": "#dfb041", "neighbours": ["Aïbatin-Dodo", "Cadjèhoun-Kpota", "Gbèdégbé", "Houéyihô", "Houéyihô-Tannou", "Missité"], "n_neighbours": 6, "manual_review_reasons": []}}, {"type": "Feature", "geometry": {"type": "MultiPolygon", "coordinates": [[[[2.238818776476004, 6.454127442192413], [2.237914849527412, 6.455393952053097], [2.237191707968538, 6.455393952053097], [2.2370109225788197, 6.455755812013292], [2.2370109225788197, 6.456841391893878], [2.236287781019946, 6.457565111814269], [2.2361069956302275, 6.459193481635149], [2.2368301371891013, 6.459555341595344], [2.238276420306849, 6.459374411615246], [2.2386379910862857, 6.459917201555539], [2.239180347255441, 6.460098131535637], [2.239180347255441, 6.461002781436124], [2.238818776476004, 6.461183711416222], [2.238818776476004, 6.461907431336613], [2.2386379910862857, 6.461907431336613], [2.2386379910862857, 6.463354871177395], [2.2397227034245963, 6.463354871177395], [2.2397227034245963, 6.463535801157493], [2.24044584498347, 6.463354871177395], [2.2409882011526254, 6.463897661117688], [2.2422536988806545, 6.463535801157493], [2.242072913490936, 6.46444045105798], [2.2415305573217807, 6.464621381038078], [2.241168986542344, 6.465345100958468], [2.2406266303731885, 6.465526030938566], [2.2397227034245963, 6.466430680839054], [2.2397227034245963, 6.466792540799251], [2.2404458449834697, 6.466792540799251], [2.2408074157629065, 6.466430680839055], [2.241349771932062, 6.466611610819153], [2.2415305573217803, 6.466249750858958], [2.242072913490936, 6.466430680839055], [2.242072913490936, 6.466973470779347], [2.2413497719320623, 6.46751626071964], [2.2409882011526254, 6.468782770580325], [2.2426152696600914, 6.468782770580325], [2.2426152696600914, 6.468963700560423], [2.243699981998402, 6.468963700560423], [2.243699981998402, 6.46914463054052], [2.2458694066750233, 6.468782770580325], [2.2464117628441787, 6.46914463054052], [2.246954119013334, 6.470230210421106], [2.246954119013334, 6.471134860321594], [2.2467733336236155, 6.471134860321594], [2.246592548233897, 6.472039510222083], [2.248219616741363, 6.472763230142474], [2.2487619729105184, 6.473306020082767], [2.250027470638547, 6.473125090102669], [2.2505698268077023, 6.472582300162376], [2.2509313975871392, 6.470953930341497], [2.252558466094605, 6.470049280441009], [2.2534623930431974, 6.470230210421106], [2.2540047492123527, 6.46914463054052], [2.2540047492123527, 6.467335330739543], [2.2538239638226343, 6.467335330739543], [2.2540047492123527, 6.46444045105798], [2.2531008222637605, 6.46444045105798], [2.252558466094605, 6.461183711416223], [2.253281607653479, 6.461002781436125], [2.2531008222637605, 6.459917201555539], [2.254908676160945, 6.459193481635149], [2.254908676160945, 6.458650691694856], [2.2554510323301002, 6.458469761714758], [2.255270246940382, 6.456479531933683], [2.2540047492123527, 6.456298601953585], [2.253281607653479, 6.455574882033195], [2.2540047492123527, 6.454489302152609], [2.2538239638226343, 6.451594422471047], [2.254908676160945, 6.450146982630265], [2.2550894615506634, 6.449061402749679], [2.2556318177198187, 6.448518612809386], [2.2559933884992556, 6.448518612809386], [2.2559933884992556, 6.447975822869092], [2.255270246940382, 6.447433032928799], [2.255270246940382, 6.447071172968604], [2.2543663199917896, 6.446166523068116], [2.2536431784329163, 6.446166523068116], [2.253462393043198, 6.446709313008409], [2.2529200368740425, 6.446709313008409], [2.2529200368740425, 6.447794892888995], [2.2525584660946056, 6.447975822869092], [2.252377680704887, 6.448880472769581], [2.25201610992545, 6.448880472769581], [2.2514737537562945, 6.448337682829288], [2.2509313975871397, 6.448699542789483], [2.2505698268077023, 6.448337682829288], [2.2500274706385475, 6.448337682829288], [2.2496658998591106, 6.449604192689971], [2.2491235436899553, 6.450146982630264], [2.2487619729105184, 6.450146982630264], [2.248219616741363, 6.451051632530753], [2.2476772605722077, 6.451051632530753], [2.2476772605722077, 6.451775352451143], [2.246954119013334, 6.451775352451143], [2.246592548233897, 6.452137212411339], [2.2451462651161496, 6.451956282431241], [2.2451462651161496, 6.452680002351632], [2.244965479726431, 6.452680002351632], [2.2451462651161496, 6.453403722272022], [2.2446039089469942, 6.453946512212315], [2.2442423381675574, 6.453946512212315], [2.2442423381675574, 6.454489302152609], [2.244423123557276, 6.454489302152609], [2.2442423381675574, 6.454851162112804], [2.242615269660091, 6.454851162112804], [2.2424344842703725, 6.454489302152608], [2.241711342711499, 6.454489302152608], [2.2415305573217807, 6.454851162112804], [2.240988201152625, 6.454851162112804], [2.240626630373188, 6.454489302152608], [2.2402650595937517, 6.454670232132706], [2.239361132645159, 6.454489302152608], [2.2391803472554406, 6.454127442192413], [2.238818776476004, 6.454127442192413]]], [[[2.253462393043198, 6.462450221276907], [2.253643178432916, 6.462450221276907], [2.253643178432916, 6.461726501356515], [2.253462393043198, 6.461726501356515], [2.253462393043198, 6.462450221276907]]]]}, "properties": {"name": "Zoungo", "commune": "ABOMEY-CALAVI", "confidence": "HIGH", "area_m2": 3437600.0, "perimeter_m": 13600.3, "road_length_m": 20068.6, "n_road_vertices": 1148, "avg_dist_to_road_m": 60.2, "pct_area_near_road": 82.0, "color": "#c1d746", "neighbours": ["Dassèkomey", "Dossounou", "Hêvié", "Ouèdo"], "n_neighbours": 4, "manual_review_reasons": []}}, {"type": "Feature", "geometry": {"type": "Polygon", "coordinates": [[[2.266298155713207, 6.423731205536005], [2.265755799544052, 6.426083295277275], [2.265394228764615, 6.426626085217568], [2.2652134433748965, 6.428073525058349], [2.264671087205741, 6.429159104938935], [2.2643095164263043, 6.429340034919033], [2.2643095164263043, 6.429701894879228], [2.263044018698275, 6.430968404739912], [2.26250166252912, 6.432415844580693], [2.2619593063599646, 6.4327777045408885], [2.2614169501908092, 6.4338632844214745], [2.260874594021654, 6.436758164103037], [2.260513023242217, 6.43730095404333], [2.260513023242217, 6.440014903744795], [2.26015145246278, 6.440195833724893], [2.259609096293625, 6.441281413605479], [2.259609096293625, 6.441824203545772], [2.2590667401244695, 6.4425479234661625], [2.2590667401244695, 6.443452573366652], [2.261236164801091, 6.443814433326847], [2.2615977355805277, 6.444176293287042], [2.263405589477712, 6.443995363306945], [2.2635863748674305, 6.444538153247238], [2.2639479456468674, 6.444719083227335], [2.2639479456468674, 6.445442803147726], [2.265213443374896, 6.444719083227335], [2.2655750141543334, 6.444719083227335], [2.26593658493377, 6.445442803147726], [2.26593658493377, 6.445080943187531], [2.2668405118823625, 6.443995363306945], [2.2672020826617993, 6.445623733127824], [2.2677444388309547, 6.445623733127824], [2.26828679500011, 6.445985593088019], [2.2693715073384206, 6.445985593088019], [2.2706370050664497, 6.447252102948703], [2.271179361235605, 6.447252102948703], [2.2720832881841972, 6.448518612809386], [2.2728064297430706, 6.448518612809386], [2.2731680005225074, 6.447252102948703], [2.2742527128608185, 6.4474330329288], [2.2742527128608185, 6.447613962908898], [2.2751566398094107, 6.447252102948703], [2.2755182105888476, 6.447794892888996], [2.275879781368284, 6.4474330329288], [2.27642213753744, 6.4474330329288], [2.277145279096313, 6.447975822869093], [2.2767837083168763, 6.445985593088018], [2.2760605667580025, 6.445623733127823], [2.2753374251991287, 6.444176293287042], [2.2764221375374394, 6.443633503346749], [2.2780492060449054, 6.443633503346749], [2.278229991434624, 6.443271643386554], [2.278772347603779, 6.443090713406456], [2.2789531329934976, 6.4403767637049905], [2.2785915622140607, 6.440195833724893], [2.278229991434624, 6.439472113804503], [2.281122557670119, 6.439653043784601], [2.281122557670119, 6.437662814003526], [2.2814841284495557, 6.437481884023429], [2.2814841284495557, 6.436939094083136], [2.2818456992289926, 6.436758164103038], [2.282749626177585, 6.434948864302061], [2.2834727677364586, 6.434948864302061], [2.2834727677364586, 6.434767934321964], [2.2879924024794196, 6.434948864302061], [2.2883539732588565, 6.434767934321964], [2.2892579002074487, 6.433863284421475], [2.289438685597167, 6.433139564501085], [2.289800256376604, 6.432958634520987], [2.2899810417663224, 6.432234914600596], [2.290704183325196, 6.431511194680206], [2.291065754104633, 6.4306065447797165], [2.2908849687149146, 6.430244684819521], [2.290523397935478, 6.430244684819521], [2.28799240247942, 6.432596774560791], [2.286365333971954, 6.432596774560791], [2.286003763192517, 6.4333204944811815], [2.285280621633643, 6.4338632844214745], [2.284919050854206, 6.433139564501084], [2.2838343385158955, 6.432958634520986], [2.283653553126177, 6.4311493347200095], [2.2829304115673033, 6.430425614799619], [2.282568840787867, 6.4306065447797165], [2.282568840787867, 6.430968404739912], [2.2811225576701193, 6.431330264700107], [2.280941772280401, 6.432053984620498], [2.279133918383216, 6.432053984620498], [2.278772347603779, 6.4316921246603025], [2.279133918383216, 6.429882824859327], [2.2796762745523713, 6.429520964899131], [2.279495489162653, 6.4273498051379585], [2.2784107768243422, 6.4273498051379585], [2.2780492060449054, 6.426987945177763], [2.276060566758003, 6.42644515523747], [2.275337425199129, 6.4268070151976655], [2.2751566398094107, 6.427168875157861], [2.2740719274711, 6.427530735118056], [2.2738911420813817, 6.4278925950782515], [2.2731680005225074, 6.4278925950782515], [2.272625644353352, 6.426987945177763], [2.272625644353352, 6.4262642252573725], [2.2715409320150415, 6.4262642252573725], [2.271360146625323, 6.426083295277275], [2.2715409320150415, 6.4257214353170795], [2.2706370050664493, 6.424816785416591], [2.270094648897294, 6.424816785416591], [2.2699138635075755, 6.424273995476298], [2.2666597264926436, 6.4235502755559075], [2.2666597264926436, 6.42336934557581], [2.266298155713207, 6.423731205536005]]]}, "properties": {"name": "Alansankomè", "commune": "ABOMEY-CALAVI", "confidence": "HIGH", "area_m2": 4684000.0, "perimeter_m": 15920.1, "road_length_m": 22431.4, "n_road_vertices": 1156, "avg_dist_to_road_m": 87.0, "pct_area_near_road": 66.7, "color": "#d8405e", "neighbours": ["Adovié", "Ahouato", "Hêvié", "Maria-Gléta\n", "Ouèdo", "Togba_Maria-Gléta"], "n_neighbours": 6, "manual_review_reasons": []}}, {"type": "Feature", "geometry": {"type": "Polygon", "coordinates": [[[2.2968508865756236, 6.362576872262994], [2.2968508865756236, 6.362938732223189], [2.294862247288721, 6.364928962004264], [2.294862247288721, 6.365471751944558], [2.2955853888475946, 6.366195471864948], [2.2955853888475946, 6.366557331825144], [2.2964893157961868, 6.367281051745534], [2.2964893157961868, 6.36764291170573], [2.2972124573550605, 6.368185701646023], [2.2972124573550605, 6.368547561606218], [2.2981163843036527, 6.369271281526609], [2.298297169693371, 6.369814071466902], [2.299381882031682, 6.369633141486804], [2.30191287748774, 6.371080581327585], [2.3029975898260506, 6.371080581327585], [2.3029975898260506, 6.371442441287781], [2.3037207313849244, 6.371985231228074], [2.303539945995206, 6.37216616120817], [2.3037207313849244, 6.37307081110866], [2.304805443723235, 6.372889881128562], [2.3055285852821084, 6.373251741088757], [2.305709370671827, 6.372889881128562], [2.3067940830101374, 6.372347091188269], [2.3073364391792928, 6.372347091188269], [2.3076980099587296, 6.371985231228074], [2.307878795348448, 6.370899651347488], [2.308601936907322, 6.370356861407195], [2.3087827222970403, 6.369452211506706], [2.3093250784661956, 6.368728491586316], [2.3093250784661956, 6.368004771665924], [2.308601936907322, 6.367642911705729], [2.3084211515176034, 6.367281051745533], [2.3080595807381665, 6.367281051745533], [2.3076980099587296, 6.36673826180524], [2.3073364391792928, 6.36673826180524], [2.3058901560615452, 6.365290821964459], [2.30534779989239, 6.365109891984361], [2.3051670145026715, 6.363300592183386], [2.3055285852821084, 6.362938732223189], [2.304082302164361, 6.362938732223189], [2.304082302164361, 6.362757802243092], [2.3026360190466133, 6.362757802243092], [2.3026360190466133, 6.362576872262994], [2.3002858089802736, 6.362757802243092], [2.3002858089802736, 6.362576872262994], [2.2986587404728076, 6.362395942282896], [2.2986587404728076, 6.362215012302799], [2.2968508865756236, 6.362576872262994]]]}, "properties": {"name": "Ganganzounmè\n", "commune": "ABOMEY-CALAVI", "confidence": "MEDIUM", "area_m2": 1154000.0, "perimeter_m": 5879.7, "road_length_m": 2996.9, "n_road_vertices": 148, "avg_dist_to_road_m": 157.1, "pct_area_near_road": 42.1, "color": "#da804d", "neighbours": ["Amahoun\n", "Djèkpota", "Hêdomè\n", "Togbin-Daho"], "n_neighbours": 4, "manual_review_reasons": []}}, {"type": "Feature", "geometry": {"type": "Polygon", "coordinates": [[[2.326861261268885, 6.4137800566306336], [2.326861261268885, 6.414503776551024], [2.326499690489448, 6.4148656365112195], [2.3250534073717004, 6.415046566491317], [2.3250534073717004, 6.415408426451513], [2.3259573343202926, 6.415770286411709], [2.325776548930574, 6.416132146371903], [2.3259573343202926, 6.416674936312196], [2.325234192761419, 6.416855866292294], [2.3254149781511373, 6.41721772625249], [2.326138119710011, 6.41721772625249], [2.326138119710011, 6.4175795862126845], [2.325776548930574, 6.417760516192782], [2.3259573343202926, 6.419027026053466], [2.3255957635408557, 6.419388886013662], [2.3263189050997295, 6.420112605934053], [2.3263189050997295, 6.421017255834541], [2.32740361743804, 6.422102835715127], [2.3281267589969135, 6.422102835715127], [2.328669115166069, 6.421560045774834], [2.3290306859455057, 6.421560045774834], [2.3301153982838163, 6.42029353591415], [2.330476969063253, 6.42029353591415], [2.331200110622127, 6.41956981599376], [2.331561681401564, 6.418484236113174], [2.333007964519312, 6.419931675953955], [2.333731106078185, 6.419750745973857], [2.333731106078185, 6.419388886013662], [2.334815818416496, 6.419388886013662], [2.335358174585651, 6.419931675953955], [2.335719745365088, 6.419027026053467], [2.3362621015342433, 6.418484236113174], [2.3368044577033986, 6.418484236113174], [2.33662367231368, 6.41721772625249], [2.3371660284828355, 6.41721772625249], [2.338250740821146, 6.416674936312197], [2.3384315262108646, 6.416313076352002], [2.3384315262108646, 6.4159512163918055], [2.3378891700417093, 6.4159512163918055], [2.337708384651991, 6.41558935643161], [2.3371660284828355, 6.415770286411708], [2.3371660284828355, 6.4143228465709266], [2.336081316144525, 6.413960986610731], [2.3355389599753695, 6.411427966889364], [2.3346350330267773, 6.411247036909266], [2.3335503206884667, 6.409075877148094], [2.333007964519312, 6.409075877148094], [2.3324656083501565, 6.409618667088387], [2.3317424667912827, 6.40943773710829], [2.3312001106221274, 6.409980527048583], [2.330657754452972, 6.409980527048583], [2.3308385398426905, 6.411247036909266], [2.3304769690632536, 6.411247036909266], [2.3292114713352245, 6.412694476750048], [2.3283075443866323, 6.412875406730145], [2.3279459736071955, 6.4137800566306336], [2.327584402827758, 6.413599126650536], [2.326861261268885, 6.4137800566306336]]]}, "properties": {"name": "Cité-la-Victoire\n", "commune": "ABOMEY-CALAVI", "confidence": "HIGH", "area_m2": 1146400.0, "perimeter_m": 6840.0, "road_length_m": 10328.0, "n_road_vertices": 404, "avg_dist_to_road_m": 52.5, "pct_area_near_road": 86.6, "color": "#41d871", "neighbours": ["Agonkanmey\n", "Alègléta", "Assrossa\n", "Tankpè-Tanmè", "Zogbadjè"], "n_neighbours": 5, "manual_review_reasons": []}}, {"type": "Feature", "geometry": {"type": "Polygon", "coordinates": [[[2.3628375538228545, 6.6916885060606495], [2.3628375538228545, 6.692593155961138], [2.3631991246022914, 6.6933168758815285], [2.363922266161165, 6.6974350960111035], [2.368080330124689, 6.69651879203386], [2.375130960323708, 6.693462957953851], [2.3821815905227273, 6.6884317664188915], [2.3892322207217465, 6.684994096797035], [2.388147508383436, 6.684813166816937], [2.387424366824562, 6.684270376876644], [2.385435727537659, 6.683727586936351], [2.3847125859787854, 6.683184796996058], [2.382904732081601, 6.682822937035863], [2.3821815905227273, 6.68228014709557], [2.381458448963854, 6.68228014709557], [2.381096878184417, 6.682642007055765], [2.3792890242872327, 6.683003867015961], [2.3792890242872327, 6.683184796996058], [2.3776619557797667, 6.683184796996058], [2.3776619557797667, 6.683365726976156], [2.3754925311031454, 6.683184796996058], [2.372780750257369, 6.68463223683684], [2.3715152525293393, 6.684270376876644], [2.3711536817499024, 6.683908516916449], [2.368803471683563, 6.684089446896547], [2.368441900904126, 6.684451306856742], [2.368441900904126, 6.684994096797035], [2.367899544734971, 6.68535595675723], [2.367899544734971, 6.685717816717426], [2.367176403176097, 6.686079676677621], [2.366634047006942, 6.687165256558207], [2.3657301200583496, 6.687527116518402], [2.3657301200583496, 6.687888976478598], [2.363922266161165, 6.689517346299477], [2.3635606953817283, 6.690421996199965], [2.362656768433136, 6.691145716120356], [2.362656768433136, 6.6916885060606495], [2.3628375538228545, 6.6916885060606495]]]}, "properties": {"name": "Djigbo", "commune": "ABOMEY-CALAVI", "confidence": "MEDIUM", "area_m2": 2416195.0, "perimeter_m": 8869.1, "road_length_m": 8692.9, "n_road_vertices": 324, "avg_dist_to_road_m": 168.3, "pct_area_near_road": 35.7, "color": "#48cb5b", "neighbours": ["Ahowégodo", "Bozoun", "Hadjanaho", "Kpanroun"], "n_neighbours": 4, "manual_review_reasons": []}}, {"type": "Feature", "geometry": {"type": "Polygon", "coordinates": [[[2.430270504187833, 6.375422900849928], [2.430270504187833, 6.375784760810124], [2.429908933408396, 6.375965690790221], [2.4300897187981145, 6.376327550750418], [2.429908933408396, 6.377232200650906], [2.43063207496727, 6.377413130631004], [2.43063207496727, 6.377955920571296], [2.430270504187833, 6.378136850551393], [2.430270504187833, 6.37849871051159], [2.4308128603569883, 6.379041500451883], [2.4315360019158616, 6.379403360412078], [2.4315360019158616, 6.379041500451883], [2.432078358085017, 6.37849871051159], [2.432801499643891, 6.37849871051159], [2.4333438558130465, 6.378860570471785], [2.4333438558130465, 6.379584290392176], [2.4342477827616387, 6.379584290392176], [2.4349709243205124, 6.379946150352371], [2.436236422048541, 6.379765220372273], [2.436236422048541, 6.37922243043198], [2.4364172074382595, 6.37922243043198], [2.436236422048541, 6.378317780531491], [2.4355132804896673, 6.378317780531491], [2.4351517097102304, 6.377774990591198], [2.4338862119822013, 6.3775940606111], [2.4331630704233276, 6.376689410710612], [2.432078358085017, 6.376146620770319], [2.4309936457467063, 6.375061040889733], [2.430270504187833, 6.375422900849928]]]}, "properties": {"name": "Hindé-Nord", "commune": "COTONOU", "confidence": "HIGH", "area_m2": 183600.0, "perimeter_m": 2839.9, "road_length_m": 1594.8, "n_road_vertices": 36, "avg_dist_to_road_m": 53.3, "pct_area_near_road": 90.2, "color": "#cb7648", "neighbours": ["Aïdjèdo-Vignon", "Djidjè", "Hindé-Sud", "Kpankpan"], "n_neighbours": 4, "manual_review_reasons": []}}, {"type": "Feature", "geometry": {"type": "Polygon", "coordinates": [[[2.4174347415178237, 6.360767572462017], [2.416350029179513, 6.36131036240231], [2.4161692437897946, 6.362395942282896], [2.415446102230921, 6.362757802243092], [2.415446102230921, 6.363300592183386], [2.4165308145692315, 6.363843382123679], [2.4165308145692315, 6.364205242083873], [2.4161692437897946, 6.364386172063971], [2.4161692437897946, 6.364928962004265], [2.417073170738387, 6.364928962004265], [2.4177963122972606, 6.365652681924655], [2.4177963122972606, 6.366014541884851], [2.418157883076697, 6.366014541884851], [2.4187002392458523, 6.365471751944558], [2.419061810025289, 6.364748032024167], [2.419604166194445, 6.36529082196446], [2.4205080931430367, 6.365471751944558], [2.420688878532755, 6.364928962004265], [2.4212312347019105, 6.364567102044069], [2.421412020091629, 6.363119662203288], [2.421773590871066, 6.363119662203288], [2.4219543762607842, 6.362576872262995], [2.4232198739888133, 6.361672222362507], [2.4232198739888133, 6.361129432422213], [2.4224967324299396, 6.360948502442115], [2.4221351616505027, 6.359862922561529], [2.421592805481348, 6.360224782521724], [2.4214120200916294, 6.360948502442115], [2.4206888785327556, 6.361129432422213], [2.4201465223636003, 6.361672222362506], [2.419423380804726, 6.361672222362506], [2.4192425954150076, 6.360948502442115], [2.418519453856134, 6.360405712501822], [2.4174347415178237, 6.360405712501822], [2.4174347415178237, 6.360767572462017]]]}, "properties": {"name": "Todoté", "commune": "COTONOU", "confidence": "HIGH", "area_m2": 314800.0, "perimeter_m": 3600.0, "road_length_m": 2539.7, "n_road_vertices": 76, "avg_dist_to_road_m": 49.4, "pct_area_near_road": 94.5, "color": "#b9de4a", "neighbours": ["Gbèdiga-Guêdêhounguè", "Gbèdomidji", "Gbégamey-Centre", "Gbéto", "Saint-Jean-Gbèdiga", "Yévèdo"], "n_neighbours": 6, "manual_review_reasons": []}}, {"type": "Feature", "geometry": {"type": "Polygon", "coordinates": [[[2.253100822263761, 6.415227496471415], [2.2529200368740425, 6.4154084264515125], [2.2521968953151688, 6.4154084264515125], [2.2520161099254503, 6.415770286411708], [2.2511121829768577, 6.415770286411708], [2.2511121829768577, 6.41558935643161], [2.2505698268077023, 6.415770286411708], [2.2502082560282655, 6.4154084264515125], [2.2496658998591106, 6.4159512163918055], [2.248942758300237, 6.415770286411708], [2.2491235436899553, 6.416674936312196], [2.247315689792771, 6.417217726252489], [2.2476772605722077, 6.417398656232588], [2.247858045961926, 6.418303306133075], [2.2474964751824893, 6.4186651660932705], [2.2464117628441787, 6.4186651660932705], [2.246592548233897, 6.420112605934052], [2.24623097745446, 6.4202935359141495], [2.24623097745446, 6.420655395874346], [2.2474964751824893, 6.421017255834541], [2.247315689792771, 6.422102835715126], [2.2471349044030524, 6.422102835715126], [2.247315689792771, 6.422645625655419], [2.2467733336236155, 6.4230074856156145], [2.2467733336236155, 6.424273995476298], [2.2464117628441787, 6.424273995476298], [2.24623097745446, 6.424816785416591], [2.2458694066750233, 6.424997715396689], [2.245688621285305, 6.425902365297178], [2.24623097745446, 6.425902365297178], [2.2464117628441787, 6.426987945177764], [2.246954119013334, 6.427168875157862], [2.2471349044030524, 6.427892595078252], [2.248219616741363, 6.42807352505835], [2.247858045961926, 6.43042561479962], [2.2487619729105184, 6.430606544779717], [2.2487619729105184, 6.4311493347200095], [2.2484004021310815, 6.431330264700107], [2.2491235436899553, 6.431873054640401], [2.2491235436899553, 6.4322349146005955], [2.2487619729105184, 6.432415844580693], [2.2487619729105184, 6.433320494481182], [2.2491235436899553, 6.433320494481182], [2.2496658998591106, 6.434044214401573], [2.2509313975871397, 6.434044214401573], [2.2507506121974212, 6.4349488643020605], [2.2503890414179843, 6.435129794282158], [2.250569826807703, 6.436034444182647], [2.251473753756295, 6.435672584222452], [2.251835324535732, 6.436215374162745], [2.252377680704887, 6.436215374162745], [2.252377680704887, 6.436758164103038], [2.252739251484324, 6.437120024063233], [2.2536431784329163, 6.437481884023429], [2.253462393043198, 6.438024673963722], [2.2545471053815085, 6.438567463904015], [2.2545471053815085, 6.43892932386421], [2.2554510323301007, 6.43892932386421], [2.2558126031095376, 6.439110253844308], [2.255993388499256, 6.439653043784601], [2.2567165300581293, 6.439653043784601], [2.2570781008375667, 6.439291183824405], [2.2574396716170035, 6.440014903744796], [2.2578012423964404, 6.440195833724894], [2.2578012423964404, 6.440557693685089], [2.2599706670730613, 6.440919553645284], [2.2601514524627797, 6.440195833724894], [2.2605130232422166, 6.440014903744796], [2.2605130232422166, 6.437300954043331], [2.2608745940216535, 6.436758164103038], [2.261416950190809, 6.433863284421475], [2.261959306359964, 6.432777704540889], [2.2625016625291194, 6.432415844580694], [2.2630440186982748, 6.430968404739913], [2.264309516426304, 6.429701894879229], [2.264309516426304, 6.429340034919034], [2.2646710872057407, 6.429159104938936], [2.265213443374896, 6.42807352505835], [2.2653942287646145, 6.426626085217569], [2.2657557995440514, 6.426083295277276], [2.2661173703234883, 6.424093065496201], [2.2666597264926436, 6.423188415595713], [2.266840511882362, 6.421921905735029], [2.2679252242206727, 6.420474465894248], [2.2682867950001095, 6.418846096073369], [2.2686483657795464, 6.418665166093271], [2.268829151169265, 6.418122376152978], [2.26937150733842, 6.417941446172881], [2.270456219676731, 6.41558935643161], [2.268467580389828, 6.414684706531122], [2.2679252242206727, 6.413960986610731], [2.266840511882362, 6.4137800566306336], [2.2666597264926436, 6.4132372666903406], [2.26593658493377, 6.412875406730145], [2.26593658493377, 6.41251354676995], [2.2652134433748965, 6.412875406730145], [2.2644903018160223, 6.412875406730145], [2.264309516426304, 6.41251354676995], [2.2637671602571485, 6.41251354676995], [2.2637671602571485, 6.411970756829658], [2.264309516426304, 6.4116088968694624], [2.264309516426304, 6.411247036909266], [2.26358637486743, 6.411247036909266], [2.263224804087993, 6.410885176949071], [2.2626824479188383, 6.411066106929169], [2.2628632333085568, 6.4116088968694624], [2.263405589477712, 6.41178982684956], [2.2632248040879936, 6.412151686809755], [2.263405589477712, 6.412875406730145], [2.263044018698275, 6.412875406730145], [2.263044018698275, 6.4132372666903406], [2.2625016625291194, 6.4132372666903406], [2.262320877139401, 6.412694476750048], [2.2612361648010904, 6.412694476750048], [2.2608745940216535, 6.411970756829657], [2.260513023242217, 6.411970756829657], [2.2603322378524986, 6.412332616789852], [2.259247525514188, 6.412151686809755], [2.2590667401244695, 6.413056336710243], [2.2561741738889745, 6.412875406730145], [2.255993388499256, 6.4137800566306336], [2.2558126031095376, 6.4137800566306336], [2.255993388499256, 6.4143228465709266], [2.255631817719819, 6.4148656365112195], [2.2552702469403823, 6.4148656365112195], [2.2552702469403823, 6.41558935643161], [2.2549086761609454, 6.415770286411708], [2.2543663199917896, 6.41558935643161], [2.254547105381508, 6.415227496471415], [2.2540047492123527, 6.415227496471415], [2.2538239638226343, 6.414684706531122], [2.253100822263761, 6.414684706531122], [2.253100822263761, 6.415227496471415]]]}, "properties": {"name": "Adovié", "commune": "ABOMEY-CALAVI", "confidence": "HIGH", "area_m2": 5213600.0, "perimeter_m": 14480.4, "road_length_m": 45897.0, "n_road_vertices": 2646, "avg_dist_to_road_m": 55.7, "pct_area_near_road": 85.6, "color": "#c24bda", "neighbours": ["Ahouato", "Akossavié", "Alansankomè", "Hounzévié\n", "Hêvié", "Sogan"], "n_neighbours": 6, "manual_review_reasons": []}}, {"type": "Feature", "geometry": {"type": "Polygon", "coordinates": [[[2.4467219746522106, 6.373613601048952], [2.4467219746522106, 6.372889881128561], [2.443467837637279, 6.372889881128561], [2.4432870522475607, 6.373975461009147], [2.442925481468124, 6.374156390989245], [2.442925481468124, 6.37451825094944], [2.4427446960784054, 6.374699180929538], [2.4414791983503763, 6.37451825094944], [2.440936842181221, 6.375061040889733], [2.440936842181221, 6.375603830830027], [2.441298412960658, 6.375603830830027], [2.4414791983503763, 6.37614662077032], [2.446902760041929, 6.37614662077032], [2.446902760041929, 6.375784760810125], [2.447264330821366, 6.375784760810125], [2.447264330821366, 6.373975461009147], [2.4467219746522106, 6.373613601048952]]]}, "properties": {"name": "Adjégounlè", "commune": "COTONOU", "confidence": "HIGH", "area_m2": 192000.0, "perimeter_m": 2159.7, "road_length_m": 1610.0, "n_road_vertices": 40, "avg_dist_to_road_m": 45.1, "pct_area_near_road": 99.2, "color": "#7cca39", "neighbours": ["Ayélawadjè", "Gbèdjèwin", "Gbénonkpô", "Kpankpan", "Midombo"], "n_neighbours": 5, "manual_review_reasons": []}}, {"type": "Feature", "geometry": {"type": "Polygon", "coordinates": [[[2.306794083010138, 6.446709313008409], [2.306794083010138, 6.447433032928799], [2.3049862291129535, 6.447975822869092], [2.3029975898260506, 6.449061402749678], [2.3037207313849244, 6.450689772570558], [2.3040823021643613, 6.450870702550656], [2.304443872943798, 6.451594422471047], [2.3046246583335166, 6.452680002351633], [2.3053477998923904, 6.454127442192414], [2.3058901560615457, 6.454489302152609], [2.306432512230701, 6.45756511181427], [2.308963507686759, 6.457926971774465], [2.3095058638559145, 6.458650691694856], [2.310590576194225, 6.458469761714758], [2.3107713615839436, 6.458831621674953], [2.3113137177530985, 6.458831621674953], [2.311856073922254, 6.458469761714758], [2.3113137177530985, 6.457926971774464], [2.3113137177530985, 6.457384181834172], [2.311856073922254, 6.457203251854074], [2.311856073922254, 6.456479531933684], [2.3127600008708464, 6.456479531933684], [2.3133023570400018, 6.457022321873977], [2.3138447132091566, 6.457022321873977], [2.314025498598875, 6.456479531933684], [2.3151102109371857, 6.456479531933684], [2.3154717817166226, 6.455755812013293], [2.3167372794446517, 6.455393952053098], [2.3165564940549332, 6.454851162112805], [2.31691806483437, 6.454670232132707], [2.317279635613807, 6.453765582232219], [2.3176412063932443, 6.453946512212316], [2.3183643479521177, 6.453765582232219], [2.318545133341836, 6.453403722272023], [2.31926827490071, 6.453041862311828], [2.318906704121273, 6.452860932331729], [2.318906704121273, 6.452499072371535], [2.31926827490071, 6.451956282431242], [2.3196298456801467, 6.451956282431242], [2.3196298456801467, 6.450689772570557], [2.3190874895109914, 6.450146982630264], [2.3194490602904283, 6.44978512267007], [2.31926827490071, 6.449061402749678], [2.318906704121273, 6.448699542789483], [2.3183643479521177, 6.448699542789483], [2.3183643479521177, 6.44815675284919], [2.318183562562399, 6.44815675284919], [2.318183562562399, 6.447794892888996], [2.3187259187315545, 6.447613962908898], [2.318545133341836, 6.446166523068116], [2.3180027771726808, 6.446166523068116], [2.3180027771726808, 6.44580466310792], [2.317641206393244, 6.445623733127823], [2.317279635613807, 6.44580466310792], [2.3170988502240886, 6.444900013207432], [2.316014137885778, 6.44508094318753], [2.3158333524960595, 6.444538153247237], [2.3151102109371857, 6.444538153247237], [2.3151102109371857, 6.443995363306944], [2.314748640157749, 6.443995363306944], [2.314748640157749, 6.443452573366651], [2.314025498598875, 6.4430907134064554], [2.3138447132091566, 6.4425479234661625], [2.3131215716502833, 6.4425479234661625], [2.312940786260565, 6.443271643386553], [2.3123984300914096, 6.443271643386553], [2.3123984300914096, 6.443452573366651], [2.3114945031428173, 6.4430907134064554], [2.3114945031428173, 6.443271643386553], [2.3107713615839436, 6.443271643386553], [2.3104097908045067, 6.443814433326846], [2.3095058638559145, 6.443814433326846], [2.309325078466196, 6.445261873167627], [2.308963507686759, 6.445261873167627], [2.3087827222970407, 6.44580466310792], [2.3082403661278854, 6.44580466310792], [2.3082403661278854, 6.446709313008409], [2.307878795348448, 6.446528383028311], [2.306794083010138, 6.446709313008409]]]}, "properties": {"name": "Tokan", "commune": "ABOMEY-CALAVI", "confidence": "HIGH", "area_m2": 2030800.0, "perimeter_m": 8159.9, "road_length_m": 20830.9, "n_road_vertices": 894, "avg_dist_to_road_m": 45.2, "pct_area_near_road": 91.2, "color": "#d344ad", "neighbours": ["Ahossougbéta", "Aïdégnon\n", "Fifonsi\n", "Houèto", "Somè", "Tankpê-Yoho"], "n_neighbours": 6, "manual_review_reasons": []}}, {"type": "Feature", "geometry": {"type": "Polygon", "coordinates": [[[2.4107456820982414, 6.381574520173249], [2.4111072528776782, 6.3822982400936406], [2.41201117982627, 6.3822982400936406], [2.41201117982627, 6.382117310113543], [2.4123727506057073, 6.3822982400936406], [2.4120111798262704, 6.383383819974226], [2.411468823657115, 6.3839266099145195], [2.4125535359954258, 6.3844693998548125], [2.4134574629440175, 6.3844693998548125], [2.4134574629440175, 6.384107539894617], [2.413999819113173, 6.383745679934422], [2.413999819113173, 6.3828410300339335], [2.415626887620639, 6.381031730232957], [2.4158076730103573, 6.380127080332468], [2.4150845314514835, 6.37994615035237], [2.414542175282328, 6.379222430431979], [2.4136382483337364, 6.378860570471784], [2.412734321385144, 6.380127080332468], [2.4125535359954258, 6.381212660213054], [2.4112880382673967, 6.381212660213054], [2.4107456820982414, 6.381574520173249]]]}, "properties": {"name": "Gbèdagba", "commune": "COTONOU", "confidence": "HIGH", "area_m2": 165600.0, "perimeter_m": 2600.0, "road_length_m": 1025.4, "n_road_vertices": 28, "avg_dist_to_road_m": 55.8, "pct_area_near_road": 89.4, "color": "#70cb49", "neighbours": ["Gbèdjromèdè-Nord", "Houéhoun", "Missité-Sikê", "Mèdédjro"], "n_neighbours": 4, "manual_review_reasons": []}}, {"type": "Feature", "geometry": {"type": "Polygon", "coordinates": [[[2.4045989788478144, 6.369814071466901], [2.404056622678659, 6.370175931427096], [2.404056622678659, 6.370537791387292], [2.404779764237533, 6.370899651347488], [2.4051413350169697, 6.371442441287781], [2.4055029057964066, 6.371442441287781], [2.405683691186125, 6.371804301247976], [2.4060452619655615, 6.371804301247976], [2.4060452619655615, 6.371442441287781], [2.407129974303872, 6.370356861407195], [2.4080339012524643, 6.370356861407195], [2.4082146866421827, 6.369633141486803], [2.407853115862746, 6.369633141486803], [2.4076723304730274, 6.369090351546511], [2.4080339012524643, 6.368909421566413], [2.4080339012524643, 6.368185701646023], [2.408395472031901, 6.368004771665925], [2.408395472031901, 6.367642911705729], [2.4074915450833094, 6.367100121765436], [2.405683691186125, 6.369271281526608], [2.4045989788478144, 6.369452211506705], [2.4045989788478144, 6.369814071466901]]]}, "properties": {"name": "Vodjè-Allobatin", "commune": "COTONOU", "confidence": "HIGH", "area_m2": 113600.0, "perimeter_m": 2120.0, "road_length_m": 663.3, "n_road_vertices": 22, "avg_dist_to_road_m": 56.0, "pct_area_near_road": 89.1, "color": "#4fd56c", "neighbours": ["Cadjèhoun-Détinsa", "Gbégamey-Ahito", "Gbégamey-Dodo-Ayidjè", "Gbégamey-Gbagoudo", "Vodjè-Ayidoté", "Vodjè-Centre"], "n_neighbours": 6, "manual_review_reasons": []}}, {"type": "Feature", "geometry": {"type": "Polygon", "coordinates": [[[2.3424088047846707, 6.6251062733847075], [2.3422280193949523, 6.626553713225489], [2.34132409244636, 6.6283630130264655], [2.340420165497768, 6.628543943006563], [2.3402393801080494, 6.6289058029667585], [2.338793096990302, 6.629629522887149], [2.3386123116005835, 6.6299913828473445], [2.338069955431428, 6.6299913828473445], [2.33700422668368, 6.6305341727876375], [2.340420165497768, 6.636504862130861], [2.340420165497768, 6.642837411434279], [2.339537297350122, 6.647722520896917], [2.342770375564107, 6.647179730956624], [2.343493517122981, 6.646817870996428], [2.344397444071573, 6.646817870996428], [2.345120585630447, 6.646456011036233], [2.3469284395276313, 6.646636941016331], [2.347290010307068, 6.646094151076038], [2.3478323664762235, 6.646094151076038], [2.347651581086505, 6.644103921294963], [2.348374722645379, 6.643380201374573], [2.348374722645379, 6.64283741143428], [2.3487362934248157, 6.642475551474084], [2.3485555080350973, 6.638495091911935], [2.347651581086505, 6.636866722091056], [2.3474707956967866, 6.634695562329884], [2.347290010307068, 6.634695562329884], [2.347290010307068, 6.63270533254881], [2.3474707956967866, 6.63270533254881], [2.3478323664762235, 6.631438822688127], [2.348374722645379, 6.630896032747834], [2.3485555080350973, 6.6294485929070515], [2.347290010307068, 6.629267662926954], [2.3474707956967866, 6.628363013026466], [2.347651581086505, 6.628363013026466], [2.3474707956967866, 6.626915573185684], [2.3469284395276317, 6.626915573185684], [2.346386083358476, 6.6272774331458795], [2.345120585630447, 6.6261918532652935], [2.344397444071573, 6.626372783245391], [2.343855087902418, 6.6256490633250005], [2.3424088047846707, 6.6251062733847075]]]}, "properties": {"name": "Houégoudo\n", "commune": "ABOMEY-CALAVI", "confidence": "MEDIUM", "area_m2": 2036410.2, "perimeter_m": 8134.6, "road_length_m": 5671.2, "n_road_vertices": 336, "avg_dist_to_road_m": 170.5, "pct_area_near_road": 40.6, "color": "#86d53d", "neighbours": ["Kpotomey", "Kpé", "Wawata", "Zinvié-Zounmè"], "n_neighbours": 4, "manual_review_reasons": []}}, {"type": "Feature", "geometry": {"type": "Polygon", "coordinates": [[[2.4450949061447447, 6.364567102044068], [2.443829408416716, 6.36529082196446], [2.4452756915344636, 6.366376401845046], [2.4452756915344636, 6.36673826180524], [2.4447333353653082, 6.367100121765436], [2.4447333353653082, 6.36764291170573], [2.445818047703619, 6.368547561606218], [2.4461796184830553, 6.368547561606218], [2.4463604038727738, 6.367823841685827], [2.447264330821366, 6.367823841685827], [2.447264330821366, 6.36764291170573], [2.4483490431596766, 6.368185701646023], [2.4490721847185504, 6.367281051745534], [2.4494337554979873, 6.367281051745534], [2.4494337554979873, 6.366738261805241], [2.449795326277424, 6.366557331825144], [2.4496145408877057, 6.365652681924654], [2.448891399328832, 6.364928962004264], [2.448529828549395, 6.364928962004264], [2.4479874723802397, 6.364205242083873], [2.447445116211085, 6.364386172063971], [2.4472643308213664, 6.365109891984361], [2.446541189262492, 6.364748032024166], [2.4459988330933373, 6.364748032024166], [2.4456372623139, 6.365109891984361], [2.4450949061447447, 6.364567102044068]]]}, "properties": {"name": "Abokicodji-Centre", "commune": "COTONOU", "confidence": "HIGH", "area_m2": 183600.0, "perimeter_m": 2719.9, "road_length_m": 1463.4, "n_road_vertices": 38, "avg_dist_to_road_m": 50.6, "pct_area_near_road": 90.4, "color": "#d64a76", "neighbours": ["Abokicodji-Lagune", "Gbèdjèwin", "Ohé", "Sodjatinmè-Ouest"], "n_neighbours": 4, "manual_review_reasons": []}}, {"type": "Feature", "geometry": {"type": "Polygon", "coordinates": [[[2.2984779550830896, 6.413056336710243], [2.298658740472808, 6.4137800566306336], [2.2979355989139343, 6.4137800566306336], [2.298297169693371, 6.415046566491317], [2.297031671965342, 6.4159512163918055], [2.2972124573550605, 6.416494006332099], [2.298477955083089, 6.415227496471416], [2.2995626674214003, 6.415770286411709], [2.3002858089802736, 6.415589356431611], [2.300466594369992, 6.415227496471416], [2.3013705213185847, 6.415227496471416], [2.301551306708303, 6.416494006332099], [2.302093662877458, 6.416494006332099], [2.3019128774877395, 6.415589356431611], [2.30299758982605, 6.415408426451513], [2.3028168044363317, 6.414684706531123], [2.303359160605487, 6.414684706531123], [2.303720731384924, 6.413960986610732], [2.304624658333516, 6.41414191659083], [2.3048054437232346, 6.413056336710244], [2.3051670145026715, 6.412875406730146], [2.305528585282109, 6.412875406730146], [2.3057093706718272, 6.413237266690341], [2.3058901560615452, 6.412875406730146], [2.3067940830101374, 6.413056336710244], [2.3067940830101374, 6.411970756829658], [2.307517224569011, 6.411970756829658], [2.3080595807381665, 6.4116088968694624], [2.3080595807381665, 6.4105233169888765], [2.308601936907322, 6.410161457028681], [2.308601936907322, 6.409799597068486], [2.3089635076867587, 6.409618667088388], [2.3089635076867587, 6.409075877148095], [2.3093250784661956, 6.4088949471679975], [2.309144293076477, 6.4083521572277045], [2.3096866492456325, 6.408171227247607], [2.3100482200250694, 6.407628437307314], [2.310771361583943, 6.407447507327216], [2.3109521469736616, 6.406904717386923], [2.3116752885325353, 6.406904717386923], [2.3116752885325353, 6.4061809974665325], [2.3120368593119722, 6.4061809974665325], [2.3116752885325353, 6.405457277546141], [2.3116752885325353, 6.404733557625751], [2.3122176447016907, 6.4045526276456535], [2.3122176447016907, 6.404190767685457], [2.311856073922254, 6.40400983770536], [2.311856073922254, 6.4029242578247745], [2.3120368593119722, 6.4029242578247745], [2.3120368593119722, 6.402019607924286], [2.3129407862605644, 6.4012958880038955], [2.3129407862605644, 6.400029378143211], [2.3122176447016907, 6.399486588202918], [2.3105905761942247, 6.399486588202918], [2.3093250784661956, 6.398401008322332], [2.30769800995873, 6.398220078342234], [2.306794083010138, 6.398762868282527], [2.305528585282109, 6.398762868282527], [2.3046246583335166, 6.39930565822282], [2.3037207313849244, 6.39930565822282], [2.30191287748774, 6.400391238103406], [2.301008950539148, 6.400391238103406], [2.301008950539148, 6.400572168083504], [2.3001050235905556, 6.400753098063602], [2.300285808980274, 6.402562397864579], [2.3004665943699925, 6.402562397864579], [2.300285808980274, 6.403105187804872], [2.3008281651494293, 6.403105187804872], [2.3008281651494293, 6.403828907725262], [2.3004665943699925, 6.40400983770536], [2.3004665943699925, 6.404914487605848], [2.3001050235905556, 6.405095417585946], [2.3001050235905556, 6.405819137506336], [2.299924238200837, 6.405819137506336], [2.3001050235905556, 6.406904717386922], [2.2995626674214003, 6.407447507327215], [2.2988395258625265, 6.407447507327215], [2.2988395258625265, 6.407990297267509], [2.2992010966419634, 6.408533087207801], [2.298658740472808, 6.408714017187899], [2.2984779550830896, 6.409075877148095], [2.2988395258625265, 6.4094377371082905], [2.298658740472808, 6.4110661069291695], [2.2988395258625265, 6.4110661069291695], [2.299020311252245, 6.41251354676995], [2.2984779550830896, 6.413056336710243]]]}, "properties": {"name": "Womey-Centre\n", "commune": "ABOMEY-CALAVI", "confidence": "HIGH", "area_m2": 2018000.0, "perimeter_m": 9080.1, "road_length_m": 25189.5, "n_road_vertices": 1286, "avg_dist_to_road_m": 37.2, "pct_area_near_road": 91.7, "color": "#47c74e", "neighbours": ["Gbègnigan-Midokpo\n", "La-Paix\n", "Maria-Gléta\n", "Sodo\n", "Tankpè-Togoudo", "Tokpa\n", "Yénandjro\n"], "n_neighbours": 7, "manual_review_reasons": []}}, {"type": "Feature", "geometry": {"type": "MultiPolygon", "coordinates": [[[[2.3436743025127, 6.436396304142842], [2.3438550879024183, 6.43730095404333], [2.3427703755641076, 6.436758164103037], [2.3427703755641076, 6.43730095404333], [2.3422280193949523, 6.437843743983623], [2.3422280193949523, 6.4382056039438185], [2.3415048778360785, 6.438567463904014], [2.341685663225797, 6.43892932386421], [2.34132409244636, 6.439472113804502], [2.3415048778360785, 6.440195833724893], [2.3406009508874863, 6.4403767637049905], [2.340420165497768, 6.441281413605479], [2.3402393801080494, 6.441281413605479], [2.3402393801080494, 6.441643273565675], [2.3407817362772048, 6.44200513352587], [2.3406009508874863, 6.443271643386554], [2.3415048778360785, 6.443452573366652], [2.3415048778360785, 6.44435722326714], [2.341685663225797, 6.44435722326714], [2.3415048778360785, 6.44670931300841], [2.342047234005234, 6.447252102948703], [2.343312731733263, 6.4474330329288], [2.343312731733263, 6.447794892888996], [2.3438550879024183, 6.447613962908898], [2.3440358732921367, 6.448699542789484], [2.3474707956967866, 6.448518612809386], [2.3478323664762235, 6.448337682829289], [2.3478323664762235, 6.447794892888996], [2.3487362934248157, 6.447794892888996], [2.3487362934248157, 6.447252102948703], [2.3490978642042526, 6.447252102948703], [2.3490978642042526, 6.446528383028312], [2.3498210057631264, 6.446528383028312], [2.350001791152845, 6.446166523068117], [2.350001791152845, 6.445623733127823], [2.3494594349836895, 6.445442803147725], [2.3494594349836895, 6.444719083227335], [2.350544147322, 6.444719083227335], [2.3501825765425632, 6.444357223267139], [2.3501825765425632, 6.443814433326847], [2.350544147322, 6.443633503346749], [2.350544147322, 6.442728853446261], [2.3516288596603108, 6.442366993486066], [2.351267288880874, 6.4420051335258695], [2.3510865034911554, 6.441100483625382], [2.3514480742705923, 6.440738623665187], [2.351267288880874, 6.440376763704991], [2.3519904304397476, 6.439833973764698], [2.3519904304397476, 6.4392911838244045], [2.3514480742705923, 6.439110253844307], [2.3514480742705923, 6.438567463904014], [2.3510865034911554, 6.438567463904014], [2.3510865034911554, 6.4382056039438185], [2.350544147322, 6.4382056039438185], [2.3503633619322817, 6.437481884023428], [2.349640220373408, 6.437481884023428], [2.349640220373408, 6.4371200240632325], [2.3481939372556604, 6.43730095404333], [2.3481939372556604, 6.436758164103037], [2.347290010307068, 6.4371200240632325], [2.347290010307068, 6.436939094083135], [2.346747654137913, 6.436939094083135], [2.3465668687481944, 6.4365772341229395], [2.346205297968758, 6.4371200240632325], [2.3458437271893207, 6.436939094083135], [2.345120585630447, 6.4371200240632325], [2.3440358732921363, 6.436215374162744], [2.3436743025127, 6.436396304142842]]], [[[2.351628859660311, 6.391525669078621], [2.351628859660311, 6.391887529038816], [2.3512672888808743, 6.391887529038816], [2.3512672888808743, 6.39243031897911], [2.351628859660311, 6.392611248959207], [2.3509057181014374, 6.392973108919402], [2.3509057181014374, 6.393696828839793], [2.350724932711719, 6.393696828839793], [2.3509057181014374, 6.394420548760183], [2.3505441473220006, 6.394601478740281], [2.3505441473220006, 6.394963338700477], [2.3509057181014374, 6.394963338700477], [2.3509057181014374, 6.395506128640769], [2.3501825765425637, 6.395867988600965], [2.3501825765425637, 6.396229848561161], [2.3505441473220006, 6.3969535684815515], [2.351267288880874, 6.3969535684815515], [2.351267288880874, 6.396772638501454], [2.3518096450500297, 6.3969535684815515], [2.3518096450500297, 6.3980391483621375], [2.352713571998622, 6.3996675181830165], [2.3528943573883403, 6.4012958880038955], [2.353255928167777, 6.402019607924286], [2.3534367135574956, 6.404371697665556], [2.353617498947214, 6.404733557625751], [2.3554253528443985, 6.4056382075262395], [2.355967709013554, 6.4056382075262395], [2.359583416807922, 6.407628437307314], [2.3581371336901746, 6.401295888003895], [2.357956348300456, 6.401295888003895], [2.357413992131301, 6.399124728242723], [2.3572332067415824, 6.399124728242723], [2.357052421351864, 6.398039148362137], [2.356690850572427, 6.398039148362137], [2.3563292797929902, 6.397315428441746], [2.3556061382341165, 6.397134498461648], [2.3556061382341165, 6.3926112489592075], [2.3559677090135533, 6.39243031897911], [2.3559677090135533, 6.391706599058718], [2.355425352844398, 6.390982879138328], [2.354340640506088, 6.391163809118425], [2.353979069726651, 6.391887529038816], [2.353798284336932, 6.391706599058718], [2.3523520012191845, 6.391887529038816], [2.352171215829466, 6.391525669078621], [2.351628859660311, 6.391525669078621]]], [[[2.355967709013554, 6.391163809118426], [2.3561484944032722, 6.3920684590189145], [2.3565100651827087, 6.39243031897911], [2.356690850572427, 6.391525669078621], [2.3563292797929902, 6.390982879138328], [2.355606138234117, 6.39080194915823], [2.355967709013554, 6.391163809118426]]], [[[2.3557869236238353, 6.393696828839793], [2.3557869236238353, 6.3969535684815515], [2.356690850572427, 6.397315428441747], [2.3565100651827087, 6.396410778541258], [2.3563292797929902, 6.396410778541258], [2.356148494403272, 6.394782408720379], [2.3559677090135533, 6.394782408720379], [2.3559677090135533, 6.393696828839793], [2.3557869236238353, 6.393696828839793]]], [[[2.3563292797929902, 6.3926112489592075], [2.3561484944032722, 6.392430318979109], [2.3561484944032722, 6.3926112489592075], [2.3563292797929902, 6.3926112489592075]]], [[[2.3568716359621456, 6.397677288401942], [2.3566908505724276, 6.397496358421844], [2.3566908505724276, 6.397677288401942], [2.3568716359621456, 6.397677288401942]]]]}, "properties": {"name": "Finafa\n", "commune": "ABOMEY-CALAVI", "confidence": "MEDIUM", "area_m2": 2147200.0, "perimeter_m": 14440.9, "road_length_m": 21736.9, "n_road_vertices": 800, "avg_dist_to_road_m": 157.5, "pct_area_near_road": 75.4, "color": "#81cd3e", "neighbours": ["Agori", "Alédjo\n", "Aïtchédji\n", "Hlouacomey", "Sèdjannako\n", "Sèdomey", "Sèmè", "Tchinangbégbo\n", "Tokpa-Zoungo-Nord\n"], "n_neighbours": 9, "manual_review_reasons": []}}, {"type": "Feature", "geometry": {"type": "Polygon", "coordinates": [[[2.3382507408211466, 6.39080194915823], [2.338069955431428, 6.391163809118425], [2.3382507408211466, 6.392068459018914], [2.3377083846519913, 6.392068459018914], [2.3377083846519913, 6.392249388999011], [2.3362621015342437, 6.392068459018914], [2.33553895997537, 6.392430318979109], [2.335900530754807, 6.392792178939305], [2.335900530754807, 6.393334968879597], [2.3349966038062147, 6.393334968879597], [2.3344542476370593, 6.393696828839793], [2.334815818416496, 6.394420548760183], [2.333911891467904, 6.394782408720379], [2.3340926768576225, 6.39550612864077], [2.33553895997537, 6.3953251986606725], [2.3362621015342433, 6.395687058620868], [2.3362621015342433, 6.39550612864077], [2.3368044577033986, 6.39550612864077], [2.336985243093117, 6.395144268680575], [2.337527599262273, 6.395144268680575], [2.3377083846519913, 6.39550612864077], [2.3384315262108646, 6.39550612864077], [2.33897388238002, 6.395144268680575], [2.340058594718331, 6.395144268680575], [2.3402393801080494, 6.395687058620868], [2.3416856632257965, 6.39550612864077], [2.3416856632257965, 6.3953251986606725], [2.342228019394952, 6.3953251986606725], [2.3433127317332625, 6.3947824087203795], [2.343493517122981, 6.394420548760184], [2.3433127317332625, 6.393877758819891], [2.3436743025126994, 6.3936968288397935], [2.343493517122981, 6.3931540388995005], [2.3440358732921363, 6.392973108919403], [2.3440358732921363, 6.39243031897911], [2.34475901485101, 6.39243031897911], [2.34475901485101, 6.391887529038816], [2.3442166586818547, 6.391887529038816], [2.343855087902418, 6.391163809118425], [2.343855087902418, 6.390078229237839], [2.3431319463435445, 6.390078229237839], [2.3427703755641076, 6.39080194915823], [2.3420472340052334, 6.39080194915823], [2.341866448615515, 6.390440089198035], [2.3407817362772043, 6.390440089198035], [2.340600950887486, 6.390078229237839], [2.340058594718331, 6.390259159217937], [2.3402393801080494, 6.39080194915823], [2.339697023938894, 6.39080194915823], [2.339697023938894, 6.390982879138328], [2.3382507408211466, 6.39080194915823]]]}, "properties": {"name": "Salamey", "commune": "ABOMEY-CALAVI", "confidence": "HIGH", "area_m2": 454000.0, "perimeter_m": 4479.6, "road_length_m": 5752.6, "n_road_vertices": 246, "avg_dist_to_road_m": 29.6, "pct_area_near_road": 100.0, "color": "#7dd24c", "neighbours": ["Aïmèvo\n", "Nonhouénou\n", "Ounvènoumèdé\n", "Yolomahouto"], "n_neighbours": 4, "manual_review_reasons": []}}, {"type": "Feature", "geometry": {"type": "Polygon", "coordinates": [[[2.3547022112855247, 6.621487673782754], [2.3545214258958063, 6.62257325366334], [2.352352001219185, 6.6229351136235355], [2.3525327866089034, 6.623477903563829], [2.3528943573883403, 6.623658833543927], [2.3534367135574956, 6.625829993305099], [2.3541598551163694, 6.626372783245392], [2.353979069726651, 6.6267346432055865], [2.3530751427780587, 6.626915573185684], [2.3530751427780587, 6.627096503165782], [2.347470795696787, 6.626915573185684], [2.3476515810865055, 6.6283630130264655], [2.347470795696787, 6.6283630130264655], [2.3472900103070686, 6.629267662926955], [2.3485555080350977, 6.629448592907052], [2.3485555080350977, 6.630172312827442], [2.3472900103070686, 6.6327053325488095], [2.3472900103070686, 6.634695562329885], [2.347470795696787, 6.634695562329885], [2.347470795696787, 6.636323932150764], [2.3485555080350977, 6.638495091911936], [2.348736293424816, 6.640847181653205], [2.3507249327117186, 6.64048532169301], [2.3507249327117186, 6.640304391712912], [2.3516288596603108, 6.640304391712912], [2.3516288596603108, 6.640123461732815], [2.3525327866089034, 6.640123461732815], [2.352713571998622, 6.641028111633303], [2.3583179190798935, 6.642294621493987], [2.3583179190798935, 6.642475551474084], [2.358860275249049, 6.642475551474084], [2.3590410606387673, 6.64283741143428], [2.3601257729770775, 6.64283741143428], [2.3601257729770775, 6.642656481454182], [2.3639222661611647, 6.642113691513889], [2.3639222661611647, 6.641932761533791], [2.367718759345252, 6.640847181653205], [2.3682611155144073, 6.64048532169301], [2.369707398632155, 6.640304391712912], [2.3691650424629995, 6.638495091911935], [2.368080330124689, 6.63650486213086], [2.3682611155144073, 6.633429052469201], [2.3684419009041258, 6.633429052469201], [2.3684419009041258, 6.630896032747834], [2.368622686293844, 6.630896032747834], [2.368622686293844, 6.6267346432055865], [2.3684419009041258, 6.6267346432055865], [2.3684419009041258, 6.625829993305098], [2.3682611155144073, 6.625829993305098], [2.3678995447349704, 6.624201623484219], [2.367718759345252, 6.624201623484219], [2.367718759345252, 6.623658833543926], [2.3671764031760967, 6.623296973583731], [2.364826193109757, 6.623116043603633], [2.364103051550883, 6.62257325366334], [2.364103051550883, 6.622211393703145], [2.363560695381728, 6.621668603762852], [2.3630183392125725, 6.621668603762852], [2.3621144122639803, 6.621125813822559], [2.361210485315388, 6.621125813822559], [2.3608489145359512, 6.620402093902168], [2.3601257729770775, 6.619859303961875], [2.3601257729770775, 6.61949744400168], [2.3594026314182037, 6.618954654061387], [2.3594026314182037, 6.6185927941011915], [2.3586794898593304, 6.618954654061387], [2.358137133690175, 6.620402093902168], [2.3575947775210198, 6.620583023882266], [2.3575947775210198, 6.6213067438026565], [2.357233206741583, 6.621668603762852], [2.3559677090135533, 6.6218495337429495], [2.355063782064961, 6.621125813822559], [2.3547022112855247, 6.621487673782754]]]}, "properties": {"name": "Kpotomey", "commune": "ABOMEY-CALAVI", "confidence": "MANUAL_REVIEW", "area_m2": 4662000.0, "perimeter_m": 11560.0, "road_length_m": 8664.2, "n_road_vertices": 474, "avg_dist_to_road_m": 282.4, "pct_area_near_road": 32.4, "color": "#df6a43", "neighbours": ["Avagbé", "Houégoudo\n", "Kpé", "Zinvié-Fandji", "Zinvié-Zounmè"], "n_neighbours": 5, "manual_review_reasons": ["avg distance to owned road 282 m"]}}, {"type": "Feature", "geometry": {"type": "Polygon", "coordinates": [[[2.383989444419912, 6.383564749954323], [2.3832663028610384, 6.384650329834909], [2.382723946691883, 6.384831259815007], [2.3821815905227277, 6.385916839695593], [2.382362375912446, 6.3871833495562775], [2.3829047320816015, 6.3871833495562775], [2.3829047320816015, 6.3877261394965705], [2.38308551747132, 6.3877261394965705], [2.38308551747132, 6.387907069476667], [2.3825431613021646, 6.387907069476667], [2.3825431613021646, 6.388630789397059], [2.3829047320816015, 6.3888117193771565], [2.3829047320816015, 6.389173579337352], [2.383447088250757, 6.389173579337352], [2.3838086590301937, 6.389535439297547], [2.3838086590301937, 6.39007822923784], [2.384351015199349, 6.3904400891980355], [2.3845318005890674, 6.3909828791383285], [2.3854357275376596, 6.391163809118426], [2.3854357275376596, 6.391887529038817], [2.3868820106554067, 6.391706599058719], [2.387062796045125, 6.390621019178133], [2.3883282937731543, 6.3904400891980355], [2.3885090791628727, 6.3898972992577425], [2.3895937915011833, 6.3893545093174495], [2.389774576890902, 6.3888117193771565], [2.390497718449776, 6.3888117193771565], [2.3903169330600575, 6.389716369277645], [2.3914016453983677, 6.389535439297547], [2.3914016453983677, 6.38772613949657], [2.3912208600086493, 6.38772613949657], [2.3914016453983677, 6.387364279536374], [2.3908592892292124, 6.386278699655788], [2.390136147670339, 6.385916839695593], [2.389593791501184, 6.386640559615984], [2.389051435332028, 6.386821489596081], [2.3883282937731543, 6.386097769675691], [2.387424366824562, 6.384288469874714], [2.3868820106554067, 6.384288469874714], [2.3867012252656883, 6.383926609914519], [2.386339654486252, 6.383926609914519], [2.3857972983170965, 6.384469399854812], [2.384893371368504, 6.384469399854812], [2.384531800589067, 6.384107539894616], [2.384531800589067, 6.383564749954323], [2.383989444419912, 6.383564749954323]]]}, "properties": {"name": "Agounvocôdji", "commune": "COTONOU", "confidence": "HIGH", "area_m2": 557600.0, "perimeter_m": 4600.0, "road_length_m": 6972.5, "n_road_vertices": 244, "avg_dist_to_road_m": 34.1, "pct_area_near_road": 99.5, "color": "#46df8d", "neighbours": ["Kouhounou", "Midédji", "Sètôvi", "Védokô", "Zogbo", "Zogbohouè"], "n_neighbours": 6, "manual_review_reasons": []}}, {"type": "Feature", "geometry": {"type": "Polygon", "coordinates": [[[2.403152695730067, 6.364386172063971], [2.4029719103403484, 6.364928962004264], [2.4017064126123193, 6.366195471864947], [2.4017064126123193, 6.366557331825144], [2.402067983391756, 6.366557331825144], [2.40279112495063, 6.367281051745534], [2.40279112495063, 6.367823841685827], [2.4038758372889406, 6.368004771665925], [2.4042374080683775, 6.368547561606218], [2.4045989788478144, 6.368547561606218], [2.4045989788478144, 6.369452211506706], [2.4053221204066877, 6.369452211506706], [2.407129974303872, 6.36764291170573], [2.4065876181347168, 6.366919191785338], [2.4060452619655615, 6.36673826180524], [2.40622604735528, 6.366557331825144], [2.4060452619655615, 6.365652681924655], [2.4064068327449983, 6.365471751944558], [2.4060452619655615, 6.364928962004265], [2.4064068327449983, 6.364567102044068], [2.405864476575843, 6.364386172063971], [2.4056836911861246, 6.364024312103775], [2.4051413350169697, 6.364205242083873], [2.4049605496272513, 6.364928962004264], [2.4044181934580955, 6.364748032024166], [2.4036950518992217, 6.364024312103775], [2.403152695730067, 6.364386172063971]]]}, "properties": {"name": "Cadjèhoun-Détinsa", "commune": "COTONOU", "confidence": "HIGH", "area_m2": 204000.0, "perimeter_m": 2800.0, "road_length_m": 1967.9, "n_road_vertices": 62, "avg_dist_to_road_m": 46.7, "pct_area_near_road": 97.3, "color": "#c7b04a", "neighbours": ["Cadjèhoun-Gare", "Cadjèhoun-Kpota", "Gbégamey-Ahito", "Vodjè-Allobatin", "Vodjè-Centre"], "n_neighbours": 5, "manual_review_reasons": []}}, {"type": "Feature", "geometry": {"type": "Polygon", "coordinates": [[[2.400802485663727, 6.366557331825143], [2.4004409148842902, 6.366919191785338], [2.4006217002740087, 6.367823841685826], [2.400260129494572, 6.368004771665924], [2.400260129494572, 6.368547561606218], [2.4009832710534456, 6.369090351546511], [2.401164056443164, 6.370175931427097], [2.4017064126123193, 6.369995001446999], [2.40279112495063, 6.371080581327585], [2.4036950518992217, 6.370899651347488], [2.40387583728894, 6.370356861407195], [2.404598978847814, 6.369814071466902], [2.404598978847814, 6.368547561606217], [2.404237408068377, 6.368547561606217], [2.40387583728894, 6.368004771665924], [2.4027911249506295, 6.367823841685826], [2.4027911249506295, 6.367281051745533], [2.401706412612319, 6.366376401845045], [2.400802485663727, 6.366557331825143]]]}, "properties": {"name": "Vodjè-Centre", "commune": "COTONOU", "confidence": "HIGH", "area_m2": 147600.0, "perimeter_m": 2080.0, "road_length_m": 1288.0, "n_road_vertices": 44, "avg_dist_to_road_m": 51.2, "pct_area_near_road": 87.8, "color": "#67cc42", "neighbours": ["Cadjèhoun-Détinsa", "Cadjèhoun-Kpota", "Vodjè-Allobatin", "Vodjè-Ayidoté", "Vodjè-Finagnon", "Vodjè-Kpota"], "n_neighbours": 6, "manual_review_reasons": []}}, {"type": "Feature", "geometry": {"type": "Polygon", "coordinates": [[[2.235926210240509, 6.435672584222451], [2.235926210240509, 6.4360344441826465], [2.2353838540713533, 6.436215374162744], [2.2348414979021984, 6.435129794282158], [2.2341183563433247, 6.435853514202549], [2.2339375709536062, 6.4365772341229395], [2.2335760001741694, 6.436758164103037], [2.2335760001741694, 6.437481884023428], [2.2328528586152956, 6.437481884023428], [2.2328528586152956, 6.4376628140035255], [2.2317681462769845, 6.4376628140035255], [2.2310450047181107, 6.436396304142842], [2.229598721600363, 6.4360344441826465], [2.229056365431208, 6.4354916542423535], [2.2277908677031792, 6.435853514202549], [2.2277908677031792, 6.43657723412294], [2.228152438482616, 6.437120024063233], [2.2279716530928977, 6.438024673963722], [2.228152438482616, 6.438024673963722], [2.2283332238723346, 6.438929323864209], [2.226978348121335, 6.439110253844307], [2.2267061553648686, 6.444900013207432], [2.224898301467684, 6.450493117587935], [2.224898301467684, 6.450870702550656], [2.225259872247121, 6.450870702550656], [2.226886940754587, 6.452499072371535], [2.2279716530928972, 6.452318142391437], [2.229056365431208, 6.450870702550656], [2.2297795069900817, 6.450508842590461], [2.2324912878358587, 6.450689772570558], [2.2335760001741694, 6.453041862311828], [2.235564639461072, 6.452680002351633], [2.2357454248507906, 6.453403722272022], [2.235022283291917, 6.454670232132707], [2.2352030686816353, 6.455032092092902], [2.235564639461072, 6.455032092092902], [2.2357454248507906, 6.455574882033195], [2.2371917079685377, 6.455755812013293], [2.2371917079685377, 6.455393952053098], [2.2379148495274115, 6.455393952053098], [2.23809563491713, 6.454851162112805], [2.2388187764760037, 6.454127442192414], [2.239903488814315, 6.454670232132707], [2.2406266303731885, 6.454489302152609], [2.2409882011526254, 6.454851162112805], [2.2415305573217803, 6.454851162112805], [2.2417113427114987, 6.454489302152609], [2.242434484270373, 6.454489302152609], [2.2426152696600914, 6.454851162112805], [2.244242338167557, 6.454851162112805], [2.2444231235572754, 6.454670232132707], [2.244242338167557, 6.453946512212316], [2.244603908946994, 6.453946512212316], [2.245146265116149, 6.453403722272023], [2.245146265116149, 6.452860932331729], [2.2449654797264307, 6.452860932331729], [2.245146265116149, 6.451956282431242], [2.2465925482338966, 6.45213721241134], [2.2469541190133335, 6.451775352451144], [2.2476772605722073, 6.451775352451144], [2.2476772605722073, 6.451051632530754], [2.2482196167413626, 6.451051632530754], [2.248761972910518, 6.450146982630265], [2.249123543689955, 6.450146982630265], [2.24966589985911, 6.449604192689972], [2.250027470638547, 6.448337682829289], [2.250569826807703, 6.448337682829289], [2.2507506121974212, 6.448699542789484], [2.251473753756295, 6.448337682829289], [2.2520161099254503, 6.448880472769582], [2.2523776807048868, 6.448880472769582], [2.252558466094605, 6.447975822869093], [2.252920036874042, 6.447794892888996], [2.252920036874042, 6.44670931300841], [2.2534623930431974, 6.44670931300841], [2.253643178432916, 6.446166523068117], [2.25436631999179, 6.446166523068117], [2.2552702469403823, 6.447071172968605], [2.2552702469403823, 6.4474330329288], [2.256174173888974, 6.448156752849191], [2.2576204570067215, 6.44670931300841], [2.2576204570067215, 6.445080943187531], [2.2588859547347506, 6.443995363306945], [2.259066740124469, 6.442547923466163], [2.259789881683343, 6.44128141360548], [2.259789881683343, 6.4409195536452835], [2.25780124239644, 6.440557693685088], [2.25780124239644, 6.440195833724893], [2.257439671617003, 6.440014903744795], [2.257078100837566, 6.4392911838244045], [2.2567165300581298, 6.4396530437846], [2.2559933884992556, 6.4396530437846], [2.255812603109537, 6.439110253844307], [2.254547105381508, 6.438929323864209], [2.254547105381508, 6.438567463904014], [2.2534623930431974, 6.438024673963721], [2.253643178432916, 6.437481884023428], [2.2527392514843236, 6.4371200240632325], [2.2523776807048868, 6.436758164103037], [2.2523776807048868, 6.436215374162744], [2.2518353245357314, 6.436215374162744], [2.2514737537562945, 6.435672584222451], [2.2505698268077023, 6.4360344441826465], [2.250389041417984, 6.435129794282159], [2.250750612197421, 6.434948864302061], [2.2509313975871392, 6.434044214401572], [2.24966589985911, 6.434044214401572], [2.248761972910518, 6.433139564501084], [2.2484004021310815, 6.433139564501084], [2.247858045961926, 6.433682354441377], [2.2476772605722077, 6.43422514438167], [2.2465925482338966, 6.43422514438167], [2.2465925482338966, 6.433139564501084], [2.2462309774544598, 6.4327777045408885], [2.2458694066750233, 6.4327777045408885], [2.245688621285305, 6.4333204944811815], [2.2449654797264307, 6.432958634520986], [2.2447846943367127, 6.433139564501084], [2.2438807673881205, 6.432958634520986], [2.2438807673881205, 6.4338632844214745], [2.243699981998402, 6.4338632844214745], [2.2435191966086836, 6.434767934321963], [2.2427960550498094, 6.434767934321963], [2.2420729134909356, 6.4344060743617675], [2.2415305573217807, 6.4344060743617675], [2.2415305573217807, 6.434587004341865], [2.2402650595937517, 6.4344060743617675], [2.239541918034878, 6.4354916542423535], [2.2386379910862857, 6.435672584222451], [2.2373724933582566, 6.436758164103037], [2.2371917079685377, 6.436758164103037], [2.2371917079685377, 6.436215374162744], [2.2366493517993824, 6.435129794282158], [2.236287781019946, 6.435129794282158], [2.236287781019946, 6.4354916542423535], [2.235926210240509, 6.435672584222451]]]}, "properties": {"name": "Hêvié", "commune": "ABOMEY-CALAVI", "confidence": "HIGH", "area_m2": 6048641.1, "perimeter_m": 16431.8, "road_length_m": 43701.7, "n_road_vertices": 2390, "avg_dist_to_road_m": 49.6, "pct_area_near_road": 89.5, "color": "#d47f3e", "neighbours": ["Adovié", "Alansankomè", "Dossounou", "Hounzévié\n", "Ouèdo", "Zoungo"], "n_neighbours": 6, "manual_review_reasons": []}}, {"type": "Feature", "geometry": {"type": "Polygon", "coordinates": [[[2.427016367172901, 6.376327550750417], [2.426654796393464, 6.377051270670807], [2.426112440224309, 6.37687034069071], [2.425750869444872, 6.377413130631003], [2.4259316548345904, 6.378679640491687], [2.4262932256140273, 6.378679640491687], [2.4268355817831826, 6.379403360412078], [2.428462650290648, 6.379403360412078], [2.428462650290648, 6.37922243043198], [2.4293665772392403, 6.379041500451883], [2.4295473626289588, 6.378679640491687], [2.4302705041878325, 6.37849871051159], [2.4302705041878325, 6.378136850551394], [2.4306320749672694, 6.377955920571297], [2.4306320749672694, 6.377413130631003], [2.4299089334083956, 6.377232200650905], [2.430089718798114, 6.376870340690711], [2.4299089334083956, 6.375965690790222], [2.4309936457467063, 6.374880110909636], [2.4311744311364247, 6.374156390989245], [2.430812860356988, 6.374156390989245], [2.4302705041878325, 6.373432671068854], [2.4297281480186776, 6.373251741088756], [2.4291857918495223, 6.373794531029049], [2.4291857918495223, 6.374156390989245], [2.4284626502906486, 6.374699180929538], [2.4284626502906486, 6.375061040889733], [2.427016367172901, 6.376327550750417]]]}, "properties": {"name": "Aïdjèdo-Vignon", "commune": "COTONOU", "confidence": "HIGH", "area_m2": 215600.0, "perimeter_m": 2800.0, "road_length_m": 1280.8, "n_road_vertices": 34, "avg_dist_to_road_m": 55.9, "pct_area_near_road": 87.4, "color": "#4bda71", "neighbours": ["Aïdjèdo", "Aïdjèdo-Gbègo", "Djidjè", "Hindé-Nord", "Hindé-Sud", "Jéricho-Nord", "Jéricho-Sud"], "n_neighbours": 7, "manual_review_reasons": []}}, {"type": "Feature", "geometry": {"type": "Polygon", "coordinates": [[[2.3566908505724276, 6.602309095892402], [2.356510065182709, 6.6039374657132806], [2.3563292797929907, 6.6039374657132806], [2.356510065182709, 6.605384905554063], [2.356871635962146, 6.60556583553416], [2.3579563483004566, 6.605384905554063], [2.358498704469612, 6.605927695494356], [2.359402631418204, 6.605927695494356], [2.359402631418204, 6.606470485434649], [2.360125772977078, 6.606832345394844], [2.3603065583667964, 6.607375135335136], [2.3599449875873595, 6.607556065315234], [2.3599449875873595, 6.607917925275429], [2.359402631418204, 6.6082797852356245], [2.358860275249049, 6.608098855255527], [2.3586794898593304, 6.608641645195821], [2.358860275249049, 6.609003505156016], [2.3592218460284857, 6.608822575175918], [2.3592218460284857, 6.609003505156016], [2.3606681291462333, 6.609184435136114], [2.3606681291462333, 6.6099081550565035], [2.359764202197641, 6.610812804956992], [2.3595834168079226, 6.611717454857481], [2.36102969992567, 6.611717454857481], [2.3608489145359517, 6.612260244797774], [2.3612104853153886, 6.612441174777872], [2.3612104853153886, 6.612803034738067], [2.3615720560948255, 6.612983964718165], [2.3619336268742623, 6.613707684638555], [2.3633799099920094, 6.613526754658458], [2.3639222661611647, 6.613164894698262], [2.3653685492789123, 6.613164894698262], [2.3653685492789123, 6.612983964718165], [2.366634047006942, 6.612622104757969], [2.366634047006942, 6.612803034738067], [2.3673571885658156, 6.612803034738067], [2.3673571885658156, 6.612983964718165], [2.3689842570732815, 6.61334582467836], [2.3689842570732815, 6.613526754658458], [2.3697073986321553, 6.613526754658458], [2.3697073986321553, 6.613707684638555], [2.3713344671396213, 6.614069544598751], [2.3713344671396213, 6.614250474578848], [2.3718768233087766, 6.614250474578848], [2.3742270333751163, 6.61569791441963], [2.3760348872723003, 6.615516984439532], [2.376396458051737, 6.611355594897286], [2.3765772434414556, 6.611355594897286], [2.3765772434414556, 6.609184435136113], [2.372961535647087, 6.606832345394843], [2.3716960379190577, 6.603756535733183], [2.37024975480131, 6.602309095892402], [2.369707398632155, 6.602309095892402], [2.369707398632155, 6.602128165912304], [2.368803471683563, 6.602309095892402], [2.3682611155144078, 6.6039374657132806], [2.367718759345252, 6.6039374657132806], [2.367718759345252, 6.603575605753085], [2.36681483239666, 6.602670955852597], [2.36681483239666, 6.602309095892402], [2.3662724762275045, 6.601947235932206], [2.3662724762275045, 6.601585375972011], [2.3657301200583496, 6.601585375972011], [2.3651877638891943, 6.602128165912304], [2.3641030515508836, 6.602309095892402], [2.3635606953817283, 6.602851885832695], [2.361210485315388, 6.602851885832695], [2.360668129146233, 6.602309095892402], [2.359764202197641, 6.602128165912304], [2.3592218460284857, 6.602670955852597], [2.358317919079893, 6.603032815812792], [2.3577755629107378, 6.601947235932206], [2.357233206741583, 6.601947235932206], [2.3566908505724276, 6.602309095892402]]]}, "properties": {"name": "Yèvié-Nougo", "commune": "ABOMEY-CALAVI", "confidence": "MEDIUM", "area_m2": 2122400.0, "perimeter_m": 9399.7, "road_length_m": 6503.3, "n_road_vertices": 326, "avg_dist_to_road_m": 216.4, "pct_area_near_road": 48.5, "color": "#ae42cc", "neighbours": ["Avagbé", "Sokan", "Yèvié", "Zinvié-Fandji"], "n_neighbours": 4, "manual_review_reasons": []}}, {"type": "Feature", "geometry": {"type": "Polygon", "coordinates": [[[2.3633799099920094, 6.520166884928061], [2.362656768433136, 6.520890604848452], [2.3628375538228545, 6.521433394788745], [2.362295197653699, 6.521433394788745], [2.362295197653699, 6.5216143247688425], [2.3621144122639803, 6.5216143247688425], [2.3621144122639803, 6.5210715348285495], [2.3610296999256697, 6.5210715348285495], [2.3608489145359512, 6.520709674868354], [2.360125772977078, 6.520709674868354], [2.3595834168079226, 6.521976184729038], [2.3590410606387673, 6.521976184729038], [2.358137133690175, 6.522880834629526], [2.3579563483004566, 6.5232426945897215], [2.358137133690175, 6.523966414510112], [2.3575947775210198, 6.524509204450405], [2.3579563483004566, 6.525232924370796], [2.3575947775210198, 6.5254138543508935], [2.3574139921313013, 6.527946874072262], [2.3579563483004566, 6.528489664012555], [2.358137133690175, 6.529575243893141], [2.3590410606387673, 6.530118033833434], [2.358498704469612, 6.531746403654312], [2.3579563483004566, 6.532108263614507], [2.3579563483004566, 6.532651053554801], [2.3583179190798935, 6.532831983534899], [2.358137133690175, 6.53427942337568], [2.3586794898593304, 6.5346412833358745], [2.3583179190798935, 6.534822213315972], [2.3583179190798935, 6.535545933236363], [2.357775562910738, 6.5362696531567535], [2.357775562910738, 6.536812443097047], [2.358860275249049, 6.537536163017438], [2.3594026314182037, 6.53735523303734], [2.3594026314182037, 6.536993373077145], [2.360306558366796, 6.536993373077145], [2.360668129146233, 6.536450583136852], [2.361210485315388, 6.536450583136852], [2.361210485315388, 6.536269653156754], [2.3622951976536988, 6.536993373077145], [2.362837553822854, 6.53663151311695], [2.362837553822854, 6.536088723176657], [2.363560695381728, 6.536269653156754], [2.363560695381728, 6.535726863216461], [2.3639222661611647, 6.535545933236364], [2.3644646223303205, 6.535726863216461], [2.364283836940602, 6.53663151311695], [2.3651877638891943, 6.536812443097047], [2.3655493346686307, 6.537174303057243], [2.366091690837786, 6.53663151311695], [2.366091690837786, 6.536269653156754], [2.3666340470069414, 6.536269653156754], [2.36681483239666, 6.535726863216461], [2.3675379739555336, 6.535545933236364], [2.3675379739555336, 6.535003143296071], [2.368080330124689, 6.534460353355778], [2.3686226862938446, 6.534641283335875], [2.368803471683563, 6.535003143296071], [2.369526613242437, 6.534822213315973], [2.369526613242437, 6.535184073276168], [2.3704305401910286, 6.535003143296071], [2.370611325580747, 6.534460353355778], [2.371876823308776, 6.534098493395582], [2.37259996486765, 6.533736633435387], [2.372961535647087, 6.533193843495094], [2.373503891816242, 6.533193843495094], [2.374227033375116, 6.532831983534899], [2.3744078187648343, 6.532470123574703], [2.374769389544271, 6.532470123574703], [2.375492531103145, 6.531565473674215], [2.375854101882582, 6.531565473674215], [2.3765772434414556, 6.530660823773727], [2.3769388142208925, 6.530660823773727], [2.377481170390048, 6.529937103853336], [2.3778427411694847, 6.529937103853336], [2.3794698096769507, 6.528308734032457], [2.3798313804563875, 6.528308734032457], [2.3805545220152613, 6.527404084131969], [2.380916092794698, 6.527404084131969], [2.3814584489638535, 6.526680364211578], [2.3823623759124457, 6.526318504251383], [2.3807353074049797, 6.520709674868354], [2.380012165846106, 6.520166884928061], [2.380012165846106, 6.519805024967866], [2.3789274535077953, 6.5189003750673775], [2.3789274535077953, 6.518538515107182], [2.376758028831174, 6.51636735534601], [2.374046247985398, 6.5161864253659125], [2.373323106426524, 6.516910145286303], [2.373323106426524, 6.5172720052464985], [2.3725999648676503, 6.5178147951867915], [2.3725999648676503, 6.518176655146987], [2.372057608698495, 6.518538515107182], [2.372057608698495, 6.5189003750673775], [2.3706113255807475, 6.520166884928061], [2.3702497548013106, 6.5210715348285495], [2.3693458278527184, 6.521433394788745], [2.3689842570732815, 6.5221571147091355], [2.3682611155144073, 6.5221571147091355], [2.3680803301246893, 6.52179525474894], [2.3673571885658156, 6.522338044689233], [2.36681483239666, 6.522338044689233], [2.3662724762275045, 6.52179525474894], [2.3655493346686307, 6.52179525474894], [2.3650069784994754, 6.5210715348285495], [2.364103051550883, 6.5210715348285495], [2.3633799099920094, 6.520166884928061]]]}, "properties": {"name": "Glo-Tokpa", "commune": "ABOMEY-CALAVI", "confidence": "MEDIUM", "area_m2": 3990800.0, "perimeter_m": 12440.0, "road_length_m": 18766.6, "n_road_vertices": 806, "avg_dist_to_road_m": 234.2, "pct_area_near_road": 55.2, "color": "#6dc843", "neighbours": ["Adjagbo", "Agassa-Godomey", "Akassato", "Gbétagbo", "Misséssinto"], "n_neighbours": 5, "manual_review_reasons": []}}, {"type": "Feature", "geometry": {"type": "Polygon", "coordinates": [[[2.4232198739888138, 6.364024312103775], [2.421592805481348, 6.365652681924654], [2.421592805481348, 6.36673826180524], [2.421231234701911, 6.366919191785338], [2.421231234701911, 6.367461981725632], [2.421592805481348, 6.367823841685827], [2.4219543762607847, 6.367823841685827], [2.4230390885990953, 6.368909421566413], [2.4237622301579687, 6.36836663162612], [2.423943015547687, 6.367823841685827], [2.4243045863271244, 6.367823841685827], [2.4248469424962797, 6.36836663162612], [2.4255700840551535, 6.368185701646023], [2.4259316548345904, 6.368728491586316], [2.4264740110037453, 6.36836663162612], [2.427197152562619, 6.36836663162612], [2.427197152562619, 6.368004771665924], [2.4266547963934637, 6.367461981725631], [2.426293225614027, 6.367461981725631], [2.426293225614027, 6.367100121765436], [2.4257508694448715, 6.367100121765436], [2.425208513275716, 6.366557331825143], [2.4253892986654346, 6.366195471864948], [2.425208513275716, 6.365290821964459], [2.4250277278859977, 6.365109891984361], [2.424666157106561, 6.365290821964459], [2.4241238009374055, 6.364567102044068], [2.4237622301579687, 6.364567102044068], [2.4237622301579687, 6.364024312103775], [2.4232198739888138, 6.364024312103775]]]}, "properties": {"name": "Gbènan", "commune": "COTONOU", "confidence": "HIGH", "area_m2": 188000.0, "perimeter_m": 2720.0, "road_length_m": 1934.5, "n_road_vertices": 48, "avg_dist_to_road_m": 42.4, "pct_area_near_road": 97.4, "color": "#b042c8", "neighbours": ["Gbèdomidji", "Mifongou", "Sèdami", "Yévèdo"], "n_neighbours": 4, "manual_review_reasons": []}}, {"type": "Feature", "geometry": {"type": "MultiPolygon", "coordinates": [[[[2.4158076730103577, 6.380127080332468], [2.4156268876206393, 6.381031730232956], [2.4152653168412024, 6.381212660213054], [2.4152653168412024, 6.381574520173249], [2.4139998191131733, 6.382841030033933], [2.4139998191131733, 6.383745679934421], [2.413457462944018, 6.384107539894616], [2.413457462944018, 6.384469399854812], [2.4129151067748627, 6.384469399854812], [2.4129151067748627, 6.385012189795105], [2.4123727506057073, 6.385554979735398], [2.4123727506057073, 6.385916839695594], [2.4129151067748627, 6.3860977696756915], [2.413095892164581, 6.386459629635887], [2.413095892164581, 6.38700241957618], [2.413457462944018, 6.38700241957618], [2.413457462944018, 6.387545209516472], [2.4129151067748627, 6.38772613949657], [2.412734321385144, 6.388087999456765], [2.412734321385144, 6.388630789397059], [2.413638248333736, 6.388449859416961], [2.4138190337234544, 6.388087999456766], [2.414722960672047, 6.388087999456766], [2.4149037460617655, 6.388630789397059], [2.4158076730103577, 6.3888117193771565], [2.4158076730103577, 6.388992649357254], [2.4187002392458528, 6.391706599058719], [2.4187002392458528, 6.391887529038817], [2.4194233808047265, 6.39243031897911], [2.419604166194445, 6.392792178939305], [2.419965736973882, 6.392792178939305], [2.419965736973882, 6.392973108919403], [2.420869663922474, 6.3936968288397935], [2.4214120200916294, 6.3942396187800865], [2.4214120200916294, 6.394420548760184], [2.4219543762607842, 6.394601478740282], [2.422315947040221, 6.392430318979109], [2.4221351616505027, 6.392430318979109], [2.4219543762607842, 6.391163809118425], [2.421773590871066, 6.391163809118425], [2.421773590871066, 6.390440089198035], [2.420688878532755, 6.38844985941696], [2.420688878532755, 6.387907069476667], [2.4205080931430367, 6.38772613949657], [2.4192425954150076, 6.387907069476667], [2.4192425954150076, 6.387002419576179], [2.4188810246355708, 6.386821489596081], [2.4188810246355708, 6.386278699655789], [2.419423380804726, 6.385916839695594], [2.419423380804726, 6.385193119775203], [2.4201465223636, 6.3850121897951055], [2.4203273077533183, 6.384107539894617], [2.4208696639224736, 6.3839266099145195], [2.4208696639224736, 6.383564749954323], [2.419784951584163, 6.38302196001403], [2.4187002392458523, 6.381936380133444], [2.4183386684664154, 6.381936380133444], [2.4176155269075417, 6.381212660213054], [2.4176155269075417, 6.380850800252858], [2.416892385348668, 6.380669870272761], [2.4167115999589495, 6.380308010312565], [2.4158076730103577, 6.380127080332468]]], [[[2.4154461022309204, 6.388992649357254], [2.4152653168412024, 6.388811719377156], [2.4152653168412024, 6.388992649357254], [2.4154461022309204, 6.388992649357254]]], [[[2.4163500291795126, 6.389716369277644], [2.4161692437897946, 6.39007822923784], [2.416350029179513, 6.39007822923784], [2.4165308145692315, 6.3915256690786215], [2.41671159995895, 6.3915256690786215], [2.4172539561281052, 6.394601478740282], [2.418338668466416, 6.3964107785412585], [2.418881024635571, 6.3991247282427235], [2.4194233808047265, 6.399848448163114], [2.4194233808047265, 6.400391238103407], [2.4197849515841634, 6.401114958023798], [2.4201465223636, 6.4012958880038955], [2.4201465223636, 6.4007530980636025], [2.421412020091629, 6.398220078342235], [2.4219543762607842, 6.394782408720379], [2.421050449312192, 6.394420548760183], [2.4163500291795126, 6.389716369277644]]]]}, "properties": {"name": "Gbèdjromèdè-Nord", "commune": "COTONOU", "confidence": "MANUAL_REVIEW", "area_m2": 1134000.0, "perimeter_m": 10080.7, "road_length_m": 8122.6, "n_road_vertices": 156, "avg_dist_to_road_m": 278.0, "pct_area_near_road": 55.3, "color": "#ce4bab", "neighbours": ["Ahouansori-Towéta", "Ahouansouri-Agata", "Ahouansouri-Agué", "Gbèdagba", "Gbèdjromèdè", "Ladji", "Missité-Sikê", "Mèdédjro", "Vossa"], "n_neighbours": 9, "manual_review_reasons": ["avg distance to owned road 278 m"]}}, {"type": "Feature", "geometry": {"type": "Polygon", "coordinates": [[[2.414722960672047, 6.368909421566412], [2.4145421752823286, 6.369452211506705], [2.4139998191131733, 6.369633141486803], [2.41436138989261, 6.370356861407195], [2.41436138989261, 6.371080581327584], [2.4141806045028917, 6.37144244128778], [2.4136382483337364, 6.37144244128778], [2.413457462944018, 6.371804301247976], [2.413819033723455, 6.371804301247976], [2.41436138989261, 6.372528021168367], [2.4147229606720466, 6.372166161208171], [2.415446102230921, 6.372347091188269], [2.4168923853486683, 6.37379453102905], [2.4179770976869785, 6.374337320969343], [2.4187002392458523, 6.37307081110866], [2.418519453856134, 6.371804301247976], [2.4192425954150076, 6.371442441287781], [2.419423380804726, 6.371080581327584], [2.4187002392458523, 6.370537791387291], [2.418519453856134, 6.369995001446998], [2.4181578830766974, 6.369995001446998], [2.417977097686979, 6.370356861407194], [2.4174347415178232, 6.370356861407194], [2.416530814569231, 6.369452211506705], [2.415626887620639, 6.36909035154651], [2.4154461022309204, 6.368547561606217], [2.414722960672047, 6.368909421566412]]]}, "properties": {"name": "Énagnon-Sikê", "commune": "COTONOU", "confidence": "HIGH", "area_m2": 206800.0, "perimeter_m": 2880.0, "road_length_m": 2024.4, "n_road_vertices": 52, "avg_dist_to_road_m": 46.4, "pct_area_near_road": 95.0, "color": "#c8bd45", "neighbours": ["Dagbédji-Sikê", "Fignon-Sikê", "Gbégamey-Gbagoudo", "Minonkpô-Wologuèdè", "Saint-Jean-Gbèdiga", "Sèhogan-Sikê"], "n_neighbours": 6, "manual_review_reasons": []}}, {"type": "Feature", "geometry": {"type": "Polygon", "coordinates": [[[2.339154667769739, 6.6066514154147455], [2.3393354531594572, 6.611898384837578], [2.3373468138725544, 6.6120793148176755], [2.3369852430931175, 6.6126221047579685], [2.3366236723136806, 6.6126221047579685], [2.337527599262273, 6.616602564320117], [2.336804457703399, 6.616783494300215], [2.3357197453650884, 6.6180500041608985], [2.334273462247341, 6.618411864121094], [2.3346350330267778, 6.619316514021583], [2.3349966038062147, 6.619497444001681], [2.33553895997537, 6.620763953862364], [2.3360813161445253, 6.621306743802657], [2.3360813161445253, 6.62257325366334], [2.335900530754807, 6.62257325366334], [2.335177389195933, 6.625106273384708], [2.3373468138725544, 6.624925343404611], [2.340058594718331, 6.628724872986662], [2.3413240924463596, 6.628363013026466], [2.3413240924463596, 6.628001153066271], [2.3416856632257965, 6.627820223086173], [2.3420472340052334, 6.62655371322549], [2.342228019394952, 6.62655371322549], [2.3424088047846703, 6.625106273384708], [2.3438550879024183, 6.625649063325001], [2.3443974440715736, 6.626372783245392], [2.3451205856304473, 6.626191853265294], [2.3463860833584764, 6.62727743314588], [2.3469284395276313, 6.626915573185685], [2.3530751427780583, 6.627096503165783], [2.3530751427780583, 6.626915573185685], [2.3539790697266505, 6.626734643205587], [2.354159855116369, 6.626372783245391], [2.353436713557495, 6.625829993305098], [2.35289435738834, 6.623658833543926], [2.352532786608903, 6.6234779035638285], [2.3523520012191845, 6.622935113623536], [2.354521425895806, 6.622573253663341], [2.354521425895806, 6.62184953374295], [2.355063782064961, 6.62112581382256], [2.3552445674546796, 6.619859303961875], [2.3548829966752427, 6.619859303961875], [2.3547022112855243, 6.61949744400168], [2.3532559281677767, 6.618773724081289], [2.352532786608903, 6.617688144200703], [2.351809645050029, 6.617688144200703], [2.3514480742705923, 6.616783494300215], [2.350363361932282, 6.616783494300215], [2.349821005763127, 6.617326284240508], [2.3496402203734084, 6.618230934140996], [2.3489170788145346, 6.618954654061387], [2.348374722645379, 6.618773724081289], [2.347651581086505, 6.6180500041608985], [2.347651581086505, 6.617326284240509], [2.3478323664762235, 6.617326284240509], [2.347651581086505, 6.616059774379825], [2.3481939372556604, 6.615878844399727], [2.3481939372556604, 6.614974194499238], [2.3474707956967866, 6.6142504745788475], [2.3474707956967866, 6.6131648946982615], [2.3469284395276313, 6.612983964718164], [2.346386083358476, 6.6109937349370895], [2.3458437271893207, 6.610270015016699], [2.345482156409884, 6.610270015016699], [2.345120585630447, 6.609003505156015], [2.344397444071573, 6.60864164519582], [2.343131946343544, 6.607013275374941], [2.3409625216669228, 6.607013275374941], [2.3409625216669228, 6.606832345394843], [2.339154667769739, 6.6066514154147455]]]}, "properties": {"name": "Zinvié-Zounmè", "commune": "ABOMEY-CALAVI", "confidence": "HIGH", "area_m2": 3114800.0, "perimeter_m": 11640.1, "road_length_m": 11711.8, "n_road_vertices": 644, "avg_dist_to_road_m": 90.2, "pct_area_near_road": 62.9, "color": "#ac3bd1", "neighbours": ["Dangbodji", "Houégoudo\n", "Kpotomey", "Sokan", "Wawata", "Zinvié-Agolèdji", "Zinvié-Fandji"], "n_neighbours": 7, "manual_review_reasons": []}}, {"type": "Feature", "geometry": {"type": "MultiPolygon", "coordinates": [[[[2.4320783580850174, 6.373251741088756], [2.4317167873055805, 6.373975461009147], [2.4309936457467067, 6.37451825094944], [2.4308128603569883, 6.375061040889734], [2.431536001915862, 6.375422900849929], [2.4320783580850174, 6.37614662077032], [2.4324399288644543, 6.37614662077032], [2.432801499643891, 6.376689410710613], [2.433163070423328, 6.376689410710613], [2.433886211982202, 6.377594060611101], [2.435151709710231, 6.377774990591199], [2.4355132804896678, 6.378317780531492], [2.4364172074382595, 6.37849871051159], [2.436597992827978, 6.375422900849929], [2.4367787782176964, 6.375422900849929], [2.436597992827978, 6.374699180929538], [2.435332495099949, 6.37451825094944], [2.434609353541075, 6.373794531029049], [2.433705426592483, 6.373794531029049], [2.432982285033609, 6.373251741088756], [2.4320783580850174, 6.373251741088756]]], [[[2.4365979928279784, 6.377774990591198], [2.4365979928279784, 6.37849871051159], [2.4367787782176964, 6.37849871051159], [2.4367787782176964, 6.377774990591198], [2.4365979928279784, 6.377774990591198]]]]}, "properties": {"name": "Hindé-Sud", "commune": "COTONOU", "confidence": "HIGH", "area_m2": 218800.0, "perimeter_m": 2680.0, "road_length_m": 1148.9, "n_road_vertices": 36, "avg_dist_to_road_m": 69.3, "pct_area_near_road": 78.6, "color": "#cb4954", "neighbours": ["Aïdjèdo-Vignon", "Dantôkpa", "Hindé-Nord", "Jéricho-Sud", "Kpankpan"], "n_neighbours": 5, "manual_review_reasons": []}}, {"type": "Feature", "geometry": {"type": "Polygon", "coordinates": [[[2.374588604154553, 6.371985231228073], [2.3744078187648348, 6.373251741088756], [2.3742270333751163, 6.373251741088756], [2.3742270333751163, 6.375241970869832], [2.374588604154553, 6.375965690790222], [2.375673316492864, 6.377051270670808], [2.376577243441456, 6.377051270670808], [2.376577243441456, 6.377774990591199], [2.376938814220893, 6.378136850551394], [2.3780235265592036, 6.377594060611101], [2.378204311948922, 6.378317780531491], [2.3776619557797667, 6.379041500451882], [2.3776619557797667, 6.37994615035237], [2.3763964580517376, 6.380669870272761], [2.376215672662019, 6.381031730232956], [2.3763964580517376, 6.381393590193151], [2.3760348872723007, 6.381936380133444], [2.376215672662019, 6.382117310113543], [2.3760348872723007, 6.38302196001403], [2.375673316492864, 6.383202889994128], [2.375673316492864, 6.383745679934421], [2.3751309603237085, 6.383926609914519], [2.375311745713427, 6.384469399854812], [2.3744078187648348, 6.384650329834909], [2.3744078187648348, 6.385193119775203], [2.376215672662019, 6.385735909715496], [2.376938814220893, 6.386278699655789], [2.3776619557797667, 6.386278699655789], [2.3776619557797667, 6.386459629635887], [2.3785658827283584, 6.385916839695594], [2.3792890242872327, 6.385916839695594], [2.3792890242872327, 6.3860977696756915], [2.380012165846106, 6.385916839695594], [2.3805545220152613, 6.385193119775203], [2.3814584489638535, 6.385193119775203], [2.3814584489638535, 6.3850121897951055], [2.382543161302164, 6.3855549797353985], [2.3827239466918826, 6.384831259815008], [2.383266302861038, 6.38465032983491], [2.383266302861038, 6.384288469874715], [2.3839894444199117, 6.383564749954323], [2.3834470882507564, 6.383202889994128], [2.3834470882507564, 6.382660100053835], [2.3821815905227273, 6.382841030033933], [2.3823623759124457, 6.381755450153347], [2.381639234353572, 6.381031730232956], [2.3818200197432904, 6.380127080332468], [2.381277663574135, 6.380127080332468], [2.381277663574135, 6.379584290392176], [2.3818200197432904, 6.379403360412078], [2.381639234353572, 6.377774990591198], [2.381277663574135, 6.377232200650905], [2.3814584489638535, 6.37687034069071], [2.380916092794698, 6.376146620770319], [2.3801929512358244, 6.375784760810124], [2.3801929512358244, 6.37451825094944], [2.3798313804563875, 6.374337320969342], [2.379650595066669, 6.373432671068854], [2.3776619557797662, 6.372889881128561], [2.3765772434414556, 6.371623371267877], [2.374588604154553, 6.371985231228073]], [[2.3765772434414556, 6.374699180929539], [2.376938814220893, 6.374880110909635], [2.3765772434414556, 6.374880110909635], [2.3765772434414556, 6.374699180929539]]]}, "properties": {"name": "Kouhounou", "commune": "COTONOU", "confidence": "HIGH", "area_m2": 950400.0, "perimeter_m": 7080.1, "road_length_m": 8799.6, "n_road_vertices": 336, "avg_dist_to_road_m": 82.8, "pct_area_near_road": 75.0, "color": "#dcca40", "neighbours": ["Adjaha-Cité", "Agla-Centre", "Agla-Petit-Château", "Agounvocôdji", "Ahogbohoué-Cité-De-l'Expérience", "Védokô", "Zogbohouè"], "n_neighbours": 7, "manual_review_reasons": []}}, {"type": "Feature", "geometry": {"type": "MultiPolygon", "coordinates": [[[[2.431174431136425, 6.369633141486803], [2.4309936457467067, 6.37144244128778], [2.4300897187981145, 6.372347091188268], [2.429908933408396, 6.37307081110866], [2.431355216526143, 6.37307081110866], [2.4315360019158616, 6.372708951148464], [2.431897572695299, 6.372708951148464], [2.4320783580850174, 6.373251741088757], [2.4329822850336096, 6.373251741088757], [2.4337054265924833, 6.37379453102905], [2.4346093535410755, 6.37379453102905], [2.4353324950999493, 6.374518250949441], [2.436597992827978, 6.374518250949441], [2.4367787782176964, 6.37307081110866], [2.4371403489971333, 6.372528021168367], [2.4376827051662886, 6.368728491586315], [2.435694065879386, 6.368185701646022], [2.435694065879386, 6.369271281526608], [2.435151709710231, 6.369633141486803], [2.4340669973719202, 6.369633141486803], [2.4340669973719202, 6.369814071466901], [2.433524641202765, 6.369633141486803], [2.4333438558130465, 6.370718721367389], [2.4328014996438907, 6.370537791387291], [2.432439928864454, 6.369995001446998], [2.432078358085017, 6.369995001446998], [2.432078358085017, 6.369633141486803], [2.431174431136425, 6.369633141486803]]], [[[2.437682705166289, 6.370175931427096], [2.4375019197765706, 6.371623371267877], [2.437321134386852, 6.371623371267877], [2.437321134386852, 6.372347091188269], [2.4376827051662886, 6.372347091188269], [2.4380442759457255, 6.371623371267878], [2.4380442759457255, 6.370537791387291], [2.437682705166289, 6.370175931427096]]]]}, "properties": {"name": "Dantôkpa", "commune": "COTONOU", "confidence": "HIGH", "area_m2": 349200.0, "perimeter_m": 4120.1, "road_length_m": 1964.9, "n_road_vertices": 90, "avg_dist_to_road_m": 60.0, "pct_area_near_road": 83.4, "color": "#43df62", "neighbours": ["Bocossi-Tokpa", "Gbénonkpô", "Hindé-Sud", "Jéricho-Sud", "Kpankpan", "Nouveau-Pont"], "n_neighbours": 6, "manual_review_reasons": []}}, {"type": "Feature", "geometry": {"type": "Polygon", "coordinates": [[[2.4094801843702123, 6.362938732223189], [2.4094801843702123, 6.363843382123679], [2.409841755149649, 6.364567102044069], [2.4103841113188045, 6.364567102044069], [2.4107456820982414, 6.365109891984362], [2.411468823657115, 6.364748032024167], [2.4123727506057073, 6.365652681924655], [2.4127343213851438, 6.365652681924655], [2.4130958921645806, 6.364928962004265], [2.4147229606720466, 6.364748032024167], [2.4150845314514835, 6.364386172063972], [2.4150845314514835, 6.364024312103776], [2.4154461022309204, 6.363843382123679], [2.4154461022309204, 6.362757802243093], [2.416169243789794, 6.362395942282897], [2.416169243789794, 6.361491292382408], [2.4158076730103573, 6.36131036240231], [2.415626887620639, 6.360767572462017], [2.4141806045028913, 6.361129432422213], [2.4138190337234544, 6.360405712501822], [2.4132766775542995, 6.360224782521724], [2.4123727506057073, 6.362034082322701], [2.4116496090468336, 6.362034082322701], [2.4116496090468336, 6.362215012302799], [2.4111072528776782, 6.362215012302799], [2.4111072528776782, 6.362395942282896], [2.410564896708523, 6.362395942282896], [2.4094801843702123, 6.362938732223189]]]}, "properties": {"name": "Gbégamey-Centre", "commune": "COTONOU", "confidence": "HIGH", "area_m2": 246000.0, "perimeter_m": 2840.0, "road_length_m": 1718.5, "n_road_vertices": 44, "avg_dist_to_road_m": 55.7, "pct_area_near_road": 90.7, "color": "#d042c4", "neighbours": ["Gbèdiga-Guêdêhounguè", "Gbégamey-Ahito", "Gbégamey-Dodo-Ayidjè", "Gbégamey-Mifongou", "Saint-Jean-Gbèdiga", "Todoté"], "n_neighbours": 6, "manual_review_reasons": []}}, {"type": "Feature", "geometry": {"type": "Polygon", "coordinates": [[[2.34945943498369, 6.387907069476667], [2.349097864204253, 6.388630789397059], [2.3500017911528452, 6.388992649357254], [2.3501825765425637, 6.389716369277644], [2.34945943498369, 6.389897299257742], [2.3492786495939715, 6.3904400891980355], [2.3496402203734084, 6.3904400891980355], [2.34945943498369, 6.3909828791383285], [2.349821005763127, 6.391163809118426], [2.3496402203734084, 6.391887529038817], [2.3505441473220006, 6.3920684590189145], [2.350363361932282, 6.392430318979109], [2.3505441473220006, 6.392792178939305], [2.351267288880874, 6.392973108919403], [2.3516288596603108, 6.3926112489592075], [2.351267288880874, 6.392430318979109], [2.351267288880874, 6.391887529038817], [2.3516288596603108, 6.391887529038817], [2.3516288596603108, 6.3915256690786215], [2.3521712158294665, 6.3915256690786215], [2.352352001219185, 6.391887529038817], [2.352532786608903, 6.391706599058719], [2.3539790697266505, 6.391887529038817], [2.3543406405060874, 6.391163809118426], [2.355425352844398, 6.3909828791383285], [2.3552445674546796, 6.390440089198035], [2.3548829966752427, 6.390259159217937], [2.355063782064961, 6.39007822923784], [2.3548829966752427, 6.389173579337352], [2.355063782064961, 6.389173579337352], [2.355063782064961, 6.387907069476668], [2.355425352844398, 6.3877261394965705], [2.3556061382341165, 6.387002419576179], [2.353798284336932, 6.386278699655788], [2.35289435738834, 6.385012189795105], [2.351990430439748, 6.385193119775202], [2.351990430439748, 6.385554979735398], [2.351628859660311, 6.385554979735398], [2.3514480742705928, 6.386097769675691], [2.350724932711719, 6.386640559615984], [2.350724932711719, 6.387183349556277], [2.3500017911528452, 6.387907069476667], [2.3498210057631264, 6.38772613949657], [2.34945943498369, 6.387907069476667]]]}, "properties": {"name": "Sèdjannako\n", "commune": "ABOMEY-CALAVI", "confidence": "HIGH", "area_m2": 381600.0, "perimeter_m": 3960.0, "road_length_m": 5053.8, "n_road_vertices": 226, "avg_dist_to_road_m": 30.3, "pct_area_near_road": 99.7, "color": "#46db98", "neighbours": ["Finafa\n", "Hlouacomey", "Plateau\n", "Yolomahouto"], "n_neighbours": 4, "manual_review_reasons": []}}, {"type": "Feature", "geometry": {"type": "Polygon", "coordinates": [[[2.3968252070899214, 6.356968042879966], [2.3968252070899214, 6.358053622760553], [2.3980907048179505, 6.358415482720749], [2.3980907048179505, 6.359501062601334], [2.397548348648795, 6.359501062601334], [2.3973675632590767, 6.359862922561529], [2.3973675632590767, 6.360224782521725], [2.3977291340385136, 6.360224782521725], [2.3977291340385136, 6.360767572462017], [2.3973675632590767, 6.361129432422214], [2.398271490207669, 6.362034082322702], [2.3986330609871054, 6.362034082322702], [2.3989946317665423, 6.361310362402311], [2.400079344104853, 6.361310362402311], [2.40044091488429, 6.360767572462018], [2.401344841832882, 6.361491292382409], [2.401344841832882, 6.360586642481921], [2.401706412612319, 6.360405712501823], [2.401706412612319, 6.360043852541628], [2.4027911249506295, 6.35986292256153], [2.4027911249506295, 6.359139202641138], [2.4024295541711926, 6.358415482720748], [2.4018871980020373, 6.35823455274065], [2.4018871980020373, 6.357329902840162], [2.401706412612319, 6.357329902840162], [2.401706412612319, 6.356425252939673], [2.4015256272226004, 6.356425252939673], [2.4018871980020373, 6.355339673059087], [2.401344841832882, 6.354977813098892], [2.4015256272226004, 6.354615953138698], [2.401344841832882, 6.354073163198404], [2.4004409148842902, 6.354254093178501], [2.4004409148842902, 6.354977813098892], [2.400260129494572, 6.355339673059087], [2.399536987935698, 6.355701533019283], [2.399536987935698, 6.356244322959576], [2.398633060987106, 6.356244322959576], [2.398633060987106, 6.356606182919771], [2.3980907048179505, 6.356968042879966], [2.3979099194282316, 6.356787112899869], [2.3968252070899214, 6.356968042879966]]]}, "properties": {"name": "Cadjèhoun-Azalokogon", "commune": "COTONOU", "confidence": "HIGH", "area_m2": 314000.0, "perimeter_m": 3640.1, "road_length_m": 3498.0, "n_road_vertices": 126, "avg_dist_to_road_m": 36.2, "pct_area_near_road": 99.2, "color": "#d951d0", "neighbours": ["Cadjèhoun-Agonga", "Cadjèhoun-Aupiais", "Cadjèhoun-Gare", "Cadjèhoun-Kpota", "Haie-Vive-Cocotiers"], "n_neighbours": 5, "manual_review_reasons": []}}, {"type": "Feature", "geometry": {"type": "MultiPolygon", "coordinates": [[[[2.364103051550883, 6.380308010312566], [2.364103051550883, 6.378317780531491], [2.3637414807714463, 6.378317780531491], [2.3634765202992956, 6.3775940606111], [2.3634527456116308, 6.380308010312566], [2.364103051550883, 6.380308010312566]]], [[[2.3634812752368286, 6.377051270670808], [2.3642838369406016, 6.377413130631004], [2.3642838369406016, 6.376870340690711], [2.3650069784994754, 6.376508480730515], [2.3650069784994754, 6.376146620770319], [2.364103051550883, 6.376146620770319], [2.3639222661611647, 6.375603830830027], [2.364826193109757, 6.375603830830027], [2.364826193109757, 6.375241970869832], [2.3653685492789123, 6.374880110909636], [2.3653685492789123, 6.374337320969343], [2.3662724762275045, 6.373975461009148], [2.3662724762275045, 6.373251741088756], [2.3651877638891943, 6.373070811108659], [2.3648261931097574, 6.373432671068854], [2.363560695381728, 6.373432671068854], [2.363517729757915, 6.372889881128561], [2.3634812752368286, 6.377051270670808]]], [[[2.3642838369406016, 6.372528021168367], [2.3642838369406016, 6.371804301247975], [2.3635606953817283, 6.371623371267877], [2.36352089971627, 6.372528021168367], [2.3642838369406016, 6.372528021168367]]]]}, "properties": {"name": "Agla-Agongbomey", "commune": "COTONOU", "confidence": "HIGH", "area_m2": 101979.7, "perimeter_m": 3035.0, "road_length_m": 11356.7, "n_road_vertices": 414, "avg_dist_to_road_m": 30.4, "pct_area_near_road": 99.6, "color": "#3dd5a5", "neighbours": ["Agla-Centre", "Agla-Finafa", "Agla-Les-Pylônes", "Hlazounto"], "n_neighbours": 4, "manual_review_reasons": []}}, {"type": "Feature", "geometry": {"type": "Polygon", "coordinates": [[[2.3118560739222542, 6.456479531933683], [2.3118560739222542, 6.457203251854073], [2.311313717753099, 6.457384181834171], [2.311313717753099, 6.457926971774465], [2.3118560739222542, 6.458469761714757], [2.311313717753099, 6.458831621674952], [2.310771361583943, 6.458831621674952], [2.3105905761942247, 6.458469761714757], [2.309505863855914, 6.458650691694855], [2.3089635076867587, 6.457926971774464], [2.306432512230701, 6.457565111814269], [2.306432512230701, 6.459374411615246], [2.3069748683998563, 6.460459991495832], [2.306794083010138, 6.462269291296809], [2.3075172245690116, 6.463535801157493], [2.309325078466196, 6.464078591097786], [2.309325078466196, 6.464621381038079], [2.3095058638559145, 6.464621381038079], [2.3095058638559145, 6.465706960918664], [2.3091442930764776, 6.465887890898761], [2.309325078466196, 6.466792540799251], [2.3102290054147883, 6.467878120679837], [2.3102290054147883, 6.468239980640032], [2.310590576194225, 6.46842091062013], [2.310590576194225, 6.468782770580325], [2.3111329323633805, 6.468963700560423], [2.3111329323633805, 6.470049280441009], [2.3114945031428173, 6.470592070381302], [2.3111329323633805, 6.472220440202181], [2.311313717753099, 6.472220440202181], [2.3114945031428173, 6.473486950062864], [2.313121571650283, 6.472944160122571], [2.313121571650283, 6.472582300162376], [2.314025498598875, 6.472582300162376], [2.314387069378312, 6.472039510222083], [2.3142062839885935, 6.471134860321595], [2.3165564940549332, 6.470953930341497], [2.316014137885778, 6.470230210421105], [2.316014137885778, 6.469506490500716], [2.31691806483437, 6.469506490500716], [2.3174604210035255, 6.46914463054052], [2.3183643479521177, 6.46914463054052], [2.3183643479521177, 6.468963700560423], [2.3189067041212734, 6.468963700560423], [2.319087489510992, 6.469325560520618], [2.320172201849302, 6.469325560520618], [2.320895343408176, 6.46842091062013], [2.320895343408176, 6.467697190699739], [2.321799270356768, 6.467335330739544], [2.321799270356768, 6.465706960918665], [2.322160841136205, 6.465526030938567], [2.322160841136205, 6.464440451057981], [2.3223416265259234, 6.464440451057981], [2.322522411915642, 6.463535801157493], [2.323064768084797, 6.46371673113759], [2.3236071242539524, 6.463354871177395], [2.324330265812826, 6.463354871177395], [2.3250534073717, 6.462812081237102], [2.3255957635408553, 6.462812081237102], [2.3257765489305737, 6.462450221276907], [2.3264996904894475, 6.462269291296809], [2.3264996904894475, 6.461907431336614], [2.327042046658603, 6.461907431336614], [2.327584402827758, 6.461002781436125], [2.327945973607195, 6.461002781436125], [2.3277651882174766, 6.460459991495831], [2.327042046658603, 6.460279061515734], [2.3272228320483213, 6.457746041794366], [2.3268612612688844, 6.457746041794366], [2.3268612612688844, 6.457384181834171], [2.326318905099729, 6.457022321873976], [2.3261381197100106, 6.456298601953585], [2.3255957635408553, 6.456479531933683], [2.325414978151137, 6.45593674199339], [2.3248726219819815, 6.456117671973487], [2.3241494804231078, 6.455574882033194], [2.3236071242539524, 6.455755812013292], [2.3236071242539524, 6.455393952053097], [2.323064768084797, 6.454851162112804], [2.323064768084797, 6.453946512212315], [2.321799270356768, 6.453765582232218], [2.3216184849670496, 6.452860932331729], [2.3207145580184574, 6.452860932331729], [2.3207145580184574, 6.452680002351632], [2.320172201849302, 6.452860932331729], [2.319810631069865, 6.451956282431241], [2.319087489510992, 6.452137212411339], [2.3189067041212734, 6.45286093233173], [2.3192682749007103, 6.453041862311827], [2.3189067041212734, 6.453403722272022], [2.3178219917829628, 6.453946512212315], [2.3172796356138075, 6.453765582232218], [2.3169180648343706, 6.454670232132706], [2.3165564940549337, 6.454851162112804], [2.316737279444652, 6.455393952053097], [2.315471781716623, 6.455755812013292], [2.315110210937186, 6.456479531933683], [2.3140254985988755, 6.456479531933683], [2.313844713209157, 6.457022321873976], [2.3133023570400013, 6.457022321873976], [2.312760000870846, 6.456479531933683], [2.3118560739222542, 6.456479531933683]]]}, "properties": {"name": "Ahossougbéta", "commune": "ABOMEY-CALAVI", "confidence": "HIGH", "area_m2": 2911200.0, "perimeter_m": 10960.0, "road_length_m": 26985.7, "n_road_vertices": 1034, "avg_dist_to_road_m": 49.5, "pct_area_near_road": 89.6, "color": "#a0d041", "neighbours": ["Aïdégnon\n", "Aïfa-Calavi", "Ouéga-Tokpa", "Somè", "Tokan"], "n_neighbours": 5, "manual_review_reasons": []}}, {"type": "Feature", "geometry": {"type": "Polygon", "coordinates": [[[2.2735295713019448, 6.5216143247688425], [2.2735295713019448, 6.5226999046494285], [2.273168000522508, 6.522880834629526], [2.272806429743071, 6.5237854845300145], [2.2722640735739157, 6.52414734449021], [2.2722640735739157, 6.524509204450405], [2.271902502794479, 6.524690134430503], [2.271902502794479, 6.525051994390698], [2.271540932015042, 6.525232924370796], [2.271540932015042, 6.525594784330991], [2.271179361235605, 6.525775714311089], [2.2706370050664497, 6.526861294191676], [2.2713601466253235, 6.527585014112066], [2.2717217174047604, 6.527585014112066], [2.2726256443533526, 6.528670593992652], [2.2735295713019448, 6.528670593992652], [2.2738911420813817, 6.529032453952848], [2.2738911420813817, 6.529394313913043], [2.274433498250537, 6.529756173873238], [2.2746142836402554, 6.53120361371402], [2.2749758544196923, 6.531565473674215], [2.2749758544196923, 6.5319273336344095], [2.2740719274711, 6.5330129135149955], [2.2740719274711, 6.5335557034552885], [2.2726256443533526, 6.536088723176656], [2.2726256443533526, 6.536631513116949], [2.2717217174047604, 6.538440812917926], [2.2726256443533526, 6.539345462818415], [2.2729872151327895, 6.539345462818415], [2.2733487859122263, 6.539888252758708], [2.273710356691663, 6.539888252758708], [2.2740719274711, 6.540431042699001], [2.2746142836402554, 6.540611972679098], [2.2746142836402554, 6.542602202460173], [2.274795069029974, 6.542602202460173], [2.2749758544196923, 6.544230572281052], [2.2755182105888476, 6.545316152161638], [2.2771452790963136, 6.547125451962614], [2.280218630721527, 6.5482110318432], [2.280218630721527, 6.548753821783493], [2.281484128449556, 6.550744051564568], [2.281845699228993, 6.550924981544665], [2.2825688407878664, 6.550924981544665], [2.2831111969570217, 6.55056312158447], [2.285461407023362, 6.550744051564568], [2.286365333971954, 6.551648701465056], [2.2869076901411094, 6.552734281345642], [2.2865461193616725, 6.553277071285934], [2.2865461193616725, 6.554000791206326], [2.286726904751391, 6.554000791206326], [2.287088475530828, 6.556895670887888], [2.28799240247942, 6.557076600867986], [2.2888963294280122, 6.558162180748572], [2.289981041766323, 6.558162180748572], [2.291608110273789, 6.559247760629158], [2.2926928226120995, 6.559247760629158], [2.293235178781255, 6.559971480549549], [2.295043032678439, 6.559971480549549], [2.2952238180681572, 6.559428690609256], [2.296308530406468, 6.558704970688865], [2.297393242744779, 6.558885900668963], [2.297393242744779, 6.559609620589353], [2.2979355989139343, 6.560152410529646], [2.297754813524216, 6.560695200469939], [2.2992010966419634, 6.561961710330623], [2.298658740472808, 6.56286636023111], [2.297754813524216, 6.563228220191306], [2.2979355989139343, 6.565399379952479], [2.298297169693371, 6.565580309932576], [2.298297169693371, 6.566846819793259], [2.2979355989139343, 6.567208679753454], [2.298297169693371, 6.5691121486493405], [2.302455233656895, 6.571181402836591], [2.302455233656895, 6.569741699474823], [2.304082302164361, 6.568113329653944], [2.3042630875540793, 6.567389609733552], [2.303720731384924, 6.567208679753454], [2.3031783752157686, 6.566484959833064], [2.3019128774877395, 6.566123099872868], [2.3015513067083027, 6.565761239912673], [2.3015513067083027, 6.565399379952478], [2.3011897359288658, 6.56521844997238], [2.3011897359288658, 6.562866360231111], [2.301370521318584, 6.562866360231111], [2.3015513067083027, 6.561780780350525], [2.3022744482671764, 6.561237990410232], [2.3022744482671764, 6.560514270489841], [2.3019128774877395, 6.560333340509743], [2.3019128774877395, 6.559790550569451], [2.30299758982605, 6.559790550569451], [2.30299758982605, 6.559609620589353], [2.3033591606054875, 6.559609620589353], [2.3037207313849244, 6.560333340509744], [2.3037207313849244, 6.560876130450036], [2.3033591606054875, 6.56141892039033], [2.303901516774643, 6.561961710330623], [2.304805443723235, 6.562142640310721], [2.304805443723235, 6.562323570290818], [2.305709370671827, 6.562142640310721], [2.30534779989239, 6.561237990410231], [2.3048054437232346, 6.560876130450036], [2.304624658333516, 6.559428690609256], [2.3048054437232346, 6.559247760629158], [2.3064325122307006, 6.559428690609256], [2.306613297620419, 6.557800320788376], [2.306251726840982, 6.557076600867985], [2.3055285852821084, 6.55671474090779], [2.30534779989239, 6.555086371086911], [2.304805443723235, 6.555267301067008], [2.3037207313849244, 6.556352880947594], [2.3037207313849244, 6.55671474090779], [2.3026360190466133, 6.556533810927692], [2.3026360190466133, 6.555448231047106], [2.3022744482671764, 6.555448231047106], [2.301732092098021, 6.554905441106813], [2.301370521318584, 6.553458001266032], [2.3011897359288658, 6.553458001266032], [2.301370521318584, 6.552372421385447], [2.3015513067083027, 6.552372421385447], [2.3015513067083027, 6.55128684150486], [2.3011897359288658, 6.551105911524762], [2.2986587404728076, 6.55128684150486], [2.298477955083089, 6.550924981544664], [2.297754813524216, 6.550924981544664], [2.297754813524216, 6.551105911524762], [2.2968508865756236, 6.551105911524762], [2.2968508865756236, 6.55128684150486], [2.2959469596270314, 6.55128684150486], [2.2959469596270314, 6.551467771484957], [2.2925120372223806, 6.551467771484957], [2.2928736080018175, 6.548572891803395], [2.292692822612099, 6.548572891803395], [2.292331251832662, 6.544954292201442], [2.292692822612099, 6.544592432241247], [2.292692822612099, 6.543868712320855], [2.2905233979354778, 6.541878482539781], [2.290161827156041, 6.540611972679097], [2.2863653339719536, 6.540250112718902], [2.2860037631925167, 6.5384408129179254], [2.285280621633643, 6.537536163017437], [2.285280621633643, 6.535907793196558], [2.284376694685051, 6.53500314329607], [2.284015123905614, 6.533736633435386], [2.2831111969570217, 6.532289193594605], [2.2829304115673033, 6.531203613714019], [2.2814841284495557, 6.528851523972749], [2.2814841284495557, 6.527223154151871], [2.281664913839274, 6.527223154151871], [2.2818456992289926, 6.5259566442911865], [2.278772347603779, 6.523061764609624], [2.2776876352654685, 6.522518974669331], [2.277145279096313, 6.522518974669331], [2.277145279096313, 6.522338044689233], [2.276602922927158, 6.522338044689233], [2.276602922927158, 6.5221571147091355], [2.2735295713019448, 6.5216143247688425]]]}, "properties": {"name": "Golo-Djigbé", "commune": "ABOMEY-CALAVI", "confidence": "MEDIUM", "area_m2": 6343652.6, "perimeter_m": 22973.8, "road_length_m": 18759.1, "n_road_vertices": 946, "avg_dist_to_road_m": 139.8, "pct_area_near_road": 47.0, "color": "#d36f48", "neighbours": ["Adjamè\n", "Agongbé", "Djissoukpa", "Drabo", "Espace-Saint", "Kpossidja", "Yêkon-Aga", "Zèkanmey"], "n_neighbours": 8, "manual_review_reasons": []}}, {"type": "Feature", "geometry": {"type": "Polygon", "coordinates": [[[2.3246918365922635, 6.617869074180801], [2.32546, 6.620181999999573], [2.32740361743804, 6.622808394181891], [2.332646393739875, 6.626010923285197], [2.3366236723136806, 6.62962952288715], [2.3370042266836806, 6.630534172787638], [2.3380699554314277, 6.629991382847345], [2.338612311600583, 6.629991382847345], [2.3387930969903015, 6.62962952288715], [2.340239380108049, 6.628905802966759], [2.337346813872554, 6.62492534340461], [2.3351773891959327, 6.6251062733847075], [2.3359005307548064, 6.622573253663341], [2.336081316144525, 6.622573253663341], [2.336081316144525, 6.6213067438026565], [2.3355389599753695, 6.6207639538623635], [2.334996603806214, 6.61949744400168], [2.3346350330267773, 6.619316514021582], [2.334454247637059, 6.6185927941011915], [2.3281267589969135, 6.618773724081289], [2.327584402827758, 6.618411864121094], [2.3246918365922635, 6.617869074180801]]]}, "properties": {"name": "Wawata", "commune": "ABOMEY-CALAVI", "confidence": "MEDIUM", "area_m2": 964920.4, "perimeter_m": 6077.6, "road_length_m": 5452.2, "n_road_vertices": 366, "avg_dist_to_road_m": 158.6, "pct_area_near_road": 33.1, "color": "#d950b0", "neighbours": ["Dangbodji", "Houégoudo\n", "Zinvié-Zounmè"], "n_neighbours": 3, "manual_review_reasons": []}}, {"type": "Feature", "geometry": {"type": "MultiPolygon", "coordinates": [[[[2.436055636658823, 6.381574520173249], [2.4362364220485415, 6.3871833495562775], [2.4382250613354444, 6.387364279536375], [2.4382250613354444, 6.3877261394965705], [2.4385866321148812, 6.387907069476668], [2.4393097736737546, 6.387907069476668], [2.439490559063473, 6.387364279536375], [2.4403944860120657, 6.3871833495562775], [2.4403944860120657, 6.387545209516473], [2.441840769129813, 6.387545209516473], [2.4422023399092496, 6.387907069476668], [2.442744696078405, 6.386821489596082], [2.442744696078405, 6.386278699655789], [2.444010193806434, 6.386278699655789], [2.444010193806434, 6.384288469874714], [2.4432870522475603, 6.384288469874714], [2.4432870522475603, 6.384107539894616], [2.4416599837400943, 6.384288469874714], [2.4416599837400943, 6.383202889994128], [2.4412984129606574, 6.382479170073738], [2.441479198350376, 6.382479170073738], [2.441479198350376, 6.381936380133445], [2.4418407691298127, 6.3817554501533476], [2.442021554519531, 6.380127080332468], [2.440936842181221, 6.380127080332468], [2.4407560567915025, 6.381393590193151], [2.439671344453192, 6.381212660213054], [2.4394905590634735, 6.382117310113542], [2.4387674175045992, 6.382117310113542], [2.4384058467251624, 6.381574520173249], [2.436055636658823, 6.381574520173249]]], [[[2.435694065879386, 6.382117310113542], [2.435694065879386, 6.3833838199742265], [2.435874851269104, 6.3833838199742265], [2.435874851269104, 6.382117310113542], [2.435694065879386, 6.382117310113542]]], [[[2.4358748512691046, 6.384650329834909], [2.4358748512691046, 6.385735909715496], [2.4360556366588226, 6.385735909715496], [2.4360556366588226, 6.384650329834909], [2.4358748512691046, 6.384650329834909]]]]}, "properties": {"name": "Adôgléta", "commune": "COTONOU", "confidence": "HIGH", "area_m2": 492000.0, "perimeter_m": 4600.2, "road_length_m": 5294.9, "n_road_vertices": 134, "avg_dist_to_road_m": 49.0, "pct_area_near_road": 90.8, "color": "#90d348", "neighbours": ["Djidjè", "Djidjè-Aïchédji", "Hlacômey", "Kpankpan", "Sègbèya-Nord", "Sègbèya-Sud"], "n_neighbours": 6, "manual_review_reasons": []}}, {"type": "Feature", "geometry": {"type": "Polygon", "coordinates": [[[2.3812776635741355, 6.3444838742532275], [2.381820019743291, 6.346293174054205], [2.382723946691883, 6.347378753934791], [2.3829047320816015, 6.348464333815377], [2.3832663028610384, 6.348826193775572], [2.38308551747132, 6.349007123755669], [2.3832663028610384, 6.350273633616353], [2.3829047320816015, 6.35045456359645], [2.3829047320816015, 6.350997353536743], [2.3825431613021646, 6.351359213496939], [2.3825431613021646, 6.35208293341733], [2.383447088250757, 6.352263863397428], [2.3838086590301937, 6.353711303238209], [2.385254942147941, 6.353530373258112], [2.3854357275376596, 6.354073163198405], [2.3857972983170965, 6.354073163198405], [2.3857972983170965, 6.3544350231586], [2.386882010655407, 6.354796883118795], [2.387243581434844, 6.355339673059088], [2.387966722993718, 6.355339673059088], [2.3881475083834363, 6.355701533019284], [2.387966722993718, 6.358415482720749], [2.3890514353320285, 6.359139202641139], [2.389413006111465, 6.358777342680944], [2.3895937915011833, 6.35751083282026], [2.389774576890902, 6.35751083282026], [2.389774576890902, 6.356968042879966], [2.3888706499423096, 6.357148972860064], [2.3892322207217465, 6.355701533019284], [2.3955597093618923, 6.355520603039186], [2.3955597093618923, 6.356244322959577], [2.3961020655310477, 6.356244322959577], [2.3961020655310477, 6.356425252939674], [2.39700599247964, 6.356244322959577], [2.39700599247964, 6.35678711289987], [2.39809070481795, 6.356968042879967], [2.3986330609871054, 6.356606182919772], [2.3986330609871054, 6.356244322959577], [2.3995369879356976, 6.356244322959577], [2.3995369879356976, 6.355701533019284], [2.4002601294945713, 6.355339673059088], [2.4006217002740082, 6.354073163198405], [2.401525627222601, 6.354254093178502], [2.4013448418328824, 6.354977813098893], [2.4018871980020378, 6.355520603039186], [2.4024295541711926, 6.355520603039186], [2.4035142665095033, 6.354796883118795], [2.4031526957300664, 6.353711303238208], [2.4024295541711926, 6.353711303238208], [2.402248768781474, 6.353349443278013], [2.402248768781474, 6.352806653337721], [2.402610339560911, 6.352444793377526], [2.40279112495063, 6.352625723357623], [2.40387583728894, 6.352444793377526], [2.40387583728894, 6.351902003437232], [2.402971910340348, 6.351178283516841], [2.4031526957300664, 6.3493689837158644], [2.402248768781474, 6.349188053735767], [2.4020679833917558, 6.3488261937755714], [2.4024295541711926, 6.345207594173619], [2.4027911249506295, 6.345026664193521], [2.402971910340348, 6.3444838742532275], [2.391198636287185, 6.344696044281278], [2.3812776635741355, 6.3444838742532275]], [[2.396102065531047, 6.349188053735767], [2.396102065531047, 6.348645263795475], [2.397909919428232, 6.348645263795475], [2.3980907048179505, 6.348826193775572], [2.3980907048179505, 6.349188053735767], [2.3979099194282316, 6.349007123755669], [2.396102065531047, 6.349188053735767]], [[2.391944001567523, 6.349007123755669], [2.391944001567523, 6.348283403835279], [2.3923055723469604, 6.348283403835279], [2.3926671431263973, 6.3488261937755714], [2.391944001567523, 6.349007123755669]], [[2.3834470882507564, 6.350092703636255], [2.383627873640475, 6.349730843676061], [2.3838086590301937, 6.349730843676061], [2.3838086590301937, 6.350273633616353], [2.3834470882507564, 6.350092703636255]], [[2.385797298317096, 6.351902003437232], [2.3859780837068145, 6.351540143477037], [2.3861588690965334, 6.351540143477037], [2.3861588690965334, 6.351902003437232], [2.385797298317096, 6.351902003437232]]]}, "properties": {"name": "Haie-Vive-Cocotiers", "commune": "COTONOU", "confidence": "HIGH", "area_m2": 2656663.5, "perimeter_m": 11459.4, "road_length_m": 24755.9, "n_road_vertices": 898, "avg_dist_to_road_m": 62.4, "pct_area_near_road": 82.5, "color": "#d6ca4b", "neighbours": ["Ahouanlèko", "Cadjèhoun-Agonga", "Cadjèhoun-Aupiais", "Cadjèhoun-Azalokogon", "Cadjèhoun-Kpota", "Fiyégnon-Jacquot"], "n_neighbours": 6, "manual_review_reasons": []}}, {"type": "Feature", "geometry": {"type": "Polygon", "coordinates": [[[2.393932640854426, 6.365833611904752], [2.3932094992955526, 6.366557331825143], [2.3932094992955526, 6.367100121765436], [2.3926671431263973, 6.36764291170573], [2.3935710700749895, 6.368547561606218], [2.394113426244145, 6.368547561606218], [2.3942942116338632, 6.370356861407195], [2.3951981385824554, 6.370356861407195], [2.396644421700203, 6.371080581327585], [2.397186777869358, 6.370899651347488], [2.3979099194282316, 6.369814071466901], [2.3966444217002025, 6.369271281526608], [2.396463636310484, 6.368547561606218], [2.396825207089921, 6.368547561606218], [2.3970059924796394, 6.367281051745533], [2.3951981385824554, 6.367100121765436], [2.3944749970235812, 6.367461981725631], [2.393932640854426, 6.367100121765436], [2.3941134262441444, 6.366738261805241], [2.393932640854426, 6.365833611904752]]]}, "properties": {"name": "Houéyihô", "commune": "COTONOU", "confidence": "HIGH", "area_m2": 149600.0, "perimeter_m": 2560.0, "road_length_m": 1628.0, "n_road_vertices": 70, "avg_dist_to_road_m": 35.9, "pct_area_near_road": 98.7, "color": "#3edc5e", "neighbours": ["Houénoussou", "Houéyihô-Tannou", "Vodjè-Finagnon", "Vodjè-Kpota"], "n_neighbours": 4, "manual_review_reasons": []}}, {"type": "Feature", "geometry": {"type": "Polygon", "coordinates": [[[2.294139105729847, 6.543325922380562], [2.292873608001818, 6.543868712320855], [2.2923312518326626, 6.544954292201441], [2.2926928226120995, 6.548572891803396], [2.292873608001818, 6.548572891803396], [2.292512037222381, 6.551467771484958], [2.295946959627031, 6.551467771484958], [2.295946959627031, 6.551286841504861], [2.296850886575623, 6.551286841504861], [2.296850886575623, 6.551105911524763], [2.2977548135242154, 6.551105911524763], [2.2977548135242154, 6.550924981544665], [2.2984779550830896, 6.550924981544665], [2.298658740472808, 6.551286841504861], [2.301189735928866, 6.551105911524763], [2.301551306708303, 6.551286841504861], [2.301551306708303, 6.552372421385446], [2.301189735928866, 6.552915211325739], [2.301551306708303, 6.554543581146619], [2.302274448267177, 6.555448231047107], [2.3026360190466137, 6.555448231047107], [2.3026360190466137, 6.556533810927693], [2.303178375215769, 6.556533810927693], [2.303178375215769, 6.556714740907791], [2.303720731384924, 6.556714740907791], [2.303720731384924, 6.556352880947595], [2.304624658333516, 6.555448231047107], [2.3051670145026715, 6.555267301067009], [2.3058901560615452, 6.554543581146619], [2.3058901560615452, 6.553277071285935], [2.306613297620419, 6.553096141305837], [2.3076980099587296, 6.551648701465056], [2.308963507686759, 6.551648701465056], [2.3095058638559145, 6.552191491405349], [2.310229005414788, 6.551829631445154], [2.310229005414788, 6.55056312158447], [2.31113293236338, 6.550020331644177], [2.31113293236338, 6.549477541703883], [2.310771361583943, 6.549115681743689], [2.3120368593119722, 6.54748731192281], [2.3113137177530985, 6.546401732042223], [2.3109521469736616, 6.546220802062125], [2.309867434635351, 6.546401732042223], [2.3084211515176034, 6.544773362221344], [2.3093250784661956, 6.542964062420367], [2.308601936907322, 6.542602202460172], [2.3084211515176034, 6.542240342499976], [2.3080595807381665, 6.542240342499976], [2.3076980099587296, 6.541697552559683], [2.3073364391792928, 6.541697552559683], [2.3067940830101374, 6.540792902659195], [2.3060709414512637, 6.540792902659195], [2.30534779989239, 6.540431042699], [2.3042630875540793, 6.540431042699], [2.3042630875540793, 6.540250112718902], [2.3033591606054875, 6.540069182738804], [2.3033591606054875, 6.540250112718902], [2.302816804436332, 6.540250112718902], [2.3017320920980215, 6.540792902659195], [2.3004665943699925, 6.541878482539781], [2.3004665943699925, 6.542240342499976], [2.2995626674214003, 6.543144992400465], [2.299381882031682, 6.543687782340758], [2.2986587404728076, 6.543687782340758], [2.2986587404728076, 6.54350685236066], [2.2961277450167494, 6.542964062420367], [2.2961277450167494, 6.542783132440269], [2.2946814618990024, 6.542783132440269], [2.294139105729847, 6.543325922380562]]]}, "properties": {"name": "Zèkanmey", "commune": "ABOMEY-CALAVI", "confidence": "MEDIUM", "area_m2": 2263600.0, "perimeter_m": 8999.8, "road_length_m": 6819.4, "n_road_vertices": 348, "avg_dist_to_road_m": 105.9, "pct_area_near_road": 59.4, "color": "#cc8a45", "neighbours": ["Agongbé", "Agonkèssa", "Golo-Djigbé", "Yêkon-Aga"], "n_neighbours": 4, "manual_review_reasons": []}}, {"type": "Feature", "geometry": {"type": "Polygon", "coordinates": [[[2.483602194154773, 6.359681992581431], [2.4843253357136468, 6.361310362402311], [2.484686906493083, 6.361310362402311], [2.4848676918828017, 6.360948502442116], [2.4859524042211127, 6.361129432422214], [2.4859524042211127, 6.361491292382408], [2.485590833441676, 6.361672222362506], [2.4857716188313943, 6.362757802243092], [2.4854100480519574, 6.362938732223189], [2.4854100480519574, 6.363481522163483], [2.485590833441676, 6.363481522163483], [2.4854100480519574, 6.364748032024167], [2.486856331169705, 6.364928962004265], [2.486856331169705, 6.366738261805241], [2.48739868733886, 6.366738261805241], [2.4878960918521003, 6.359139202641138], [2.484867691882802, 6.359320132621236], [2.4843253357136468, 6.359681992581431], [2.483602194154773, 6.359681992581431]]]}, "properties": {"name": "Tokplégbé", "commune": "COTONOU", "confidence": "HIGH", "area_m2": 189067.5, "perimeter_m": 2926.6, "road_length_m": 13171.5, "n_road_vertices": 294, "avg_dist_to_road_m": 63.7, "pct_area_near_road": 85.4, "color": "#c74886", "neighbours": ["Dandji-Hokanmè"], "n_neighbours": 1, "manual_review_reasons": []}}, {"type": "Feature", "geometry": {"type": "Polygon", "coordinates": [[[2.468416221418424, 6.368547561606217], [2.4678738652492687, 6.36909035154651], [2.4678738652492687, 6.370175931427096], [2.467512294469832, 6.370356861407194], [2.467512294469832, 6.370899651347487], [2.466427582131521, 6.370899651347487], [2.466427582131521, 6.372347091188268], [2.4649812990137736, 6.372528021168366], [2.4646197282343367, 6.374518250949441], [2.4653428697932105, 6.374518250949441], [2.465523655182929, 6.374880110909636], [2.4658852259623654, 6.374880110909636], [2.466066011352084, 6.374518250949441], [2.4669699383006765, 6.374518250949441], [2.467150723690395, 6.374880110909636], [2.4675122944698313, 6.374880110909636], [2.4676930798595498, 6.374518250949441], [2.468777792197861, 6.374518250949441], [2.468777792197861, 6.375241970869832], [2.4723934999922292, 6.375241970869832], [2.472212714602511, 6.374518250949441], [2.4725742853819477, 6.374156390989246], [2.47347821233054, 6.374337320969343], [2.47347821233054, 6.373251741088757], [2.474020568499695, 6.373251741088757], [2.4738397831099768, 6.372347091188268], [2.47347821233054, 6.37216616120817], [2.47347821233054, 6.371804301247975], [2.4727550707716666, 6.372528021168366], [2.471489573043637, 6.37216616120817], [2.4716703584333555, 6.371080581327584], [2.470585646095045, 6.370899651347487], [2.470585646095045, 6.369814071466901], [2.469862504536171, 6.369814071466901], [2.469500933756734, 6.369633141486803], [2.469500933756734, 6.369271281526608], [2.4687777921978604, 6.36909035154651], [2.468958577587579, 6.368185701646022], [2.468416221418424, 6.368185701646022], [2.468416221418424, 6.368547561606217]]]}, "properties": {"name": "Yagbé", "commune": "COTONOU", "confidence": "HIGH", "area_m2": 420000.0, "perimeter_m": 4119.9, "road_length_m": 4702.3, "n_road_vertices": 130, "avg_dist_to_road_m": 36.5, "pct_area_near_road": 100.0, "color": "#cc5745", "neighbours": ["Avotrou-Gbègo", "Avotrou-Houézèkomè", "Nvènamèdé", "Tanto"], "n_neighbours": 4, "manual_review_reasons": []}}, {"type": "Feature", "geometry": {"type": "Polygon", "coordinates": [[[2.31004822002507, 6.542421272480074], [2.3087827222970407, 6.543687782340758], [2.308421151517604, 6.544773362221345], [2.3098674346353514, 6.546401732042224], [2.310952146973662, 6.546220802062126], [2.3120368593119727, 6.547306381942712], [2.311675288532536, 6.548211031843199], [2.3107713615839436, 6.549115681743688], [2.3111329323633805, 6.549477541703884], [2.3111329323633805, 6.550020331644176], [2.3102290054147883, 6.550563121584469], [2.3102290054147883, 6.551829631445153], [2.3098674346353514, 6.552191491405349], [2.3104097908045067, 6.552734281345642], [2.311313717753099, 6.553096141305837], [2.3114945031428173, 6.553458001266033], [2.312217644701691, 6.553458001266033], [2.312579215481128, 6.554181721186423], [2.315110210937186, 6.554000791206326], [2.316194923275497, 6.554905441106814], [2.3163757086652152, 6.556352880947595], [2.3185451333418365, 6.557981250768474], [2.318906704121273, 6.557981250768474], [2.3190874895109914, 6.557076600867986], [2.3196298456801467, 6.556533810927693], [2.3196298456801467, 6.556171950967498], [2.320172201849302, 6.555629161027205], [2.3212569141876127, 6.5559910209874], [2.3219800557464865, 6.554543581146619], [2.322341626525924, 6.554905441106814], [2.323426338864234, 6.555086371086912], [2.323426338864234, 6.554724511126716], [2.3239686950333893, 6.554181721186423], [2.3239686950333893, 6.553277071285935], [2.3248726219819815, 6.552191491405349], [2.3248726219819815, 6.551467771484957], [2.324691836592263, 6.551467771484957], [2.324691836592263, 6.550563121584469], [2.3241494804231078, 6.550020331644176], [2.323787909643671, 6.550020331644176], [2.3239686950333893, 6.549115681743689], [2.3245110512025446, 6.548391961823297], [2.323426338864234, 6.547849171883004], [2.3228839826950787, 6.547306381942711], [2.3227031973053602, 6.546039872082027], [2.3219800557464865, 6.54585894210193], [2.3219800557464865, 6.544592432241247], [2.3232455534745156, 6.543506852360661], [2.323064768084797, 6.542602202460172], [2.3223416265259234, 6.541516622579586], [2.32161848496705, 6.541697552559683], [2.3205337726287394, 6.542783132440269], [2.3205337726287394, 6.543144992400465], [2.3198106310698656, 6.54350685236066], [2.3194490602904287, 6.544773362221344], [2.318183562562399, 6.544773362221344], [2.3180027771726808, 6.544230572281051], [2.317641206393244, 6.544049642300953], [2.3156525671063415, 6.544049642300953], [2.315110210937186, 6.544592432241246], [2.315110210937186, 6.544954292201441], [2.3133023570400013, 6.544773362221344], [2.311494503142817, 6.54350685236066], [2.3109521469736616, 6.542421272480074], [2.31004822002507, 6.542421272480074]]]}, "properties": {"name": "Agonkèssa", "commune": "ABOMEY-CALAVI", "confidence": "HIGH", "area_m2": 1870800.0, "perimeter_m": 9320.0, "road_length_m": 9744.8, "n_road_vertices": 524, "avg_dist_to_road_m": 59.5, "pct_area_near_road": 83.8, "color": "#d34452", "neighbours": ["Agongbé", "Azonsa", "Domey-Gbo", "Yèkon-Do", "Yêkon-Aga", "Zèkanmey"], "n_neighbours": 6, "manual_review_reasons": []}}, {"type": "Feature", "geometry": {"type": "Polygon", "coordinates": [[[2.3020936628774584, 6.375784760810124], [2.3026360190466137, 6.377774990591199], [2.303539945995206, 6.378679640491687], [2.3037207313849244, 6.381031730232957], [2.3042630875540797, 6.381031730232957], [2.304443872943798, 6.382479170073738], [2.3046246583335166, 6.382660100053836], [2.304986229112953, 6.382479170073738], [2.3071556537895743, 6.382660100053836], [2.307336439179293, 6.382479170073738], [2.307336439179293, 6.3839266099145195], [2.30769800995873, 6.3839266099145195], [2.30769800995873, 6.3850121897951055], [2.308059580738167, 6.3855549797353985], [2.308963507686759, 6.3855549797353985], [2.309505863855914, 6.385916839695594], [2.3096866492456325, 6.385374049755301], [2.3100482200250694, 6.385193119775203], [2.3114945031428173, 6.385193119775203], [2.3114945031428173, 6.3855549797353985], [2.311856073922254, 6.385735909715496], [2.312398430091409, 6.385193119775203], [2.3133023570400013, 6.385374049755301], [2.3134831424297198, 6.38465032983491], [2.3142062839885935, 6.38465032983491], [2.3142062839885935, 6.3844693998548125], [2.3147486401577493, 6.3844693998548125], [2.315110210937186, 6.385193119775203], [2.3156525671063415, 6.3850121897951055], [2.316014137885778, 6.385374049755301], [2.316014137885778, 6.383564749954323], [2.3158333524960595, 6.383564749954323], [2.315652567106341, 6.38229824009364], [2.3154717817166226, 6.38229824009364], [2.3154717817166226, 6.380669870272762], [2.316014137885778, 6.380850800252859], [2.3161949232754964, 6.380488940292664], [2.3161949232754964, 6.379041500451882], [2.315652567106341, 6.378860570471784], [2.315290996326904, 6.378136850551393], [2.314206283988594, 6.378498710511589], [2.3140254985988755, 6.379041500451882], [2.3125792154811275, 6.379222430431979], [2.312398430091409, 6.378498710511589], [2.311313717753099, 6.377955920571296], [2.311313717753099, 6.378136850551393], [2.3104097908045067, 6.378317780531491], [2.3102290054147883, 6.378860570471784], [2.309505863855914, 6.379041500451882], [2.309144293076477, 6.378679640491686], [2.3080595807381665, 6.378498710511589], [2.3071556537895743, 6.377413130631003], [2.3067940830101374, 6.377413130631003], [2.3067940830101374, 6.37687034069071], [2.3060709414512637, 6.376146620770319], [2.30534779989239, 6.376146620770319], [2.304624658333516, 6.375784760810124], [2.3020936628774584, 6.375784760810124]]]}, "properties": {"name": "Logbozounkpa", "commune": "ABOMEY-CALAVI", "confidence": "HIGH", "area_m2": 994800.0, "perimeter_m": 6520.0, "road_length_m": 10441.1, "n_road_vertices": 344, "avg_dist_to_road_m": 47.3, "pct_area_near_road": 89.6, "color": "#ce4c79", "neighbours": ["Agbo Codji Sèdégbé", "Cocotomey", "Gninkindji\n", "Hêdomè\n", "La-Paix\n", "Tokpa\n"], "n_neighbours": 6, "manual_review_reasons": []}}, {"type": "Feature", "geometry": {"type": "MultiPolygon", "coordinates": [[[[2.389413006111465, 6.370718721367389], [2.3886898645525916, 6.370718721367389], [2.387605152214281, 6.371261511307682], [2.3848933713685043, 6.370899651347487], [2.3850741567582228, 6.371985231228074], [2.386339654486252, 6.373251741088757], [2.3874243668245625, 6.373432671068855], [2.3874243668245625, 6.37379453102905], [2.3877859376039994, 6.373975461009148], [2.3877859376039994, 6.375422900849929], [2.3881475083834363, 6.375603830830027], [2.3881475083834363, 6.376146620770319], [2.3877859376039994, 6.376508480730514], [2.3870627960451256, 6.376508480730514], [2.387243581434844, 6.377413130631004], [2.3881475083834363, 6.377413130631004], [2.3886898645525916, 6.377955920571297], [2.389593791501184, 6.377594060611101], [2.3901361476703387, 6.378136850551394], [2.390678503839494, 6.377594060611101], [2.3917632161778046, 6.377594060611101], [2.3917632161778046, 6.376689410710613], [2.3921247869572415, 6.376327550750418], [2.392486357736679, 6.376327550750418], [2.3926671431263973, 6.377232200650906], [2.3941134262441444, 6.377413130631004], [2.3944749970235812, 6.376689410710613], [2.3944749970235812, 6.375965690790222], [2.3950173531927366, 6.375965690790222], [2.395198138582455, 6.375422900849929], [2.396102065531047, 6.375241970869832], [2.396463636310484, 6.374518250949441], [2.397186777869358, 6.373975461009148], [2.397186777869358, 6.373613601048952], [2.396825207089921, 6.373613601048952], [2.396463636310484, 6.373070811108659], [2.395559709361892, 6.372708951148463], [2.396463636310484, 6.371804301247976], [2.3966444217002025, 6.370899651347487], [2.395559709361892, 6.370718721367389], [2.395198138582455, 6.370356861407194], [2.394294211633863, 6.370356861407194], [2.394294211633863, 6.369452211506705], [2.393751855464708, 6.369452211506705], [2.3939326408544264, 6.370356861407194], [2.3928479285161153, 6.370356861407194], [2.392667143126397, 6.369995001446998], [2.3923055723469604, 6.369995001446998], [2.392124786957242, 6.370718721367389], [2.3906785038394944, 6.370537791387291], [2.390497718449776, 6.370899651347487], [2.3897745768909022, 6.370899651347487], [2.3897745768909022, 6.371080581327584], [2.389413006111465, 6.370718721367389]]], [[[2.3939326408544264, 6.365652681924654], [2.394113426244145, 6.367281051745534], [2.3946557824132997, 6.367461981725632], [2.3946557824132997, 6.367281051745534], [2.3957404947516103, 6.367100121765437], [2.3957404947516103, 6.366195471864947], [2.3953789239721734, 6.365833611904752], [2.3939326408544264, 6.365652681924654]]]]}, "properties": {"name": "Houéyihô-Tannou", "commune": "COTONOU", "confidence": "HIGH", "area_m2": 780400.0, "perimeter_m": 6599.7, "road_length_m": 8979.9, "n_road_vertices": 374, "avg_dist_to_road_m": 39.4, "pct_area_near_road": 96.0, "color": "#db9443", "neighbours": ["Ahogbohoué-Cité-Eucharistie", "Cadjèhoun-Kpota", "Houénoussou", "Houéyihô", "Missogbé", "Sètôvi", "Tonato", "Vodjè-Finagnon", "Vodjè-Kpota", "Védokô"], "n_neighbours": 10, "manual_review_reasons": []}}, {"type": "Feature", "geometry": {"type": "MultiPolygon", "coordinates": [[[[2.395017353192737, 6.379403360412078], [2.3955597093618923, 6.379584290392176], [2.3951981385824554, 6.380669870272762], [2.395378923972174, 6.380669870272762], [2.395378923972174, 6.3812126602130546], [2.3957404947516108, 6.381393590193152], [2.3957404947516108, 6.382117310113543], [2.3961020655310477, 6.382117310113543], [2.3964636363104845, 6.382660100053836], [2.3964636363104845, 6.384288469874715], [2.39700599247964, 6.385374049755301], [2.3968252070899214, 6.385735909715496], [2.3971867778693583, 6.385916839695594], [2.396644421700203, 6.38700241957618], [2.3991754171562607, 6.38700241957618], [2.399356202545979, 6.3860977696756915], [2.3995369879356976, 6.3860977696756915], [2.399356202545979, 6.381031730232956], [2.3988138463768243, 6.380850800252858], [2.398633060987106, 6.381393590193151], [2.3982714902076685, 6.380669870272761], [2.3970059924796394, 6.381031730232956], [2.3970059924796394, 6.37994615035237], [2.3962828509207657, 6.379584290392175], [2.3962828509207657, 6.379041500451882], [2.395017353192737, 6.378860570471784], [2.395017353192737, 6.379403360412078]]], [[[2.39700599247964, 6.387545209516473], [2.3979099194282316, 6.387907069476668], [2.398452275597387, 6.387183349556277], [2.39700599247964, 6.387183349556277], [2.39700599247964, 6.387545209516473]]], [[[2.437682705166289, 6.369452211506705], [2.437682705166289, 6.370175931427097], [2.438044275945726, 6.370537791387292], [2.438044275945726, 6.371623371267877], [2.437682705166289, 6.372347091188269], [2.4387674175045997, 6.372347091188269], [2.4385866321148812, 6.373251741088757], [2.439671344453192, 6.373251741088757], [2.439671344453192, 6.373975461009148], [2.440575271401784, 6.373975461009148], [2.440575271401784, 6.374518250949441], [2.442744696078405, 6.374699180929539], [2.4429254814681234, 6.374156390989246], [2.4432870522475603, 6.373975461009148], [2.4434678376372787, 6.372889881128562], [2.4450949061447447, 6.372889881128562], [2.4450949061447447, 6.372347091188268], [2.444733335365308, 6.371985231228073], [2.444733335365308, 6.370899651347487], [2.444190979196153, 6.370899651347487], [2.443829408416716, 6.37144244128778], [2.4434678376372787, 6.37144244128778], [2.4432870522475603, 6.371080581327584], [2.4429254814681234, 6.371080581327584], [2.442744696078405, 6.370537791387291], [2.442021554519531, 6.370537791387291], [2.442021554519531, 6.370175931427096], [2.4409368421812205, 6.370175931427096], [2.440756056791502, 6.369633141486803], [2.4389482028943177, 6.369452211506705], [2.4384058467251624, 6.368909421566412], [2.4378634905560075, 6.368909421566412], [2.4378634905560075, 6.369452211506705], [2.437682705166289, 6.369452211506705]]], [[[2.4375019197765706, 6.369271281526609], [2.4376827051662886, 6.36909035154651], [2.4375019197765706, 6.36909035154651], [2.4375019197765706, 6.369271281526609]]]]}, "properties": {"name": "Gbénonkpô", "commune": "COTONOU", "confidence": "HIGH", "area_m2": 567200.0, "perimeter_m": 7080.1, "road_length_m": 8173.1, "n_road_vertices": 174, "avg_dist_to_road_m": 43.2, "pct_area_near_road": 97.0, "color": "#c9803b", "neighbours": ["Adjégounlè", "Dantôkpa", "Dédokpo", "Fifadji", "Gbèdjèwin", "Kpankpan", "Midédji", "Missogbé", "Missèkplé", "Misséssin", "Tonato", "Yénawa-Fifadji"], "n_neighbours": 12, "manual_review_reasons": []}}, {"type": "Feature", "geometry": {"type": "Polygon", "coordinates": [[[2.333550320688467, 6.397858218382039], [2.3337311060781856, 6.400210308123309], [2.3333695352987487, 6.4009340280437], [2.3337311060781856, 6.4012958880038955], [2.3337311060781856, 6.402019607924285], [2.333550320688467, 6.402019607924285], [2.3337311060781856, 6.402562397864578], [2.333007964519312, 6.402924257824774], [2.3333695352987487, 6.403828907725262], [2.3321040375707196, 6.404914487605848], [2.3321040375707196, 6.405457277546141], [2.331923252181001, 6.405457277546141], [2.3321040375707196, 6.4061809974665325], [2.3328271791295934, 6.406542857426728], [2.3331887499090302, 6.4072665773471185], [2.3339118914679036, 6.407085647367021], [2.3339118914679036, 6.4067237874068255], [2.3342734622473404, 6.4067237874068255], [2.334996603806214, 6.406000067486435], [2.33553895997537, 6.406000067486435], [2.33553895997537, 6.4061809974665325], [2.336081316144525, 6.406000067486435], [2.3362621015342433, 6.405457277546142], [2.3368044577033986, 6.405457277546142], [2.3368044577033986, 6.405276347566044], [2.3369852430931175, 6.405276347566044], [2.3373468138725544, 6.406542857426728], [2.3378891700417093, 6.406000067486435], [2.3382507408211466, 6.4061809974665325], [2.3382507408211466, 6.406542857426728], [2.3387930969903015, 6.4061809974665325], [2.3395162385491752, 6.4061809974665325], [2.3396970239388937, 6.405457277546142], [2.3404201654977674, 6.4050954175859465], [2.3407817362772043, 6.404552627645653], [2.340600950887486, 6.404190767685457], [2.3395162385491752, 6.404190767685457], [2.3395162385491752, 6.403647977745165], [2.3400585947183306, 6.4034670477650675], [2.3396970239388937, 6.402381467884481], [2.3395162385491752, 6.402200537904383], [2.3384315262108646, 6.402381467884481], [2.338250740821146, 6.401295888003895], [2.337708384651991, 6.401114958023797], [2.3380699554314277, 6.400572168083505], [2.3378891700417093, 6.39930565822282], [2.337708384651991, 6.39930565822282], [2.337708384651991, 6.398220078342234], [2.3375275992622724, 6.398039148362137], [2.3364428869239617, 6.398220078342234], [2.3364428869239617, 6.398039148362137], [2.333550320688467, 6.397858218382039]]]}, "properties": {"name": "Djoukpa-Togoudo\n", "commune": "ABOMEY-CALAVI", "confidence": "HIGH", "area_m2": 575600.0, "perimeter_m": 5000.1, "road_length_m": 6042.7, "n_road_vertices": 252, "avg_dist_to_road_m": 44.9, "pct_area_near_road": 90.4, "color": "#3dd1c5", "neighbours": ["Agonkanmey\n", "Assrossa\n", "Godomey-Togoudo", "Hounsa-Agbodokpa\n", "Nonhouénou\n", "Sèdomey"], "n_neighbours": 6, "manual_review_reasons": []}}, {"type": "Feature", "geometry": {"type": "Polygon", "coordinates": [[[2.3183643479521177, 6.3853740497553], [2.3180027771726808, 6.385012189795105], [2.317460421003526, 6.385012189795105], [2.317098850224089, 6.385554979735398], [2.3163757086652152, 6.385735909715495], [2.3163757086652152, 6.3860977696756915], [2.316737279444652, 6.3866405596159845], [2.3165564940549337, 6.3871833495562775], [2.317098850224089, 6.387545209516473], [2.3172796356138075, 6.388992649357254], [2.317460421003526, 6.388992649357254], [2.3172796356138075, 6.391344739098524], [2.317460421003526, 6.391344739098524], [2.317460421003526, 6.392792178939305], [2.3176412063932443, 6.392792178939305], [2.3176412063932443, 6.394963338700476], [2.3172796356138075, 6.395144268680574], [2.317098850224089, 6.395687058620868], [2.3172796356138075, 6.395687058620868], [2.317460421003526, 6.3969535684815515], [2.3181835625623997, 6.3969535684815515], [2.3181835625623997, 6.398401008322333], [2.3192682749007103, 6.398401008322333], [2.3194490602904287, 6.398762868282528], [2.320533772628739, 6.398762868282528], [2.3210761287978943, 6.398220078342235], [2.3216184849670496, 6.398220078342235], [2.322160841136205, 6.39785821838204], [2.3245110512025446, 6.39785821838204], [2.3245110512025446, 6.397677288401942], [2.325414978151137, 6.397677288401942], [2.325414978151137, 6.3974963584218445], [2.3290306859455057, 6.397677288401942], [2.329211471335224, 6.396591708521355], [2.328307544386632, 6.395687058620867], [2.3284883297763503, 6.395144268680575], [2.3288499005557872, 6.395144268680575], [2.3288499005557872, 6.394782408720379], [2.3284883297763503, 6.394601478740281], [2.3284883297763503, 6.394058688799988], [2.3277651882174766, 6.392792178939304], [2.3277651882174766, 6.391887529038816], [2.3274036174380397, 6.391525669078621], [2.3274036174380397, 6.390801949158231], [2.3277651882174766, 6.390801949158231], [2.3277651882174766, 6.390078229237839], [2.3274036174380397, 6.390078229237839], [2.3272228320483213, 6.389173579337351], [2.327042046658603, 6.389173579337351], [2.327042046658603, 6.388630789397059], [2.3284883297763503, 6.3882689294368635], [2.3288499005557872, 6.3877261394965705], [2.328669115166069, 6.387364279536374], [2.327945973607195, 6.387002419576179], [2.327945973607195, 6.386278699655789], [2.328669115166069, 6.3860977696756915], [2.328669115166069, 6.385735909715495], [2.327945973607195, 6.385193119775202], [2.3281267589969135, 6.3850121897951055], [2.327945973607195, 6.384107539894616], [2.3274036174380397, 6.384107539894616], [2.3268612612688844, 6.383564749954323], [2.3255957635408557, 6.383745679934421], [2.3250534073717004, 6.384107539894616], [2.325234192761419, 6.385012189795105], [2.324872621981982, 6.3853740497553], [2.3245110512025446, 6.385193119775202], [2.3227031973053602, 6.3853740497553], [2.3223416265259234, 6.385012189795105], [2.3217992703567685, 6.385012189795105], [2.3217992703567685, 6.3853740497553], [2.321437699577331, 6.385193119775202], [2.321256914187613, 6.3853740497553], [2.3207145580184574, 6.3853740497553], [2.3207145580184574, 6.385193119775202], [2.3183643479521177, 6.3853740497553]]]}, "properties": {"name": "Atrokpo-Codji", "commune": "ABOMEY-CALAVI", "confidence": "HIGH", "area_m2": 1734000.0, "perimeter_m": 7640.0, "road_length_m": 22913.5, "n_road_vertices": 730, "avg_dist_to_road_m": 36.8, "pct_area_near_road": 95.6, "color": "#43c853", "neighbours": ["Agbo Codji Sèdégbé", "Dèkoungbé\n", "Gbègnigan-Midokpo\n", "Hounsa-Agbodokpa\n", "La-Paix\n", "Ounvènoumèdé\n"], "n_neighbours": 6, "manual_review_reasons": []}}, {"type": "Feature", "geometry": {"type": "Polygon", "coordinates": [[[2.2619593063599646, 6.474934389903645], [2.2610553794113724, 6.474934389903645], [2.260874594021654, 6.47529624986384], [2.2590667401244695, 6.47529624986384], [2.2587051693450326, 6.475658109824035], [2.258524383955314, 6.476200899764329], [2.2590667401244695, 6.4765627597245246], [2.2590667401244695, 6.477286479644914], [2.2583435985655957, 6.477829269585207], [2.258524383955314, 6.479638569386184], [2.2574396716170035, 6.479819499366282], [2.2570781008375667, 6.481086009226965], [2.256897315447848, 6.481086009226965], [2.256897315447848, 6.482352519087649], [2.2565357446684113, 6.48307623900804], [2.2565357446684113, 6.483257168988138], [2.2581628131758773, 6.4836190289483335], [2.258885954734751, 6.4841618188886265], [2.2587051693450326, 6.484523678848821], [2.2583435985655957, 6.484523678848821], [2.257982027786159, 6.485971118689602], [2.257620457006722, 6.485971118689602], [2.2574396716170035, 6.486332978649798], [2.2574396716170035, 6.48778041849058], [2.2578012423964404, 6.48778041849058], [2.257982027786159, 6.488142278450775], [2.2599706670730617, 6.488142278450775], [2.26015145246278, 6.489046928351263], [2.2597898816833433, 6.489046928351263], [2.2594283109039064, 6.4895897182915565], [2.260513023242217, 6.491760878052728], [2.258885954734751, 6.492665527953216], [2.257258886227285, 6.492303667993021], [2.2558126031095376, 6.493751107833802], [2.255631817719819, 6.4955604076347795], [2.2565357446684113, 6.496465057535268], [2.258885954734751, 6.497007847475561], [2.259247525514188, 6.497550637415854], [2.259609096293625, 6.497550637415854], [2.260513023242217, 6.498455287316342], [2.2587051693450326, 6.501169237017807], [2.2619593063599646, 6.5047878366197605], [2.263044018698275, 6.5053306265600535], [2.2644903018160227, 6.505511556540151], [2.2648518725954596, 6.506235276460542], [2.2655750141543334, 6.506778066400835], [2.2655750141543334, 6.507320856341127], [2.2652134433748965, 6.507501786321225], [2.2652134433748965, 6.50786364628142], [2.2643095164263043, 6.508768296181908], [2.2643095164263043, 6.5091301561421036], [2.263405589477712, 6.510034806042592], [2.2632248040879936, 6.510577595982886], [2.2639479456468674, 6.511482245883374], [2.2648518725954596, 6.511482245883374], [2.265032657985178, 6.511844105843569], [2.265394228764615, 6.511844105843569], [2.2664789411029256, 6.512929685724155], [2.2668405118823625, 6.5140152656047405], [2.2664789411029256, 6.514738985525131], [2.2659365849337703, 6.5151008454853265], [2.2659365849337703, 6.515462705445522], [2.265394228764615, 6.515824565405717], [2.265032657985178, 6.5167292153062055], [2.2644903018160227, 6.517091075266401], [2.2648518725954596, 6.518176655146987], [2.263405589477712, 6.520709674868354], [2.2632248040879936, 6.521614324768843], [2.2635863748674305, 6.522338044689234], [2.264128731036586, 6.522518974669332], [2.264671087205741, 6.523604554549918], [2.264671087205741, 6.524147344490211], [2.2668405118823625, 6.52577571431109], [2.2668405118823625, 6.527946874072261], [2.266659726492644, 6.527946874072261], [2.2664789411029256, 6.529213383932945], [2.2670212972720805, 6.529756173873238], [2.2670212972720805, 6.529575243893141], [2.2679252242206727, 6.529575243893141], [2.2679252242206727, 6.529394313913043], [2.2690099365589833, 6.529394313913043], [2.2690099365589833, 6.529213383932945], [2.272625644353352, 6.528670593992652], [2.2706370050664493, 6.526680364211578], [2.2715409320150415, 6.525594784330992], [2.2715409320150415, 6.525232924370797], [2.2719025027944784, 6.525051994390699], [2.2719025027944784, 6.524690134430504], [2.2722640735739152, 6.524509204450406], [2.2722640735739152, 6.524147344490211], [2.2728064297430706, 6.523785484530015], [2.2731680005225074, 6.522880834629527], [2.2735295713019443, 6.522699904649429], [2.2735295713019443, 6.521614324768843], [2.274252712860818, 6.521795254748941], [2.274614283640255, 6.521433394788746], [2.2753374251991287, 6.519805024967867], [2.2756989959785656, 6.519624094987769], [2.276241352147721, 6.518357585127085], [2.2769644937065947, 6.517633865206695], [2.277145279096313, 6.516548285326108], [2.276241352147721, 6.516005495385815], [2.2753374251991287, 6.516005495385815], [2.273891142081381, 6.5145580555450335], [2.2735295713019443, 6.51256782576396], [2.2742527128608185, 6.512929685724155], [2.2749758544196923, 6.512929685724155], [2.2749758544196923, 6.513110615704253], [2.275698995978566, 6.513110615704253], [2.275698995978566, 6.513291545684351], [2.2767837083168767, 6.513291545684351], [2.276964493706595, 6.513653405644546], [2.2780492060449054, 6.514015265604741], [2.2798570599420898, 6.511120385923179], [2.2803994161112455, 6.511120385923179], [2.2811225576701193, 6.511482245883374], [2.2813033430598377, 6.511844105843569], [2.2816649138392746, 6.511844105843569], [2.2820264846187115, 6.512386895783862], [2.282388055398148, 6.512386895783862], [2.282749626177585, 6.512025035823667], [2.283653553126177, 6.512025035823667], [2.284376694685051, 6.511663175863472], [2.2854614070233614, 6.510577595982886], [2.28564219241308, 6.509853876062494], [2.2847382654644877, 6.5085873662018106], [2.284557480074769, 6.507501786321225], [2.283653553126177, 6.507139926361029], [2.2841959092953323, 6.504968766599858], [2.284376694685051, 6.504968766599858], [2.284015123905614, 6.502616676858588], [2.283653553126177, 6.502254816898392], [2.2831111969570217, 6.50243574687849], [2.2829304115673033, 6.502073886918295], [2.281664913839274, 6.502254816898392], [2.281122557670119, 6.501712026958099], [2.2813033430598373, 6.5004455170974165], [2.282388055398148, 6.500264587117319], [2.2825688407878664, 6.499540867196927], [2.2814841284495557, 6.498455287316341], [2.280399416111245, 6.498274357336244], [2.279495489162653, 6.497550637415853], [2.2784107768243427, 6.498093427356146], [2.2782299914346242, 6.498455287316341], [2.2775068498757505, 6.498636217296439], [2.2775068498757505, 6.498998077256634], [2.2767837083168763, 6.498998077256634], [2.2764221375374394, 6.498636217296439], [2.276241352147721, 6.497550637415853], [2.275879781368284, 6.497369707435755], [2.275879781368284, 6.496826917495462], [2.2756989959785656, 6.496826917495462], [2.275879781368284, 6.495198547674584], [2.2760605667580025, 6.494836687714389], [2.2767837083168763, 6.494836687714389], [2.277145279096313, 6.4944748277541935], [2.2773260644860316, 6.493208317893509], [2.276602922927158, 6.493027387913411], [2.276602922927158, 6.492484597973118], [2.2764221375374394, 6.492484597973118], [2.276602922927158, 6.490856228152239], [2.275518210588847, 6.490494368192044], [2.2753374251991287, 6.489046928351263], [2.274614283640255, 6.488685068391067], [2.274614283640255, 6.488142278450775], [2.2753374251991287, 6.487056698570189], [2.274614283640255, 6.486694838609993], [2.2744334982505365, 6.485790188709505], [2.274252712860818, 6.485790188709505], [2.274975854419692, 6.4852473987692125], [2.274975854419692, 6.484523678848821], [2.2744334982505365, 6.484161818888626], [2.274614283640255, 6.483257168988138], [2.2751566398094103, 6.482895309027943], [2.2751566398094103, 6.482352519087649], [2.274975854419692, 6.482352519087649], [2.2751566398094103, 6.481086009226965], [2.2747950690299734, 6.480905079246868], [2.2747950690299734, 6.480543219286672], [2.2740719274711, 6.480543219286672], [2.273348785912226, 6.480905079246868], [2.273348785912226, 6.479457639406086], [2.272987215132789, 6.479276709425989], [2.272987215132789, 6.478191129545403], [2.2722640735739152, 6.47764833960511], [2.272083288184197, 6.476924619684719], [2.270456219676731, 6.476743689704621], [2.270456219676731, 6.476019969784231], [2.269733078117857, 6.475658109824035], [2.269733078117857, 6.474934389903646], [2.2699138635075755, 6.474934389903646], [2.269733078117857, 6.474210669983254], [2.2690099365589838, 6.474210669983254], [2.2690099365589838, 6.474391599963352], [2.267382868051518, 6.474210669983254], [2.267382868051518, 6.476019969784231], [2.2668405118823625, 6.476200899764328], [2.267021297272081, 6.477105549664817], [2.2664789411029256, 6.477286479644914], [2.2659365849337703, 6.478010199565305], [2.265032657985178, 6.478010199565305], [2.265032657985178, 6.478191129545403], [2.2641287310365854, 6.478191129545403], [2.2641287310365854, 6.477467409625013], [2.264851872595459, 6.4771055496648176], [2.264851872595459, 6.476019969784231], [2.2644903018160223, 6.475839039804133], [2.264309516426304, 6.474572529943449], [2.2626824479188383, 6.474210669983254], [2.2626824479188383, 6.474572529943449], [2.2619593063599646, 6.474934389903645]]]}, "properties": {"name": "Kpossidja", "commune": "ABOMEY-CALAVI", "confidence": "MEDIUM", "area_m2": 10121200.0, "perimeter_m": 27360.6, "road_length_m": 38268.2, "n_road_vertices": 1708, "avg_dist_to_road_m": 119.3, "pct_area_near_road": 57.1, "color": "#cfb848", "neighbours": ["Adjagbo", "Adjamè\n", "Dassèkomey", "Dessato\n", "Drabo", "Golo-Djigbé"], "n_neighbours": 6, "manual_review_reasons": []}}, {"type": "Feature", "geometry": {"type": "Polygon", "coordinates": [[[2.366272476227505, 6.373432671068854], [2.366272476227505, 6.373975461009147], [2.3653685492789127, 6.374337320969342], [2.3653685492789127, 6.374880110909635], [2.3648261931097574, 6.375241970869831], [2.3648261931097574, 6.375603830830026], [2.363922266161165, 6.375603830830026], [2.3641030515508836, 6.37614662077032], [2.365006978499476, 6.37614662077032], [2.365006978499476, 6.376508480730514], [2.364283836940602, 6.37687034069071], [2.364283836940602, 6.377413130631003], [2.3634812752368286, 6.377051270670807], [2.3635606953817283, 6.377955920571297], [2.3637414807714467, 6.378317780531492], [2.3641030515508836, 6.378317780531492], [2.3641030515508836, 6.380308010312566], [2.3653685492789127, 6.380488940292664], [2.3653685492789127, 6.380669870272762], [2.365730120058349, 6.380308010312566], [2.3669956177863782, 6.380488940292664], [2.367357188565815, 6.380127080332469], [2.3677187593452524, 6.380488940292664], [2.3678995447349704, 6.380308010312566], [2.368984257073281, 6.380488940292664], [2.369707398632155, 6.379946150352371], [2.369707398632155, 6.37922243043198], [2.3707921109704655, 6.37922243043198], [2.370972896360184, 6.37849871051159], [2.3716960379190577, 6.378317780531492], [2.371876823308776, 6.377413130631004], [2.374227033375116, 6.375061040889734], [2.374227033375116, 6.373251741088757], [2.3745886041545528, 6.372528021168367], [2.3745886041545528, 6.371804301247975], [2.373323106426524, 6.371623371267877], [2.373323106426524, 6.371804301247975], [2.3722383940882135, 6.371985231228073], [2.370792110970466, 6.372889881128561], [2.3702497548013106, 6.372889881128561], [2.370068969411592, 6.373613601048952], [2.3697073986321553, 6.373794531029049], [2.369165042463, 6.373613601048952], [2.368803471683563, 6.374156390989245], [2.3680803301246893, 6.374156390989245], [2.3680803301246893, 6.374337320969342], [2.36681483239666, 6.374156390989245], [2.3666340470069414, 6.373613601048952], [2.366272476227505, 6.373432671068854]]]}, "properties": {"name": "Agla-Centre", "commune": "COTONOU", "confidence": "HIGH", "area_m2": 702839.3, "perimeter_m": 5169.1, "road_length_m": 7141.1, "n_road_vertices": 222, "avg_dist_to_road_m": 77.7, "pct_area_near_road": 79.5, "color": "#a63ace", "neighbours": ["Adjaha-Cité", "Agla-Agongbomey", "Agla-Finafa", "Agla-Les-Pylônes", "Agla-Petit-Château", "Ahogbohoué-Cité-De-l'Expérience", "Kouhounou"], "n_neighbours": 7, "manual_review_reasons": []}}, {"type": "Feature", "geometry": {"type": "Polygon", "coordinates": [[[2.3049862291129535, 6.382479170073737], [2.3049862291129535, 6.383202889994129], [2.3057093706718272, 6.3833838199742265], [2.3053477998923904, 6.384107539894616], [2.3053477998923904, 6.385916839695593], [2.304986229112953, 6.385554979735398], [2.3044438729437977, 6.385735909715495], [2.3044438729437977, 6.385193119775202], [2.3040823021643613, 6.385193119775202], [2.3040823021643613, 6.385554979735398], [2.3033591606054875, 6.385554979735398], [2.3037207313849244, 6.387545209516472], [2.3033591606054875, 6.38772613949657], [2.3029975898260506, 6.387545209516472], [2.302816804436332, 6.38844985941696], [2.302274448267177, 6.38844985941696], [2.302274448267177, 6.388811719377156], [2.301551306708303, 6.388811719377156], [2.3017320920980215, 6.390259159217938], [2.3024552336568953, 6.3904400891980355], [2.3024552336568953, 6.39080194915823], [2.3020936628774584, 6.390982879138328], [2.3020936628774584, 6.3915256690786215], [2.3026360190466137, 6.391706599058719], [2.3026360190466137, 6.392249388999011], [2.30191287748774, 6.392068459018914], [2.301551306708303, 6.39243031897911], [2.3020936628774584, 6.392973108919403], [2.302274448267177, 6.3947824087203795], [2.302455233656895, 6.394601478740282], [2.302816804436332, 6.3947824087203795], [2.302816804436332, 6.3958679886009655], [2.3029975898260506, 6.3958679886009655], [2.303178375215769, 6.396772638501454], [2.3035399459952055, 6.396591708521356], [2.3035399459952055, 6.396229848561161], [2.3049862291129535, 6.3964107785412585], [2.3053477998923904, 6.397134498461649], [2.305528585282109, 6.3985819383024305], [2.3067940830101374, 6.398762868282528], [2.3076980099587296, 6.398220078342235], [2.3084211515176034, 6.398220078342235], [2.3087827222970403, 6.3958679886009655], [2.309867434635351, 6.3958679886009655], [2.3100482200250694, 6.394963338700477], [2.3104097908045063, 6.3947824087203795], [2.309867434635351, 6.393696828839793], [2.310229005414788, 6.392792178939304], [2.3093250784661956, 6.392611248959207], [2.3093250784661956, 6.391887529038817], [2.309867434635351, 6.391887529038817], [2.3096866492456325, 6.390801949158231], [2.310229005414788, 6.390621019178133], [2.310229005414788, 6.390259159217938], [2.31113293236338, 6.39007822923784], [2.31113293236338, 6.389354509317449], [2.3100482200250694, 6.389535439297546], [2.3096866492456325, 6.388630789397058], [2.309144293076477, 6.388268929436863], [2.3089635076867587, 6.3871833495562775], [2.309505863855914, 6.386821489596082], [2.309505863855914, 6.385916839695593], [2.3089635076867587, 6.385554979735398], [2.307878795348448, 6.3853740497553], [2.3076980099587296, 6.383926609914519], [2.3073364391792928, 6.383926609914519], [2.3073364391792928, 6.382479170073737], [2.3071556537895748, 6.382660100053835], [2.3049862291129535, 6.382479170073737]]]}, "properties": {"name": "Tokpa\n", "commune": "ABOMEY-CALAVI", "confidence": "HIGH", "area_m2": 1125600.0, "perimeter_m": 7360.4, "road_length_m": 15212.0, "n_road_vertices": 548, "avg_dist_to_road_m": 35.1, "pct_area_near_road": 96.3, "color": "#d5df41", "neighbours": ["Cocotomey", "La-Paix\n", "Logbozounkpa", "Sodo\n", "Womey-Centre\n"], "n_neighbours": 5, "manual_review_reasons": []}}, {"type": "Feature", "geometry": {"type": "Polygon", "coordinates": [[[2.3357197453650884, 6.448699542789483], [2.3349966038062147, 6.448337682829288], [2.334815818416496, 6.448880472769581], [2.3344542476370593, 6.449061402749678], [2.3333695352987487, 6.448880472769581], [2.3333695352987487, 6.449242332729776], [2.332646393739875, 6.449242332729776], [2.332646393739875, 6.45050884259046], [2.331923252181001, 6.45050884259046], [2.3312001106221274, 6.450870702550655], [2.3317424667912827, 6.451956282431242], [2.3317424667912827, 6.452499072371534], [2.331019325232409, 6.452680002351632], [2.331380896011846, 6.453403722272023], [2.331380896011846, 6.454127442192413], [2.3308385398426905, 6.454308372172511], [2.330657754452972, 6.455032092092901], [2.3301153982838168, 6.455032092092901], [2.330296183673535, 6.456298601953585], [2.32975382750438, 6.45666046191378], [2.32975382750438, 6.457022321873977], [2.3304769690632536, 6.457384181834172], [2.3301153982838168, 6.458107901754562], [2.330296183673535, 6.459917201555539], [2.3304769690632536, 6.460279061515735], [2.331200110622127, 6.460279061515735], [2.331200110622127, 6.460098131535637], [2.331923252181001, 6.460279061515735], [2.3317424667912827, 6.461183711416223], [2.3321040375707196, 6.461726501356516], [2.332646393739875, 6.461726501356516], [2.3328271791295934, 6.462088361316711], [2.333007964519312, 6.46371673113759], [2.333550320688467, 6.464259521077883], [2.333731106078185, 6.464078591097786], [2.336985243093117, 6.464259521077883], [2.337346813872554, 6.46371673113759], [2.33897388238002, 6.46371673113759], [2.3387930969903015, 6.462631151257004], [2.33897388238002, 6.462631151257004], [2.33897388238002, 6.461907431336614], [2.3395162385491752, 6.461545571376418], [2.3395162385491752, 6.460640921475929], [2.3391546677697383, 6.460640921475929], [2.3391546677697383, 6.459917201555539], [2.3395162385491752, 6.459736271575442], [2.3395162385491752, 6.459193481635149], [2.3396970239388937, 6.459193481635149], [2.3396970239388937, 6.458107901754563], [2.3404201654977674, 6.457746041794367], [2.340600950887486, 6.456117671973488], [2.341143307056641, 6.456117671973488], [2.3416856632257965, 6.455755812013293], [2.3416856632257965, 6.454670232132707], [2.3424088047846703, 6.454489302152609], [2.3424088047846703, 6.453041862311828], [2.343493517122981, 6.452499072371535], [2.343493517122981, 6.451594422471047], [2.344216658681855, 6.451594422471047], [2.34475901485101, 6.451956282431242], [2.345482156409884, 6.451232562510851], [2.345482156409884, 6.450870702550655], [2.3449398002407285, 6.45050884259046], [2.3449398002407285, 6.449423262709875], [2.345120585630447, 6.449423262709875], [2.3449398002407285, 6.448699542789484], [2.345120585630447, 6.448518612809385], [2.3440358732921363, 6.448699542789483], [2.343855087902418, 6.447613962908897], [2.3433127317332625, 6.447794892888995], [2.3433127317332625, 6.447433032928799], [2.3420472340052334, 6.447252102948702], [2.341504877836078, 6.446709313008409], [2.341504877836078, 6.446166523068116], [2.3407817362772048, 6.446166523068116], [2.3407817362772048, 6.446347453048213], [2.340239380108049, 6.445985593088018], [2.3389738823800204, 6.446166523068116], [2.338793096990302, 6.447794892888995], [2.3380699554314277, 6.447975822869092], [2.3380699554314277, 6.447794892888995], [2.3375275992622724, 6.447794892888995], [2.3375275992622724, 6.447252102948702], [2.3366236723136806, 6.447071172968604], [2.3362621015342437, 6.447794892888995], [2.3357197453650884, 6.447975822869092], [2.3357197453650884, 6.448699542789483]]]}, "properties": {"name": "Aïtchédji\n", "commune": "ABOMEY-CALAVI", "confidence": "HIGH", "area_m2": 2044000.0, "perimeter_m": 8720.2, "road_length_m": 25557.0, "n_road_vertices": 822, "avg_dist_to_road_m": 34.5, "pct_area_near_road": 99.1, "color": "#d86d3e", "neighbours": ["Alédjo\n", "Aïdégnon\n", "Aïfa-Calavi", "Fandji\n", "Finafa\n", "Sèmè"], "n_neighbours": 6, "manual_review_reasons": []}}, {"type": "Feature", "geometry": {"type": "MultiPolygon", "coordinates": [[[[2.4391289882840366, 6.35515874307899], [2.4391289882840366, 6.355701533019283], [2.438948202894318, 6.355701533019283], [2.4391289882840366, 6.356606182919771], [2.4387674175045997, 6.356787112899869], [2.4387674175045997, 6.357510832820259], [2.4378634905560075, 6.358415482720748], [2.4378634905560075, 6.359320132621236], [2.43641720743826, 6.36058664248192], [2.4378634905560075, 6.361310362402311], [2.438044275945726, 6.361853152342604], [2.438586632114881, 6.361491292382409], [2.4384058467251624, 6.361129432422213], [2.4380442759457255, 6.361129432422213], [2.4380442759457255, 6.360767572462018], [2.4384058467251624, 6.360586642481921], [2.4387674175045997, 6.360586642481921], [2.438948202894318, 6.360948502442116], [2.4409368421812205, 6.360948502442116], [2.4412984129606574, 6.360224782521725], [2.4416599837400943, 6.360043852541628], [2.4416599837400943, 6.359681992581432], [2.442021554519531, 6.359501062601335], [2.4418407691298127, 6.359139202641138], [2.4412984129606574, 6.358958272661041], [2.4412984129606574, 6.358596412700846], [2.4422023399092496, 6.357872692780456], [2.4422023399092496, 6.35751083282026], [2.443106266857842, 6.357329902840163], [2.4434678376372787, 6.35678711289987], [2.4434678376372787, 6.356425252939673], [2.4418407691298127, 6.35515874307899], [2.4411176275709394, 6.35515874307899], [2.4411176275709394, 6.355520603039185], [2.440575271401784, 6.356063392979478], [2.43985212984291, 6.35515874307899], [2.4391289882840366, 6.35515874307899]]], [[[2.4420215545195316, 6.359681992581431], [2.4416599837400947, 6.360405712501822], [2.441298412960658, 6.36058664248192], [2.441298412960658, 6.360948502442116], [2.4422023399092496, 6.360767572462018], [2.4425639106886865, 6.360405712501823], [2.4425639106886865, 6.359681992581431], [2.442383125298968, 6.359501062601334], [2.4420215545195316, 6.359681992581431]]]]}, "properties": {"name": "Tokpa-Hoho", "commune": "COTONOU", "confidence": "HIGH", "area_m2": 288400.0, "perimeter_m": 4240.0, "road_length_m": 1882.6, "n_road_vertices": 62, "avg_dist_to_road_m": 60.6, "pct_area_near_road": 83.5, "color": "#c93b5f", "neighbours": ["Abokicodji-Lagune", "Akpakpa-Dodomè", "Guinkômey", "Missèbô", "Xwlacôdji-Plage"], "n_neighbours": 5, "manual_review_reasons": []}}, {"type": "Feature", "geometry": {"type": "MultiPolygon", "coordinates": [[[[2.389232220721747, 6.676671317712542], [2.3890514353320285, 6.677575967613031], [2.388509079162873, 6.677937827573226], [2.388509079162873, 6.678299687533421], [2.3877859376039994, 6.678842477473714], [2.3877859376039994, 6.67920433743391], [2.3865204398759703, 6.680470847294593], [2.3865204398759703, 6.680832707254789], [2.3857972983170965, 6.681375497195082], [2.3857972983170965, 6.681737357155277], [2.3845318005890674, 6.683003867015961], [2.384712585978786, 6.683365726976157], [2.3865204398759703, 6.68390851691645], [2.386882010655407, 6.684270376876645], [2.3874243668245625, 6.684270376876645], [2.3881475083834363, 6.684813166816938], [2.3893405279176534, 6.684994096797036], [2.390678503839494, 6.684270376876645], [2.3928479285161153, 6.6840894468965475], [2.396584, 6.683997999999575], [2.400184, 6.684267999999575], [2.41201117982627, 6.682723433505314], [2.411649609046833, 6.682461077075668], [2.411107252877678, 6.681375497195082], [2.410745682098241, 6.681375497195082], [2.410384111318804, 6.681013637234886], [2.410384111318804, 6.680832707254789], [2.410022540539367, 6.680832707254789], [2.409480184370212, 6.680289917314496], [2.409480184370212, 6.67920433743391], [2.4085762574216196, 6.678118757553324], [2.4085762574216196, 6.677575967613031], [2.4082146866421827, 6.677214107652835], [2.4080339012524643, 6.673414578070785], [2.4089378282010565, 6.6732336480906875], [2.4089378282010565, 6.67305271811059], [2.410022540539367, 6.67305271811059], [2.410384111318804, 6.672509928170297], [2.410745682098241, 6.672509928170297], [2.410384111318804, 6.672148068210101], [2.4102033259290856, 6.671062488329515], [2.4098417551496487, 6.671062488329515], [2.4096609697599303, 6.670700628369319], [2.4096609697599303, 6.669795978468832], [2.410022540539367, 6.6694341185086365], [2.410022540539367, 6.668167608647952], [2.4087570428113385, 6.668710398588245], [2.4080339012524647, 6.669434118508636], [2.407310759693591, 6.669615048488733], [2.4071299743038725, 6.669976908448929], [2.406406832744999, 6.670157838429026], [2.4062260473552803, 6.670519698389222], [2.4049605496272513, 6.671062488329515], [2.404779764237533, 6.67142434828971], [2.4026103395609115, 6.671967138230003], [2.4026103395609115, 6.672148068210101], [2.3955597093618923, 6.672509928170296], [2.3955597093618923, 6.672690858150394], [2.3935710700749895, 6.672871788130491], [2.3935710700749895, 6.673052718110589], [2.3928479285161157, 6.673052718110589], [2.391763216177805, 6.673595508050882], [2.3912208600086498, 6.673595508050882], [2.390497718449776, 6.673957368011077], [2.389593791501184, 6.675766667812054], [2.389593791501184, 6.676309457752347], [2.389232220721747, 6.676671317712542]]], [[[2.4083954720319016, 6.674681087931469], [2.4083954720319016, 6.6770331776727385], [2.40857625742162, 6.6770331776727385], [2.408937828201057, 6.678299687533422], [2.4096609697599307, 6.679023407453813], [2.4096609697599307, 6.680108987334399], [2.410203325929086, 6.680470847294594], [2.4103841113188045, 6.6808327072547895], [2.4107456820982414, 6.6808327072547895], [2.4116496090468336, 6.681737357155278], [2.4116496090468336, 6.682099217115473], [2.4123797635605713, 6.682642007055766], [2.4163500291795126, 6.681737357155278], [2.42965968794193, 6.680425413218667], [2.4295473626289588, 6.679747127374203], [2.4293665772392403, 6.679747127374203], [2.4293665772392403, 6.678661547493617], [2.429185791849522, 6.678661547493617], [2.4295473626289588, 6.6770331776727385], [2.4302705041878325, 6.676671317712543], [2.4302705041878325, 6.6764903877324455], [2.4306320749672694, 6.676309457752348], [2.4306320749672694, 6.67612852777225], [2.4311744311364247, 6.67612852777225], [2.4311744311364247, 6.6759475977921525], [2.4315360019158616, 6.675766667812055], [2.4318975726952985, 6.6748620179115665], [2.4335246412027645, 6.673052718110589], [2.432439928864454, 6.672328998190198], [2.4322591434747354, 6.671605278269808], [2.4311744311364247, 6.670338768409124], [2.430812860356988, 6.66907225854844], [2.4306320749672694, 6.66907225854844], [2.4306320749672694, 6.667986678667854], [2.427197152562619, 6.667624818707659], [2.427197152562619, 6.667443888727561], [2.4139998191131733, 6.667443888727561], [2.4139998191131733, 6.667624818707659], [2.410203325929086, 6.667986678667854], [2.4103841113188045, 6.668891328568343], [2.409841755149649, 6.669976908448929], [2.409841755149649, 6.6705196983892225], [2.4100225405393676, 6.670881558349418], [2.4103841113188045, 6.670881558349418], [2.41092646748796, 6.672690858150394], [2.410564896708523, 6.672690858150394], [2.410203325929086, 6.673233648090687], [2.408937828201057, 6.673233648090687], [2.408937828201057, 6.673414578070784], [2.408214686642183, 6.673595508050882], [2.408214686642183, 6.674681087931469], [2.4083954720319016, 6.674681087931469]]], [[[2.4297281480186776, 6.679566197394106], [2.429788685373533, 6.680108987334399], [2.431355216526143, 6.676128527772249], [2.430270504187833, 6.676671317712542], [2.430270504187833, 6.67685224769264], [2.4297281480186776, 6.677214107652835], [2.4297281480186776, 6.677575967613031], [2.429547362628959, 6.677575967613031], [2.429547362628959, 6.679566197394106], [2.4297281480186776, 6.679566197394106]]], [[[2.4308128603569883, 6.6688913285683435], [2.4309936457467067, 6.6688913285683435], [2.4309936457467067, 6.6694341185086365], [2.431536001915862, 6.6705196983892225], [2.431897572695299, 6.67070062836932], [2.4324399288644543, 6.671967138230004], [2.433163070423328, 6.6726908581503945], [2.4339339733533736, 6.6726908581503945], [2.434970140037604, 6.671542416220146], [2.4323807848667447, 6.66834853862805], [2.4308128603569883, 6.668167608647952], [2.4308128603569883, 6.6688913285683435]]]]}, "properties": {"name": "Bozoun", "commune": "ABOMEY-CALAVI", "confidence": "MANUAL_REVIEW", "area_m2": 6929949.9, "perimeter_m": 22454.7, "road_length_m": 3734.8, "n_road_vertices": 66, "avg_dist_to_road_m": 1444.5, "pct_area_near_road": 2.4, "color": "#4cca6f", "neighbours": ["Avagbé", "Djigbo", "Hadjanaho"], "n_neighbours": 3, "manual_review_reasons": ["avg distance to owned road 1444 m"]}}, {"type": "Feature", "geometry": {"type": "Polygon", "coordinates": [[[2.4017064126123193, 6.355701533019283], [2.401525627222601, 6.356425252939674], [2.4017064126123193, 6.356425252939674], [2.4018871980020378, 6.358234552740651], [2.402610339560911, 6.358415482720749], [2.4027911249506295, 6.358053622760553], [2.4033334811197853, 6.358053622760553], [2.403695051899222, 6.358596412700846], [2.404056622678659, 6.358596412700846], [2.404056622678659, 6.359501062601335], [2.404418193458096, 6.359681992581432], [2.404418193458096, 6.360224782521725], [2.4051413350169693, 6.360043852541628], [2.405502905796406, 6.359320132621237], [2.4060452619655615, 6.359139202641139], [2.40622604735528, 6.358053622760553], [2.4067684035244357, 6.358415482720749], [2.4067684035244357, 6.35986292256153], [2.407853115862746, 6.359681992581432], [2.407853115862746, 6.359139202641139], [2.4089378282010565, 6.358415482720749], [2.409118613590775, 6.356968042879966], [2.408757042811338, 6.356787112899869], [2.408757042811338, 6.356425252939673], [2.407853115862746, 6.356425252939673], [2.407129974303872, 6.356063392979478], [2.4073107596935905, 6.35515874307899], [2.4069491889141537, 6.354796883118795], [2.4076723304730274, 6.354254093178502], [2.407491545083309, 6.353711303238208], [2.4058644765758435, 6.353892233218306], [2.405683691186125, 6.354435023158599], [2.4049605496272513, 6.354254093178501], [2.4045989788478144, 6.354615953138697], [2.4035142665095037, 6.354615953138697], [2.40279112495063, 6.355339673059087], [2.4017064126123193, 6.355701533019283]]]}, "properties": {"name": "Cadjèhoun-Aupiais", "commune": "COTONOU", "confidence": "HIGH", "area_m2": 352400.0, "perimeter_m": 3840.0, "road_length_m": 3007.2, "n_road_vertices": 92, "avg_dist_to_road_m": 43.3, "pct_area_near_road": 97.2, "color": "#d6c34a", "neighbours": ["Ahouanlèko", "Cadjèhoun-Azalokogon", "Cadjèhoun-Gare", "Gbèdiga-Guêdêhounguè", "Gbégamey-Mifongou", "Haie-Vive-Cocotiers"], "n_neighbours": 6, "manual_review_reasons": []}}, {"type": "Feature", "geometry": {"type": "Polygon", "coordinates": [[[2.3592218460284857, 6.463354871177394], [2.3592218460284857, 6.464078591097785], [2.3584987044696115, 6.464078591097785], [2.358317919079893, 6.463716731137589], [2.356871635962146, 6.463535801157492], [2.3561484944032722, 6.464259521077882], [2.355606138234117, 6.464259521077882], [2.355606138234117, 6.464621381038078], [2.354159855116369, 6.464621381038078], [2.3527135719986214, 6.463535801157492], [2.3512672888808743, 6.463535801157492], [2.350724932711719, 6.464440451057981], [2.352352001219185, 6.46606882087886], [2.354340640506088, 6.46606882087886], [2.354340640506088, 6.467697190699738], [2.3534367135574956, 6.467878120679836], [2.3537982843369325, 6.469325560520617], [2.3528943573883403, 6.469506490500715], [2.3530751427780587, 6.470411140401204], [2.353617498947214, 6.470592070381302], [2.3530751427780587, 6.471858580241985], [2.3537982843369325, 6.472220440202181], [2.355606138234117, 6.472220440202181], [2.3563292797929907, 6.472582300162376], [2.356871635962146, 6.473667880042962], [2.3575947775210198, 6.473667880042962], [2.3575947775210198, 6.47457252994345], [2.359402631418204, 6.474391599963353], [2.359764202197641, 6.47457252994345], [2.359764202197641, 6.475477179843939], [2.361752841484544, 6.475115319883743], [2.361752841484544, 6.475296249863841], [2.362295197653699, 6.475296249863841], [2.3637414807714467, 6.4760199697842316], [2.370430540191029, 6.4765627597245246], [2.370430540191029, 6.476743689704622], [2.372961535647087, 6.476743689704622], [2.372961535647087, 6.4765627597245246], [2.3773003850003294, 6.475296249863841], [2.3773003850003294, 6.475115319883743], [2.3794698096769507, 6.47457252994345], [2.3794698096769507, 6.474391599963353], [2.3805545220152613, 6.474210669983255], [2.3805545220152613, 6.474029740003157], [2.381277663574135, 6.474029740003157], [2.381277663574135, 6.47384881002306], [2.3834470882507564, 6.473306020082767], [2.3834470882507564, 6.473125090102669], [2.384531800589067, 6.472944160122571], [2.3843510151993486, 6.472582300162375], [2.3814584489638535, 6.472039510222082], [2.380916092794698, 6.471677650261887], [2.3801929512358244, 6.471677650261887], [2.3801929512358244, 6.471496720281789], [2.3785658827283584, 6.471134860321594], [2.3785658827283584, 6.470953930341496], [2.378023526559203, 6.470953930341496], [2.3776619557797662, 6.470592070381301], [2.377119599610611, 6.470592070381301], [2.376758028831174, 6.470230210421105], [2.3762156726620187, 6.470230210421105], [2.375854101882582, 6.46986835046091], [2.373503891816242, 6.469144630540519], [2.3731423210368052, 6.468782770580324], [2.37259996486765, 6.468782770580324], [2.3704305401910286, 6.467697190699738], [2.3698881840218733, 6.467697190699738], [2.369707398632155, 6.467335330739543], [2.3688034716835626, 6.466973470779347], [2.3684419009041258, 6.466430680839054], [2.3675379739555336, 6.466068820878859], [2.3671764031760967, 6.465526030938566], [2.3662724762275045, 6.465164170978371], [2.3659109054480676, 6.464621381038078], [2.3650069784994754, 6.464259521077882], [2.3642838369406016, 6.463354871177394], [2.3606681291462333, 6.463897661117687], [2.3606681291462333, 6.464078591097785], [2.3604873437565144, 6.464078591097785], [2.3604873437565144, 6.463354871177394], [2.3592218460284857, 6.463354871177394]]]}, "properties": {"name": "Gbodjo", "commune": "ABOMEY-CALAVI", "confidence": "MANUAL_REVIEW", "area_m2": 3003200.0, "perimeter_m": 11678.3, "road_length_m": 11395.7, "n_road_vertices": 424, "avg_dist_to_road_m": 587.1, "pct_area_near_road": 36.6, "color": "#a9d648", "neighbours": ["Agamandin", "Fandji\n", "Houèkè-Gbo", "Zopah-Kokpo"], "n_neighbours": 4, "manual_review_reasons": ["avg distance to owned road 587 m"]}}, {"type": "Feature", "geometry": {"type": "MultiPolygon", "coordinates": [[[[2.2827496261775853, 6.435129794282158], [2.2823880553981484, 6.435853514202549], [2.2820264846187115, 6.4360344441826465], [2.281845699228993, 6.436758164103037], [2.281484128449556, 6.436939094083135], [2.281484128449556, 6.437481884023428], [2.2811225576701193, 6.4376628140035255], [2.2811225576701193, 6.4396530437846], [2.2782299914346242, 6.439472113804502], [2.278591562214061, 6.440195833724894], [2.278953132993498, 6.440376763704991], [2.2787723476037796, 6.4430907134064554], [2.2782299914346242, 6.443271643386553], [2.278049206044906, 6.4436335033467484], [2.27642213753744, 6.4436335033467484], [2.275337425199129, 6.4441762932870414], [2.276060566758003, 6.445623733127824], [2.2767837083168767, 6.445985593088019], [2.2771452790963136, 6.448156752849191], [2.277687635265469, 6.448699542789484], [2.278591562214061, 6.448518612809386], [2.279314703772935, 6.449423262709875], [2.27985705994209, 6.449604192689972], [2.27985705994209, 6.451232562510851], [2.2811225576701193, 6.450870702550656], [2.2820264846187115, 6.451956282431242], [2.2831111969570217, 6.451775352451144], [2.2834727677364586, 6.449604192689972], [2.2845574800747697, 6.449604192689972], [2.2845574800747697, 6.44978512267007], [2.285461407023362, 6.44978512267007], [2.285461407023362, 6.449966052650168], [2.286726904751391, 6.44978512267007], [2.2869076901411094, 6.450146982630265], [2.289438685597167, 6.450146982630265], [2.288896329428012, 6.448880472769582], [2.289800256376604, 6.448699542789484], [2.2899810417663224, 6.448156752849191], [2.2907041833251967, 6.448156752849191], [2.2910657541046335, 6.449061402749679], [2.29142732488407, 6.449061402749679], [2.291788895663507, 6.448880472769582], [2.29142732488407, 6.448518612809385], [2.29142732488407, 6.447794892888996], [2.2919696810532253, 6.447794892888996], [2.292331251832662, 6.4474330329288], [2.2932351787812544, 6.447613962908898], [2.2935967495606913, 6.447071172968605], [2.2943198911195655, 6.447252102948703], [2.29377753495041, 6.447975822869092], [2.2939583203401286, 6.448518612809386], [2.295585388847594, 6.448337682829289], [2.295946959627031, 6.447975822869093], [2.2957661742373126, 6.4474330329288], [2.2963085304064683, 6.447252102948703], [2.2968508865756236, 6.448699542789484], [2.2979355989139343, 6.448518612809386], [2.2981163843036527, 6.449061402749679], [2.2993818820316814, 6.448880472769582], [2.2997434528111182, 6.448337682829289], [2.300466594369992, 6.448518612809386], [2.300466594369992, 6.448337682829289], [2.302455233656895, 6.447975822869093], [2.302455233656895, 6.447433032928799], [2.302093662877458, 6.446709313008409], [2.301732092098021, 6.446528383028311], [2.301370521318584, 6.445442803147725], [2.300466594369992, 6.444900013207432], [2.300466594369992, 6.444538153247237], [2.2995626674214, 6.4436335033467484], [2.2995626674214, 6.443271643386553], [2.298839525862526, 6.44272885344626], [2.298839525862526, 6.442186063505967], [2.298477955083089, 6.4420051335258695], [2.2982971696933707, 6.441281413605479], [2.2966701011859048, 6.4396530437846], [2.2957661742373126, 6.437481884023428], [2.2925120372223806, 6.4344060743617675], [2.2921504664429437, 6.432415844580693], [2.2919696810532253, 6.432415844580693], [2.2919696810532253, 6.4318730546404], [2.29142732488407, 6.430787474759814], [2.290884968714915, 6.430787474759814], [2.2907041833251967, 6.431511194680205], [2.2903426125457598, 6.4316921246603025], [2.2898002563766044, 6.432958634520986], [2.2894386855971676, 6.433139564501084], [2.289257900207449, 6.4338632844214745], [2.288353973258857, 6.434767934321963], [2.28799240247942, 6.4349488643020605], [2.283472767736459, 6.434767934321963], [2.2827496261775853, 6.435129794282158]]], [[[2.296850886575623, 6.448880472769582], [2.296670101185905, 6.448699542789483], [2.296670101185905, 6.448880472769582], [2.296850886575623, 6.448880472769582]]]]}, "properties": {"name": "Togba_Maria-Gléta", "commune": "ABOMEY-CALAVI", "confidence": "HIGH", "area_m2": 3556800.0, "perimeter_m": 12719.8, "road_length_m": 16843.9, "n_road_vertices": 662, "avg_dist_to_road_m": 89.7, "pct_area_near_road": 63.5, "color": "#db47d1", "neighbours": ["Alansankomè", "Dessato\n", "Houèto", "Maria-Gléta\n", "Ouèdo", "Somè"], "n_neighbours": 6, "manual_review_reasons": []}}, {"type": "Feature", "geometry": {"type": "Polygon", "coordinates": [[[2.3360813161445253, 6.405638207526239], [2.3360813161445253, 6.406000067486434], [2.3346350330267778, 6.406180997466532], [2.334273462247341, 6.406723787406825], [2.333911891467904, 6.406723787406825], [2.333911891467904, 6.40708564736702], [2.332646393739875, 6.407447507327215], [2.332284822960438, 6.407990297267509], [2.3331887499090302, 6.409075877148095], [2.333550320688467, 6.409075877148095], [2.3346350330267778, 6.411247036909267], [2.33553895997537, 6.411427966889365], [2.3360813161445253, 6.413960986610732], [2.337166028482836, 6.414322846570927], [2.337166028482836, 6.415770286411709], [2.3377083846519913, 6.415589356431611], [2.3378891700417097, 6.415951216391806], [2.3384315262108646, 6.415951216391806], [2.3387930969903015, 6.41486563651122], [2.339697023938894, 6.41486563651122], [2.3395162385491757, 6.416313076352002], [2.3404201654977674, 6.416313076352002], [2.340600950887486, 6.415951216391806], [2.342228019394952, 6.416132146371904], [2.3424088047846703, 6.415770286411709], [2.3429511609538256, 6.415770286411709], [2.3429511609538256, 6.414503776551025], [2.3433127317332625, 6.413960986610732], [2.3436743025127, 6.414322846570927], [2.34475901485101, 6.41414191659083], [2.3445782294612916, 6.413418196670438], [2.3436743025126994, 6.4132372666903406], [2.343493517122981, 6.411427966889364], [2.3431319463435445, 6.411247036909266], [2.342951160953826, 6.411789826849559], [2.3420472340052334, 6.411789826849559], [2.3416856632257965, 6.411066106929169], [2.341866448615515, 6.4099805270485835], [2.3420472340052334, 6.4099805270485835], [2.341866448615515, 6.4088949471679975], [2.3429511609538256, 6.408533087207802], [2.3429511609538256, 6.408171227247606], [2.342770375564107, 6.407990297267508], [2.3424088047846707, 6.407990297267508], [2.3422280193949523, 6.408352157227704], [2.341504877836078, 6.408171227247606], [2.341504877836078, 6.407809367287411], [2.340600950887486, 6.407628437307313], [2.340239380108049, 6.406904717386922], [2.3396970239388937, 6.406904717386922], [2.3395162385491752, 6.406180997466532], [2.338793096990302, 6.406180997466532], [2.338250740821146, 6.406542857426727], [2.338250740821146, 6.406180997466532], [2.3378891700417097, 6.406000067486434], [2.337346813872554, 6.406542857426727], [2.336985243093117, 6.405276347566043], [2.3360813161445253, 6.405638207526239]]]}, "properties": {"name": "Agonkanmey\n", "commune": "ABOMEY-CALAVI", "confidence": "HIGH", "area_m2": 890000.0, "perimeter_m": 6440.1, "road_length_m": 10027.8, "n_road_vertices": 408, "avg_dist_to_road_m": 34.2, "pct_area_near_road": 99.1, "color": "#3bd541", "neighbours": ["Assrossa\n", "Cité-la-Victoire\n", "Djoukpa-Togoudo\n", "Sèdomey", "Tokpa-Zoungo-Sud\n", "Zogbadjè"], "n_neighbours": 6, "manual_review_reasons": []}}, {"type": "Feature", "geometry": {"type": "Polygon", "coordinates": [[[2.30769800995873, 6.551648701465055], [2.3066132976204194, 6.553096141305836], [2.3058901560615457, 6.553277071285934], [2.3058901560615457, 6.554543581146618], [2.3053477998923904, 6.554905441106813], [2.305528585282109, 6.556714740907791], [2.3058901560615457, 6.556714740907791], [2.3066132976204194, 6.557800320788377], [2.306432512230701, 6.559428690609255], [2.304805443723235, 6.559247760629157], [2.3046246583335166, 6.559428690609255], [2.304805443723235, 6.560876130450037], [2.3053477998923904, 6.561237990410232], [2.3057093706718272, 6.562142640310721], [2.3075172245690116, 6.562685430251014], [2.30769800995873, 6.563590080151502], [2.3087827222970407, 6.564132870091795], [2.3107713615839436, 6.564132870091795], [2.3111329323633805, 6.564675660032088], [2.311856073922254, 6.564675660032088], [2.3120368593119722, 6.564313800071893], [2.3123984300914096, 6.564313800071893], [2.313121571650283, 6.564675660032088], [2.3134831424297198, 6.564132870091795], [2.3145678547680304, 6.563951940111697], [2.3149294255474673, 6.563409150171404], [2.3149294255474673, 6.562504500270915], [2.314025498598875, 6.56214264031072], [2.313663927819438, 6.561780780350524], [2.313663927819438, 6.561237990410232], [2.3142062839885935, 6.560695200469939], [2.3145678547680304, 6.560695200469939], [2.3151102109371857, 6.559971480549549], [2.3161949232754964, 6.559790550569451], [2.3158333524960595, 6.558162180748571], [2.315290996326904, 6.558162180748571], [2.314748640157749, 6.557619390808278], [2.313663927819438, 6.55743846082818], [2.3138447132091566, 6.556714740907791], [2.314387069378312, 6.556352880947595], [2.3145678547680304, 6.554181721186422], [2.3142062839885935, 6.554000791206325], [2.3125792154811275, 6.554181721186422], [2.3122176447016907, 6.553458001266032], [2.311494503142817, 6.553458001266032], [2.3113137177530985, 6.553096141305836], [2.3109521469736616, 6.553096141305836], [2.3100482200250694, 6.552191491405348], [2.309505863855914, 6.552191491405348], [2.3089635076867587, 6.551648701465055], [2.30769800995873, 6.551648701465055]]]}, "properties": {"name": "Yêkon-Aga", "commune": "ABOMEY-CALAVI", "confidence": "HIGH", "area_m2": 1200000.0, "perimeter_m": 6359.9, "road_length_m": 6452.9, "n_road_vertices": 348, "avg_dist_to_road_m": 59.1, "pct_area_near_road": 84.2, "color": "#4ddd57", "neighbours": ["Agonkèssa", "Espace-Saint", "Golo-Djigbé", "Yèkon-Do", "Zèkanmey"], "n_neighbours": 5, "manual_review_reasons": []}}, {"type": "Feature", "geometry": {"type": "Polygon", "coordinates": [[[2.444190979196153, 6.367823841685826], [2.443829408416716, 6.368547561606218], [2.44455254997559, 6.369271281526609], [2.445094906144745, 6.369452211506706], [2.4447333353653082, 6.369814071466901], [2.44455254997559, 6.370899651347488], [2.445818047703619, 6.370899651347488], [2.445818047703619, 6.371623371267877], [2.445456476924182, 6.372347091188268], [2.445094906144745, 6.372347091188268], [2.445094906144745, 6.372889881128562], [2.446721974652211, 6.372889881128562], [2.446721974652211, 6.373432671068855], [2.448529828549395, 6.373432671068855], [2.448891399328832, 6.370899651347488], [2.4499761116671426, 6.370356861407194], [2.4496145408877057, 6.370356861407194], [2.4490721847185504, 6.369633141486803], [2.4487106139391135, 6.369633141486803], [2.448529828549395, 6.368728491586315], [2.4474451162110844, 6.367642911705729], [2.446360403872774, 6.367823841685826], [2.4461796184830558, 6.368547561606217], [2.445275691534463, 6.368185701646022], [2.444733335365308, 6.367461981725631], [2.444190979196153, 6.367823841685826]]]}, "properties": {"name": "Gbèdjèwin", "commune": "COTONOU", "confidence": "HIGH", "area_m2": 248400.0, "perimeter_m": 3160.0, "road_length_m": 1855.8, "n_road_vertices": 42, "avg_dist_to_road_m": 48.2, "pct_area_near_road": 94.4, "color": "#46df9f", "neighbours": ["Abokicodji-Centre", "Abokicodji-Lagune", "Adjégounlè", "Ayélawadjè", "Dédokpo", "Fifatin", "Gbénonkpô", "Misséssin", "Sodjatinmè-Ouest"], "n_neighbours": 9, "manual_review_reasons": []}}, {"type": "Feature", "geometry": {"type": "Polygon", "coordinates": [[[2.322341626525924, 6.4045526276456535], [2.3227031973053607, 6.4050954175859465], [2.3225224119156422, 6.405276347566043], [2.3227031973053607, 6.406361927446629], [2.32161848496705, 6.407990297267508], [2.3208953434081763, 6.407447507327215], [2.3198106310698656, 6.408533087207801], [2.3198106310698656, 6.4088949471679975], [2.320714558018458, 6.409799597068486], [2.319991416459584, 6.410523316988876], [2.3198106310698656, 6.411247036909267], [2.320352987239021, 6.411247036909267], [2.320352987239021, 6.411427966889365], [2.321256914187613, 6.411247036909267], [2.3214376995773316, 6.41178982684956], [2.322341626525924, 6.411970756829658], [2.3221608411362054, 6.413056336710244], [2.3225224119156422, 6.413418196670439], [2.323607124253953, 6.413599126650537], [2.3237879096436713, 6.413960986610732], [2.324872621981982, 6.41414191659083], [2.3250534073717004, 6.415046566491318], [2.3264996904894475, 6.41486563651122], [2.3268612612688844, 6.414503776551025], [2.3268612612688844, 6.413780056630634], [2.3272228320483213, 6.413599126650537], [2.327945973607195, 6.413780056630634], [2.328307544386632, 6.412875406730146], [2.329211471335224, 6.4126944767500484], [2.330476969063253, 6.411247036909267], [2.33083853984269, 6.411247036909267], [2.3306577544529716, 6.4099805270485835], [2.331200110622127, 6.4099805270485835], [2.3317424667912823, 6.4094377371082905], [2.332465608350156, 6.409618667088388], [2.33318874990903, 6.409075877148095], [2.3322848229604376, 6.407990297267508], [2.3326463937398745, 6.407447507327216], [2.33318874990903, 6.407447507327216], [2.33318874990903, 6.406904717386922], [2.3324656083501565, 6.406542857426727], [2.332284822960438, 6.40708564736702], [2.3313808960118454, 6.407266577347118], [2.3310193252324085, 6.406904717386922], [2.3310193252324085, 6.406000067486434], [2.330476969063253, 6.405819137506336], [2.3302961836735347, 6.405457277546141], [2.3295730421146614, 6.405638207526239], [2.3295730421146614, 6.406723787406825], [2.3290306859455057, 6.406361927446629], [2.328307544386632, 6.406361927446629], [2.327945973607195, 6.405638207526239], [2.32740361743804, 6.405638207526239], [2.3272228320483217, 6.406000067486434], [2.3268612612688844, 6.405638207526239], [2.3263189050997295, 6.405638207526239], [2.326138119710011, 6.406000067486434], [2.3254149781511373, 6.406361927446629], [2.3248726219819815, 6.406361927446629], [2.324330265812826, 6.405819137506336], [2.3241494804231078, 6.405095417585946], [2.323787909643671, 6.405095417585946], [2.323064768084797, 6.40400983770536], [2.3225224119156422, 6.404190767685457], [2.322341626525924, 6.4045526276456535]]]}, "properties": {"name": "Assrossa\n", "commune": "ABOMEY-CALAVI", "confidence": "HIGH", "area_m2": 980000.0, "perimeter_m": 6919.9, "road_length_m": 13190.1, "n_road_vertices": 500, "avg_dist_to_road_m": 31.1, "pct_area_near_road": 99.9, "color": "#ce953a", "neighbours": ["Agonkanmey\n", "Alègléta", "Cité-la-Victoire\n", "Djoukpa-Togoudo\n", "Gbègnigan-Midokpo\n", "Hounsa-Agbodokpa\n", "Yénandjro\n"], "n_neighbours": 7, "manual_review_reasons": []}}, {"type": "Feature", "geometry": {"type": "Polygon", "coordinates": [[[2.4293665772392408, 6.379041500451882], [2.429005006459804, 6.379041500451882], [2.4288242210700854, 6.379403360412078], [2.4304512895775514, 6.380488940292664], [2.4293665772392408, 6.382117310113543], [2.429908933408396, 6.3822982400936406], [2.4304512895775514, 6.383021960014031], [2.4311744311364247, 6.383202889994129], [2.43171678730558, 6.382660100053836], [2.432259143474736, 6.382660100053836], [2.432801499643891, 6.3833838199742265], [2.4331630704233276, 6.383202889994129], [2.4356940658793858, 6.3833838199742265], [2.4360556366588226, 6.37994615035237], [2.433343855813046, 6.379584290392175], [2.433343855813046, 6.378860570471784], [2.4328014996438907, 6.378498710511589], [2.4320783580850174, 6.378498710511589], [2.431536001915862, 6.379041500451882], [2.431536001915862, 6.379403360412077], [2.430812860356988, 6.379041500451882], [2.430451289577551, 6.378498710511589], [2.429547362628959, 6.378679640491686], [2.4293665772392408, 6.379041500451882]]]}, "properties": {"name": "Djidjè", "commune": "COTONOU", "confidence": "HIGH", "area_m2": 295600.0, "perimeter_m": 3279.8, "road_length_m": 2028.0, "n_road_vertices": 48, "avg_dist_to_road_m": 59.4, "pct_area_near_road": 87.6, "color": "#a5d441", "neighbours": ["Adôgléta", "Aïdjèdo-Gbègo", "Aïdjèdo-Vignon", "Djidjè-Aïchédji", "Hindé-Nord", "Kpankpan"], "n_neighbours": 6, "manual_review_reasons": []}}, {"type": "Feature", "geometry": {"type": "Polygon", "coordinates": [[[2.257620457006722, 6.527946874072261], [2.2570781008375667, 6.5308417537538235], [2.255993388499256, 6.5319273336344095], [2.255993388499256, 6.532289193594605], [2.255089461550664, 6.5330129135149955], [2.2549086761609454, 6.534098493395582], [2.255089461550664, 6.534098493395582], [2.255089461550664, 6.535545933236364], [2.255631817719819, 6.53663151311695], [2.255631817719819, 6.537174303057243], [2.2565357446684113, 6.538259882937829], [2.2565357446684113, 6.538621742898024], [2.256897315447848, 6.538802672878122], [2.2578012423964404, 6.541335692599489], [2.2590667401244695, 6.542602202460173], [2.2590667401244695, 6.542964062420368], [2.2594283109039064, 6.542964062420368], [2.260265, 6.54403199999957], [2.267382868051518, 6.548391961823298], [2.2722420428298618, 6.55291521132574], [2.2746142836402554, 6.55363893124613], [2.274795069029974, 6.554000791206326], [2.275698995978566, 6.554362651166521], [2.276060566758003, 6.554905441106814], [2.2775068498757505, 6.555629161027205], [2.278049206044906, 6.556352880947595], [2.279133918383216, 6.556352880947595], [2.279133918383216, 6.556171950967498], [2.283834338515896, 6.556171950967498], [2.284195909295333, 6.556352880947595], [2.284195909295333, 6.557800320788377], [2.284738265464488, 6.558885900668962], [2.2843766946850512, 6.558885900668962], [2.2832919823467406, 6.55979055056945], [2.2832919823467406, 6.560514270489842], [2.2836535531261775, 6.560838290787639], [2.2959265224663503, 6.567932399673846], [2.2970316719653416, 6.567389609733553], [2.2981163843036523, 6.567208679753455], [2.2982971696933707, 6.565580309932575], [2.297935598913934, 6.565399379952478], [2.2977548135242154, 6.563228220191307], [2.2986587404728076, 6.562866360231111], [2.299201096641963, 6.561961710330622], [2.2977548135242154, 6.560695200469938], [2.297935598913934, 6.560152410529645], [2.2973932427447785, 6.559609620589352], [2.2973932427447785, 6.558885900668962], [2.2963085304064683, 6.558704970688864], [2.2952238180681577, 6.559428690609255], [2.2950430326784392, 6.559971480549548], [2.2932351787812544, 6.559971480549548], [2.292692822612099, 6.559247760629157], [2.2916081102737884, 6.559247760629157], [2.2899810417663224, 6.558162180748571], [2.288896329428012, 6.558162180748571], [2.2879924024794196, 6.557076600867985], [2.2870884755308274, 6.556895670887887], [2.2867269047513905, 6.554000791206325], [2.286546119361672, 6.554000791206325], [2.286546119361672, 6.553277071285935], [2.286907690141109, 6.552734281345641], [2.2863653339719536, 6.551648701465055], [2.2854614070233614, 6.550744051564567], [2.2850998362439245, 6.550563121584469], [2.283111196957022, 6.550563121584469], [2.282568840787867, 6.550924981544664], [2.2814841284495557, 6.550744051564567], [2.281122557670119, 6.550020331644176], [2.280760986890682, 6.549839401664078], [2.2802186307215266, 6.548753821783492], [2.2802186307215266, 6.548211031843199], [2.277145279096313, 6.547125451962613], [2.275518210588847, 6.545316152161637], [2.274975854419692, 6.544230572281051], [2.2747950690299734, 6.542602202460172], [2.274614283640255, 6.542602202460172], [2.274614283640255, 6.540611972679097], [2.2740719274710997, 6.540431042699], [2.2737103566916628, 6.539888252758707], [2.273348785912226, 6.539888252758707], [2.272987215132789, 6.539345462818414], [2.272625644353352, 6.539345462818414], [2.27172171740476, 6.5384408129179254], [2.272625644353352, 6.53663151311695], [2.272625644353352, 6.536088723176657], [2.2740719274710997, 6.533555703455289], [2.274252712860818, 6.532651053554801], [2.274975854419692, 6.53192733363441], [2.274614283640255, 6.531203613714019], [2.274614283640255, 6.530479893793628], [2.2744334982505365, 6.530479893793628], [2.2744334982505365, 6.5297561738732375], [2.273891142081381, 6.529394313913042], [2.2735295713019443, 6.5286705939926515], [2.271902502794479, 6.5286705939926515], [2.271902502794479, 6.528851523972749], [2.267925224220673, 6.529394313913042], [2.267925224220673, 6.52957524389314], [2.267021297272081, 6.52957524389314], [2.267021297272081, 6.5297561738732375], [2.2666597264926436, 6.52957524389314], [2.266478941102925, 6.529032453952847], [2.2661173703234887, 6.529032453952847], [2.2661173703234887, 6.5292133839329445], [2.264671087205741, 6.529394313913042], [2.2643095164263043, 6.5297561738732375], [2.263044018698275, 6.529937103853335], [2.26250166252912, 6.5302989638135305], [2.2615977355805272, 6.5302989638135305], [2.2615977355805272, 6.530118033833433], [2.261055379411372, 6.530118033833433], [2.2599706670730613, 6.52957524389314], [2.2596090962936244, 6.529032453952847], [2.2592475255141875, 6.529032453952847], [2.259066740124469, 6.5286705939926515], [2.257620457006722, 6.527946874072261]]]}, "properties": {"name": "Adjamè\n", "commune": "ABOMEY-CALAVI", "confidence": "MEDIUM", "area_m2": 6126808.4, "perimeter_m": 20011.0, "road_length_m": 15535.7, "n_road_vertices": 502, "avg_dist_to_road_m": 186.8, "pct_area_near_road": 36.8, "color": "#c7a146", "neighbours": ["Dassèkomey", "Djissoukpa", "Golo-Djigbé", "Kpossidja"], "n_neighbours": 4, "manual_review_reasons": []}}, {"type": "Feature", "geometry": {"type": "Polygon", "coordinates": [[[2.3780235265592036, 6.364928962004264], [2.3774811703900482, 6.36601454188485], [2.3774811703900482, 6.366557331825143], [2.37730038500033, 6.366557331825143], [2.37730038500033, 6.367461981725632], [2.3776619557797667, 6.36764291170573], [2.3776619557797667, 6.368185701646023], [2.377842741169485, 6.368185701646023], [2.3780235265592036, 6.369814071466902], [2.3805545220152617, 6.369452211506706], [2.3805545220152617, 6.369633141486804], [2.3816392343535724, 6.369633141486804], [2.3816392343535724, 6.369814071466902], [2.3832663028610384, 6.369995001446999], [2.3832663028610384, 6.370175931427097], [2.3841702298096306, 6.370175931427097], [2.384712585978786, 6.37071872136739], [2.3852549421479408, 6.37071872136739], [2.385435727537659, 6.370356861407195], [2.3863396544862514, 6.369995001446999], [2.3867012252656883, 6.369452211506706], [2.387424366824562, 6.369271281526609], [2.387785937603999, 6.366919191785338], [2.387062796045125, 6.366919191785338], [2.3867012252656883, 6.366557331825143], [2.3867012252656883, 6.366376401845046], [2.3872435814348436, 6.366376401845046], [2.3872435814348436, 6.365652681924655], [2.3876051522142805, 6.365652681924655], [2.3872435814348436, 6.364567102044068], [2.385797298317096, 6.364928962004264], [2.3856165129273776, 6.364024312103775], [2.383989444419912, 6.364024312103775], [2.383989444419912, 6.364386172063971], [2.383447088250757, 6.364386172063971], [2.383447088250757, 6.364567102044068], [2.382723946691883, 6.364386172063971], [2.382362375912446, 6.364748032024166], [2.3820008051330093, 6.364567102044068], [2.381820019743291, 6.364928962004264], [2.3809160927946986, 6.364928962004264], [2.3809160927946986, 6.365109891984361], [2.380012165846106, 6.364928962004264], [2.380012165846106, 6.364748032024166], [2.3791082388975138, 6.364748032024166], [2.3791082388975138, 6.364567102044068], [2.378565882728359, 6.364928962004264], [2.3780235265592036, 6.364928962004264]], [[2.384893371368504, 6.369271281526609], [2.385254942147941, 6.369090351546511], [2.385254942147941, 6.369633141486803], [2.384893371368504, 6.369633141486803], [2.384893371368504, 6.369271281526609]]]}, "properties": {"name": "Gbèdégbé", "commune": "COTONOU", "confidence": "HIGH", "area_m2": 626000.0, "perimeter_m": 4559.7, "road_length_m": 4264.8, "n_road_vertices": 108, "avg_dist_to_road_m": 94.4, "pct_area_near_road": 66.3, "color": "#d443c3", "neighbours": ["Adjaha-Cité", "Ahogbohoué-Cité-Eucharistie", "Aïbatin-Dodo", "Aïbatin-Kpota", "Houénoussou", "Missité", "Védokô"], "n_neighbours": 7, "manual_review_reasons": []}}, {"type": "Feature", "geometry": {"type": "Polygon", "coordinates": [[[2.3393354531594572, 6.648808100777502], [2.334141, 6.674987999999576], [2.333911891467904, 6.6792043374339105], [2.335177389195933, 6.680470847294594], [2.3359005307548064, 6.680470847294594], [2.336985243093117, 6.679928057354301], [2.3389738823800204, 6.679928057354301], [2.340420165497768, 6.6808327072547895], [2.341504877836078, 6.6808327072547895], [2.341504877836078, 6.680651777274692], [2.342770375564107, 6.680470847294594], [2.3442166586818547, 6.679023407453813], [2.3442166586818547, 6.6786615474936175], [2.346386083358476, 6.678842477473715], [2.347651581086505, 6.6775759676130315], [2.349640220373408, 6.677937827573227], [2.349640220373408, 6.677756897593129], [2.350544147322, 6.677756897593129], [2.350544147322, 6.6775759676130315], [2.3510865034911554, 6.6775759676130315], [2.352171215829466, 6.6770331776727385], [2.3507249327117186, 6.6694341185086365], [2.3516288596603108, 6.669072258548441], [2.3519904304397476, 6.668529468608148], [2.3519904304397476, 6.66762481870766], [2.352171215829466, 6.66762481870766], [2.3527135719986214, 6.665272728966389], [2.352171215829466, 6.665091798986292], [2.3481939372556604, 6.661111339424143], [2.347832366476224, 6.661111339424143], [2.3476515810865055, 6.661473199384338], [2.3469284395276317, 6.661835059344534], [2.3451205856304473, 6.662015989324631], [2.3451205856304473, 6.662196919304729], [2.344397444071573, 6.662196919304729], [2.3436743025126994, 6.661473199384338], [2.3433127317332625, 6.661473199384338], [2.342770375564107, 6.658035529762483], [2.341866448615515, 6.656769019901799], [2.341504877836078, 6.654055070200334], [2.3413240924463596, 6.654055070200334], [2.3413240924463596, 6.65278856033965], [2.3409625216669228, 6.652245770399357], [2.3409625216669228, 6.650979260538674], [2.3407817362772043, 6.650979260538674], [2.340600950887486, 6.649893680658088], [2.3396970239388937, 6.648084380857111], [2.3393354531594572, 6.648808100777502]]]}, "properties": {"name": "Kpaviédja", "commune": "ABOMEY-CALAVI", "confidence": "MEDIUM", "area_m2": 4103032.0, "perimeter_m": 11904.7, "road_length_m": 11231.7, "n_road_vertices": 164, "avg_dist_to_road_m": 221.2, "pct_area_near_road": 20.1, "color": "#cc9544", "neighbours": ["Anagbo", "Kpanroun", "Kpé"], "n_neighbours": 3, "manual_review_reasons": []}}, {"type": "Feature", "geometry": {"type": "Polygon", "coordinates": [[[2.4174347415178237, 6.366557331825143], [2.4161692437897946, 6.367461981725631], [2.416350029179513, 6.368547561606217], [2.415988458400076, 6.369271281526609], [2.4165308145692315, 6.369452211506706], [2.4168923853486683, 6.369995001446999], [2.4172539561281052, 6.369995001446999], [2.4174347415178237, 6.370356861407195], [2.4179770976869785, 6.370356861407195], [2.418157883076697, 6.369995001446999], [2.4185194538561343, 6.369995001446999], [2.419242595415008, 6.371080581327585], [2.420688878532755, 6.371623371267878], [2.4205080931430367, 6.370356861407195], [2.4212312347019105, 6.369814071466902], [2.4212312347019105, 6.369271281526608], [2.420688878532755, 6.368909421566412], [2.420688878532755, 6.367823841685826], [2.4196041661944445, 6.368185701646022], [2.418157883076697, 6.36673826180524], [2.4174347415178237, 6.366557331825143]]]}, "properties": {"name": "Sèhogan-Sikê", "commune": "COTONOU", "confidence": "HIGH", "area_m2": 178000.0, "perimeter_m": 2520.0, "road_length_m": 1621.1, "n_road_vertices": 36, "avg_dist_to_road_m": 46.7, "pct_area_near_road": 96.6, "color": "#50d957", "neighbours": ["Fignon-Sikê", "Saint-Jean-Gbèdiga", "Sèdami", "Yévèdo", "Énagnon-Sikê"], "n_neighbours": 5, "manual_review_reasons": []}}, {"type": "Feature", "geometry": {"type": "Polygon", "coordinates": [[[2.3451205856304473, 6.387002419576179], [2.3451205856304473, 6.387545209516472], [2.344397444071573, 6.387545209516472], [2.344397444071573, 6.387364279536374], [2.3440358732921367, 6.387545209516472], [2.3440358732921367, 6.387907069476668], [2.344578229461292, 6.388087999456766], [2.3443974440715736, 6.388992649357254], [2.3447590148510105, 6.389173579337352], [2.3447590148510105, 6.389535439297546], [2.3438550879024183, 6.389897299257742], [2.3438550879024183, 6.391163809118426], [2.344216658681855, 6.391887529038817], [2.3447590148510105, 6.391887529038817], [2.344578229461292, 6.3926112489592075], [2.3449398002407285, 6.392792178939305], [2.3449398002407285, 6.39243031897911], [2.345482156409884, 6.3920684590189145], [2.345843727189321, 6.3920684590189145], [2.3460245125790395, 6.3926112489592075], [2.346747654137913, 6.39243031897911], [2.3471092249173497, 6.391887529038817], [2.3478323664762235, 6.391706599058719], [2.348013151865942, 6.391163809118426], [2.3485555080350977, 6.3915256690786215], [2.349097864204253, 6.391344739098524], [2.3492786495939715, 6.391706599058719], [2.3498210057631264, 6.391706599058719], [2.3498210057631264, 6.391163809118425], [2.3494594349836895, 6.390982879138328], [2.349640220373408, 6.390440089198035], [2.349278649593971, 6.390440089198035], [2.349278649593971, 6.39007822923784], [2.3501825765425632, 6.389716369277645], [2.350001791152845, 6.388992649357253], [2.349278649593971, 6.388811719377156], [2.3485555080350973, 6.388087999456765], [2.348013151865942, 6.388268929436863], [2.3478323664762235, 6.38772613949657], [2.3472900103070686, 6.387907069476667], [2.3472900103070686, 6.388268929436863], [2.3467476541379133, 6.388087999456765], [2.346024512579039, 6.38844985941696], [2.346024512579039, 6.387907069476668], [2.3462052979687575, 6.387907069476668], [2.346024512579039, 6.387364279536374], [2.3451205856304473, 6.387002419576179]]]}, "properties": {"name": "Yolomahouto", "commune": "ABOMEY-CALAVI", "confidence": "HIGH", "area_m2": 266400.0, "perimeter_m": 3680.0, "road_length_m": 3029.2, "n_road_vertices": 198, "avg_dist_to_road_m": 25.0, "pct_area_near_road": 100.0, "color": "#4ed97f", "neighbours": ["Aïmèvo\n", "Hlouacomey", "Nonhouénou\n", "Plateau\n", "Salamey", "Sèdjannako\n"], "n_neighbours": 6, "manual_review_reasons": []}}, {"type": "Feature", "geometry": {"type": "Polygon", "coordinates": [[[2.30191287748774, 6.55979055056945], [2.30191287748774, 6.560333340509744], [2.302274448267177, 6.560514270489842], [2.302274448267177, 6.561237990410231], [2.3013705213185847, 6.56214264031072], [2.301189735928866, 6.565218449972381], [2.301551306708303, 6.565399379952479], [2.30191287748774, 6.566123099872869], [2.303178375215769, 6.566484959833065], [2.3037207313849244, 6.567208679753455], [2.3042630875540797, 6.567389609733553], [2.3040823021643613, 6.568113329653943], [2.3024552336568953, 6.569741699474822], [2.3024552336568953, 6.571181402836591], [2.3067940830101374, 6.573360299076776], [2.306974868399856, 6.572636579156385], [2.307517224569011, 6.572093789216092], [2.310229005414788, 6.5713700692957016], [2.3105905761942247, 6.570103559435018], [2.31113293236338, 6.569560769494725], [2.3113137177530985, 6.567570539713651], [2.3116752885325353, 6.567570539713651], [2.3116752885325353, 6.567027749773357], [2.310771361583943, 6.566665889813161], [2.31113293236338, 6.565942169892772], [2.3116752885325353, 6.565761239912674], [2.3116752885325353, 6.564856590012185], [2.31113293236338, 6.564675660032087], [2.310771361583943, 6.564132870091794], [2.3087827222970403, 6.564132870091794], [2.3076980099587296, 6.563590080151501], [2.307517224569011, 6.562685430251013], [2.3067940830101374, 6.562323570290817], [2.306251726840982, 6.562323570290817], [2.306251726840982, 6.56214264031072], [2.3048054437232346, 6.562323570290817], [2.3048054437232346, 6.56214264031072], [2.3039015167746424, 6.561961710330622], [2.303359160605487, 6.561418920390329], [2.303720731384924, 6.560876130450037], [2.303359160605487, 6.559609620589352], [2.30191287748774, 6.55979055056945]]]}, "properties": {"name": "Espace-Saint", "commune": "ABOMEY-CALAVI", "confidence": "HIGH", "area_m2": 1019036.4, "perimeter_m": 6107.7, "road_length_m": 3218.0, "n_road_vertices": 234, "avg_dist_to_road_m": 94.0, "pct_area_near_road": 63.5, "color": "#c93fb6", "neighbours": ["Golo-Djigbé", "Golo-Fanto", "Yèkon-Do", "Yêkon-Aga"], "n_neighbours": 4, "manual_review_reasons": []}}, {"type": "Feature", "geometry": {"type": "Polygon", "coordinates": [[[2.3489170788145346, 6.640666251673107], [2.348736293424816, 6.642475551474083], [2.3483747226453793, 6.642837411434279], [2.3483747226453793, 6.643380201374572], [2.3476515810865055, 6.644103921294962], [2.347832366476224, 6.646094151076037], [2.3472900103070686, 6.646094151076037], [2.3469284395276317, 6.64663694101633], [2.3451205856304473, 6.646456011036232], [2.3451205856304473, 6.64663694101633], [2.3434935171229814, 6.646817870996427], [2.3427703755641076, 6.647179730956623], [2.340058594718331, 6.647541590916818], [2.340058594718331, 6.647722520896916], [2.339537297350122, 6.647722520896916], [2.3395162385491757, 6.648084380857112], [2.340962521666923, 6.650979260538675], [2.340962521666923, 6.652245770399358], [2.34132409244636, 6.652788560339651], [2.34132409244636, 6.654055070200335], [2.3415048778360785, 6.654055070200335], [2.3415048778360785, 6.654959720100823], [2.341685663225797, 6.654959720100823], [2.341685663225797, 6.655864370001312], [2.3418664486155154, 6.655864370001312], [2.3418664486155154, 6.6567690199018], [2.3427703755641076, 6.658035529762484], [2.343312731733263, 6.661473199384339], [2.3436743025127, 6.661473199384339], [2.3443974440715736, 6.66219691930473], [2.345120585630447, 6.66219691930473], [2.345120585630447, 6.662015989324632], [2.3469284395276313, 6.661835059344535], [2.347651581086505, 6.661473199384339], [2.3478323664762235, 6.661111339424144], [2.348193937255661, 6.661111339424144], [2.3521712158294665, 6.665091798986293], [2.352713571998622, 6.66527272896639], [2.3518096450500297, 6.6688913285683435], [2.3532559281677767, 6.669253188528539], [2.3539790697266505, 6.6688913285683435], [2.354159855116369, 6.668529468608148], [2.354521425895806, 6.668529468608148], [2.3547022112855243, 6.668167608647953], [2.355063782064961, 6.668167608647953], [2.355786923623835, 6.667443888727562], [2.359041060638767, 6.666901098787269], [2.3588602752490484, 6.66599644888678], [2.35867948985933, 6.66599644888678], [2.35867948985933, 6.664910869006194], [2.3584987044696115, 6.664910869006194], [2.35867948985933, 6.664006219105707], [2.359041060638767, 6.663644359145511], [2.359041060638767, 6.663101569205218], [2.359944987587359, 6.662739709245023], [2.360306558366796, 6.66219691930473], [2.362114412263981, 6.661473199384339], [2.36337990999201, 6.662739709245023], [2.3637414807714463, 6.662739709245023], [2.3646454077200385, 6.661835059344535], [2.3646454077200385, 6.661473199384339], [2.3659109054480676, 6.660387619503753], [2.3659109054480676, 6.660025759543558], [2.367357188565815, 6.658759249682874], [2.367718759345252, 6.658035529762484], [2.368803471683563, 6.658216459742581], [2.368803471683563, 6.658397389722679], [2.3700689694115917, 6.658216459742581], [2.37024975480131, 6.655321580061019], [2.370972896360184, 6.655321580061019], [2.3720576086984946, 6.654778790120725], [2.3711536817499024, 6.653693210240139], [2.3711536817499024, 6.653331350279943], [2.3707921109704655, 6.653150420299846], [2.3707921109704655, 6.65278856033965], [2.3704305401910286, 6.652607630359553], [2.3695266132424364, 6.650798330558576], [2.3691650424629995, 6.650617400578478], [2.368622686293844, 6.649350890717795], [2.3682611155144073, 6.649169960737697], [2.3682611155144073, 6.64826531083721], [2.3688034716835626, 6.647360660936721], [2.3707921109704655, 6.640847181653204], [2.3704305401910286, 6.640847181653204], [2.3698881840218733, 6.640304391712911], [2.3682611155144078, 6.640485321693009], [2.3682611155144078, 6.640666251673107], [2.3644646223303205, 6.641751831553693], [2.363922266161165, 6.642113691513888], [2.359041060638767, 6.642837411434279], [2.3588602752490484, 6.642475551474083], [2.358317919079893, 6.642475551474083], [2.358317919079893, 6.642294621493986], [2.3527135719986214, 6.641028111633302], [2.352532786608903, 6.640123461732814], [2.3489170788145346, 6.640666251673107]]]}, "properties": {"name": "Kpé", "commune": "ABOMEY-CALAVI", "confidence": "MEDIUM", "area_m2": 7034353.4, "perimeter_m": 15757.5, "road_length_m": 14583.7, "n_road_vertices": 450, "avg_dist_to_road_m": 237.6, "pct_area_near_road": 30.1, "color": "#49dad5", "neighbours": ["Avagbé", "Houégoudo\n", "Kpanroun", "Kpaviédja", "Kpotomey"], "n_neighbours": 5, "manual_review_reasons": []}}, {"type": "Feature", "geometry": {"type": "Polygon", "coordinates": [[[2.378565882728359, 6.385916839695593], [2.3776619557797667, 6.386459629635886], [2.3776619557797667, 6.387364279536374], [2.376577243441456, 6.388268929436863], [2.3760348872723003, 6.388268929436863], [2.3760348872723003, 6.388087999456765], [2.37495017493399, 6.388268929436863], [2.37495017493399, 6.388992649357254], [2.375673316492864, 6.389716369277645], [2.375673316492864, 6.391163809118425], [2.3751309603237085, 6.391887529038816], [2.3754925311031454, 6.3920684590189145], [2.3754925311031454, 6.392430318979109], [2.3751309603237085, 6.3931540388995005], [2.3754925311031454, 6.393334968879598], [2.3758541018825823, 6.394058688799989], [2.376577243441456, 6.394058688799989], [2.376938814220893, 6.394420548760184], [2.376938814220893, 6.395144268680574], [2.375673316492864, 6.396410778541258], [2.375673316492864, 6.397134498461648], [2.3754925311031454, 6.397134498461648], [2.37495017493399, 6.39930565822282], [2.3747693895442716, 6.39930565822282], [2.3744078187648348, 6.402743327844676], [2.3742270333751163, 6.402743327844676], [2.3744078187648348, 6.407628437307314], [2.3843510151993486, 6.406475665731323], [2.3843510151993486, 6.401476817983993], [2.384531800589067, 6.401476817983993], [2.384531800589067, 6.398943798262626], [2.3850741567582223, 6.39785821838204], [2.3850741567582223, 6.394601478740282], [2.3856165129273776, 6.394058688799989], [2.3859780837068145, 6.394058688799989], [2.3859780837068145, 6.393696828839793], [2.3856165129273776, 6.393515898859695], [2.3856165129273776, 6.392792178939304], [2.3852549421479408, 6.392792178939304], [2.3850741567582223, 6.392249388999011], [2.3843510151993486, 6.392068459018914], [2.3843510151993486, 6.391706599058719], [2.384531800589067, 6.3915256690786215], [2.385435727537659, 6.391706599058719], [2.385435727537659, 6.391163809118425], [2.384531800589067, 6.390982879138328], [2.3843510151993486, 6.390440089198035], [2.3838086590301932, 6.390078229237839], [2.3838086590301932, 6.389535439297546], [2.3834470882507564, 6.389173579337351], [2.382904732081601, 6.389173579337351], [2.382904732081601, 6.388811719377156], [2.382543161302164, 6.388630789397058], [2.382543161302164, 6.387907069476668], [2.3830855174713195, 6.387907069476668], [2.3830855174713195, 6.38772613949657], [2.382904732081601, 6.38772613949657], [2.382904732081601, 6.387183349556277], [2.3823623759124457, 6.387183349556277], [2.3823623759124457, 6.386097769675691], [2.3821815905227273, 6.386097769675691], [2.3823623759124457, 6.385554979735398], [2.3818200197432904, 6.385012189795105], [2.3805545220152617, 6.385193119775202], [2.3800121658461064, 6.385916839695593], [2.379469809676951, 6.385916839695593], [2.379469809676951, 6.386097769675691], [2.378565882728359, 6.385916839695593]]]}, "properties": {"name": "Zogbohouè", "commune": "COTONOU", "confidence": "MANUAL_REVIEW", "area_m2": 2335045.6, "perimeter_m": 8695.1, "road_length_m": 10568.8, "n_road_vertices": 362, "avg_dist_to_road_m": 420.7, "pct_area_near_road": 39.1, "color": "#d3455f", "neighbours": ["Agla-Petit-Château", "Agounvocôdji", "Kouhounou", "Mènontin", "Zogbo"], "n_neighbours": 5, "manual_review_reasons": ["avg distance to owned road 421 m"]}}, {"type": "Feature", "geometry": {"type": "MultiPolygon", "coordinates": [[[[2.42828186490093, 6.385916839695593], [2.4281010795112117, 6.386459629635887], [2.4284626502906486, 6.3866405596159845], [2.4284626502906486, 6.387002419576179], [2.427739508731775, 6.3877261394965705], [2.4281010795112117, 6.387907069476668], [2.4281010795112117, 6.3882689294368635], [2.428643435680367, 6.3882689294368635], [2.4288242210700854, 6.390259159217938], [2.4291857918495223, 6.390621019178133], [2.429908933408396, 6.390621019178133], [2.429908933408396, 6.391163809118426], [2.430270504187833, 6.391163809118426], [2.4304512895775514, 6.391887529038817], [2.4317167873055805, 6.392249388999012], [2.4347901389307935, 6.396048918581063], [2.435332495099949, 6.393515898859696], [2.4355132804896673, 6.393515898859696], [2.4351517097102304, 6.391344739098524], [2.4355132804896673, 6.390621019178133], [2.4356940658793858, 6.389173579337351], [2.434609353541075, 6.388811719377156], [2.43406699737192, 6.387907069476667], [2.433343855813046, 6.387907069476667], [2.433343855813046, 6.387364279536374], [2.4326207142541723, 6.386821489596081], [2.4320783580850174, 6.387002419576179], [2.4320783580850174, 6.387364279536374], [2.431536001915862, 6.387907069476667], [2.4309936457467063, 6.387907069476667], [2.430812860356988, 6.387545209516472], [2.430451289577551, 6.387545209516472], [2.430451289577551, 6.386459629635886], [2.4293665772392403, 6.386640559615984], [2.4290050064598034, 6.386278699655788], [2.4290050064598034, 6.385554979735398], [2.42828186490093, 6.385916839695593]]], [[[2.4353324950999493, 6.394420548760183], [2.4353324950999493, 6.395144268680575], [2.4355132804896673, 6.395144268680575], [2.4355132804896673, 6.394420548760183], [2.4353324950999493, 6.394420548760183]]], [[[2.435151709710231, 6.395144268680574], [2.435151709710231, 6.395867988600965], [2.4349709243205124, 6.395867988600965], [2.4349709243205124, 6.3964107785412585], [2.435332495099949, 6.396229848561161], [2.435332495099949, 6.395144268680574], [2.435151709710231, 6.395144268680574]]]]}, "properties": {"name": "Ahouansori-Towéta-Kpota", "commune": "COTONOU", "confidence": "MEDIUM", "area_m2": 471600.0, "perimeter_m": 5080.4, "road_length_m": 3302.4, "n_road_vertices": 108, "avg_dist_to_road_m": 123.6, "pct_area_near_road": 64.0, "color": "#62d440", "neighbours": ["Ahouansori-Towéta", "Ahouansouri-Agata", "Djidjè-Aïchédji", "Hlacômey", "Ladji"], "n_neighbours": 5, "manual_review_reasons": []}}, {"type": "Feature", "geometry": {"type": "Polygon", "coordinates": [[[2.4248469424962793, 6.361672222362506], [2.4239430155476875, 6.362576872262994], [2.423762230157969, 6.364567102044069], [2.424123800937406, 6.364567102044069], [2.4246661571065613, 6.36529082196446], [2.4248469424962793, 6.365109891984362], [2.4252085132757166, 6.36529082196446], [2.425389298665435, 6.365652681924655], [2.4252085132757166, 6.366557331825144], [2.425750869444872, 6.367100121765437], [2.4262932256140273, 6.367100121765437], [2.4262932256140273, 6.367461981725632], [2.426654796393464, 6.367461981725632], [2.427197152562619, 6.368004771665925], [2.4273779379523375, 6.367281051745533], [2.426835581783182, 6.36673826180524], [2.4264740110037453, 6.36673826180524], [2.4264740110037453, 6.366376401845046], [2.427197152562619, 6.366014541884851], [2.427197152562619, 6.365471751944558], [2.4277395087317744, 6.364928962004265], [2.4281010795112112, 6.364928962004265], [2.427920294121493, 6.364024312103775], [2.427197152562619, 6.36366245214358], [2.427197152562619, 6.363300592183386], [2.4277395087317744, 6.36293873222319], [2.4277395087317744, 6.362395942282896], [2.427197152562619, 6.362215012302799], [2.4266547963934637, 6.361491292382408], [2.4262932256140273, 6.361491292382408], [2.4262932256140273, 6.362034082322701], [2.4259316548345904, 6.362576872262994], [2.4253892986654346, 6.362395942282896], [2.4248469424962793, 6.361672222362506]]]}, "properties": {"name": "Mifongou", "commune": "COTONOU", "confidence": "HIGH", "area_m2": 185600.0, "perimeter_m": 3000.1, "road_length_m": 1958.9, "n_road_vertices": 46, "avg_dist_to_road_m": 44.2, "pct_area_near_road": 98.9, "color": "#d96c4e", "neighbours": ["Dota", "Gbèdomidji", "Gbènan", "Gbédokpo", "Gbéto", "Sèdjro-Saint-Michel"], "n_neighbours": 6, "manual_review_reasons": []}}, {"type": "Feature", "geometry": {"type": "Polygon", "coordinates": [[[2.2536431784329163, 6.461726501356516], [2.2536431784329163, 6.463897661117688], [2.254004749212353, 6.464440451057981], [2.254004749212353, 6.464983240998273], [2.2538239638226347, 6.464983240998273], [2.254004749212353, 6.469144630540519], [2.2536431784329163, 6.469506490500715], [2.253462393043198, 6.470411140401204], [2.2543663199917896, 6.470411140401204], [2.2543663199917896, 6.470230210421106], [2.2556318177198187, 6.470049280441009], [2.2563549592786925, 6.468963700560423], [2.2572588862272847, 6.468963700560423], [2.257439671617003, 6.467697190699739], [2.2583435985655953, 6.467697190699739], [2.259066740124469, 6.467335330739544], [2.2596090962936244, 6.465706960918665], [2.2605130232422166, 6.465706960918665], [2.2608745940216535, 6.465345100958469], [2.260693808631935, 6.464802311018176], [2.2608745940216535, 6.464802311018176], [2.261055379411372, 6.462812081237102], [2.2621400917496826, 6.462450221276907], [2.262320877139401, 6.461364641396321], [2.26250166252912, 6.461545571376418], [2.263947945646867, 6.461364641396321], [2.265575014154333, 6.460279061515735], [2.266478941102925, 6.46064092147593], [2.266478941102925, 6.460279061515735], [2.266840511882362, 6.460279061515735], [2.2670212972720805, 6.459917201555539], [2.268467580389828, 6.459193481635149], [2.268829151169265, 6.458831621674953], [2.268829151169265, 6.457926971774465], [2.2695522927281386, 6.457926971774465], [2.269733078117857, 6.455032092092902], [2.270275434287013, 6.455032092092902], [2.271179361235605, 6.455936741993391], [2.271360146625323, 6.455755812013293], [2.2720832881841972, 6.455755812013293], [2.2720832881841972, 6.455936741993391], [2.273348785912226, 6.455755812013293], [2.2735295713019443, 6.455393952053098], [2.273348785912226, 6.453584652252121], [2.2744334982505365, 6.453041862311828], [2.274614283640255, 6.452680002351633], [2.274614283640255, 6.452318142391436], [2.2737103566916628, 6.451594422471046], [2.2737103566916628, 6.450870702550656], [2.2744334982505365, 6.450508842590461], [2.2758797813682845, 6.450508842590461], [2.27642213753744, 6.451051632530754], [2.2775068498757505, 6.451051632530754], [2.2778684206551874, 6.451413492490949], [2.278772347603779, 6.451413492490949], [2.278772347603779, 6.448699542789483], [2.2785915622140607, 6.448518612809385], [2.2776876352654685, 6.448699542789483], [2.2767837083168763, 6.447613962908897], [2.2758797813682845, 6.447433032928799], [2.275518210588847, 6.447794892888995], [2.2751566398094103, 6.447252102948702], [2.274433498250537, 6.447613962908897], [2.273168000522508, 6.447252102948702], [2.272806429743071, 6.448518612809385], [2.272083288184197, 6.448518612809385], [2.2711793612356046, 6.447252102948702], [2.2706370050664493, 6.447252102948702], [2.26937150733842, 6.445985593088018], [2.2682867950001095, 6.445985593088018], [2.2682867950001095, 6.44580466310792], [2.267202082661799, 6.445623733127823], [2.266840511882362, 6.443995363306944], [2.2659365849337703, 6.44508094318753], [2.2659365849337703, 6.445442803147725], [2.265575014154333, 6.444719083227334], [2.264671087205741, 6.444900013207432], [2.2644903018160227, 6.445261873167627], [2.263947945646867, 6.445442803147725], [2.263947945646867, 6.444719083227334], [2.26358637486743, 6.444538153247237], [2.2634055894777116, 6.443995363306944], [2.2615977355805272, 6.4441762932870414], [2.2612361648010904, 6.443814433326846], [2.2590667401244695, 6.443452573366651], [2.258885954734751, 6.443995363306944], [2.257620457006722, 6.44508094318753], [2.257620457006722, 6.446709313008409], [2.256897315447848, 6.447252102948702], [2.2567165300581298, 6.447794892888995], [2.255993388499256, 6.44815675284919], [2.255993388499256, 6.448518612809385], [2.255631817719819, 6.448518612809385], [2.255089461550664, 6.449061402749678], [2.2549086761609454, 6.450146982630264], [2.2538239638226347, 6.451594422471046], [2.254004749212353, 6.454489302152608], [2.2532816076534794, 6.455755812013293], [2.2538239638226347, 6.455936741993391], [2.254004749212353, 6.456298601953586], [2.2552702469403823, 6.456479531933684], [2.2554510323301007, 6.458469761714757], [2.2549086761609454, 6.458650691694855], [2.2549086761609454, 6.459193481635148], [2.253100822263761, 6.459917201555538], [2.253462393043198, 6.461726501356516], [2.2536431784329163, 6.461726501356516]]]}, "properties": {"name": "Ouèdo", "commune": "ABOMEY-CALAVI", "confidence": "HIGH", "area_m2": 4107200.0, "perimeter_m": 14240.4, "road_length_m": 29421.0, "n_road_vertices": 1704, "avg_dist_to_road_m": 48.5, "pct_area_near_road": 90.2, "color": "#49cb90", "neighbours": ["Alansankomè", "Dassèkomey", "Dessato\n", "Hêvié", "Togba_Maria-Gléta", "Zoungo"], "n_neighbours": 6, "manual_review_reasons": []}}, {"type": "Feature", "geometry": {"type": "Polygon", "coordinates": [[[2.470947216874482, 6.357872692780455], [2.4711280022642006, 6.362034082322701], [2.470947216874482, 6.362034082322701], [2.470947216874482, 6.362757802243092], [2.4705856460950453, 6.362938732223189], [2.4705856460950453, 6.363843382123678], [2.469681719146453, 6.364024312103775], [2.469681719146453, 6.364748032024167], [2.4702240753156084, 6.365109891984362], [2.470404860705327, 6.365652681924655], [2.470947216874482, 6.365652681924655], [2.4711280022642006, 6.366014541884851], [2.4718511438230744, 6.366376401845046], [2.4727550707716666, 6.366014541884851], [2.4727550707716666, 6.366557331825144], [2.47347821233054, 6.366557331825144], [2.4738397831099768, 6.365471751944558], [2.4747437100585694, 6.365471751944558], [2.475466851617443, 6.366014541884851], [2.475466851617443, 6.366919191785339], [2.477093920124909, 6.366919191785339], [2.477093920124909, 6.367100121765437], [2.477636276294064, 6.367100121765437], [2.477636276294064, 6.365833611904753], [2.4785402032426567, 6.365833611904753], [2.47926334480153, 6.366557331825144], [2.47926334480153, 6.366195471864948], [2.479624915580967, 6.366014541884851], [2.479624915580967, 6.365471751944558], [2.482517481816462, 6.365652681924655], [2.4830598379856172, 6.360043852541627], [2.47817863246322, 6.360405712501822], [2.47817863246322, 6.36058664248192], [2.475647637007161, 6.36058664248192], [2.4745629246688505, 6.360043852541627], [2.474382139279132, 6.359681992581431], [2.4732974269408214, 6.359320132621236], [2.4725742853819477, 6.358596412700845], [2.471851143823074, 6.358415482720748], [2.4716703584333555, 6.358053622760552], [2.470947216874482, 6.357872692780455]]]}, "properties": {"name": "Finagnon", "commune": "COTONOU", "confidence": "HIGH", "area_m2": 919200.0, "perimeter_m": 5679.9, "road_length_m": 8766.8, "n_road_vertices": 230, "avg_dist_to_road_m": 56.4, "pct_area_near_road": 88.2, "color": "#dd4f69", "neighbours": ["Dandji", "Dandji-Hokanmè", "Donaten", "Tanto"], "n_neighbours": 4, "manual_review_reasons": []}}, {"type": "Feature", "geometry": {"type": "Polygon", "coordinates": [[[2.3176412063932443, 6.52179525474894], [2.317460421003526, 6.523604554549918], [2.3176412063932443, 6.523604554549918], [2.3178219917829628, 6.524690134430504], [2.318002777172681, 6.524871064410601], [2.3189067041212734, 6.524690134430504], [2.319629845680147, 6.525956644291187], [2.3210761287978947, 6.52577571431109], [2.3217992703567685, 6.527404084131968], [2.320352987239021, 6.527404084131968], [2.319991416459584, 6.527765944092163], [2.3201722018493025, 6.52957524389314], [2.3194490602904287, 6.529937103853335], [2.3194490602904287, 6.531565473674214], [2.318906704121273, 6.531022683733921], [2.318906704121273, 6.530660823773726], [2.3180027771726808, 6.530660823773726], [2.3180027771726808, 6.530479893793628], [2.317460421003526, 6.530660823773726], [2.317098850224089, 6.531203613714019], [2.3165564940549337, 6.531203613714019], [2.316737279444652, 6.532289193594605], [2.3165564940549337, 6.532289193594605], [2.3163757086652152, 6.533193843495094], [2.316737279444652, 6.533917563415484], [2.3163757086652152, 6.5340984933955815], [2.31583335249606, 6.5351840732761675], [2.314206283988594, 6.535545933236363], [2.314206283988594, 6.5357268632164605], [2.3131215716502833, 6.535365003256265], [2.3120368593119727, 6.536631513116949], [2.311675288532536, 6.536631513116949], [2.3111329323633805, 6.537174303057242], [2.3111329323633805, 6.538440812917926], [2.3118560739222542, 6.538802672878122], [2.3120368593119727, 6.539164532838317], [2.3127600008708464, 6.539345462818415], [2.3127600008708464, 6.539888252758707], [2.3123984300914096, 6.540250112718902], [2.3123984300914096, 6.540792902659195], [2.3120368593119727, 6.54115476261939], [2.311675288532536, 6.542421272480074], [2.3111329323633805, 6.542602202460172], [2.3114945031428173, 6.543506852360661], [2.3120368593119727, 6.544049642300954], [2.3123984300914096, 6.544049642300954], [2.312579215481128, 6.544411502261149], [2.3133023570400018, 6.544773362221345], [2.314567854768031, 6.544773362221345], [2.314567854768031, 6.544954292201442], [2.3151102109371857, 6.544954292201442], [2.3151102109371857, 6.544592432241247], [2.315652567106341, 6.544049642300954], [2.3176412063932443, 6.544049642300954], [2.318002777172681, 6.544230572281052], [2.3181835625623997, 6.544773362221345], [2.3194490602904283, 6.544773362221345], [2.319810631069865, 6.543506852360661], [2.320172201849302, 6.543506852360661], [2.320533772628739, 6.54278313244027], [2.3219800557464865, 6.541516622579587], [2.3227031973053607, 6.541878482539782], [2.3230647680847976, 6.543144992400466], [2.3234263388642344, 6.543506852360661], [2.3245110512025446, 6.543506852360661], [2.3252341927614184, 6.543144992400466], [2.3252341927614184, 6.542240342499977], [2.3257765489305737, 6.542240342499977], [2.326138119710011, 6.541878482539782], [2.326499690489448, 6.542421272480075], [2.3268612612688844, 6.542421272480075], [2.3272228320483213, 6.542240342499977], [2.3274036174380397, 6.541697552559684], [2.3284883297763503, 6.541697552559684], [2.3290306859455057, 6.540973832639294], [2.329573042114661, 6.540973832639294], [2.3301153982838163, 6.540431042699001], [2.330476969063253, 6.540431042699001], [2.3306577544529716, 6.539345462818415], [2.331923252181001, 6.539164532838317], [2.3321040375707196, 6.539888252758708], [2.3326463937398745, 6.540069182738805], [2.33318874990903, 6.53970732277861], [2.3333695352987482, 6.539164532838317], [2.3339118914679036, 6.539164532838317], [2.3339118914679036, 6.538802672878122], [2.3355389599753695, 6.538802672878122], [2.335719745365088, 6.5378980229776325], [2.335358174585651, 6.537174303057242], [2.3349966038062147, 6.5373552330373395], [2.3342734622473404, 6.537174303057242], [2.3342734622473404, 6.535545933236363], [2.3326463937398745, 6.5357268632164605], [2.3322848229604376, 6.535365003256265], [2.332104037570719, 6.5330129135149955], [2.330476969063253, 6.532831983534898], [2.3302961836735347, 6.5313845436941165], [2.3299346128940983, 6.531565473674214], [2.328307544386632, 6.5313845436941165], [2.328669115166069, 6.529756173873238], [2.3290306859455057, 6.529575243893141], [2.3288499005557872, 6.528670593992652], [2.3293922567249425, 6.528127804052359], [2.329934612894098, 6.528127804052359], [2.329934612894098, 6.527404084131969], [2.331200110622127, 6.527585014112066], [2.3313808960118454, 6.526680364211578], [2.3319232521810007, 6.52649943423148], [2.3317424667912823, 6.5254138543508935], [2.3313808960118454, 6.525232924370796], [2.3310193252324085, 6.5237854845300145], [2.3301153982838163, 6.523061764609624], [2.329934612894098, 6.521976184729039], [2.3302961836735347, 6.521433394788746], [2.3302961836735347, 6.520890604848452], [2.329934612894098, 6.5205287448882565], [2.329934612894098, 6.519624094987768], [2.3290306859455057, 6.5194431650076705], [2.3288499005557872, 6.5189003750673775], [2.3284883297763503, 6.5189003750673775], [2.3274036174380397, 6.5178147951867915], [2.326138119710011, 6.517633865206694], [2.3254149781511373, 6.519081305047475], [2.324691836592263, 6.519081305047475], [2.3245110512025446, 6.51871944508728], [2.3239686950333898, 6.518538515107182], [2.3230647680847976, 6.5194431650076705], [2.3225224119156422, 6.519624094987768], [2.322341626525924, 6.519805024967866], [2.3225224119156422, 6.521252464808647], [2.3221608411362054, 6.5216143247688425], [2.320714558018458, 6.521976184729038], [2.320714558018458, 6.5221571147091355], [2.3199914164595836, 6.5221571147091355], [2.3196298456801467, 6.52179525474894], [2.3176412063932443, 6.52179525474894]]]}, "properties": {"name": "Domey-Gbo", "commune": "ABOMEY-CALAVI", "confidence": "HIGH", "area_m2": 4280400.0, "perimeter_m": 15639.9, "road_length_m": 26838.7, "n_road_vertices": 1552, "avg_dist_to_road_m": 50.9, "pct_area_near_road": 89.8, "color": "#c6d840", "neighbours": ["Agongbé", "Agonkèssa", "Azonsa", "Kansounkpa", "Zèkanmey-Domè"], "n_neighbours": 5, "manual_review_reasons": []}}, {"type": "Feature", "geometry": {"type": "Polygon", "coordinates": [[[2.3344542476370593, 6.360043852541627], [2.3333695352987487, 6.359862922561529], [2.3331887499090302, 6.36058664248192], [2.3321040375707196, 6.360767572462017], [2.3321040375707196, 6.361491292382408], [2.3308385398426905, 6.361672222362506], [2.330657754452972, 6.3622150123028], [2.3308385398426905, 6.3622150123028], [2.331019325232409, 6.365833611904753], [2.333550320688467, 6.365652681924655], [2.333911891467904, 6.366014541884851], [2.3353581745856515, 6.366376401845046], [2.3353581745856515, 6.366738261805241], [2.3360813161445253, 6.367281051745534], [2.3362621015342437, 6.369271281526609], [2.3366236723136806, 6.369452211506706], [2.336804457703399, 6.37071872136739], [2.3373468138725544, 6.371261511307683], [2.337166028482836, 6.371623371267877], [2.3373468138725544, 6.373432671068855], [2.338069955431428, 6.373975461009148], [2.3382507408211466, 6.374518250949441], [2.3389738823800204, 6.374337320969343], [2.3393354531594572, 6.375061040889734], [2.339697023938894, 6.374880110909636], [2.3398778093286126, 6.375241970869832], [2.339697023938894, 6.375603830830027], [2.3402393801080494, 6.375965690790222], [2.340420165497768, 6.376327550750418], [2.3402393801080494, 6.376689410710613], [2.3407817362772048, 6.377051270670808], [2.340962521666923, 6.377594060611101], [2.3416856632257965, 6.377232200650906], [2.3433127317332625, 6.377413130631004], [2.3436743025126994, 6.377232200650906], [2.343855087902418, 6.376689410710613], [2.34475901485101, 6.376508480730515], [2.34475901485101, 6.37614662077032], [2.345482156409884, 6.37614662077032], [2.346024512579039, 6.375422900849929], [2.3471092249173497, 6.375422900849929], [2.347290010307068, 6.374880110909636], [2.348013151865942, 6.375603830830027], [2.3485555080350973, 6.375061040889734], [2.3481939372556604, 6.374699180929538], [2.3485555080350973, 6.373975461009148], [2.3489170788145346, 6.373975461009148], [2.349097864204253, 6.374337320969343], [2.349821005763127, 6.374518250949441], [2.349821005763127, 6.374880110909636], [2.3501825765425632, 6.374880110909636], [2.3510865034911554, 6.373975461009148], [2.3510865034911554, 6.373613601048953], [2.3514480742705928, 6.373613601048953], [2.351628859660311, 6.373975461009148], [2.352171215829466, 6.373975461009148], [2.3527135719986214, 6.373432671068855], [2.3530751427780587, 6.373975461009148], [2.354159855116369, 6.373613601048953], [2.3539790697266505, 6.372347091188269], [2.354521425895806, 6.372166161208171], [2.3543406405060874, 6.371080581327585], [2.3547022112855243, 6.370718721367389], [2.3543406405060874, 6.370718721367389], [2.3543406405060874, 6.369995001446998], [2.354159855116369, 6.369995001446998], [2.354521425895806, 6.368909421566412], [2.3539790697266505, 6.36836663162612], [2.354521425895806, 6.368185701646023], [2.3543406405060874, 6.366919191785339], [2.3548829966752427, 6.366738261805241], [2.3547022112855243, 6.364567102044068], [2.3545214258958063, 6.364748032024166], [2.352713571998622, 6.364748032024166], [2.351990430439748, 6.365652681924654], [2.3514480742705923, 6.365652681924654], [2.3514480742705923, 6.365290821964459], [2.3509057181014374, 6.365290821964459], [2.3509057181014374, 6.365833611904752], [2.350363361932282, 6.365833611904752], [2.350363361932282, 6.36601454188485], [2.3494594349836895, 6.36601454188485], [2.3490978642042526, 6.365290821964459], [2.3485555080350973, 6.365109891984361], [2.3487362934248157, 6.364024312103775], [2.3481939372556604, 6.363481522163482], [2.3460245125790395, 6.364024312103775], [2.3456629417996027, 6.364205242083873], [2.3454821564098842, 6.364748032024166], [2.3436743025127, 6.364748032024166], [2.3431319463435445, 6.365109891984361], [2.341504877836078, 6.364928962004264], [2.3413240924463596, 6.3622150123028], [2.341504877836078, 6.362034082322702], [2.342770375564107, 6.3622150123028], [2.342770375564107, 6.361853152342603], [2.3424088047846703, 6.361853152342603], [2.341866448615515, 6.36131036240231], [2.3416856632257965, 6.360224782521724], [2.340058594718331, 6.360224782521724], [2.340058594718331, 6.36058664248192], [2.338250740821146, 6.360767572462017], [2.3378891700417093, 6.360043852541627], [2.33662367231368, 6.360043852541627], [2.3362621015342433, 6.359681992581431], [2.3357197453650884, 6.359681992581431], [2.33553895997537, 6.360043852541627], [2.3348158184164958, 6.360043852541627], [2.3348158184164958, 6.359862922561529], [2.3344542476370593, 6.360043852541627]]]}, "properties": {"name": "Godomey-N'Gbèho", "commune": "ABOMEY-CALAVI", "confidence": "HIGH", "area_m2": 2929600.0, "perimeter_m": 12079.8, "road_length_m": 30889.7, "n_road_vertices": 954, "avg_dist_to_road_m": 56.0, "pct_area_near_road": 85.4, "color": "#cb7746", "neighbours": ["Dénou\n", "Fignonhou\n", "Ningboto\n", "Togbin-Fandji", "Togbin-Kpèvi"], "n_neighbours": 5, "manual_review_reasons": []}}, {"type": "Feature", "geometry": {"type": "Polygon", "coordinates": [[[2.330296183673535, 6.592900736927323], [2.3304769690632536, 6.5936244568477145], [2.331019325232409, 6.594348176768105], [2.331380896011846, 6.595976546588984], [2.3315616814015643, 6.595976546588984], [2.3317424667912827, 6.597243056449667], [2.3308385398426905, 6.598147706350155], [2.3304769690632536, 6.598147706350155], [2.3275844028277586, 6.601042586031718], [2.326499690489448, 6.60321374579289], [2.3234263388642344, 6.604118395693378], [2.3234263388642344, 6.604299325673476], [2.323064768084797, 6.6039374657132806], [2.3221608411362054, 6.6039374657132806], [2.322341626525924, 6.607736995295332], [2.3228839826950787, 6.607556065315235], [2.324330265812826, 6.606108625474453], [2.3266804758791664, 6.606651415414746], [2.3283075443866323, 6.608460715215723], [2.3283075443866323, 6.610812804956993], [2.3288499005557877, 6.611355594897286], [2.3292114713352245, 6.611355594897286], [2.3299346128940983, 6.612079314817676], [2.3315616814015643, 6.612441174777872], [2.3315616814015643, 6.612622104757969], [2.332646393739875, 6.612622104757969], [2.3337311060781856, 6.61334582467836], [2.3355389599753695, 6.61334582467836], [2.336985243093117, 6.612622104757969], [2.337346813872554, 6.612079314817676], [2.339335453159457, 6.611898384837579], [2.3391546677697383, 6.606651415414746], [2.340962521666923, 6.606832345394844], [2.340962521666923, 6.607013275374942], [2.343131946343544, 6.607013275374942], [2.343493517122981, 6.606470485434649], [2.345482156409884, 6.606108625474453], [2.3462052979687575, 6.605746765514258], [2.3462052979687575, 6.605384905554063], [2.3465668687481944, 6.605203975573965], [2.347290010307068, 6.603756535733184], [2.347651581086505, 6.603575605753086], [2.3478323664762235, 6.602670955852597], [2.3471092249173497, 6.601766305952109], [2.346747654137913, 6.601766305952109], [2.346024512579039, 6.601042586031718], [2.345662941799602, 6.599776076171034], [2.345120585630447, 6.599233286230741], [2.34475901485101, 6.59778584638996], [2.3413240924463596, 6.595976546588983], [2.3396970239388937, 6.595614686628788], [2.3355389599753695, 6.590367717205956], [2.334273462247341, 6.59000585724576], [2.334273462247341, 6.590186787225858], [2.333007964519312, 6.590548647186053], [2.3317424667912827, 6.591815157046737], [2.331380896011846, 6.591815157046737], [2.3312001106221274, 6.592177017006932], [2.3304769690632536, 6.592538876967128], [2.330296183673535, 6.592900736927323]]]}, "properties": {"name": "Zinvié-Agolèdji", "commune": "ABOMEY-CALAVI", "confidence": "MEDIUM", "area_m2": 3670234.8, "perimeter_m": 11710.2, "road_length_m": 7882.4, "n_road_vertices": 276, "avg_dist_to_road_m": 150.9, "pct_area_near_road": 39.1, "color": "#ce4c93", "neighbours": ["Adjogansa", "Alladacomè", "Dangbodji", "Gbodjoko", "Sokan", "Zinvié-Zounmè"], "n_neighbours": 6, "manual_review_reasons": []}}, {"type": "Feature", "geometry": {"type": "MultiPolygon", "coordinates": [[[[2.4411176275709394, 6.360948502442115], [2.4398521298429103, 6.363481522163482], [2.4394905590634735, 6.364928962004265], [2.441298412960658, 6.365652681924655], [2.441298412960658, 6.366014541884851], [2.442925481468124, 6.366014541884851], [2.443467837637279, 6.366738261805241], [2.443829408416716, 6.366738261805241], [2.4443717645858714, 6.367461981725632], [2.444733335365308, 6.367461981725632], [2.445275691534463, 6.366376401845045], [2.4438294084167156, 6.365290821964459], [2.4445525499755894, 6.364928962004265], [2.4445525499755894, 6.364205242083873], [2.4441909791961525, 6.363843382123679], [2.444733335365308, 6.363300592183385], [2.444010193806434, 6.362938732223189], [2.444010193806434, 6.362215012302799], [2.443648623026997, 6.361491292382408], [2.4429254814681234, 6.361491292382408], [2.442383125298968, 6.360767572462017], [2.4414791983503763, 6.360767572462017], [2.4411176275709394, 6.360948502442115]]], [[[2.4407560567915025, 6.360948502442115], [2.4409368421812205, 6.361129432422214], [2.4409368421812205, 6.360948502442115], [2.4407560567915025, 6.360948502442115]]], [[[2.4400329152326288, 6.362757802243093], [2.4402137006223468, 6.362395942282896], [2.4400329152326288, 6.362395942282896], [2.4400329152326288, 6.362757802243093]]], [[[2.4400329152326283, 6.362757802243092], [2.4398521298429103, 6.363119662203288], [2.4400329152326283, 6.363119662203288], [2.4400329152326283, 6.362757802243092]]], [[[2.4394905590634735, 6.363300592183385], [2.4394905590634735, 6.363843382123679], [2.4396713444531914, 6.363843382123679], [2.43985212984291, 6.363119662203287], [2.4394905590634735, 6.363300592183385]]]]}, "properties": {"name": "Abokicodji-Lagune", "commune": "COTONOU", "confidence": "HIGH", "area_m2": 260400.0, "perimeter_m": 3600.0, "road_length_m": 1981.2, "n_road_vertices": 42, "avg_dist_to_road_m": 59.7, "pct_area_near_road": 85.4, "color": "#44db71", "neighbours": ["Abokicodji-Centre", "Akpakpa-Dodomè", "Dédokpo", "Gbèdjèwin", "Missèbô", "Ohé", "Tokpa-Hoho"], "n_neighbours": 7, "manual_review_reasons": []}}, {"type": "Feature", "geometry": {"type": "Polygon", "coordinates": [[[2.4223159470402216, 6.372347091188268], [2.4219543762607847, 6.37307081110866], [2.4232198739888138, 6.373975461009148], [2.422858303209377, 6.374699180929539], [2.4232198739888138, 6.374699180929539], [2.423762230157969, 6.375422900849929], [2.4243045863271244, 6.375603830830027], [2.4239430155476875, 6.376508480730514], [2.423400659378532, 6.37687034069071], [2.423400659378532, 6.377413130631004], [2.4239430155476875, 6.377594060611101], [2.4243045863271244, 6.378136850551394], [2.424666157106561, 6.377955920571297], [2.4248469424962793, 6.377232200650906], [2.42593165483459, 6.377413130631004], [2.4261124402243084, 6.376870340690711], [2.4266547963934637, 6.377051270670808], [2.4270163671729006, 6.376327550750418], [2.428824221070085, 6.374518250949441], [2.4282818649009297, 6.373794531029049], [2.427920294121493, 6.373794531029049], [2.4273779379523375, 6.373070811108659], [2.4270163671729006, 6.373070811108659], [2.427197152562619, 6.372708951148463], [2.425750869444872, 6.372528021168366], [2.425570084055153, 6.372889881128561], [2.4253892986654346, 6.372528021168366], [2.424304586327124, 6.371985231228073], [2.422858303209377, 6.371985231228073], [2.4223159470402216, 6.372347091188268]]]}, "properties": {"name": "Jéricho-Nord", "commune": "COTONOU", "confidence": "HIGH", "area_m2": 275600.0, "perimeter_m": 3359.9, "road_length_m": 2070.6, "n_road_vertices": 48, "avg_dist_to_road_m": 55.8, "pct_area_near_road": 89.1, "color": "#4ac7a3", "neighbours": ["Aïdjèdo", "Aïdjèdo-Ahito", "Aïdjèdo-Vignon", "Fignon-Sikê", "Jéricho-Sud", "Sèdami"], "n_neighbours": 6, "manual_review_reasons": []}}, {"type": "Feature", "geometry": {"type": "Polygon", "coordinates": [[[2.2823880553981484, 6.456479531933683], [2.2820264846187115, 6.457746041794366], [2.2813033430598377, 6.457746041794366], [2.280941772280401, 6.458107901754563], [2.2816649138392746, 6.458650691694856], [2.281845699228993, 6.459374411615246], [2.2823880553981484, 6.459374411615246], [2.2827496261775853, 6.461002781436124], [2.2820264846187115, 6.461726501356515], [2.280941772280401, 6.461907431336613], [2.280218630721527, 6.462812081237101], [2.2782299914346242, 6.462812081237101], [2.277326064486032, 6.463354871177394], [2.2775068498757505, 6.464078591097786], [2.278049206044906, 6.464621381038079], [2.278049206044906, 6.467154400759446], [2.2782299914346242, 6.467154400759446], [2.278049206044906, 6.467516260719641], [2.2782299914346242, 6.467516260719641], [2.278591562214061, 6.469506490500715], [2.2782299914346242, 6.469687420480812], [2.2782299914346242, 6.470049280441008], [2.2775068498757505, 6.470049280441008], [2.2771452790963136, 6.470411140401203], [2.2771452790963136, 6.471134860321595], [2.277687635265469, 6.47149672028179], [2.277687635265469, 6.472401370182277], [2.276964493706595, 6.472763230142473], [2.276964493706595, 6.473125090102669], [2.277687635265469, 6.473486950062864], [2.278591562214061, 6.473306020082767], [2.278953132993498, 6.474029740003157], [2.27985705994209, 6.474391599963353], [2.2794954891626533, 6.475115319883742], [2.27985705994209, 6.475477179843939], [2.2811225576701193, 6.475115319883743], [2.281845699228993, 6.475839039804134], [2.2820264846187115, 6.477467409625013], [2.2831111969570217, 6.477286479644915], [2.2831111969570217, 6.4771055496648176], [2.284015123905614, 6.477467409625013], [2.284376694685051, 6.47692461968472], [2.286003763192517, 6.476743689704622], [2.2861845485822356, 6.478914849465794], [2.286726904751391, 6.479638569386185], [2.2865461193616725, 6.479819499366282], [2.286726904751391, 6.481809729147356], [2.2861845485822356, 6.482895309027942], [2.2861845485822356, 6.483438098968236], [2.2885347586485754, 6.4841618188886265], [2.289619470986886, 6.485066468789115], [2.2907041833251967, 6.484885538809017], [2.291608110273789, 6.485609258729408], [2.2921504664429437, 6.485609258729408], [2.292331251832662, 6.485066468789115], [2.2928736080018175, 6.485066468789115], [2.2932351787812544, 6.4847046088289195], [2.2954046034578757, 6.484885538809017], [2.2961277450167494, 6.483980888908529], [2.2961277450167494, 6.483257168988137], [2.2954046034578757, 6.483257168988137], [2.2954046034578757, 6.482171589107552], [2.2964893157961863, 6.481809729147357], [2.2964893157961863, 6.481266939207063], [2.295946959627031, 6.481086009226965], [2.2957661742373126, 6.480543219286672], [2.2954046034578757, 6.480543219286672], [2.2954046034578757, 6.479819499366282], [2.295043032678439, 6.479638569386184], [2.295043032678439, 6.479095779445892], [2.2954046034578757, 6.478372059525501], [2.2952238180681572, 6.4776483396051106], [2.296308530406468, 6.476562759724524], [2.2961277450167494, 6.476562759724524], [2.2961277450167494, 6.476019969784231], [2.2954046034578757, 6.475839039804133], [2.2954046034578757, 6.475115319883742], [2.295043032678439, 6.475115319883742], [2.295043032678439, 6.474391599963352], [2.2935967495606913, 6.474391599963352], [2.2935967495606913, 6.474029740003156], [2.293054393391536, 6.473848810023059], [2.293958320340128, 6.472944160122571], [2.2945006765092835, 6.472763230142474], [2.2945006765092835, 6.471496720281789], [2.2926928226120995, 6.471315790301691], [2.292512037222381, 6.471677650261887], [2.2921504664429437, 6.471677650261887], [2.2919696810532253, 6.470953930341496], [2.2899810417663224, 6.470773000361398], [2.2899810417663224, 6.470411140401203], [2.2896194709868856, 6.470230210421105], [2.2890771148177302, 6.469144630540519], [2.2890771148177302, 6.468239980640032], [2.2892579002074487, 6.468239980640032], [2.2892579002074487, 6.466792540799251], [2.290161827156041, 6.466611610819153], [2.2905233979354778, 6.465887890898762], [2.2905233979354778, 6.465164170978371], [2.2899810417663224, 6.464259521077882], [2.2892579002074487, 6.464078591097785], [2.2892579002074487, 6.463354871177395], [2.289438685597167, 6.463354871177395], [2.2892579002074487, 6.460640921475929], [2.287811617089701, 6.460459991495831], [2.2876308316999827, 6.460098131535636], [2.2863653339719536, 6.460098131535636], [2.286184548582235, 6.459555341595343], [2.285280621633643, 6.459374411615245], [2.2850998362439245, 6.45901255165505], [2.2850998362439245, 6.457926971774465], [2.2854614070233614, 6.45756511181427], [2.285280621633643, 6.457022321873976], [2.283653553126177, 6.457022321873976], [2.2831111969570217, 6.456479531933683], [2.2823880553981484, 6.456479531933683]]]}, "properties": {"name": "Adjagbo-Aïdjèdo", "commune": "ABOMEY-CALAVI", "confidence": "HIGH", "area_m2": 3557200.0, "perimeter_m": 13680.1, "road_length_m": 22086.5, "n_road_vertices": 980, "avg_dist_to_road_m": 60.0, "pct_area_near_road": 83.0, "color": "#cd4ddd", "neighbours": ["Adjagbo", "Dessato\n", "Drabo", "Ouéga-Agué", "Ouéga-Tokpa", "Somè"], "n_neighbours": 6, "manual_review_reasons": []}}, {"type": "Feature", "geometry": {"type": "Polygon", "coordinates": [[[2.321799270356768, 6.577883548579217], [2.3194490602904287, 6.580235638320486], [2.3178219917829628, 6.580416568300584], [2.317460421003526, 6.581618546593967], [2.318725918731555, 6.58313051800205], [2.3210761287978947, 6.588377487424882], [2.3213178123738416, 6.5898249272656635], [2.3217992703567685, 6.590005857245761], [2.3227031973053607, 6.591091437126347], [2.3227031973053607, 6.591996087026835], [2.322341626525924, 6.591996087026835], [2.322341626525924, 6.593262596887518], [2.3216412252578422, 6.593624456847714], [2.321980055746487, 6.596519336529277], [2.3220459899170245, 6.600318866111328], [2.323607124253953, 6.5995951461909375], [2.323607124253953, 6.599776076171035], [2.324149480423108, 6.599776076171035], [2.3259573343202926, 6.6006807260715235], [2.326138119710011, 6.601042586031719], [2.327584402827758, 6.601404445991914], [2.327584402827758, 6.601042586031719], [2.330476969063253, 6.598147706350156], [2.33083853984269, 6.598147706350156], [2.3317424667912823, 6.597243056449668], [2.331561681401564, 6.595976546588983], [2.3310193252324085, 6.594890966708397], [2.3310193252324085, 6.594348176768104], [2.330476969063253, 6.593624456847714], [2.330476969063253, 6.593081666907421], [2.329573042114661, 6.592177017006932], [2.329573042114661, 6.591815157046737], [2.3284883297763503, 6.590548647186053], [2.3277651882174766, 6.589101207345272], [2.3277651882174766, 6.588377487424882], [2.327945973607195, 6.588377487424882], [2.3284883297763503, 6.5865681876239055], [2.329573042114661, 6.585844467703515], [2.329573042114661, 6.583673307942342], [2.3284883297763503, 6.582225868101561], [2.3277651882174766, 6.581864008141365], [2.328307544386632, 6.580959358240878], [2.328307544386632, 6.579511918400096], [2.327945973607195, 6.578969128459803], [2.326318905099729, 6.578788198479705], [2.326318905099729, 6.578607268499607], [2.323426338864234, 6.578969128459803], [2.321799270356768, 6.577883548579217]]]}, "properties": {"name": "Gbodjoko", "commune": "ABOMEY-CALAVI", "confidence": "MEDIUM", "area_m2": 2287252.9, "perimeter_m": 9143.2, "road_length_m": 6250.7, "n_road_vertices": 300, "avg_dist_to_road_m": 125.8, "pct_area_near_road": 50.9, "color": "#42d0c2", "neighbours": ["Adjogansa", "Alladacomè", "Golo-Fanto", "Zinvié-Agolèdji"], "n_neighbours": 4, "manual_review_reasons": []}}, {"type": "Feature", "geometry": {"type": "Polygon", "coordinates": [[[2.3340926768576225, 6.429520964899131], [2.334273462247341, 6.429701894879228], [2.333550320688467, 6.430425614799619], [2.3321040375707196, 6.430244684819521], [2.3321040375707196, 6.4306065447797165], [2.3315616814015643, 6.430787474759814], [2.331380896011846, 6.431511194680205], [2.330296183673535, 6.4316921246603025], [2.3304769690632536, 6.4327777045408885], [2.3295730421146614, 6.433682354441377], [2.32975382750438, 6.434587004341865], [2.329392256724943, 6.434767934321963], [2.3295730421146614, 6.435672584222452], [2.32975382750438, 6.435672584222452], [2.3295730421146614, 6.436215374162745], [2.3299346128940983, 6.436396304142843], [2.3301153982838168, 6.437662814003526], [2.331200110622127, 6.437481884023429], [2.3313808960118454, 6.437120024063233], [2.332104037570719, 6.437300954043331], [2.3322848229604376, 6.436939094083136], [2.332646393739875, 6.436939094083136], [2.3328271791295934, 6.437481884023429], [2.334273462247341, 6.437300954043331], [2.3349966038062147, 6.438386533923917], [2.33553895997537, 6.438386533923917], [2.3366236723136806, 6.439110253844308], [2.338069955431428, 6.438567463904015], [2.3382507408211466, 6.438748393884112], [2.338069955431428, 6.439653043784601], [2.338612311600583, 6.439653043784601], [2.338612311600583, 6.439291183824405], [2.3389738823800204, 6.439110253844308], [2.3393354531594572, 6.439833973764698], [2.3402393801080494, 6.439833973764698], [2.3406009508874863, 6.440376763704991], [2.341504877836078, 6.440195833724894], [2.3413240924463596, 6.440014903744795], [2.3413240924463596, 6.439472113804503], [2.3416856632257965, 6.439110253844308], [2.341504877836078, 6.438567463904015], [2.342228019394952, 6.438205603943819], [2.342228019394952, 6.437843743983624], [2.342770375564107, 6.437300954043331], [2.342770375564107, 6.436758164103038], [2.343855087902418, 6.437300954043331], [2.3436743025126994, 6.436939094083135], [2.343855087902418, 6.435853514202549], [2.343493517122981, 6.435672584222451], [2.343493517122981, 6.435310724262257], [2.343855087902418, 6.434948864302061], [2.34475901485101, 6.434948864302061], [2.3445782294612916, 6.4344060743617675], [2.3442166586818547, 6.43422514438167], [2.344397444071573, 6.433682354441378], [2.34475901485101, 6.43350142446128], [2.3442166586818547, 6.432415844580694], [2.3449398002407285, 6.432234914600596], [2.345120585630447, 6.4316921246603025], [2.344397444071573, 6.430244684819521], [2.3440358732921363, 6.4300637548394235], [2.3440358732921363, 6.429701894879228], [2.343855087902418, 6.4295209648991305], [2.3431319463435445, 6.429882824859326], [2.342047234005234, 6.429701894879228], [2.342047234005234, 6.429882824859326], [2.34132409244636, 6.429882824859326], [2.340600950887486, 6.430244684819521], [2.3400585947183306, 6.429882824859326], [2.339877809328612, 6.429159104938935], [2.339154667769739, 6.4295209648991305], [2.3384315262108646, 6.4295209648991305], [2.3380699554314277, 6.429340034919033], [2.3378891700417093, 6.42879724497874], [2.3373468138725544, 6.429159104938935], [2.337166028482836, 6.429701894879228], [2.3368044577033986, 6.4295209648991305], [2.3355389599753695, 6.429701894879228], [2.334996603806214, 6.429340034919033], [2.334996603806214, 6.4289781749588375], [2.334273462247341, 6.4289781749588375], [2.3340926768576225, 6.429520964899131]]]}, "properties": {"name": "Tchinangbégbo\n", "commune": "ABOMEY-CALAVI", "confidence": "HIGH", "area_m2": 1468800.0, "perimeter_m": 7839.8, "road_length_m": 19277.1, "n_road_vertices": 628, "avg_dist_to_road_m": 32.0, "pct_area_near_road": 99.8, "color": "#ca714a", "neighbours": ["Alédjo\n", "Fifonsi\n", "Finafa\n", "Tankpè-Tanmè", "Tokpa-Zoungo-Nord\n", "Zogbadjè"], "n_neighbours": 6, "manual_review_reasons": []}}, {"type": "Feature", "geometry": {"type": "MultiPolygon", "coordinates": [[[[2.402429554171193, 6.345207594173618], [2.402067983391756, 6.348826193775572], [2.4022487687814746, 6.349188053735768], [2.403152695730067, 6.349368983715865], [2.4029719103403484, 6.351178283516842], [2.4038758372889406, 6.351902003437233], [2.4038758372889406, 6.352444793377525], [2.4035142665095037, 6.352625723357622], [2.4026103395609115, 6.352444793377525], [2.4022487687814746, 6.35280665333772], [2.402429554171193, 6.353711303238209], [2.403152695730067, 6.353711303238209], [2.4033334811197853, 6.354615953138698], [2.404598978847814, 6.354615953138698], [2.404960549627251, 6.354254093178502], [2.4056836911861246, 6.3544350231586], [2.405864476575843, 6.353892233218307], [2.4074915450833094, 6.353711303238209], [2.407672330473028, 6.354254093178501], [2.406949188914154, 6.354796883118794], [2.407310759693591, 6.355158743078991], [2.4071299743038725, 6.356063392979479], [2.4078531158627463, 6.356425252939674], [2.4087570428113385, 6.356425252939674], [2.4087570428113385, 6.35678711289987], [2.4092993989804934, 6.357148972860065], [2.4092993989804934, 6.356968042879967], [2.4102033259290856, 6.356968042879967], [2.4105648967085225, 6.356606182919772], [2.411649609046833, 6.356606182919772], [2.411649609046833, 6.356425252939674], [2.41201117982627, 6.356606182919772], [2.412372750605707, 6.356244322959577], [2.4121919652159884, 6.355520603039186], [2.4125535359954258, 6.355701533019284], [2.413819033723455, 6.355520603039186], [2.4141806045028917, 6.356063392979479], [2.414542175282328, 6.356063392979479], [2.414542175282328, 6.354615953138697], [2.4141806045028913, 6.354254093178501], [2.4141806045028913, 6.353711303238209], [2.4150845314514835, 6.353168513297916], [2.4150845314514835, 6.352082933417329], [2.414542175282328, 6.352082933417329], [2.413999819113173, 6.350997353536744], [2.4143613898926097, 6.350635493576549], [2.414542175282328, 6.349549913695963], [2.414903746061765, 6.349368983715865], [2.414903746061765, 6.348102473855181], [2.4141806045028913, 6.347559683914888], [2.4141806045028913, 6.347197823954693], [2.414903746061765, 6.3466550340144], [2.4147229606720466, 6.345388524153716], [2.4143613898926097, 6.345207594173618], [2.4143613898926097, 6.344845734213424], [2.4147229606720466, 6.344845734213424], [2.414903746061765, 6.344483874253228], [2.416169243789794, 6.344483874253228], [2.416169243789794, 6.344302944273131], [2.4172539561281052, 6.344483874253228], [2.4177963122972606, 6.344845734213424], [2.418338668466416, 6.346293174054205], [2.419604166194445, 6.346474104034303], [2.4201465223636003, 6.346835963994498], [2.4208696639224736, 6.346474104034303], [2.4223159470402216, 6.346293174054205], [2.42249673242994, 6.3466550340144], [2.4230390885990953, 6.3466550340144], [2.4230390885990953, 6.346835963994498], [2.4277395087317744, 6.347016893974596], [2.4293665772392403, 6.346112244074107], [2.4295473626289588, 6.345026664193521], [2.4299089334083956, 6.344483874253228], [2.4315360019158616, 6.343822417560308], [2.4042374080683775, 6.34439375660816], [2.4029719103403484, 6.3444838742532275], [2.40279112495063, 6.3450266641935205], [2.402429554171193, 6.345207594173618]], [[2.408757042811338, 6.349007123755669], [2.4089378282010565, 6.348645263795475], [2.409299398980494, 6.348645263795475], [2.409299398980494, 6.349007123755669], [2.408757042811338, 6.349007123755669]]], [[[2.4347901389307935, 6.344483874253228], [2.4346093535410755, 6.344375190667831], [2.4346093535410755, 6.344483874253228], [2.4347901389307935, 6.344483874253228]]], [[[2.4356940658793858, 6.344664804233326], [2.435151709710231, 6.3444838742532275], [2.435151709710231, 6.344664804233326], [2.4356940658793858, 6.344664804233326]]], [[[2.437682705166289, 6.345388524153717], [2.4387674175045992, 6.345388524153717], [2.4387674175045992, 6.345123019577233], [2.435694065879386, 6.344664804233325], [2.435694065879386, 6.344845734213424], [2.437682705166289, 6.345207594173619], [2.437682705166289, 6.345388524153717]]]]}, "properties": {"name": "Ahouanlèko", "commune": "COTONOU", "confidence": "HIGH", "area_m2": 2040689.8, "perimeter_m": 13094.9, "road_length_m": 21385.4, "n_road_vertices": 618, "avg_dist_to_road_m": 68.6, "pct_area_near_road": 79.1, "color": "#4fdd80", "neighbours": ["Cadjèhoun-Aupiais", "Gbèdiga-Guêdêhounguè", "Haie-Vive-Cocotiers", "Xwlacôdji-Kpodji", "Zongo-Ehuzu", "Zongo-Nima"], "n_neighbours": 6, "manual_review_reasons": []}}, {"type": "Feature", "geometry": {"type": "Polygon", "coordinates": [[[2.363527239632981, 6.371804301247976], [2.3641030515508836, 6.371623371267878], [2.36446462233032, 6.372166161208171], [2.364826193109757, 6.371623371267878], [2.3655493346686307, 6.371442441287781], [2.3650069784994754, 6.370537791387291], [2.3650069784994754, 6.370175931427097], [2.3653685492789123, 6.370175931427097], [2.3653685492789123, 6.36909035154651], [2.364826193109757, 6.368366631626119], [2.3650069784994754, 6.367823841685827], [2.3655493346686307, 6.367823841685827], [2.3655493346686307, 6.36764291170573], [2.3671764031760967, 6.367823841685827], [2.367357188565815, 6.367461981725632], [2.3682611155144073, 6.367281051745534], [2.3682611155144073, 6.366376401845046], [2.3684419009041258, 6.366376401845046], [2.3684419009041258, 6.365652681924654], [2.368080330124689, 6.365290821964459], [2.3682611155144073, 6.364205242083873], [2.367899544734971, 6.364024312103775], [2.3675379739555336, 6.364386172063971], [2.3671764031760967, 6.364024312103775], [2.3675379739555336, 6.363662452143581], [2.367357188565815, 6.363300592183385], [2.3668148323966602, 6.363300592183385], [2.366634047006942, 6.363843382123678], [2.365910905448068, 6.364567102044068], [2.3651877638891943, 6.364567102044068], [2.364645407720039, 6.364928962004264], [2.36358905382091, 6.364748032024166], [2.363527239632981, 6.371804301247976]]]}, "properties": {"name": "Hlazounto", "commune": "COTONOU", "confidence": "HIGH", "area_m2": 271782.9, "perimeter_m": 3597.5, "road_length_m": 14778.1, "n_road_vertices": 460, "avg_dist_to_road_m": 45.2, "pct_area_near_road": 89.9, "color": "#a73fcd", "neighbours": ["Adjaha-Cité", "Agla-Agongbomey", "Agla-Finafa", "Fidjrossè-Kpota"], "n_neighbours": 4, "manual_review_reasons": []}}, {"type": "Feature", "geometry": {"type": "Polygon", "coordinates": [[[2.470947216874482, 6.3853740497553], [2.4698625045361715, 6.3853740497553], [2.4698625045361715, 6.385916839695593], [2.468777792197861, 6.386097769675691], [2.468777792197861, 6.3877261394965705], [2.4691393629772977, 6.387907069476668], [2.4691393629772977, 6.388811719377156], [2.4689585775875793, 6.388992649357253], [2.4682354360287055, 6.388811719377156], [2.4682354360287055, 6.3893545093174495], [2.4685970068081424, 6.3893545093174495], [2.4685970068081424, 6.3898972992577425], [2.468777792197861, 6.3898972992577425], [2.468777792197861, 6.391163809118426], [2.469320148367016, 6.3915256690786215], [2.469320148367016, 6.391887529038817], [2.469681719146453, 6.3920684590189145], [2.47004328992589, 6.392792178939305], [2.470404860705327, 6.396048918581063], [2.4803480571398406, 6.394963338700477], [2.47926334480153, 6.392792178939304], [2.478901774022093, 6.392611248959207], [2.478359417852938, 6.391163809118425], [2.477997847073501, 6.390982879138328], [2.477636276294064, 6.389897299257742], [2.477274705514627, 6.389716369277644], [2.476732349345472, 6.388268929436863], [2.4761899931763165, 6.38772613949657], [2.4761899931763165, 6.3871833495562775], [2.4765515639557534, 6.38700241957618], [2.4765515639557534, 6.386097769675691], [2.476370778566035, 6.386097769675691], [2.4765515639557534, 6.384650329834909], [2.4760092077865985, 6.384469399854812], [2.4760092077865985, 6.384831259815007], [2.4752860662277247, 6.384831259815007], [2.4747437100585694, 6.385193119775202], [2.4736589977202588, 6.384831259815007], [2.472574285381948, 6.3853740497553], [2.471851143823074, 6.3853740497553], [2.4711280022642006, 6.384831259815007], [2.470947216874482, 6.3853740497553]]]}, "properties": {"name": "Yénawa-Daho", "commune": "COTONOU", "confidence": "MEDIUM", "area_m2": 1097201.2, "perimeter_m": 5662.7, "road_length_m": 5708.3, "n_road_vertices": 154, "avg_dist_to_road_m": 234.8, "pct_area_near_road": 45.9, "color": "#ca3a84", "neighbours": ["Avotrou-Aïmonlonfidé", "Tchanhounkpamè", "Yénawa"], "n_neighbours": 3, "manual_review_reasons": []}}, {"type": "Feature", "geometry": {"type": "Polygon", "coordinates": [[[2.3272228320483217, 6.373975461009147], [2.3275844028277586, 6.374699180929539], [2.3275844028277586, 6.375241970869831], [2.3266804758791664, 6.375603830830026], [2.326499690489448, 6.376327550750417], [2.3255957635408557, 6.376146620770319], [2.326138119710011, 6.377051270670807], [2.3254149781511373, 6.377232200650905], [2.3254149781511373, 6.37849871051159], [2.325776548930574, 6.378679640491687], [2.325776548930574, 6.379403360412077], [2.3255957635408557, 6.379403360412077], [2.3255957635408557, 6.380669870272761], [2.3246918365922635, 6.381031730232956], [2.3246918365922635, 6.3817554501533476], [2.3250534073717004, 6.382479170073738], [2.3259573343202926, 6.3822982400936406], [2.3263189050997295, 6.383564749954324], [2.326861261268885, 6.383564749954324], [2.32740361743804, 6.384107539894617], [2.328307544386632, 6.384107539894617], [2.3284883297763503, 6.383745679934422], [2.329030685945506, 6.383745679934422], [2.3295730421146614, 6.384288469874715], [2.329934612894098, 6.3839266099145195], [2.33083853984269, 6.3839266099145195], [2.331200110622127, 6.3833838199742265], [2.3317424667912823, 6.3833838199742265], [2.3319232521810007, 6.383021960014031], [2.333731106078185, 6.382479170073738], [2.3339118914679036, 6.381936380133444], [2.3335503206884667, 6.381393590193152], [2.334092676857622, 6.3812126602130546], [2.334092676857622, 6.380669870272762], [2.334454247637059, 6.380669870272762], [2.3346350330267773, 6.380308010312565], [2.3342734622473404, 6.380127080332468], [2.334092676857622, 6.379222430431979], [2.3333695352987482, 6.378860570471784], [2.333731106078185, 6.37849871051159], [2.333731106078185, 6.377774990591198], [2.33318874990903, 6.3775940606111], [2.33318874990903, 6.376327550750417], [2.3330079645193114, 6.376327550750417], [2.3333695352987482, 6.375965690790222], [2.33318874990903, 6.375603830830026], [2.3333695352987482, 6.374880110909635], [2.3326463937398745, 6.375241970869831], [2.3326463937398745, 6.374880110909635], [2.332104037570719, 6.374337320969342], [2.3317424667912827, 6.374337320969342], [2.331380896011846, 6.374880110909635], [2.331200110622127, 6.37451825094944], [2.329934612894098, 6.374880110909635], [2.329573042114661, 6.374156390989245], [2.3288499005557872, 6.374156390989245], [2.328307544386632, 6.373794531029049], [2.3272228320483217, 6.373975461009147]]]}, "properties": {"name": "Dèkoungbé\n", "commune": "ABOMEY-CALAVI", "confidence": "HIGH", "area_m2": 874400.0, "perimeter_m": 5520.0, "road_length_m": 10701.3, "n_road_vertices": 332, "avg_dist_to_road_m": 37.7, "pct_area_near_road": 96.6, "color": "#49da4d", "neighbours": ["Abikouholi\n", "Agbo Codji Sèdégbé", "Atrokpo-Codji", "Dénou\n", "Fignonhou\n", "Ningboto\n", "Ounvènoumèdé\n"], "n_neighbours": 7, "manual_review_reasons": []}}, {"type": "Feature", "geometry": {"type": "Polygon", "coordinates": [[[2.3192682749007103, 6.433501424461279], [2.318364347952118, 6.433501424461279], [2.3181835625623997, 6.433682354441377], [2.318364347952118, 6.43422514438167], [2.3178219917829628, 6.43422514438167], [2.3178219917829628, 6.4349488643020605], [2.316737279444652, 6.435310724262256], [2.316737279444652, 6.4360344441826465], [2.316194923275497, 6.436215374162744], [2.3160141378857784, 6.436758164103037], [2.315110210937186, 6.436758164103037], [2.3149294255474677, 6.437843743983623], [2.3143870693783124, 6.437843743983623], [2.3143870693783124, 6.439110253844307], [2.313844713209157, 6.440195833724893], [2.313844713209157, 6.441462343585577], [2.3140254985988755, 6.441462343585577], [2.313844713209157, 6.442728853446261], [2.314206283988594, 6.443271643386554], [2.3147486401577493, 6.443452573366652], [2.3147486401577493, 6.443995363306945], [2.315110210937186, 6.443995363306945], [2.315110210937186, 6.444538153247238], [2.31583335249606, 6.444538153247238], [2.3160141378857784, 6.445080943187531], [2.317098850224089, 6.444900013207433], [2.317098850224089, 6.445623733127824], [2.318002777172681, 6.445804663107921], [2.318002777172681, 6.446166523068117], [2.3187259187315545, 6.446166523068117], [2.3187259187315545, 6.445804663107921], [2.319629845680147, 6.445804663107921], [2.319629845680147, 6.446528383028311], [2.3194490602904287, 6.446528383028311], [2.319629845680147, 6.446890242988507], [2.320714558018458, 6.44670931300841], [2.3212569141876127, 6.447071172968605], [2.3216184849670496, 6.446347453048214], [2.322160841136205, 6.446166523068117], [2.3223416265259234, 6.445623733127824], [2.3227031973053607, 6.445623733127824], [2.323245553474516, 6.446347453048214], [2.3236071242539524, 6.446347453048214], [2.3241494804231078, 6.445261873167628], [2.3248726219819815, 6.445442803147726], [2.3252341927614184, 6.445080943187531], [2.3252341927614184, 6.444176293287042], [2.3261381197100106, 6.44435722326714], [2.326680475879166, 6.443452573366652], [2.3270420466586033, 6.443452573366652], [2.3272228320483217, 6.443995363306945], [2.327945973607195, 6.443814433326847], [2.3277651882174766, 6.442728853446261], [2.3284883297763503, 6.442728853446261], [2.3284883297763503, 6.441824203545773], [2.328669115166069, 6.441824203545773], [2.328669115166069, 6.441281413605479], [2.328307544386632, 6.441100483625381], [2.328307544386632, 6.440738623665187], [2.3284883297763503, 6.440376763704991], [2.3290306859455057, 6.440376763704991], [2.3290306859455057, 6.440014903744795], [2.3284883297763503, 6.440014903744795], [2.3284883297763503, 6.439472113804503], [2.3290306859455057, 6.439472113804503], [2.3290306859455057, 6.438929323864209], [2.3284883297763503, 6.438386533923916], [2.3284883297763503, 6.438024673963722], [2.329211471335224, 6.438024673963722], [2.3290306859455057, 6.437300954043331], [2.3293922567249425, 6.437120024063233], [2.3297538275043794, 6.436215374162744], [2.328669115166069, 6.435672584222451], [2.3281267589969135, 6.435672584222451], [2.327945973607195, 6.4349488643020605], [2.327584402827758, 6.4349488643020605], [2.3274036174380397, 6.434587004341865], [2.326861261268885, 6.434767934321963], [2.3266804758791664, 6.4354916542423535], [2.326318905099729, 6.4354916542423535], [2.3261381197100106, 6.435129794282158], [2.3252341927614184, 6.4354916542423535], [2.324691836592263, 6.4349488643020605], [2.3241494804231078, 6.4349488643020605], [2.3239686950333893, 6.4344060743617675], [2.3232455534745156, 6.434767934321963], [2.3223416265259234, 6.432958634520986], [2.321256914187613, 6.433139564501084], [2.321256914187613, 6.4333204944811815], [2.320895343408176, 6.432958634520986], [2.320352987239021, 6.432958634520986], [2.3192682749007103, 6.433501424461279]]]}, "properties": {"name": "Fifonsi\n", "commune": "ABOMEY-CALAVI", "confidence": "HIGH", "area_m2": 1859200.0, "perimeter_m": 8200.0, "road_length_m": 24601.5, "n_road_vertices": 934, "avg_dist_to_road_m": 31.4, "pct_area_near_road": 99.9, "color": "#c7b847", "neighbours": ["Alédjo\n", "Aïdégnon\n", "Tankpè-Tanmè", "Tankpê-Yoho", "Tchinangbégbo\n", "Tokan"], "n_neighbours": 6, "manual_review_reasons": []}}, {"type": "Feature", "geometry": {"type": "Polygon", "coordinates": [[[2.3122176447016907, 6.4278925950782515], [2.311313717753099, 6.4284353850185445], [2.310771361583943, 6.4284353850185445], [2.3105905761942247, 6.428073525058349], [2.31004822002507, 6.428073525058349], [2.31004822002507, 6.4284353850185445], [2.3096866492456325, 6.428254455038447], [2.3087827222970407, 6.4284353850185445], [2.3086019369073223, 6.428797244978741], [2.308963507686759, 6.429159104938936], [2.308963507686759, 6.4300637548394235], [2.3086019369073223, 6.430244684819521], [2.3071556537895743, 6.430425614799619], [2.306974868399856, 6.4300637548394235], [2.3066132976204194, 6.4300637548394235], [2.3066132976204194, 6.430244684819521], [2.305528585282109, 6.430244684819521], [2.305528585282109, 6.430606544779717], [2.3058901560615457, 6.43114933472001], [2.3058901560615457, 6.432234914600596], [2.306794083010138, 6.432415844580694], [2.306794083010138, 6.432958634520987], [2.3071556537895748, 6.433139564501085], [2.3078787953484485, 6.432958634520987], [2.308059580738167, 6.43350142446128], [2.308963507686759, 6.433682354441378], [2.3086019369073223, 6.436215374162745], [2.309325078466196, 6.43657723412294], [2.309325078466196, 6.437481884023429], [2.3102290054147883, 6.437481884023429], [2.3102290054147883, 6.438386533923917], [2.310590576194225, 6.438748393884112], [2.310771361583943, 6.438567463904015], [2.3114945031428173, 6.438748393884112], [2.3114945031428173, 6.439472113804503], [2.3118560739222542, 6.439472113804503], [2.312217644701691, 6.440014903744796], [2.312579215481128, 6.44200513352587], [2.3127600008708464, 6.44200513352587], [2.3127600008708464, 6.442547923466163], [2.313121571650283, 6.442728853446261], [2.313121571650283, 6.442547923466163], [2.314025498598875, 6.442366993486066], [2.3138447132091566, 6.440195833724894], [2.314387069378312, 6.439110253844308], [2.314387069378312, 6.437843743983624], [2.3149294255474673, 6.437843743983624], [2.3149294255474673, 6.437300954043331], [2.3151102109371857, 6.437300954043331], [2.3149294255474673, 6.436939094083136], [2.316014137885778, 6.436758164103038], [2.3161949232754964, 6.436215374162745], [2.3167372794446517, 6.436034444182647], [2.3167372794446517, 6.435310724262257], [2.3178219917829623, 6.434948864302061], [2.3178219917829623, 6.434225144381671], [2.3183643479521177, 6.434225144381671], [2.318183562562399, 6.433682354441378], [2.3187259187315545, 6.43350142446128], [2.3187259187315545, 6.433139564501084], [2.318183562562399, 6.432596774560791], [2.318545133341836, 6.432053984620499], [2.318545133341836, 6.430425614799619], [2.318183562562399, 6.430425614799619], [2.3178219917829623, 6.429701894879228], [2.3174604210035255, 6.4295209648991305], [2.3174604210035255, 6.429159104938935], [2.31691806483437, 6.4289781749588375], [2.317279635613807, 6.428616314998643], [2.31691806483437, 6.427892595078252], [2.3174604210035255, 6.427530735118057], [2.317279635613807, 6.426987945177764], [2.317641206393244, 6.426626085217569], [2.3174604210035255, 6.425902365297177], [2.3158333524960595, 6.426083295277275], [2.315652567106341, 6.4257214353170795], [2.3151102109371857, 6.4257214353170795], [2.3149294255474673, 6.425359575356884], [2.3142062839885935, 6.425359575356884], [2.3142062839885935, 6.424816785416591], [2.313844713209157, 6.424816785416591], [2.31348314242972, 6.425359575356884], [2.3133023570400013, 6.4251786453767865], [2.3118560739222542, 6.425359575356884], [2.3123984300914096, 6.425902365297178], [2.3127600008708464, 6.425902365297178], [2.312940786260565, 6.428073525058349], [2.3122176447016907, 6.428073525058349], [2.3122176447016907, 6.4278925950782515]]]}, "properties": {"name": "Tankpê-Yoho", "commune": "ABOMEY-CALAVI", "confidence": "HIGH", "area_m2": 1382800.0, "perimeter_m": 8200.2, "road_length_m": 18332.7, "n_road_vertices": 896, "avg_dist_to_road_m": 27.7, "pct_area_near_road": 99.6, "color": "#df44d5", "neighbours": ["Alègléta", "Fifonsi\n", "Houèto", "Maria-Gléta\n", "Tankpè-Tanmè", "Tankpè-Togoudo", "Tokan"], "n_neighbours": 7, "manual_review_reasons": []}}, {"type": "Feature", "geometry": {"type": "Polygon", "coordinates": [[[2.2767837083168767, 6.396772638501453], [2.2758797813682845, 6.397858218382039], [2.2762413521477214, 6.401838677944188], [2.276060566758003, 6.401838677944188], [2.276060566758003, 6.403105187804871], [2.2758797813682845, 6.403105187804871], [2.275698995978566, 6.406000067486435], [2.278591562214061, 6.407447507327216], [2.2794954891626533, 6.408533087207802], [2.280218630721527, 6.4088949471679975], [2.280580201500964, 6.409799597068486], [2.281484128449556, 6.410704246968974], [2.281845699228993, 6.410704246968974], [2.2820264846187115, 6.411247036909267], [2.282568840787867, 6.411427966889365], [2.2836535531261775, 6.4126944767500484], [2.284015123905614, 6.412513546769951], [2.286003763192517, 6.412513546769951], [2.2861845485822356, 6.4126944767500484], [2.286365333971954, 6.413418196670439], [2.287088475530828, 6.41414191659083], [2.287088475530828, 6.414684706531122], [2.2865461193616725, 6.41558935643161], [2.285099836243925, 6.416132146371903], [2.285099836243925, 6.416855866292295], [2.286003763192517, 6.418122376152978], [2.287088475530828, 6.422826555635518], [2.2916081102737884, 6.422283765695225], [2.291788895663507, 6.421740975754932], [2.2925120372223806, 6.421740975754932], [2.2928736080018175, 6.421017255834541], [2.2935967495606913, 6.420655395874346], [2.2935967495606913, 6.419931675953955], [2.2945006765092835, 6.419750745973857], [2.294319891119565, 6.418303306133075], [2.2941391057298466, 6.418303306133075], [2.2945006765092835, 6.417760516192783], [2.2945006765092835, 6.4170367962723915], [2.294319891119565, 6.416855866292294], [2.293235178781255, 6.416855866292294], [2.292873608001818, 6.417217726252489], [2.2925120372223806, 6.4170367962723915], [2.292331251832662, 6.415951216391806], [2.292692822612099, 6.415770286411709], [2.292692822612099, 6.415227496471415], [2.2921504664429437, 6.415046566491317], [2.2921504664429437, 6.414503776551025], [2.292692822612099, 6.414322846570927], [2.2928736080018175, 6.413599126650536], [2.2925120372223806, 6.413599126650536], [2.2919696810532253, 6.412875406730145], [2.2919696810532253, 6.4121516868097554], [2.2921504664429437, 6.4121516868097554], [2.291788895663507, 6.411789826849559], [2.2919696810532253, 6.410523316988876], [2.2916081102737884, 6.410523316988876], [2.29142732488407, 6.409980527048583], [2.2908849687149146, 6.409618667088387], [2.29142732488407, 6.409256807128193], [2.290704183325196, 6.408171227247606], [2.291065754104633, 6.407990297267509], [2.291065754104633, 6.407266577347118], [2.290704183325196, 6.40708564736702], [2.290704183325196, 6.4067237874068255], [2.2908849687149146, 6.4067237874068255], [2.2908849687149146, 6.405819137506337], [2.29142732488407, 6.4056382075262395], [2.291065754104633, 6.405276347566043], [2.291065754104633, 6.404371697665556], [2.29142732488407, 6.404371697665556], [2.29142732488407, 6.40400983770536], [2.2905233979354778, 6.403828907725262], [2.2905233979354778, 6.4029242578247745], [2.2908849687149146, 6.4029242578247745], [2.2908849687149146, 6.402562397864578], [2.2903426125457593, 6.402200537904383], [2.2903426125457593, 6.40165774796409], [2.2899810417663224, 6.401476817983992], [2.2899810417663224, 6.400934028043699], [2.2896194709868856, 6.400753098063602], [2.289800256376604, 6.399486588202919], [2.2908849687149146, 6.3985819383024305], [2.290704183325196, 6.398039148362137], [2.2892579002074487, 6.397134498461648], [2.2876308316999827, 6.397134498461648], [2.2876308316999827, 6.396953568481551], [2.2874500463102647, 6.397134498461648], [2.283653553126177, 6.397315428441746], [2.283653553126177, 6.397134498461648], [2.2818456992289926, 6.396953568481551], [2.281122557670119, 6.396410778541258], [2.2796762745523713, 6.396410778541258], [2.2796762745523713, 6.39622984856116], [2.2787723476037796, 6.39622984856116], [2.2787723476037796, 6.396410778541258], [2.2767837083168767, 6.396772638501453]]]}, "properties": {"name": "Womey-Yénawa", "commune": "ABOMEY-CALAVI", "confidence": "HIGH", "area_m2": 3334000.0, "perimeter_m": 11960.1, "road_length_m": 23196.4, "n_road_vertices": 1148, "avg_dist_to_road_m": 99.4, "pct_area_near_road": 68.1, "color": "#c93e43", "neighbours": ["Ahouato", "Cococodji", "Fandji\n", "Gbodjè-Womey\n", "Maria-Gléta\n", "Sodo\n", "Sogan"], "n_neighbours": 7, "manual_review_reasons": []}}, {"type": "Feature", "geometry": {"type": "Polygon", "coordinates": [[[2.375311745713427, 6.673233648090687], [2.3742270333751163, 6.674319227971273], [2.372419179477932, 6.675223877871761], [2.372057608698495, 6.675947597792152], [2.3715152525293397, 6.676128527772249], [2.3715152525293397, 6.678842477473715], [2.375673316492864, 6.682822937035864], [2.375673316492864, 6.683184796996059], [2.376938814220893, 6.683184796996059], [2.376938814220893, 6.683365726976157], [2.379289024287232, 6.683184796996059], [2.379289024287232, 6.6830038670159615], [2.3810968781844166, 6.682642007055766], [2.3814584489638535, 6.682280147095571], [2.3821815905227277, 6.682280147095571], [2.3829047320816015, 6.682822937035864], [2.384531800589067, 6.683184796996059], [2.3850741567582223, 6.682642007055766], [2.3850741567582223, 6.682280147095571], [2.385797298317096, 6.681737357155278], [2.385797298317096, 6.6813754971950825], [2.38652043987597, 6.6808327072547895], [2.38652043987597, 6.680470847294594], [2.387062796045125, 6.680108987334399], [2.387062796045125, 6.6797471273742035], [2.387785937603999, 6.6792043374339105], [2.387785937603999, 6.678842477473715], [2.3885090791628727, 6.678299687533422], [2.3885090791628727, 6.677937827573227], [2.389051435332028, 6.6775759676130315], [2.3895937915011833, 6.675766667812055], [2.3904977184497755, 6.673957368011078], [2.3928479285161153, 6.6732336480906875], [2.3928479285161153, 6.67305271811059], [2.3944749970235812, 6.672871788130492], [2.3944749970235812, 6.6726908581503945], [2.3973675632590763, 6.672509928170297], [2.3973675632590763, 6.672328998190199], [2.402610339560911, 6.6721480682101015], [2.4036950518992217, 6.6716052782698085], [2.4044181934580955, 6.6716052782698085], [2.404960549627251, 6.6710624883295155], [2.40622604735528, 6.6705196983892225], [2.4064068327449983, 6.670157838429027], [2.4080339012524643, 6.6694341185086365], [2.408757042811338, 6.668710398588246], [2.410022540539367, 6.668167608647953], [2.410022540539367, 6.667805748687757], [2.402248768781474, 6.660025759543557], [2.4018871980020373, 6.660025759543557], [2.401344841832882, 6.659302039623166], [2.3998985587151345, 6.658578319702776], [2.3995369879356976, 6.658035529762483], [2.3973675632590763, 6.656949949881897], [2.396825207089921, 6.656949949881897], [2.396463636310484, 6.656588089921701], [2.3953789239721734, 6.656407159941604], [2.3953789239721734, 6.656226229961506], [2.394294211633863, 6.656407159941604], [2.394294211633863, 6.656226229961506], [2.39230557234696, 6.656045299981408], [2.39230557234696, 6.655864370001311], [2.3912208600086493, 6.655683440021213], [2.38995536228062, 6.654597860140627], [2.3872435814348436, 6.654778790120725], [2.38652043987597, 6.654236000180432], [2.3854357275376596, 6.654055070200334], [2.384351015199349, 6.65514065008092], [2.383989444419912, 6.657311809842092], [2.3838086590301937, 6.657311809842092], [2.383447088250757, 6.658940179662971], [2.3832663028610384, 6.658940179662971], [2.3832663028610384, 6.660025759543558], [2.3836278736404752, 6.660206689523656], [2.383989444419912, 6.660930409444046], [2.383989444419912, 6.662377849284827], [2.3838086590301937, 6.662377849284827], [2.383447088250757, 6.66364435914551], [2.382723946691883, 6.664368079065901], [2.382723946691883, 6.664729939026096], [2.3816392343535724, 6.665634588926585], [2.3816392343535724, 6.667082028767367], [2.381820019743291, 6.667082028767367], [2.3816392343535724, 6.668167608647952], [2.377842741169485, 6.671786208249905], [2.377842741169485, 6.672148068210101], [2.376938814220893, 6.673052718110589], [2.375311745713427, 6.672871788130491], [2.375311745713427, 6.673233648090687]]]}, "properties": {"name": "Hadjanaho", "commune": "ABOMEY-CALAVI", "confidence": "MANUAL_REVIEW", "area_m2": 6559200.0, "perimeter_m": 15519.2, "road_length_m": 5457.4, "n_road_vertices": 172, "avg_dist_to_road_m": 501.2, "pct_area_near_road": 16.0, "color": "#c7bf46", "neighbours": ["Avagbé", "Bozoun", "Djigbo", "Kpanroun"], "n_neighbours": 4, "manual_review_reasons": ["avg distance to owned road 501 m"]}}, {"type": "Feature", "geometry": {"type": "Polygon", "coordinates": [[[2.434428568151357, 6.354796883118794], [2.4340669973719202, 6.355520603039185], [2.4342477827616387, 6.357510832820259], [2.433524641202765, 6.358053622760552], [2.4333438558130465, 6.358777342680944], [2.4342477827616387, 6.359139202641139], [2.4342477827616387, 6.359501062601335], [2.4346093535410755, 6.359501062601335], [2.435151709710231, 6.360224782521725], [2.4355132804896678, 6.360224782521725], [2.436055636658823, 6.360948502442116], [2.4364172074382595, 6.360948502442116], [2.4364172074382595, 6.360586642481921], [2.437863490556007, 6.359320132621237], [2.437863490556007, 6.358415482720749], [2.4387674175045992, 6.35751083282026], [2.4387674175045992, 6.35678711289987], [2.439128988284036, 6.356606182919772], [2.439128988284036, 6.35588246299938], [2.4389482028943177, 6.35588246299938], [2.439128988284036, 6.354977813098892], [2.438405846725163, 6.354435023158599], [2.4378634905560075, 6.355520603039185], [2.436959563607415, 6.355520603039185], [2.436597992827978, 6.354796883118794], [2.4356940658793858, 6.354796883118794], [2.4355132804896673, 6.354435023158599], [2.4349709243205124, 6.354435023158599], [2.434790138930794, 6.354796883118794], [2.434428568151357, 6.354796883118794]]]}, "properties": {"name": "Guinkômey", "commune": "COTONOU", "confidence": "HIGH", "area_m2": 286800.0, "perimeter_m": 3040.1, "road_length_m": 2651.6, "n_road_vertices": 88, "avg_dist_to_road_m": 38.3, "pct_area_near_road": 96.9, "color": "#bfd743", "neighbours": ["Avlékété-Joncquet", "Missèbô", "Tokpa-Hoho", "Xwlacôdji-Kpodji"], "n_neighbours": 4, "manual_review_reasons": []}}, {"type": "Feature", "geometry": {"type": "Polygon", "coordinates": [[[2.297754813524216, 6.415770286411708], [2.297393242744779, 6.4164940063320985], [2.2970316719653416, 6.416132146371903], [2.295766174237313, 6.416313076352001], [2.2955853888475946, 6.417760516192782], [2.294681461899002, 6.417760516192782], [2.294681461899002, 6.4175795862126845], [2.2943198911195655, 6.417760516192782], [2.294139105729847, 6.418303306133076], [2.2943198911195655, 6.418303306133076], [2.294500676509284, 6.4197507459738565], [2.2935967495606917, 6.419931675953954], [2.2935967495606917, 6.420655395874345], [2.292873608001818, 6.42101725583454], [2.292512037222381, 6.421740975754931], [2.2917888956635073, 6.421740975754931], [2.291608110273789, 6.422283765695224], [2.287088475530828, 6.422826555635517], [2.2872692609205463, 6.423912135516104], [2.2874500463102647, 6.423912135516104], [2.287630831699983, 6.426264225257373], [2.2890771148177307, 6.427349805137959], [2.2890771148177307, 6.427711665098155], [2.289619470986886, 6.42807352505835], [2.289981041766323, 6.428978174958838], [2.2903426125457598, 6.429159104938936], [2.290523397935478, 6.430063754839424], [2.290884968714915, 6.430244684819522], [2.2910657541046335, 6.430787474759815], [2.2914273248840704, 6.430787474759815], [2.2917888956635073, 6.431511194680206], [2.295043032678439, 6.43114933472001], [2.296308530406468, 6.43042561479962], [2.2961277450167494, 6.430063754839424], [2.29721245735506, 6.429701894879229], [2.297935598913934, 6.428978174958838], [2.298297169693371, 6.429159104938936], [2.298297169693371, 6.429520964899131], [2.2997434528111187, 6.429701894879229], [2.299924238200837, 6.430063754839424], [2.300285808980274, 6.430063754839424], [2.300285808980274, 6.430606544779717], [2.300647379759711, 6.430606544779717], [2.3008281651494293, 6.430968404739913], [2.301370521318584, 6.430968404739913], [2.3015513067083027, 6.430606544779717], [2.3020936628774584, 6.430606544779717], [2.3020936628774584, 6.430787474759815], [2.30299758982605, 6.430606544779717], [2.303359160605487, 6.430063754839424], [2.304082302164361, 6.429701894879229], [2.3046246583335166, 6.429701894879229], [2.3053477998923904, 6.430244684819522], [2.306613297620419, 6.430244684819522], [2.306613297620419, 6.430063754839424], [2.3069748683998563, 6.430063754839424], [2.3071556537895748, 6.43042561479962], [2.308601936907322, 6.430244684819522], [2.3089635076867587, 6.430063754839424], [2.3089635076867587, 6.429159104938935], [2.308601936907322, 6.42879724497874], [2.3087827222970403, 6.428435385018545], [2.3093250784661956, 6.428435385018545], [2.3093250784661956, 6.428254455038448], [2.3100482200250694, 6.428435385018545], [2.3100482200250694, 6.42807352505835], [2.3113137177530985, 6.428435385018545], [2.311856073922254, 6.427892595078252], [2.3129407862605644, 6.42807352505835], [2.312760000870846, 6.425902365297177], [2.312398430091409, 6.425902365297177], [2.311856073922254, 6.425359575356884], [2.3109521469736616, 6.425359575356884], [2.3104097908045063, 6.424997715396689], [2.3104097908045063, 6.424454925456397], [2.31113293236338, 6.423731205536006], [2.31113293236338, 6.422826555635517], [2.3109521469736616, 6.422826555635517], [2.31113293236338, 6.4219219057350285], [2.3096866492456325, 6.4219219057350285], [2.309144293076477, 6.4208363258544425], [2.3093250784661956, 6.4202935359141495], [2.3089635076867587, 6.419931675953954], [2.3084211515176034, 6.420112605934052], [2.3084211515176034, 6.419569815993759], [2.307878795348448, 6.419388886013661], [2.3071556537895743, 6.418303306133075], [2.306613297620419, 6.418484236113173], [2.3058901560615452, 6.4170367962723915], [2.3053477998923904, 6.4170367962723915], [2.3053477998923904, 6.41794144617288], [2.3048054437232346, 6.41794144617288], [2.304624658333516, 6.417760516192782], [2.3048054437232346, 6.416855866292294], [2.303720731384924, 6.4170367962723915], [2.303720731384924, 6.416674936312196], [2.303359160605487, 6.4164940063320985], [2.3031783752157686, 6.4154084264515125], [2.30191287748774, 6.41558935643161], [2.3020936628774584, 6.4164940063320985], [2.3015513067083027, 6.4164940063320985], [2.301370521318584, 6.415227496471415], [2.3004665943699925, 6.415227496471415], [2.299924238200837, 6.415770286411708], [2.298839525862526, 6.41558935643161], [2.2984779550830896, 6.415227496471415], [2.2981163843036527, 6.415770286411708], [2.297754813524216, 6.415770286411708]], [[2.292150466442944, 6.428978174958838], [2.2917888956635073, 6.429701894879228], [2.29142732488407, 6.429701894879228], [2.2908849687149146, 6.429159104938935], [2.290704183325196, 6.427892595078252], [2.2908849687149146, 6.427711665098155], [2.2914273248840704, 6.427892595078252], [2.292150466442944, 6.428978174958838]]]}, "properties": {"name": "Maria-Gléta\n", "commune": "ABOMEY-CALAVI", "confidence": "HIGH", "area_m2": 3234800.0, "perimeter_m": 12319.7, "road_length_m": 29608.4, "n_road_vertices": 1374, "avg_dist_to_road_m": 59.9, "pct_area_near_road": 84.9, "color": "#d1523e", "neighbours": ["Ahouato", "Alansankomè", "Houèto", "Sodo\n", "Tankpè-Togoudo", "Tankpê-Yoho", "Togba_Maria-Gléta", "Womey-Centre\n", "Womey-Yénawa"], "n_neighbours": 9, "manual_review_reasons": []}}, {"type": "Feature", "geometry": {"type": "Polygon", "coordinates": [[[2.329030685945506, 6.573179369096677], [2.32740361743804, 6.574445878957361], [2.3268612612688844, 6.574445878957361], [2.3268612612688844, 6.574264948977263], [2.324511051202545, 6.573541229056873], [2.3239686950333898, 6.574264948977263], [2.3230647680847976, 6.574626808937459], [2.3227031973053607, 6.577159828658826], [2.321980055746487, 6.578064478559315], [2.322341626525924, 6.578064478559315], [2.3227031973053607, 6.578607268499608], [2.3234263388642344, 6.5789691284598035], [2.3263189050997295, 6.578607268499608], [2.3263189050997295, 6.578788198479706], [2.3272228320483217, 6.578788198479706], [2.3272228320483217, 6.5789691284598035], [2.328126758996914, 6.579150058439901], [2.3283075443866323, 6.580959358240877], [2.327765188217477, 6.581864008141366], [2.3283075443866323, 6.582044938121464], [2.3292114713352245, 6.582949588021952], [2.3295730421146614, 6.583673307942343], [2.3295730421146614, 6.585844467703514], [2.328488329776351, 6.586568187623905], [2.3279459736071955, 6.588377487424881], [2.327765188217477, 6.588377487424881], [2.327765188217477, 6.589101207345273], [2.328488329776351, 6.590548647186054], [2.3288499005557877, 6.590729577166152], [2.3292114713352245, 6.59163422706664], [2.330296183673535, 6.592900736927324], [2.33083853984269, 6.592177017006933], [2.3317424667912823, 6.591815157046738], [2.3330079645193114, 6.590548647186054], [2.334815818416496, 6.590005857245761], [2.3360813161445253, 6.5909105071462495], [2.3360813161445253, 6.591272367106445], [2.3373468138725544, 6.5925388769671285], [2.3373468138725544, 6.592900736927324], [2.3378891700417097, 6.593443526867617], [2.338250740821146, 6.593443526867617], [2.338250740821146, 6.592900736927324], [2.338612311600583, 6.5925388769671285], [2.338612311600583, 6.5919960870268355], [2.3391546677697383, 6.591091437126347], [2.3396970239388937, 6.5892821373253705], [2.340420165497768, 6.5892821373253705], [2.340420165497768, 6.589463067305468], [2.3424088047846703, 6.5892821373253705], [2.343131946343544, 6.5876537675044915], [2.3440358732921363, 6.586749117604003], [2.3442166586818547, 6.586025397683612], [2.3436743025126994, 6.586025397683612], [2.3433127317332625, 6.585301677763221], [2.343493517122981, 6.584758887822929], [2.343855087902418, 6.584577957842831], [2.343855087902418, 6.584035167902537], [2.343493517122981, 6.584035167902537], [2.3429511609538256, 6.583492377962244], [2.3429511609538256, 6.5822258681015615], [2.343855087902418, 6.581321218201073], [2.343855087902418, 6.58077842826078], [2.3440358732921363, 6.58077842826078], [2.3440358732921363, 6.5791500584399], [2.343493517122981, 6.578245408539412], [2.343855087902418, 6.576797968698631], [2.342228019394952, 6.575712388818045], [2.342228019394952, 6.575169598877752], [2.3416856632257965, 6.574084018997166], [2.3409625216669228, 6.573541229056873], [2.339697023938894, 6.57372215903697], [2.3386123116005835, 6.574807738917556], [2.338431526210865, 6.575531458837947], [2.3377083846519913, 6.576255178758338], [2.337166028482836, 6.576255178758338], [2.336804457703399, 6.576617038718533], [2.3351773891959327, 6.576436108738435], [2.3351773891959327, 6.575893318798142], [2.334996603806214, 6.575893318798142], [2.334996603806214, 6.5751695988777525], [2.335358174585651, 6.5746268089374595], [2.3351773891959327, 6.573903089017068], [2.333731106078185, 6.57372215903697], [2.33318874990903, 6.573360299076775], [2.332465608350156, 6.573360299076775], [2.332465608350156, 6.573179369096677], [2.3312001106221274, 6.573541229056873], [2.3308385398426905, 6.573903089017068], [2.3302961836735347, 6.573903089017068], [2.329573042114661, 6.573179369096677], [2.329030685945506, 6.573179369096677]]]}, "properties": {"name": "Adjogansa", "commune": "ABOMEY-CALAVI", "confidence": "MEDIUM", "area_m2": 3329200.0, "perimeter_m": 12240.1, "road_length_m": 9413.6, "n_road_vertices": 550, "avg_dist_to_road_m": 104.8, "pct_area_near_road": 57.4, "color": "#d2a04a", "neighbours": ["Agonsoudja", "Gbodjoko", "Golo-Fanto", "Kolètin", "Lohoussa", "Sokan", "Zinvié-Agolèdji"], "n_neighbours": 7, "manual_review_reasons": []}}, {"type": "Feature", "geometry": {"type": "MultiPolygon", "coordinates": [[[[2.3677187593452524, 6.658035529762483], [2.3673571885658156, 6.658759249682873], [2.365910905448068, 6.660025759543557], [2.365910905448068, 6.660387619503752], [2.364645407720039, 6.661473199384338], [2.364645407720039, 6.661835059344534], [2.3635606953817283, 6.662739709245022], [2.3635606953817283, 6.663101569205218], [2.3641030515508836, 6.663463429165414], [2.3648261931097574, 6.664910869006195], [2.3653685492789127, 6.66527272896639], [2.3653685492789127, 6.665634588926586], [2.3660916908377865, 6.665996448886781], [2.366634047006942, 6.6667201688071716], [2.3669956177863787, 6.6667201688071716], [2.3673571885658156, 6.667443888727562], [2.367899544734971, 6.6678057486877575], [2.3677187593452524, 6.6694341185086365], [2.368803471683563, 6.6705196983892225], [2.3693458278527184, 6.6716052782698085], [2.370068969411592, 6.6721480682101015], [2.370068969411592, 6.672509928170297], [2.370792110970466, 6.67305271811059], [2.370792110970466, 6.673414578070785], [2.3715152525293397, 6.673957368011078], [2.3715152525293397, 6.6743192279712735], [2.3722383940882135, 6.6748620179115665], [2.3722383940882135, 6.675223877871762], [2.3727807502573683, 6.675223877871762], [2.373503891816242, 6.6748620179115665], [2.373865462595679, 6.6743192279712735], [2.374227033375116, 6.6743192279712735], [2.3753117457134265, 6.6732336480906875], [2.3753117457134265, 6.672871788130492], [2.3769388142208925, 6.67305271811059], [2.3778427411694847, 6.6721480682101015], [2.3778427411694847, 6.671786208249906], [2.381639234353572, 6.668167608647953], [2.3818200197432904, 6.6678057486877575], [2.381639234353572, 6.665634588926586], [2.3827239466918826, 6.664729939026097], [2.3827239466918826, 6.664368079065902], [2.3834470882507564, 6.663644359145511], [2.3838086590301932, 6.662377849284828], [2.3839894444199117, 6.662377849284828], [2.3839894444199117, 6.660930409444045], [2.383627873640475, 6.660206689523655], [2.383266302861038, 6.660025759543557], [2.383266302861038, 6.658940179662972], [2.3834470882507564, 6.658940179662972], [2.3838086590301932, 6.657311809842093], [2.3839894444199117, 6.657311809842093], [2.3843510151993486, 6.655140650080921], [2.385435727537659, 6.654055070200335], [2.3865204398759703, 6.654236000180433], [2.387243581434844, 6.654778790120726], [2.3899553622806207, 6.654597860140628], [2.3912208600086498, 6.655683440021214], [2.391763216177805, 6.655683440021214], [2.3923055723469604, 6.656045299981409], [2.3942942116338632, 6.656226229961507], [2.3942942116338632, 6.656407159941605], [2.395378923972174, 6.656226229961507], [2.395378923972174, 6.656407159941605], [2.3964636363104845, 6.656588089921702], [2.3968252070899214, 6.656949949881898], [2.3973675632590767, 6.656949949881898], [2.399536987935698, 6.658035529762484], [2.399898558715135, 6.658578319702777], [2.400260129494572, 6.658578319702777], [2.4004409148842902, 6.658940179662972], [2.4013448418328824, 6.659302039623167], [2.4018871980020378, 6.660025759543558], [2.4022487687814746, 6.660025759543558], [2.410022540539367, 6.6678057486877575], [2.410022540539367, 6.665091798986293], [2.4105648967085225, 6.664729939026097], [2.4109264674879594, 6.664006219105707], [2.4109264674879594, 6.660930409444045], [2.410384111318804, 6.659844829563459], [2.4102033259290856, 6.658578319702777], [2.410745682098241, 6.658035529762484], [2.4118303944365516, 6.657673669802288], [2.4121919652159884, 6.657130879861995], [2.4125535359954253, 6.653150420299847], [2.4134574629440175, 6.65134112049887], [2.4134574629440175, 6.650798330558577], [2.4138190337234544, 6.650436470598382], [2.414542175282328, 6.647903450877014], [2.415626887620639, 6.646094151076038], [2.415626887620639, 6.644465781255159], [2.4158076730103573, 6.644465781255159], [2.4159884584000757, 6.643199271394475], [2.4167115999589495, 6.642294621493987], [2.4174347415178232, 6.641751831553694], [2.4174347415178232, 6.641389971593498], [2.418519453856134, 6.64048532169301], [2.4187002392458523, 6.639580671792522], [2.4188810246355708, 6.639580671792522], [2.4188810246355708, 6.638133231951739], [2.418157883076697, 6.637590442011446], [2.4179770976869785, 6.637228582051251], [2.4170731707383863, 6.636866722091056], [2.4167115999589495, 6.63650486213086], [2.4167115999589495, 6.636323932150763], [2.4158076730103573, 6.635962072190567], [2.4154461022309204, 6.635600212230372], [2.4154461022309204, 6.635419282250274], [2.4150845314514835, 6.635419282250274], [2.4147229606720466, 6.635057422290079], [2.4147229606720466, 6.634876492309981], [2.4143613898926097, 6.634876492309981], [2.413999819113173, 6.634514632349786], [2.413999819113173, 6.6343337023696884], [2.413638248333736, 6.6343337023696884], [2.4130958921645806, 6.6337909124293954], [2.4130958921645806, 6.633609982449298], [2.4127343213851438, 6.633609982449298], [2.4114688236571147, 6.632343472588614], [2.4112880382673962, 6.630172312827443], [2.4114688236571147, 6.630172312827443], [2.411649609046833, 6.628724872986662], [2.4121919652159884, 6.627820223086173], [2.412372750605707, 6.625829993305099], [2.4125535359954253, 6.625829993305099], [2.412372750605707, 6.6234779035638285], [2.41201117982627, 6.623296973583731], [2.411649609046833, 6.622211393703145], [2.4098417551496487, 6.620402093902168], [2.4098417551496487, 6.620040233941973], [2.409118613590775, 6.61949744400168], [2.409118613590775, 6.6191355840414845], [2.408395472031901, 6.6185927941011915], [2.408395472031901, 6.618230934140996], [2.407853115862746, 6.617869074180801], [2.407853115862746, 6.6175072142206055], [2.4073107596935905, 6.61714535426041], [2.4069491889141537, 6.616240704359922], [2.4065876181347168, 6.616059774379824], [2.4064068327449983, 6.6153360544594335], [2.4056836911861246, 6.614612334539043], [2.405502905796406, 6.613888614618652], [2.4051413350169693, 6.6137076846385545], [2.4044181934580955, 6.612260244797773], [2.4044181934580955, 6.6109937349370895], [2.3912208600086493, 6.609184435136113], [2.3912208600086493, 6.609003505156015], [2.3895937915011833, 6.60864164519582], [2.387424366824562, 6.607556065315234], [2.3872435814348436, 6.6071942053550385], [2.3856165129273776, 6.606470485434648], [2.3852549421479408, 6.605927695494355], [2.382723946691883, 6.60628955545455], [2.3816392343535724, 6.6071942053550385], [2.3812776635741355, 6.606832345394843], [2.3803737366255433, 6.607375135335136], [2.3796505950666695, 6.607375135335136], [2.378565882728359, 6.607917925275429], [2.3780235265592036, 6.607917925275429], [2.376577243441456, 6.6088225751759175], [2.376577243441456, 6.611355594897285], [2.3763964580517376, 6.611355594897285], [2.3760348872723007, 6.615516984439531], [2.3744078187648348, 6.615697914419629], [2.3738654625956794, 6.6164216343400195], [2.3735038918162426, 6.6164216343400195], [2.371153681749903, 6.618773724081289], [2.371153681749903, 6.6191355840414845], [2.370430540191029, 6.6196783739817775], [2.370430540191029, 6.620040233941973], [2.3697073986321553, 6.620583023882266], [2.3697073986321553, 6.620944883842461], [2.3689842570732815, 6.621487673782754], [2.3689842570732815, 6.6218495337429495], [2.3682611155144078, 6.6223923236832425], [2.3682611155144078, 6.622754183643438], [2.367537973955534, 6.6234779035638285], [2.3682611155144078, 6.625829993305099], [2.368441900904126, 6.625829993305099], [2.368441900904126, 6.626734643205587], [2.3686226862938446, 6.626734643205587], [2.3686226862938446, 6.630896032747833], [2.368441900904126, 6.630896032747833], [2.368441900904126, 6.6334290524692], [2.3682611155144078, 6.6334290524692], [2.3680803301246893, 6.636504862130861], [2.369165042463, 6.638495091911936], [2.3697073986321553, 6.640304391712912], [2.370792110970466, 6.640847181653205], [2.368803471683563, 6.64736066093672], [2.3682611155144078, 6.648265310837209], [2.3682611155144078, 6.649169960737698], [2.3686226862938446, 6.649350890717796], [2.369165042463, 6.650617400578479], [2.369526613242437, 6.650798330558577], [2.370430540191029, 6.652607630359554], [2.370792110970466, 6.652788560339651], [2.370792110970466, 6.653150420299847], [2.371153681749903, 6.653331350279944], [2.371153681749903, 6.65369321024014], [2.372057608698495, 6.654778790120726], [2.3709728963601844, 6.655321580061018], [2.3702497548013106, 6.655321580061018], [2.370068969411592, 6.65821645974258], [2.3688034716835626, 6.658397389722678], [2.3688034716835626, 6.65821645974258], [2.3677187593452524, 6.658035529762483]]], [[[2.4045989788478144, 6.611174664917187], [2.404779764237533, 6.612622104757969], [2.405322120406688, 6.613164894698262], [2.4055029057964066, 6.613888614618653], [2.4058644765758435, 6.614069544598751], [2.406406832744999, 6.615336054459434], [2.4067684035244357, 6.615516984439532], [2.406949188914154, 6.616240704359923], [2.4078531158627463, 6.617145354260411], [2.4078531158627463, 6.617507214220606], [2.4083954720319016, 6.617869074180802], [2.4083954720319016, 6.618230934140997], [2.4091186135907754, 6.61877372408129], [2.4091186135907754, 6.619135584041485], [2.4096609697599307, 6.619497444001681], [2.4096609697599307, 6.619859303961876], [2.4103841113188045, 6.620402093902169], [2.4107456820982414, 6.62112581382256], [2.4116496090468336, 6.62184953374295], [2.4116496090468336, 6.622211393703146], [2.4120111798262704, 6.622392323683243], [2.4125535359954258, 6.623477903563829], [2.412734321385144, 6.626010923285196], [2.4125535359954258, 6.626010923285196], [2.4123727506057073, 6.62800115306627], [2.4120111798262704, 6.6283630130264655], [2.4116496090468336, 6.63035324280754], [2.411468823657115, 6.63035324280754], [2.4116496090468336, 6.632162542608517], [2.4125535359954258, 6.632886262528908], [2.4132766775542995, 6.633790912429396], [2.4136382483337364, 6.633790912429396], [2.4139998191131733, 6.634152772389592], [2.4139998191131733, 6.634333702369689], [2.41436138989261, 6.634333702369689], [2.414722960672047, 6.634695562329885], [2.414722960672047, 6.634876492309982], [2.415084531451484, 6.634876492309982], [2.415446102230921, 6.635238352270178], [2.415446102230921, 6.635419282250275], [2.4158076730103577, 6.635419282250275], [2.4161692437897946, 6.635962072190568], [2.417615526907542, 6.636685792110959], [2.4181578830766974, 6.63740951203135], [2.4185194538561343, 6.63740951203135], [2.419242595415008, 6.638314161931838], [2.4195255251209367, 6.638055340530674], [2.4194233808047265, 6.638495091911936], [2.4197849515841634, 6.638495091911936], [2.4203273077533183, 6.639218811832326], [2.419784951584163, 6.637228582051252], [2.4215928054813474, 6.63294496346797], [2.4215928054813474, 6.629855397915838], [2.4188810246355708, 6.626915573185684], [2.4174347415178232, 6.618780992051887], [2.4163500291795126, 6.617179767929488], [2.411321493895678, 6.611898384837578], [2.408757042811338, 6.61171745485748], [2.408757042811338, 6.6115365248773825], [2.407491545083309, 6.6115365248773825], [2.407491545083309, 6.611355594897285], [2.404960549627251, 6.611174664917187], [2.404960549627251, 6.6109937349370895], [2.4045989788478144, 6.611174664917187]]], [[[2.411107252877678, 6.667986678667855], [2.411107252877678, 6.6678057486877575], [2.412372750605707, 6.6678057486877575], [2.412372750605707, 6.66762481870766], [2.413999819113173, 6.66762481870766], [2.413999819113173, 6.667443888727562], [2.4271971525626195, 6.667443888727562], [2.4271971525626195, 6.66762481870766], [2.4306320749672694, 6.667986678667855], [2.430451289577551, 6.667805748687757], [2.430451289577551, 6.661835059344534], [2.4299089334083956, 6.660749479463948], [2.4293665772392403, 6.66056854948385], [2.428824221070085, 6.660025759543557], [2.428824221070085, 6.659844829563459], [2.428462650290648, 6.659844829563459], [2.4277395087317744, 6.659121109643069], [2.4277395087317744, 6.658940179662971], [2.4273779379523375, 6.658940179662971], [2.4266547963934637, 6.65821645974258], [2.4232198739888133, 6.658035529762483], [2.422677517819658, 6.65749273982219], [2.422677517819658, 6.657311809842092], [2.4219543762607842, 6.656949949881897], [2.421412020091629, 6.655864370001311], [2.4212312347019105, 6.654055070200334], [2.4196041661944445, 6.653150420299846], [2.4199657369738814, 6.651522050478968], [2.4221248759857956, 6.649350890717796], [2.4224967324299396, 6.647263768707647], [2.421050449312192, 6.646817870996427], [2.4203273077533183, 6.646094151076037], [2.4199657369738814, 6.645189501175548], [2.4196041661944445, 6.645008571195451], [2.4196041661944445, 6.64283741143428], [2.419784951584163, 6.64283741143428], [2.4201465223636, 6.639399741812423], [2.4199657369738814, 6.639399741812423], [2.4199657369738814, 6.639037881852228], [2.419784951584163, 6.639037881852228], [2.419423380804726, 6.638676021892032], [2.419423380804726, 6.638495091911935], [2.418338668466416, 6.641570901573595], [2.4181364824420553, 6.641781763342407], [2.4183405062845527, 6.641028111633302], [2.4181578830766974, 6.641028111633302], [2.4174347415178237, 6.64193276153379], [2.41671159995895, 6.642475551474083], [2.41671159995895, 6.642837411434279], [2.4161692437897946, 6.643380201374572], [2.415988458400076, 6.644827641215353], [2.4158076730103577, 6.644827641215353], [2.4158076730103577, 6.646094151076037], [2.4145421752823286, 6.648446240817306], [2.4141806045028917, 6.650074610638185], [2.413819033723455, 6.650436470598381], [2.413095892164581, 6.65278856033965], [2.412734321385144, 6.653150420299846], [2.4123727506057073, 6.657311809842092], [2.4120111798262704, 6.65749273982219], [2.4120111798262704, 6.657854599782385], [2.41092646748796, 6.65821645974258], [2.4103841113188045, 6.658759249682873], [2.41092646748796, 6.660749479463949], [2.4111072528776782, 6.660749479463949], [2.4111072528776782, 6.664006219105706], [2.41092646748796, 6.664006219105706], [2.4107456820982414, 6.664910869006194], [2.410203325929086, 6.665272728966389], [2.410203325929086, 6.667986678667855], [2.411107252877678, 6.667986678667855]]], [[[2.4190618100252896, 6.638495091911935], [2.4190618100252896, 6.638856951872131], [2.4192012524963253, 6.638856951872131], [2.4193476342563702, 6.638495091911935], [2.4190618100252896, 6.638495091911935]]], [[[2.4203273077533187, 6.639218811832325], [2.4203273077533187, 6.640485321693009], [2.4201465223636003, 6.640485321693009], [2.419965736973882, 6.643018341414376], [2.4197849515841634, 6.643018341414376], [2.4197849515841634, 6.644827641215354], [2.4203273077533187, 6.645370431155647], [2.4203273077533187, 6.645732291115842], [2.4210504493121925, 6.646275081056135], [2.4210504493121925, 6.646636941016331], [2.4224693828963035, 6.646817870996428], [2.422315947040221, 6.644762210798168], [2.4203273077533187, 6.639218811832325]]], [[[2.4219543762607842, 6.649893680658088], [2.4201465223636003, 6.651702980459064], [2.4197849515841634, 6.652969490319749], [2.4214120200916294, 6.653874140220237], [2.421592805481348, 6.655683440021214], [2.422135161650503, 6.6567690199018], [2.4223159470402216, 6.6567690199018], [2.4226775178196585, 6.657130879861995], [2.4226775178196585, 6.657311809842093], [2.4230390885990953, 6.657311809842093], [2.423400659378532, 6.657854599782386], [2.4255700840551535, 6.657673669802288], [2.4255700840551535, 6.657854599782386], [2.4268355817831826, 6.658035529762484], [2.427016367172901, 6.658397389722679], [2.427377937952338, 6.658397389722679], [2.4279202941214932, 6.65912110964307], [2.42828186490093, 6.65912110964307], [2.4288242210700854, 6.659663899583363], [2.4288242210700854, 6.65984482956346], [2.4291857918495223, 6.65984482956346], [2.4299089334083956, 6.660568549483851], [2.429000720275199, 6.658885652022999], [2.423039088599095, 6.653693210240139], [2.421773590871066, 6.650798330558576], [2.4219543762607842, 6.649893680658088]]], [[[2.430270504187833, 6.661111339424143], [2.4304411233755894, 6.661292269404242], [2.430332833579995, 6.661111339424143], [2.430270504187833, 6.661111339424143]]], [[[2.4307672566001712, 6.666358308846975], [2.4308128603569883, 6.668167608647953], [2.4322591434747354, 6.6683485386280505], [2.4307672566001712, 6.666358308846975]]]]}, "properties": {"name": "Avagbé", "commune": "ABOMEY-CALAVI", "confidence": "MANUAL_REVIEW", "area_m2": 34503745.4, "perimeter_m": 62808.4, "road_length_m": 20222.0, "n_road_vertices": 1060, "avg_dist_to_road_m": 780.1, "pct_area_near_road": 11.5, "color": "#b0df43", "neighbours": ["Bozoun", "Hadjanaho", "Kpanroun", "Kpotomey", "Kpé", "Yèvié", "Yèvié-Nougo", "Zinvié-Fandji"], "n_neighbours": 8, "manual_review_reasons": ["avg distance to owned road 780 m"]}}, {"type": "Feature", "geometry": {"type": "MultiPolygon", "coordinates": [[[[2.2581628131758773, 6.395144268680575], [2.2583435985655953, 6.394963338700476], [2.2581628131758773, 6.394963338700476], [2.2581628131758773, 6.395144268680575]]], [[[2.2630440186982748, 6.395506128640769], [2.2630440186982748, 6.395325198660672], [2.26015145246278, 6.395325198660672], [2.26015145246278, 6.395506128640769], [2.257982027786159, 6.395687058620867], [2.2587051693450326, 6.397134498461649], [2.2590667401244695, 6.397315428441747], [2.2590667401244695, 6.397858218382039], [2.2587051693450326, 6.398220078342234], [2.258885954734751, 6.398401008322333], [2.2587051693450326, 6.399486588202919], [2.2590667401244695, 6.399848448163114], [2.2590667401244695, 6.4007530980636025], [2.2594283109039064, 6.4009340280437], [2.2594283109039064, 6.402019607924286], [2.2603322378524986, 6.402019607924286], [2.26015145246278, 6.402743327844677], [2.261236164801091, 6.4029242578247745], [2.2614169501908092, 6.403828907725263], [2.261778520970246, 6.4040098377053605], [2.261778520970246, 6.4045526276456535], [2.2619593063599646, 6.4045526276456535], [2.2619593063599646, 6.404914487605848], [2.2614169501908092, 6.405095417585946], [2.261236164801091, 6.405457277546141], [2.261236164801091, 6.40636192744663], [2.261778520970246, 6.406542857426728], [2.262140091749683, 6.407266577347118], [2.261778520970246, 6.407266577347118], [2.2615977355805277, 6.407990297267508], [2.2610553794113724, 6.408352157227704], [2.2610553794113724, 6.4088949471679975], [2.2614169501908092, 6.4088949471679975], [2.2619593063599646, 6.4094377371082905], [2.2623208771394014, 6.410704246968974], [2.2626824479188383, 6.4110661069291695], [2.2632248040879936, 6.410885176949072], [2.2635863748674305, 6.411247036909267], [2.2643095164263043, 6.411247036909267], [2.2643095164263043, 6.411608896869462], [2.263767160257149, 6.411970756829657], [2.263767160257149, 6.412513546769951], [2.2643095164263043, 6.412513546769951], [2.2644903018160227, 6.412875406730146], [2.265213443374896, 6.412875406730146], [2.2659365849337703, 6.412513546769951], [2.2659365849337703, 6.412875406730146], [2.266659726492644, 6.413237266690341], [2.2668405118823625, 6.413780056630634], [2.267925224220673, 6.413960986610732], [2.2684675803898284, 6.414684706531123], [2.270456219676731, 6.415589356431611], [2.2706370050664493, 6.414684706531123], [2.270998575845886, 6.414322846570927], [2.270998575845886, 6.413599126650537], [2.2711793612356046, 6.413599126650537], [2.271360146625323, 6.411427966889365], [2.272083288184197, 6.4099805270485835], [2.2722640735739152, 6.407990297267509], [2.2756989959785656, 6.406000067486435], [2.275879781368284, 6.403105187804872], [2.2760605667580025, 6.403105187804872], [2.2760605667580025, 6.4018386779441885], [2.276241352147721, 6.4018386779441885], [2.275879781368284, 6.398220078342234], [2.2735295713019443, 6.398039148362137], [2.2735295713019443, 6.397858218382039], [2.2719025027944784, 6.397496358421844], [2.271360146625323, 6.396591708521355], [2.2719025027944784, 6.395687058620868], [2.27172171740476, 6.394601478740281], [2.269913863507576, 6.395144268680574], [2.2700946488972944, 6.39622984856116], [2.268829151169265, 6.396048918581062], [2.2673828680515173, 6.395144268680574], [2.2652134433748965, 6.395325198660672], [2.2652134433748965, 6.395506128640769], [2.2630440186982748, 6.395506128640769]]]]}, "properties": {"name": "Sogan", "commune": "ABOMEY-CALAVI", "confidence": "HIGH", "area_m2": 2905600.0, "perimeter_m": 10000.1, "road_length_m": 23674.5, "n_road_vertices": 1226, "avg_dist_to_road_m": 86.4, "pct_area_near_road": 74.9, "color": "#d1a93d", "neighbours": ["Adovié", "Ahouato", "Akossavié", "Cococodji", "Womey-Yénawa"], "n_neighbours": 5, "manual_review_reasons": []}}, {"type": "Feature", "geometry": {"type": "Polygon", "coordinates": [[[2.2195305376691, 6.397496358421844], [2.217847871625109, 6.399486588202919], [2.2183900274378203, 6.400029378143212], [2.2183900274378203, 6.400391238103407], [2.2189323836069756, 6.4007530980636025], [2.2189323836069756, 6.401114958023798], [2.2192939543864125, 6.4012958880038955], [2.2192939543864125, 6.401657747964091], [2.2196555251658494, 6.4018386779441885], [2.2196555251658494, 6.402200537904384], [2.2201978813350047, 6.402562397864579], [2.2205594521144416, 6.4034670477650675], [2.2209210228938785, 6.403647977745165], [2.22074023750416, 6.405095417585946], [2.2205594521144416, 6.405095417585946], [2.2205594521144416, 6.406542857426728], [2.221463379063034, 6.407628437307314], [2.2223673060116256, 6.407447507327216], [2.2223673060116256, 6.4072665773471185], [2.223994374519092, 6.407447507327216], [2.2245367306882473, 6.408171227247607], [2.2250790868574026, 6.408171227247607], [2.225259872247121, 6.4087140171879], [2.2267061553648686, 6.408171227247607], [2.226886940754587, 6.408533087207802], [2.2274292969237424, 6.4087140171879], [2.2274292969237424, 6.409256807128192], [2.2270677261443055, 6.40943773710829], [2.227248511534024, 6.4105233169888765], [2.227610082313461, 6.410704246968974], [2.2286947946517714, 6.4105233169888765], [2.2286947946517714, 6.41178982684956], [2.2290563654312083, 6.41178982684956], [2.2292371508209268, 6.4121516868097554], [2.2297795069900817, 6.4121516868097554], [2.2297795069900817, 6.411970756829658], [2.2301410777695185, 6.4121516868097554], [2.2301410777695185, 6.41178982684956], [2.2312257901078296, 6.41178982684956], [2.231768146276985, 6.413056336710244], [2.232852858615295, 6.412513546769951], [2.2332144293947325, 6.412875406730146], [2.2339375709536062, 6.412875406730146], [2.234299141733043, 6.41414191659083], [2.2352030686816353, 6.41486563651122], [2.2353838540713538, 6.415951216391806], [2.23574542485079, 6.415951216391806], [2.2359262102405086, 6.415589356431611], [2.2371917079685377, 6.415408426451513], [2.2370109225788193, 6.414322846570927], [2.2380956349171304, 6.414322846570927], [2.238276420306849, 6.414684706531123], [2.238818776476004, 6.414684706531123], [2.2389995618657226, 6.415046566491318], [2.239361132645159, 6.415046566491318], [2.2395419180348775, 6.4143228465709266], [2.238999561865722, 6.4143228465709266], [2.2388187764760037, 6.413960986610731], [2.238457205696567, 6.413960986610731], [2.2388187764760037, 6.413599126650537], [2.2388187764760037, 6.413056336710244], [2.239541918034878, 6.413237266690341], [2.239541918034878, 6.41414191659083], [2.2402650595937517, 6.41414191659083], [2.24044584498347, 6.414503776551025], [2.241168986542344, 6.41414191659083], [2.2413497719320623, 6.414684706531123], [2.242072913490936, 6.414684706531123], [2.242434484270373, 6.415227496471416], [2.242434484270373, 6.415770286411709], [2.243338411218965, 6.415589356431611], [2.24388076738812, 6.415951216391806], [2.24388076738812, 6.415408426451513], [2.2447846943367127, 6.415589356431611], [2.244965479726431, 6.415951216391806], [2.2453270505058676, 6.415770286411709], [2.245507835895586, 6.414684706531122], [2.2447846943367122, 6.413960986610731], [2.2444231235572754, 6.413960986610731], [2.244242338167557, 6.413056336710243], [2.24388076738812, 6.413056336710243], [2.243519196608683, 6.41251354676995], [2.2436999819984016, 6.411970756829658], [2.244242338167557, 6.41178982684956], [2.2433384112189647, 6.409980527048583], [2.243519196608683, 6.407628437307313], [2.242253698880654, 6.407628437307313], [2.2420729134909356, 6.406000067486434], [2.2417113427114987, 6.405819137506336], [2.2417113427114987, 6.405276347566043], [2.2411689865423434, 6.405095417585946], [2.2411689865423434, 6.40400983770536], [2.240988201152625, 6.40400983770536], [2.2417113427114987, 6.4029242578247745], [2.2420729134909356, 6.4029242578247745], [2.2420729134909356, 6.402200537904383], [2.2415305573217803, 6.402381467884481], [2.241349771932062, 6.402019607924286], [2.241892128101217, 6.4018386779441885], [2.2417113427114987, 6.401476817983992], [2.241892128101217, 6.400391238103406], [2.2415305573217803, 6.400029378143212], [2.2420729134909356, 6.399848448163114], [2.2420729134909356, 6.399486588202918], [2.2417113427114987, 6.398943798262626], [2.242976840439528, 6.398401008322333], [2.242976840439528, 6.396772638501453], [2.242615269660091, 6.39622984856116], [2.240988201152625, 6.396048918581062], [2.240988201152625, 6.395867988600965], [2.2380956349171304, 6.394963338700476], [2.237914849527412, 6.395325198660672], [2.2364685664096644, 6.396048918581062], [2.2352030686816353, 6.397134498461648], [2.230141077769519, 6.399667518183016], [2.2288755800414894, 6.399667518183016], [2.2288755800414894, 6.399486588202918], [2.2272485115340235, 6.399124728242723], [2.2272485115340235, 6.398943798262625], [2.2247175160779653, 6.398762868282527], [2.224536730688247, 6.398220078342235], [2.2256214430265575, 6.397134498461648], [2.222367306011626, 6.396953568481551], [2.222367306011626, 6.397134498461648], [2.2195305376691, 6.397496358421844]]]}, "properties": {"name": "Houinmè-Daho", "commune": "ABOMEY-CALAVI", "confidence": "HIGH", "area_m2": 4018841.5, "perimeter_m": 14519.1, "road_length_m": 29826.5, "n_road_vertices": 1556, "avg_dist_to_road_m": 70.5, "pct_area_near_road": 85.7, "color": "#9cd24c", "neighbours": ["Akossavié", "Cococodji", "Houinmè", "Hounzévié\n"], "n_neighbours": 4, "manual_review_reasons": []}}, {"type": "Feature", "geometry": {"type": "Polygon", "coordinates": [[[2.3454821564098842, 6.5313845436941165], [2.344578229461292, 6.532108263614508], [2.344939800240729, 6.532831983534898], [2.344578229461292, 6.5330129135149955], [2.3443974440715736, 6.533917563415484], [2.344216658681855, 6.5340984933955815], [2.3427703755641076, 6.533917563415484], [2.342951160953826, 6.534460353355778], [2.343312731733263, 6.534641283335875], [2.343312731733263, 6.5351840732761675], [2.342589590174389, 6.53500314329607], [2.342589590174389, 6.535726863216461], [2.342951160953826, 6.535907793196559], [2.342951160953826, 6.5362696531567535], [2.3424088047846707, 6.5362696531567535], [2.3418664486155154, 6.536631513116949], [2.3407817362772048, 6.536631513116949], [2.3407817362772048, 6.5368124430970465], [2.3400585947183306, 6.536450583136851], [2.338431526210865, 6.536631513116949], [2.3382507408211466, 6.537717092997536], [2.338793096990302, 6.537898022977633], [2.3389738823800204, 6.5384408129179254], [2.3382507408211466, 6.538621742898023], [2.3377083846519913, 6.539164532838316], [2.3377083846519913, 6.539888252758708], [2.338069955431428, 6.540431042699001], [2.3377083846519913, 6.541697552559684], [2.338069955431428, 6.541878482539782], [2.338069955431428, 6.542240342499977], [2.338612311600583, 6.542240342499977], [2.338612311600583, 6.54205941251988], [2.3389738823800204, 6.54205941251988], [2.339154667769739, 6.542421272480075], [2.3407817362772048, 6.542240342499977], [2.3407817362772048, 6.543868712320856], [2.3415048778360785, 6.544049642300954], [2.341685663225797, 6.544411502261149], [2.3433127317332625, 6.544411502261149], [2.3442166586818547, 6.543868712320856], [2.3451205856304473, 6.543868712320856], [2.3451205856304473, 6.544049642300954], [2.3456629417996027, 6.544049642300954], [2.345843727189321, 6.544411502261149], [2.346566868748195, 6.544230572281052], [2.346566868748195, 6.544954292201441], [2.346205297968758, 6.545678012121833], [2.3476515810865055, 6.545497082141735], [2.3472900103070686, 6.546401732042224], [2.3483747226453793, 6.546763592002419], [2.3483747226453793, 6.547668241902907], [2.34945943498369, 6.548030101863103], [2.3492786495939715, 6.548391961823297], [2.3494594349836895, 6.548753821783493], [2.3494594349836895, 6.548572891803396], [2.3503633619322817, 6.548391961823298], [2.350544147322, 6.547668241902907], [2.3523520012191845, 6.547125451962614], [2.352171215829466, 6.546763592002418], [2.3523520012191845, 6.545497082141735], [2.3532559281677767, 6.545678012121833], [2.3536174989472136, 6.545316152161638], [2.3532559281677767, 6.544049642300954], [2.3536174989472136, 6.544049642300954], [2.3543406405060874, 6.543325922380563], [2.3543406405060874, 6.542964062420367], [2.353798284336932, 6.542783132440269], [2.353436713557495, 6.54205941251988], [2.3537982843369325, 6.541878482539782], [2.3541598551163694, 6.542240342499977], [2.3547022112855243, 6.542240342499977], [2.3548829966752427, 6.541697552559684], [2.3552445674546796, 6.541697552559684], [2.355425352844398, 6.541335692599489], [2.3559677090135533, 6.541335692599489], [2.3556061382341165, 6.540431042699001], [2.355786923623835, 6.540431042699001], [2.355786923623835, 6.539888252758708], [2.3563292797929902, 6.538802672878122], [2.3566908505724276, 6.538621742898024], [2.3574139921313013, 6.539164532838317], [2.3584987044696115, 6.538983602858219], [2.3584987044696115, 6.538078952957731], [2.3588602752490484, 6.5373552330373395], [2.3584987044696115, 6.5373552330373395], [2.358317919079893, 6.536993373077144], [2.3568716359621456, 6.5362696531567535], [2.357052421351864, 6.535365003256266], [2.3572332067415824, 6.535365003256266], [2.3568716359621456, 6.534460353355777], [2.3563292797929907, 6.5346412833358745], [2.3561484944032722, 6.53500314329607], [2.355606138234117, 6.53500314329607], [2.355606138234117, 6.535545933236363], [2.355063782064961, 6.535545933236363], [2.355063782064961, 6.535365003256265], [2.354159855116369, 6.535545933236363], [2.353798284336932, 6.5351840732761675], [2.3539790697266505, 6.534279423375679], [2.3536174989472136, 6.5340984933955815], [2.3530751427780583, 6.534279423375679], [2.3527135719986214, 6.533917563415484], [2.3510865034911554, 6.533736633435386], [2.3510865034911554, 6.533374773475191], [2.3503633619322817, 6.5326510535548], [2.350001791152845, 6.5326510535548], [2.3490978642042526, 6.531565473674214], [2.348013151865942, 6.531022683733921], [2.3467476541379133, 6.531565473674214], [2.346566868748195, 6.5319273336344095], [2.346024512579039, 6.5313845436941165], [2.3454821564098842, 6.5313845436941165]]]}, "properties": {"name": "Gbétagbo", "commune": "ABOMEY-CALAVI", "confidence": "HIGH", "area_m2": 2419600.0, "perimeter_m": 10959.6, "road_length_m": 22703.8, "n_road_vertices": 1162, "avg_dist_to_road_m": 37.7, "pct_area_near_road": 97.5, "color": "#dc4191", "neighbours": ["Adjagbo", "Agassa-Godomey", "Agonmé", "Azonsa", "Glo-Tokpa", "Zèkanmey-Domè"], "n_neighbours": 6, "manual_review_reasons": []}}, {"type": "Feature", "geometry": {"type": "MultiPolygon", "coordinates": [[[[2.235022283291917, 6.368185701646022], [2.2346555810106596, 6.368004771665924], [2.234057512138055, 6.368547561606217], [2.2305803207308608, 6.375965690790221], [2.228152438482616, 6.382117310113542], [2.2230904475705, 6.389648813384842], [2.222728876791063, 6.392973108919402], [2.2196555251658494, 6.3974963584218445], [2.2223673060116256, 6.397134498461649], [2.2223673060116256, 6.3969535684815515], [2.225802228416276, 6.397134498461649], [2.2259830138059944, 6.396772638501454], [2.229056365431208, 6.396591708521356], [2.2301410777695185, 6.396048918581063], [2.2317681462769845, 6.3958679886009655], [2.232852858615295, 6.394963338700477], [2.2341183563433242, 6.394420548760184], [2.2342991417330427, 6.394058688799989], [2.2359262102405086, 6.3936968288397935], [2.2359262102405086, 6.393515898859696], [2.2366493517993824, 6.393515898859696], [2.2366493517993824, 6.393334968879598], [2.2384572056965673, 6.393334968879598], [2.2384572056965673, 6.393515898859696], [2.24044584498347, 6.3936968288397935], [2.24044584498347, 6.393877758819891], [2.2447846943367127, 6.3947824087203795], [2.2455078358955864, 6.395144268680575], [2.2473156897927704, 6.395144268680575], [2.2473156897927704, 6.394963338700477], [2.2482196167413626, 6.394963338700477], [2.2482196167413626, 6.3947824087203795], [2.24966589985911, 6.3947824087203795], [2.24966589985911, 6.394601478740282], [2.25436631999179, 6.394420548760184], [2.25436631999179, 6.394601478740282], [2.2549086761609454, 6.394601478740282], [2.256354959278693, 6.3953251986606725], [2.257439671617003, 6.3953251986606725], [2.257439671617003, 6.395144268680575], [2.2601514524627797, 6.3947824087203795], [2.2608745940216535, 6.394420548760184], [2.2646710872057407, 6.394420548760184], [2.2646710872057407, 6.3942396187800865], [2.2661173703234883, 6.394058688799989], [2.2661173703234883, 6.393877758819891], [2.2672020826617993, 6.393877758819891], [2.2672020826617993, 6.394058688799989], [2.268648365779547, 6.394058688799989], [2.2697330781178575, 6.394601478740282], [2.270275434287013, 6.394601478740282], [2.2700946488972944, 6.394963338700477], [2.2717217174047604, 6.394601478740282], [2.271902502794479, 6.395687058620867], [2.2713601466253235, 6.396591708521356], [2.271902502794479, 6.3974963584218445], [2.272806429743071, 6.397677288401942], [2.272806429743071, 6.39785821838204], [2.275879781368284, 6.398220078342235], [2.2760605667580025, 6.3974963584218445], [2.2767837083168763, 6.396772638501454], [2.277145279096313, 6.396772638501454], [2.2780492060449054, 6.391706599058719], [2.279495489162653, 6.390801949158231], [2.2796762745523713, 6.3893545093174495], [2.280037845331808, 6.388992649357254], [2.280037845331808, 6.388268929436863], [2.278229991434624, 6.388087999456765], [2.2780492060449054, 6.3866405596159845], [2.2794954891626533, 6.386459629635887], [2.2798570599420898, 6.38700241957618], [2.280037845331808, 6.386459629635887], [2.2809417722804004, 6.386459629635887], [2.2809417722804004, 6.386097769675691], [2.2802186307215266, 6.386097769675691], [2.2802186307215266, 6.383564749954323], [2.2796762745523713, 6.383564749954323], [2.279495489162653, 6.382841030033933], [2.2791339183832164, 6.383202889994128], [2.2785915622140607, 6.38302196001403], [2.277868420655187, 6.381936380133444], [2.277326064486032, 6.38229824009364], [2.277326064486032, 6.382660100053835], [2.276241352147721, 6.382841030033933], [2.276241352147721, 6.38229824009364], [2.275879781368284, 6.382117310113542], [2.275879781368284, 6.381393590193152], [2.2760605667580025, 6.381393590193152], [2.275879781368284, 6.379946150352371], [2.2764221375374394, 6.379946150352371], [2.276602922927158, 6.378679640491686], [2.276241352147721, 6.378136850551393], [2.276241352147721, 6.377051270670807], [2.2756989959785656, 6.377051270670807], [2.2753374251991287, 6.376689410710612], [2.2753374251991287, 6.376327550750418], [2.275879781368284, 6.375965690790222], [2.275879781368284, 6.375061040889733], [2.275337425199129, 6.375061040889733], [2.275337425199129, 6.375422900849928], [2.274614283640255, 6.375422900849928], [2.2744334982505365, 6.373975461009147], [2.2735295713019443, 6.373975461009147], [2.2735295713019443, 6.373794531029049], [2.2708177904561677, 6.373975461009147], [2.2699138635075755, 6.373251741088756], [2.269552292728139, 6.373432671068854], [2.267382868051518, 6.373251741088756], [2.2672020826617993, 6.373794531029049], [2.2664789411029256, 6.37451825094944], [2.2657557995440514, 6.374880110909635], [2.2653942287646145, 6.37451825094944], [2.2634055894777116, 6.374337320969342], [2.262682447918838, 6.373794531029049], [2.2628632333085563, 6.373070811108659], [2.2621400917496826, 6.372528021168366], [2.2621400917496826, 6.371985231228074], [2.262320877139401, 6.371985231228074], [2.2621400917496826, 6.371080581327584], [2.2601514524627797, 6.371804301247975], [2.2599706670730613, 6.371080581327584], [2.259247525514188, 6.370718721367389], [2.2590667401244695, 6.371080581327584], [2.257982027786159, 6.37144244128778], [2.256897315447848, 6.372708951148463], [2.2558126031095376, 6.372708951148463], [2.255993388499256, 6.37307081110866], [2.257620457006722, 6.373432671068855], [2.2574396716170035, 6.373975461009147], [2.2567165300581293, 6.374156390989245], [2.256535744668411, 6.373794531029049], [2.2556318177198187, 6.373794531029049], [2.2554510323301002, 6.373070811108659], [2.254727890771227, 6.373432671068854], [2.2540047492123527, 6.373432671068854], [2.2540047492123527, 6.373251741088756], [2.25201610992545, 6.372708951148463], [2.251654539146013, 6.37216616120817], [2.2509313975871392, 6.371985231228073], [2.250389041417984, 6.370899651347487], [2.2487619729105184, 6.370718721367389], [2.248219616741363, 6.371080581327584], [2.2462309774544598, 6.371261511307682], [2.2462309774544598, 6.370537791387291], [2.245327050505868, 6.370356861407194], [2.2451462651161496, 6.370899651347487], [2.2446039089469942, 6.370718721367389], [2.2440615527778385, 6.371623371267877], [2.2436999819984016, 6.371261511307682], [2.2427960550498094, 6.371080581327584], [2.242615269660091, 6.370356861407194], [2.241892128101217, 6.369995001446998], [2.240988201152625, 6.368909421566412], [2.2395419180348775, 6.36909035154651], [2.238999561865722, 6.368366631626119], [2.2379148495274115, 6.367823841685826], [2.237372493358256, 6.367823841685826], [2.2371917079685377, 6.367461981725631], [2.235564639461072, 6.367461981725631], [2.235022283291917, 6.368185701646022]], [[2.2433384112189647, 6.384650329834909], [2.243519196608683, 6.384107539894617], [2.244061552777839, 6.384107539894617], [2.243699981998402, 6.384288469874714], [2.243699981998402, 6.384650329834909], [2.2433384112189647, 6.384650329834909]], [[2.243338411218965, 6.384107539894616], [2.2427960550498094, 6.383745679934422], [2.243338411218965, 6.383564749954324], [2.243338411218965, 6.384107539894616]], [[2.262320877139401, 6.383383819974226], [2.2617785209702457, 6.381574520173249], [2.261416950190809, 6.381393590193151], [2.261416950190809, 6.380850800252858], [2.2612361648010904, 6.380850800252858], [2.261416950190809, 6.380127080332469], [2.261959306359964, 6.379946150352371], [2.261959306359964, 6.379584290392175], [2.2608745940216535, 6.379403360412077], [2.260693808631935, 6.378317780531492], [2.261778520970246, 6.378860570471785], [2.262140091749683, 6.379584290392176], [2.2635863748674305, 6.379765220372273], [2.2635863748674305, 6.380127080332469], [2.264128731036586, 6.380669870272762], [2.264671087205741, 6.380669870272762], [2.264671087205741, 6.381031730232957], [2.2652134433748965, 6.381393590193152], [2.2652134433748965, 6.382117310113543], [2.2655750141543334, 6.3822982400936406], [2.265755799544052, 6.382660100053836], [2.2655750141543334, 6.383021960014031], [2.2659365849337703, 6.383202889994129], [2.2659365849337703, 6.383564749954323], [2.265575014154333, 6.383564749954323], [2.264851872595459, 6.382841030033933], [2.2646710872057407, 6.38229824009364], [2.264128731036586, 6.382841030033933], [2.264128731036586, 6.383926609914519], [2.2634055894777116, 6.383926609914519], [2.263224804087993, 6.383383819974226], [2.262320877139401, 6.383383819974226]], [[2.2422536988806545, 6.378498710511589], [2.241892128101217, 6.378136850551394], [2.2429768404395283, 6.377051270670808], [2.243338411218965, 6.377774990591198], [2.2429768404395283, 6.377955920571296], [2.2429768404395283, 6.378317780531491], [2.2422536988806545, 6.378317780531491], [2.2422536988806545, 6.378498710511589]]], [[[2.2554510323301007, 6.372889881128561], [2.2556318177198187, 6.37307081110866], [2.2556318177198187, 6.372889881128561], [2.2554510323301007, 6.372889881128561]]], [[[2.257078100837566, 6.395687058620867], [2.256897315447848, 6.3958679886009655], [2.257078100837566, 6.3958679886009655], [2.257078100837566, 6.395687058620867]]]]}, "properties": {"name": "Cococodji", "commune": "ABOMEY-CALAVI", "confidence": "HIGH", "area_m2": 14385000.5, "perimeter_m": 29224.7, "road_length_m": 170259.1, "n_road_vertices": 5968, "avg_dist_to_road_m": 51.4, "pct_area_near_road": 89.8, "color": "#ad45c8", "neighbours": ["Akossavié", "Amahoun\n", "Djèkpota", "Gbodjè-Womey\n", "Houinmè-Daho", "Sogan", "Womey-Yénawa"], "n_neighbours": 7, "manual_review_reasons": []}}, {"type": "Feature", "geometry": {"type": "Polygon", "coordinates": [[[2.357052421351864, 6.578607268499607], [2.3565100651827087, 6.576978898678729], [2.3568716359621456, 6.5767979686986315], [2.3568716359621456, 6.576436108738436], [2.3577755629107378, 6.5762551787583385], [2.3577755629107378, 6.575712388818045], [2.357052421351864, 6.575712388818045], [2.357052421351864, 6.575531458837948], [2.3581371336901746, 6.574264948977264], [2.3581371336901746, 6.5735412290568735], [2.3588602752490484, 6.572817509136483], [2.359041060638767, 6.572093789216091], [2.358317919079893, 6.571731929255896], [2.358317919079893, 6.571370069295701], [2.3577755629107378, 6.570827279355408], [2.357413992131301, 6.570827279355408], [2.357052421351864, 6.570284489415115], [2.355063782064961, 6.569379839514626], [2.355063782064961, 6.567570539713651], [2.3556061382341165, 6.566665889813161], [2.355063782064961, 6.566304029852966], [2.353255928167777, 6.566123099872868], [2.3530751427780587, 6.566665889813161], [2.3512672888808743, 6.567027749773357], [2.3512672888808743, 6.567932399673845], [2.350363361932282, 6.56829425963404], [2.3501825765425637, 6.570103559435017], [2.348193937255661, 6.570103559435017], [2.347832366476224, 6.570465419395212], [2.3476515810865055, 6.571189139315603], [2.3467476541379133, 6.571731929255896], [2.346566868748195, 6.572817509136482], [2.3456629417996027, 6.57299843911658], [2.3454821564098842, 6.573903089017068], [2.3451205856304473, 6.574084018997166], [2.3447590148510105, 6.575169598877752], [2.3440358732921367, 6.575712388818045], [2.3438550879024183, 6.577159828658826], [2.3434935171229814, 6.577883548579217], [2.3438550879024183, 6.579150058439901], [2.3440358732921367, 6.579150058439901], [2.3440358732921367, 6.580778428260779], [2.3438550879024183, 6.580778428260779], [2.3438550879024183, 6.581321218201072], [2.342951160953826, 6.582225868101561], [2.342951160953826, 6.583492377962245], [2.3434935171229814, 6.584035167902538], [2.3438550879024183, 6.584035167902538], [2.3438550879024183, 6.58457795784283], [2.343312731733263, 6.585120747783123], [2.3434935171229814, 6.585844467703515], [2.3447590148510105, 6.5860253976836125], [2.3447590148510105, 6.58620632766371], [2.3454821564098842, 6.5860253976836125], [2.345843727189321, 6.586387257643808], [2.346386083358476, 6.586387257643808], [2.346747654137913, 6.585663537723417], [2.3471092249173497, 6.585663537723417], [2.347651581086505, 6.585120747783124], [2.3474707956967866, 6.584035167902537], [2.3469284395276313, 6.583311447982147], [2.3469284395276313, 6.5816830781612685], [2.3474707956967866, 6.580959358240878], [2.3485555080350973, 6.580416568300585], [2.3489170788145346, 6.580416568300585], [2.3492786495939715, 6.580959358240878], [2.3492786495939715, 6.582044938121464], [2.3496402203734084, 6.582406798081659], [2.3496402203734084, 6.584216097882636], [2.350905718101437, 6.5843970278627335], [2.3514480742705928, 6.5838542379224405], [2.3514480742705928, 6.585301677763222], [2.351990430439748, 6.585844467703515], [2.351990430439748, 6.58620632766371], [2.3539790697266505, 6.58620632766371], [2.354159855116369, 6.585663537723417], [2.3568716359621456, 6.585844467703515], [2.356690850572427, 6.584939817803026], [2.356148494403272, 6.584035167902537], [2.3563292797929902, 6.58313051800205], [2.3568716359621456, 6.582587728061757], [2.356690850572427, 6.581683078161268], [2.3565100651827087, 6.581683078161268], [2.3565100651827087, 6.5800547083403895], [2.356690850572427, 6.5800547083403895], [2.356690850572427, 6.5795119184000965], [2.357052421351864, 6.5795119184000965], [2.357052421351864, 6.578607268499607]]]}, "properties": {"name": "Kolètin", "commune": "ABOMEY-CALAVI", "confidence": "HIGH", "area_m2": 2466000.0, "perimeter_m": 10560.5, "road_length_m": 13850.8, "n_road_vertices": 728, "avg_dist_to_road_m": 56.9, "pct_area_near_road": 84.6, "color": "#68cf45", "neighbours": ["Adjogansa", "Agonsoudja", "Dokomè", "Sokan"], "n_neighbours": 4, "manual_review_reasons": []}}, {"type": "Feature", "geometry": {"type": "Polygon", "coordinates": [[[2.3338197896310344, 6.678661547493617], [2.333550320688467, 6.683028890168751], [2.3353581745856515, 6.688726713308183], [2.353436713557495, 6.695815442239312], [2.3536174989472136, 6.6954880356427005], [2.3556061382341165, 6.6949452457024075], [2.3556061382341165, 6.694583385742212], [2.3563292797929902, 6.694040595801919], [2.3563292797929902, 6.693497805861625], [2.355425352844398, 6.692593155961137], [2.355063782064961, 6.691688506060649], [2.354521425895806, 6.691326646100453], [2.353798284336932, 6.689879206259672], [2.35289435738834, 6.688974556359184], [2.35289435738834, 6.688612696398988], [2.3523520012191845, 6.688250836438793], [2.3516288596603108, 6.686803396598012], [2.350905718101437, 6.686984326578109], [2.3503633619322817, 6.683365726976156], [2.3501825765425632, 6.683365726976156], [2.3501825765425632, 6.68228014709557], [2.350001791152845, 6.68228014709557], [2.350001791152845, 6.681375497195082], [2.3498210057631264, 6.681375497195082], [2.3498210057631264, 6.680289917314496], [2.349640220373408, 6.680289917314496], [2.349640220373408, 6.679385267414007], [2.3494594349836895, 6.679385267414007], [2.3494594349836895, 6.678299687533421], [2.3490978642042526, 6.677756897593128], [2.3476515810865055, 6.677575967613031], [2.3463860833584764, 6.678842477473714], [2.344216658681855, 6.678661547493617], [2.344216658681855, 6.679023407453812], [2.3427703755641076, 6.680470847294593], [2.3415048778360785, 6.680651777274691], [2.3415048778360785, 6.680832707254789], [2.3404201654977674, 6.680832707254789], [2.33897388238002, 6.6799280573543], [2.3369852430931175, 6.6799280573543], [2.335900530754807, 6.680470847294593], [2.3351773891959327, 6.680470847294593], [2.3342734622473404, 6.679747127374203], [2.3338197896310344, 6.678661547493617]]]}, "properties": {"name": "Anagbo", "commune": "ABOMEY-CALAVI", "confidence": "MEDIUM", "area_m2": 2760702.8, "perimeter_m": 9297.4, "road_length_m": 13711.0, "n_road_vertices": 394, "avg_dist_to_road_m": 209.8, "pct_area_near_road": 31.8, "color": "#bc41cc", "neighbours": ["Ahowégodo", "Kpanroun", "Kpaviédja"], "n_neighbours": 3, "manual_review_reasons": []}}, {"type": "Feature", "geometry": {"type": "Polygon", "coordinates": [[[2.324149480423108, 6.445261873167627], [2.323607124253953, 6.446347453048213], [2.3232455534745156, 6.446347453048213], [2.3227031973053602, 6.445623733127823], [2.322341626525924, 6.445623733127823], [2.321980055746487, 6.446347453048213], [2.3214376995773316, 6.446528383028311], [2.321256914187613, 6.447071172968604], [2.3207145580184574, 6.446709313008409], [2.3196298456801467, 6.446890242988506], [2.3194490602904283, 6.446709313008409], [2.3196298456801467, 6.44580466310792], [2.318725918731555, 6.44580466310792], [2.3185451333418365, 6.446166523068116], [2.318725918731555, 6.447613962908897], [2.3181835625623997, 6.447794892888995], [2.3181835625623997, 6.448156752849191], [2.318364347952118, 6.448156752849191], [2.318364347952118, 6.448699542789484], [2.3189067041212734, 6.448699542789484], [2.3194490602904287, 6.449423262709875], [2.319087489510992, 6.450146982630265], [2.319629845680147, 6.450689772570558], [2.319629845680147, 6.451956282431242], [2.3201722018493025, 6.45286093233173], [2.320533772628739, 6.452680002351633], [2.32161848496705, 6.45286093233173], [2.3217992703567685, 6.453765582232219], [2.322883982695079, 6.453765582232219], [2.3230647680847976, 6.454851162112805], [2.323607124253953, 6.455393952053098], [2.323607124253953, 6.455755812013293], [2.324149480423108, 6.455574882033195], [2.324872621981982, 6.456117671973488], [2.3254149781511373, 6.455936741993391], [2.3255957635408557, 6.456479531933684], [2.326138119710011, 6.456298601953586], [2.3263189050997295, 6.457022321873977], [2.326861261268885, 6.457384181834172], [2.326861261268885, 6.457746041794367], [2.3272228320483217, 6.457746041794367], [2.3270420466586033, 6.459736271575442], [2.3277651882174766, 6.459736271575442], [2.328307544386632, 6.459374411615246], [2.3288499005557877, 6.459374411615246], [2.3292114713352245, 6.459917201555539], [2.3302961836735347, 6.459736271575442], [2.3301153982838163, 6.458107901754563], [2.330476969063253, 6.457384181834171], [2.3297538275043794, 6.457022321873976], [2.3297538275043794, 6.456660461913781], [2.3302961836735347, 6.456298601953586], [2.3301153982838163, 6.455032092092902], [2.3306577544529716, 6.455032092092902], [2.33083853984269, 6.454308372172512], [2.3313808960118454, 6.454127442192414], [2.3313808960118454, 6.453403722272022], [2.3310193252324085, 6.452680002351633], [2.3317424667912823, 6.452499072371535], [2.3317424667912823, 6.451956282431241], [2.331200110622127, 6.450870702550656], [2.3319232521810007, 6.450508842590461], [2.3326463937398745, 6.450508842590461], [2.3326463937398745, 6.449242332729776], [2.3322848229604376, 6.449061402749678], [2.3322848229604376, 6.448518612809385], [2.3319232521810007, 6.448337682829288], [2.3317424667912823, 6.447613962908897], [2.331200110622127, 6.447613962908897], [2.330476969063253, 6.447252102948702], [2.3302961836735347, 6.446890242988506], [2.329573042114661, 6.446709313008409], [2.3301153982838163, 6.445261873167627], [2.3288499005557872, 6.44508094318753], [2.3288499005557872, 6.444719083227334], [2.328307544386632, 6.444719083227334], [2.327945973607195, 6.443814433326846], [2.3272228320483213, 6.443995363306944], [2.327042046658603, 6.443452573366651], [2.3266804758791664, 6.443452573366651], [2.326138119710011, 6.444357223267139], [2.325234192761419, 6.4441762932870414], [2.325234192761419, 6.44508094318753], [2.324872621981982, 6.445442803147725], [2.324149480423108, 6.445261873167627]]]}, "properties": {"name": "Aïdégnon\n", "commune": "ABOMEY-CALAVI", "confidence": "HIGH", "area_m2": 1587200.0, "perimeter_m": 8560.2, "road_length_m": 22181.9, "n_road_vertices": 910, "avg_dist_to_road_m": 28.7, "pct_area_near_road": 99.7, "color": "#c34dce", "neighbours": ["Ahossougbéta", "Alédjo\n", "Aïfa-Calavi", "Aïtchédji\n", "Fifonsi\n", "Tokan"], "n_neighbours": 6, "manual_review_reasons": []}}, {"type": "Feature", "geometry": {"type": "Polygon", "coordinates": [[[2.3295730421146614, 6.436396304142842], [2.329392256724943, 6.4371200240632325], [2.329030685945506, 6.43730095404333], [2.3292114713352245, 6.438024673963721], [2.328488329776351, 6.438024673963721], [2.328488329776351, 6.438386533923917], [2.329030685945506, 6.43892932386421], [2.329030685945506, 6.439472113804502], [2.328488329776351, 6.439472113804502], [2.328488329776351, 6.440014903744796], [2.329030685945506, 6.440014903744796], [2.329030685945506, 6.4403767637049905], [2.328488329776351, 6.4403767637049905], [2.3283075443866323, 6.440738623665186], [2.3283075443866323, 6.441100483625382], [2.3286691151660692, 6.44128141360548], [2.3286691151660692, 6.441824203545772], [2.328488329776351, 6.441824203545772], [2.328488329776351, 6.44272885344626], [2.327765188217477, 6.44272885344626], [2.3279459736071955, 6.444176293287042], [2.3283075443866323, 6.444719083227335], [2.3288499005557877, 6.444719083227335], [2.3288499005557877, 6.445080943187531], [2.3301153982838168, 6.445261873167628], [2.3295730421146614, 6.44670931300841], [2.330296183673535, 6.446890242988507], [2.3304769690632536, 6.447252102948703], [2.3312001106221274, 6.447613962908898], [2.3317424667912827, 6.447613962908898], [2.3324656083501565, 6.449242332729777], [2.3333695352987482, 6.449242332729777], [2.3333695352987482, 6.448880472769582], [2.334454247637059, 6.449061402749679], [2.3348158184164958, 6.448880472769582], [2.334996603806214, 6.448337682829289], [2.335719745365088, 6.448699542789484], [2.335719745365088, 6.447975822869093], [2.336081316144525, 6.447975822869093], [2.33662367231368, 6.447071172968605], [2.337527599262273, 6.447252102948703], [2.337527599262273, 6.447794892888996], [2.338069955431428, 6.447794892888996], [2.338069955431428, 6.447975822869093], [2.3387930969903015, 6.447794892888996], [2.33897388238002, 6.446166523068117], [2.3400585947183306, 6.446166523068117], [2.3400585947183306, 6.445985593088019], [2.3406009508874863, 6.446347453048214], [2.341504877836078, 6.446166523068117], [2.3416856632257965, 6.444357223267139], [2.341504877836078, 6.444357223267139], [2.341504877836078, 6.443452573366651], [2.340600950887486, 6.443271643386553], [2.3407817362772043, 6.4420051335258695], [2.340239380108049, 6.441643273565674], [2.340600950887486, 6.440195833724893], [2.340239380108049, 6.4398339737646975], [2.339335453159457, 6.4398339737646975], [2.33897388238002, 6.439110253844307], [2.3386123116005835, 6.4392911838244045], [2.3386123116005835, 6.4396530437846], [2.3380699554314277, 6.4396530437846], [2.3380699554314277, 6.439110253844308], [2.338250740821146, 6.439110253844308], [2.3380699554314277, 6.438567463904014], [2.33662367231368, 6.439110253844307], [2.3355389599753695, 6.438386533923916], [2.334996603806214, 6.438386533923916], [2.3342734622473404, 6.43730095404333], [2.332827179129593, 6.437481884023428], [2.332827179129593, 6.4371200240632325], [2.332284822960438, 6.436939094083135], [2.3321040375707196, 6.43730095404333], [2.331380896011846, 6.4371200240632325], [2.3312001106221274, 6.437481884023428], [2.3301153982838163, 6.4376628140035255], [2.329934612894098, 6.436396304142842], [2.3295730421146614, 6.436396304142842]]]}, "properties": {"name": "Alédjo\n", "commune": "ABOMEY-CALAVI", "confidence": "HIGH", "area_m2": 1406000.0, "perimeter_m": 7440.0, "road_length_m": 19206.1, "n_road_vertices": 664, "avg_dist_to_road_m": 31.4, "pct_area_near_road": 99.7, "color": "#cfc148", "neighbours": ["Aïdégnon\n", "Aïtchédji\n", "Fifonsi\n", "Finafa\n", "Tchinangbégbo\n"], "n_neighbours": 5, "manual_review_reasons": []}}, {"type": "Feature", "geometry": {"type": "Polygon", "coordinates": [[[2.4226775178196585, 6.380488940292663], [2.42249673242994, 6.381393590193151], [2.4214120200916294, 6.381936380133444], [2.4214120200916294, 6.383745679934421], [2.420869663922474, 6.383745679934421], [2.4203273077533187, 6.384107539894616], [2.4203273077533187, 6.38465032983491], [2.421231234701911, 6.385193119775203], [2.421231234701911, 6.386278699655789], [2.421592805481348, 6.386459629635887], [2.422315947040221, 6.386278699655789], [2.4228583032093765, 6.385374049755301], [2.4232198739888138, 6.385374049755301], [2.4239430155476875, 6.3860977696756915], [2.4250277278859977, 6.3860977696756915], [2.425208513275716, 6.3855549797353985], [2.425750869444872, 6.385193119775203], [2.4259316548345904, 6.3855549797353985], [2.426654796393464, 6.385916839695594], [2.426654796393464, 6.386278699655789], [2.427377937952338, 6.3860977696756915], [2.427739508731775, 6.386459629635887], [2.427739508731775, 6.387545209516473], [2.427920294121493, 6.387545209516473], [2.428462650290648, 6.38700241957618], [2.4281010795112112, 6.386278699655789], [2.428824221070085, 6.3853740497553], [2.4281010795112112, 6.385554979735398], [2.4273779379523375, 6.385012189795105], [2.427558723342056, 6.384288469874714], [2.4266547963934637, 6.384469399854812], [2.4264740110037453, 6.384107539894616], [2.4261124402243084, 6.384107539894616], [2.4261124402243084, 6.383021960014031], [2.4266547963934637, 6.382660100053836], [2.4270163671729006, 6.381936380133445], [2.4270163671729006, 6.381031730232956], [2.4259316548345904, 6.381212660213054], [2.425208513275716, 6.381936380133444], [2.4248469424962793, 6.381755450153347], [2.424666157106561, 6.381212660213054], [2.424304586327124, 6.381212660213054], [2.4241238009374055, 6.380488940292663], [2.4232198739888133, 6.380488940292663], [2.4232198739888133, 6.380308010312565], [2.4226775178196585, 6.380488940292663]]]}, "properties": {"name": "Ahouansouri-Agata", "commune": "COTONOU", "confidence": "HIGH", "area_m2": 350800.0, "perimeter_m": 4560.1, "road_length_m": 3429.0, "n_road_vertices": 124, "avg_dist_to_road_m": 43.8, "pct_area_near_road": 96.9, "color": "#dbcc47", "neighbours": ["Ahouansori-Towéta", "Ahouansori-Towéta-Kpota", "Ahouansouri-Agué", "Aïdjèdo", "Aïdjèdo-Gbègo", "Gbèdjromèdè", "Gbèdjromèdè-Nord"], "n_neighbours": 7, "manual_review_reasons": []}}, {"type": "Feature", "geometry": {"type": "Polygon", "coordinates": [[[2.3398778093286126, 6.402924257824774], [2.340058594718331, 6.403467047765067], [2.3395162385491757, 6.403647977745164], [2.3395162385491757, 6.404190767685458], [2.3406009508874863, 6.404190767685458], [2.3407817362772048, 6.40473355762575], [2.339697023938894, 6.405457277546141], [2.3395162385491757, 6.4067237874068255], [2.3402393801080494, 6.406904717386923], [2.3406009508874863, 6.407628437307314], [2.3415048778360785, 6.4078093672874115], [2.3415048778360785, 6.408171227247607], [2.342047234005234, 6.408171227247607], [2.342047234005234, 6.4083521572277045], [2.3424088047846703, 6.407990297267509], [2.342951160953826, 6.408171227247607], [2.342951160953826, 6.408533087207801], [2.3418664486155154, 6.408894947167997], [2.342047234005234, 6.409980527048583], [2.341685663225797, 6.410523316988876], [2.341685663225797, 6.4110661069291695], [2.342047234005234, 6.41178982684956], [2.3429511609538256, 6.41178982684956], [2.343131946343544, 6.411247036909267], [2.3434935171229814, 6.411427966889365], [2.3438550879024183, 6.413418196670439], [2.345843727189321, 6.413599126650537], [2.345843727189321, 6.413960986610732], [2.346747654137913, 6.413960986610732], [2.347651581086505, 6.413418196670439], [2.3509057181014374, 6.413056336710244], [2.3509057181014374, 6.413237266690341], [2.3521712158294665, 6.413418196670439], [2.353255928167777, 6.413960986610732], [2.3545214258958063, 6.41414191659083], [2.3545214258958063, 6.414322846570927], [2.3568716359621456, 6.414684706531123], [2.3568716359621456, 6.414503776551025], [2.357956348300456, 6.414503776551025], [2.357956348300456, 6.414322846570927], [2.359041060638767, 6.414322846570927], [2.359041060638767, 6.41414191659083], [2.359944987587359, 6.41414191659083], [2.359944987587359, 6.413960986610732], [2.364826193109757, 6.413237266690341], [2.364826193109757, 6.412875406730145], [2.3642838369406016, 6.41251354676995], [2.3642838369406016, 6.412151686809755], [2.363199124602291, 6.411066106929169], [2.363199124602291, 6.410704246968973], [2.3613912707051066, 6.408894947167997], [2.3610296999256697, 6.408894947167997], [2.3604873437565144, 6.408171227247606], [2.3601257729770775, 6.408171227247606], [2.3597642021976406, 6.407628437307313], [2.3539790697266505, 6.40473355762575], [2.352171215829466, 6.404552627645653], [2.3514480742705923, 6.404190767685457], [2.350001791152845, 6.402743327844676], [2.349278649593971, 6.402562397864578], [2.3490978642042526, 6.402200537904383], [2.348374722645379, 6.401838677944188], [2.347470795696787, 6.40165774796409], [2.3472900103070686, 6.402019607924285], [2.346205297968758, 6.402381467884481], [2.3456629417996027, 6.402924257824774], [2.3449398002407285, 6.402924257824774], [2.34475901485101, 6.402562397864578], [2.3436743025127, 6.402743327844676], [2.3434935171229814, 6.403105187804871], [2.343131946343544, 6.402743327844676], [2.3416856632257965, 6.403105187804871], [2.340600950887486, 6.402562397864578], [2.3398778093286126, 6.402924257824774]]]}, "properties": {"name": "Sèdomey", "commune": "ABOMEY-CALAVI", "confidence": "MANUAL_REVIEW", "area_m2": 2416800.0, "perimeter_m": 9798.9, "road_length_m": 8076.0, "n_road_vertices": 284, "avg_dist_to_road_m": 504.3, "pct_area_near_road": 33.5, "color": "#dc4045", "neighbours": ["Agonkanmey\n", "Djoukpa-Togoudo\n", "Finafa\n", "Godomey-Togoudo", "Hlouacomey", "Nonhouénou\n", "Tokpa-Zoungo-Sud\n"], "n_neighbours": 7, "manual_review_reasons": ["avg distance to owned road 504 m"]}}, {"type": "Feature", "geometry": {"type": "MultiPolygon", "coordinates": [[[[2.3641030515508836, 6.364748032024167], [2.3641030515508836, 6.364928962004265], [2.364826193109757, 6.364748032024167], [2.364826193109757, 6.363843382123678], [2.3642838369406016, 6.36366245214358], [2.3642838369406016, 6.363119662203287], [2.3639222661611647, 6.362938732223189], [2.3637414807714463, 6.3622150123028], [2.3646454077200385, 6.361491292382409], [2.36446462233032, 6.360405712501823], [2.3653685492789123, 6.35986292256153], [2.3653685492789123, 6.359139202641138], [2.3651877638891943, 6.359320132621236], [2.3637414807714463, 6.359320132621236], [2.3636381621195297, 6.359139202641138], [2.36358905382091, 6.364748032024167], [2.3641030515508836, 6.364748032024167]]], [[[2.3636397462566947, 6.358958272661042], [2.363922266161165, 6.359139202641139], [2.3646454077200385, 6.359139202641139], [2.3646454077200385, 6.358958272661042], [2.365187763889194, 6.358958272661042], [2.365187763889194, 6.358596412700845], [2.36446462233032, 6.35823455274065], [2.3646454077200385, 6.357148972860065], [2.3650069784994754, 6.357148972860065], [2.3650069784994754, 6.356606182919771], [2.3646454077200385, 6.356425252939673], [2.3646454077200385, 6.355882462999381], [2.3650069784994754, 6.355520603039185], [2.3642838369406016, 6.355339673059087], [2.3642838369406016, 6.354615953138697], [2.3639222661611647, 6.354615953138697], [2.3639222661611647, 6.353711303238208], [2.363687270371641, 6.353530373258111], [2.3636397462566947, 6.358958272661042]]]]}, "properties": {"name": "Fidjrossè-Kpota", "commune": "COTONOU", "confidence": "MEDIUM", "area_m2": 122686.4, "perimeter_m": 3761.0, "road_length_m": 20037.9, "n_road_vertices": 636, "avg_dist_to_road_m": 128.9, "pct_area_near_road": 72.4, "color": "#53ce4b", "neighbours": ["Adjaha-Cité", "Fidjrossè-Centre", "Fiyégnon-Jacquot", "Hlazounto"], "n_neighbours": 4, "manual_review_reasons": []}}, {"type": "Feature", "geometry": {"type": "Polygon", "coordinates": [[[2.334815818416496, 6.379765220372272], [2.3346350330267778, 6.380488940292663], [2.3340926768576225, 6.380669870272761], [2.3340926768576225, 6.381212660213054], [2.333550320688467, 6.381393590193151], [2.333911891467904, 6.3822982400936406], [2.334815818416496, 6.382117310113543], [2.3349966038062147, 6.3828410300339335], [2.3360813161445253, 6.3833838199742265], [2.335900530754807, 6.383564749954323], [2.3360813161445253, 6.384107539894617], [2.3377083846519913, 6.384288469874715], [2.337527599262273, 6.384650329834909], [2.3377083846519913, 6.3850121897951055], [2.338431526210865, 6.384831259815008], [2.338793096990302, 6.385374049755301], [2.3393354531594572, 6.385374049755301], [2.3393354531594572, 6.385916839695594], [2.3398778093286126, 6.386459629635887], [2.340600950887486, 6.3866405596159845], [2.340600950887486, 6.385735909715496], [2.341143307056641, 6.385735909715496], [2.341504877836078, 6.385193119775203], [2.3424088047846703, 6.3855549797353985], [2.3425895901743887, 6.385193119775203], [2.3433127317332625, 6.384831259815008], [2.3436743025126994, 6.384107539894617], [2.3436743025126994, 6.383564749954323], [2.3433127317332625, 6.383021960014031], [2.343855087902418, 6.382660100053836], [2.3442166586818547, 6.381936380133445], [2.345482156409884, 6.382117310113543], [2.345662941799602, 6.3817554501533476], [2.346386083358476, 6.38157452017325], [2.346386083358476, 6.380850800252859], [2.347651581086505, 6.379946150352371], [2.347290010307068, 6.379584290392175], [2.347290010307068, 6.377594060611101], [2.3478323664762235, 6.377594060611101], [2.348013151865942, 6.377051270670808], [2.3485555080350973, 6.376870340690711], [2.3485555080350973, 6.376508480730515], [2.349640220373408, 6.376508480730515], [2.3498210057631264, 6.375965690790222], [2.3507249327117186, 6.37614662077032], [2.3507249327117186, 6.375603830830027], [2.3523520012191845, 6.375061040889734], [2.352532786608903, 6.374699180929539], [2.35289435738834, 6.374880110909636], [2.353436713557495, 6.374518250949441], [2.353979069726651, 6.374518250949441], [2.354521425895806, 6.375061040889734], [2.354521425895806, 6.374699180929538], [2.354159855116369, 6.37451825094944], [2.3543406405060874, 6.373975461009147], [2.354159855116369, 6.373613601048952], [2.3530751427780583, 6.373975461009147], [2.35289435738834, 6.373432671068854], [2.352352001219185, 6.373613601048952], [2.3521712158294665, 6.373975461009147], [2.3516288596603108, 6.373975461009147], [2.3514480742705923, 6.373613601048952], [2.351086503491156, 6.373613601048952], [2.351086503491156, 6.373975461009147], [2.3501825765425637, 6.374880110909635], [2.3498210057631264, 6.374880110909635], [2.3498210057631264, 6.37451825094944], [2.3485555080350977, 6.373975461009147], [2.348193937255661, 6.374337320969342], [2.348193937255661, 6.374699180929539], [2.3485555080350977, 6.374880110909636], [2.3483747226453793, 6.375422900849928], [2.3478323664762235, 6.375603830830026], [2.347651581086505, 6.375061040889733], [2.3472900103070686, 6.374880110909635], [2.34710922491735, 6.375422900849928], [2.3460245125790395, 6.375422900849928], [2.3454821564098842, 6.376146620770319], [2.3447590148510105, 6.376146620770319], [2.3447590148510105, 6.376508480730514], [2.3438550879024183, 6.376689410710612], [2.3436743025127, 6.377232200650905], [2.343312731733263, 6.377413130631003], [2.341685663225797, 6.377232200650905], [2.340420165497768, 6.377955920571296], [2.3398778093286126, 6.377955920571296], [2.3389738823800204, 6.378498710511589], [2.339154667769739, 6.379222430431979], [2.338793096990302, 6.379222430431979], [2.3386123116005835, 6.379765220372272], [2.338069955431428, 6.379584290392175], [2.3377083846519913, 6.379765220372272], [2.3377083846519913, 6.380127080332468], [2.3368044577033986, 6.380127080332468], [2.33662367231368, 6.379584290392175], [2.335900530754807, 6.37994615035237], [2.334815818416496, 6.379765220372272]]]}, "properties": {"name": "Dénou\n", "commune": "ABOMEY-CALAVI", "confidence": "HIGH", "area_m2": 1076000.0, "perimeter_m": 9159.6, "road_length_m": 15071.7, "n_road_vertices": 528, "avg_dist_to_road_m": 31.6, "pct_area_near_road": 99.0, "color": "#dd5452", "neighbours": ["Aïmèvo\n", "Dèkoungbé\n", "Fignonhou\n", "Godomey-N'Gbèho", "Ounvènoumèdé\n", "Plateau\n"], "n_neighbours": 6, "manual_review_reasons": []}}, {"type": "Feature", "geometry": {"type": "Polygon", "coordinates": [[[2.4246661571065613, 6.346835963994497], [2.4243045863271244, 6.349188053735768], [2.425027727885998, 6.349911773656158], [2.4252085132757166, 6.350454563596451], [2.425750869444872, 6.350454563596451], [2.426112440224309, 6.350997353536744], [2.426654796393464, 6.351178283516842], [2.426654796393464, 6.351540143477037], [2.427739508731775, 6.352444793377526], [2.427739508731775, 6.352987583317818], [2.4262932256140273, 6.35280665333772], [2.4259316548345904, 6.354977813098892], [2.4253892986654346, 6.35515874307899], [2.425027727885998, 6.354796883118794], [2.4248469424962797, 6.35515874307899], [2.424485371716843, 6.35515874307899], [2.4243045863271244, 6.356244322959576], [2.4232198739888138, 6.356063392979478], [2.4226775178196585, 6.357148972860065], [2.422858303209377, 6.35751083282026], [2.4235814447682507, 6.357329902840163], [2.4239430155476875, 6.358053622760553], [2.424485371716843, 6.358053622760553], [2.424485371716843, 6.358234552740651], [2.4252085132757166, 6.358053622760553], [2.425750869444872, 6.358596412700846], [2.426293225614027, 6.358053622760553], [2.4271971525626195, 6.358777342680944], [2.427920294121493, 6.358053622760553], [2.428643435680367, 6.358596412700846], [2.429185791849522, 6.358596412700846], [2.429728148018677, 6.35751083282026], [2.4293665772392403, 6.357148972860064], [2.4293665772392403, 6.356244322959577], [2.430451289577551, 6.355882462999381], [2.4306320749672694, 6.355339673059088], [2.431174431136425, 6.355701533019284], [2.4322591434747354, 6.355520603039186], [2.4322591434747354, 6.354254093178502], [2.4326207142541723, 6.353711303238208], [2.431355216526143, 6.353711303238208], [2.431355216526143, 6.352987583317818], [2.4311744311364247, 6.352987583317818], [2.431355216526143, 6.352082933417329], [2.430451289577551, 6.352082933417329], [2.429728148018677, 6.351721073457134], [2.4293665772392403, 6.351178283516841], [2.4293665772392403, 6.350816423556647], [2.429728148018677, 6.350635493576549], [2.4311744311364247, 6.350454563596451], [2.4318975726952985, 6.350092703636256], [2.431355216526143, 6.34900712375567], [2.432078358085017, 6.347921543875083], [2.431355216526143, 6.347559683914888], [2.4311744311364247, 6.3471978239546925], [2.430451289577551, 6.347016893974595], [2.4295473626289588, 6.3461122440741065], [2.427739508731775, 6.347016893974595], [2.4246661571065613, 6.346835963994497]]]}, "properties": {"name": "Zongo-Nima", "commune": "COTONOU", "confidence": "HIGH", "area_m2": 828000.0, "perimeter_m": 7239.9, "road_length_m": 6082.6, "n_road_vertices": 180, "avg_dist_to_road_m": 60.4, "pct_area_near_road": 83.9, "color": "#d440ad", "neighbours": ["Ahouanlèko", "Avlékété-Joncquet", "Dota", "Gbèdiga-Guêdêhounguè", "Gbéto", "Xwlacôdji-Kpodji", "Zongo-Ehuzu"], "n_neighbours": 7, "manual_review_reasons": []}}, {"type": "Feature", "geometry": {"type": "Polygon", "coordinates": [[[2.2471349044030524, 6.361035784622175], [2.23928797140402, 6.363843382123678], [2.23466071251248, 6.368185701646023], [2.2350222832919164, 6.368185701646023], [2.2355646394610718, 6.367461981725632], [2.237191707968538, 6.367461981725632], [2.2373724933582566, 6.367823841685827], [2.237914849527412, 6.367823841685827], [2.2389995618657226, 6.36836663162612], [2.239541918034878, 6.369090351546511], [2.2409882011526254, 6.368909421566413], [2.2418921281012176, 6.369995001446999], [2.2426152696600914, 6.370356861407195], [2.24279605504981, 6.371080581327585], [2.243699981998402, 6.371261511307683], [2.244061552777839, 6.371623371267878], [2.244242338167557, 6.371623371267878], [2.244242338167557, 6.371080581327585], [2.244603908946994, 6.37071872136739], [2.245146265116149, 6.370899651347488], [2.2453270505058676, 6.370356861407195], [2.2460501920647418, 6.370356861407195], [2.24623097745446, 6.371261511307683], [2.2482196167413626, 6.371080581327585], [2.248761972910518, 6.37071872136739], [2.2503890414179843, 6.370899651347488], [2.251112182976858, 6.372166161208171], [2.2516545391460134, 6.372166161208171], [2.2520161099254503, 6.372708951148464], [2.254004749212353, 6.373251741088757], [2.254004749212353, 6.373432671068855], [2.2547278907712265, 6.373432671068855], [2.255812603109537, 6.372708951148464], [2.2568973154478478, 6.372708951148464], [2.2579820277861584, 6.371442441287781], [2.259609096293625, 6.37071872136739], [2.26015145246278, 6.371804301247976], [2.262140091749683, 6.371080581327585], [2.2623208771394014, 6.371261511307683], [2.262140091749683, 6.372528021168367], [2.2628632333085568, 6.37307081110866], [2.2626824479188383, 6.37379453102905], [2.263405589477712, 6.374337320969343], [2.265394228764615, 6.374518250949441], [2.265755799544052, 6.374880110909636], [2.267202082661799, 6.37379453102905], [2.2673828680515173, 6.373251741088757], [2.2677444388309547, 6.373432671068855], [2.269913863507576, 6.373251741088757], [2.270817790456168, 6.373975461009148], [2.2719025027944784, 6.373975461009148], [2.2719025027944784, 6.37379453102905], [2.274433498250537, 6.373975461009148], [2.2746142836402554, 6.375422900849929], [2.2753374251991287, 6.375422900849929], [2.2753374251991287, 6.375061040889734], [2.2756989959785656, 6.375061040889734], [2.2760605667580025, 6.374337320969343], [2.2776876352654685, 6.374337320969343], [2.2776876352654685, 6.374156390989246], [2.278229991434624, 6.374156390989246], [2.2785915622140607, 6.373613601048953], [2.279314703772935, 6.374156390989246], [2.279314703772935, 6.374518250949441], [2.28220727000843, 6.374518250949441], [2.2827496261775853, 6.375061040889734], [2.284015123905614, 6.375241970869832], [2.2841959092953323, 6.374337320969343], [2.2849190508542065, 6.374337320969343], [2.2849190508542065, 6.374699180929539], [2.285280621633643, 6.374880110909636], [2.2854614070233614, 6.373975461009148], [2.286546119361672, 6.37379453102905], [2.286546119361672, 6.37307081110866], [2.2867269047513905, 6.37307081110866], [2.286184548582235, 6.371261511307683], [2.2867269047513905, 6.371080581327585], [2.2867269047513905, 6.37071872136739], [2.2903426125457593, 6.367281051745534], [2.2903426125457593, 6.366919191785339], [2.291065754104633, 6.366195471864948], [2.2925120372223806, 6.366195471864948], [2.2925120372223806, 6.366014541884851], [2.2948622472887203, 6.36529082196446], [2.2948622472887203, 6.364928962004265], [2.295585388847594, 6.364386172063972], [2.295585388847594, 6.364024312103776], [2.296850886575623, 6.36293873222319], [2.2966701011859048, 6.362034082322701], [2.2952238180681572, 6.360405712501822], [2.294319891119565, 6.360224782521724], [2.293958320340128, 6.359862922561529], [2.2916081102737884, 6.359681992581431], [2.291065754104633, 6.357510832820259], [2.290161827156041, 6.357148972860064], [2.2899810417663224, 6.356787112899869], [2.2876308316999827, 6.356787112899869], [2.2876308316999827, 6.356606182919771], [2.2854614070233614, 6.356425252939673], [2.284015123905614, 6.355339673059087], [2.284015123905614, 6.354435023158599], [2.28329198234674, 6.354073163198404], [2.28329198234674, 6.353349443278014], [2.283653553126177, 6.352625723357623], [2.284015123905614, 6.352444793377526], [2.284376694685051, 6.35135921349694], [2.284919050854206, 6.350816423556647], [2.2854614070233614, 6.350816423556647], [2.2854614070233614, 6.350635493576549], [2.2890771148177302, 6.350816423556647], [2.2892579002074487, 6.350635493576549], [2.2896194709868856, 6.348645263795475], [2.2899810417663224, 6.348102473855182], [2.2899810417663224, 6.346293174054205], [2.2903426125457593, 6.346112244074107], [2.2905233979354778, 6.344483874253228], [2.290704183325196, 6.344483874253228], [2.290704183325196, 6.343398294372642], [2.2908849687149146, 6.343398294372642], [2.2908849687149146, 6.342493644472154], [2.291065754104633, 6.342493644472154], [2.291065754104633, 6.341588994571666], [2.2912465394943515, 6.341588994571666], [2.291788895663507, 6.337802690654946], [2.2838514473368803, 6.337789464989614], [2.280218630721527, 6.338151324949809], [2.276964493706595, 6.337994704698538], [2.277199, 6.341313999999567], [2.276964493706595, 6.35588246299938], [2.275698995978566, 6.358053622760552], [2.273168000522508, 6.359906761225535], [2.2729872151327895, 6.360405712501822], [2.272752511853364, 6.360224782521724], [2.266659726492644, 6.361491292382408], [2.2599706670730617, 6.361207335477056], [2.26015145246278, 6.361491292382408], [2.2594283109039064, 6.361853152342603], [2.2594283109039064, 6.3622150123028], [2.2599706670730617, 6.3622150123028], [2.2597898816833433, 6.362757802243092], [2.259428310903906, 6.362576872262994], [2.258705169345032, 6.362757802243092], [2.258705169345032, 6.362395942282896], [2.258162813175877, 6.361853152342603], [2.2572588862272847, 6.361853152342603], [2.2567165300581293, 6.361136152021126], [2.2471349044030524, 6.361035784622175]], [[2.2753374251991287, 6.366376401845045], [2.2753374251991287, 6.366014541884851], [2.275879781368284, 6.365833611904753], [2.2756989959785656, 6.364024312103776], [2.276241352147721, 6.364024312103776], [2.2764221375374394, 6.363662452143581], [2.2773260644860316, 6.363843382123679], [2.2776876352654685, 6.363481522163483], [2.277868420655187, 6.362395942282897], [2.2782299914346242, 6.3622150123028], [2.2784107768243427, 6.362757802243093], [2.2787723476037796, 6.362757802243093], [2.278591562214061, 6.364024312103775], [2.2784107768243422, 6.363843382123678], [2.277687635265469, 6.364024312103775], [2.2771452790963136, 6.365109891984361], [2.2767837083168767, 6.365290821964459], [2.2767837083168767, 6.365652681924654], [2.2753374251991287, 6.366376401845045]], [[2.2831111969570217, 6.362034082322701], [2.2829304115673033, 6.361129432422214], [2.28329198234674, 6.360405712501822], [2.2829304115673033, 6.360224782521724], [2.2829304115673033, 6.359681992581432], [2.2836535531261775, 6.359501062601335], [2.2840151239056143, 6.359681992581432], [2.2840151239056143, 6.362034082322701], [2.283834338515896, 6.362215012302799], [2.2831111969570217, 6.362034082322701]], [[2.2585243839553137, 6.365652681924654], [2.2585243839553137, 6.364748032024166], [2.2579820277861584, 6.364205242083874], [2.258705169345032, 6.364205242083874], [2.258705169345032, 6.363843382123679], [2.2590667401244695, 6.363843382123679], [2.2590667401244695, 6.364386172063972], [2.2597898816833433, 6.364386172063972], [2.2599706670730617, 6.365109891984361], [2.2594283109039064, 6.365290821964459], [2.2594283109039064, 6.365652681924654], [2.2590667401244695, 6.365833611904752], [2.2585243839553137, 6.365652681924654]], [[2.282568840787867, 6.353349443278014], [2.282568840787867, 6.353530373258111], [2.282026484618711, 6.353530373258111], [2.282026484618711, 6.353349443278014], [2.282568840787867, 6.353349443278014]], [[2.280399416111245, 6.364024312103775], [2.280399416111245, 6.363843382123678], [2.2796762745523713, 6.363843382123678], [2.2796762745523713, 6.363481522163483], [2.2802186307215266, 6.363119662203288], [2.2813033430598377, 6.363300592183386], [2.2816649138392746, 6.363662452143581], [2.281484128449556, 6.364205242083873], [2.280399416111245, 6.364024312103775]]]}, "properties": {"name": "Djèkpota", "commune": "ABOMEY-CALAVI", "confidence": "MEDIUM", "area_m2": 10869898.7, "perimeter_m": 31138.9, "road_length_m": 78598.1, "n_road_vertices": 3572, "avg_dist_to_road_m": 126.7, "pct_area_near_road": 63.0, "color": "#39ca56", "neighbours": ["Amahoun\n", "Cococodji", "Ganganzounmè\n", "Togbin-Daho", "Togbin-Fandji"], "n_neighbours": 5, "manual_review_reasons": []}}, {"type": "Feature", "geometry": {"type": "MultiPolygon", "coordinates": [[[[2.3612104853153886, 6.484342748868724], [2.361572056094825, 6.484523678848822], [2.361572056094825, 6.48379995892843], [2.3612104853153886, 6.48379995892843], [2.3612104853153886, 6.484342748868724]]], [[[2.362656768433136, 6.484161818888626], [2.362295197653699, 6.485428328749309], [2.361572056094825, 6.484704608828919], [2.3612104853153886, 6.484885538809016], [2.361391270705107, 6.486332978649798], [2.36102969992567, 6.486332978649798], [2.3608489145359517, 6.486694838609993], [2.3603065583667964, 6.486694838609993], [2.3603065583667964, 6.487780418490579], [2.3595834168079226, 6.488142278450774], [2.3599449875873595, 6.488323208430873], [2.359764202197641, 6.488865998371165], [2.359402631418204, 6.488685068391067], [2.359402631418204, 6.489046928351263], [2.358860275249049, 6.489408788311458], [2.357775562910738, 6.488865998371165], [2.3575947775210198, 6.489951578251751], [2.356510065182709, 6.489951578251751], [2.356510065182709, 6.490675298172142], [2.3561484944032722, 6.491037158132337], [2.355606138234117, 6.491037158132337], [2.355606138234117, 6.492122738012924], [2.3563292797929907, 6.4923036679930215], [2.3563292797929907, 6.4928464579333145], [2.3574139921313013, 6.4928464579333145], [2.357233206741583, 6.4939320378139], [2.3570524213518644, 6.4939320378139], [2.357233206741583, 6.495198547674584], [2.3574139921313013, 6.495379477654682], [2.3583179190798935, 6.495198547674584], [2.3583179190798935, 6.495741337614877], [2.358860275249049, 6.495741337614877], [2.358860275249049, 6.496826917495463], [2.3595834168079226, 6.496826917495463], [2.3595834168079226, 6.497550637415854], [2.360125772977078, 6.497550637415854], [2.3603065583667964, 6.4982743573362445], [2.3608489145359517, 6.4982743573362445], [2.3612104853153886, 6.4988171472765375], [2.3615720560948255, 6.4988171472765375], [2.3615720560948255, 6.499721797177026], [2.3619336268742623, 6.4999027271571235], [2.3622951976536988, 6.4999027271571235], [2.362475983043417, 6.499540867196928], [2.3637414807714463, 6.499540867196928], [2.3639222661611647, 6.499179007236733], [2.364283836940602, 6.499179007236733], [2.3648261931097574, 6.499540867196928], [2.365006978499476, 6.500264587117319], [2.3657301200583496, 6.500083657137221], [2.3657301200583496, 6.500626447077514], [2.3669956177863787, 6.500807377057612], [2.367176403176097, 6.501350166997905], [2.368080330124689, 6.501169237017807], [2.368080330124689, 6.5009883070377095], [2.368803471683563, 6.501350166997905], [2.370611325580747, 6.501350166997905], [2.370611325580747, 6.501169237017807], [2.371876823308776, 6.5009883070377095], [2.3724191794779315, 6.4999027271571235], [2.3727807502573683, 6.499721797177026], [2.3727807502573683, 6.4993599372168305], [2.3731423210368052, 6.499179007236733], [2.373503891816242, 6.498093427356147], [2.373865462595679, 6.497912497376049], [2.3745886041545528, 6.496465057535268], [2.3749501749339896, 6.49628412755517], [2.375130960323708, 6.4955604076347795], [2.375854101882582, 6.494836687714389], [2.3760348872723003, 6.494112967793998], [2.376396458051737, 6.4939320378139005], [2.3769388142208925, 6.4928464579333145], [2.3769388142208925, 6.4923036679930215], [2.3773003850003294, 6.491941808032826], [2.3773003850003294, 6.491399018092533], [2.377481170390048, 6.491399018092533], [2.3778427411694847, 6.4885041384109705], [2.378023526559203, 6.4885041384109705], [2.3782043119489216, 6.485428328749309], [2.377119599610611, 6.484885538809017], [2.3782043119489216, 6.484885538809017], [2.3782043119489216, 6.483980888908529], [2.3785658827283584, 6.483257168988138], [2.3789274535077958, 6.483257168988138], [2.3789274535077958, 6.484342748868724], [2.3791082388975138, 6.484342748868724], [2.383266302861038, 6.4760199697842316], [2.383266302861038, 6.475477179843939], [2.384531800589067, 6.47294416012257], [2.372419179477932, 6.476743689704621], [2.3713344671396213, 6.477829269585207], [2.3709728963601844, 6.477829269585207], [2.370430540191029, 6.478552989505598], [2.370068969411592, 6.478552989505598], [2.369526613242437, 6.479276709425989], [2.368441900904126, 6.479819499366282], [2.367899544734971, 6.480543219286672], [2.367537973955534, 6.480543219286672], [2.3669956177863787, 6.481266939207063], [2.3657301200583496, 6.481809729147356], [2.3648261931097574, 6.482714379047844], [2.3648261931097574, 6.48307623900804], [2.3641030515508836, 6.483619028948333], [2.363922266161165, 6.484161818888626], [2.363560695381728, 6.483980888908528], [2.362656768433136, 6.484161818888626]], [[2.376396458051737, 6.484885538809016], [2.3762156726620187, 6.484704608828919], [2.3756733164928634, 6.483980888908529], [2.3763964580517376, 6.483980888908529], [2.3763964580517376, 6.484342748868724], [2.3767580288311745, 6.484342748868724], [2.376938814220893, 6.484885538809016], [2.376396458051737, 6.484885538809016]]], [[[2.3847125859787854, 6.472763230142473], [2.3845318005890674, 6.472944160122571], [2.3847125859787854, 6.472944160122571], [2.3847125859787854, 6.472763230142473]]]]}, "properties": {"name": "Houèkè-Gbo", "commune": "ABOMEY-CALAVI", "confidence": "MANUAL_REVIEW", "area_m2": 4858400.0, "perimeter_m": 14840.1, "road_length_m": 16084.6, "n_road_vertices": 682, "avg_dist_to_road_m": 599.2, "pct_area_near_road": 32.7, "color": "#c141d8", "neighbours": ["Agamandin", "Akassato", "Gbodjo", "Houèkè-Honou", "Zopah-Kokpo"], "n_neighbours": 5, "manual_review_reasons": ["avg distance to owned road 599 m"]}}, {"type": "Feature", "geometry": {"type": "Polygon", "coordinates": [[[2.440936842181221, 6.3461122440741065], [2.4407560567915025, 6.3461122440741065], [2.4400329152326288, 6.350635493576548], [2.4398521298429103, 6.350635493576548], [2.4398521298429103, 6.351721073457134], [2.439309773673755, 6.352625723357622], [2.439309773673755, 6.352987583317819], [2.4400329152326288, 6.353168513297916], [2.4400329152326288, 6.353530373258111], [2.439671344453192, 6.354073163198404], [2.4398521298429103, 6.354435023158599], [2.4391289882840366, 6.355158743078991], [2.4398521298429103, 6.355158743078991], [2.4403944860120657, 6.355701533019284], [2.4403944860120657, 6.356063392979479], [2.441117627570939, 6.355520603039186], [2.441117627570939, 6.355158743078991], [2.441840769129813, 6.355158743078991], [2.443648623026997, 6.356606182919772], [2.4441909791961525, 6.356063392979479], [2.444010193806434, 6.354977813098892], [2.443648623026997, 6.354615953138697], [2.443648623026997, 6.353530373258112], [2.4443717645858714, 6.352987583317819], [2.4443717645858714, 6.353349443278013], [2.443829408416716, 6.353711303238208], [2.443829408416716, 6.3544350231586], [2.4443717645858714, 6.355339673059088], [2.4443717645858714, 6.355882462999381], [2.4454564769241816, 6.355158743078991], [2.4454564769241816, 6.354796883118795], [2.4458180477036184, 6.354615953138698], [2.4463604038727738, 6.353530373258112], [2.4478066869905213, 6.346748734597672], [2.441249674366364, 6.3455694541338135], [2.440936842181221, 6.3455694541338135], [2.440936842181221, 6.3461122440741065]]]}, "properties": {"name": "Xwlacôdji-Plage", "commune": "COTONOU", "confidence": "MANUAL_REVIEW", "area_m2": 785725.4, "perimeter_m": 5573.1, "road_length_m": 1315.4, "n_road_vertices": 48, "avg_dist_to_road_m": 354.8, "pct_area_near_road": 20.9, "color": "#ce624c", "neighbours": ["Akpakpa-Dodomè", "Tokpa-Hoho", "Xwlacôdji-Kpodji"], "n_neighbours": 3, "manual_review_reasons": ["avg distance to owned road 355 m"]}}, {"type": "Feature", "geometry": {"type": "Polygon", "coordinates": [[[2.3997177733254165, 6.376508480730514], [2.3997177733254165, 6.377051270670808], [2.4017064126123193, 6.37849871051159], [2.401525627222601, 6.37922243043198], [2.402067983391756, 6.379584290392176], [2.402067983391756, 6.380488940292664], [2.403152695730067, 6.3812126602130546], [2.403152695730067, 6.381936380133445], [2.4038758372889406, 6.382660100053836], [2.404960549627251, 6.382479170073738], [2.404960549627251, 6.382117310113543], [2.405502905796406, 6.38157452017325], [2.4062260473552803, 6.381936380133445], [2.406587618134717, 6.382479170073738], [2.4069491889141537, 6.382479170073738], [2.4069491889141537, 6.3817554501533476], [2.4073107596935905, 6.381393590193151], [2.40622604735528, 6.380669870272761], [2.4064068327449983, 6.380488940292664], [2.40622604735528, 6.380127080332468], [2.405864476575843, 6.380127080332468], [2.405502905796406, 6.379584290392175], [2.404960549627251, 6.379403360412077], [2.404960549627251, 6.378860570471785], [2.4060452619655615, 6.377594060611101], [2.405864476575843, 6.377232200650905], [2.405502905796406, 6.377232200650905], [2.4051413350169693, 6.376689410710612], [2.404598978847814, 6.376689410710612], [2.404237408068377, 6.375965690790221], [2.4035142665095037, 6.376327550750417], [2.40279112495063, 6.376146620770319], [2.40279112495063, 6.376508480730514], [2.402429554171193, 6.376689410710612], [2.401344841832882, 6.376689410710612], [2.400983271053445, 6.376146620770319], [2.3997177733254165, 6.376508480730514]]]}, "properties": {"name": "Houénoussou-Sainte-Rita", "commune": "COTONOU", "confidence": "HIGH", "area_m2": 302800.0, "perimeter_m": 3839.9, "road_length_m": 3141.5, "n_road_vertices": 74, "avg_dist_to_road_m": 47.4, "pct_area_near_road": 94.3, "color": "#ca4c82", "neighbours": ["Agontinkon", "Houéhoun", "Missèkplé", "Tonato", "Vodjè-Ayidoté"], "n_neighbours": 5, "manual_review_reasons": []}}, {"type": "Feature", "geometry": {"type": "Polygon", "coordinates": [[[2.377842741169485, 6.36131036240231], [2.377842741169485, 6.362215012302799], [2.376577243441456, 6.362215012302799], [2.376938814220893, 6.362757802243093], [2.376938814220893, 6.363662452143581], [2.3771195996106114, 6.363662452143581], [2.376938814220893, 6.364205242083874], [2.37730038500033, 6.364748032024167], [2.3785658827283584, 6.364928962004265], [2.379108238897514, 6.364567102044069], [2.379108238897514, 6.364748032024167], [2.3800121658461064, 6.364748032024167], [2.3800121658461064, 6.364928962004265], [2.380916092794698, 6.365109891984362], [2.380916092794698, 6.364928962004265], [2.3818200197432904, 6.364928962004265], [2.382000805133009, 6.364567102044069], [2.3823623759124457, 6.364748032024167], [2.3827239466918826, 6.364386172063972], [2.3832663028610384, 6.364386172063972], [2.3832663028610384, 6.364567102044069], [2.383627873640475, 6.364386172063972], [2.383266302861038, 6.363300592183385], [2.382543161302164, 6.362938732223189], [2.382000805133009, 6.363119662203287], [2.3810968781844166, 6.361491292382408], [2.3805545220152613, 6.361491292382408], [2.3805545220152613, 6.36131036240231], [2.37838509733864, 6.361491292382408], [2.3782043119489216, 6.361129432422213], [2.377842741169485, 6.36131036240231]]]}, "properties": {"name": "Aïbatin-Kpota", "commune": "COTONOU", "confidence": "HIGH", "area_m2": 217600.0, "perimeter_m": 2759.8, "road_length_m": 2416.9, "n_road_vertices": 80, "avg_dist_to_road_m": 39.2, "pct_area_near_road": 99.3, "color": "#c93e47", "neighbours": ["Adjaha-Cité", "Aïbatin-Dodo", "Gbèdégbé"], "n_neighbours": 3, "manual_review_reasons": []}}, {"type": "Feature", "geometry": {"type": "Polygon", "coordinates": [[[2.422858303209377, 6.377774990591199], [2.4232198739888138, 6.377774990591199], [2.4235814447682507, 6.378317780531492], [2.424123800937406, 6.37849871051159], [2.4230390885990953, 6.379222430431979], [2.422858303209377, 6.380308010312566], [2.424123800937406, 6.380488940292664], [2.4243045863271244, 6.3812126602130546], [2.4246661571065613, 6.3812126602130546], [2.4248469424962797, 6.3817554501533476], [2.4252085132757166, 6.381936380133445], [2.42593165483459, 6.3812126602130546], [2.4264740110037453, 6.3812126602130546], [2.4264740110037453, 6.381031730232957], [2.427197152562619, 6.3812126602130546], [2.4273779379523375, 6.380850800252859], [2.4277395087317744, 6.380850800252859], [2.4277395087317744, 6.380488940292664], [2.4282818649009297, 6.379946150352371], [2.4282818649009297, 6.379403360412077], [2.426835581783182, 6.379403360412077], [2.426293225614027, 6.378679640491686], [2.42593165483459, 6.378679640491686], [2.425570084055153, 6.377232200650905], [2.4248469424962797, 6.377232200650905], [2.424485371716843, 6.378136850551393], [2.4234006593785318, 6.377232200650905], [2.422858303209377, 6.377774990591199]]]}, "properties": {"name": "Aïdjèdo", "commune": "COTONOU", "confidence": "HIGH", "area_m2": 163200.0, "perimeter_m": 2759.9, "road_length_m": 1533.4, "n_road_vertices": 34, "avg_dist_to_road_m": 47.6, "pct_area_near_road": 93.6, "color": "#cd3fc8", "neighbours": ["Ahouansouri-Agata", "Aïdjèdo-Ahito", "Aïdjèdo-Gbègo", "Aïdjèdo-Vignon", "Gbèdjromèdè", "Jéricho-Nord"], "n_neighbours": 6, "manual_review_reasons": []}}, {"type": "Feature", "geometry": {"type": "Polygon", "coordinates": [[[2.3447590148510105, 6.414141916590829], [2.3436743025126994, 6.4143228465709266], [2.343312731733263, 6.413960986610731], [2.342951160953826, 6.414503776551024], [2.342951160953826, 6.415770286411708], [2.3422280193949523, 6.4159512163918055], [2.3422280193949523, 6.416494006332099], [2.3424088047846707, 6.416494006332099], [2.342047234005234, 6.417217726252489], [2.3422280193949523, 6.418665166093271], [2.342951160953826, 6.419207956033564], [2.3434935171229814, 6.419207956033564], [2.3438550879024183, 6.419750745973857], [2.344216658681855, 6.419750745973857], [2.344939800240729, 6.420836325854443], [2.343312731733263, 6.4224646956753215], [2.3431319463435445, 6.423550275555908], [2.3440358732921367, 6.424454925456397], [2.345843727189321, 6.42499771539669], [2.3460245125790395, 6.42572143531708], [2.346566868748195, 6.426083295277276], [2.346566868748195, 6.426445155237471], [2.34710922491735, 6.426987945177764], [2.3472900103070686, 6.428616314998643], [2.347832366476224, 6.428978174958838], [2.3490978642042526, 6.428797244978741], [2.349278649593971, 6.42807352505835], [2.350001791152845, 6.427711665098155], [2.3501825765425632, 6.427349805137959], [2.3507249327117186, 6.427349805137959], [2.3507249327117186, 6.426987945177764], [2.352171215829466, 6.426264225257373], [2.3527135719986214, 6.426264225257373], [2.3565100651827087, 6.424273995476299], [2.3608489145359512, 6.423912135516104], [2.3608489145359512, 6.423731205536006], [2.363560695381728, 6.423550275555908], [2.363560695381728, 6.423369345575811], [2.364826193109757, 6.423369345575811], [2.364826193109757, 6.423188415595713], [2.3675379739555336, 6.423007485615615], [2.3675379739555336, 6.422826555635518], [2.3704305401910286, 6.422464695675322], [2.3700590357243763, 6.4164940063320985], [2.3695266132424364, 6.416313076352001], [2.369345827852718, 6.4159512163918055], [2.368984257073281, 6.4159512163918055], [2.3688034716835626, 6.41558935643161], [2.3684419009041258, 6.41558935643161], [2.3682611155144073, 6.415227496471415], [2.3678995447349704, 6.415227496471415], [2.367718759345252, 6.4148656365112195], [2.367357188565815, 6.4148656365112195], [2.3671764031760967, 6.414503776551024], [2.36681483239666, 6.414503776551024], [2.3666340470069414, 6.414141916590829], [2.3662724762275045, 6.414141916590829], [2.366091690837786, 6.4137800566306336], [2.3653685492789123, 6.413599126650536], [2.365187763889194, 6.4132372666903406], [2.363018339212573, 6.413418196670438], [2.363018339212573, 6.413599126650536], [2.362114412263981, 6.413599126650536], [2.362114412263981, 6.4137800566306336], [2.356871635962146, 6.414503776551024], [2.356871635962146, 6.414684706531122], [2.354521425895806, 6.4143228465709266], [2.354521425895806, 6.414141916590829], [2.3532559281677767, 6.413960986610731], [2.352171215829466, 6.413418196670438], [2.350905718101437, 6.4132372666903406], [2.350905718101437, 6.413056336710243], [2.3476515810865055, 6.413418196670438], [2.3467476541379133, 6.413960986610731], [2.3458437271893207, 6.413960986610731], [2.3458437271893207, 6.413599126650536], [2.3447590148510105, 6.413599126650536], [2.3447590148510105, 6.414141916590829]]]}, "properties": {"name": "Tokpa-Zoungo-Sud\n", "commune": "ABOMEY-CALAVI", "confidence": "MANUAL_REVIEW", "area_m2": 3559740.5, "perimeter_m": 10699.0, "road_length_m": 8607.2, "n_road_vertices": 358, "avg_dist_to_road_m": 766.8, "pct_area_near_road": 24.0, "color": "#42d0af", "neighbours": ["Agonkanmey\n", "Sèdomey", "Tokpa-Zoungo-Nord\n", "Zogbadjè"], "n_neighbours": 4, "manual_review_reasons": ["avg distance to owned road 767 m"]}}, {"type": "Feature", "geometry": {"type": "MultiPolygon", "coordinates": [[[[2.3213178123738416, 6.589824927265663], [2.3216412252578422, 6.5936244568477145], [2.321799270356768, 6.5936244568477145], [2.3223416265259234, 6.593262596887519], [2.3223416265259234, 6.5919960870268355], [2.3227031973053602, 6.5919960870268355], [2.3227031973053602, 6.591091437126346], [2.321799270356768, 6.59000585724576], [2.3213178123738416, 6.589824927265663]]], [[[2.3241494804231078, 6.599776076171034], [2.3234263388642344, 6.599595146190937], [2.3220459899170245, 6.600318866111327], [2.3221608411362054, 6.603937465713281], [2.3230647680847976, 6.603937465713281], [2.323245553474516, 6.604299325673477], [2.3264996904894475, 6.603213745792891], [2.3264996904894475, 6.6028518858326954], [2.3268612612688844, 6.602670955852598], [2.3274036174380397, 6.601585375972012], [2.3241494804231078, 6.599776076171034]]]]}, "properties": {"name": "Alladacomè", "commune": "ABOMEY-CALAVI", "confidence": "MEDIUM", "area_m2": 239550.6, "perimeter_m": 3353.3, "road_length_m": 6039.9, "n_road_vertices": 320, "avg_dist_to_road_m": 105.7, "pct_area_near_road": 59.4, "color": "#cf6b49", "neighbours": ["Gbodjoko", "Zinvié-Agolèdji"], "n_neighbours": 2, "manual_review_reasons": []}}, {"type": "Feature", "geometry": {"type": "Polygon", "coordinates": [[[2.3867012252656887, 6.379403360412077], [2.3865204398759703, 6.380127080332469], [2.386882010655407, 6.380850800252858], [2.3865204398759703, 6.380850800252858], [2.385616512927378, 6.381936380133444], [2.385254942147941, 6.381936380133444], [2.384712585978786, 6.383202889994128], [2.384351015199349, 6.383202889994128], [2.3841702298096306, 6.383564749954324], [2.3845318005890674, 6.383564749954324], [2.3845318005890674, 6.384107539894617], [2.3848933713685043, 6.3844693998548125], [2.385797298317096, 6.3844693998548125], [2.3863396544862514, 6.3839266099145195], [2.3867012252656887, 6.3839266099145195], [2.386882010655407, 6.384288469874715], [2.3874243668245625, 6.384288469874715], [2.3883282937731547, 6.3860977696756915], [2.3892322207217465, 6.386821489596082], [2.3901361476703387, 6.3860977696756915], [2.3901361476703387, 6.385735909715495], [2.3895937915011833, 6.3853740497553], [2.3895937915011833, 6.384650329834909], [2.389051435332028, 6.384469399854812], [2.3892322207217465, 6.381393590193152], [2.389774576890902, 6.381031730232957], [2.389774576890902, 6.37994615035237], [2.389413006111465, 6.379765220372272], [2.389413006111465, 6.378860570471785], [2.389774576890902, 6.378679640491687], [2.38995536228062, 6.377955920571296], [2.3895937915011833, 6.3775940606111], [2.3886898645525916, 6.377955920571296], [2.388509079162873, 6.378498710511589], [2.387966722993718, 6.378679640491686], [2.3877859376039994, 6.379765220372272], [2.3867012252656887, 6.379403360412077]]]}, "properties": {"name": "Sètôvi", "commune": "COTONOU", "confidence": "HIGH", "area_m2": 293200.0, "perimeter_m": 3960.2, "road_length_m": 3198.9, "n_road_vertices": 102, "avg_dist_to_road_m": 38.3, "pct_area_near_road": 99.0, "color": "#da4a4f", "neighbours": ["Agounvocôdji", "Houéyihô-Tannou", "Missogbé", "Védokô"], "n_neighbours": 4, "manual_review_reasons": []}}, {"type": "Feature", "geometry": {"type": "MultiPolygon", "coordinates": [[[[2.2917888956635073, 6.337802690654946], [2.290523397935478, 6.345388524153716], [2.2903426125457598, 6.345388524153716], [2.2903426125457598, 6.3461122440741065], [2.289981041766323, 6.346293174054204], [2.289981041766323, 6.348102473855181], [2.2898002563766044, 6.348102473855181], [2.2894386855971676, 6.350092703636255], [2.2890771148177307, 6.350635493576548], [2.289257900207449, 6.350997353536744], [2.2901618271560413, 6.350997353536744], [2.2901618271560413, 6.351178283516842], [2.2916081102737884, 6.351178283516842], [2.2916081102737884, 6.350997353536744], [2.292692822612099, 6.350997353536744], [2.292692822612099, 6.350816423556647], [2.2954046034578757, 6.350997353536744], [2.2961277450167494, 6.350635493576549], [2.29721245735506, 6.350635493576549], [2.29721245735506, 6.350092703636255], [2.2957661742373126, 6.350092703636255], [2.2957661742373126, 6.349911773656158], [2.2972124573550605, 6.349730843676061], [2.297393242744779, 6.350273633616354], [2.2977548135242154, 6.350273633616354], [2.297935598913934, 6.349911773656158], [2.2984779550830896, 6.349911773656158], [2.297754813524216, 6.350816423556647], [2.2990203112522445, 6.350997353536744], [2.2990203112522445, 6.350635493576548], [2.2986587404728076, 6.350635493576548], [2.298477955083089, 6.350273633616354], [2.299381882031682, 6.350454563596451], [2.2992010966419634, 6.351178283516842], [2.302274448267177, 6.350816423556647], [2.30191287748774, 6.351540143477037], [2.3049862291129535, 6.35208293341733], [2.3053477998923904, 6.352263863397428], [2.3053477998923904, 6.352806653337721], [2.3058901560615457, 6.353349443278014], [2.306974868399856, 6.353349443278014], [2.306974868399856, 6.352987583317819], [2.3071556537895748, 6.353168513297916], [2.308421151517604, 6.352987583317819], [2.3086019369073223, 6.353349443278014], [2.309144293076477, 6.353349443278014], [2.309144293076477, 6.353168513297916], [2.310229005414788, 6.353349443278014], [2.310229005414788, 6.352806653337721], [2.3113137177530985, 6.352987583317819], [2.311675288532536, 6.352625723357623], [2.3120368593119727, 6.353349443278014], [2.314025498598875, 6.353349443278014], [2.314025498598875, 6.353168513297916], [2.3149294255474677, 6.353349443278014], [2.3156525671063415, 6.353892233218307], [2.3156525671063415, 6.354615953138698], [2.316014137885778, 6.354073163198405], [2.31691806483437, 6.354073163198405], [2.3170988502240886, 6.353711303238209], [2.3178219917829623, 6.353530373258112], [2.3183643479521177, 6.352987583317819], [2.3212569141876127, 6.353530373258112], [2.3216184849670496, 6.352987583317819], [2.322341626525924, 6.352625723357623], [2.3230647680847976, 6.353349443278014], [2.3246918365922635, 6.353530373258112], [2.3246918365922635, 6.353892233218306], [2.3234263388642344, 6.354073163198404], [2.3234263388642344, 6.354254093178501], [2.321799270356768, 6.354254093178501], [2.321799270356768, 6.354073163198404], [2.3194490602904283, 6.354254093178501], [2.3194490602904283, 6.354073163198404], [2.3187259187315545, 6.354073163198404], [2.318002777172681, 6.353711303238208], [2.3178219917829628, 6.354073163198404], [2.316737279444652, 6.354615953138697], [2.316194923275497, 6.354615953138697], [2.3160141378857784, 6.355158743078991], [2.3194490602904287, 6.355520603039186], [2.3198106310698656, 6.356606182919772], [2.3203529872390205, 6.356606182919772], [2.3203529872390205, 6.356063392979479], [2.320895343408176, 6.355701533019284], [2.321256914187613, 6.355882462999381], [2.321256914187613, 6.356244322959577], [2.3217992703567685, 6.356244322959577], [2.3217992703567685, 6.356425252939674], [2.3227031973053607, 6.356244322959577], [2.3227031973053607, 6.356968042879966], [2.3223416265259234, 6.357148972860064], [2.3217992703567685, 6.356606182919771], [2.3217992703567685, 6.357148972860065], [2.3221608411362054, 6.357872692780456], [2.3227031973053607, 6.357872692780456], [2.323245553474516, 6.358234552740651], [2.323245553474516, 6.360043852541628], [2.3248726219819815, 6.360043852541628], [2.3248726219819815, 6.35986292256153], [2.3257765489305737, 6.360043852541628], [2.3264996904894475, 6.359681992581432], [2.3288499005557872, 6.360043852541628], [2.329211471335224, 6.359681992581432], [2.3301153982838163, 6.35986292256153], [2.3306577544529716, 6.359501062601335], [2.3315616814015643, 6.359501062601335], [2.3321040375707196, 6.360224782521725], [2.3321040375707196, 6.360767572462018], [2.33318874990903, 6.360586642481921], [2.3333695352987482, 6.35986292256153], [2.3355389599753695, 6.360043852541628], [2.335719745365088, 6.359681992581432], [2.3362621015342437, 6.359681992581432], [2.3366236723136806, 6.360043852541628], [2.3378891700417097, 6.360043852541628], [2.3382507408211466, 6.360767572462018], [2.3400585947183306, 6.360586642481921], [2.3400585947183306, 6.360224782521725], [2.341685663225797, 6.360224782521725], [2.3418664486155154, 6.361310362402311], [2.3424088047846707, 6.361853152342604], [2.3427703755641076, 6.361853152342604], [2.3427703755641076, 6.362215012302799], [2.3416856632257965, 6.362215012302799], [2.3416856632257965, 6.362034082322701], [2.34132409244636, 6.362215012302799], [2.3415048778360785, 6.364928962004265], [2.343131946343544, 6.365109891984362], [2.3436743025126994, 6.364748032024167], [2.345482156409884, 6.364748032024167], [2.345662941799602, 6.364205242083874], [2.346024512579039, 6.364024312103776], [2.347651581086505, 6.363662452143581], [2.347651581086505, 6.363481522163483], [2.348193937255661, 6.363481522163483], [2.3485555080350973, 6.363843382123679], [2.3485555080350973, 6.363481522163483], [2.3490978642042526, 6.363119662203288], [2.3500017911528452, 6.363300592183386], [2.3500017911528452, 6.363481522163483], [2.351267288880874, 6.363481522163483], [2.3519904304397476, 6.363119662203288], [2.3528943573883403, 6.363300592183386], [2.353255928167777, 6.363662452143581], [2.353255928167777, 6.364567102044068], [2.352713571998622, 6.364567102044068], [2.352713571998622, 6.364748032024167], [2.354521425895806, 6.364748032024167], [2.354521425895806, 6.364567102044069], [2.3563292797929902, 6.364748032024167], [2.3565100651827087, 6.364386172063971], [2.356148494403272, 6.364205242083874], [2.356510065182709, 6.364205242083874], [2.356510065182709, 6.364386172063972], [2.357052421351864, 6.364205242083874], [2.357052421351864, 6.363300592183385], [2.356690850572427, 6.362576872262994], [2.355786923623835, 6.362215012302799], [2.3552445674546796, 6.361672222362506], [2.3556061382341165, 6.360767572462017], [2.354521425895806, 6.36058664248192], [2.354521425895806, 6.360043852541627], [2.3543406405060874, 6.360043852541627], [2.3543406405060874, 6.359501062601335], [2.355063782064961, 6.359320132621237], [2.355063782064961, 6.358777342680943], [2.354521425895806, 6.358958272661041], [2.3547022112855243, 6.358777342680944], [2.354521425895806, 6.356968042879967], [2.355063782064961, 6.356425252939673], [2.3543406405060874, 6.356244322959576], [2.3547022112855243, 6.355520603039186], [2.354521425895806, 6.354977813098893], [2.3548829966752427, 6.3544350231586], [2.3548829966752427, 6.354073163198404], [2.354521425895806, 6.354073163198404], [2.354521425895806, 6.353530373258112], [2.3547022112855243, 6.353530373258112], [2.354521425895806, 6.352987583317819], [2.355063782064961, 6.352806653337721], [2.355063782064961, 6.352444793377525], [2.354521425895806, 6.352444793377525], [2.3547022112855243, 6.35045456359645], [2.3539790697266505, 6.34973084367606], [2.3536174989472136, 6.34349553925166], [2.3481939372556604, 6.343036434412446], [2.3377684903310225, 6.3412271346114695], [2.332114140075158, 6.3406843446711765], [2.31926827490071, 6.340865274651274], [2.3117172524176155, 6.339779694770688], [2.3064325122307006, 6.3395987647905905], [2.299479, 6.338222999999565], [2.2917888956635073, 6.337802690654946]], [[2.3029975898260506, 6.350273633616354], [2.302816804436332, 6.350635493576548], [2.3026360190466133, 6.350635493576548], [2.3028168044363317, 6.350273633616354], [2.3029975898260506, 6.350273633616354]], [[2.3250534073717, 6.352625723357623], [2.3255957635408553, 6.352625723357623], [2.3255957635408553, 6.352444793377526], [2.3264996904894475, 6.352625723357623], [2.326680475879166, 6.352263863397428], [2.32740361743804, 6.352263863397428], [2.327945973607195, 6.352625723357623], [2.328307544386632, 6.35208293341733], [2.329392256724943, 6.35208293341733], [2.329392256724943, 6.352263863397428], [2.3299346128940983, 6.352263863397428], [2.3299346128940983, 6.352625723357623], [2.330296183673535, 6.352625723357623], [2.3304769690632536, 6.352987583317818], [2.3299346128940983, 6.352987583317818], [2.329392256724943, 6.353349443278013], [2.3275844028277586, 6.353349443278013], [2.3275844028277586, 6.353530373258111], [2.3259573343202926, 6.353349443278013], [2.3259573343202926, 6.353711303238208], [2.3250534073717, 6.353711303238208], [2.3250534073717, 6.352625723357623]], [[2.3098674346353514, 6.352263863397427], [2.3091442930764776, 6.352263863397427], [2.3091442930764776, 6.352444793377525], [2.308421151517604, 6.352263863397427], [2.3082403661278854, 6.352625723357622], [2.3080595807381665, 6.352625723357622], [2.3080595807381665, 6.352263863397428], [2.3084211515176034, 6.352263863397428], [2.308240366127885, 6.351540143477037], [2.309144293076477, 6.351721073457135], [2.309505863855914, 6.35135921349694], [2.3102290054147883, 6.35135921349694], [2.3098674346353514, 6.352263863397427]], [[2.3042630875540793, 6.351359213496939], [2.3046246583335166, 6.351178283516842], [2.3046246583335166, 6.351359213496939], [2.3042630875540793, 6.351359213496939]], [[2.3104097908045067, 6.352263863397428], [2.3100482200250694, 6.352444793377525], [2.3100482200250694, 6.352263863397428], [2.3104097908045067, 6.352263863397428]], [[2.332827179129593, 6.353530373258112], [2.3330079645193114, 6.353168513297916], [2.333550320688467, 6.353168513297916], [2.3333695352987487, 6.353711303238208], [2.332104037570719, 6.353711303238208], [2.332104037570719, 6.353530373258112], [2.332827179129593, 6.353530373258112]], [[2.3317424667912827, 6.353349443278014], [2.3317424667912827, 6.353711303238208], [2.331561681401564, 6.353711303238208], [2.3313808960118454, 6.353349443278014], [2.3317424667912827, 6.353349443278014]], [[2.3530751427780583, 6.358958272661041], [2.3530751427780583, 6.358777342680944], [2.3537982843369325, 6.358777342680944], [2.3537982843369325, 6.358958272661041], [2.3530751427780583, 6.358958272661041]]], [[[2.3487362934248157, 6.363843382123678], [2.3485555080350977, 6.364024312103776], [2.3487362934248157, 6.364024312103776], [2.3487362934248157, 6.363843382123678]]]]}, "properties": {"name": "Togbin-Fandji", "commune": "ABOMEY-CALAVI", "confidence": "MANUAL_REVIEW", "area_m2": 12891976.0, "perimeter_m": 32578.8, "road_length_m": 63839.6, "n_road_vertices": 1994, "avg_dist_to_road_m": 250.5, "pct_area_near_road": 48.3, "color": "#42cc67", "neighbours": ["Djèkpota", "Godomey-N'Gbèho", "Togbin-Daho", "Togbin-Kpèvi"], "n_neighbours": 4, "manual_review_reasons": ["avg distance to owned road 251 m"]}}, {"type": "Feature", "geometry": {"type": "Polygon", "coordinates": [[[2.3227031973053607, 6.367281051745533], [2.3225224119156422, 6.367642911705729], [2.3221608411362054, 6.367642911705729], [2.3221608411362054, 6.368004771665924], [2.3217992703567685, 6.368185701646022], [2.3217992703567685, 6.368547561606217], [2.3214376995773316, 6.368728491586315], [2.3210761287978947, 6.369452211506705], [2.321256914187613, 6.370537791387292], [2.3214376995773316, 6.370537791387292], [2.3214376995773316, 6.371623371267877], [2.3210761287978947, 6.37216616120817], [2.321256914187613, 6.373975461009147], [2.3208953434081763, 6.374337320969342], [2.3208953434081763, 6.376327550750418], [2.3210761287978947, 6.376508480730514], [2.320714558018458, 6.377232200650906], [2.321980055746487, 6.377413130631004], [2.321980055746487, 6.377774990591199], [2.3227031973053607, 6.378317780531492], [2.323787909643671, 6.378317780531492], [2.3241494804231078, 6.377955920571297], [2.325414978151137, 6.378317780531492], [2.325414978151137, 6.377232200650906], [2.3261381197100106, 6.377051270670808], [2.3255957635408553, 6.37614662077032], [2.3264996904894475, 6.376327550750418], [2.326680475879166, 6.375603830830027], [2.327584402827758, 6.375241970869832], [2.3272228320483213, 6.373975461009148], [2.3277651882174766, 6.373975461009148], [2.3277651882174766, 6.37379453102905], [2.3288499005557872, 6.373975461009148], [2.3290306859455057, 6.373613601048953], [2.3290306859455057, 6.373070811108659], [2.328669115166069, 6.373070811108659], [2.328669115166069, 6.372166161208171], [2.329211471335224, 6.371804301247976], [2.329211471335224, 6.37144244128778], [2.3277651882174766, 6.371261511307682], [2.327584402827758, 6.370899651347488], [2.3277651882174766, 6.370899651347488], [2.327945973607195, 6.369995001446999], [2.3288499005557872, 6.369633141486804], [2.3293922567249425, 6.368909421566413], [2.329573042114661, 6.36601454188485], [2.3283075443866323, 6.365833611904752], [2.326499690489448, 6.36673826180524], [2.3259573343202926, 6.36673826180524], [2.3255957635408557, 6.367100121765436], [2.3227031973053607, 6.367281051745533]]]}, "properties": {"name": "Abikouholi\n", "commune": "ABOMEY-CALAVI", "confidence": "MEDIUM", "area_m2": 927200.0, "perimeter_m": 5720.1, "road_length_m": 7022.6, "n_road_vertices": 196, "avg_dist_to_road_m": 101.1, "pct_area_near_road": 69.1, "color": "#bcde4c", "neighbours": ["Agbo Codji Sèdégbé", "Dèkoungbé\n", "Dèkoungbé-Église\n", "Ningboto\n", "Togbin-Kpèvi"], "n_neighbours": 5, "manual_review_reasons": []}}, {"type": "Feature", "geometry": {"type": "Polygon", "coordinates": [[[2.3264996904894475, 6.480181359326477], [2.3255957635408557, 6.480543219286672], [2.325776548930574, 6.481086009226965], [2.3254149781511373, 6.481266939207063], [2.324511051202545, 6.481266939207063], [2.324149480423108, 6.481628799167258], [2.3227031973053607, 6.481628799167258], [2.322341626525924, 6.481809729147356], [2.322341626525924, 6.482352519087649], [2.3208953434081763, 6.482895309027942], [2.3214376995773316, 6.483257168988138], [2.3214376995773316, 6.483980888908529], [2.32161848496705, 6.483980888908529], [2.3210761287978947, 6.4847046088289195], [2.3214376995773316, 6.485066468789115], [2.322341626525924, 6.484885538809017], [2.3221608411362054, 6.485247398769212], [2.322341626525924, 6.486152048669701], [2.322883982695079, 6.486513908629896], [2.3234263388642344, 6.488323208430873], [2.324872621981982, 6.488865998371166], [2.324872621981982, 6.490313438211946], [2.3246918365922635, 6.490313438211946], [2.324872621981982, 6.491399018092533], [2.325957334320292, 6.4912180881124355], [2.326318905099729, 6.49085622815224], [2.326680475879166, 6.4901325082318495], [2.326680475879166, 6.4890469283512635], [2.3274036174380397, 6.4890469283512635], [2.328307544386632, 6.4885041384109705], [2.329211471335224, 6.4885041384109705], [2.329211471335224, 6.488323208430873], [2.32975382750438, 6.488323208430873], [2.32975382750438, 6.4885041384109705], [2.3306577544529716, 6.488323208430873], [2.3313808960118454, 6.487056698570189], [2.332284822960438, 6.4874185585303845], [2.3324656083501565, 6.488142278450775], [2.3331887499090302, 6.4885041384109705], [2.3335503206884667, 6.4885041384109705], [2.333731106078185, 6.488142278450775], [2.333911891467904, 6.488323208430873], [2.3353581745856515, 6.488142278450775], [2.3353581745856515, 6.4885041384109705], [2.3360813161445253, 6.4885041384109705], [2.3364428869239617, 6.488865998371166], [2.33662367231368, 6.488142278450775], [2.3373468138725544, 6.488142278450775], [2.3373468138725544, 6.488323208430873], [2.3395162385491752, 6.488142278450775], [2.3391546677697383, 6.487599488510481], [2.339335453159457, 6.486694838609994], [2.339877809328612, 6.486694838609994], [2.339877809328612, 6.486513908629896], [2.3413240924463596, 6.486694838609994], [2.3413240924463596, 6.485971118689603], [2.3416856632257965, 6.485609258729408], [2.3416856632257965, 6.484523678848822], [2.3425895901743887, 6.4847046088289195], [2.342770375564107, 6.4836190289483335], [2.3440358732921363, 6.483799958928431], [2.3440358732921363, 6.482895309027943], [2.345120585630447, 6.482714379047845], [2.345120585630447, 6.481628799167259], [2.3462052979687575, 6.481628799167259], [2.3462052979687575, 6.481086009226966], [2.3471092249173497, 6.481086009226966], [2.3471092249173497, 6.479457639406086], [2.3469284395276313, 6.479457639406086], [2.3471092249173497, 6.4781911295454035], [2.3478323664762235, 6.478372059525501], [2.348013151865942, 6.47764833960511], [2.347651581086505, 6.477467409625012], [2.347651581086505, 6.476743689704621], [2.3469284395276317, 6.476743689704621], [2.3469284395276317, 6.477105549664817], [2.345662941799602, 6.476924619684719], [2.345482156409884, 6.476381829744426], [2.3449398002407285, 6.476381829744426], [2.3449398002407285, 6.47529624986384], [2.343855087902418, 6.475115319883742], [2.343493517122981, 6.474391599963352], [2.341866448615515, 6.474210669983254], [2.341866448615515, 6.473125090102668], [2.341143307056641, 6.47294416012257], [2.341143307056641, 6.47222044020218], [2.3409625216669228, 6.472039510222082], [2.340239380108049, 6.47222044020218], [2.3400585947183306, 6.471677650261887], [2.3391546677697383, 6.471496720281789], [2.3396970239388937, 6.470953930341497], [2.3395162385491752, 6.470411140401203], [2.3391546677697383, 6.470411140401203], [2.3391546677697383, 6.469144630540519], [2.3384315262108646, 6.468782770580324], [2.3377083846519913, 6.468782770580324], [2.3373468138725544, 6.470230210421105], [2.336804457703399, 6.470592070381301], [2.336804457703399, 6.471677650261887], [2.3366236723136806, 6.471677650261887], [2.336804457703399, 6.47222044020218], [2.336442886923962, 6.472582300162375], [2.3357197453650884, 6.472582300162375], [2.33553895997537, 6.473486950062863], [2.3349966038062147, 6.474029740003156], [2.334273462247341, 6.474210669983254], [2.3331887499090302, 6.475477179843938], [2.3317424667912827, 6.475658109824035], [2.3315616814015643, 6.476381829744426], [2.3304769690632536, 6.476381829744426], [2.3308385398426905, 6.478010199565305], [2.330296183673535, 6.478010199565305], [2.32975382750438, 6.478552989505598], [2.327765188217477, 6.479095779445891], [2.3275844028277586, 6.479276709425989], [2.327765188217477, 6.480000429346379], [2.3270420466586033, 6.480543219286672], [2.326680475879166, 6.480543219286672], [2.3264996904894475, 6.480181359326477]]]}, "properties": {"name": "Cité-les-Palmiers\n", "commune": "ABOMEY-CALAVI", "confidence": "HIGH", "area_m2": 3434000.0, "perimeter_m": 12719.7, "road_length_m": 36836.3, "n_road_vertices": 1432, "avg_dist_to_road_m": 37.4, "pct_area_near_road": 98.3, "color": "#4aca79", "neighbours": ["Aïfa-Calavi", "Fandji\n", "Kansounkpa", "Ouéga-Agué", "Zopah-Akassato", "Zopah-Kokpo", "Zoundja\n"], "n_neighbours": 7, "manual_review_reasons": []}}, {"type": "Feature", "geometry": {"type": "Polygon", "coordinates": [[[2.3613912707051066, 6.5362696531567535], [2.3603065583667964, 6.536993373077144], [2.359402631418204, 6.536993373077144], [2.3592218460284857, 6.537536163017437], [2.3586794898593304, 6.537717092997535], [2.358498704469612, 6.5389836028582184], [2.357413992131301, 6.539164532838316], [2.356690850572427, 6.538621742898023], [2.3563292797929907, 6.538802672878121], [2.3557869236238353, 6.539888252758707], [2.3557869236238353, 6.540431042699], [2.355606138234117, 6.540431042699], [2.355967709013554, 6.541335692599488], [2.3554253528443985, 6.541335692599488], [2.35524456745468, 6.541697552559683], [2.354882996675243, 6.541697552559683], [2.3547022112855247, 6.542240342499976], [2.354159855116369, 6.542240342499976], [2.353798284336932, 6.541878482539781], [2.3534367135574956, 6.542059412519879], [2.3534367135574956, 6.542421272480075], [2.3541598551163694, 6.54278313244027], [2.354340640506088, 6.543325922380562], [2.353617498947214, 6.544049642300953], [2.353255928167777, 6.544049642300953], [2.353617498947214, 6.545316152161637], [2.353255928167777, 6.545678012121832], [2.352352001219185, 6.545497082141734], [2.3521712158294665, 6.546763592002419], [2.352713571998622, 6.547306381942712], [2.352713571998622, 6.547849171883004], [2.351990430439748, 6.548391961823297], [2.351990430439748, 6.548753821783492], [2.3512672888808743, 6.54893475176359], [2.351628859660311, 6.549839401664079], [2.351990430439748, 6.550020331644177], [2.3521712158294665, 6.551467771484958], [2.3525327866089034, 6.551648701465056], [2.352352001219185, 6.552191491405348], [2.3514480742705928, 6.55201056142525], [2.3514480742705928, 6.553096141305837], [2.3521712158294665, 6.554181721186423], [2.353255928167777, 6.554000791206326], [2.3537982843369325, 6.554543581146619], [2.354882996675243, 6.554362651166521], [2.3550637820649616, 6.554724511126716], [2.3559677090135533, 6.555086371086912], [2.3565100651827087, 6.554543581146619], [2.356690850572427, 6.553819861226228], [2.3577755629107378, 6.553819861226228], [2.3581371336901746, 6.553277071285935], [2.360125772977078, 6.553458001266033], [2.3603065583667964, 6.554000791206326], [2.3617528414845435, 6.554000791206326], [2.361933626874262, 6.553458001266033], [2.3626567684331357, 6.55363893124613], [2.3626567684331357, 6.55291521132574], [2.364283836940602, 6.55291521132574], [2.3644646223303205, 6.55363893124613], [2.3653685492789123, 6.55363893124613], [2.3653685492789123, 6.553458001266033], [2.366091690837786, 6.553458001266033], [2.366091690837786, 6.552734281345642], [2.3666340470069414, 6.551648701465056], [2.3691650424629995, 6.551648701465056], [2.370611325580747, 6.550924981544665], [2.3725999648676503, 6.550924981544665], [2.3725999648676503, 6.551105911524763], [2.3753117457134265, 6.550924981544665], [2.375854101882582, 6.549839401664079], [2.375854101882582, 6.549296611723786], [2.3760348872723003, 6.549296611723786], [2.3760348872723003, 6.5482110318432], [2.3762156726620187, 6.5482110318432], [2.3765772434414556, 6.546039872082028], [2.376758028831174, 6.546039872082028], [2.3769388142208925, 6.543506852360661], [2.377119599610611, 6.543506852360661], [2.3776619557797662, 6.541154762619391], [2.3785658827283584, 6.540250112718903], [2.3789274535077953, 6.540250112718903], [2.380373736625543, 6.538621742898024], [2.3807353074049797, 6.538621742898024], [2.3821815905227273, 6.536993373077145], [2.382543161302164, 6.536993373077145], [2.3839894444199117, 6.535365003256266], [2.3843510151993486, 6.535365003256266], [2.385797298317096, 6.533736633435387], [2.386158869096533, 6.533736633435387], [2.3876051522142805, 6.532108263614508], [2.3879667229937174, 6.532108263614508], [2.388689864552591, 6.531384543694117], [2.388689864552591, 6.5308417537538235], [2.387785937603999, 6.529937103853335], [2.387424366824562, 6.529937103853335], [2.38652043987597, 6.528851523972749], [2.386158869096533, 6.528851523972749], [2.3859780837068145, 6.528489664012554], [2.3856165129273776, 6.528489664012554], [2.3843510151993486, 6.527404084131968], [2.382904732081601, 6.526680364211577], [2.3827239466918826, 6.526318504251382], [2.3820008051330093, 6.526318504251382], [2.3809160927946986, 6.527404084131968], [2.3805545220152617, 6.527404084131968], [2.379831380456388, 6.528308734032456], [2.379469809676951, 6.528308734032456], [2.3789274535077958, 6.529032453952847], [2.378565882728359, 6.529032453952847], [2.377842741169485, 6.529937103853335], [2.3774811703900482, 6.529937103853335], [2.376938814220893, 6.530660823773726], [2.376577243441456, 6.530660823773726], [2.3758541018825823, 6.531565473674214], [2.3754925311031454, 6.531565473674214], [2.3747693895442716, 6.5324701235747025], [2.3744078187648348, 6.5324701235747025], [2.3742270333751163, 6.532831983534898], [2.3735038918162426, 6.533193843495093], [2.3729615356470872, 6.533193843495093], [2.3725999648676503, 6.533736633435386], [2.3718768233087766, 6.5340984933955815], [2.3706113255807475, 6.534460353355777], [2.370430540191029, 6.53500314329607], [2.3695266132424364, 6.5351840732761675], [2.3695266132424364, 6.534822213315972], [2.3688034716835626, 6.53500314329607], [2.368622686293844, 6.5346412833358745], [2.3680803301246893, 6.534460353355777], [2.367537973955534, 6.53500314329607], [2.367537973955534, 6.535545933236363], [2.3668148323966602, 6.5357268632164605], [2.366634047006942, 6.5362696531567535], [2.3660916908377865, 6.5362696531567535], [2.3660916908377865, 6.536631513116949], [2.365549334668631, 6.537174303057242], [2.365187763889194, 6.5368124430970465], [2.3642838369406016, 6.536631513116949], [2.36446462233032, 6.5357268632164605], [2.364103051550883, 6.535545933236363], [2.3635606953817283, 6.5357268632164605], [2.3635606953817283, 6.5362696531567535], [2.3628375538228545, 6.536088723176656], [2.3628375538228545, 6.536631513116949], [2.362295197653699, 6.536993373077144], [2.3617528414845435, 6.5368124430970465], [2.3613912707051066, 6.5362696531567535]]]}, "properties": {"name": "Agassa-Godomey", "commune": "ABOMEY-CALAVI", "confidence": "MANUAL_REVIEW", "area_m2": 6007200.0, "perimeter_m": 16919.5, "road_length_m": 32170.9, "n_road_vertices": 1474, "avg_dist_to_road_m": 254.4, "pct_area_near_road": 57.6, "color": "#7acc44", "neighbours": ["Agonmé", "Agonsoudja", "Akassato", "Gbétagbo", "Glo-Tokpa", "Kpodji-Les-Monts"], "n_neighbours": 6, "manual_review_reasons": ["avg distance to owned road 254 m"]}}, {"type": "Feature", "geometry": {"type": "Polygon", "coordinates": [[[2.4510608240054537, 6.384288469874714], [2.45033768244658, 6.384288469874714], [2.45033768244658, 6.387907069476668], [2.45142239478489, 6.388087999456766], [2.4516031801746085, 6.3877261394965705], [2.451964750954046, 6.3877261394965705], [2.452507107123201, 6.3888117193771565], [2.4552188879689774, 6.3888117193771565], [2.4552188879689774, 6.387364279536375], [2.4568459564764433, 6.387364279536375], [2.4568459564764433, 6.3860977696756915], [2.458292239594191, 6.3860977696756915], [2.458292239594191, 6.385735909715495], [2.4577498834250355, 6.385193119775202], [2.4568459564764433, 6.385193119775202], [2.456665171086725, 6.384288469874714], [2.455942029527851, 6.384288469874714], [2.4557612441381327, 6.383926609914519], [2.451241609395172, 6.383926609914519], [2.4510608240054537, 6.384288469874714]]]}, "properties": {"name": "Kpondéhou", "commune": "COTONOU", "confidence": "HIGH", "area_m2": 343600.0, "perimeter_m": 2919.8, "road_length_m": 3040.6, "n_road_vertices": 60, "avg_dist_to_road_m": 49.6, "pct_area_near_road": 97.2, "color": "#41c872", "neighbours": ["Ahouassa", "Ayélawadjè-Agongbomè", "Djédjé-Layé", "Gankpodo", "Kpondéhou-Tchèmè", "Minontchou"], "n_neighbours": 6, "manual_review_reasons": []}}, {"type": "Feature", "geometry": {"type": "MultiPolygon", "coordinates": [[[[2.3111329323633805, 6.367281051745533], [2.3111329323633805, 6.367823841685827], [2.311675288532536, 6.368909421566413], [2.3131215716502833, 6.369633141486804], [2.312940786260565, 6.370899651347487], [2.3118560739222542, 6.370718721367389], [2.3118560739222542, 6.371804301247976], [2.3123984300914096, 6.372708951148463], [2.3120368593119727, 6.372708951148463], [2.3120368593119727, 6.373251741088757], [2.312217644701691, 6.373251741088757], [2.3120368593119727, 6.373794531029049], [2.3111329323633805, 6.374337320969342], [2.3111329323633805, 6.375061040889734], [2.3114945031428173, 6.375061040889734], [2.3114945031428173, 6.375603830830026], [2.311313717753099, 6.375603830830026], [2.3114945031428173, 6.376508480730514], [2.3111329323633805, 6.377232200650905], [2.3111329323633805, 6.378136850551394], [2.3114945031428173, 6.377955920571297], [2.3120368593119727, 6.37849871051159], [2.3123984300914096, 6.37849871051159], [2.312579215481128, 6.37922243043198], [2.314025498598875, 6.379041500451883], [2.314025498598875, 6.378679640491687], [2.3149294255474673, 6.378136850551394], [2.3152909963269046, 6.378136850551394], [2.3156525671063415, 6.378860570471785], [2.3165564940549332, 6.378860570471785], [2.3165564940549332, 6.378679640491687], [2.317641206393244, 6.378860570471785], [2.3180027771726808, 6.37849871051159], [2.317641206393244, 6.378136850551393], [2.317641206393244, 6.376689410710613], [2.318183562562399, 6.376508480730515], [2.3183643479521177, 6.37451825094944], [2.317279635613807, 6.374699180929538], [2.3170988502240886, 6.373794531029049], [2.3158333524960595, 6.373794531029049], [2.315652567106341, 6.373432671068855], [2.316014137885778, 6.37307081110866], [2.316014137885778, 6.372347091188268], [2.315471781716623, 6.372347091188268], [2.315471781716623, 6.372528021168366], [2.3151102109371857, 6.372347091188268], [2.3151102109371857, 6.371623371267878], [2.315290996326904, 6.371623371267878], [2.3151102109371857, 6.371261511307682], [2.314025498598875, 6.37144244128778], [2.314025498598875, 6.370356861407195], [2.3149294255474673, 6.369633141486804], [2.3151102109371857, 6.368909421566413], [2.315652567106341, 6.368547561606218], [2.3158333524960595, 6.368004771665924], [2.314025498598875, 6.367823841685826], [2.3134831424297198, 6.367100121765436], [2.3129407862605644, 6.367100121765436], [2.3129407862605644, 6.366919191785338], [2.3114945031428173, 6.366919191785338], [2.3111329323633805, 6.367281051745533]]], [[[2.309325078466196, 6.368547561606218], [2.309686649245633, 6.368728491586316], [2.310229005414788, 6.368728491586316], [2.3100482200250694, 6.368366631626119], [2.309325078466196, 6.368004771665924], [2.309325078466196, 6.368547561606218]]], [[[2.3102290054147883, 6.368909421566413], [2.3104097908045063, 6.368728491586315], [2.3102290054147883, 6.368728491586315], [2.3102290054147883, 6.368909421566413]]]]}, "properties": {"name": "Gninkindji\n", "commune": "ABOMEY-CALAVI", "confidence": "HIGH", "area_m2": 634800.0, "perimeter_m": 6520.0, "road_length_m": 7053.7, "n_road_vertices": 266, "avg_dist_to_road_m": 46.5, "pct_area_near_road": 90.4, "color": "#c8419d", "neighbours": ["Agbo Codji Sèdégbé", "Dèkoungbé-Église\n", "Hêdomè\n", "Logbozounkpa"], "n_neighbours": 4, "manual_review_reasons": []}}, {"type": "Feature", "geometry": {"type": "Polygon", "coordinates": [[[2.318364347952118, 6.412332616789853], [2.318725918731555, 6.412875406730145], [2.318364347952118, 6.412875406730145], [2.318002777172681, 6.413418196670438], [2.317460421003526, 6.4132372666903406], [2.317460421003526, 6.413418196670438], [2.3165564940549337, 6.413599126650536], [2.316737279444652, 6.414141916590829], [2.3163757086652152, 6.414141916590829], [2.316194923275497, 6.415227496471415], [2.31583335249606, 6.4154084264515125], [2.3149294255474677, 6.415227496471415], [2.3147486401577493, 6.41558935643161], [2.3147486401577493, 6.415951216391806], [2.3152909963269046, 6.416494006332099], [2.3152909963269046, 6.4170367962723915], [2.314567854768031, 6.4175795862126845], [2.3149294255474677, 6.418122376152978], [2.3147486401577493, 6.419388886013662], [2.315471781716623, 6.419931675953955], [2.315471781716623, 6.420655395874345], [2.3147486401577493, 6.42101725583454], [2.314567854768031, 6.421740975754931], [2.3140254985988755, 6.422283765695224], [2.3140254985988755, 6.4230074856156145], [2.3136639278194386, 6.4230074856156145], [2.3136639278194386, 6.423550275555908], [2.3140254985988755, 6.423731205536006], [2.313844713209157, 6.424454925456397], [2.314206283988594, 6.424816785416592], [2.314206283988594, 6.425359575356885], [2.3149294255474677, 6.425359575356885], [2.315110210937186, 6.42572143531708], [2.3158333524960595, 6.42572143531708], [2.316014137885778, 6.425359575356885], [2.316737279444652, 6.425359575356885], [2.316737279444652, 6.425540505336983], [2.317641206393244, 6.425359575356885], [2.317641206393244, 6.42499771539669], [2.3180027771726808, 6.42499771539669], [2.3183643479521177, 6.424454925456397], [2.31926827490071, 6.424635855436494], [2.3196298456801467, 6.423731205536006], [2.3199914164595836, 6.423550275555908], [2.320533772628739, 6.423731205536006], [2.3207145580184574, 6.423369345575811], [2.3210761287978947, 6.423369345575811], [2.321256914187613, 6.423731205536006], [2.3216184849670496, 6.423731205536006], [2.321799270356768, 6.423369345575811], [2.322160841136205, 6.423369345575811], [2.3223416265259234, 6.42264562565542], [2.323787909643671, 6.422464695675322], [2.3245110512025446, 6.421740975754932], [2.3246918365922635, 6.422102835715127], [2.3252341927614184, 6.422102835715127], [2.325957334320292, 6.421198185814639], [2.326318905099729, 6.421198185814639], [2.326318905099729, 6.420112605934052], [2.3255957635408553, 6.419388886013661], [2.325957334320292, 6.419027026053467], [2.3257765489305737, 6.417760516192783], [2.3261381197100106, 6.417579586212685], [2.3261381197100106, 6.417217726252489], [2.3252341927614184, 6.4170367962723915], [2.325957334320292, 6.416674936312197], [2.3257765489305737, 6.416313076352001], [2.325957334320292, 6.415770286411708], [2.3250534073717, 6.4154084264515125], [2.3248726219819815, 6.414141916590829], [2.322522411915642, 6.413418196670438], [2.322160841136205, 6.413056336710243], [2.3223416265259234, 6.411970756829657], [2.321437699577331, 6.411789826849559], [2.3212569141876127, 6.411247036909266], [2.320714558018458, 6.411247036909266], [2.320714558018458, 6.411427966889364], [2.3201722018493025, 6.411247036909266], [2.319991416459584, 6.411789826849559], [2.3194490602904287, 6.411608896869462], [2.3192682749007103, 6.412332616789852], [2.318906704121273, 6.411789826849559], [2.318364347952118, 6.411789826849559], [2.318364347952118, 6.412332616789853]]]}, "properties": {"name": "Alègléta", "commune": "ABOMEY-CALAVI", "confidence": "HIGH", "area_m2": 1441600.0, "perimeter_m": 7480.0, "road_length_m": 19694.2, "n_road_vertices": 864, "avg_dist_to_road_m": 26.9, "pct_area_near_road": 99.6, "color": "#52ddac", "neighbours": ["Assrossa\n", "Cité-la-Victoire\n", "Tankpè-Tanmè", "Tankpè-Togoudo", "Tankpê-Yoho", "Yénandjro\n"], "n_neighbours": 6, "manual_review_reasons": []}}, {"type": "Feature", "geometry": {"type": "Polygon", "coordinates": [[[2.331380896011846, 6.4186651660932705], [2.3312001106221274, 6.419569815993759], [2.3304769690632536, 6.4202935359141495], [2.3301153982838168, 6.4202935359141495], [2.3301153982838168, 6.420655395874346], [2.3312001106221274, 6.421560045774834], [2.331380896011846, 6.423007485615615], [2.3317424667912827, 6.423731205536006], [2.332284822960438, 6.423912135516104], [2.3317424667912827, 6.425359575356885], [2.332284822960438, 6.425902365297178], [2.333007964519312, 6.426083295277276], [2.333550320688467, 6.426987945177764], [2.333911891467904, 6.426987945177764], [2.333911891467904, 6.427711665098155], [2.334273462247341, 6.427892595078252], [2.3346350330267778, 6.428616314998643], [2.3344542476370593, 6.428978174958838], [2.3349966038062147, 6.428978174958838], [2.335177389195933, 6.429520964899131], [2.3371660284828355, 6.429701894879229], [2.337346813872554, 6.429159104938936], [2.3378891700417097, 6.428797244978741], [2.338069955431428, 6.429340034919034], [2.338431526210865, 6.429520964899131], [2.3391546677697383, 6.429520964899131], [2.3398778093286126, 6.429159104938936], [2.340058594718331, 6.429882824859327], [2.3407817362772043, 6.430244684819522], [2.3413240924463596, 6.429882824859327], [2.3420472340052334, 6.429882824859327], [2.3420472340052334, 6.429701894879229], [2.3424088047846707, 6.429882824859327], [2.3436743025126994, 6.429701894879229], [2.343855087902418, 6.429340034919034], [2.3445782294612916, 6.428978174958838], [2.3445782294612916, 6.428435385018545], [2.346024512579039, 6.428616314998643], [2.3471092249173497, 6.427892595078252], [2.3471092249173497, 6.426987945177763], [2.3465668687481944, 6.42644515523747], [2.3465668687481944, 6.426083295277275], [2.346024512579039, 6.4257214353170795], [2.3458437271893207, 6.424997715396689], [2.3440358732921363, 6.424454925456396], [2.343131946343544, 6.4235502755559075], [2.3433127317332625, 6.422464695675322], [2.3449398002407285, 6.4208363258544425], [2.3442166586818547, 6.4197507459738565], [2.343855087902418, 6.4197507459738565], [2.343493517122981, 6.4192079560335635], [2.3429511609538256, 6.4192079560335635], [2.342228019394952, 6.4186651660932705], [2.342228019394952, 6.41794144617288], [2.3420472340052334, 6.41794144617288], [2.3420472340052334, 6.41721772625249], [2.3424088047846703, 6.416855866292295], [2.342228019394952, 6.416132146371903], [2.3406009508874863, 6.4159512163918055], [2.340420165497768, 6.416313076352001], [2.3395162385491752, 6.416313076352001], [2.3396970239388937, 6.4148656365112195], [2.338793096990302, 6.4148656365112195], [2.3382507408211466, 6.416674936312196], [2.337166028482836, 6.417217726252489], [2.3366236723136806, 6.417217726252489], [2.336804457703399, 6.418484236113173], [2.3362621015342437, 6.418484236113173], [2.335900530754807, 6.418846096073368], [2.3353581745856515, 6.419931675953954], [2.3348158184164958, 6.419388886013661], [2.3337311060781856, 6.419388886013661], [2.3337311060781856, 6.4197507459738565], [2.3330079645193114, 6.419931675953954], [2.3317424667912823, 6.418484236113173], [2.331380896011846, 6.4186651660932705]]]}, "properties": {"name": "Zogbadjè", "commune": "ABOMEY-CALAVI", "confidence": "HIGH", "area_m2": 1809600.0, "perimeter_m": 8840.0, "road_length_m": 19821.0, "n_road_vertices": 642, "avg_dist_to_road_m": 44.6, "pct_area_near_road": 92.2, "color": "#de47cf", "neighbours": ["Agonkanmey\n", "Cité-la-Victoire\n", "Tankpè-Tanmè", "Tchinangbégbo\n", "Tokpa-Zoungo-Nord\n", "Tokpa-Zoungo-Sud\n"], "n_neighbours": 6, "manual_review_reasons": []}}, {"type": "Feature", "geometry": {"type": "Polygon", "coordinates": [[[2.2829304115673037, 6.5020738869182955], [2.283111196957022, 6.502435746878491], [2.2836535531261775, 6.502254816898393], [2.284195909295333, 6.502978536818784], [2.2843766946850512, 6.504968766599857], [2.283834338515896, 6.506054346480443], [2.2836535531261775, 6.50713992636103], [2.2845574800747697, 6.5075017863212254], [2.284738265464488, 6.508587366201811], [2.2856421924130803, 6.509853876062495], [2.285461407023362, 6.510577595982885], [2.2843766946850512, 6.511663175863471], [2.2836535531261775, 6.512025035823666], [2.2827496261775853, 6.512025035823666], [2.2823880553981484, 6.5123868957838615], [2.282026484618711, 6.5123868957838615], [2.281664913839274, 6.5118441058435685], [2.2813033430598373, 6.5118441058435685], [2.280760986890682, 6.5113013159032755], [2.27985705994209, 6.511120385923178], [2.278049206044906, 6.5140152656047405], [2.2769644937065947, 6.513653405644545], [2.2767837083168763, 6.51329154568435], [2.2756989959785656, 6.51329154568435], [2.2756989959785656, 6.513110615704252], [2.274252712860818, 6.5129296857241545], [2.2735295713019448, 6.512567825763959], [2.2738911420813817, 6.514558055545034], [2.275337425199129, 6.516005495385816], [2.2762413521477214, 6.516005495385816], [2.2771452790963136, 6.516548285326109], [2.276964493706595, 6.517633865206694], [2.2762413521477214, 6.5183575851270845], [2.276060566758003, 6.519081305047475], [2.275337425199129, 6.519805024967866], [2.2751566398094107, 6.5205287448882565], [2.274795069029974, 6.520709674868354], [2.2742527128608185, 6.521795254748941], [2.2766029229271583, 6.522157114709136], [2.2766029229271583, 6.522338044689234], [2.2771452790963136, 6.522338044689234], [2.2771452790963136, 6.522518974669332], [2.277687635265469, 6.522518974669332], [2.2787723476037796, 6.523061764609625], [2.2816649138392746, 6.525956644291187], [2.282749626177585, 6.52577571431109], [2.2829304115673033, 6.525413854350894], [2.283653553126177, 6.525232924370797], [2.2838343385158955, 6.524871064410601], [2.284557480074769, 6.524509204450406], [2.28564219241308, 6.522338044689234], [2.2858229778027983, 6.521433394788746], [2.2861845485822356, 6.521614324768843], [2.287269260920546, 6.521433394788746], [2.2874500463102643, 6.520890604848453], [2.2879924024794196, 6.520528744888257], [2.2883539732588565, 6.519262235027574], [2.2890771148177302, 6.518176655146988], [2.2907041833251967, 6.518357585127085], [2.290884968714915, 6.518719445087281], [2.291065754104633, 6.518538515107183], [2.2921504664429437, 6.518719445087281], [2.2921504664429437, 6.518538515107183], [2.293235178781255, 6.518357585127085], [2.2935967495606917, 6.519081305047476], [2.294500676509284, 6.519443165007671], [2.2946814618990024, 6.519805024967867], [2.295585388847594, 6.519443165007671], [2.296308530406468, 6.518719445087281], [2.2961277450167494, 6.517452935226597], [2.2966701011859048, 6.516910145286304], [2.2966701011859048, 6.516548285326109], [2.297935598913934, 6.515462705445523], [2.2981163843036523, 6.515100845485327], [2.297935598913934, 6.514558055545034], [2.298477955083089, 6.514015265604741], [2.298839525862526, 6.514015265604741], [2.299201096641963, 6.513472475664448], [2.2995626674214, 6.513472475664448], [2.2997434528111182, 6.513110615704253], [2.300466594369992, 6.512929685724155], [2.3010089505391473, 6.512205965803765], [2.2997434528111182, 6.51093945594308], [2.2997434528111182, 6.510577595982886], [2.300105023590555, 6.510577595982886], [2.300105023590555, 6.509130156142104], [2.300466594369992, 6.508949226162007], [2.3006473797597105, 6.508044576261518], [2.3010089505391473, 6.507863646281421], [2.3010089505391473, 6.507320856341127], [2.300828165149429, 6.507320856341127], [2.3010089505391473, 6.5064162064406394], [2.3015513067083027, 6.5058734165003465], [2.3020936628774584, 6.5058734165003465], [2.3026360190466137, 6.506235276460542], [2.3039015167746424, 6.506235276460542], [2.303720731384924, 6.504968766599857], [2.30299758982605, 6.504425976659564], [2.30299758982605, 6.503883186719271], [2.3022744482671764, 6.503702256739174], [2.3022744482671764, 6.502797606838686], [2.303539945995206, 6.502978536818784], [2.3033591606054875, 6.503883186719272], [2.304624658333516, 6.5037022567391745], [2.304986229112953, 6.502978536818784], [2.304986229112953, 6.502073886918295], [2.304082302164361, 6.501712026958099], [2.3031783752157686, 6.500807377057611], [2.3031783752157686, 6.499721797177026], [2.3042630875540793, 6.499179007236733], [2.3044438729437977, 6.49863621729644], [2.3051670145026715, 6.498093427356147], [2.3058901560615457, 6.498455287316342], [2.306613297620419, 6.498455287316342], [2.306974868399856, 6.498093427356147], [2.306974868399856, 6.497369707435756], [2.307517224569011, 6.496826917495463], [2.3084211515176034, 6.4966459875153655], [2.3084211515176034, 6.496284127555169], [2.307878795348448, 6.495560407634779], [2.307878795348448, 6.495017617694486], [2.3073364391792928, 6.49465575773429], [2.3071556537895743, 6.493389247873607], [2.306613297620419, 6.493027387913411], [2.306613297620419, 6.492665527953216], [2.304986229112953, 6.492484597973118], [2.304624658333516, 6.492122738012923], [2.304624658333516, 6.491399018092533], [2.30534779989239, 6.491399018092533], [2.30534779989239, 6.490494368192044], [2.3048054437232346, 6.490313438211946], [2.304624658333516, 6.489770648271653], [2.3039015167746424, 6.489951578251751], [2.303720731384924, 6.488865998371165], [2.3028168044363317, 6.48850413841097], [2.3026360190466133, 6.487961348470677], [2.3017320920980215, 6.487961348470677], [2.3017320920980215, 6.488142278450774], [2.3008281651494293, 6.488323208430872], [2.300647379759711, 6.489408788311458], [2.299924238200837, 6.489589718291556], [2.299924238200837, 6.490132508231849], [2.2997434528111187, 6.490132508231849], [2.299924238200837, 6.490675298172142], [2.299381882031682, 6.491037158132337], [2.2992010966419634, 6.49157994807263], [2.2977548135242154, 6.491399018092532], [2.297935598913934, 6.489951578251751], [2.2970316719653416, 6.48922785833136], [2.2970316719653416, 6.488865998371165], [2.2964893157961863, 6.488323208430872], [2.2952238180681572, 6.487780418490579], [2.2954046034578757, 6.4857901887095055], [2.295585388847594, 6.4857901887095055], [2.2954046034578757, 6.485066468789114], [2.293235178781255, 6.484704608828919], [2.292873608001818, 6.485066468789114], [2.2923312518326626, 6.485066468789114], [2.292150466442944, 6.485609258729407], [2.2916081102737884, 6.485609258729407], [2.2910657541046335, 6.485247398769212], [2.290884968714915, 6.485971118689602], [2.290523397935478, 6.4861520486697], [2.290523397935478, 6.486875768590091], [2.2894386855971676, 6.486875768590091], [2.2888963294280122, 6.487599488510481], [2.2888963294280122, 6.488142278450774], [2.287630831699983, 6.488323208430872], [2.2872692609205463, 6.489408788311458], [2.286726904751391, 6.489770648271653], [2.286726904751391, 6.490494368192045], [2.2872692609205463, 6.491037158132338], [2.28799240247942, 6.492665527953216], [2.286546119361672, 6.492665527953216], [2.286546119361672, 6.492484597973118], [2.285461407023362, 6.492665527953216], [2.2849190508542065, 6.493208317893509], [2.285461407023362, 6.494293897774096], [2.285461407023362, 6.49465575773429], [2.2849190508542065, 6.495198547674583], [2.2849190508542065, 6.496645987515365], [2.284195909295333, 6.49700784747556], [2.2829304115673037, 6.496826917495462], [2.2827496261775853, 6.497369707435755], [2.2820264846187115, 6.498093427356146], [2.2813033430598377, 6.498274357336244], [2.282568840787867, 6.499540867196928], [2.282568840787867, 6.499902727157123], [2.2820264846187115, 6.500445517097416], [2.2813033430598377, 6.500445517097416], [2.2811225576701193, 6.5017120269581], [2.2816649138392746, 6.502254816898393], [2.2829304115673037, 6.5020738869182955]]]}, "properties": {"name": "Drabo", "commune": "ABOMEY-CALAVI", "confidence": "HIGH", "area_m2": 8316800.0, "perimeter_m": 23440.0, "road_length_m": 36839.6, "n_road_vertices": 1864, "avg_dist_to_road_m": 80.1, "pct_area_near_road": 73.7, "color": "#d744c9", "neighbours": ["Adjagbo", "Adjagbo-Aïdjèdo", "Agongbé", "Golo-Djigbé", "Kansounkpa", "Kpossidja", "Ouéga-Agué"], "n_neighbours": 7, "manual_review_reasons": []}}, {"type": "Feature", "geometry": {"type": "Polygon", "coordinates": [[[2.451241609395172, 6.375603830830026], [2.451241609395172, 6.376689410710612], [2.45033768244658, 6.37687034069071], [2.45033768244658, 6.377955920571297], [2.4505184678362983, 6.377955920571297], [2.45033768244658, 6.37922243043198], [2.4514223947848905, 6.37922243043198], [2.451241609395172, 6.380127080332469], [2.4523263217334828, 6.380127080332469], [2.4523263217334828, 6.380488940292664], [2.452687892512919, 6.380669870272762], [2.4532302486820745, 6.380127080332469], [2.453411034071793, 6.379041500451883], [2.4537726048512303, 6.379403360412078], [2.4548573171895405, 6.379403360412078], [2.455038102579259, 6.378136850551394], [2.456665171086725, 6.378136850551394], [2.456665171086725, 6.376146620770319], [2.4552188879689774, 6.375965690790221], [2.455399673358696, 6.374699180929538], [2.4548573171895405, 6.373613601048952], [2.4546765317998225, 6.373794531029049], [2.4534110340717934, 6.373613601048952], [2.453230248682075, 6.37451825094944], [2.4526878925129196, 6.37451825094944], [2.4526878925129196, 6.375422900849928], [2.4523263217334828, 6.375784760810124], [2.451241609395172, 6.375603830830026]]]}, "properties": {"name": "Lom-Nava", "commune": "COTONOU", "confidence": "HIGH", "area_m2": 314000.0, "perimeter_m": 3280.1, "road_length_m": 3174.5, "n_road_vertices": 66, "avg_dist_to_road_m": 43.8, "pct_area_near_road": 98.6, "color": "#da4949", "neighbours": ["Ayélawadjè", "Ayélawadjè-Agongbomè", "Fifatin", "Irédé", "Kpondéhou-Tchèmè", "Sènadé", "Sènadé-Sèkon"], "n_neighbours": 7, "manual_review_reasons": []}}, {"type": "Feature", "geometry": {"type": "Polygon", "coordinates": [[[2.289257900207449, 6.448699542789483], [2.2888963294280122, 6.449061402749679], [2.2894386855971676, 6.450146982630264], [2.286907690141109, 6.450146982630264], [2.2867269047513905, 6.449785122670069], [2.2854614070233614, 6.449966052650167], [2.2854614070233614, 6.449785122670069], [2.284557480074769, 6.449785122670069], [2.284557480074769, 6.449604192689971], [2.283472767736459, 6.449604192689971], [2.2832919823467406, 6.451594422471046], [2.2820264846187115, 6.451956282431241], [2.281845699228993, 6.452318142391436], [2.280218630721527, 6.452680002351632], [2.280218630721527, 6.453403722272023], [2.2803994161112455, 6.453403722272023], [2.280580201500964, 6.455213022073], [2.281484128449556, 6.456117671973488], [2.28220727000843, 6.456479531933684], [2.283111196957022, 6.456479531933684], [2.2836535531261775, 6.457022321873977], [2.285461407023362, 6.457203251854074], [2.285099836243925, 6.457926971774464], [2.2852806216336434, 6.459374411615246], [2.2861845485822356, 6.459555341595344], [2.286365333971954, 6.460098131535637], [2.287630831699983, 6.460098131535637], [2.2878116170897016, 6.460459991495832], [2.289257900207449, 6.46064092147593], [2.289257900207449, 6.462450221276907], [2.2894386855971676, 6.462450221276907], [2.289257900207449, 6.464078591097786], [2.2901618271560413, 6.464440451057981], [2.290523397935478, 6.465164170978372], [2.290523397935478, 6.465887890898761], [2.2901618271560413, 6.466611610819152], [2.289257900207449, 6.46679254079925], [2.2890771148177307, 6.46914463054052], [2.289619470986886, 6.470230210421106], [2.289981041766323, 6.470411140401204], [2.289981041766323, 6.470773000361399], [2.29142732488407, 6.470773000361399], [2.29142732488407, 6.470230210421106], [2.2919696810532253, 6.470230210421106], [2.292331251832662, 6.469687420480813], [2.292331251832662, 6.468782770580325], [2.292692822612099, 6.468782770580325], [2.292692822612099, 6.468059050659933], [2.2925120372223806, 6.468059050659933], [2.292692822612099, 6.467154400759446], [2.293054393391536, 6.467154400759446], [2.293415964170973, 6.466611610819153], [2.293958320340128, 6.466430680839055], [2.294319891119565, 6.465345100958469], [2.2950430326784392, 6.465345100958469], [2.295404603457876, 6.46606882087886], [2.295946959627031, 6.466249750858958], [2.2964893157961863, 6.465345100958469], [2.2977548135242154, 6.465526030938567], [2.2981163843036523, 6.464802311018176], [2.299201096641963, 6.464259521077883], [2.299201096641963, 6.463897661117688], [2.2997434528111187, 6.463897661117688], [2.3004665943699925, 6.464621381038079], [2.3010089505391473, 6.464621381038079], [2.3020936628774584, 6.464078591097786], [2.303178375215769, 6.465164170978372], [2.3039015167746424, 6.465164170978372], [2.3039015167746424, 6.462631151257004], [2.304986229112953, 6.461726501356516], [2.3055285852821084, 6.461907431336614], [2.306251726840982, 6.461183711416223], [2.306974868399856, 6.461002781436125], [2.306974868399856, 6.460459991495831], [2.3064325122307006, 6.459374411615245], [2.3064325122307006, 6.457203251854073], [2.306251726840982, 6.457203251854073], [2.3058901560615452, 6.454489302152608], [2.30534779989239, 6.454127442192413], [2.304624658333516, 6.452680002351632], [2.3044438729437977, 6.451594422471046], [2.304082302164361, 6.450870702550655], [2.303720731384924, 6.450689772570557], [2.302455233656895, 6.447975822869092], [2.3004665943699925, 6.448337682829288], [2.3004665943699925, 6.448518612809385], [2.2997434528111187, 6.448337682829288], [2.299381882031682, 6.448880472769581], [2.2981163843036523, 6.449061402749678], [2.297935598913934, 6.448518612809385], [2.2972124573550605, 6.448518612809385], [2.2966701011859048, 6.448880472769581], [2.296850886575623, 6.448337682829288], [2.296308530406468, 6.447252102948702], [2.295766174237313, 6.447433032928799], [2.2959469596270314, 6.447975822869092], [2.2955853888475946, 6.448337682829288], [2.293958320340128, 6.448518612809385], [2.2937775349504097, 6.447975822869093], [2.294319891119565, 6.447252102948702], [2.2935967495606917, 6.447071172968604], [2.293235178781255, 6.447613962908897], [2.2923312518326626, 6.447433032928799], [2.2919696810532257, 6.447794892888995], [2.2914273248840704, 6.447794892888995], [2.2914273248840704, 6.448518612809386], [2.2917888956635073, 6.448699542789484], [2.2914273248840704, 6.449061402749678], [2.291065754104633, 6.449061402749678], [2.290704183325196, 6.44815675284919], [2.289981041766323, 6.44815675284919], [2.2898002563766044, 6.448699542789483], [2.289257900207449, 6.448699542789483]]]}, "properties": {"name": "Somè", "commune": "ABOMEY-CALAVI", "confidence": "HIGH", "area_m2": 4258000.0, "perimeter_m": 13760.1, "road_length_m": 33982.0, "n_road_vertices": 1280, "avg_dist_to_road_m": 54.4, "pct_area_near_road": 87.2, "color": "#3dcdbc", "neighbours": ["Adjagbo-Aïdjèdo", "Ahossougbéta", "Dessato\n", "Houèto", "Ouéga-Tokpa", "Togba_Maria-Gléta", "Tokan"], "n_neighbours": 7, "manual_review_reasons": []}}, {"type": "Feature", "geometry": {"type": "Polygon", "coordinates": [[[2.33897388238002, 6.542059412519879], [2.3377083846519913, 6.542421272480074], [2.3377083846519913, 6.542783132440269], [2.337166028482836, 6.542783132440269], [2.3366236723136806, 6.543325922380562], [2.3362621015342437, 6.544773362221344], [2.3353581745856515, 6.544773362221344], [2.335177389195933, 6.54585894210193], [2.3337311060781856, 6.546944521982516], [2.3337311060781856, 6.547668241902907], [2.3340926768576225, 6.547849171883005], [2.3340926768576225, 6.549296611723785], [2.3331887499090302, 6.550201261624274], [2.330657754452972, 6.549839401664078], [2.3301153982838168, 6.550744051564567], [2.3301153982838168, 6.551467771484958], [2.330657754452972, 6.552010561425251], [2.331380896011846, 6.552191491405349], [2.331923252181001, 6.553096141305837], [2.331380896011846, 6.553819861226227], [2.3304769690632536, 6.554000791206325], [2.331019325232409, 6.555086371086912], [2.331019325232409, 6.555629161027204], [2.330657754452972, 6.555991020987399], [2.3308385398426905, 6.557076600867986], [2.331380896011846, 6.557438460828181], [2.331923252181001, 6.557257530848084], [2.3321040375707196, 6.557619390808279], [2.3324656083501565, 6.557619390808279], [2.333007964519312, 6.55834311072867], [2.3333695352987487, 6.55834311072867], [2.3333695352987487, 6.558885900668963], [2.334273462247341, 6.558885900668963], [2.3346350330267778, 6.559247760629158], [2.335358174585651, 6.559247760629158], [2.3355389599753695, 6.558885900668963], [2.335900530754807, 6.558885900668963], [2.3362621015342437, 6.559609620589353], [2.3366236723136806, 6.559790550569451], [2.336442886923962, 6.560152410529645], [2.336442886923962, 6.561057060430135], [2.336804457703399, 6.56141892039033], [2.3366236723136806, 6.563590080151502], [2.336804457703399, 6.5637710101316], [2.3377083846519913, 6.563590080151502], [2.3377083846519913, 6.5637710101316], [2.3386123116005835, 6.5637710101316], [2.3386123116005835, 6.563951940111697], [2.3395162385491752, 6.563409150171404], [2.3396970239388937, 6.561057060430135], [2.3404201654977674, 6.560333340509744], [2.341504877836078, 6.560152410529646], [2.341866448615515, 6.559790550569451], [2.341866448615515, 6.55906683064906], [2.3429511609538256, 6.557981250768474], [2.3434935171229814, 6.55834311072867], [2.3434935171229814, 6.55906683064906], [2.3438550879024183, 6.55906683064906], [2.3440358732921367, 6.559428690609256], [2.3445782294612916, 6.559428690609256], [2.3449398002407285, 6.558885900668963], [2.3449398002407285, 6.55834311072867], [2.3458437271893207, 6.558524040708767], [2.346386083358476, 6.557257530848084], [2.3474707956967866, 6.557257530848084], [2.3481939372556604, 6.556714740907791], [2.3481939372556604, 6.5559910209874], [2.3498210057631264, 6.555810091007302], [2.350544147322, 6.555267301067009], [2.3510865034911554, 6.553458001266032], [2.3507249327117186, 6.552734281345641], [2.3503633619322817, 6.552734281345641], [2.3503633619322817, 6.552372421385446], [2.350001791152845, 6.552191491405348], [2.350001791152845, 6.551648701465056], [2.3503633619322817, 6.551467771484958], [2.3503633619322817, 6.551105911524763], [2.350724932711719, 6.551105911524763], [2.351628859660311, 6.552010561425251], [2.3521712158294665, 6.552010561425251], [2.3521712158294665, 6.552191491405349], [2.352532786608903, 6.552010561425251], [2.352532786608903, 6.551648701465055], [2.352171215829466, 6.551467771484957], [2.3519904304397476, 6.550020331644176], [2.3516288596603108, 6.549839401664078], [2.351267288880874, 6.548934751763591], [2.3519904304397476, 6.548753821783493], [2.3519904304397476, 6.548391961823298], [2.3527135719986214, 6.547849171883005], [2.3527135719986214, 6.547306381942711], [2.3521712158294665, 6.547125451962613], [2.351086503491156, 6.547668241902906], [2.3505441473220006, 6.547668241902906], [2.350363361932282, 6.548391961823297], [2.349278649593971, 6.548753821783492], [2.3494594349836895, 6.548030101863102], [2.348374722645379, 6.547668241902906], [2.348374722645379, 6.546763592002418], [2.347290010307068, 6.546401732042223], [2.347651581086505, 6.545497082141734], [2.3462052979687575, 6.545678012121832], [2.3465668687481944, 6.544954292201442], [2.3465668687481944, 6.544230572281051], [2.3458437271893207, 6.544411502261148], [2.345662941799602, 6.544049642300953], [2.344216658681855, 6.543868712320855], [2.343312731733263, 6.544411502261148], [2.3416856632257965, 6.544411502261148], [2.341504877836078, 6.544049642300953], [2.3407817362772043, 6.543868712320855], [2.3407817362772043, 6.542240342499976], [2.3391546677697383, 6.542421272480074], [2.33897388238002, 6.542059412519879]]]}, "properties": {"name": "Agonmé", "commune": "ABOMEY-CALAVI", "confidence": "HIGH", "area_m2": 3345600.0, "perimeter_m": 12560.0, "road_length_m": 25380.5, "n_road_vertices": 1374, "avg_dist_to_road_m": 43.5, "pct_area_near_road": 94.0, "color": "#a1c746", "neighbours": ["Agassa-Godomey", "Agonsoudja", "Azonsa", "Gbétagbo", "Lohoussa"], "n_neighbours": 5, "manual_review_reasons": []}}, {"type": "Feature", "geometry": {"type": "Polygon", "coordinates": [[[2.311675288532536, 6.40473355762575], [2.311675288532536, 6.405457277546142], [2.3120368593119727, 6.405819137506337], [2.3120368593119727, 6.406180997466532], [2.311675288532536, 6.406180997466532], [2.311675288532536, 6.406904717386922], [2.310952146973662, 6.406904717386922], [2.3107713615839436, 6.407447507327215], [2.31004822002507, 6.407628437307313], [2.309686649245633, 6.408171227247606], [2.3091442930764776, 6.408352157227704], [2.309325078466196, 6.408894947167997], [2.308963507686759, 6.409075877148094], [2.308963507686759, 6.409618667088387], [2.308059580738167, 6.410523316988876], [2.308059580738167, 6.41178982684956], [2.3082403661278854, 6.4121516868097554], [2.3087827222970407, 6.4121516868097554], [2.3087827222970407, 6.4126944767500484], [2.309686649245633, 6.412332616789853], [2.309686649245633, 6.413418196670439], [2.3104097908045063, 6.413418196670439], [2.3105905761942247, 6.413056336710244], [2.310952146973662, 6.413237266690341], [2.310952146973662, 6.413960986610731], [2.3104097908045067, 6.414141916590829], [2.3107713615839436, 6.414684706531123], [2.312579215481128, 6.41414191659083], [2.312579215481128, 6.414322846570927], [2.3136639278194386, 6.414503776551025], [2.313844713209157, 6.41486563651122], [2.3149294255474677, 6.41486563651122], [2.3149294255474677, 6.415227496471416], [2.3158333524960595, 6.415408426451513], [2.3161949232754964, 6.415227496471416], [2.316375708665215, 6.41414191659083], [2.3167372794446517, 6.41414191659083], [2.3165564940549332, 6.413599126650537], [2.3174604210035255, 6.413418196670439], [2.3174604210035255, 6.413237266690341], [2.3180027771726808, 6.413418196670439], [2.3183643479521177, 6.412875406730146], [2.3187259187315545, 6.412875406730146], [2.3183643479521177, 6.412332616789852], [2.3183643479521177, 6.41178982684956], [2.3189067041212734, 6.41178982684956], [2.319087489510992, 6.412332616789853], [2.3194490602904283, 6.4116088968694624], [2.3199914164595836, 6.41178982684956], [2.320172201849302, 6.411247036909266], [2.319810631069865, 6.411247036909266], [2.319810631069865, 6.410885176949072], [2.3207145580184574, 6.409799597068485], [2.319810631069865, 6.408714017187899], [2.318906704121273, 6.408533087207801], [2.318545133341836, 6.407628437307313], [2.3178219917829623, 6.407628437307313], [2.317641206393244, 6.406904717386922], [2.316375708665215, 6.40708564736702], [2.3161949232754964, 6.406000067486434], [2.3158333524960595, 6.405638207526239], [2.3152909963269046, 6.406000067486434], [2.3134831424297198, 6.406180997466532], [2.313663927819438, 6.405638207526239], [2.312760000870846, 6.404552627645653], [2.311675288532536, 6.40473355762575]]]}, "properties": {"name": "Yénandjro\n", "commune": "ABOMEY-CALAVI", "confidence": "HIGH", "area_m2": 970800.0, "perimeter_m": 6319.9, "road_length_m": 13730.0, "n_road_vertices": 604, "avg_dist_to_road_m": 27.4, "pct_area_near_road": 99.9, "color": "#8acd3e", "neighbours": ["Alègléta", "Assrossa\n", "Gbègnigan-Midokpo\n", "Tankpè-Togoudo", "Womey-Centre\n"], "n_neighbours": 5, "manual_review_reasons": []}}, {"type": "Feature", "geometry": {"type": "Polygon", "coordinates": [[[2.298297169693371, 6.369814071466901], [2.2975740281344974, 6.372889881128562], [2.2979355989139343, 6.37307081110866], [2.2979355989139343, 6.373432671068855], [2.2984779550830896, 6.37379453102905], [2.2988395258625265, 6.374699180929539], [2.299381882031682, 6.375061040889734], [2.299381882031682, 6.375422900849929], [2.299924238200837, 6.375965690790222], [2.3046246583335166, 6.375784760810125], [2.3046246583335166, 6.375965690790222], [2.306070941451264, 6.37614662077032], [2.306794083010138, 6.376870340690711], [2.306794083010138, 6.377413130631004], [2.3071556537895748, 6.377413130631004], [2.308059580738167, 6.37849871051159], [2.3091442930764776, 6.378679640491687], [2.3095058638559145, 6.379041500451883], [2.310229005414788, 6.378860570471785], [2.3104097908045063, 6.378317780531492], [2.31113293236338, 6.378136850551394], [2.31113293236338, 6.377232200650906], [2.311494503142817, 6.376508480730515], [2.311494503142817, 6.375965690790221], [2.3113137177530985, 6.375965690790221], [2.311494503142817, 6.375061040889733], [2.31113293236338, 6.375061040889733], [2.31113293236338, 6.374337320969343], [2.3120368593119722, 6.37379453102905], [2.3122176447016907, 6.373432671068855], [2.3120368593119722, 6.372708951148464], [2.312398430091409, 6.372528021168366], [2.311856073922254, 6.371804301247975], [2.311856073922254, 6.370537791387291], [2.3113137177530985, 6.370356861407194], [2.3105905761942247, 6.368909421566412], [2.309325078466196, 6.368547561606217], [2.3087827222970407, 6.369452211506705], [2.3086019369073223, 6.370356861407194], [2.30769800995873, 6.371261511307682], [2.30769800995873, 6.371985231228073], [2.307336439179293, 6.372347091188268], [2.306794083010138, 6.372347091188268], [2.3057093706718272, 6.372889881128561], [2.305528585282109, 6.373251741088756], [2.3048054437232346, 6.372889881128561], [2.303720731384924, 6.373070811108659], [2.3035399459952055, 6.372889881128561], [2.303720731384924, 6.371985231228073], [2.30299758982605, 6.37144244128778], [2.30299758982605, 6.371080581327584], [2.3019128774877395, 6.371080581327584], [2.2993818820316814, 6.369633141486803], [2.298297169693371, 6.369814071466901]]]}, "properties": {"name": "Hêdomè\n", "commune": "ABOMEY-CALAVI", "confidence": "MEDIUM", "area_m2": 953200.0, "perimeter_m": 6679.9, "road_length_m": 5004.1, "n_road_vertices": 188, "avg_dist_to_road_m": 112.4, "pct_area_near_road": 58.3, "color": "#db4648", "neighbours": ["Amahoun\n", "Cocotomey", "Ganganzounmè\n", "Gninkindji\n", "Logbozounkpa", "Zounga\n"], "n_neighbours": 6, "manual_review_reasons": []}}, {"type": "Feature", "geometry": {"type": "Polygon", "coordinates": [[[2.3440358732921367, 6.392973108919402], [2.3434935171229814, 6.3931540388995], [2.3436743025127, 6.393696828839793], [2.343312731733263, 6.39387775881989], [2.3434935171229814, 6.3942396187800865], [2.343312731733263, 6.394782408720379], [2.3422280193949523, 6.395325198660672], [2.341685663225797, 6.395325198660672], [2.341685663225797, 6.395506128640769], [2.340239380108049, 6.395687058620867], [2.3400585947183306, 6.395144268680574], [2.3389738823800204, 6.395144268680574], [2.338431526210865, 6.395506128640769], [2.337708384651991, 6.395506128640769], [2.3375275992622724, 6.395144268680574], [2.3369852430931175, 6.395144268680574], [2.336804457703399, 6.395506128640769], [2.3359005307548064, 6.395687058620867], [2.3355389599753695, 6.395325198660672], [2.334815818416496, 6.395325198660672], [2.334273462247341, 6.395687058620867], [2.334273462247341, 6.39622984856116], [2.3340926768576225, 6.39622984856116], [2.3340926768576225, 6.396772638501453], [2.333550320688467, 6.39785821838204], [2.336442886923962, 6.3980391483621375], [2.336442886923962, 6.398220078342235], [2.33897388238002, 6.39785821838204], [2.33897388238002, 6.397677288401942], [2.340600950887486, 6.39785821838204], [2.3416856632257965, 6.3969535684815515], [2.342589590174389, 6.396772638501454], [2.342589590174389, 6.3969535684815515], [2.3438550879024183, 6.397315428441747], [2.3438550879024183, 6.3980391483621375], [2.3443974440715736, 6.3985819383024305], [2.344578229461292, 6.399486588202919], [2.345843727189321, 6.400029378143212], [2.347470795696787, 6.401657747964091], [2.3483747226453793, 6.4018386779441885], [2.3498210057631264, 6.402743327844677], [2.3498210057631264, 6.401295888003895], [2.349640220373408, 6.401295888003895], [2.349640220373408, 6.399848448163113], [2.3494594349836895, 6.399848448163113], [2.349640220373408, 6.397858218382039], [2.348917078814534, 6.397496358421844], [2.3490978642042526, 6.3969535684815515], [2.3494594349836895, 6.3969535684815515], [2.349278649593971, 6.395687058620867], [2.348917078814534, 6.395687058620867], [2.348374722645379, 6.394782408720379], [2.3480131518659424, 6.395144268680574], [2.347290010307068, 6.395144268680574], [2.3474707956967866, 6.394239618780086], [2.347290010307068, 6.39387775881989], [2.346386083358476, 6.394058688799988], [2.346024512579039, 6.392792178939304], [2.3458437271893207, 6.392792178939304], [2.346024512579039, 6.3926112489592075], [2.3458437271893207, 6.392068459018914], [2.3451205856304473, 6.392249388999011], [2.344939800240729, 6.392792178939304], [2.3445782294612916, 6.392430318979109], [2.3440358732921367, 6.392430318979109], [2.3440358732921367, 6.392973108919402]]]}, "properties": {"name": "Nonhouénou\n", "commune": "ABOMEY-CALAVI", "confidence": "HIGH", "area_m2": 767200.0, "perimeter_m": 7119.7, "road_length_m": 5786.7, "n_road_vertices": 240, "avg_dist_to_road_m": 78.8, "pct_area_near_road": 70.4, "color": "#dd8d50", "neighbours": ["Djoukpa-Togoudo\n", "Godomey-Togoudo", "Hlouacomey", "Ounvènoumèdé\n", "Salamey", "Sèdomey", "Yolomahouto"], "n_neighbours": 7, "manual_review_reasons": []}}, {"type": "Feature", "geometry": {"type": "MultiPolygon", "coordinates": [[[[2.381277663574135, 6.3444838742532275], [2.3637696455042154, 6.344122014293032], [2.363687270371641, 6.353530373258112], [2.363922266161165, 6.353711303238209], [2.363922266161165, 6.354615953138698], [2.364283836940602, 6.354615953138698], [2.364283836940602, 6.355339673059088], [2.3648261931097574, 6.355339673059088], [2.365006978499476, 6.356063392979479], [2.3655493346686307, 6.355882462999381], [2.365730120058349, 6.355339673059088], [2.366272476227505, 6.355339673059088], [2.366272476227505, 6.355520603039186], [2.367176403176097, 6.355701533019284], [2.3673571885658156, 6.356244322959577], [2.3688034716835626, 6.356244322959577], [2.368984257073281, 6.355882462999381], [2.369345827852718, 6.355882462999381], [2.369345827852718, 6.355339673059088], [2.369707398632155, 6.355339673059088], [2.3698881840218733, 6.354615953138698], [2.3704305401910286, 6.354615953138698], [2.370972896360184, 6.353711303238209], [2.372780750257369, 6.353530373258112], [2.3731423210368057, 6.354254093178502], [2.3738654625956794, 6.354254093178502], [2.3738654625956794, 6.3544350231586], [2.3749501749339896, 6.354254093178502], [2.3749501749339896, 6.353530373258112], [2.3760348872723003, 6.353530373258112], [2.376758028831174, 6.352987583317819], [2.377119599610611, 6.352263863397428], [2.3780235265592036, 6.352263863397428], [2.3780235265592036, 6.352444793377526], [2.378565882728359, 6.352444793377526], [2.3792890242872327, 6.353530373258112], [2.3796505950666695, 6.353530373258112], [2.3809160927946986, 6.354615953138698], [2.3805545220152617, 6.35678711289987], [2.381458448963854, 6.357329902840163], [2.382362375912446, 6.356968042879967], [2.3821815905227277, 6.358053622760553], [2.3825431613021646, 6.358234552740651], [2.3829047320816015, 6.359320132621237], [2.3834470882507564, 6.358958272661042], [2.38417022980963, 6.358958272661042], [2.38417022980963, 6.356244322959577], [2.3848933713685043, 6.35678711289987], [2.3850741567582228, 6.357691762800358], [2.3854357275376596, 6.357872692780456], [2.385616512927378, 6.358415482720749], [2.385978083706815, 6.358596412700846], [2.3879667229937174, 6.358415482720749], [2.3879667229937174, 6.357148972860065], [2.388147508383436, 6.357148972860065], [2.3879667229937174, 6.355339673059087], [2.3872435814348436, 6.355339673059087], [2.3868820106554067, 6.354796883118794], [2.385797298317096, 6.354435023158599], [2.385797298317096, 6.354073163198404], [2.385435727537659, 6.354073163198404], [2.3852549421479408, 6.353530373258111], [2.3838086590301932, 6.353711303238208], [2.3834470882507564, 6.352263863397427], [2.382543161302164, 6.352082933417329], [2.382904732081601, 6.350454563596451], [2.383266302861038, 6.350273633616354], [2.3830855174713195, 6.349911773656157], [2.383266302861038, 6.3488261937755714], [2.382904732081601, 6.348464333815376], [2.3827239466918826, 6.34737875393479], [2.3818200197432904, 6.346293174054204], [2.381277663574135, 6.3444838742532275]], [[2.37838509733864, 6.350816423556646], [2.37838509733864, 6.350454563596451], [2.3787466681180773, 6.350454563596451], [2.3787466681180773, 6.350816423556646], [2.37838509733864, 6.350816423556646]], [[2.3735038918162426, 6.349911773656157], [2.3731423210368052, 6.34973084367606], [2.3731423210368052, 6.348464333815377], [2.373323106426524, 6.348464333815377], [2.373323106426524, 6.349368983715865], [2.374588604154553, 6.349188053735768], [2.374588604154553, 6.3493689837158644], [2.373684677205961, 6.3493689837158644], [2.3735038918162426, 6.349911773656157]], [[2.3731423210368052, 6.3482834038352784], [2.3731423210368052, 6.347559683914889], [2.3735038918162426, 6.347559683914889], [2.3735038918162426, 6.348102473855181], [2.3731423210368052, 6.3482834038352784]]], [[[2.3838086590301932, 6.350273633616354], [2.3838086590301932, 6.34973084367606], [2.3836278736404752, 6.34973084367606], [2.383447088250757, 6.350092703636256], [2.3838086590301932, 6.350273633616354]]]]}, "properties": {"name": "Fiyégnon-Jacquot", "commune": "COTONOU", "confidence": "MEDIUM", "area_m2": 2652057.4, "perimeter_m": 12257.8, "road_length_m": 15821.3, "n_road_vertices": 510, "avg_dist_to_road_m": 136.9, "pct_area_near_road": 56.8, "color": "#dc3e9a", "neighbours": ["Aïbatin-Dodo", "Cadjèhoun-Kpota", "Fidjrossè-Centre", "Fidjrossè-Kpota", "Haie-Vive-Cocotiers"], "n_neighbours": 5, "manual_review_reasons": []}}, {"type": "Feature", "geometry": {"type": "MultiPolygon", "coordinates": [[[[2.3973675632590767, 6.390259159217937], [2.3973675632590767, 6.391344739098524], [2.397548348648795, 6.391344739098524], [2.3973675632590767, 6.391887529038816], [2.396644421700203, 6.392068459018914], [2.396644421700203, 6.392792178939304], [2.3955597093618923, 6.392430318979109], [2.3955597093618923, 6.392973108919402], [2.395017353192737, 6.393334968879597], [2.395017353192737, 6.394420548760184], [2.3955597093618923, 6.394420548760184], [2.395921280141329, 6.3947824087203795], [2.395378923972174, 6.397134498461648], [2.395017353192737, 6.397677288401941], [2.395017353192737, 6.400934028043699], [2.392124786957242, 6.405457277546142], [2.405502905796406, 6.403828907725263], [2.4040566226786586, 6.400753098063602], [2.4036950518992217, 6.400753098063602], [2.402610339560911, 6.399667518183016], [2.4020679833917558, 6.398762868282527], [2.401344841832882, 6.39858193830243], [2.401344841832882, 6.3969535684815515], [2.4018871980020373, 6.396772638501454], [2.4020679833917558, 6.396229848561161], [2.4035142665095033, 6.396048918581063], [2.40387583728894, 6.395687058620868], [2.40387583728894, 6.395144268680575], [2.405502905796406, 6.393877758819891], [2.4056836911861246, 6.392973108919403], [2.4064068327449983, 6.39243031897911], [2.4065876181347168, 6.390801949158231], [2.407129974303872, 6.389716369277645], [2.407129974303872, 6.389173579337351], [2.4065876181347168, 6.388630789397058], [2.405864476575843, 6.388630789397058], [2.4053221204066877, 6.388268929436863], [2.4036950518992217, 6.388630789397058], [2.4031526957300664, 6.388087999456765], [2.4031526957300664, 6.38772613949657], [2.4008024856637267, 6.387545209516472], [2.4008024856637267, 6.387364279536374], [2.398271490207669, 6.387364279536374], [2.397909919428232, 6.38772613949657], [2.397909919428232, 6.3882689294368635], [2.400260129494572, 6.388630789397059], [2.400260129494572, 6.389535439297546], [2.399536987935698, 6.389897299257742], [2.399536987935698, 6.390440089198035], [2.3984522755973874, 6.390259159217937], [2.397729134038513, 6.39080194915823], [2.397729134038513, 6.390440089198035], [2.3973675632590767, 6.390259159217937]]], [[[2.3995369879356976, 6.387002419576179], [2.3988138463768243, 6.387002419576179], [2.3988138463768243, 6.3871833495562775], [2.3995369879356976, 6.3871833495562775], [2.3995369879356976, 6.387002419576179]]], [[[2.4027911249506295, 6.387545209516473], [2.402429554171193, 6.387183349556277], [2.402429554171193, 6.387545209516473], [2.4027911249506295, 6.387545209516473]]]]}, "properties": {"name": "Fifadji", "commune": "COTONOU", "confidence": "MEDIUM", "area_m2": 1796146.4, "perimeter_m": 9596.7, "road_length_m": 9931.7, "n_road_vertices": 292, "avg_dist_to_road_m": 230.4, "pct_area_near_road": 46.4, "color": "#a24aca", "neighbours": ["Gbénonkpô", "Missèkplé", "Vossa", "Vossa-Kpodji", "Yénawa-Fifadji", "Zogbo"], "n_neighbours": 6, "manual_review_reasons": []}}, {"type": "Feature", "geometry": {"type": "MultiPolygon", "coordinates": [[[[2.391401645398368, 6.387364279536374], [2.391582430788086, 6.387545209516473], [2.391582430788086, 6.387364279536374], [2.391401645398368, 6.387364279536374]]], [[[2.3926671431263973, 6.387364279536374], [2.3928479285161153, 6.387545209516473], [2.3928479285161153, 6.387364279536374], [2.3926671431263973, 6.387364279536374]]], [[[2.391401645398368, 6.38772613949657], [2.391401645398368, 6.389173579337352], [2.3926671431263973, 6.389173579337352], [2.3928479285161157, 6.390259159217938], [2.393751855464708, 6.390259159217938], [2.393751855464708, 6.3915256690786215], [2.3948365678030186, 6.391706599058719], [2.3946557824133, 6.3926112489592075], [2.395921280141329, 6.39243031897911], [2.3966444217002025, 6.392792178939305], [2.3966444217002025, 6.3920684590189145], [2.3973675632590763, 6.391887529038817], [2.3975483486487947, 6.3915256690786215], [2.3973675632590763, 6.390259159217938], [2.3977291340385136, 6.3904400891980355], [2.3977291340385136, 6.390801949158231], [2.398452275597387, 6.390259159217938], [2.3995369879356976, 6.3904400891980355], [2.3995369879356976, 6.3898972992577425], [2.4002601294945713, 6.389535439297547], [2.4002601294945713, 6.388630789397058], [2.3979099194282316, 6.388268929436863], [2.3979099194282316, 6.387907069476667], [2.3970059924796394, 6.387545209516472], [2.3970059924796394, 6.387183349556277], [2.3955597093618923, 6.387545209516472], [2.3955597093618923, 6.38772613949657], [2.3953789239721734, 6.387545209516472], [2.391401645398368, 6.38772613949657]]]]}, "properties": {"name": "Yénawa-Fifadji", "commune": "COTONOU", "confidence": "HIGH", "area_m2": 334800.0, "perimeter_m": 3679.8, "road_length_m": 4371.2, "n_road_vertices": 116, "avg_dist_to_road_m": 39.6, "pct_area_near_road": 97.8, "color": "#b2c93f", "neighbours": ["Fifadji", "Gbénonkpô", "Midédji", "Zogbo"], "n_neighbours": 4, "manual_review_reasons": []}}, {"type": "Feature", "geometry": {"type": "Polygon", "coordinates": [[[2.337527599262273, 6.398039148362137], [2.3377083846519913, 6.399305658222821], [2.3378891700417097, 6.399305658222821], [2.3378891700417097, 6.400391238103407], [2.338069955431428, 6.400391238103407], [2.3377083846519913, 6.401114958023798], [2.3382507408211466, 6.4012958880038955], [2.338431526210865, 6.4023814678844815], [2.3395162385491757, 6.402200537904384], [2.3398778093286126, 6.4029242578247745], [2.3406009508874863, 6.402562397864579], [2.341685663225797, 6.403105187804872], [2.342770375564107, 6.4029242578247745], [2.342770375564107, 6.402743327844677], [2.343493517122981, 6.403105187804872], [2.3436743025126994, 6.402743327844677], [2.3445782294612916, 6.402743327844677], [2.3445782294612916, 6.402562397864579], [2.344939800240729, 6.4029242578247745], [2.345662941799602, 6.4029242578247745], [2.3462052979687575, 6.4023814678844815], [2.3474707956967866, 6.4018386779441885], [2.3474707956967866, 6.401476817983992], [2.346747654137913, 6.401114958023797], [2.3458437271893207, 6.400029378143211], [2.3445782294612916, 6.399486588202918], [2.344397444071573, 6.39858193830243], [2.343855087902418, 6.398039148362137], [2.343855087902418, 6.397315428441746], [2.343131946343544, 6.396953568481551], [2.342047234005234, 6.396772638501453], [2.3415048778360785, 6.397315428441746], [2.3407817362772048, 6.397496358421844], [2.3406009508874863, 6.397858218382039], [2.3389738823800204, 6.397677288401941], [2.3389738823800204, 6.397858218382039], [2.337527599262273, 6.398039148362137]]]}, "properties": {"name": "Godomey-Togoudo", "commune": "ABOMEY-CALAVI", "confidence": "HIGH", "area_m2": 494000.0, "perimeter_m": 3999.8, "road_length_m": 3125.4, "n_road_vertices": 104, "avg_dist_to_road_m": 78.6, "pct_area_near_road": 68.3, "color": "#c93d4b", "neighbours": ["Djoukpa-Togoudo\n", "Nonhouénou\n", "Sèdomey"], "n_neighbours": 3, "manual_review_reasons": []}}, {"type": "Feature", "geometry": {"type": "Polygon", "coordinates": [[[2.3648261931097574, 6.368004771665924], [2.3653685492789127, 6.369090351546511], [2.3653685492789127, 6.370175931427096], [2.365006978499476, 6.370175931427096], [2.365006978499476, 6.370537791387292], [2.365549334668631, 6.37144244128778], [2.3648261931097574, 6.371623371267877], [2.364283836940602, 6.37216616120817], [2.364283836940602, 6.372528021168366], [2.36352089971627, 6.372528021168366], [2.3635606953817283, 6.373432671068855], [2.364826193109757, 6.373432671068855], [2.365187763889194, 6.37307081110866], [2.365910905448068, 6.37307081110866], [2.366634047006942, 6.373613601048953], [2.3668148323966602, 6.374156390989246], [2.368080330124689, 6.374337320969343], [2.368080330124689, 6.374156390989246], [2.3688034716835626, 6.374156390989246], [2.3691650424629995, 6.373613601048953], [2.369526613242437, 6.37379453102905], [2.3700689694115917, 6.373613601048953], [2.37024975480131, 6.372889881128562], [2.3707921109704655, 6.372889881128562], [2.372238394088213, 6.371985231228074], [2.3740462479853974, 6.371623371267878], [2.372961535647087, 6.369814071466901], [2.370972896360184, 6.36909035154651], [2.369707398632155, 6.367642911705729], [2.3677187593452524, 6.367281051745533], [2.367176403176097, 6.367823841685826], [2.365549334668631, 6.367642911705729], [2.3648261931097574, 6.368004771665924]]]}, "properties": {"name": "Agla-Finafa", "commune": "COTONOU", "confidence": "HIGH", "area_m2": 522620.1, "perimeter_m": 4284.2, "road_length_m": 4227.4, "n_road_vertices": 132, "avg_dist_to_road_m": 92.4, "pct_area_near_road": 67.6, "color": "#dd52c1", "neighbours": ["Adjaha-Cité", "Agla-Agongbomey", "Agla-Centre", "Hlazounto"], "n_neighbours": 4, "manual_review_reasons": []}}, {"type": "Feature", "geometry": {"type": "Polygon", "coordinates": [[[2.4550381025792594, 6.378136850551393], [2.4550381025792594, 6.379222430431979], [2.4539533902409487, 6.379403360412077], [2.4539533902409487, 6.380308010312566], [2.454495746410104, 6.380669870272762], [2.454495746410104, 6.381393590193152], [2.455761244138133, 6.381393590193152], [2.4559420295278516, 6.381936380133445], [2.457569098035317, 6.3817554501533476], [2.457569098035317, 6.3812126602130546], [2.4586538103736277, 6.3812126602130546], [2.458834595763346, 6.379946150352371], [2.459738522711939, 6.379946150352371], [2.4601000934913753, 6.380308010312566], [2.4606424496605306, 6.379765220372273], [2.4606424496605306, 6.378679640491686], [2.459738522711939, 6.378679640491686], [2.4595577373222204, 6.379041500451882], [2.459196166542783, 6.379041500451882], [2.4590153811530646, 6.378136850551393], [2.457930668814754, 6.378136850551393], [2.457930668814754, 6.376689410710612], [2.4566651710867253, 6.376689410710612], [2.4566651710867253, 6.378136850551393], [2.4550381025792594, 6.378136850551393]]]}, "properties": {"name": "Sènadé", "commune": "COTONOU", "confidence": "HIGH", "area_m2": 226800.0, "perimeter_m": 2799.9, "road_length_m": 2159.8, "n_road_vertices": 60, "avg_dist_to_road_m": 38.9, "pct_area_near_road": 99.8, "color": "#d38544", "neighbours": ["Ahouassa", "Kpondéhou-Tchèmè", "Lom-Nava", "Sènadé-Sèkon"], "n_neighbours": 4, "manual_review_reasons": []}}, {"type": "Feature", "geometry": {"type": "Polygon", "coordinates": [[[2.4617271619988417, 6.36366245214358], [2.46190794738856, 6.364386172063972], [2.462269518167997, 6.364567102044069], [2.4620887327782786, 6.364928962004264], [2.462269518167997, 6.365471751944558], [2.462450303557715, 6.36529082196446], [2.4633542305063076, 6.365471751944558], [2.4629926597268708, 6.36601454188485], [2.4629926597268708, 6.366557331825144], [2.4646197282343367, 6.366738261805241], [2.4655236551829285, 6.367281051745534], [2.465704440572647, 6.366376401845046], [2.4662467967418022, 6.366195471864948], [2.466608367521239, 6.365652681924655], [2.467150723690395, 6.365833611904753], [2.467512294469832, 6.366376401845046], [2.4680546506389867, 6.366376401845046], [2.468235436028705, 6.365833611904753], [2.4687777921978604, 6.365471751944558], [2.4687777921978604, 6.365109891984362], [2.4693201483670157, 6.364567102044069], [2.4696817191464526, 6.364567102044069], [2.469862504536171, 6.363843382123679], [2.470585646095045, 6.363843382123679], [2.470585646095045, 6.36293873222319], [2.4709472168744817, 6.362757802243093], [2.4709472168744817, 6.362034082322702], [2.4711280022642, 6.362034082322702], [2.4709472168744817, 6.357691762800357], [2.4685970068081424, 6.356244322959576], [2.468054650638987, 6.356968042879966], [2.466789152910958, 6.357510832820259], [2.465523655182929, 6.358958272661041], [2.4629926597268708, 6.359320132621236], [2.4629926597268708, 6.360043852541627], [2.4624503035577154, 6.361129432422213], [2.4628118743371523, 6.362938732223189], [2.4624503035577154, 6.362938732223189], [2.4617271619988417, 6.36366245214358]]]}, "properties": {"name": "Donaten", "commune": "COTONOU", "confidence": "HIGH", "area_m2": 804000.0, "perimeter_m": 4920.1, "road_length_m": 6154.2, "n_road_vertices": 212, "avg_dist_to_road_m": 91.4, "pct_area_near_road": 75.0, "color": "#a84ed5", "neighbours": ["Fifadji-Houto (Jak)", "Finagnon", "Nvènamèdé", "Sodjatinmè-Est", "Tanto"], "n_neighbours": 5, "manual_review_reasons": []}}, {"type": "Feature", "geometry": {"type": "Polygon", "coordinates": [[[2.229417936210645, 6.4278925950782515], [2.2292371508209268, 6.428616314998643], [2.2295987216003637, 6.429340034919034], [2.2303218631592374, 6.429882824859327], [2.2299602923798005, 6.430425614799619], [2.229056365431208, 6.430425614799619], [2.2279716530928972, 6.429340034919033], [2.22674578553451, 6.429701894879228], [2.2274292969237424, 6.432053984620499], [2.2270677261443055, 6.439110253844308], [2.228333223872334, 6.43892932386421], [2.2281524384826157, 6.438024673963721], [2.2279716530928972, 6.438024673963721], [2.2281524384826157, 6.4371200240632325], [2.227790867703179, 6.4365772341229395], [2.227790867703179, 6.43585351420255], [2.228333223872334, 6.43585351420255], [2.2288755800414894, 6.435491654242354], [2.2295987216003637, 6.436034444182647], [2.231045004718111, 6.436396304142843], [2.231768146276985, 6.437662814003526], [2.232852858615295, 6.437662814003526], [2.232852858615295, 6.437481884023429], [2.233576000174169, 6.437481884023429], [2.233576000174169, 6.436758164103038], [2.233937570953606, 6.43657723412294], [2.2341183563433242, 6.43585351420255], [2.234841497902198, 6.435129794282159], [2.2353838540713538, 6.436215374162745], [2.2359262102405086, 6.436034444182647], [2.2362877810199455, 6.435129794282159], [2.236649351799383, 6.435129794282159], [2.237191707968538, 6.436215374162745], [2.237191707968538, 6.436758164103038], [2.237372493358256, 6.436758164103038], [2.2386379910862853, 6.435672584222452], [2.2395419180348775, 6.435491654242354], [2.240265059593751, 6.434406074361768], [2.24044584498347, 6.434587004341866], [2.242072913490936, 6.434406074361768], [2.242072913490936, 6.434587004341866], [2.243519196608683, 6.434767934321964], [2.2436999819984016, 6.433863284421475], [2.24388076738812, 6.433863284421475], [2.24388076738812, 6.432958634520987], [2.244423123557276, 6.432958634520987], [2.244423123557276, 6.433139564501085], [2.244965479726431, 6.432958634520987], [2.2456886212853044, 6.433320494481182], [2.245869406675023, 6.432777704540889], [2.24623097745446, 6.432777704540889], [2.246592548233897, 6.433139564501085], [2.246592548233897, 6.434225144381671], [2.2476772605722073, 6.434225144381671], [2.248038831351644, 6.43350142446128], [2.248761972910518, 6.433139564501085], [2.248761972910518, 6.432415844580694], [2.249123543689955, 6.432234914600596], [2.249123543689955, 6.4318730546404], [2.248400402131081, 6.431511194680205], [2.248761972910518, 6.43114933472001], [2.248761972910518, 6.4306065447797165], [2.2478580459619257, 6.430425614799619], [2.2482196167413626, 6.428073525058349], [2.247134904403052, 6.4278925950782515], [2.2469541190133335, 6.427168875157861], [2.246411762844178, 6.426987945177763], [2.2462309774544598, 6.425902365297177], [2.2456886212853044, 6.425902365297177], [2.2456886212853044, 6.425359575356885], [2.2462309774544598, 6.424816785416592], [2.2462309774544598, 6.424454925456397], [2.246773333623615, 6.424273995476299], [2.246773333623615, 6.423007485615615], [2.2473156897927704, 6.42264562565542], [2.247134904403052, 6.422102835715127], [2.247496475182489, 6.421379115794736], [2.247496475182489, 6.42101725583454], [2.2462309774544598, 6.420655395874345], [2.2462309774544598, 6.42029353591415], [2.2465925482338966, 6.420112605934053], [2.2465925482338966, 6.418846096073368], [2.2462309774544598, 6.4186651660932705], [2.246411762844178, 6.417217726252489], [2.2458694066750233, 6.417217726252489], [2.2453270505058676, 6.4175795862126845], [2.2447846943367122, 6.41558935643161], [2.2438807673881205, 6.4154084264515125], [2.2438807673881205, 6.4159512163918055], [2.2433384112189647, 6.41558935643161], [2.2424344842703725, 6.415770286411708], [2.242253698880654, 6.4148656365112195], [2.241349771932062, 6.414684706531122], [2.2411689865423434, 6.414141916590829], [2.240807415762907, 6.414503776551024], [2.2404458449834697, 6.414503776551024], [2.240265059593751, 6.414141916590829], [2.2395419180348775, 6.414141916590829], [2.239361132645159, 6.413056336710243], [2.238818776476004, 6.413056336710243], [2.238818776476004, 6.413599126650536], [2.2384572056965673, 6.413960986610732], [2.238818776476004, 6.413960986610732], [2.2389995618657226, 6.414322846570927], [2.239541918034878, 6.414322846570927], [2.2393611326451595, 6.415046566491317], [2.238999561865722, 6.415046566491317], [2.2388187764760037, 6.414684706531122], [2.2382764203068484, 6.414684706531122], [2.23809563491713, 6.4143228465709266], [2.2370109225788197, 6.4143228465709266], [2.2370109225788197, 6.415046566491318], [2.237191707968538, 6.415046566491318], [2.2370109225788197, 6.41558935643161], [2.235926210240509, 6.41558935643161], [2.2357454248507906, 6.4159512163918055], [2.235022283291917, 6.416132146371903], [2.2352030686816353, 6.417760516192782], [2.2339375709536062, 6.41794144617288], [2.233756785563888, 6.419388886013661], [2.2332144293947325, 6.419931675953954], [2.2332144293947325, 6.420474465894248], [2.2339375709536062, 6.421198185814638], [2.2332144293947325, 6.4213791157947355], [2.2328528586152956, 6.422283765695224], [2.232129717056422, 6.422283765695224], [2.2319489316667034, 6.4224646956753215], [2.232129717056422, 6.4230074856156145], [2.231406575497548, 6.42336934557581], [2.2319489316667034, 6.423912135516104], [2.232129717056422, 6.424816785416591], [2.231768146276985, 6.4251786453767865], [2.231045004718111, 6.4251786453767865], [2.2308642193283927, 6.425540505336982], [2.2306834339386743, 6.426807015197666], [2.2312257901078296, 6.4273498051379585], [2.230141077769519, 6.428073525058349], [2.229417936210645, 6.4278925950782515]]]}, "properties": {"name": "Hounzévié\n", "commune": "ABOMEY-CALAVI", "confidence": "HIGH", "area_m2": 4004098.8, "perimeter_m": 15064.9, "road_length_m": 38312.0, "n_road_vertices": 1854, "avg_dist_to_road_m": 37.9, "pct_area_near_road": 97.2, "color": "#cf9b48", "neighbours": ["Adovié", "Akossavié", "Houinmè", "Houinmè-Daho", "Hêvié"], "n_neighbours": 5, "manual_review_reasons": []}}, {"type": "Feature", "geometry": {"type": "Polygon", "coordinates": [[[2.3277651882174766, 6.558343110728669], [2.3270420466586033, 6.559428690609255], [2.3263189050997295, 6.559247760629157], [2.326499690489448, 6.561780780350524], [2.3259573343202926, 6.56214264031072], [2.325234192761419, 6.56214264031072], [2.325234192761419, 6.562685430251013], [2.3250534073717004, 6.562685430251013], [2.3250534073717004, 6.563409150171404], [2.3254149781511373, 6.563590080151502], [2.325234192761419, 6.564494730051989], [2.323607124253953, 6.563951940111696], [2.323245553474516, 6.564313800071892], [2.3214376995773316, 6.564494730051989], [2.321256914187613, 6.564856590012185], [2.321256914187613, 6.565942169892772], [2.3217992703567685, 6.565942169892772], [2.3217992703567685, 6.566123099872869], [2.323245553474516, 6.565942169892772], [2.3239686950333898, 6.566304029852967], [2.324149480423108, 6.566665889813162], [2.3246918365922635, 6.566665889813162], [2.325776548930574, 6.567389609733553], [2.325776548930574, 6.568656119594236], [2.324872621981982, 6.569379839514626], [2.3246918365922635, 6.570103559435017], [2.3239686950333898, 6.57064634937531], [2.3239686950333898, 6.571008209335506], [2.3246918365922635, 6.571731929255897], [2.3243302658128266, 6.572274719196189], [2.3246918365922635, 6.573722159036971], [2.3254149781511373, 6.573722159036971], [2.325776548930574, 6.5740840189971665], [2.3274036174380397, 6.574445878957362], [2.327584402827758, 6.5740840189971665], [2.327945973607195, 6.5740840189971665], [2.328307544386632, 6.5735412290568735], [2.3290306859455057, 6.573179369096678], [2.3295730421146614, 6.573179369096678], [2.330296183673535, 6.573903089017069], [2.3317424667912823, 6.5735412290568735], [2.332104037570719, 6.573179369096678], [2.3331887499090302, 6.573360299076776], [2.3331887499090302, 6.5735412290568735], [2.3353581745856515, 6.5740840189971665], [2.335177389195933, 6.575169598877752], [2.3349966038062147, 6.575169598877752], [2.3349966038062147, 6.575893318798143], [2.3353581745856515, 6.576617038718534], [2.3368044577033986, 6.576617038718534], [2.3371660284828355, 6.5762551787583385], [2.337708384651991, 6.5762551787583385], [2.338612311600583, 6.57535052885785], [2.338612311600583, 6.574807738917557], [2.3400585947183306, 6.5735412290568735], [2.341504877836078, 6.573722159036971], [2.3416856632257965, 6.572817509136483], [2.341866448615515, 6.572817509136483], [2.341866448615515, 6.571912859235994], [2.341504877836078, 6.571370069295701], [2.3416856632257965, 6.57064634937531], [2.3407817362772043, 6.569922629454919], [2.340600950887486, 6.569017979554431], [2.339877809328612, 6.56829425963404], [2.339877809328612, 6.567751469693748], [2.340239380108049, 6.567389609733553], [2.340239380108049, 6.566123099872869], [2.340600950887486, 6.565761239912674], [2.3413240924463596, 6.565761239912674], [2.341866448615515, 6.565399379952479], [2.342770375564107, 6.565399379952479], [2.342770375564107, 6.565218449972381], [2.343855087902418, 6.565218449972381], [2.3445782294612916, 6.564856590012186], [2.3449398002407285, 6.563951940111697], [2.345482156409884, 6.563590080151502], [2.34475901485101, 6.56286636023111], [2.34475901485101, 6.562504500270915], [2.3442166586818547, 6.562323570290817], [2.3440358732921363, 6.561961710330622], [2.3434935171229814, 6.561961710330622], [2.3422280193949523, 6.562685430251013], [2.3395162385491757, 6.56286636023111], [2.3395162385491757, 6.563409150171403], [2.338793096990302, 6.563951940111696], [2.337708384651991, 6.563771010131599], [2.337708384651991, 6.563590080151501], [2.3368044577033986, 6.563771010131599], [2.33662367231368, 6.563590080151501], [2.3368044577033986, 6.561418920390329], [2.3364428869239617, 6.561057060430134], [2.33662367231368, 6.55979055056945], [2.3362621015342433, 6.559609620589352], [2.3359005307548064, 6.558885900668962], [2.33553895997537, 6.558885900668962], [2.3353581745856515, 6.559247760629157], [2.3333695352987482, 6.558885900668962], [2.3333695352987482, 6.558343110728669], [2.3330079645193114, 6.558343110728669], [2.3319232521810007, 6.557257530848083], [2.3312001106221274, 6.557981250768473], [2.3299346128940983, 6.558524040708766], [2.32975382750438, 6.558885900668962], [2.329573042114661, 6.558704970688864], [2.328307544386632, 6.558885900668962], [2.3277651882174766, 6.558343110728669]]]}, "properties": {"name": "Lohoussa", "commune": "ABOMEY-CALAVI", "confidence": "HIGH", "area_m2": 2976000.0, "perimeter_m": 12279.6, "road_length_m": 15069.1, "n_road_vertices": 770, "avg_dist_to_road_m": 66.8, "pct_area_near_road": 79.1, "color": "#de4cde", "neighbours": ["Adjogansa", "Agonmé", "Agonsoudja", "Azonsa", "Golo-Fanto", "Yèkon-Do"], "n_neighbours": 6, "manual_review_reasons": []}}, {"type": "Feature", "geometry": {"type": "MultiPolygon", "coordinates": [[[[2.439309773673755, 6.364748032024166], [2.439309773673755, 6.365290821964459], [2.438405846725163, 6.366919191785338], [2.4378634905560075, 6.368909421566413], [2.438405846725163, 6.368909421566413], [2.438948202894318, 6.369452211506706], [2.4398521298429103, 6.369452211506706], [2.4398521298429103, 6.369633141486804], [2.4409368421812205, 6.369633141486804], [2.4409368421812205, 6.369271281526609], [2.4416599837400947, 6.369271281526609], [2.44220233990925, 6.369633141486804], [2.4434678376372787, 6.369452211506706], [2.443648623026997, 6.368547561606218], [2.4445525499755894, 6.367461981725631], [2.4438294084167156, 6.36673826180524], [2.4434678376372787, 6.36673826180524], [2.4429254814681234, 6.36601454188485], [2.4412984129606574, 6.36601454188485], [2.4412984129606574, 6.365652681924654], [2.439309773673755, 6.364748032024166]]], [[[2.4385866321148812, 6.365833611904752], [2.4387674175045992, 6.366014541884851], [2.4387674175045992, 6.365833611904752], [2.4385866321148812, 6.365833611904752]]], [[[2.438586632114881, 6.36601454188485], [2.438405846725163, 6.366376401845046], [2.438586632114881, 6.366376401845046], [2.438586632114881, 6.36601454188485]]], [[[2.4382250613354444, 6.366919191785339], [2.4384058467251624, 6.366557331825143], [2.4382250613354444, 6.366557331825143], [2.4382250613354444, 6.366919191785339]]], [[[2.438044275945726, 6.367281051745534], [2.438225061335444, 6.366919191785338], [2.438044275945726, 6.366919191785338], [2.438044275945726, 6.367281051745534]]], [[[2.4378634905560075, 6.367823841685827], [2.4380442759457255, 6.367461981725631], [2.4378634905560075, 6.367461981725631], [2.4378634905560075, 6.367823841685827]]]]}, "properties": {"name": "Dédokpo", "commune": "COTONOU", "confidence": "HIGH", "area_m2": 254000.0, "perimeter_m": 3199.9, "road_length_m": 2107.6, "n_road_vertices": 52, "avg_dist_to_road_m": 58.2, "pct_area_near_road": 86.6, "color": "#cf4d46", "neighbours": ["Abokicodji-Lagune", "Bocossi-Tokpa", "Gbèdjèwin", "Gbénonkpô", "Missèbô", "Misséssin"], "n_neighbours": 6, "manual_review_reasons": []}}, {"type": "Feature", "geometry": {"type": "MultiPolygon", "coordinates": [[[[2.3731423210368052, 6.354254093178501], [2.3727807502573683, 6.353530373258111], [2.3709728963601844, 6.353711303238208], [2.370430540191029, 6.354615953138697], [2.3698881840218737, 6.354615953138697], [2.3697073986321553, 6.355339673059087], [2.3693458278527184, 6.355339673059087], [2.3693458278527184, 6.35588246299938], [2.3689842570732815, 6.35588246299938], [2.368803471683563, 6.356244322959576], [2.367357188565815, 6.356244322959576], [2.3671764031760967, 6.355701533019283], [2.3662724762275045, 6.355520603039185], [2.3662724762275045, 6.355339673059087], [2.3657301200583496, 6.355339673059087], [2.3653685492789127, 6.356063392979478], [2.364645407720039, 6.35588246299938], [2.365006978499476, 6.357148972860064], [2.364645407720039, 6.357148972860064], [2.3644646223303205, 6.357510832820259], [2.3644646223303205, 6.358234552740651], [2.365006978499476, 6.358415482720749], [2.3651877638891943, 6.358958272661042], [2.3669956177863782, 6.358958272661042], [2.3669956177863782, 6.358777342680944], [2.370430540191029, 6.358958272661042], [2.370430540191029, 6.359139202641139], [2.370611325580747, 6.358958272661042], [2.370792110970466, 6.359139202641139], [2.3735038918162426, 6.358958272661042], [2.373684677205961, 6.359320132621237], [2.376215672662019, 6.359139202641139], [2.376215672662019, 6.359501062601335], [2.3767580288311745, 6.359501062601335], [2.3767580288311745, 6.359681992581432], [2.3776619557797667, 6.359501062601335], [2.3780235265592036, 6.35986292256153], [2.3785658827283584, 6.35986292256153], [2.378746668118077, 6.359320132621237], [2.379289024287232, 6.359320132621237], [2.379289024287232, 6.358415482720748], [2.3789274535077953, 6.357691762800357], [2.37838509733864, 6.357510832820259], [2.37838509733864, 6.356968042879966], [2.378023526559203, 6.356606182919771], [2.378023526559203, 6.355520603039185], [2.377481170390048, 6.355520603039185], [2.3778427411694847, 6.3544350231586], [2.3789274535077953, 6.353349443278014], [2.3789274535077953, 6.35280665333772], [2.3785658827283584, 6.352444793377525], [2.3771195996106114, 6.352263863397427], [2.3763964580517376, 6.353349443278013], [2.37495017493399, 6.353530373258111], [2.37495017493399, 6.354254093178501], [2.374046247985398, 6.354254093178501], [2.374046247985398, 6.354435023158599], [2.3731423210368052, 6.354254093178501]]], [[[2.368803471683563, 6.359320132621237], [2.3691650424629995, 6.359139202641138], [2.368803471683563, 6.359139202641138], [2.368803471683563, 6.359320132621237]]], [[[2.3725999648676503, 6.359501062601335], [2.3727807502573683, 6.359320132621236], [2.3725999648676503, 6.359320132621236], [2.3725999648676503, 6.359501062601335]]]]}, "properties": {"name": "Fidjrossè-Centre", "commune": "COTONOU", "confidence": "HIGH", "area_m2": 794000.0, "perimeter_m": 6279.5, "road_length_m": 8992.6, "n_road_vertices": 296, "avg_dist_to_road_m": 43.5, "pct_area_near_road": 93.1, "color": "#d77c47", "neighbours": ["Adjaha-Cité", "Aïbatin-Dodo", "Fidjrossè-Kpota", "Fiyégnon-Jacquot"], "n_neighbours": 4, "manual_review_reasons": []}}, {"type": "Feature", "geometry": {"type": "Polygon", "coordinates": [[[2.366634047006942, 6.387002419576179], [2.3660916908377865, 6.387002419576179], [2.366272476227505, 6.388630789397058], [2.365910905448068, 6.3888117193771565], [2.366272476227505, 6.389535439297546], [2.3657301200583496, 6.389716369277644], [2.3657301200583496, 6.390440089198035], [2.365549334668631, 6.390440089198035], [2.365549334668631, 6.390801949158231], [2.3660916908377865, 6.391344739098524], [2.365910905448068, 6.391706599058718], [2.3660916908377865, 6.391887529038817], [2.365910905448068, 6.394420548760184], [2.3660916908377865, 6.394601478740281], [2.3653685492789127, 6.395144268680574], [2.3651877638891943, 6.397134498461648], [2.364645407720039, 6.397858218382039], [2.364645407720039, 6.398401008322332], [2.363922266161165, 6.399848448163113], [2.364852427294396, 6.408909796173694], [2.3744078187648343, 6.40771693700972], [2.374227033375116, 6.402743327844677], [2.3744078187648343, 6.402743327844677], [2.374769389544271, 6.399305658222821], [2.3749501749339896, 6.399305658222821], [2.375492531103145, 6.397134498461649], [2.3756733164928634, 6.397134498461649], [2.3756733164928634, 6.3964107785412585], [2.3769388142208925, 6.395144268680575], [2.3769388142208925, 6.394420548760183], [2.3765772434414556, 6.394058688799988], [2.375854101882582, 6.394058688799988], [2.375492531103145, 6.393334968879597], [2.375130960323708, 6.3931540388995], [2.375492531103145, 6.39243031897911], [2.375492531103145, 6.392068459018914], [2.375130960323708, 6.391887529038817], [2.3756733164928634, 6.391163809118426], [2.3756733164928634, 6.389716369277644], [2.375130960323708, 6.389354509317449], [2.3749501749339896, 6.388268929436863], [2.3744078187648343, 6.387907069476667], [2.3744078187648343, 6.387545209516472], [2.3738654625956794, 6.387545209516472], [2.3735038918162426, 6.388268929436863], [2.3731423210368052, 6.388268929436863], [2.3727807502573683, 6.387364279536374], [2.3711536817499024, 6.387002419576179], [2.3711536817499024, 6.386097769675691], [2.3689842570732815, 6.386640559615984], [2.3689842570732815, 6.386821489596081], [2.367537973955534, 6.386640559615984], [2.367537973955534, 6.386821489596081], [2.366634047006942, 6.386821489596081], [2.366634047006942, 6.387002419576179]]]}, "properties": {"name": "Mènontin", "commune": "COTONOU", "confidence": "MANUAL_REVIEW", "area_m2": 2599147.1, "perimeter_m": 8529.1, "road_length_m": 13480.9, "n_road_vertices": 430, "avg_dist_to_road_m": 624.0, "pct_area_near_road": 34.7, "color": "#93d64b", "neighbours": ["Agla-Les-Pylônes", "Agla-Petit-Château", "Kindonou", "Zogbohouè"], "n_neighbours": 4, "manual_review_reasons": ["avg distance to owned road 624 m"]}}, {"type": "Feature", "geometry": {"type": "Polygon", "coordinates": [[[2.4181578830766974, 6.3775940606111], [2.4177963122972606, 6.378136850551393], [2.416350029179513, 6.377955920571296], [2.415988458400076, 6.378317780531491], [2.4161692437897946, 6.37849871051159], [2.415988458400076, 6.380127080332469], [2.417615526907542, 6.380850800252859], [2.417615526907542, 6.3812126602130546], [2.418338668466416, 6.381936380133445], [2.419242595415008, 6.3822982400936406], [2.420508093143037, 6.383564749954324], [2.421412020091629, 6.383745679934422], [2.421412020091629, 6.381936380133445], [2.4224967324299396, 6.381393590193152], [2.4224967324299396, 6.380850800252859], [2.423039088599095, 6.379946150352371], [2.423039088599095, 6.379222430431979], [2.4224967324299396, 6.378679640491686], [2.421412020091629, 6.378679640491686], [2.4208696639224736, 6.378136850551393], [2.4205080931430367, 6.378136850551393], [2.4208696639224736, 6.376689410710612], [2.418881024635571, 6.37687034069071], [2.418881024635571, 6.377232200650905], [2.4181578830766974, 6.3775940606111]]]}, "properties": {"name": "Gbèdjromèdè", "commune": "COTONOU", "confidence": "HIGH", "area_m2": 338000.0, "perimeter_m": 3280.0, "road_length_m": 2878.0, "n_road_vertices": 70, "avg_dist_to_road_m": 49.2, "pct_area_near_road": 97.2, "color": "#4ed9d7", "neighbours": ["Ahouansouri-Agata", "Aïdjèdo", "Aïdjèdo-Ahito", "Fignon-Sikê", "Gbèdjromèdè-Nord", "Missité-Sikê"], "n_neighbours": 6, "manual_review_reasons": []}}, {"type": "Feature", "geometry": {"type": "Polygon", "coordinates": [[[2.3530751427780587, 6.471858580241984], [2.3525327866089034, 6.472401370182277], [2.3525327866089034, 6.473848810023059], [2.3514480742705928, 6.474029740003156], [2.3514480742705928, 6.475115319883742], [2.3505441473220006, 6.474753459923547], [2.3505441473220006, 6.47529624986384], [2.3501825765425637, 6.47529624986384], [2.3500017911528452, 6.475839039804133], [2.34945943498369, 6.475839039804133], [2.34945943498369, 6.476562759724524], [2.3485555080350977, 6.476562759724524], [2.3485555080350977, 6.477286479644914], [2.347832366476224, 6.477467409625012], [2.3480131518659424, 6.4776483396051106], [2.347832366476224, 6.4783720595255], [2.34710922491735, 6.478191129545403], [2.3469284395276317, 6.481809729147357], [2.3480131518659424, 6.481809729147357], [2.3480131518659424, 6.483257168988138], [2.349097864204253, 6.483257168988138], [2.3489170788145346, 6.483799958928431], [2.349821005763127, 6.483980888908529], [2.3496402203734084, 6.485066468789115], [2.351086503491156, 6.485066468789115], [2.351086503491156, 6.486152048669701], [2.3518096450500297, 6.486152048669701], [2.3518096450500297, 6.4868757685900915], [2.352352001219185, 6.4868757685900915], [2.352352001219185, 6.487599488510482], [2.3534367135574956, 6.487599488510482], [2.353255928167777, 6.4890469283512635], [2.354340640506088, 6.4890469283512635], [2.354340640506088, 6.489770648271654], [2.3550637820649616, 6.489770648271654], [2.3554253528443985, 6.4901325082318495], [2.355606138234117, 6.491037158132338], [2.356148494403272, 6.491037158132338], [2.3565100651827087, 6.4906752981721425], [2.3565100651827087, 6.489951578251752], [2.3575947775210193, 6.489951578251752], [2.3577755629107378, 6.488865998371166], [2.3588602752490484, 6.489408788311459], [2.3594026314182037, 6.4890469283512635], [2.3594026314182037, 6.488685068391068], [2.3595834168079226, 6.488865998371166], [2.359944987587359, 6.488685068391068], [2.359944987587359, 6.488323208430872], [2.359583416807922, 6.488142278450775], [2.360306558366796, 6.48778041849058], [2.360306558366796, 6.486694838609994], [2.3608489145359512, 6.486694838609994], [2.3610296999256697, 6.4863329786497985], [2.3613912707051066, 6.4863329786497985], [2.3613912707051066, 6.485609258729407], [2.361210485315388, 6.485609258729407], [2.3613912707051066, 6.4847046088289195], [2.3622951976536988, 6.48542832874931], [2.362837553822854, 6.483980888908529], [2.3639222661611647, 6.4841618188886265], [2.364103051550883, 6.4836190289483335], [2.364826193109757, 6.4830762390080405], [2.364826193109757, 6.482714379047845], [2.365730120058349, 6.481809729147357], [2.3669956177863782, 6.481266939207064], [2.3675379739555336, 6.480543219286673], [2.3678995447349704, 6.480543219286673], [2.3684419009041258, 6.4798194993662825], [2.3688034716835626, 6.4798194993662825], [2.3691650424629995, 6.4792767094259895], [2.3695266132424364, 6.4792767094259895], [2.3700689694115917, 6.478552989505599], [2.3704305401910286, 6.478552989505599], [2.370972896360184, 6.477829269585208], [2.371334467139621, 6.477829269585208], [2.3716960379190577, 6.477286479644915], [2.3724191794779315, 6.47692461968472], [2.3724191794779315, 6.476743689704621], [2.3704305401910286, 6.476743689704621], [2.3704305401910286, 6.476562759724524], [2.3637414807714463, 6.476019969784231], [2.3637414807714463, 6.475839039804133], [2.3626567684331357, 6.475658109824035], [2.3617528414845435, 6.475115319883742], [2.3597642021976406, 6.475477179843938], [2.3597642021976406, 6.474572529943449], [2.3594026314182037, 6.474391599963352], [2.3575947775210193, 6.474572529943449], [2.3575947775210193, 6.473667880042961], [2.3568716359621456, 6.473667880042961], [2.3563292797929902, 6.472582300162375], [2.3556061382341165, 6.47222044020218], [2.353798284336932, 6.47222044020218], [2.3530751427780587, 6.471858580241984]], [[2.3615720560948255, 6.484523678848821], [2.361210485315388, 6.484342748868723], [2.361210485315388, 6.483799958928431], [2.3615720560948255, 6.483799958928431], [2.3615720560948255, 6.484523678848821]]]}, "properties": {"name": "Zopah-Kokpo", "commune": "ABOMEY-CALAVI", "confidence": "MEDIUM", "area_m2": 2908400.0, "perimeter_m": 11079.6, "road_length_m": 28437.9, "n_road_vertices": 846, "avg_dist_to_road_m": 106.6, "pct_area_near_road": 82.6, "color": "#dada4a", "neighbours": ["Cité-les-Palmiers\n", "Fandji\n", "Gbodjo", "Houèkè-Gbo", "Houèkè-Honou", "Zopah-Akassato"], "n_neighbours": 6, "manual_review_reasons": []}}, {"type": "Feature", "geometry": {"type": "Polygon", "coordinates": [[[2.452507107123201, 6.388811719377156], [2.451964750954046, 6.389716369277644], [2.4517839655643274, 6.39243031897911], [2.451964750954046, 6.39243031897911], [2.451964750954046, 6.392973108919403], [2.452507107123201, 6.393334968879597], [2.4517839655643274, 6.394058688799988], [2.4517839655643274, 6.394420548760184], [2.4521455363437643, 6.394601478740282], [2.452507107123201, 6.3953251986606725], [2.452507107123201, 6.397990855704625], [2.459196166542783, 6.39728131459002], [2.458834595763346, 6.395687058620867], [2.458292239594191, 6.394782408720379], [2.4581114542044724, 6.3931540388995], [2.457569098035317, 6.392611248959207], [2.4577498834250355, 6.3920684590189145], [2.4586538103736277, 6.391887529038817], [2.4584730249839093, 6.39080194915823], [2.458292239594191, 6.390621019178132], [2.45720752725588, 6.39080194915823], [2.45720752725588, 6.390259159217937], [2.456484385697007, 6.390259159217937], [2.456484385697007, 6.390440089198035], [2.455942029527851, 6.390259159217937], [2.455399673358696, 6.389716369277644], [2.4552188879689774, 6.388811719377156], [2.452507107123201, 6.388811719377156]]]}, "properties": {"name": "Gankpodo", "commune": "COTONOU", "confidence": "MEDIUM", "area_m2": 616664.5, "perimeter_m": 4111.4, "road_length_m": 5733.7, "n_road_vertices": 114, "avg_dist_to_road_m": 112.7, "pct_area_near_road": 61.5, "color": "#43d4ca", "neighbours": ["Djédjé-Layé", "Kpondéhou", "Minontchou"], "n_neighbours": 3, "manual_review_reasons": []}}, {"type": "Feature", "geometry": {"type": "Polygon", "coordinates": [[[2.407491545083309, 6.394058688799988], [2.406768403524435, 6.392430318979109], [2.4062260473552803, 6.392430318979109], [2.405683691186125, 6.392973108919402], [2.4055029057964066, 6.39387775881989], [2.4038758372889406, 6.395144268680574], [2.4038758372889406, 6.395687058620867], [2.4035142665095037, 6.396048918581062], [2.402067983391756, 6.39622984856116], [2.4018871980020378, 6.396772638501453], [2.4013448418328824, 6.396953568481551], [2.4013448418328824, 6.3985819383024305], [2.402067983391756, 6.398762868282528], [2.403152695730067, 6.4002103081233095], [2.403695051899222, 6.4007530980636025], [2.404056622678659, 6.4007530980636025], [2.4055029057964066, 6.403828907725263], [2.4134574629440175, 6.402841147572141], [2.412915106774862, 6.402200537904383], [2.4125535359954253, 6.401114958023797], [2.4121919652159884, 6.400934028043699], [2.4118303944365516, 6.399848448163113], [2.4114688236571147, 6.399667518183016], [2.4112880382673962, 6.398943798262625], [2.4109264674879594, 6.398762868282527], [2.4105648967085225, 6.397677288401941], [2.4102033259290856, 6.397496358421844], [2.4098417551496487, 6.396410778541258], [2.409480184370212, 6.39622984856116], [2.409118613590775, 6.395506128640769], [2.4080339012524643, 6.394963338700476], [2.4082146866421827, 6.394058688799988], [2.407491545083309, 6.394058688799988]]]}, "properties": {"name": "Vossa-Kpodji", "commune": "COTONOU", "confidence": "MANUAL_REVIEW", "area_m2": 894327.3, "perimeter_m": 5186.2, "road_length_m": 1357.8, "n_road_vertices": 48, "avg_dist_to_road_m": 345.6, "pct_area_near_road": 23.0, "color": "#d53da7", "neighbours": ["Fifadji", "Vossa"], "n_neighbours": 2, "manual_review_reasons": ["avg distance to owned road 346 m"]}}, {"type": "Feature", "geometry": {"type": "MultiPolygon", "coordinates": [[[[2.4521455363437643, 6.347559683914888], [2.4521455363437643, 6.350273633616353], [2.451964750954046, 6.350273633616353], [2.4517839655643274, 6.352082933417329], [2.451603180174609, 6.352082933417329], [2.451241609395172, 6.353711303238208], [2.4510608240054537, 6.353711303238208], [2.4510608240054537, 6.354254093178501], [2.450699253226017, 6.354615953138697], [2.4505184678362983, 6.355520603039185], [2.4494337554979877, 6.356063392979478], [2.4497953262774246, 6.356425252939674], [2.4497953262774246, 6.357148972860064], [2.4488913993288324, 6.357510832820259], [2.449072184718551, 6.358958272661041], [2.44798747238024, 6.359139202641138], [2.4478066869905217, 6.359681992581431], [2.447445116211085, 6.359862922561529], [2.447445116211085, 6.360405712501823], [2.4488913993288324, 6.360405712501823], [2.4494337554979877, 6.360948502442116], [2.4505184678362983, 6.360767572462018], [2.4508800386157352, 6.360948502442116], [2.4510608240054537, 6.362034082322702], [2.4521455363437643, 6.362034082322702], [2.451964750954046, 6.362576872262994], [2.451603180174609, 6.362757802243092], [2.4514223947848905, 6.364748032024167], [2.4539533902409487, 6.364928962004265], [2.454495746410104, 6.36529082196446], [2.4552188879689774, 6.36529082196446], [2.4555804587484142, 6.364567102044069], [2.455399673358696, 6.363843382123678], [2.455038102579259, 6.363843382123678], [2.4548573171895405, 6.363481522163482], [2.45377260485123, 6.36366245214358], [2.453411034071793, 6.363119662203288], [2.4541341756306667, 6.362576872262995], [2.455038102579259, 6.36293873222319], [2.4555804587484142, 6.362576872262995], [2.4555804587484142, 6.362034082322702], [2.455942029527851, 6.362034082322702], [2.455942029527851, 6.360948502442116], [2.4564843856970064, 6.360948502442116], [2.4561228149175696, 6.358777342680944], [2.4573883126455986, 6.357691762800358], [2.4577498834250355, 6.356425252939674], [2.458292239594191, 6.356244322959577], [2.4584730249839093, 6.354254093178501], [2.4572075272558807, 6.354435023158599], [2.4572075272558807, 6.354615953138697], [2.4557612441381327, 6.354615953138697], [2.4557612441381327, 6.348325837483219], [2.4521455363437643, 6.347559683914888]]], [[[2.4586538103736277, 6.354254093178502], [2.4584730249839097, 6.354073163198404], [2.4584730249839097, 6.354254093178502], [2.4586538103736277, 6.354254093178502]]]]}, "properties": {"name": "Énagnon", "commune": "COTONOU", "confidence": "MEDIUM", "area_m2": 1138736.8, "perimeter_m": 7519.4, "road_length_m": 8681.8, "n_road_vertices": 266, "avg_dist_to_road_m": 153.9, "pct_area_near_road": 69.1, "color": "#68cf45", "neighbours": ["Akpakpa-Dodomè", "Fifadji-Houto (Jak)", "Ohé", "Sodjatinmè-Centre"], "n_neighbours": 4, "manual_review_reasons": []}}, {"type": "Feature", "geometry": {"type": "Polygon", "coordinates": [[[2.356510065182709, 6.693678735841723], [2.355606138234117, 6.694583385742211], [2.355606138234117, 6.694945245702407], [2.353617498947214, 6.6954880356427], [2.3534367135574956, 6.695815442239312], [2.360483, 6.698192999999575], [2.3639222661611647, 6.6974350960111035], [2.3626567684331357, 6.691326646100453], [2.361752841484544, 6.691869436040746], [2.3590410606387673, 6.692412225981039], [2.356510065182709, 6.693678735841723]]]}, "properties": {"name": "Ahowégodo", "commune": "ABOMEY-CALAVI", "confidence": "MEDIUM", "area_m2": 493795.5, "perimeter_m": 3695.2, "road_length_m": 1965.1, "n_road_vertices": 70, "avg_dist_to_road_m": 157.9, "pct_area_near_road": 31.5, "color": "#d79147", "neighbours": ["Anagbo", "Djigbo", "Kpanroun"], "n_neighbours": 3, "manual_review_reasons": []}}, {"type": "Feature", "geometry": {"type": "Polygon", "coordinates": [[[2.2248983014676837, 6.450689772570557], [2.2230904475705, 6.455860861616323], [2.223994374519092, 6.457733490956018], [2.226886940754587, 6.461183711416223], [2.227248511534024, 6.462269291296809], [2.227248511534024, 6.463897661117687], [2.2229096621807813, 6.471544376455067], [2.223632803739655, 6.478812195129642], [2.2274292969237424, 6.4852473987692125], [2.228948466913655, 6.4895897182915565], [2.2305026485489554, 6.489408788311459], [2.2314065754975476, 6.4885041384109705], [2.2317681462769845, 6.4885041384109705], [2.2321297170564214, 6.4879613484706775], [2.2324912878358583, 6.4879613484706775], [2.232852858615295, 6.4874185585303845], [2.233214429394732, 6.4874185585303845], [2.233576000174169, 6.4868757685900915], [2.233937570953606, 6.4868757685900915], [2.233576000174169, 6.486332978649798], [2.233576000174169, 6.483799958928431], [2.2341183563433242, 6.483799958928431], [2.2341183563433242, 6.4836190289483335], [2.2357454248507906, 6.483799958928431], [2.2364685664096644, 6.4841618188886265], [2.2370109225788197, 6.484885538809017], [2.2373724933582566, 6.484885538809017], [2.2373724933582566, 6.4852473987692125], [2.2377340641376935, 6.4852473987692125], [2.2384572056965673, 6.486152048669701], [2.238818776476004, 6.486152048669701], [2.239541918034878, 6.487056698570189], [2.2420729134909356, 6.48778041849058], [2.2427960550498094, 6.487056698570189], [2.2427960550498094, 6.486513908629896], [2.243519196608683, 6.48542832874931], [2.243519196608683, 6.48379995892843], [2.2433384112189647, 6.48379995892843], [2.242976840439528, 6.482171589107551], [2.2427960550498094, 6.482171589107551], [2.2427960550498094, 6.481628799167258], [2.240265059593751, 6.481809729147356], [2.2391803472554406, 6.481086009226965], [2.2382764203068484, 6.478191129545403], [2.23809563491713, 6.478191129545403], [2.2379148495274115, 6.476924619684719], [2.2375532787479746, 6.476562759724524], [2.2375532787479746, 6.4760199697842316], [2.23809563491713, 6.475115319883743], [2.2382764203068484, 6.474029740003157], [2.2388187764760037, 6.473306020082767], [2.2388187764760037, 6.472763230142474], [2.2391803472554406, 6.472039510222083], [2.2395419180348775, 6.471858580241985], [2.2411689865423434, 6.468601840600227], [2.241349771932062, 6.467516260719641], [2.2420729134909356, 6.466973470779348], [2.241892128101217, 6.466249750858957], [2.2415305573217807, 6.466249750858957], [2.2413497719320623, 6.466611610819152], [2.240807415762907, 6.466430680839054], [2.24044584498347, 6.46679254079925], [2.239722703424596, 6.46679254079925], [2.239722703424596, 6.466430680839055], [2.240626630373188, 6.465526030938567], [2.2411689865423434, 6.465345100958469], [2.2415305573217803, 6.464621381038079], [2.2420729134909356, 6.464440451057981], [2.242253698880654, 6.463535801157492], [2.240988201152625, 6.463897661117687], [2.2404458449834697, 6.463354871177394], [2.2402650595937517, 6.463535801157492], [2.2386379910862853, 6.463354871177394], [2.2386379910862853, 6.461907431336614], [2.2388187764760037, 6.461907431336614], [2.2388187764760037, 6.461183711416223], [2.2391803472554406, 6.461002781436125], [2.2391803472554406, 6.460098131535636], [2.2386379910862853, 6.459917201555538], [2.2382764203068484, 6.459374411615245], [2.236830137189101, 6.459555341595343], [2.236106995630227, 6.459193481635148], [2.2362877810199455, 6.45756511181427], [2.2370109225788193, 6.456841391893879], [2.2370109225788193, 6.455755812013292], [2.23574542485079, 6.455574882033194], [2.2355646394610718, 6.455032092092901], [2.235203068681635, 6.455032092092901], [2.2350222832919164, 6.454670232132706], [2.23574542485079, 6.453403722272023], [2.2355646394610718, 6.452680002351632], [2.233576000174169, 6.453041862311827], [2.2326720732255767, 6.450870702550655], [2.2317681462769845, 6.450689772570557], [2.2317681462769845, 6.45050884259046], [2.229779506990082, 6.45050884259046], [2.2290563654312083, 6.450870702550655], [2.2283332238723346, 6.451594422471046], [2.2283332238723346, 6.451956282431241], [2.227610082313461, 6.452499072371534], [2.2268869407545866, 6.452499072371534], [2.2248983014676837, 6.450689772570557]]]}, "properties": {"name": "Dossounou", "commune": "ABOMEY-CALAVI", "confidence": "HIGH", "area_m2": 6173560.0, "perimeter_m": 17181.5, "road_length_m": 32899.0, "n_road_vertices": 1642, "avg_dist_to_road_m": 82.4, "pct_area_near_road": 69.9, "color": "#da914d", "neighbours": ["Dassèkomey", "Hêvié", "Zoungo"], "n_neighbours": 3, "manual_review_reasons": []}}, {"type": "Feature", "geometry": {"type": "Polygon", "coordinates": [[[2.344939800240729, 6.448699542789483], [2.344939800240729, 6.449242332729777], [2.3451205856304473, 6.449242332729777], [2.344939800240729, 6.450508842590461], [2.3454821564098842, 6.450870702550656], [2.3454821564098842, 6.45123256251085], [2.3447590148510105, 6.451956282431241], [2.3442166586818547, 6.451594422471046], [2.3434935171229814, 6.451594422471046], [2.3434935171229814, 6.452499072371534], [2.3424088047846707, 6.453041862311827], [2.3424088047846707, 6.454489302152608], [2.341685663225797, 6.454670232132706], [2.341685663225797, 6.455755812013292], [2.3411433070566416, 6.456117671973487], [2.3406009508874863, 6.456117671973487], [2.340420165497768, 6.457746041794366], [2.339697023938894, 6.458107901754562], [2.339697023938894, 6.459193481635148], [2.3395162385491757, 6.459193481635148], [2.3395162385491757, 6.459736271575441], [2.339154667769739, 6.459917201555538], [2.339154667769739, 6.46064092147593], [2.3395162385491757, 6.46064092147593], [2.3395162385491757, 6.461545571376417], [2.3389738823800204, 6.461907431336613], [2.3389738823800204, 6.462269291296809], [2.3395162385491757, 6.462812081237102], [2.340239380108049, 6.462812081237102], [2.340600950887486, 6.462269291296809], [2.3411433070566416, 6.462269291296809], [2.3415048778360785, 6.462812081237102], [2.3424088047846703, 6.462812081237102], [2.3425895901743887, 6.462450221276907], [2.3431319463435445, 6.462450221276907], [2.3431319463435445, 6.462631151257004], [2.3440358732921367, 6.462631151257004], [2.344216658681855, 6.4629930112172], [2.345120585630447, 6.4629930112172], [2.345662941799602, 6.462450221276907], [2.345662941799602, 6.461907431336614], [2.3462052979687575, 6.461907431336614], [2.3462052979687575, 6.461726501356516], [2.3469284395276317, 6.462450221276907], [2.3478323664762235, 6.462631151257004], [2.3478323664762235, 6.462269291296809], [2.3481939372556604, 6.462269291296809], [2.348374722645379, 6.461907431336614], [2.349278649593971, 6.462088361316711], [2.349278649593971, 6.461364641396321], [2.349640220373408, 6.46064092147593], [2.3498210057631264, 6.460459991495832], [2.350905718101437, 6.46064092147593], [2.351267288880874, 6.459736271575442], [2.352171215829466, 6.458831621674953], [2.352171215829466, 6.458469761714757], [2.351809645050029, 6.458288831734659], [2.352171215829466, 6.457746041794367], [2.3519904304397476, 6.457022321873977], [2.3523520012191845, 6.456841391893879], [2.3523520012191845, 6.456298601953586], [2.3530751427780583, 6.455936741993391], [2.352532786608903, 6.454127442192413], [2.3516288596603108, 6.454308372172511], [2.3516288596603108, 6.454127442192413], [2.3510865034911554, 6.454127442192413], [2.350905718101437, 6.45358465225212], [2.3498210057631264, 6.453765582232218], [2.350001791152845, 6.453041862311827], [2.349640220373408, 6.452680002351632], [2.348917078814534, 6.452680002351632], [2.348917078814534, 6.452499072371534], [2.3485555080350973, 6.452680002351632], [2.348374722645379, 6.452318142391436], [2.347651581086505, 6.452318142391436], [2.347651581086505, 6.451594422471046], [2.3471092249173497, 6.45123256251085], [2.3465668687481944, 6.45123256251085], [2.346386083358476, 6.450146982630264], [2.3458437271893207, 6.450146982630264], [2.345482156409884, 6.449785122670069], [2.345482156409884, 6.448699542789483], [2.3453013710201653, 6.448518612809385], [2.344939800240729, 6.448699542789483]]]}, "properties": {"name": "Sèmè", "commune": "ABOMEY-CALAVI", "confidence": "HIGH", "area_m2": 1385200.0, "perimeter_m": 7400.1, "road_length_m": 17104.8, "n_road_vertices": 608, "avg_dist_to_road_m": 32.4, "pct_area_near_road": 99.7, "color": "#44df9e", "neighbours": ["Agamandin", "Agori", "Aïtchédji\n", "Fandji\n", "Finafa\n"], "n_neighbours": 5, "manual_review_reasons": []}}, {"type": "Feature", "geometry": {"type": "Polygon", "coordinates": [[[2.396644421700203, 6.364205242083873], [2.3955597093618923, 6.364928962004264], [2.395378923972174, 6.366014541884851], [2.3957404947516108, 6.366195471864948], [2.3957404947516108, 6.367100121765437], [2.39700599247964, 6.367281051745534], [2.3968252070899214, 6.368547561606217], [2.3964636363104845, 6.368547561606217], [2.396644421700203, 6.369271281526609], [2.3977291340385136, 6.369814071466902], [2.398633060987106, 6.369633141486804], [2.3997177733254165, 6.37071872136739], [2.400983271053445, 6.370356861407195], [2.4011640564431636, 6.370175931427097], [2.400983271053445, 6.36909035154651], [2.4002601294945713, 6.368547561606217], [2.4002601294945713, 6.368004771665925], [2.4006217002740082, 6.367823841685827], [2.40044091488429, 6.366919191785339], [2.4008024856637267, 6.366738261805241], [2.4002601294945713, 6.365471751944557], [2.399717773325416, 6.365471751944557], [2.3991754171562607, 6.364928962004264], [2.3973675632590763, 6.364386172063971], [2.3973675632590763, 6.364205242083873], [2.39700599247964, 6.364386172063971], [2.396644421700203, 6.364205242083873]]]}, "properties": {"name": "Vodjè-Kpota", "commune": "COTONOU", "confidence": "HIGH", "area_m2": 282400.0, "perimeter_m": 3080.0, "road_length_m": 2322.4, "n_road_vertices": 70, "avg_dist_to_road_m": 52.8, "pct_area_near_road": 92.5, "color": "#cc4446", "neighbours": ["Cadjèhoun-Kpota", "Houéyihô", "Houéyihô-Tannou", "Vodjè-Centre", "Vodjè-Finagnon"], "n_neighbours": 5, "manual_review_reasons": []}}, {"type": "Feature", "geometry": {"type": "MultiPolygon", "coordinates": [[[[2.2722640735739157, 6.552935201870802], [2.2724414381975664, 6.553096141305837], [2.272625644353352, 6.553096141305837], [2.272625644353352, 6.552915211325739], [2.2722640735739157, 6.552935201870802]]], [[[2.2726256443533526, 6.553096141305836], [2.27523297334543, 6.555629161027205], [2.283090334125127, 6.560514270489842], [2.28329198234674, 6.560514270489842], [2.28329198234674, 6.559790550569451], [2.2838343385158955, 6.559247760629158], [2.2847382654644877, 6.558885900668963], [2.2841959092953323, 6.557800320788376], [2.2841959092953323, 6.556352880947594], [2.2838343385158955, 6.556171950967497], [2.2780492060449054, 6.556352880947594], [2.27750684987575, 6.555629161027204], [2.2760605667580025, 6.554905441106813], [2.2756989959785656, 6.55436265116652], [2.2747950690299734, 6.554000791206325], [2.274614283640255, 6.553638931246129], [2.2726256443533526, 6.553096141305836]]], [[[2.2832919823467406, 6.560630278857272], [2.2834727677364586, 6.560514270489841], [2.2832919823467406, 6.560514270489841], [2.2832919823467406, 6.560630278857272]]], [[[2.283653553126177, 6.560838290787639], [2.283472767736459, 6.560695200469938], [2.283472767736459, 6.5607342848224555], [2.283653553126177, 6.560838290787639]]], [[[2.29612774501675, 6.567751469693747], [2.29612774501675, 6.568032537769035], [2.2982971696933707, 6.569017979554432], [2.297935598913934, 6.567389609733552], [2.297031671965342, 6.567389609733552], [2.297031671965342, 6.56757053971365], [2.29612774501675, 6.567751469693747]]]]}, "properties": {"name": "Djissoukpa", "commune": "ABOMEY-CALAVI", "confidence": "MEDIUM", "area_m2": 318624.1, "perimeter_m": 5059.6, "road_length_m": 13777.2, "n_road_vertices": 636, "avg_dist_to_road_m": 152.8, "pct_area_near_road": 34.4, "color": "#41cc61", "neighbours": ["Adjamè\n", "Golo-Djigbé"], "n_neighbours": 2, "manual_review_reasons": []}}, {"type": "Feature", "geometry": {"type": "MultiPolygon", "coordinates": [[[[2.4441909791961525, 6.356063392979478], [2.4432870522475607, 6.356787112899869], [2.4431062668578423, 6.357329902840162], [2.44220233990925, 6.357510832820259], [2.44220233990925, 6.357872692780455], [2.441298412960658, 6.358596412700845], [2.4414791983503763, 6.359139202641139], [2.442021554519531, 6.359320132621237], [2.4425639106886865, 6.358777342680944], [2.4429254814681234, 6.357872692780456], [2.4434678376372787, 6.35751083282026], [2.4438294084167156, 6.356606182919772], [2.4441909791961525, 6.356425252939674], [2.4441909791961525, 6.356063392979478]]], [[[2.442563910688687, 6.360405712501822], [2.44220233990925, 6.360767572462018], [2.442925481468124, 6.361491292382409], [2.4436486230269976, 6.361491292382409], [2.443829408416716, 6.3622150123028], [2.4445525499755894, 6.3622150123028], [2.4445525499755894, 6.362034082322702], [2.4450949061447447, 6.362034082322702], [2.445275691534463, 6.361129432422214], [2.4456372623139, 6.360948502442116], [2.445998833093337, 6.360224782521725], [2.446541189262492, 6.360224782521725], [2.446541189262492, 6.360043852541628], [2.4474451162110844, 6.360224782521725], [2.4479874723802397, 6.359139202641139], [2.4490721847185504, 6.358958272661042], [2.448891399328832, 6.35751083282026], [2.449795326277424, 6.357148972860065], [2.449795326277424, 6.356425252939673], [2.4494337554979873, 6.356063392979479], [2.450518467836298, 6.355520603039186], [2.45142239478489, 6.352625723357623], [2.4516031801746085, 6.352625723357623], [2.4516031801746085, 6.35208293341733], [2.451783965564327, 6.35208293341733], [2.451783965564327, 6.351178283516842], [2.4519647509540454, 6.351178283516842], [2.4519647509540454, 6.350273633616354], [2.452145536343764, 6.350273633616354], [2.452145536343764, 6.347559683914888], [2.4478066869905217, 6.346835963994497], [2.446360403872774, 6.353530373258111], [2.445818047703619, 6.354615953138697], [2.445456476924182, 6.354796883118794], [2.445456476924182, 6.35515874307899], [2.4443717645858714, 6.35588246299938], [2.444190979196153, 6.356787112899869], [2.443829408416716, 6.356968042879966], [2.4431062668578423, 6.358415482720748], [2.44220233990925, 6.359320132621236], [2.442563910688687, 6.359681992581432], [2.442563910688687, 6.360405712501822]]]]}, "properties": {"name": "Akpakpa-Dodomè", "commune": "COTONOU", "confidence": "MANUAL_REVIEW", "area_m2": 910299.0, "perimeter_m": 7204.4, "road_length_m": 3738.1, "n_road_vertices": 160, "avg_dist_to_road_m": 289.4, "pct_area_near_road": 38.0, "color": "#cd3bb3", "neighbours": ["Abokicodji-Lagune", "Ohé", "Tokpa-Hoho", "Xwlacôdji-Plage", "Énagnon"], "n_neighbours": 5, "manual_review_reasons": ["avg distance to owned road 289 m"]}}, {"type": "Feature", "geometry": {"type": "Polygon", "coordinates": [[[2.3377083846519913, 6.385554979735398], [2.3378891700417097, 6.3860977696756915], [2.3382507408211466, 6.386278699655789], [2.338069955431428, 6.386640559615984], [2.337527599262273, 6.386640559615984], [2.337527599262273, 6.38700241957618], [2.338069955431428, 6.387364279536375], [2.3377083846519913, 6.388087999456766], [2.338431526210865, 6.38844985941696], [2.338069955431428, 6.388630789397058], [2.3382507408211466, 6.390259159217937], [2.337527599262273, 6.390440089198035], [2.337527599262273, 6.391344739098524], [2.3380699554314277, 6.391344739098524], [2.338250740821146, 6.390801949158231], [2.3386123116005835, 6.3909828791383285], [2.340239380108049, 6.390801949158231], [2.3400585947183306, 6.390621019178132], [2.340239380108049, 6.39007822923784], [2.3406009508874863, 6.39007822923784], [2.3407817362772048, 6.3904400891980355], [2.3418664486155154, 6.3904400891980355], [2.342047234005234, 6.390801949158231], [2.342770375564107, 6.390801949158231], [2.343131946343544, 6.39007822923784], [2.343855087902418, 6.39007822923784], [2.34475901485101, 6.389535439297547], [2.34475901485101, 6.389173579337351], [2.344397444071573, 6.388992649357253], [2.3445782294612916, 6.388087999456765], [2.3440358732921363, 6.387907069476667], [2.3440358732921363, 6.387545209516473], [2.344397444071573, 6.387364279536375], [2.344397444071573, 6.386821489596081], [2.3440358732921363, 6.386821489596081], [2.343855087902418, 6.386278699655788], [2.343131946343544, 6.386459629635886], [2.342770375564107, 6.386097769675691], [2.342770375564107, 6.385735909715496], [2.343131946343544, 6.3855549797353985], [2.343131946343544, 6.385012189795105], [2.342589590174389, 6.385193119775202], [2.3424088047846707, 6.385554979735398], [2.3415048778360785, 6.385193119775202], [2.3411433070566416, 6.385735909715495], [2.3406009508874863, 6.385735909715495], [2.3406009508874863, 6.386640559615984], [2.339877809328612, 6.386459629635886], [2.339335453159457, 6.385916839695593], [2.339335453159457, 6.3853740497553], [2.338431526210865, 6.385193119775202], [2.3377083846519913, 6.385554979735398]]]}, "properties": {"name": "Aïmèvo\n", "commune": "ABOMEY-CALAVI", "confidence": "HIGH", "area_m2": 375200.0, "perimeter_m": 4399.9, "road_length_m": 4380.2, "n_road_vertices": 172, "avg_dist_to_road_m": 34.4, "pct_area_near_road": 99.6, "color": "#49deaa", "neighbours": ["Dénou\n", "Ounvènoumèdé\n", "Plateau\n", "Salamey", "Yolomahouto"], "n_neighbours": 5, "manual_review_reasons": []}}, {"type": "Feature", "geometry": {"type": "Polygon", "coordinates": [[[2.3890514353320285, 6.35588246299938], [2.38887064994231, 6.357148972860065], [2.3897745768909022, 6.356968042879967], [2.389232220721747, 6.359139202641139], [2.3899553622806207, 6.359501062601335], [2.3903169330600575, 6.360043852541628], [2.3917632161778046, 6.360405712501823], [2.3924863577366784, 6.35986292256153], [2.3939326408544264, 6.35986292256153], [2.394113426244145, 6.360043852541628], [2.3939326408544264, 6.360767572462018], [2.3951981385824554, 6.360948502442116], [2.3951981385824554, 6.361310362402311], [2.395921280141329, 6.362034082322702], [2.3970059924796394, 6.361491292382409], [2.397729134038513, 6.361672222362507], [2.397729134038513, 6.36131036240231], [2.3973675632590763, 6.361129432422213], [2.397729134038513, 6.360767572462018], [2.397729134038513, 6.360224782521724], [2.3973675632590763, 6.360224782521724], [2.3973675632590763, 6.35986292256153], [2.3975483486487947, 6.359501062601335], [2.39809070481795, 6.359501062601335], [2.39809070481795, 6.358415482720748], [2.396825207089921, 6.358053622760552], [2.3970059924796394, 6.356244322959576], [2.396282850920766, 6.356244322959576], [2.396282850920766, 6.356425252939673], [2.395559709361892, 6.356244322959576], [2.395559709361892, 6.355520603039185], [2.393751855464708, 6.355520603039185], [2.393751855464708, 6.355701533019283], [2.3933902846852706, 6.355520603039185], [2.3923055723469604, 6.355520603039185], [2.3923055723469604, 6.355701533019283], [2.3899553622806207, 6.355520603039185], [2.3899553622806207, 6.355701533019283], [2.3890514353320285, 6.35588246299938]]]}, "properties": {"name": "Cadjèhoun-Agonga", "commune": "COTONOU", "confidence": "HIGH", "area_m2": 477600.0, "perimeter_m": 4199.8, "road_length_m": 5415.3, "n_road_vertices": 182, "avg_dist_to_road_m": 42.6, "pct_area_near_road": 92.1, "color": "#49de78", "neighbours": ["Cadjèhoun-Azalokogon", "Cadjèhoun-Kpota", "Haie-Vive-Cocotiers"], "n_neighbours": 3, "manual_review_reasons": []}}, {"type": "Feature", "geometry": {"type": "Polygon", "coordinates": [[[2.4624503035577154, 6.381574520173249], [2.4624503035577154, 6.382660100053835], [2.4620887327782786, 6.382841030033933], [2.4624503035577154, 6.383021960014031], [2.4624503035577154, 6.383745679934422], [2.462631088947434, 6.383745679934422], [2.4624503035577154, 6.385374049755301], [2.463173445116589, 6.3855549797353985], [2.463173445116589, 6.3860977696756915], [2.464981299013773, 6.3860977696756915], [2.464981299013773, 6.385916839695594], [2.467331509080113, 6.3860977696756915], [2.467331509080113, 6.385374049755301], [2.468597006808142, 6.385374049755301], [2.4687777921978604, 6.380669870272761], [2.467873865249268, 6.380488940292663], [2.467873865249268, 6.37994615035237], [2.465885225962366, 6.379765220372272], [2.465162084403492, 6.380127080332468], [2.4649812990137736, 6.381212660213054], [2.4637158012857445, 6.381212660213054], [2.463535015896026, 6.381574520173249], [2.4624503035577154, 6.381574520173249]]]}, "properties": {"name": "Kowégbo", "commune": "COTONOU", "confidence": "HIGH", "area_m2": 398400.0, "perimeter_m": 3039.9, "road_length_m": 4532.7, "n_road_vertices": 110, "avg_dist_to_road_m": 39.1, "pct_area_near_road": 100.0, "color": "#4ad651", "neighbours": ["Ahouassa", "Avotrou-Aïmonlonfidé", "Avotrou-Gbègo", "Djédjé-Layé", "Suru-Léré", "Yénawa"], "n_neighbours": 6, "manual_review_reasons": []}}, {"type": "Feature", "geometry": {"type": "MultiPolygon", "coordinates": [[[[2.277687635265469, 6.374156390989245], [2.277687635265469, 6.374337320969342], [2.276060566758003, 6.374337320969342], [2.275698995978566, 6.374699180929538], [2.2758797813682845, 6.375965690790221], [2.275337425199129, 6.376327550750417], [2.275698995978566, 6.377051270670808], [2.2762413521477214, 6.377051270670808], [2.2762413521477214, 6.378136850551394], [2.2766029229271583, 6.378679640491687], [2.27642213753744, 6.37994615035237], [2.2758797813682845, 6.37994615035237], [2.2758797813682845, 6.381031730232957], [2.276060566758003, 6.381031730232957], [2.2758797813682845, 6.382117310113543], [2.2762413521477214, 6.3822982400936406], [2.2762413521477214, 6.3828410300339335], [2.2773260644860316, 6.382660100053836], [2.2773260644860316, 6.3822982400936406], [2.2778684206551874, 6.381936380133445], [2.278591562214061, 6.383021960014031], [2.279133918383216, 6.383202889994129], [2.2794954891626533, 6.3828410300339335], [2.2796762745523718, 6.383564749954324], [2.280580201500964, 6.3833838199742265], [2.2807609868906824, 6.383745679934422], [2.281122557670119, 6.383745679934422], [2.281122557670119, 6.3828410300339335], [2.281484128449556, 6.3828410300339335], [2.2816649138392746, 6.3833838199742265], [2.282026484618711, 6.3833838199742265], [2.2822072700084295, 6.3828410300339335], [2.282568840787867, 6.3828410300339335], [2.283111196957022, 6.3839266099145195], [2.2841959092953323, 6.3833838199742265], [2.2843766946850512, 6.383564749954324], [2.2861845485822356, 6.3833838199742265], [2.286365333971954, 6.384288469874715], [2.2869076901411094, 6.38465032983491], [2.2874500463102643, 6.38465032983491], [2.2879924024794196, 6.384288469874715], [2.288896329428012, 6.384288469874715], [2.2890771148177302, 6.38229824009364], [2.288534758648575, 6.381936380133444], [2.2883539732588565, 6.380669870272762], [2.288896329428012, 6.380488940292664], [2.2890771148177302, 6.379403360412078], [2.2896194709868856, 6.37922243043198], [2.2896194709868856, 6.378679640491686], [2.2892579002074487, 6.378317780531492], [2.289800256376604, 6.377232200650906], [2.289800256376604, 6.376689410710613], [2.290704183325196, 6.377051270670808], [2.2916081102737884, 6.376327550750418], [2.2928736080018175, 6.37614662077032], [2.2932351787812544, 6.375784760810125], [2.2932351787812544, 6.375241970869832], [2.2941391057298466, 6.374699180929539], [2.2941391057298466, 6.373975461009147], [2.293958320340128, 6.373975461009147], [2.2941391057298466, 6.372889881128562], [2.2943198911195655, 6.37307081110866], [2.295766174237313, 6.372889881128562], [2.2963085304064683, 6.373432671068855], [2.2963085304064683, 6.373613601048952], [2.295404603457876, 6.373613601048952], [2.295404603457876, 6.374880110909636], [2.2957661742373126, 6.374880110909636], [2.2961277450167494, 6.374156390989246], [2.2977548135242154, 6.372528021168367], [2.2982971696933707, 6.369633141486803], [2.29721245735506, 6.368547561606217], [2.29721245735506, 6.368185701646022], [2.2964893157961863, 6.367642911705729], [2.2964893157961863, 6.367281051745533], [2.295585388847594, 6.366557331825143], [2.295043032678439, 6.365471751944557], [2.294500676509284, 6.365290821964459], [2.294500676509284, 6.365471751944557], [2.2939583203401286, 6.365471751944557], [2.292512037222381, 6.366195471864947], [2.2910657541046335, 6.366195471864947], [2.2903426125457598, 6.366919191785338], [2.2903426125457598, 6.367281051745533], [2.286726904751391, 6.370718721367389], [2.286726904751391, 6.371080581327584], [2.2861845485822356, 6.371261511307682], [2.286726904751391, 6.373070811108659], [2.2865461193616725, 6.373070811108659], [2.2865461193616725, 6.373794531029049], [2.285461407023362, 6.373975461009147], [2.2852806216336434, 6.374880110909635], [2.284919050854206, 6.374699180929538], [2.284919050854206, 6.374337320969342], [2.284195909295333, 6.374337320969342], [2.2840151239056143, 6.375241970869831], [2.282749626177585, 6.375061040889733], [2.2822072700084295, 6.37451825094944], [2.2793147037729344, 6.37451825094944], [2.2793147037729344, 6.374156390989245], [2.278772347603779, 6.373613601048952], [2.2782299914346242, 6.374156390989245], [2.277687635265469, 6.374156390989245]], [[2.2887155440382934, 6.377413130631003], [2.287269260920546, 6.377232200650905], [2.287269260920546, 6.376689410710612], [2.286907690141109, 6.376689410710612], [2.286907690141109, 6.376327550750418], [2.2881731878691385, 6.376327550750418], [2.2881731878691385, 6.376508480730515], [2.2888963294280122, 6.376327550750418], [2.2888963294280122, 6.376689410710613], [2.289257900207449, 6.376508480730515], [2.2894386855971676, 6.3775940606111], [2.2887155440382934, 6.3775940606111], [2.2887155440382934, 6.377413130631003]], [[2.284919050854206, 6.375965690790221], [2.284557480074769, 6.375241970869832], [2.285461407023362, 6.375422900849929], [2.2856421924130803, 6.375784760810124], [2.284919050854206, 6.375965690790221]]], [[[2.2945006765092835, 6.376327550750417], [2.2943198911195655, 6.376508480730515], [2.2945006765092835, 6.376508480730515], [2.2945006765092835, 6.376327550750417]]]]}, "properties": {"name": "Amahoun\n", "commune": "ABOMEY-CALAVI", "confidence": "HIGH", "area_m2": 2448000.0, "perimeter_m": 13480.0, "road_length_m": 19914.0, "n_road_vertices": 700, "avg_dist_to_road_m": 83.4, "pct_area_near_road": 78.2, "color": "#d26c4e", "neighbours": ["Cococodji", "Djèkpota", "Ganganzounmè\n", "Gbodjè-Womey\n", "Hêdomè\n", "Zounga\n"], "n_neighbours": 6, "manual_review_reasons": []}}, {"type": "Feature", "geometry": {"type": "MultiPolygon", "coordinates": [[[[2.291608110273789, 6.376327550750417], [2.2907041833251967, 6.377051270670807], [2.2898002563766044, 6.376689410710612], [2.2894386855971676, 6.378317780531491], [2.289257900207449, 6.378317780531491], [2.289619470986886, 6.378679640491687], [2.289619470986886, 6.379222430431979], [2.2890771148177307, 6.379403360412077], [2.2888963294280122, 6.380488940292663], [2.288353973258857, 6.380669870272761], [2.2885347586485754, 6.381936380133445], [2.2890771148177307, 6.3822982400936406], [2.2888963294280122, 6.384288469874715], [2.289800256376604, 6.384288469874715], [2.289800256376604, 6.384107539894617], [2.2903426125457598, 6.384288469874715], [2.2910657541046335, 6.3855549797353985], [2.29142732488407, 6.3855549797353985], [2.2919696810532253, 6.3850121897951055], [2.292692822612099, 6.3850121897951055], [2.2928736080018175, 6.38465032983491], [2.2932351787812544, 6.38465032983491], [2.2932351787812544, 6.384288469874715], [2.2935967495606917, 6.3844693998548125], [2.294681461899002, 6.384288469874715], [2.2948622472887203, 6.383202889994129], [2.2950430326784392, 6.3833838199742265], [2.2952238180681572, 6.383202889994129], [2.296850886575623, 6.3833838199742265], [2.2966701011859048, 6.382479170073738], [2.29721245735506, 6.3822982400936406], [2.2970316719653416, 6.38157452017325], [2.2982971696933707, 6.381393590193152], [2.2981163843036523, 6.380850800252859], [2.2986587404728076, 6.380669870272762], [2.2986587404728076, 6.380308010312565], [2.2982971696933707, 6.380127080332468], [2.2982971696933707, 6.37922243043198], [2.299201096641963, 6.378317780531492], [2.299201096641963, 6.377594060611101], [2.2997434528111182, 6.376870340690711], [2.2999242382008367, 6.375784760810124], [2.298839525862526, 6.374699180929538], [2.298477955083089, 6.373794531029049], [2.297935598913934, 6.373432671068854], [2.297935598913934, 6.373070811108659], [2.297393242744779, 6.372889881128561], [2.2964893157961868, 6.373975461009148], [2.297393242744779, 6.374156390989246], [2.2975740281344974, 6.374880110909635], [2.2970316719653416, 6.374880110909635], [2.2970316719653416, 6.374337320969342], [2.2964893157961863, 6.374156390989245], [2.2964893157961863, 6.373975461009147], [2.295766174237313, 6.374699180929538], [2.2959469596270314, 6.375422900849929], [2.296850886575623, 6.375422900849929], [2.296850886575623, 6.375241970869832], [2.2975740281344974, 6.375422900849929], [2.297393242744779, 6.376146620770319], [2.2963085304064683, 6.376327550750417], [2.2963085304064683, 6.376508480730514], [2.294500676509284, 6.376327550750417], [2.294139105729847, 6.37687034069071], [2.2935967495606917, 6.37687034069071], [2.2935967495606917, 6.377413130631003], [2.293054393391536, 6.377413130631003], [2.292692822612099, 6.377051270670807], [2.2928736080018175, 6.376689410710613], [2.292692822612099, 6.376146620770319], [2.291608110273789, 6.376327550750417]]], [[[2.296308530406468, 6.37614662077032], [2.29612774501675, 6.375965690790221], [2.29612774501675, 6.37614662077032], [2.296308530406468, 6.37614662077032]]]]}, "properties": {"name": "Zounga\n", "commune": "ABOMEY-CALAVI", "confidence": "HIGH", "area_m2": 943600.0, "perimeter_m": 7240.0, "road_length_m": 8172.2, "n_road_vertices": 250, "avg_dist_to_road_m": 72.7, "pct_area_near_road": 78.0, "color": "#4dd68f", "neighbours": ["Amahoun\n", "Cocotomey", "Fandji\n", "Gbodjè-Womey\n", "Hêdomè\n"], "n_neighbours": 5, "manual_review_reasons": []}}, {"type": "Feature", "geometry": {"type": "MultiPolygon", "coordinates": [[[[2.4125535359954258, 6.388630789397059], [2.4127343213851438, 6.388268929436863], [2.4114688236571147, 6.388268929436863], [2.4114688236571147, 6.388087999456765], [2.4103841113188045, 6.388268929436863], [2.4103841113188045, 6.388449859416961], [2.4125535359954258, 6.388449859416961], [2.4125535359954258, 6.388630789397059]]], [[[2.4094801843702123, 6.388811719377156], [2.4094801843702123, 6.388992649357253], [2.4078531158627463, 6.388992649357253], [2.4071299743038725, 6.389354509317449], [2.4067684035244357, 6.390078229237839], [2.4067684035244357, 6.39080194915823], [2.406587618134717, 6.39080194915823], [2.406406832744999, 6.39243031897911], [2.4067684035244357, 6.39243031897911], [2.4074915450833094, 6.394058688799989], [2.408214686642183, 6.394058688799989], [2.4080339012524647, 6.394963338700477], [2.4083954720319016, 6.394963338700477], [2.4087570428113385, 6.39550612864077], [2.4094801843702123, 6.3958679886009655], [2.4094801843702123, 6.396229848561161], [2.409841755149649, 6.3964107785412585], [2.410203325929086, 6.3974963584218445], [2.410564896708523, 6.397677288401942], [2.41092646748796, 6.398762868282528], [2.411830394436552, 6.399848448163114], [2.4132766775542995, 6.402743327844677], [2.4199657369738814, 6.402019607924286], [2.4199657369738814, 6.401114958023797], [2.4188810246355708, 6.399124728242723], [2.4183386684664154, 6.396410778541258], [2.417253956128105, 6.394601478740281], [2.416169243789794, 6.389354509317449], [2.415265316841202, 6.388811719377156], [2.412372750605707, 6.388811719377156], [2.412372750605707, 6.388630789397058], [2.4094801843702123, 6.388811719377156]]], [[[2.4132766775542995, 6.388630789397059], [2.414903746061765, 6.388630789397059], [2.414903746061765, 6.38844985941696], [2.4147229606720466, 6.388087999456765], [2.413819033723455, 6.388087999456765], [2.4132766775542995, 6.388630789397059]]]]}, "properties": {"name": "Vossa", "commune": "COTONOU", "confidence": "MANUAL_REVIEW", "area_m2": 1458669.8, "perimeter_m": 7245.6, "road_length_m": 3459.8, "n_road_vertices": 124, "avg_dist_to_road_m": 439.3, "pct_area_near_road": 27.7, "color": "#55d54e", "neighbours": ["Fifadji", "Gbèdjromèdè-Nord", "Missèkplé", "Mèdédjro", "Vossa-Kpodji"], "n_neighbours": 5, "manual_review_reasons": ["avg distance to owned road 439 m"]}}, {"type": "Feature", "geometry": {"type": "Polygon", "coordinates": [[[2.346566868748195, 6.428073525058349], [2.3460245125790395, 6.428616314998642], [2.344578229461292, 6.4284353850185445], [2.344578229461292, 6.4289781749588375], [2.3438550879024183, 6.429340034919033], [2.3451205856304473, 6.432053984620498], [2.344216658681855, 6.432415844580693], [2.3443974440715736, 6.433139564501085], [2.3447590148510105, 6.433320494481182], [2.344216658681855, 6.434225144381671], [2.344578229461292, 6.434406074361768], [2.3447590148510105, 6.4349488643020605], [2.3438550879024183, 6.4349488643020605], [2.3434935171229814, 6.435672584222452], [2.3438550879024183, 6.43585351420255], [2.344216658681855, 6.43657723412294], [2.344939800240729, 6.436758164103038], [2.3451205856304473, 6.437120024063233], [2.345482156409884, 6.436939094083136], [2.3462052979687575, 6.437120024063233], [2.346386083358476, 6.43657723412294], [2.3472900103070686, 6.437120024063233], [2.348193937255661, 6.436758164103038], [2.348193937255661, 6.437300954043331], [2.3496402203734084, 6.437120024063233], [2.3496402203734084, 6.437481884023429], [2.350363361932282, 6.437481884023429], [2.3505441473220006, 6.438205603943819], [2.351086503491156, 6.438205603943819], [2.351086503491156, 6.438567463904015], [2.3514480742705928, 6.438567463904015], [2.3514480742705928, 6.439110253844308], [2.351990430439748, 6.439472113804503], [2.3523520012191845, 6.439110253844308], [2.353255928167777, 6.439110253844308], [2.353255928167777, 6.439291183824405], [2.354521425895806, 6.439110253844308], [2.3547022112855243, 6.438748393884112], [2.355063782064961, 6.438748393884112], [2.355425352844398, 6.438205603943819], [2.355786923623835, 6.438205603943819], [2.3559677090135533, 6.437843743983624], [2.356690850572427, 6.437481884023429], [2.359944987587359, 6.436939094083136], [2.360668129146233, 6.43657723412294], [2.361572056094825, 6.43657723412294], [2.3622951976536988, 6.436215374162745], [2.363199124602291, 6.436215374162745], [2.3639222661611647, 6.43585351420255], [2.364826193109757, 6.43585351420255], [2.3650069784994754, 6.435491654242354], [2.368622686293844, 6.433682354441378], [2.3691650424629995, 6.433682354441378], [2.3720576086984946, 6.432234914600596], [2.372238394088213, 6.431873054640401], [2.3736846772059605, 6.431330264700108], [2.370535604372292, 6.4224646956753215], [2.3648261931097574, 6.423188415595712], [2.3648261931097574, 6.42336934557581], [2.3635606953817283, 6.42336934557581], [2.3635606953817283, 6.4235502755559075], [2.3608489145359517, 6.423731205536005], [2.3608489145359517, 6.423912135516103], [2.356510065182709, 6.424273995476298], [2.352713571998622, 6.4262642252573725], [2.3521712158294665, 6.4262642252573725], [2.350724932711719, 6.426987945177763], [2.350724932711719, 6.4273498051379585], [2.3501825765425637, 6.4273498051379585], [2.3500017911528452, 6.427711665098154], [2.3492786495939715, 6.428073525058349], [2.349097864204253, 6.42879724497874], [2.3478323664762235, 6.4289781749588375], [2.347290010307068, 6.428616314998642], [2.3471092249173497, 6.4278925950782515], [2.346566868748195, 6.428073525058349]]]}, "properties": {"name": "Tokpa-Zoungo-Nord\n", "commune": "ABOMEY-CALAVI", "confidence": "MANUAL_REVIEW", "area_m2": 3907095.1, "perimeter_m": 11450.3, "road_length_m": 12135.6, "n_road_vertices": 406, "avg_dist_to_road_m": 815.4, "pct_area_near_road": 26.2, "color": "#ce693a", "neighbours": ["Agori", "Finafa\n", "Tchinangbégbo\n", "Tokpa-Zoungo-Sud\n", "Zogbadjè"], "n_neighbours": 5, "manual_review_reasons": ["avg distance to owned road 815 m"]}}, {"type": "Feature", "geometry": {"type": "Polygon", "coordinates": [[[2.2811225576701193, 6.382841030033933], [2.2811225576701193, 6.383745679934421], [2.280760986890682, 6.383745679934421], [2.2805802015009635, 6.383383819974226], [2.280218630721527, 6.383564749954323], [2.280218630721527, 6.3860977696756915], [2.280941772280401, 6.3860977696756915], [2.280941772280401, 6.386459629635886], [2.2800378453318086, 6.386459629635886], [2.27985705994209, 6.387002419576179], [2.279495489162653, 6.386459629635886], [2.278049206044906, 6.386640559615984], [2.2782299914346242, 6.388087999456766], [2.2800378453318086, 6.3882689294368635], [2.2800378453318086, 6.388992649357253], [2.2796762745523718, 6.389354509317449], [2.2794954891626533, 6.39080194915823], [2.278049206044906, 6.391706599058718], [2.278049206044906, 6.392611248959207], [2.2778684206551874, 6.392611248959207], [2.2778684206551874, 6.393515898859695], [2.2775068498757505, 6.39387775881989], [2.2775068498757505, 6.395144268680574], [2.277326064486032, 6.395144268680574], [2.2771452790963136, 6.396591708521356], [2.2796762745523718, 6.396229848561161], [2.2796762745523718, 6.3964107785412585], [2.2811225576701193, 6.3964107785412585], [2.281845699228993, 6.3969535684815515], [2.2836535531261775, 6.397134498461649], [2.2836535531261775, 6.397315428441747], [2.2874500463102643, 6.397134498461649], [2.2874500463102643, 6.3969535684815515], [2.289438685597167, 6.397315428441747], [2.289438685597167, 6.396772638501454], [2.2896194709868856, 6.396772638501454], [2.2896194709868856, 6.395144268680574], [2.2892579002074487, 6.394963338700476], [2.2896194709868856, 6.394420548760184], [2.289438685597167, 6.394239618780086], [2.289438685597167, 6.39243031897911], [2.290161827156041, 6.392249388999012], [2.290161827156041, 6.390982879138328], [2.2899810417663224, 6.390982879138328], [2.290161827156041, 6.3860977696756915], [2.2908849687149146, 6.3855549797353985], [2.2905233979354778, 6.384469399854812], [2.2898002563766044, 6.384107539894616], [2.2898002563766044, 6.384288469874714], [2.28799240247942, 6.384288469874714], [2.2874500463102647, 6.384650329834909], [2.286907690141109, 6.384650329834909], [2.2863653339719536, 6.384288469874714], [2.286184548582235, 6.383383819974226], [2.285099836243925, 6.383383819974226], [2.285099836243925, 6.383564749954323], [2.284195909295333, 6.383383819974226], [2.2831111969570217, 6.383926609914519], [2.2825688407878664, 6.382841030033933], [2.2820264846187115, 6.38302196001403], [2.2820264846187115, 6.383383819974226], [2.281664913839274, 6.383383819974226], [2.2814841284495557, 6.382841030033933], [2.2811225576701193, 6.382841030033933]]]}, "properties": {"name": "Gbodjè-Womey\n", "commune": "ABOMEY-CALAVI", "confidence": "HIGH", "area_m2": 1792800.0, "perimeter_m": 7800.1, "road_length_m": 19442.5, "n_road_vertices": 626, "avg_dist_to_road_m": 49.5, "pct_area_near_road": 88.4, "color": "#48d6d4", "neighbours": ["Amahoun\n", "Cococodji", "Fandji\n", "Womey-Yénawa", "Zounga\n"], "n_neighbours": 5, "manual_review_reasons": []}}, {"type": "Feature", "geometry": {"type": "Polygon", "coordinates": [[[2.3639222661611647, 6.4003254002155545], [2.3642838369406016, 6.398762868282528], [2.365187763889194, 6.397134498461649], [2.3653685492789123, 6.395144268680575], [2.366091690837786, 6.394601478740282], [2.3659109054480676, 6.394420548760183], [2.366091690837786, 6.391344739098523], [2.3655493346686307, 6.39080194915823], [2.3655493346686307, 6.3904400891980355], [2.365730120058349, 6.3904400891980355], [2.365730120058349, 6.389716369277645], [2.3662724762275045, 6.389535439297547], [2.3659109054480676, 6.388811719377156], [2.3662724762275045, 6.388630789397059], [2.3662724762275045, 6.387364279536374], [2.366091690837786, 6.387002419576179], [2.364826193109757, 6.387364279536374], [2.364103051550883, 6.386821489596081], [2.3633956836498062, 6.386821489596081], [2.363325597304626, 6.394818782558216], [2.3639222661611647, 6.4003254002155545]]]}, "properties": {"name": "Kindonou", "commune": "COTONOU", "confidence": "MANUAL_REVIEW", "area_m2": 331815.5, "perimeter_m": 3928.2, "road_length_m": 13132.2, "n_road_vertices": 380, "avg_dist_to_road_m": 285.6, "pct_area_near_road": 57.8, "color": "#59de47", "neighbours": ["Agla-Les-Pylônes", "Mènontin"], "n_neighbours": 2, "manual_review_reasons": ["avg distance to owned road 286 m"]}}, {"type": "Feature", "geometry": {"type": "Polygon", "coordinates": [[[2.4123727506057073, 6.37216616120817], [2.412191965215989, 6.372889881128561], [2.4116496090468336, 6.373432671068854], [2.4116496090468336, 6.374156390989246], [2.4123727506057073, 6.374518250949441], [2.4123727506057073, 6.375241970869831], [2.411468823657115, 6.376146620770319], [2.4112880382673967, 6.376870340690711], [2.411830394436552, 6.377051270670808], [2.4123727506057073, 6.377774990591199], [2.413095892164581, 6.377774990591199], [2.4132766775542995, 6.378136850551394], [2.413999819113173, 6.37849871051159], [2.4141806045028913, 6.377955920571297], [2.414903746061765, 6.377413130631004], [2.4150845314514835, 6.376689410710613], [2.4159884584000757, 6.375784760810125], [2.4170731707383863, 6.375603830830027], [2.4170731707383863, 6.375241970869832], [2.4176155269075417, 6.374880110909636], [2.41779631229726, 6.374337320969342], [2.4150845314514835, 6.37216616120817], [2.41436138989261, 6.372528021168366], [2.41436138989261, 6.372889881128561], [2.413638248333736, 6.372708951148463], [2.4130958921645806, 6.371985231228073], [2.4123727506057073, 6.37216616120817]]]}, "properties": {"name": "Minonkpô-Wologuèdè", "commune": "COTONOU", "confidence": "HIGH", "area_m2": 291600.0, "perimeter_m": 3200.0, "road_length_m": 2306.0, "n_road_vertices": 50, "avg_dist_to_road_m": 53.4, "pct_area_near_road": 95.6, "color": "#c9c03e", "neighbours": ["Agbondjèdo", "Fignon-Sikê", "Gbégamey-Gbagoudo", "Houéhoun", "Missité-Sikê", "Énagnon-Sikê"], "n_neighbours": 6, "manual_review_reasons": []}}, {"type": "Feature", "geometry": {"type": "Polygon", "coordinates": [[[2.4092993989804934, 6.372528021168366], [2.40857625742162, 6.373070811108659], [2.4078531158627463, 6.372889881128561], [2.4078531158627463, 6.373251741088756], [2.4074915450833094, 6.373251741088756], [2.4074915450833094, 6.373613601048952], [2.406949188914154, 6.373794531029049], [2.406949188914154, 6.374518250949441], [2.407310759693591, 6.375061040889734], [2.407672330473028, 6.375061040889734], [2.407672330473028, 6.375422900849929], [2.4083954720319016, 6.37614662077032], [2.4087570428113385, 6.37614662077032], [2.4094801843702123, 6.377051270670808], [2.410384111318804, 6.377413130631004], [2.4121919652159884, 6.375603830830027], [2.412372750605707, 6.37451825094944], [2.4112880382673962, 6.373975461009147], [2.411107252877678, 6.373613601048952], [2.410745682098241, 6.373613601048952], [2.410384111318804, 6.373070811108659], [2.4096609697599303, 6.373070811108659], [2.4092993989804934, 6.372528021168366]]]}, "properties": {"name": "Agbondjèdo", "commune": "COTONOU", "confidence": "HIGH", "area_m2": 191200.0, "perimeter_m": 2320.0, "road_length_m": 1948.9, "n_road_vertices": 42, "avg_dist_to_road_m": 48.9, "pct_area_near_road": 95.8, "color": "#d2564b", "neighbours": ["Agontinkon", "Gbégamey-Gbagoudo", "Houéhoun", "Minonkpô-Wologuèdè"], "n_neighbours": 4, "manual_review_reasons": []}}, {"type": "Feature", "geometry": {"type": "MultiPolygon", "coordinates": [[[[2.3926671431263973, 6.383202889994128], [2.392486357736679, 6.383745679934421], [2.390497718449776, 6.384469399854812], [2.3906785038394944, 6.3853740497553], [2.390136147670339, 6.385916839695594], [2.3912208600086498, 6.3866405596159845], [2.3912208600086498, 6.387364279536375], [2.392667143126397, 6.387545209516473], [2.392667143126397, 6.387364279536375], [2.3966444217002025, 6.3871833495562775], [2.3966444217002025, 6.3866405596159845], [2.397186777869358, 6.385916839695593], [2.396102065531047, 6.385735909715495], [2.3957404947516103, 6.384288469874714], [2.394294211633863, 6.384650329834909], [2.3937518554647075, 6.383202889994128], [2.3933902846852706, 6.38302196001403], [2.3926671431263973, 6.383202889994128]]], [[[2.395378923972174, 6.387545209516472], [2.395559709361892, 6.3877261394965705], [2.395559709361892, 6.387545209516472], [2.395378923972174, 6.387545209516472]]]]}, "properties": {"name": "Midédji", "commune": "COTONOU", "confidence": "HIGH", "area_m2": 234800.0, "perimeter_m": 2799.8, "road_length_m": 2879.9, "n_road_vertices": 72, "avg_dist_to_road_m": 39.2, "pct_area_near_road": 100.0, "color": "#43d748", "neighbours": ["Agounvocôdji", "Gbénonkpô", "Missogbé", "Yénawa-Fifadji"], "n_neighbours": 4, "manual_review_reasons": []}}, {"type": "Feature", "geometry": {"type": "MultiPolygon", "coordinates": [[[[2.437321134386852, 6.372347091188268], [2.4369595636074153, 6.375784760810124], [2.436778778217697, 6.375784760810124], [2.436778778217697, 6.378498710511589], [2.4365979928279784, 6.378498710511589], [2.4365979928279784, 6.379584290392175], [2.43641720743826, 6.379584290392175], [2.436055636658823, 6.38157452017325], [2.438405846725163, 6.38157452017325], [2.4387674175045997, 6.382117310113543], [2.439490559063473, 6.382117310113543], [2.4396713444531914, 6.3812126602130546], [2.440756056791502, 6.381393590193152], [2.4409368421812205, 6.380127080332469], [2.4418407691298127, 6.380127080332469], [2.442383125298968, 6.379041500451883], [2.4425639106886865, 6.376146620770319], [2.441479198350376, 6.376146620770319], [2.441479198350376, 6.375784760810124], [2.4409368421812205, 6.375603830830026], [2.4409368421812205, 6.375061040889734], [2.4412984129606574, 6.374699180929538], [2.4405752714017837, 6.37451825094944], [2.4405752714017837, 6.373975461009147], [2.4396713444531914, 6.373975461009147], [2.4396713444531914, 6.373251741088756], [2.438586632114881, 6.373251741088756], [2.4387674175045992, 6.372347091188268], [2.437321134386852, 6.372347091188268]]], [[[2.436778778217697, 6.373070811108659], [2.436778778217697, 6.373794531029049], [2.43641720743826, 6.37451825094944], [2.4365979928279784, 6.375241970869832], [2.4367787782176964, 6.375241970869832], [2.4367787782176964, 6.373975461009148], [2.436959563607415, 6.373975461009148], [2.436959563607415, 6.373070811108659], [2.436778778217697, 6.373070811108659]]], [[[2.4358748512691046, 6.381031730232957], [2.436236422048541, 6.379765220372272], [2.436055636658823, 6.379765220372272], [2.4358748512691046, 6.381031730232957]]]]}, "properties": {"name": "Kpankpan", "commune": "COTONOU", "confidence": "HIGH", "area_m2": 514400.0, "perimeter_m": 4720.5, "road_length_m": 4693.1, "n_road_vertices": 134, "avg_dist_to_road_m": 54.5, "pct_area_near_road": 84.1, "color": "#49df44", "neighbours": ["Adjégounlè", "Adôgléta", "Dantôkpa", "Djidjè", "Gbénonkpô", "Hindé-Nord", "Hindé-Sud", "Midombo", "Sègbèya-Sud"], "n_neighbours": 9, "manual_review_reasons": []}}, {"type": "Feature", "geometry": {"type": "Polygon", "coordinates": [[[2.337346813872554, 6.373432671068854], [2.3371660284828355, 6.371623371267877], [2.3369852430931175, 6.371623371267877], [2.336442886923962, 6.371985231228073], [2.336442886923962, 6.372528021168367], [2.336804457703399, 6.372889881128561], [2.3357197453650884, 6.373070811108659], [2.3357197453650884, 6.373432671068854], [2.3349966038062147, 6.373613601048952], [2.335177389195933, 6.37379453102905], [2.335177389195933, 6.374156390989245], [2.334815818416496, 6.374337320969342], [2.334815818416496, 6.374699180929539], [2.335177389195933, 6.374880110909636], [2.3349966038062147, 6.375241970869831], [2.3344542476370593, 6.375422900849928], [2.334273462247341, 6.375784760810124], [2.3339118914679036, 6.375784760810124], [2.3335503206884667, 6.375061040889733], [2.3331887499090302, 6.375422900849928], [2.3333695352987487, 6.375603830830027], [2.3333695352987487, 6.375965690790221], [2.333007964519312, 6.376146620770319], [2.3331887499090302, 6.377594060611101], [2.3337311060781856, 6.377774990591199], [2.3337311060781856, 6.378498710511589], [2.3333695352987487, 6.378860570471785], [2.3340926768576225, 6.37922243043198], [2.3340926768576225, 6.379765220372273], [2.3344542476370593, 6.380308010312566], [2.3348158184164958, 6.380127080332469], [2.3348158184164958, 6.379765220372273], [2.3359005307548064, 6.379946150352371], [2.3366236723136806, 6.379584290392176], [2.336804457703399, 6.380127080332469], [2.337708384651991, 6.380127080332469], [2.337708384651991, 6.379765220372273], [2.3380699554314277, 6.379584290392176], [2.338612311600583, 6.379765220372273], [2.3387930969903015, 6.37922243043198], [2.3391546677697383, 6.37922243043198], [2.3391546677697383, 6.378679640491686], [2.33897388238002, 6.378679640491686], [2.3391546677697383, 6.378317780531492], [2.3409625216669228, 6.377594060611101], [2.3407817362772043, 6.377051270670807], [2.340239380108049, 6.376689410710612], [2.3404201654977674, 6.376508480730515], [2.340239380108049, 6.375965690790221], [2.3396970239388937, 6.375603830830026], [2.339877809328612, 6.375422900849929], [2.3396970239388937, 6.374880110909635], [2.339335453159457, 6.375061040889733], [2.33897388238002, 6.374337320969342], [2.338250740821146, 6.37451825094944], [2.3380699554314277, 6.373975461009147], [2.337346813872554, 6.373432671068854]]]}, "properties": {"name": "Fignonhou\n", "commune": "ABOMEY-CALAVI", "confidence": "HIGH", "area_m2": 451200.0, "perimeter_m": 4560.1, "road_length_m": 6655.2, "n_road_vertices": 222, "avg_dist_to_road_m": 29.5, "pct_area_near_road": 100.0, "color": "#ca7f39", "neighbours": ["Dèkoungbé\n", "Dénou\n", "Godomey-N'Gbèho", "Ningboto\n"], "n_neighbours": 4, "manual_review_reasons": []}}, {"type": "Feature", "geometry": {"type": "Polygon", "coordinates": [[[2.400260129494572, 6.372889881128561], [2.4000793441048534, 6.373975461009148], [2.4006217002740087, 6.374337320969343], [2.4006217002740087, 6.375061040889733], [2.399898558715135, 6.375603830830026], [2.399898558715135, 6.375965690790221], [2.399175417156261, 6.375603830830026], [2.399175417156261, 6.37614662077032], [2.4000793441048534, 6.37614662077032], [2.4000793441048534, 6.376327550750418], [2.4009832710534456, 6.37614662077032], [2.4013448418328824, 6.376689410710613], [2.4024295541711926, 6.376689410710613], [2.4027911249506295, 6.376508480730515], [2.4027911249506295, 6.37614662077032], [2.4035142665095033, 6.376327550750418], [2.4042374080683775, 6.375965690790222], [2.404418193458096, 6.376508480730515], [2.404960549627251, 6.376689410710613], [2.405502905796406, 6.375784760810125], [2.405502905796406, 6.374880110909636], [2.4058644765758435, 6.374699180929539], [2.4064068327449983, 6.375061040889734], [2.4064068327449983, 6.37451825094944], [2.4060452619655615, 6.374337320969342], [2.4060452619655615, 6.373975461009147], [2.4053221204066877, 6.373794531029049], [2.4053221204066877, 6.372347091188269], [2.4056836911861246, 6.372166161208171], [2.4056836911861246, 6.371623371267877], [2.4051413350169693, 6.37144244128778], [2.4047797642375324, 6.370899651347487], [2.4044181934580955, 6.370899651347487], [2.4040566226786586, 6.370356861407194], [2.403695051899222, 6.370718721367389], [2.403695051899222, 6.371985231228073], [2.4033334811197853, 6.372708951148463], [2.4020679833917558, 6.372889881128561], [2.4018871980020373, 6.372528021168366], [2.401164056443164, 6.372528021168366], [2.401164056443164, 6.372708951148463], [2.400260129494572, 6.372889881128561]]]}, "properties": {"name": "Vodjè-Ayidoté", "commune": "COTONOU", "confidence": "HIGH", "area_m2": 286000.0, "perimeter_m": 3680.0, "road_length_m": 2957.8, "n_road_vertices": 110, "avg_dist_to_road_m": 41.0, "pct_area_near_road": 95.8, "color": "#9fdb46", "neighbours": ["Agontinkon", "Gbégamey-Gbagoudo", "Houénoussou-Sainte-Rita", "Tonato", "Vodjè-Allobatin", "Vodjè-Centre", "Vodjè-Finagnon"], "n_neighbours": 7, "manual_review_reasons": []}}, {"type": "Feature", "geometry": {"type": "Polygon", "coordinates": [[[2.4078531158627463, 6.378136850551393], [2.407672330473028, 6.379041500451882], [2.4062260473552803, 6.380488940292663], [2.407310759693591, 6.381393590193152], [2.406949188914154, 6.381755450153347], [2.406949188914154, 6.3822982400936406], [2.407672330473028, 6.3822982400936406], [2.4078531158627463, 6.382660100053836], [2.4087570428113385, 6.3817554501533476], [2.409841755149649, 6.3828410300339335], [2.4102033259290856, 6.3828410300339335], [2.4109264674879594, 6.381393590193152], [2.4127343213851438, 6.381031730232957], [2.412915106774862, 6.379765220372273], [2.4138190337234544, 6.378860570471785], [2.413638248333736, 6.378136850551393], [2.413276677554299, 6.378136850551393], [2.4130958921645806, 6.377774990591198], [2.412372750605707, 6.377774990591198], [2.4112880382673962, 6.376689410710612], [2.4107456820982414, 6.377232200650905], [2.4100225405393676, 6.377413130631003], [2.4094801843702123, 6.378317780531491], [2.4085762574216196, 6.377774990591198], [2.4078531158627463, 6.378136850551393]]]}, "properties": {"name": "Houéhoun", "commune": "COTONOU", "confidence": "HIGH", "area_m2": 315200.0, "perimeter_m": 3440.0, "road_length_m": 2796.2, "n_road_vertices": 58, "avg_dist_to_road_m": 51.3, "pct_area_near_road": 95.4, "color": "#cdb33b", "neighbours": ["Agbondjèdo", "Agontinkon", "Gbèdagba", "Houénoussou-Sainte-Rita", "Minonkpô-Wologuèdè", "Mèdédjro"], "n_neighbours": 6, "manual_review_reasons": []}}, {"type": "Feature", "geometry": {"type": "MultiPolygon", "coordinates": [[[[2.3961020655310477, 6.375241970869831], [2.3955597093618923, 6.375241970869831], [2.395017353192737, 6.375603830830026], [2.395017353192737, 6.375965690790221], [2.3944749970235817, 6.375965690790221], [2.394113426244145, 6.377594060611101], [2.3944749970235817, 6.378317780531492], [2.3948365678030186, 6.37849871051159], [2.3948365678030186, 6.378860570471785], [2.396282850920766, 6.379041500451883], [2.396282850920766, 6.379584290392176], [2.39700599247964, 6.379946150352371], [2.39700599247964, 6.381031730232957], [2.398271490207669, 6.380669870272762], [2.3986330609871054, 6.381393590193152], [2.398813846376824, 6.380850800252859], [2.399175417156261, 6.380850800252859], [2.399536987935698, 6.382117310113543], [2.400079344104853, 6.381936380133445], [2.400079344104853, 6.38157452017325], [2.4006217002740087, 6.38157452017325], [2.4006217002740087, 6.382117310113543], [2.401164056443164, 6.3822982400936406], [2.4013448418328824, 6.382660100053836], [2.401706412612319, 6.382660100053836], [2.4020679833917558, 6.381936380133445], [2.4027911249506295, 6.3822982400936406], [2.4031526957300664, 6.381936380133445], [2.4031526957300664, 6.381212660213054], [2.4020679833917558, 6.380488940292663], [2.4020679833917558, 6.379584290392175], [2.4015256272226004, 6.379222430431979], [2.401706412612319, 6.378498710511589], [2.399717773325416, 6.377051270670807], [2.399717773325416, 6.376508480730515], [2.400079344104853, 6.376146620770319], [2.397548348648795, 6.376327550750417], [2.397548348648795, 6.376689410710612], [2.397186777869358, 6.376689410710612], [2.397186777869358, 6.375965690790222], [2.3975483486487947, 6.375784760810125], [2.3975483486487947, 6.375422900849928], [2.396825207089921, 6.375061040889733], [2.3966444217002025, 6.374699180929538], [2.3961020655310477, 6.375241970869831]]], [[[2.3993562025459796, 6.382841030033933], [2.3993562025459796, 6.3833838199742265], [2.399717773325416, 6.383745679934422], [2.3998985587151345, 6.382841030033933], [2.399717773325416, 6.382660100053835], [2.3993562025459796, 6.382841030033933]]], [[[2.399536987935698, 6.3844693998548125], [2.399717773325416, 6.384288469874714], [2.399536987935698, 6.384288469874714], [2.399536987935698, 6.3844693998548125]]], [[[2.3997177733254165, 6.384469399854812], [2.3997177733254165, 6.385193119775203], [2.4006217002740082, 6.3850121897951055], [2.4006217002740082, 6.384650329834909], [2.3997177733254165, 6.384469399854812]]]]}, "properties": {"name": "Tonato", "commune": "COTONOU", "confidence": "HIGH", "area_m2": 429200.0, "perimeter_m": 5280.1, "road_length_m": 5484.3, "n_road_vertices": 146, "avg_dist_to_road_m": 40.3, "pct_area_near_road": 98.3, "color": "#3ecd8a", "neighbours": ["Gbénonkpô", "Houénoussou-Sainte-Rita", "Houéyihô-Tannou", "Missogbé", "Missèkplé", "Vodjè-Ayidoté", "Vodjè-Finagnon"], "n_neighbours": 7, "manual_review_reasons": []}}, {"type": "Feature", "geometry": {"type": "Polygon", "coordinates": [[[2.4210504493121925, 6.376508480730514], [2.420508093143037, 6.3775940606111], [2.420508093143037, 6.378136850551394], [2.420869663922474, 6.378136850551394], [2.4214120200916294, 6.378679640491687], [2.42249673242994, 6.378679640491687], [2.422858303209377, 6.37922243043198], [2.4241238009374055, 6.378679640491687], [2.4232198739888133, 6.377774990591198], [2.4228583032093765, 6.377774990591198], [2.424304586327124, 6.375784760810125], [2.4232198739888133, 6.374699180929538], [2.4226775178196585, 6.374699180929538], [2.4219543762607847, 6.375422900849928], [2.4214120200916294, 6.375422900849928], [2.4210504493121925, 6.375965690790221], [2.4210504493121925, 6.376508480730514]]]}, "properties": {"name": "Aïdjèdo-Ahito", "commune": "COTONOU", "confidence": "HIGH", "area_m2": 124400.0, "perimeter_m": 2120.0, "road_length_m": 973.4, "n_road_vertices": 26, "avg_dist_to_road_m": 53.3, "pct_area_near_road": 92.3, "color": "#d841a1", "neighbours": ["Aïdjèdo", "Fignon-Sikê", "Gbèdjromèdè", "Jéricho-Nord"], "n_neighbours": 4, "manual_review_reasons": []}}, {"type": "Feature", "geometry": {"type": "Polygon", "coordinates": [[[2.4196041661944445, 6.371080581327584], [2.4185194538561343, 6.371804301247975], [2.4185194538561343, 6.372889881128562], [2.4187002392458528, 6.372889881128562], [2.4185194538561343, 6.373613601048952], [2.417615526907542, 6.37451825094944], [2.417615526907542, 6.375061040889734], [2.4181578830766974, 6.375241970869832], [2.4187002392458528, 6.375965690790222], [2.4190618100252896, 6.375965690790222], [2.418881024635571, 6.376870340690711], [2.4203273077533183, 6.376870340690711], [2.421050449312192, 6.376508480730515], [2.421050449312192, 6.375965690790222], [2.421412020091629, 6.375422900849929], [2.422315947040221, 6.375241970869832], [2.423039088599095, 6.374518250949441], [2.4232198739888133, 6.373975461009147], [2.4219543762607842, 6.373070811108659], [2.422315947040221, 6.37216616120817], [2.421773590871066, 6.371985231228073], [2.421412020091629, 6.37144244128778], [2.4205080931430367, 6.371623371267877], [2.4196041661944445, 6.371080581327584]]]}, "properties": {"name": "Fignon-Sikê", "commune": "COTONOU", "confidence": "HIGH", "area_m2": 239200.0, "perimeter_m": 2720.0, "road_length_m": 1476.1, "n_road_vertices": 34, "avg_dist_to_road_m": 58.6, "pct_area_near_road": 86.6, "color": "#de4cd6", "neighbours": ["Aïdjèdo-Ahito", "Gbèdjromèdè", "Jéricho-Nord", "Minonkpô-Wologuèdè", "Missité-Sikê", "Sèdami", "Sèhogan-Sikê", "Énagnon-Sikê"], "n_neighbours": 8, "manual_review_reasons": []}}, {"type": "Feature", "geometry": {"type": "Polygon", "coordinates": [[[2.3780235265592036, 6.369814071466901], [2.3763964580517376, 6.371623371267878], [2.3776619557797667, 6.372889881128562], [2.3796505950666695, 6.373432671068855], [2.379831380456388, 6.374337320969343], [2.380192951235825, 6.374518250949441], [2.380192951235825, 6.375784760810125], [2.3809160927946986, 6.37614662077032], [2.381458448963854, 6.376870340690711], [2.3812776635741355, 6.377232200650906], [2.3816392343535724, 6.377774990591199], [2.381820019743291, 6.379403360412077], [2.3812776635741355, 6.379584290392175], [2.3812776635741355, 6.380127080332469], [2.381820019743291, 6.380127080332469], [2.3816392343535724, 6.381031730232957], [2.382362375912446, 6.3817554501533476], [2.3821815905227277, 6.3828410300339335], [2.383447088250757, 6.382660100053836], [2.383447088250757, 6.383202889994129], [2.38417022980963, 6.383564749954324], [2.3843510151993486, 6.383202889994129], [2.3847125859787854, 6.383202889994129], [2.3852549421479408, 6.381936380133445], [2.3856165129273776, 6.381936380133445], [2.38652043987597, 6.380850800252859], [2.3868820106554067, 6.380850800252859], [2.38652043987597, 6.380127080332468], [2.3867012252656883, 6.379403360412078], [2.387785937603999, 6.379765220372273], [2.3879667229937174, 6.378679640491687], [2.3885090791628727, 6.37849871051159], [2.388689864552591, 6.377774990591198], [2.388147508383436, 6.377413130631003], [2.3872435814348436, 6.377413130631003], [2.387062796045125, 6.376508480730514], [2.385616512927378, 6.376689410710612], [2.385616512927378, 6.377051270670807], [2.3847125859787854, 6.377051270670807], [2.3847125859787854, 6.37687034069071], [2.38417022980963, 6.37687034069071], [2.3834470882507564, 6.376146620770319], [2.3823623759124457, 6.376146620770319], [2.3823623759124457, 6.375784760810124], [2.381639234353572, 6.375061040889733], [2.381639234353572, 6.374337320969343], [2.3818200197432904, 6.374337320969343], [2.381639234353572, 6.371804301247976], [2.3818200197432904, 6.371804301247976], [2.3818200197432904, 6.369995001446999], [2.382000805133009, 6.369814071466901], [2.3800121658461064, 6.369452211506705], [2.3800121658461064, 6.369633141486803], [2.3789274535077958, 6.369633141486803], [2.3789274535077958, 6.369814071466901], [2.3780235265592036, 6.369814071466901]]]}, "properties": {"name": "Védokô", "commune": "COTONOU", "confidence": "HIGH", "area_m2": 671600.0, "perimeter_m": 6520.1, "road_length_m": 6160.4, "n_road_vertices": 184, "avg_dist_to_road_m": 84.6, "pct_area_near_road": 74.2, "color": "#3dd9d3", "neighbours": ["Adjaha-Cité", "Agounvocôdji", "Ahogbohoué-Cité-Eucharistie", "Gbèdégbé", "Houéyihô-Tannou", "Kouhounou", "Sètôvi"], "n_neighbours": 7, "manual_review_reasons": []}}, {"type": "Feature", "geometry": {"type": "Polygon", "coordinates": [[[2.4736589977202583, 6.378317780531491], [2.473116641551103, 6.377955920571296], [2.4718511438230744, 6.377955920571296], [2.4718511438230744, 6.378317780531491], [2.470947216874482, 6.378317780531491], [2.4707664314847637, 6.37994615035237], [2.468777792197861, 6.37994615035237], [2.468777792197861, 6.381755450153347], [2.4685970068081424, 6.381755450153347], [2.468777792197861, 6.3860977696756915], [2.469862504536171, 6.385916839695594], [2.469862504536171, 6.385374049755301], [2.4709472168744817, 6.385374049755301], [2.4711280022642, 6.384831259815008], [2.4718511438230744, 6.385374049755301], [2.4725742853819477, 6.385374049755301], [2.4736589977202583, 6.384831259815008], [2.474743710058569, 6.385193119775203], [2.4752860662277243, 6.384831259815008], [2.476009207786598, 6.384831259815008], [2.476009207786598, 6.3844693998548125], [2.4763707785660354, 6.3844693998548125], [2.476551563955754, 6.38465032983491], [2.4763707785660354, 6.384831259815007], [2.476551563955754, 6.3866405596159845], [2.4769131347351903, 6.386278699655789], [2.477636276294064, 6.386459629635887], [2.4774554909043456, 6.385374049755301], [2.478359417852938, 6.385374049755301], [2.4790825594118115, 6.38465032983491], [2.4787209886323747, 6.384107539894616], [2.478901774022093, 6.382841030033933], [2.477997847073501, 6.382660100053835], [2.477997847073501, 6.382117310113542], [2.477636276294064, 6.382117310113542], [2.476732349345472, 6.381031730232956], [2.476370778566035, 6.381212660213054], [2.4758284223968796, 6.380850800252858], [2.474743710058569, 6.380850800252858], [2.4745629246688505, 6.379584290392175], [2.4736589977202583, 6.379403360412077], [2.4736589977202583, 6.378317780531491]]]}, "properties": {"name": "Avotrou-Aïmonlonfidé", "commune": "COTONOU", "confidence": "HIGH", "area_m2": 657200.0, "perimeter_m": 5080.0, "road_length_m": 7897.5, "n_road_vertices": 226, "avg_dist_to_road_m": 37.5, "pct_area_near_road": 98.7, "color": "#53dcd3", "neighbours": ["Avotrou-Gbègo", "Avotrou-Houézèkomè", "Kowégbo", "Tchanhounkpamè", "Yénawa", "Yénawa-Daho"], "n_neighbours": 6, "manual_review_reasons": []}}, {"type": "Feature", "geometry": {"type": "Polygon", "coordinates": [[[2.325234192761419, 6.542240342499976], [2.325234192761419, 6.543144992400465], [2.324511051202545, 6.54350685236066], [2.323245553474516, 6.543325922380562], [2.321980055746487, 6.544592432241246], [2.321980055746487, 6.545858942101931], [2.3227031973053607, 6.546039872082028], [2.322883982695079, 6.547306381942712], [2.324511051202545, 6.548391961823298], [2.3239686950333898, 6.549115681743688], [2.3237879096436713, 6.550020331644177], [2.324149480423108, 6.550020331644177], [2.3246918365922635, 6.55056312158447], [2.324872621981982, 6.552191491405348], [2.3239686950333898, 6.553277071285934], [2.3239686950333898, 6.554181721186423], [2.325234192761419, 6.554543581146619], [2.325234192761419, 6.555267301067008], [2.3246918365922635, 6.555448231047106], [2.3246918365922635, 6.556171950967498], [2.325234192761419, 6.5559910209874], [2.325776548930574, 6.556352880947595], [2.3264996904894475, 6.556352880947595], [2.3272228320483213, 6.555629161027205], [2.329030685945506, 6.5559910209874], [2.3292114713352245, 6.558704970688865], [2.3297538275043794, 6.558885900668963], [2.329934612894098, 6.558524040708767], [2.3302961836735347, 6.558524040708767], [2.330476969063253, 6.558162180748572], [2.331561681401564, 6.557619390808279], [2.3313808960118454, 6.557257530848083], [2.33083853984269, 6.557076600867985], [2.33083853984269, 6.556533810927692], [2.3306577544529716, 6.556533810927692], [2.3310193252324085, 6.555086371086911], [2.330476969063253, 6.554000791206326], [2.3310193252324085, 6.554000791206326], [2.3319232521810007, 6.553277071285935], [2.331561681401564, 6.552372421385446], [2.3306577544529716, 6.55201056142525], [2.3301153982838163, 6.551467771484957], [2.3301153982838163, 6.550744051564568], [2.3306577544529716, 6.549839401664079], [2.33318874990903, 6.550201261624275], [2.334092676857622, 6.549296611723786], [2.334092676857622, 6.547849171883004], [2.333731106078185, 6.547668241902906], [2.333731106078185, 6.546944521982517], [2.3351773891959327, 6.545858942101931], [2.335358174585651, 6.544773362221345], [2.3362621015342433, 6.544773362221345], [2.33662367231368, 6.543325922380563], [2.3371660284828355, 6.54278313244027], [2.337708384651991, 6.54278313244027], [2.337708384651991, 6.542421272480075], [2.3380699554314277, 6.542421272480075], [2.3380699554314277, 6.541878482539781], [2.337708384651991, 6.541697552559683], [2.3380699554314277, 6.540431042699], [2.3378891700417093, 6.540431042699], [2.3375275992622724, 6.539164532838316], [2.33662367231368, 6.539345462818414], [2.33662367231368, 6.538621742898023], [2.333911891467904, 6.538802672878121], [2.333911891467904, 6.539164532838316], [2.3333695352987487, 6.539164532838316], [2.3331887499090302, 6.539707322778609], [2.332646393739875, 6.540069182738804], [2.332104037570719, 6.539888252758707], [2.3319232521810007, 6.539164532838316], [2.330657754452972, 6.539345462818414], [2.3304769690632536, 6.540431042699], [2.3301153982838168, 6.540431042699], [2.3295730421146614, 6.540973832639293], [2.329030685945506, 6.540973832639293], [2.328488329776351, 6.541697552559683], [2.32740361743804, 6.541697552559683], [2.3272228320483217, 6.542240342499976], [2.326861261268885, 6.542421272480074], [2.3264996904894475, 6.542421272480074], [2.3261381197100106, 6.541878482539781], [2.325776548930574, 6.542240342499976], [2.325234192761419, 6.542240342499976]]]}, "properties": {"name": "Azonsa", "commune": "ABOMEY-CALAVI", "confidence": "HIGH", "area_m2": 1948400.0, "perimeter_m": 10120.1, "road_length_m": 12560.5, "n_road_vertices": 536, "avg_dist_to_road_m": 58.0, "pct_area_near_road": 84.5, "color": "#41cc74", "neighbours": ["Agonkèssa", "Agonmé", "Domey-Gbo", "Gbétagbo", "Lohoussa", "Yèkon-Do", "Zèkanmey-Domè"], "n_neighbours": 7, "manual_review_reasons": []}}, {"type": "Feature", "geometry": {"type": "Polygon", "coordinates": [[[2.324691836592263, 6.422102835715126], [2.324511051202545, 6.421740975754931], [2.3237879096436713, 6.4224646956753215], [2.322341626525924, 6.422645625655419], [2.3221608411362054, 6.42336934557581], [2.3217992703567685, 6.42336934557581], [2.32161848496705, 6.423731205536005], [2.3212569141876127, 6.423731205536005], [2.3210761287978943, 6.42336934557581], [2.320714558018458, 6.42336934557581], [2.3205337726287394, 6.423731205536005], [2.319991416459584, 6.4235502755559075], [2.319629845680147, 6.423731205536005], [2.3192682749007103, 6.4246358554364935], [2.318364347952118, 6.424454925456396], [2.318002777172681, 6.424997715396689], [2.3176412063932443, 6.424997715396689], [2.3176412063932443, 6.425359575356884], [2.3169180648343706, 6.425359575356884], [2.3169180648343706, 6.425540505336982], [2.3160141378857784, 6.425359575356884], [2.3156525671063415, 6.425902365297178], [2.31583335249606, 6.426083295277276], [2.317460421003526, 6.425902365297178], [2.3176412063932443, 6.426264225257373], [2.3172796356138075, 6.426987945177763], [2.317460421003526, 6.427530735118056], [2.3169180648343706, 6.4278925950782515], [2.3172796356138075, 6.428254455038448], [2.3169180648343706, 6.428978174958838], [2.317460421003526, 6.429159104938936], [2.317460421003526, 6.429520964899131], [2.3178219917829628, 6.429701894879229], [2.3181835625623997, 6.43042561479962], [2.3185451333418365, 6.43042561479962], [2.3185451333418365, 6.432053984620498], [2.3181835625623997, 6.432596774560792], [2.318725918731555, 6.433139564501085], [2.318725918731555, 6.43350142446128], [2.3199914164595836, 6.433320494481182], [2.3203529872390205, 6.432958634520987], [2.3208953434081763, 6.432958634520987], [2.3210761287978947, 6.433320494481182], [2.322341626525924, 6.432958634520987], [2.323245553474516, 6.434767934321964], [2.3239686950333898, 6.434406074361768], [2.324149480423108, 6.434948864302061], [2.3246918365922635, 6.434948864302061], [2.325234192761419, 6.435491654242354], [2.3255957635408553, 6.435491654242354], [2.3257765489305737, 6.435129794282159], [2.326680475879166, 6.435491654242354], [2.3268612612688844, 6.434767934321964], [2.32740361743804, 6.434587004341866], [2.3275844028277586, 6.434948864302061], [2.3279459736071955, 6.434948864302061], [2.328126758996914, 6.435672584222452], [2.329573042114661, 6.436034444182647], [2.3297538275043794, 6.435672584222451], [2.329573042114661, 6.435672584222451], [2.3293922567249425, 6.434767934321964], [2.3297538275043794, 6.434587004341866], [2.329573042114661, 6.433682354441378], [2.330476969063253, 6.432777704540889], [2.3302961836735347, 6.431692124660303], [2.3313808960118454, 6.431511194680206], [2.331561681401564, 6.430787474759815], [2.332104037570719, 6.430606544779717], [2.332104037570719, 6.430244684819522], [2.3335503206884667, 6.43042561479962], [2.3342734622473404, 6.429701894879229], [2.334092676857622, 6.429340034919034], [2.3346350330267773, 6.428616314998642], [2.3342734622473404, 6.4278925950782515], [2.3339118914679036, 6.427711665098154], [2.3339118914679036, 6.426987945177763], [2.3335503206884667, 6.426987945177763], [2.3330079645193114, 6.426083295277275], [2.3322848229604376, 6.425902365297177], [2.3317424667912823, 6.425359575356884], [2.3322848229604376, 6.423912135516103], [2.3317424667912823, 6.423731205536005], [2.3313808960118454, 6.4230074856156145], [2.331200110622127, 6.421560045774833], [2.3301153982838163, 6.420474465894247], [2.328126758996914, 6.422102835715126], [2.3274036174380397, 6.422102835715126], [2.3264996904894475, 6.42101725583454], [2.3259573343202926, 6.421198185814638], [2.325234192761419, 6.422102835715126], [2.324691836592263, 6.422102835715126]]]}, "properties": {"name": "Tankpè-Tanmè", "commune": "ABOMEY-CALAVI", "confidence": "HIGH", "area_m2": 2102400.0, "perimeter_m": 9519.9, "road_length_m": 27949.6, "n_road_vertices": 1218, "avg_dist_to_road_m": 29.8, "pct_area_near_road": 98.0, "color": "#ce4b74", "neighbours": ["Alègléta", "Cité-la-Victoire\n", "Fifonsi\n", "Tankpê-Yoho", "Tchinangbégbo\n", "Zogbadjè"], "n_neighbours": 6, "manual_review_reasons": []}}, {"type": "Feature", "geometry": {"type": "Polygon", "coordinates": [[[2.4485298285493955, 6.372347091188268], [2.4485298285493955, 6.373432671068854], [2.446721974652211, 6.373432671068854], [2.4472643308213664, 6.373975461009148], [2.4472643308213664, 6.375784760810124], [2.4469027600419295, 6.375784760810124], [2.4469027600419295, 6.376508480730515], [2.44798747238024, 6.376689410710613], [2.4485298285493955, 6.377232200650906], [2.448710613939114, 6.378860570471785], [2.450518467836298, 6.379041500451883], [2.4503376824465795, 6.376870340690711], [2.4512416093951717, 6.376689410710613], [2.4512416093951717, 6.375603830830027], [2.4523263217334823, 6.375784760810125], [2.452687892512919, 6.375422900849929], [2.452687892512919, 6.374337320969342], [2.4523263217334828, 6.374337320969342], [2.4521455363437643, 6.374699180929538], [2.4512416093951717, 6.374699180929538], [2.4503376824465795, 6.373794531029049], [2.450518467836298, 6.373070811108659], [2.4499761116671426, 6.372708951148463], [2.4499761116671426, 6.372347091188268], [2.4485298285493955, 6.372347091188268]]]}, "properties": {"name": "Ayélawadjè", "commune": "COTONOU", "confidence": "HIGH", "area_m2": 250400.0, "perimeter_m": 3120.1, "road_length_m": 2072.1, "n_road_vertices": 48, "avg_dist_to_road_m": 46.8, "pct_area_near_road": 95.8, "color": "#b24bc6", "neighbours": ["Adjégounlè", "Ayélawadjè-Agongbomè", "Fifatin", "Gbèdjèwin", "Lom-Nava", "Midombo"], "n_neighbours": 6, "manual_review_reasons": []}}, {"type": "Feature", "geometry": {"type": "Polygon", "coordinates": [[[2.4304512895775514, 6.355520603039185], [2.4304512895775514, 6.35588246299938], [2.4293665772392408, 6.356244322959576], [2.4293665772392408, 6.357148972860065], [2.4297281480186776, 6.357329902840163], [2.429547362628959, 6.358234552740651], [2.429908933408396, 6.358234552740651], [2.43063207496727, 6.358958272661042], [2.43063207496727, 6.359320132621236], [2.430270504187833, 6.359501062601334], [2.430270504187833, 6.360405712501823], [2.4308128603569883, 6.360948502442116], [2.431355216526143, 6.360948502442116], [2.43171678730558, 6.360405712501823], [2.4324399288644543, 6.360224782521725], [2.432801499643891, 6.360767572462018], [2.4338862119822013, 6.361310362402311], [2.4338862119822013, 6.360948502442116], [2.4347901389307935, 6.360043852541628], [2.4347901389307935, 6.359681992581431], [2.4342477827616382, 6.359501062601334], [2.4342477827616382, 6.359139202641138], [2.433343855813046, 6.358777342680943], [2.4335246412027645, 6.358053622760553], [2.4342477827616382, 6.35751083282026], [2.43406699737192, 6.355701533019283], [2.432439928864454, 6.355701533019283], [2.432439928864454, 6.355520603039185], [2.4311744311364247, 6.355701533019283], [2.430812860356988, 6.355339673059087], [2.4304512895775514, 6.355520603039185]]]}, "properties": {"name": "Avlékété-Joncquet", "commune": "COTONOU", "confidence": "HIGH", "area_m2": 257200.0, "perimeter_m": 3040.0, "road_length_m": 2145.0, "n_road_vertices": 50, "avg_dist_to_road_m": 46.1, "pct_area_near_road": 99.4, "color": "#c4d747", "neighbours": ["Dota", "Guinkômey", "Missité", "Missèbô", "Xwlacôdji-Kpodji", "Zongo-Nima"], "n_neighbours": 6, "manual_review_reasons": []}}, {"type": "Feature", "geometry": {"type": "Polygon", "coordinates": [[[2.408214686642183, 6.36601454188485], [2.4074915450833094, 6.367100121765437], [2.4083954720319016, 6.36764291170573], [2.4083954720319016, 6.368004771665924], [2.4080339012524647, 6.368185701646022], [2.4080339012524647, 6.368909421566413], [2.4087570428113385, 6.369633141486804], [2.4092993989804934, 6.369633141486804], [2.410022540539367, 6.368547561606218], [2.4114688236571147, 6.369090351546511], [2.4114688236571147, 6.368728491586316], [2.41201117982627, 6.36836663162612], [2.41201117982627, 6.367642911705729], [2.4118303944365516, 6.367642911705729], [2.4118303944365516, 6.367281051745534], [2.4121919652159884, 6.367100121765437], [2.41201117982627, 6.366014541884851], [2.412372750605707, 6.366014541884851], [2.412372750605707, 6.365471751944557], [2.41201117982627, 6.365109891984361], [2.4111072528776782, 6.364748032024166], [2.4107456820982414, 6.365471751944557], [2.4103841113188045, 6.365652681924654], [2.4103841113188045, 6.366195471864947], [2.409841755149649, 6.36673826180524], [2.409480184370212, 6.36673826180524], [2.409480184370212, 6.366195471864947], [2.4089378282010565, 6.36601454188485], [2.408757042811338, 6.365652681924654], [2.408214686642183, 6.36601454188485]]]}, "properties": {"name": "Gbégamey-Dodo-Ayidjè", "commune": "COTONOU", "confidence": "HIGH", "area_m2": 164000.0, "perimeter_m": 2680.1, "road_length_m": 1219.0, "n_road_vertices": 30, "avg_dist_to_road_m": 46.6, "pct_area_near_road": 98.8, "color": "#d64b9a", "neighbours": ["Dagbédji-Sikê", "Gbégamey-Ahito", "Gbégamey-Centre", "Gbégamey-Gbagoudo", "Saint-Jean-Gbèdiga", "Vodjè-Allobatin"], "n_neighbours": 6, "manual_review_reasons": []}}, {"type": "Feature", "geometry": {"type": "MultiPolygon", "coordinates": [[[[2.4436486230269976, 6.368547561606217], [2.443467837637279, 6.369452211506705], [2.4422023399092496, 6.369633141486803], [2.4416599837400943, 6.369271281526608], [2.440936842181221, 6.369271281526608], [2.4407560567915025, 6.369633141486803], [2.440936842181221, 6.370175931427097], [2.4420215545195316, 6.370175931427097], [2.4420215545195316, 6.370537791387292], [2.4427446960784054, 6.370537791387292], [2.442925481468124, 6.371080581327585], [2.4438294084167156, 6.371442441287781], [2.4441909791961525, 6.370899651347488], [2.4445525499755894, 6.370899651347488], [2.444733335365308, 6.369814071466902], [2.4450949061447447, 6.369452211506705], [2.4445525499755894, 6.369271281526608], [2.444010193806434, 6.368547561606217], [2.4436486230269976, 6.368547561606217]]], [[[2.4447333353653082, 6.370899651347487], [2.4447333353653082, 6.371985231228074], [2.4449141207550267, 6.372347091188269], [2.4454564769241816, 6.372347091188269], [2.4458180477036184, 6.371623371267878], [2.4458180477036184, 6.370899651347487], [2.4447333353653082, 6.370899651347487]]]]}, "properties": {"name": "Misséssin", "commune": "COTONOU", "confidence": "HIGH", "area_m2": 84800.0, "perimeter_m": 2239.9, "road_length_m": 1034.9, "n_road_vertices": 24, "avg_dist_to_road_m": 42.4, "pct_area_near_road": 98.1, "color": "#49cf57", "neighbours": ["Dédokpo", "Gbèdjèwin", "Gbénonkpô"], "n_neighbours": 3, "manual_review_reasons": []}}, {"type": "Feature", "geometry": {"type": "MultiPolygon", "coordinates": [[[[2.473839783109977, 6.365471751944557], [2.4734782123305403, 6.366557331825143], [2.472755070771666, 6.366557331825143], [2.472755070771666, 6.36601454188485], [2.4722127146025112, 6.366376401845045], [2.4711280022642006, 6.36601454188485], [2.4711280022642006, 6.366376401845046], [2.471670358433356, 6.367100121765437], [2.4714895730436375, 6.368004771665925], [2.4722127146025112, 6.367461981725632], [2.4722127146025112, 6.367823841685827], [2.4727550707716666, 6.36764291170573], [2.4727550707716666, 6.367823841685827], [2.473297426940822, 6.367823841685827], [2.47347821233054, 6.368185701646023], [2.474562924668851, 6.367461981725632], [2.474562924668851, 6.36836663162612], [2.474924495448288, 6.368547561606218], [2.474924495448288, 6.369271281526609], [2.4752860662277247, 6.369633141486804], [2.4747437100585694, 6.370175931427096], [2.4747437100585694, 6.370899651347487], [2.4743821392791325, 6.371261511307682], [2.474562924668851, 6.371804301247976], [2.475647637007161, 6.371804301247976], [2.475647637007161, 6.371623371267878], [2.4767323493454723, 6.371804301247976], [2.4767323493454723, 6.372708951148464], [2.477817061683783, 6.372708951148464], [2.477817061683783, 6.373613601048953], [2.4785402032426567, 6.373432671068855], [2.4785402032426567, 6.373975461009148], [2.47926334480153, 6.373975461009148], [2.47926334480153, 6.373613601048953], [2.479624915580967, 6.373432671068855], [2.479986486360404, 6.373613601048953], [2.4810711986987144, 6.373432671068855], [2.481251984088433, 6.372889881128562], [2.481794340257588, 6.372528021168367], [2.4816135548678697, 6.371261511307683], [2.4819751256473066, 6.371080581327585], [2.4819751256473066, 6.370175931427097], [2.482155911037025, 6.370175931427097], [2.482517481816462, 6.365652681924654], [2.4796249155809673, 6.365471751944557], [2.4796249155809673, 6.36601454188485], [2.4792633448015304, 6.366195471864947], [2.4792633448015304, 6.366557331825143], [2.4785402032426562, 6.365833611904752], [2.4776362762940645, 6.365833611904752], [2.4776362762940645, 6.367100121765436], [2.4754668516174427, 6.366919191785338], [2.4754668516174427, 6.36601454188485], [2.474743710058569, 6.365471751944557], [2.473839783109977, 6.365471751944557]]], [[[2.470947216874482, 6.366014541884851], [2.4711280022642, 6.365833611904752], [2.470947216874482, 6.365833611904752], [2.470947216874482, 6.366014541884851]]]]}, "properties": {"name": "Dandji", "commune": "COTONOU", "confidence": "HIGH", "area_m2": 678000.0, "perimeter_m": 5920.1, "road_length_m": 6370.8, "n_road_vertices": 176, "avg_dist_to_road_m": 43.8, "pct_area_near_road": 96.7, "color": "#c150dd", "neighbours": ["Avotrou-Houézèkomè", "Dandji-Hokanmè", "Finagnon", "Tanto", "Tchanhounkpamè"], "n_neighbours": 5, "manual_review_reasons": []}}, {"type": "Feature", "geometry": {"type": "Polygon", "coordinates": [[[2.4734782123305403, 6.37144244128778], [2.4734782123305403, 6.372166161208171], [2.473839783109977, 6.372347091188269], [2.4740205684996956, 6.373251741088756], [2.4734782123305403, 6.373251741088756], [2.4734782123305403, 6.374337320969342], [2.472574285381948, 6.374156390989245], [2.4722127146025112, 6.37451825094944], [2.4723934999922297, 6.375241970869832], [2.4727550707716666, 6.375422900849929], [2.4727550707716666, 6.375965690790221], [2.4718511438230744, 6.376508480730514], [2.4718511438230744, 6.377955920571297], [2.4731166415511034, 6.377955920571297], [2.473297426940822, 6.378317780531492], [2.4736589977202588, 6.378317780531492], [2.4736589977202588, 6.379403360412078], [2.474562924668851, 6.379584290392176], [2.474562924668851, 6.380669870272762], [2.4765515639557534, 6.3812126602130546], [2.4769131347351903, 6.381031730232957], [2.4769131347351903, 6.37922243043198], [2.477636276294064, 6.37922243043198], [2.477636276294064, 6.378317780531492], [2.4787209886323747, 6.378317780531492], [2.4787209886323747, 6.377232200650906], [2.47926334480153, 6.377232200650906], [2.478901774022093, 6.375965690790221], [2.4787209886323747, 6.375965690790221], [2.4785402032426562, 6.373432671068854], [2.4778170616837825, 6.373613601048952], [2.4778170616837825, 6.372708951148463], [2.476732349345472, 6.372708951148463], [2.476732349345472, 6.371804301247975], [2.476009207786598, 6.371804301247975], [2.476009207786598, 6.371623371267877], [2.4745629246688505, 6.371804301247975], [2.474382139279132, 6.371261511307682], [2.4734782123305403, 6.37144244128778]]]}, "properties": {"name": "Avotrou-Houézèkomè", "commune": "COTONOU", "confidence": "HIGH", "area_m2": 546800.0, "perimeter_m": 4200.2, "road_length_m": 6895.6, "n_road_vertices": 170, "avg_dist_to_road_m": 37.2, "pct_area_near_road": 99.3, "color": "#c0d24e", "neighbours": ["Avotrou-Aïmonlonfidé", "Avotrou-Gbègo", "Dandji", "Tanto", "Tchanhounkpamè", "Yagbé"], "n_neighbours": 6, "manual_review_reasons": []}}, {"type": "Feature", "geometry": {"type": "Polygon", "coordinates": [[[2.431536001915862, 6.38302196001403], [2.431174431136425, 6.383202889994128], [2.43063207496727, 6.383202889994128], [2.4304512895775514, 6.383745679934421], [2.4297281480186776, 6.384288469874714], [2.4297281480186776, 6.384650329834909], [2.4288242210700854, 6.3853740497553], [2.429005006459804, 6.386278699655789], [2.4293665772392408, 6.3866405596159845], [2.4304512895775514, 6.386459629635887], [2.4304512895775514, 6.387545209516473], [2.4308128603569883, 6.387545209516473], [2.4309936457467067, 6.387907069476668], [2.4315360019158616, 6.387907069476668], [2.4322591434747354, 6.386821489596082], [2.4326207142541727, 6.386821489596082], [2.4333438558130465, 6.387364279536375], [2.4333438558130465, 6.387907069476668], [2.4340669973719202, 6.387907069476668], [2.4346093535410755, 6.3888117193771565], [2.4356940658793858, 6.389173579337352], [2.435874851269104, 6.388087999456766], [2.4360556366588226, 6.388087999456766], [2.435874851269104, 6.383383819974226], [2.4338862119822013, 6.383383819974226], [2.4338862119822013, 6.383202889994128], [2.4328014996438907, 6.383383819974226], [2.4322591434747354, 6.382660100053835], [2.4317167873055805, 6.382660100053835], [2.431536001915862, 6.38302196001403]]]}, "properties": {"name": "Djidjè-Aïchédji", "commune": "COTONOU", "confidence": "HIGH", "area_m2": 356400.0, "perimeter_m": 3360.1, "road_length_m": 2634.4, "n_road_vertices": 68, "avg_dist_to_road_m": 60.2, "pct_area_near_road": 84.6, "color": "#dbc944", "neighbours": ["Adôgléta", "Ahouansori-Towéta-Kpota", "Aïdjèdo-Gbègo", "Djidjè", "Hlacômey"], "n_neighbours": 5, "manual_review_reasons": []}}, {"type": "Feature", "geometry": {"type": "Polygon", "coordinates": [[[2.434428568151357, 6.360224782521724], [2.434428568151357, 6.36058664248192], [2.433524641202765, 6.361491292382408], [2.433524641202765, 6.362034082322702], [2.434428568151357, 6.362757802243093], [2.434428568151357, 6.363119662203287], [2.4340669973719202, 6.363119662203287], [2.433524641202765, 6.364024312103775], [2.433524641202765, 6.364567102044069], [2.4337054265924833, 6.364567102044069], [2.433524641202765, 6.365471751944558], [2.4346093535410755, 6.366376401845046], [2.4356940658793858, 6.366014541884851], [2.436597992827978, 6.365109891984362], [2.436778778217697, 6.365471751944558], [2.4378634905560075, 6.366014541884851], [2.438586632114881, 6.366014541884851], [2.4393097736737546, 6.364748032024167], [2.439490559063473, 6.363300592183386], [2.440394486012065, 6.3622150123028], [2.440756056791502, 6.360948502442115], [2.4389482028943177, 6.360948502442115], [2.4387674175045992, 6.36058664248192], [2.438405846725163, 6.36058664248192], [2.438044275945726, 6.360767572462017], [2.438044275945726, 6.361129432422214], [2.438405846725163, 6.361129432422214], [2.4385866321148812, 6.361491292382408], [2.4380442759457255, 6.361853152342603], [2.437863490556007, 6.36131036240231], [2.4367787782176964, 6.360767572462017], [2.4360556366588226, 6.360948502442115], [2.434970924320512, 6.359862922561529], [2.434428568151357, 6.360224782521724]]]}, "properties": {"name": "Missèbô", "commune": "COTONOU", "confidence": "HIGH", "area_m2": 367600.0, "perimeter_m": 3920.0, "road_length_m": 2816.6, "n_road_vertices": 78, "avg_dist_to_road_m": 61.6, "pct_area_near_road": 80.8, "color": "#db4378", "neighbours": ["Abokicodji-Lagune", "Avlékété-Joncquet", "Bocossi-Tokpa", "Dédokpo", "Gbédokpo", "Guinkômey", "Missité", "Tokpa-Hoho"], "n_neighbours": 8, "manual_review_reasons": []}}, {"type": "Feature", "geometry": {"type": "Polygon", "coordinates": [[[2.4083954720319016, 6.381936380133444], [2.4080339012524647, 6.382660100053835], [2.4076723304730274, 6.38229824009364], [2.406949188914154, 6.38229824009364], [2.406949188914154, 6.382660100053836], [2.407672330473028, 6.3833838199742265], [2.4080339012524647, 6.3833838199742265], [2.406949188914154, 6.3850121897951055], [2.4083954720319016, 6.385916839695594], [2.408214686642183, 6.386097769675691], [2.4083954720319016, 6.3877261394965705], [2.4089378282010565, 6.3871833495562775], [2.409841755149649, 6.386821489596082], [2.410203325929086, 6.388449859416961], [2.4112880382673962, 6.3882689294368635], [2.4112880382673962, 6.388087999456766], [2.4127343213851438, 6.3882689294368635], [2.412915106774862, 6.3877261394965705], [2.4134574629440175, 6.387545209516473], [2.4134574629440175, 6.387002419576179], [2.4130958921645806, 6.387002419576179], [2.412915106774862, 6.386097769675691], [2.412372750605707, 6.385916839695593], [2.4125535359954253, 6.385193119775203], [2.412915106774862, 6.3850121897951055], [2.412915106774862, 6.384469399854812], [2.4114688236571147, 6.383926609914519], [2.41201117982627, 6.3833838199742265], [2.412372750605707, 6.38229824009364], [2.4121919652159884, 6.382117310113542], [2.411107252877678, 6.38229824009364], [2.4107456820982414, 6.381936380133444], [2.410203325929086, 6.382841030033933], [2.4098417551496487, 6.382841030033933], [2.408757042811338, 6.381755450153347], [2.4083954720319016, 6.381936380133444]]]}, "properties": {"name": "Mèdédjro", "commune": "COTONOU", "confidence": "HIGH", "area_m2": 329200.0, "perimeter_m": 4080.0, "road_length_m": 3049.7, "n_road_vertices": 70, "avg_dist_to_road_m": 47.2, "pct_area_near_road": 98.5, "color": "#c9643b", "neighbours": ["Gbèdagba", "Gbèdjromèdè-Nord", "Houéhoun", "Missèkplé", "Vossa"], "n_neighbours": 5, "manual_review_reasons": []}}, {"type": "Feature", "geometry": {"type": "Polygon", "coordinates": [[[2.4575690980353175, 6.373975461009147], [2.457388312645599, 6.375061040889733], [2.457026741866162, 6.375241970869831], [2.456303600307288, 6.375061040889733], [2.456303600307288, 6.374699180929538], [2.4555804587484147, 6.374699180929538], [2.455218887968978, 6.375061040889733], [2.455218887968978, 6.375965690790222], [2.456484385697007, 6.375965690790222], [2.4566651710867253, 6.376689410710613], [2.4579306688147544, 6.376689410710613], [2.4579306688147544, 6.378136850551394], [2.459015381153065, 6.378136850551394], [2.4591961665427835, 6.379041500451883], [2.45955773732222, 6.379041500451883], [2.4597385227119384, 6.378679640491687], [2.4606424496605306, 6.378679640491687], [2.460823235050249, 6.378136850551394], [2.461184805829686, 6.377955920571297], [2.461184805829686, 6.377232200650906], [2.4619079473885597, 6.376689410710613], [2.4619079473885597, 6.375241970869832], [2.462811874337152, 6.375241970869832], [2.462811874337152, 6.373432671068854], [2.4626310889474334, 6.373251741088756], [2.4619079473885597, 6.373432671068854], [2.4617271619988412, 6.373070811108659], [2.461365591219405, 6.373070811108659], [2.461004020439968, 6.373613601048952], [2.4606424496605306, 6.373613601048952], [2.4602808788810937, 6.373070811108659], [2.4591961665427835, 6.373070811108659], [2.4588345957633466, 6.374156390989245], [2.4575690980353175, 6.373975461009147]]]}, "properties": {"name": "Sènadé-Sèkon", "commune": "COTONOU", "confidence": "HIGH", "area_m2": 301600.0, "perimeter_m": 3320.0, "road_length_m": 3518.5, "n_road_vertices": 100, "avg_dist_to_road_m": 36.6, "pct_area_near_road": 99.2, "color": "#d74484", "neighbours": ["Irédé", "Lom-Nava", "Nvènamèdé", "Sodjatinmè-Est", "Suru-Léré", "Sènadé"], "n_neighbours": 6, "manual_review_reasons": []}}, {"type": "Feature", "geometry": {"type": "Polygon", "coordinates": [[[2.427016367172901, 6.381212660213054], [2.427016367172901, 6.381936380133444], [2.426654796393464, 6.382660100053835], [2.426112440224309, 6.38302196001403], [2.426112440224309, 6.384107539894617], [2.4264740110037457, 6.384107539894617], [2.426654796393464, 6.3844693998548125], [2.4275587233420564, 6.384288469874715], [2.427377937952338, 6.3850121897951055], [2.4281010795112117, 6.3855549797353985], [2.4290050064598034, 6.385374049755301], [2.430812860356988, 6.383202889994129], [2.4299089334083956, 6.38229824009364], [2.4293665772392403, 6.382117310113542], [2.430451289577551, 6.380488940292663], [2.4299089334083956, 6.380308010312565], [2.428824221070085, 6.379222430431979], [2.4284626502906486, 6.379222430431979], [2.427739508731775, 6.380850800252858], [2.427016367172901, 6.381212660213054]]]}, "properties": {"name": "Aïdjèdo-Gbègo", "commune": "COTONOU", "confidence": "HIGH", "area_m2": 204800.0, "perimeter_m": 2760.0, "road_length_m": 1441.8, "n_road_vertices": 30, "avg_dist_to_road_m": 58.6, "pct_area_near_road": 91.4, "color": "#d8673e", "neighbours": ["Ahouansouri-Agata", "Aïdjèdo", "Aïdjèdo-Vignon", "Djidjè", "Djidjè-Aïchédji"], "n_neighbours": 5, "manual_review_reasons": []}}, {"type": "Feature", "geometry": {"type": "Polygon", "coordinates": [[[2.402429554171193, 6.358415482720748], [2.40279112495063, 6.359139202641139], [2.40279112495063, 6.359862922561529], [2.4018871980020378, 6.359862922561529], [2.4017064126123193, 6.360405712501822], [2.4013448418328824, 6.36058664248192], [2.4013448418328824, 6.361491292382409], [2.4018871980020378, 6.361310362402311], [2.4029719103403484, 6.361853152342604], [2.4026103395609115, 6.362757802243092], [2.402067983391756, 6.363119662203287], [2.402067983391756, 6.363662452143581], [2.402429554171193, 6.363662452143581], [2.4029719103403484, 6.364386172063972], [2.403695051899222, 6.364024312103776], [2.404779764237533, 6.364928962004265], [2.4051413350169693, 6.364748032024167], [2.4053221204066877, 6.364024312103776], [2.4064068327449983, 6.364567102044069], [2.4064068327449983, 6.364205242083874], [2.4073107596935905, 6.363300592183386], [2.4065876181347168, 6.362576872262994], [2.407129974303872, 6.36131036240231], [2.4060452619655615, 6.360767572462017], [2.406768403524435, 6.35986292256153], [2.406768403524435, 6.358415482720748], [2.4062260473552803, 6.358053622760552], [2.406045261965562, 6.359139202641138], [2.4055029057964066, 6.359320132621236], [2.4051413350169697, 6.360043852541627], [2.4045989788478144, 6.360043852541627], [2.4045989788478144, 6.360224782521724], [2.4044181934580955, 6.360224782521724], [2.4044181934580955, 6.359681992581431], [2.4040566226786586, 6.359501062601334], [2.4040566226786586, 6.358596412700845], [2.4036950518992217, 6.358596412700845], [2.403333481119785, 6.358053622760552], [2.40279112495063, 6.358053622760552], [2.402429554171193, 6.358415482720748]]]}, "properties": {"name": "Cadjèhoun-Gare", "commune": "COTONOU", "confidence": "HIGH", "area_m2": 298000.0, "perimeter_m": 4120.1, "road_length_m": 2620.0, "n_road_vertices": 60, "avg_dist_to_road_m": 45.4, "pct_area_near_road": 100.0, "color": "#49cb78", "neighbours": ["Cadjèhoun-Aupiais", "Cadjèhoun-Azalokogon", "Cadjèhoun-Détinsa", "Cadjèhoun-Kpota", "Gbégamey-Ahito", "Gbégamey-Mifongou"], "n_neighbours": 6, "manual_review_reasons": []}}, {"type": "Feature", "geometry": {"type": "MultiPolygon", "coordinates": [[[[2.399898558715135, 6.382117310113542], [2.399536987935698, 6.382117310113542], [2.399536987935698, 6.382660100053836], [2.399898558715135, 6.3828410300339335], [2.399536987935698, 6.384288469874715], [2.4006217002740087, 6.38465032983491], [2.4006217002740087, 6.385012189795105], [2.3997177733254165, 6.385193119775202], [2.3997177733254165, 6.386278699655789], [2.400260129494572, 6.3871833495562775], [2.401164056443164, 6.3871833495562775], [2.401164056443164, 6.387364279536375], [2.4026103395609115, 6.3871833495562775], [2.40279112495063, 6.387545209516473], [2.4035142665095037, 6.387907069476668], [2.4042374080683775, 6.387907069476668], [2.4042374080683775, 6.388087999456766], [2.4102033259290856, 6.388449859416961], [2.4098417551496487, 6.386821489596081], [2.408937828201057, 6.387183349556277], [2.408395472031901, 6.38772613949657], [2.408395472031901, 6.387183349556277], [2.4082146866421827, 6.387183349556277], [2.408395472031901, 6.385916839695593], [2.4069491889141537, 6.385012189795105], [2.4080339012524643, 6.383383819974226], [2.4076723304730274, 6.383383819974226], [2.4069491889141537, 6.382479170073737], [2.4065876181347168, 6.382479170073737], [2.4056836911861246, 6.381574520173249], [2.4049605496272513, 6.382117310113542], [2.4049605496272513, 6.382479170073737], [2.404418193458096, 6.382479170073737], [2.404418193458096, 6.382660100053835], [2.40387583728894, 6.382660100053835], [2.403333481119785, 6.381936380133444], [2.4029719103403484, 6.381936380133444], [2.40279112495063, 6.38229824009364], [2.402067983391756, 6.381936380133444], [2.4017064126123193, 6.382660100053835], [2.401344841832882, 6.382660100053835], [2.4011640564431636, 6.38229824009364], [2.4006217002740082, 6.382117310113542], [2.4006217002740082, 6.381574520173249], [2.4000793441048534, 6.381574520173249], [2.399898558715135, 6.382117310113542]]], [[[2.3998985587151345, 6.3871833495562775], [2.3993562025459796, 6.386097769675691], [2.399175417156261, 6.38700241957618], [2.3998985587151345, 6.3871833495562775]]], [[[2.403152695730067, 6.388087999456766], [2.403333481119785, 6.387907069476667], [2.403152695730067, 6.387907069476667], [2.403152695730067, 6.388087999456766]]], [[[2.403695051899222, 6.388630789397059], [2.404237408068377, 6.388630789397059], [2.404598978847814, 6.388268929436863], [2.4033334811197853, 6.388087999456765], [2.403695051899222, 6.388630789397059]]], [[[2.405864476575843, 6.388449859416961], [2.405864476575843, 6.388268929436863], [2.405322120406688, 6.388268929436863], [2.405322120406688, 6.388449859416961], [2.405864476575843, 6.388449859416961]]], [[[2.4067684035244357, 6.388992649357254], [2.407491545083309, 6.3893545093174495], [2.407853115862746, 6.388992649357254], [2.409480184370212, 6.388992649357254], [2.4098417551496487, 6.388630789397058], [2.4058644765758435, 6.38844985941696], [2.4058644765758435, 6.388630789397059], [2.406587618134717, 6.388630789397059], [2.4067684035244357, 6.388992649357254]]]]}, "properties": {"name": "Missèkplé", "commune": "COTONOU", "confidence": "HIGH", "area_m2": 598400.0, "perimeter_m": 7279.4, "road_length_m": 5815.5, "n_road_vertices": 110, "avg_dist_to_road_m": 57.4, "pct_area_near_road": 89.2, "color": "#d2764b", "neighbours": ["Fifadji", "Gbénonkpô", "Houénoussou-Sainte-Rita", "Mèdédjro", "Tonato", "Vossa"], "n_neighbours": 6, "manual_review_reasons": []}}, {"type": "Feature", "geometry": {"type": "Polygon", "coordinates": [[[2.381820019743291, 6.369995001446998], [2.3816392343535724, 6.375061040889734], [2.382362375912446, 6.375784760810125], [2.382362375912446, 6.37614662077032], [2.383447088250757, 6.37614662077032], [2.3841702298096306, 6.376870340690711], [2.384712585978786, 6.376870340690711], [2.384712585978786, 6.377051270670808], [2.3856165129273776, 6.377051270670808], [2.3856165129273776, 6.376689410710613], [2.386158869096533, 6.376689410710613], [2.386158869096533, 6.376508480730515], [2.387785937603999, 6.376508480730515], [2.388147508383436, 6.37614662077032], [2.388147508383436, 6.375603830830026], [2.387785937603999, 6.375422900849928], [2.387785937603999, 6.373975461009147], [2.387424366824562, 6.373794531029049], [2.387424366824562, 6.373432671068854], [2.3863396544862514, 6.373251741088756], [2.3850741567582223, 6.371985231228073], [2.384893371368504, 6.370718721367389], [2.384531800589067, 6.370356861407194], [2.382543161302164, 6.369995001446998], [2.382543161302164, 6.369814071466901], [2.381820019743291, 6.369995001446998]]]}, "properties": {"name": "Ahogbohoué-Cité-Eucharistie", "commune": "COTONOU", "confidence": "HIGH", "area_m2": 370400.0, "perimeter_m": 3080.0, "road_length_m": 2780.4, "n_road_vertices": 68, "avg_dist_to_road_m": 78.5, "pct_area_near_road": 74.7, "color": "#cd40e0", "neighbours": ["Gbèdégbé", "Houéyihô-Tannou", "Védokô"], "n_neighbours": 3, "manual_review_reasons": []}}, {"type": "Feature", "geometry": {"type": "Polygon", "coordinates": [[[2.297031671965342, 6.382117310113543], [2.2972124573550605, 6.382117310113543], [2.297031671965342, 6.382479170073737], [2.296670101185905, 6.382479170073737], [2.2968508865756236, 6.3828410300339335], [2.296670101185905, 6.383564749954324], [2.297031671965342, 6.384288469874715], [2.2968508865756236, 6.385374049755301], [2.2975740281344974, 6.3855549797353985], [2.2975740281344974, 6.3860977696756915], [2.298297169693371, 6.386459629635887], [2.2984779550830896, 6.387364279536375], [2.299381882031682, 6.387545209516473], [2.2992010966419634, 6.38772613949657], [2.299381882031682, 6.388992649357254], [2.300285808980274, 6.389173579337352], [2.300285808980274, 6.389897299257742], [2.3001050235905556, 6.389897299257742], [2.300285808980274, 6.390982879138328], [2.3001050235905556, 6.390982879138328], [2.3001050235905556, 6.391887529038816], [2.2997434528111187, 6.391887529038816], [2.2997434528111187, 6.393334968879597], [2.299381882031682, 6.39387775881989], [2.2995626674214003, 6.394601478740281], [2.2992010966419634, 6.394601478740281], [2.2992010966419634, 6.394963338700477], [2.299381882031682, 6.395144268680575], [2.3008281651494293, 6.394963338700477], [2.3013705213185847, 6.39550612864077], [2.3013705213185847, 6.396229848561161], [2.3019128774877395, 6.396229848561161], [2.302093662877458, 6.39550612864077], [2.3028168044363317, 6.39550612864077], [2.3028168044363317, 6.394782408720379], [2.3026360190466133, 6.394601478740281], [2.3022744482671764, 6.394782408720379], [2.302093662877458, 6.392973108919402], [2.3015513067083027, 6.392430318979109], [2.3019128774877395, 6.3920684590189145], [2.3026360190466133, 6.392249388999012], [2.3026360190466133, 6.391706599058718], [2.302093662877458, 6.391525669078621], [2.302093662877458, 6.3909828791383285], [2.302455233656895, 6.390801949158231], [2.302455233656895, 6.390440089198035], [2.301732092098021, 6.390259159217937], [2.3015513067083027, 6.3888117193771565], [2.3022744482671764, 6.3888117193771565], [2.3022744482671764, 6.388449859416961], [2.3028168044363317, 6.388449859416961], [2.30299758982605, 6.387545209516473], [2.303178375215769, 6.3877261394965705], [2.303720731384924, 6.387545209516473], [2.303359160605487, 6.3855549797353985], [2.304082302164361, 6.3855549797353985], [2.304082302164361, 6.385193119775203], [2.304443872943798, 6.385193119775203], [2.304443872943798, 6.385735909715496], [2.3049862291129535, 6.3855549797353985], [2.30534779989239, 6.385916839695594], [2.30534779989239, 6.384107539894617], [2.305709370671827, 6.383745679934422], [2.305709370671827, 6.383383819974226], [2.3051670145026715, 6.383383819974226], [2.304986229112953, 6.382660100053835], [2.3044438729437977, 6.382479170073737], [2.3042630875540793, 6.381031730232956], [2.303720731384924, 6.381031730232956], [2.303720731384924, 6.379222430431979], [2.3035399459952055, 6.379222430431979], [2.303359160605487, 6.378317780531491], [2.3028168044363317, 6.378136850551393], [2.3026360190466133, 6.377774990591198], [2.302093662877458, 6.375784760810124], [2.2997434528111187, 6.376146620770319], [2.2997434528111187, 6.37687034069071], [2.2992010966419634, 6.3775940606111], [2.2992010966419634, 6.378317780531491], [2.298297169693371, 6.379222430431979], [2.298297169693371, 6.380127080332469], [2.298658740472808, 6.380308010312566], [2.298658740472808, 6.380669870272761], [2.2981163843036527, 6.380850800252858], [2.298297169693371, 6.381393590193151], [2.297031671965342, 6.381574520173249], [2.297031671965342, 6.382117310113543]]]}, "properties": {"name": "Cocotomey", "commune": "ABOMEY-CALAVI", "confidence": "HIGH", "area_m2": 1068800.0, "perimeter_m": 8160.6, "road_length_m": 13168.4, "n_road_vertices": 412, "avg_dist_to_road_m": 41.8, "pct_area_near_road": 93.7, "color": "#88d347", "neighbours": ["Fandji\n", "Hêdomè\n", "Logbozounkpa", "Sodo\n", "Tokpa\n", "Zounga\n"], "n_neighbours": 6, "manual_review_reasons": []}}, {"type": "Feature", "geometry": {"type": "Polygon", "coordinates": [[[2.412372750605707, 6.366919191785338], [2.411830394436552, 6.367281051745533], [2.4120111798262704, 6.368366631626119], [2.411468823657115, 6.368728491586315], [2.411468823657115, 6.36909035154651], [2.4111072528776782, 6.36909035154651], [2.4112880382673967, 6.369995001446999], [2.4116496090468336, 6.37071872136739], [2.412734321385144, 6.370356861407195], [2.4129151067748627, 6.371804301247976], [2.413276677554299, 6.371804301247976], [2.413638248333736, 6.371442441287781], [2.4141806045028913, 6.371442441287781], [2.4143613898926097, 6.371080581327585], [2.4143613898926097, 6.370356861407194], [2.413999819113173, 6.369814071466901], [2.4141806045028913, 6.368909421566412], [2.413999819113173, 6.368909421566412], [2.413999819113173, 6.368366631626119], [2.413276677554299, 6.367642911705729], [2.4127343213851438, 6.367642911705729], [2.412372750605707, 6.366919191785338]]]}, "properties": {"name": "Dagbédji-Sikê", "commune": "COTONOU", "confidence": "HIGH", "area_m2": 108000.0, "perimeter_m": 1960.1, "road_length_m": 1028.6, "n_road_vertices": 18, "avg_dist_to_road_m": 53.7, "pct_area_near_road": 92.2, "color": "#67d746", "neighbours": ["Gbégamey-Dodo-Ayidjè", "Gbégamey-Gbagoudo", "Saint-Jean-Gbèdiga", "Énagnon-Sikê"], "n_neighbours": 4, "manual_review_reasons": []}}, {"type": "Feature", "geometry": {"type": "Polygon", "coordinates": [[[2.331561681401564, 6.487056698570188], [2.330657754452972, 6.488323208430872], [2.3301153982838168, 6.488323208430872], [2.3301153982838168, 6.48850413841097], [2.3292114713352245, 6.488323208430872], [2.3292114713352245, 6.48850413841097], [2.3283075443866323, 6.48850413841097], [2.3279459736071955, 6.488865998371165], [2.32740361743804, 6.488865998371165], [2.32740361743804, 6.489046928351263], [2.3266804758791664, 6.489046928351263], [2.3266804758791664, 6.490132508231849], [2.3259573343202926, 6.491218088112435], [2.325234192761419, 6.491218088112435], [2.325234192761419, 6.491399018092532], [2.324511051202545, 6.491218088112435], [2.323245553474516, 6.491941808032825], [2.323607124253953, 6.493389247873607], [2.3230647680847976, 6.493389247873607], [2.3230647680847976, 6.494655757734291], [2.324149480423108, 6.494112967793998], [2.3243302658128266, 6.4950176176944865], [2.3246918365922635, 6.495198547674584], [2.324511051202545, 6.4955604076347795], [2.325234192761419, 6.495741337614877], [2.3254149781511373, 6.4966459875153655], [2.325776548930574, 6.4966459875153655], [2.3259573343202926, 6.497007847475561], [2.327765188217477, 6.497007847475561], [2.327765188217477, 6.497369707435755], [2.326499690489448, 6.498817147276537], [2.3250534073717, 6.498455287316341], [2.324691836592263, 6.497731567395951], [2.323245553474516, 6.497912497376048], [2.3230647680847976, 6.498093427356146], [2.3234263388642344, 6.4988171472765375], [2.323245553474516, 6.4993599372168305], [2.3239686950333898, 6.4999027271571235], [2.3239686950333898, 6.500264587117318], [2.3234263388642344, 6.500988307037709], [2.3230647680847976, 6.500988307037709], [2.3225224119156422, 6.501531096978002], [2.3225224119156422, 6.5020738869182955], [2.322883982695079, 6.502254816898393], [2.3234263388642344, 6.503340396778979], [2.3239686950333893, 6.503340396778979], [2.3245110512025446, 6.5026166768585885], [2.325234192761419, 6.5026166768585885], [2.3254149781511373, 6.503340396778979], [2.326318905099729, 6.503340396778979], [2.3272228320483213, 6.502254816898393], [2.3279459736071955, 6.502254816898393], [2.3283075443866323, 6.502978536818784], [2.3288499005557877, 6.503340396778979], [2.3288499005557877, 6.5042450466794675], [2.329030685945506, 6.5042450466794675], [2.329392256724943, 6.505511556540151], [2.3299346128940983, 6.5058734165003465], [2.3299346128940983, 6.5085873662018106], [2.3292114713352245, 6.508949226162006], [2.3281267589969135, 6.508406436221713], [2.32740361743804, 6.5085873662018106], [2.3272228320483217, 6.510396666002787], [2.326499690489448, 6.511120385923178], [2.326861261268885, 6.513110615704253], [2.3272228320483217, 6.513291545684351], [2.328488329776351, 6.513110615704253], [2.3286691151660692, 6.513472475664448], [2.329211471335224, 6.513653405644546], [2.329211471335224, 6.513472475664448], [2.3302961836735347, 6.513291545684351], [2.3302961836735347, 6.51256782576396], [2.3315616814015643, 6.512025035823667], [2.3317424667912827, 6.51256782576396], [2.3321040375707196, 6.512748755744058], [2.333911891467904, 6.51256782576396], [2.3340926768576225, 6.514015265604741], [2.3348158184164958, 6.514015265604741], [2.3351773891959327, 6.513291545684351], [2.3359005307548064, 6.512929685724155], [2.3366236723136806, 6.513472475664448], [2.3400585947183306, 6.513653405644546], [2.3404201654977674, 6.512929685724155], [2.341504877836078, 6.512748755744058], [2.3416856632257965, 6.512025035823667], [2.3433127317332625, 6.512025035823667], [2.3433127317332625, 6.511482245883374], [2.343855087902418, 6.511120385923179], [2.343855087902418, 6.509492016102299], [2.343493517122981, 6.5091301561421036], [2.343493517122981, 6.508225506241616], [2.3436743025126994, 6.508225506241616], [2.3436743025126994, 6.507320856341128], [2.3440358732921363, 6.507320856341128], [2.3440358732921363, 6.506235276460541], [2.3436743025126994, 6.506054346480443], [2.3436743025126994, 6.505149696579956], [2.34475901485101, 6.505149696579956], [2.3449398002407285, 6.5042450466794675], [2.3453013710201653, 6.50406411669937], [2.3453013710201653, 6.503702256739174], [2.3449398002407285, 6.503521326759076], [2.345120585630447, 6.500626447077513], [2.343855087902418, 6.500626447077513], [2.3436743025126994, 6.500264587117318], [2.343855087902418, 6.4993599372168305], [2.344397444071573, 6.498998077256635], [2.3442166586818547, 6.4977315673959515], [2.3445782294612916, 6.4977315673959515], [2.34475901485101, 6.495922267594974], [2.343131946343544, 6.495741337614876], [2.3429511609538256, 6.494474827754193], [2.341685663225797, 6.494836687714388], [2.341685663225797, 6.495017617694486], [2.3409625216669228, 6.495017617694486], [2.3407817362772043, 6.494112967793997], [2.340239380108049, 6.4939320378139], [2.3404201654977674, 6.493389247873607], [2.3400585947183306, 6.492846457933314], [2.3400585947183306, 6.4923036679930215], [2.340239380108049, 6.4923036679930215], [2.3400585947183306, 6.491760878052728], [2.3391546677697383, 6.49157994807263], [2.3387930969903015, 6.491037158132337], [2.33897388238002, 6.490313438211947], [2.3396970239388937, 6.4901325082318495], [2.3396970239388937, 6.489589718291556], [2.339335453159457, 6.489589718291556], [2.3387930969903015, 6.488323208430872], [2.3366236723136806, 6.488142278450774], [2.3366236723136806, 6.488685068391067], [2.3362621015342433, 6.488865998371165], [2.336081316144525, 6.48850413841097], [2.335358174585651, 6.48850413841097], [2.335358174585651, 6.488142278450774], [2.3346350330267778, 6.488142278450774], [2.3346350330267778, 6.488323208430872], [2.3337311060781856, 6.488142278450774], [2.333550320688467, 6.48850413841097], [2.3326463937398745, 6.488323208430872], [2.332465608350156, 6.487599488510481], [2.331561681401564, 6.487056698570188]]]}, "properties": {"name": "Zoundja\n", "commune": "ABOMEY-CALAVI", "confidence": "HIGH", "area_m2": 5088400.0, "perimeter_m": 16040.0, "road_length_m": 43574.8, "n_road_vertices": 1386, "avg_dist_to_road_m": 51.6, "pct_area_near_road": 89.0, "color": "#8ad345", "neighbours": ["Cité-les-Palmiers\n", "Houèkè-Honou", "Kansounkpa", "Zopah-Akassato", "Zèkanmey-Domè"], "n_neighbours": 5, "manual_review_reasons": []}}, {"type": "Feature", "geometry": {"type": "Polygon", "coordinates": [[[2.4689585775875793, 6.364928962004264], [2.468777792197861, 6.365471751944557], [2.4682354360287055, 6.365833611904752], [2.4682354360287055, 6.366195471864947], [2.467512294469832, 6.366376401845045], [2.4673315090801133, 6.367281051745533], [2.466789152910958, 6.368185701646023], [2.467512294469832, 6.368728491586316], [2.46769307985955, 6.369271281526609], [2.468235436028705, 6.368909421566413], [2.4684162214184235, 6.368185701646023], [2.4689585775875793, 6.368185701646023], [2.468777792197861, 6.369090351546511], [2.4695009337567346, 6.369271281526609], [2.4695009337567346, 6.369633141486804], [2.4698625045361715, 6.369814071466902], [2.4705856460950453, 6.369814071466902], [2.4705856460950453, 6.370899651347488], [2.471670358433356, 6.371080581327585], [2.4714895730436375, 6.372166161208171], [2.472755070771666, 6.372528021168367], [2.47347821233054, 6.371804301247976], [2.47347821233054, 6.371442441287781], [2.4745629246688505, 6.371261511307683], [2.474743710058569, 6.370175931427097], [2.4752860662277243, 6.369814071466902], [2.4749244954482874, 6.369271281526608], [2.4749244954482874, 6.368547561606217], [2.4745629246688505, 6.368366631626119], [2.4745629246688505, 6.367461981725631], [2.4734782123305403, 6.368185701646022], [2.4732974269408214, 6.367823841685826], [2.472755070771666, 6.367823841685826], [2.472755070771666, 6.367642911705729], [2.472212714602511, 6.367823841685826], [2.472212714602511, 6.367461981725631], [2.471489573043637, 6.368004771665924], [2.4716703584333555, 6.367100121765436], [2.4709472168744817, 6.365652681924654], [2.4704048607053264, 6.365652681924654], [2.4696817191464526, 6.364567102044068], [2.4689585775875793, 6.364928962004264]]]}, "properties": {"name": "Tanto", "commune": "COTONOU", "confidence": "HIGH", "area_m2": 370000.0, "perimeter_m": 4320.1, "road_length_m": 3414.5, "n_road_vertices": 98, "avg_dist_to_road_m": 46.9, "pct_area_near_road": 93.2, "color": "#b3cd3b", "neighbours": ["Avotrou-Houézèkomè", "Dandji", "Donaten", "Finagnon", "Nvènamèdé", "Yagbé"], "n_neighbours": 6, "manual_review_reasons": []}}, {"type": "Feature", "geometry": {"type": "Polygon", "coordinates": [[[2.433163070423328, 6.365652681924654], [2.433163070423328, 6.36601454188485], [2.4326207142541727, 6.36601454188485], [2.4326207142541727, 6.366376401845046], [2.4340669973719202, 6.367461981725632], [2.4337054265924833, 6.367823841685826], [2.4337054265924833, 6.36909035154651], [2.433524641202765, 6.36909035154651], [2.433886211982202, 6.369814071466902], [2.4355132804896673, 6.369452211506706], [2.4356940658793858, 6.368185701646023], [2.4371403489971337, 6.368547561606218], [2.4371403489971337, 6.368728491586316], [2.437863490556007, 6.368547561606218], [2.437863490556007, 6.367461981725632], [2.4384058467251624, 6.366557331825144], [2.4384058467251624, 6.36601454188485], [2.437863490556007, 6.36601454188485], [2.4367787782176964, 6.365471751944557], [2.4367787782176964, 6.365109891984361], [2.4362364220485415, 6.365290821964459], [2.435694065879386, 6.36601454188485], [2.4349709243205124, 6.366376401845045], [2.43406699737192, 6.36601454188485], [2.433705426592483, 6.365471751944557], [2.433163070423328, 6.365652681924654]]]}, "properties": {"name": "Bocossi-Tokpa", "commune": "COTONOU", "confidence": "HIGH", "area_m2": 182000.0, "perimeter_m": 2760.0, "road_length_m": 1302.9, "n_road_vertices": 52, "avg_dist_to_road_m": 54.3, "pct_area_near_road": 85.5, "color": "#ce4bda", "neighbours": ["Dantôkpa", "Dédokpo", "Gbédokpo", "Missèbô", "Nouveau-Pont"], "n_neighbours": 5, "manual_review_reasons": []}}, {"type": "Feature", "geometry": {"type": "MultiPolygon", "coordinates": [[[[2.293235178781255, 6.384650329834909], [2.292873608001818, 6.384650329834909], [2.2926928226120995, 6.385012189795105], [2.291608110273789, 6.385193119775202], [2.2914273248840704, 6.385554979735398], [2.290884968714915, 6.3853740497553], [2.2901618271560413, 6.386097769675691], [2.2901618271560413, 6.387907069476667], [2.289981041766323, 6.387907069476667], [2.2901618271560413, 6.392249388999011], [2.2894386855971676, 6.392430318979109], [2.2894386855971676, 6.3942396187800865], [2.289619470986886, 6.3942396187800865], [2.289257900207449, 6.394782408720379], [2.289619470986886, 6.395144268680575], [2.2894386855971676, 6.397315428441747], [2.290523397935478, 6.39785821838204], [2.2907041833251967, 6.398401008322333], [2.2917888956635073, 6.398943798262626], [2.2925120372223806, 6.398220078342235], [2.2928736080018175, 6.398220078342235], [2.293958320340128, 6.3969535684815515], [2.294681461899002, 6.396772638501454], [2.294681461899002, 6.396410778541258], [2.2935967495606913, 6.395325198660672], [2.2935967495606913, 6.394601478740282], [2.2937775349504097, 6.394601478740282], [2.2935967495606913, 6.393334968879598], [2.2954046034578757, 6.3931540388995005], [2.295585388847594, 6.392249388999012], [2.296308530406468, 6.39243031897911], [2.297031671965342, 6.3920684590189145], [2.2972124573550605, 6.393877758819891], [2.2981163843036527, 6.3947824087203795], [2.298839525862526, 6.394963338700477], [2.2995626674214, 6.394601478740282], [2.2993818820316814, 6.393877758819891], [2.2997434528111182, 6.393334968879598], [2.2997434528111182, 6.391887529038817], [2.300105023590555, 6.391887529038817], [2.300105023590555, 6.3909828791383285], [2.3002858089802736, 6.3909828791383285], [2.3002858089802736, 6.390440089198035], [2.300105023590555, 6.390440089198035], [2.3002858089802736, 6.389173579337351], [2.2993818820316814, 6.388992649357253], [2.2993818820316814, 6.388268929436863], [2.299201096641963, 6.388268929436863], [2.2993818820316814, 6.387545209516472], [2.298477955083089, 6.387364279536374], [2.2982971696933707, 6.386459629635886], [2.297574028134497, 6.386097769675691], [2.297574028134497, 6.385554979735398], [2.296850886575623, 6.3853740497553], [2.2970316719653416, 6.384288469874714], [2.296850886575623, 6.384288469874714], [2.2966701011859048, 6.383383819974226], [2.294862247288721, 6.383202889994128], [2.2946814618990024, 6.384288469874714], [2.2943198911195655, 6.384469399854812], [2.293235178781255, 6.384288469874714], [2.293235178781255, 6.384650329834909]]], [[[2.338793096990302, 6.462631151257003], [2.3389738823800204, 6.463716731137589], [2.3373468138725544, 6.463716731137589], [2.336804457703399, 6.464259521077882], [2.336804457703399, 6.465164170978372], [2.337166028482836, 6.465526030938567], [2.337166028482836, 6.468059050659934], [2.337527599262273, 6.468059050659934], [2.3377083846519913, 6.468782770580325], [2.338431526210865, 6.468782770580325], [2.339154667769739, 6.46914463054052], [2.339154667769739, 6.470411140401204], [2.3395162385491757, 6.470411140401204], [2.339697023938894, 6.470773000361399], [2.339154667769739, 6.47149672028179], [2.340058594718331, 6.471677650261888], [2.3402393801080494, 6.472220440202181], [2.3404201654977674, 6.472039510222083], [2.3411433070566416, 6.472220440202181], [2.3411433070566416, 6.472944160122571], [2.3418664486155154, 6.473125090102669], [2.3418664486155154, 6.474210669983255], [2.3434935171229814, 6.474391599963353], [2.3438550879024183, 6.475115319883743], [2.344939800240729, 6.475296249863841], [2.344939800240729, 6.476381829744427], [2.3454821564098842, 6.476381829744427], [2.3456629417996027, 6.47692461968472], [2.3469284395276313, 6.4771055496648176], [2.3469284395276313, 6.476743689704622], [2.3476515810865055, 6.476743689704622], [2.3476515810865055, 6.477467409625013], [2.3485555080350973, 6.477286479644915], [2.3485555080350973, 6.4765627597245246], [2.3494594349836895, 6.4765627597245246], [2.3494594349836895, 6.475839039804134], [2.3501825765425632, 6.475658109824036], [2.3501825765425632, 6.475296249863841], [2.350544147322, 6.475296249863841], [2.350544147322, 6.474753459923548], [2.3514480742705923, 6.475115319883743], [2.3514480742705923, 6.474029740003157], [2.352532786608903, 6.47384881002306], [2.352532786608903, 6.472401370182278], [2.3530751427780583, 6.472039510222083], [2.3530751427780583, 6.47149672028179], [2.3536174989472136, 6.470773000361399], [2.353436713557495, 6.470411140401203], [2.3530751427780583, 6.470411140401203], [2.3530751427780583, 6.46986835046091], [2.35289435738834, 6.46986835046091], [2.35289435738834, 6.469506490500716], [2.353798284336932, 6.469325560520618], [2.353436713557495, 6.467878120679837], [2.3543406405060874, 6.467697190699739], [2.3543406405060874, 6.466068820878859], [2.3523520012191845, 6.466068820878859], [2.3507249327117186, 6.46444045105798], [2.351267288880874, 6.463535801157493], [2.3527135719986214, 6.463535801157493], [2.3527135719986214, 6.463173941197297], [2.3530751427780583, 6.4629930112172], [2.3530751427780583, 6.46208836131671], [2.35289435738834, 6.46208836131671], [2.3530751427780583, 6.461183711416222], [2.3519904304397476, 6.46136464139632], [2.352171215829466, 6.46064092147593], [2.35289435738834, 6.460098131535637], [2.35289435738834, 6.459555341595344], [2.3530751427780583, 6.459555341595344], [2.35289435738834, 6.458469761714757], [2.3518096450500297, 6.45901255165505], [2.3518096450500297, 6.459374411615245], [2.3509057181014374, 6.460279061515734], [2.3509057181014374, 6.460640921475929], [2.350544147322, 6.460459991495831], [2.3496402203734084, 6.460640921475929], [2.3492786495939715, 6.46136464139632], [2.3492786495939715, 6.46208836131671], [2.3483747226453793, 6.461907431336613], [2.348193937255661, 6.462269291296808], [2.347832366476224, 6.462269291296808], [2.347832366476224, 6.462631151257003], [2.3469284395276313, 6.462450221276906], [2.346386083358476, 6.461726501356515], [2.3456629417996027, 6.461907431336613], [2.3456629417996027, 6.462450221276906], [2.3451205856304473, 6.462993011217199], [2.3442166586818547, 6.462993011217199], [2.3440358732921363, 6.462631151257003], [2.343131946343544, 6.462631151257003], [2.343131946343544, 6.462450221276906], [2.342589590174389, 6.462450221276906], [2.3424088047846707, 6.462812081237101], [2.341504877836078, 6.462812081237101], [2.341143307056641, 6.462269291296808], [2.3406009508874863, 6.462269291296808], [2.3402393801080494, 6.462812081237101], [2.3395162385491752, 6.462812081237101], [2.3391546677697383, 6.462269291296808], [2.338793096990302, 6.462631151257003]]]]}, "properties": {"name": "Fandji\n", "commune": "ABOMEY-CALAVI", "confidence": "HIGH", "area_m2": 3584800.0, "perimeter_m": 17480.5, "road_length_m": 42135.6, "n_road_vertices": 1282, "avg_dist_to_road_m": 40.6, "pct_area_near_road": 95.9, "color": "#aec747", "neighbours": ["Agamandin", "Aïfa-Calavi", "Aïtchédji\n", "Cité-les-Palmiers\n", "Cocotomey", "Gbodjo", "Gbodjè-Womey\n", "Sodo\n", "Sèmè", "Womey-Yénawa", "Zopah-Kokpo", "Zounga\n"], "n_neighbours": 12, "manual_review_reasons": []}}, {"type": "Feature", "geometry": {"type": "Polygon", "coordinates": [[[2.36102969992567, 6.449966052650167], [2.3606681291462333, 6.450689772570557], [2.360125772977078, 6.45123256251085], [2.359583416807922, 6.45123256251085], [2.3594026314182037, 6.450689772570557], [2.358860275249049, 6.45050884259046], [2.358498704469612, 6.451232562510851], [2.358860275249049, 6.451413492490949], [2.3590410606387673, 6.452318142391436], [2.3586794898593304, 6.452499072371534], [2.3579563483004566, 6.452318142391436], [2.3575947775210198, 6.452860932331729], [2.3563292797929907, 6.452860932331729], [2.355967709013554, 6.454308372172511], [2.3552445674546796, 6.454489302152608], [2.3552445674546796, 6.454308372172511], [2.3547022112855243, 6.454308372172511], [2.3547022112855243, 6.453946512212315], [2.354340640506088, 6.453765582232218], [2.353617498947214, 6.454489302152608], [2.352713571998622, 6.454670232132706], [2.3530751427780587, 6.45593674199339], [2.352352001219185, 6.456298601953585], [2.352352001219185, 6.456841391893878], [2.351990430439748, 6.457022321873976], [2.3521712158294665, 6.457746041794366], [2.3518096450500297, 6.45828883173466], [2.3521712158294665, 6.458650691694856], [2.3528943573883403, 6.458469761714758], [2.3530751427780587, 6.459555341595343], [2.3528943573883403, 6.459555341595343], [2.3528943573883403, 6.460098131535636], [2.3521712158294665, 6.460640921475929], [2.351990430439748, 6.461364641396321], [2.3530751427780587, 6.461183711416223], [2.3528943573883403, 6.461545571376417], [2.3530751427780587, 6.462993011217199], [2.352713571998622, 6.463173941197296], [2.352713571998622, 6.46371673113759], [2.3530751427780587, 6.46371673113759], [2.3534367135574956, 6.464259521077883], [2.3541598551163694, 6.464621381038079], [2.3556061382341165, 6.464621381038079], [2.3556061382341165, 6.464259521077883], [2.356148494403272, 6.464259521077883], [2.3568716359621456, 6.463535801157493], [2.357233206741583, 6.46371673113759], [2.3575947775210198, 6.463535801157493], [2.3575947775210198, 6.46371673113759], [2.3583179190798935, 6.46371673113759], [2.358498704469612, 6.464078591097786], [2.3592218460284853, 6.464078591097786], [2.3592218460284853, 6.463354871177395], [2.360487343756515, 6.463354871177395], [2.360487343756515, 6.464078591097786], [2.360668129146233, 6.464078591097786], [2.360668129146233, 6.463897661117688], [2.361572056094825, 6.463897661117688], [2.361572056094825, 6.46371673113759], [2.364283836940602, 6.463354871177395], [2.365006978499476, 6.464259521077883], [2.365910905448068, 6.464621381038079], [2.366272476227505, 6.465164170978372], [2.367176403176097, 6.465526030938567], [2.367537973955534, 6.46606882087886], [2.368441900904126, 6.466430680839055], [2.368803471683563, 6.466973470779348], [2.3697073986321553, 6.467335330739544], [2.3698881840218737, 6.467697190699739], [2.3713344671396213, 6.468059050659934], [2.371696037919058, 6.46842091062013], [2.374046247985398, 6.46914463054052], [2.3744078187648348, 6.469506490500716], [2.37495017493399, 6.469506490500716], [2.375311745713427, 6.469868350460911], [2.3776619557797667, 6.470592070381302], [2.3780235265592036, 6.470953930341497], [2.380192951235825, 6.47149672028179], [2.380192951235825, 6.471677650261888], [2.3809160927946986, 6.471677650261888], [2.381458448963854, 6.472039510222083], [2.384351015199349, 6.472582300162376], [2.384351015199349, 6.472763230142474], [2.384893371368504, 6.472763230142474], [2.3850741567582223, 6.472401370182278], [2.385797298317096, 6.472220440202181], [2.3859780837068145, 6.471858580241985], [2.3863396544862514, 6.471858580241985], [2.38652043987597, 6.47149672028179], [2.3868820106554067, 6.47149672028179], [2.387062796045125, 6.471134860321595], [2.387424366824562, 6.471134860321595], [2.3876051522142805, 6.470773000361399], [2.3883282937731543, 6.470411140401204], [2.3859780837068145, 6.466973470779347], [2.384276, 6.461126999999569], [2.3794126536089495, 6.44815675284919], [2.378565882728359, 6.44815675284919], [2.3780235265592036, 6.448518612809385], [2.3767580288311745, 6.448699542789483], [2.3767580288311745, 6.448880472769581], [2.3747693895442716, 6.449242332729776], [2.3742270333751163, 6.449604192689971], [2.371153681749903, 6.450146982630264], [2.371153681749903, 6.450327912610362], [2.3689842570732815, 6.45050884259046], [2.3689842570732815, 6.450689772570557], [2.3642838369406016, 6.45050884259046], [2.3642838369406016, 6.450327912610362], [2.3617528414845435, 6.450146982630264], [2.3617528414845435, 6.449966052650167], [2.36102969992567, 6.449966052650167]]]}, "properties": {"name": "Agamandin", "commune": "ABOMEY-CALAVI", "confidence": "MANUAL_REVIEW", "area_m2": 6331241.8, "perimeter_m": 14882.9, "road_length_m": 15844.8, "n_road_vertices": 642, "avg_dist_to_road_m": 955.9, "pct_area_near_road": 23.1, "color": "#d04077", "neighbours": ["Agori", "Akassato", "Fandji\n", "Gbodjo", "Houèkè-Gbo", "Sèmè"], "n_neighbours": 6, "manual_review_reasons": ["avg distance to owned road 956 m"]}}, {"type": "Feature", "geometry": {"type": "Polygon", "coordinates": [[[2.4284626502906486, 6.361672222362506], [2.427739508731775, 6.362576872262994], [2.427739508731775, 6.362938732223189], [2.4271971525626195, 6.363300592183385], [2.4271971525626195, 6.363662452143581], [2.4279202941214932, 6.364024312103776], [2.42828186490093, 6.365471751944558], [2.429005006459804, 6.365652681924655], [2.4291857918495223, 6.366014541884851], [2.429728148018677, 6.366014541884851], [2.4299089334083956, 6.365471751944558], [2.43063207496727, 6.364748032024167], [2.431536001915862, 6.365652681924655], [2.431897572695299, 6.365652681924655], [2.4320783580850174, 6.366195471864948], [2.4331630704233276, 6.366014541884851], [2.4331630704233276, 6.365652681924655], [2.4335246412027645, 6.365471751944558], [2.4335246412027645, 6.364748032024167], [2.433705426592483, 6.364748032024167], [2.4335246412027645, 6.364386172063971], [2.4328014996438907, 6.364205242083873], [2.4322591434747354, 6.363481522163482], [2.4318975726952985, 6.363481522163482], [2.4311744311364247, 6.362757802243092], [2.430451289577551, 6.363119662203287], [2.430089718798114, 6.362576872262994], [2.429728148018677, 6.362576872262994], [2.428824221070085, 6.361672222362506], [2.4284626502906486, 6.361672222362506]]]}, "properties": {"name": "Gbédokpo", "commune": "COTONOU", "confidence": "HIGH", "area_m2": 188400.0, "perimeter_m": 2800.0, "road_length_m": 1852.8, "n_road_vertices": 44, "avg_dist_to_road_m": 46.4, "pct_area_near_road": 98.7, "color": "#51d9b7", "neighbours": ["Bocossi-Tokpa", "Dota", "Mifongou", "Missité", "Missèbô", "Nouveau-Pont", "Sèdjro-Saint-Michel"], "n_neighbours": 7, "manual_review_reasons": []}}, {"type": "Feature", "geometry": {"type": "Polygon", "coordinates": [[[2.4275587233420564, 6.35823455274065], [2.4275587233420564, 6.358596412700845], [2.4271971525626195, 6.358777342680943], [2.4271971525626195, 6.360043852541627], [2.4264740110037457, 6.360767572462017], [2.4264740110037457, 6.361491292382409], [2.427739508731775, 6.362576872262995], [2.428462650290648, 6.362034082322702], [2.428462650290648, 6.361672222362507], [2.4288242210700854, 6.361672222362507], [2.4297281480186776, 6.362576872262995], [2.430089718798114, 6.362576872262995], [2.4302705041878325, 6.362034082322702], [2.4311744311364247, 6.361129432422214], [2.4302705041878325, 6.360405712501822], [2.4302705041878325, 6.359501062601335], [2.4306320749672694, 6.359320132621237], [2.4306320749672694, 6.358958272661041], [2.4295473626289588, 6.358053622760552], [2.4291857918495223, 6.35823455274065], [2.4291857918495223, 6.358596412700845], [2.4286434356803666, 6.358596412700845], [2.4281010795112112, 6.358053622760552], [2.4275587233420564, 6.35823455274065]]]}, "properties": {"name": "Dota", "commune": "COTONOU", "confidence": "HIGH", "area_m2": 167600.0, "perimeter_m": 2440.1, "road_length_m": 977.7, "n_road_vertices": 24, "avg_dist_to_road_m": 54.5, "pct_area_near_road": 93.1, "color": "#d0c441", "neighbours": ["Avlékété-Joncquet", "Gbédokpo", "Gbéto", "Mifongou", "Missité", "Zongo-Nima"], "n_neighbours": 6, "manual_review_reasons": []}}, {"type": "Feature", "geometry": {"type": "Polygon", "coordinates": [[[2.4517839655643274, 6.364748032024166], [2.4517839655643274, 6.365471751944557], [2.4514223947848905, 6.365833611904753], [2.451964750954046, 6.365833611904753], [2.451964750954046, 6.366195471864948], [2.452507107123201, 6.366014541884851], [2.452507107123201, 6.366557331825143], [2.4517839655643274, 6.366919191785338], [2.451603180174609, 6.367461981725631], [2.4505184678362983, 6.368004771665925], [2.4514223947848905, 6.368909421566413], [2.4517839655643274, 6.368909421566413], [2.4521455363437643, 6.369452211506706], [2.452507107123201, 6.369452211506706], [2.4534110340717934, 6.370356861407195], [2.453591819461512, 6.370899651347488], [2.45377260485123, 6.37071872136739], [2.454676531799822, 6.370899651347488], [2.4548573171895405, 6.370356861407195], [2.4564843856970064, 6.370537791387292], [2.456665171086725, 6.369452211506706], [2.4581114542044724, 6.369452211506706], [2.4577498834250355, 6.367823841685827], [2.4581114542044724, 6.367100121765437], [2.4590153811530646, 6.367100121765437], [2.459196166542783, 6.366738261805241], [2.459196166542783, 6.36601454188485], [2.4584730249839093, 6.365833611904752], [2.458292239594191, 6.364928962004264], [2.45720752725588, 6.365109891984361], [2.4568459564764433, 6.364748032024166], [2.4568459564764433, 6.364205242083873], [2.4555804587484147, 6.364205242083873], [2.455218887968978, 6.365290821964459], [2.4517839655643274, 6.364748032024166]]]}, "properties": {"name": "Sodjatinmè-Centre", "commune": "COTONOU", "confidence": "HIGH", "area_m2": 431200.0, "perimeter_m": 3999.8, "road_length_m": 4629.4, "n_road_vertices": 150, "avg_dist_to_road_m": 40.1, "pct_area_near_road": 98.1, "color": "#4ed5a8", "neighbours": ["Fifadji-Houto (Jak)", "Fifatin", "Irédé", "Ohé", "Sodjatinmè-Est", "Sodjatinmè-Ouest", "Énagnon"], "n_neighbours": 7, "manual_review_reasons": []}}, {"type": "Feature", "geometry": {"type": "Polygon", "coordinates": [[[2.4226775178196585, 6.357691762800357], [2.4214120200916294, 6.357872692780455], [2.4214120200916294, 6.358234552740651], [2.4219543762607847, 6.358596412700846], [2.4223159470402216, 6.359320132621237], [2.422135161650503, 6.360043852541628], [2.4223159470402216, 6.360043852541628], [2.42249673242994, 6.360948502442116], [2.4232198739888138, 6.361129432422214], [2.4232198739888138, 6.361491292382409], [2.4235814447682507, 6.361491292382409], [2.4243045863271244, 6.3622150123028], [2.4248469424962797, 6.361672222362507], [2.425389298665435, 6.362395942282897], [2.42593165483459, 6.362576872262995], [2.4264740110037453, 6.361491292382409], [2.4264740110037453, 6.360767572462018], [2.427197152562619, 6.360043852541628], [2.427197152562619, 6.358596412700845], [2.426835581783182, 6.358596412700845], [2.4264740110037453, 6.358053622760552], [2.4259316548345904, 6.358596412700845], [2.425208513275716, 6.358053622760552], [2.4246661571065613, 6.358053622760552], [2.4246661571065613, 6.35823455274065], [2.423943015547687, 6.358053622760552], [2.42358144476825, 6.357329902840162], [2.4226775178196585, 6.357510832820259], [2.4226775178196585, 6.357691762800357]]]}, "properties": {"name": "Gbéto", "commune": "COTONOU", "confidence": "HIGH", "area_m2": 223200.0, "perimeter_m": 2760.0, "road_length_m": 1728.0, "n_road_vertices": 42, "avg_dist_to_road_m": 50.3, "pct_area_near_road": 93.5, "color": "#d46b41", "neighbours": ["Dota", "Gbèdiga-Guêdêhounguè", "Gbèdomidji", "Mifongou", "Todoté", "Zongo-Nima"], "n_neighbours": 6, "manual_review_reasons": []}}, {"type": "Feature", "geometry": {"type": "Polygon", "coordinates": [[[2.453230248682075, 6.379222430431979], [2.453230248682075, 6.380127080332468], [2.452507107123201, 6.380669870272761], [2.452507107123201, 6.3839266099145195], [2.455761244138133, 6.3839266099145195], [2.4559420295278516, 6.384288469874715], [2.456665171086725, 6.384288469874715], [2.456665171086725, 6.381936380133444], [2.455942029527851, 6.381936380133444], [2.4557612441381327, 6.381393590193151], [2.4544957464101036, 6.381393590193151], [2.4544957464101036, 6.380669870272761], [2.4539533902409483, 6.380308010312565], [2.4539533902409483, 6.379403360412077], [2.4535918194615114, 6.379041500451882], [2.453230248682075, 6.379222430431979]]]}, "properties": {"name": "Kpondéhou-Tchèmè", "commune": "COTONOU", "confidence": "HIGH", "area_m2": 160800.0, "perimeter_m": 2080.1, "road_length_m": 1184.9, "n_road_vertices": 28, "avg_dist_to_road_m": 48.1, "pct_area_near_road": 94.8, "color": "#48c78e", "neighbours": ["Kpondéhou", "Lom-Nava", "Sènadé"], "n_neighbours": 3, "manual_review_reasons": []}}, {"type": "Feature", "geometry": {"type": "Polygon", "coordinates": [[[2.4646197282343367, 6.37451825094944], [2.4646197282343367, 6.375965690790221], [2.4642581574549, 6.376327550750417], [2.4642581574549, 6.377413130631004], [2.465523655182929, 6.377413130631004], [2.4657044405726474, 6.377594060611101], [2.465523655182929, 6.378860570471785], [2.4660660113520843, 6.379041500451883], [2.4660660113520843, 6.379403360412078], [2.4666083675212396, 6.379946150352371], [2.4678738652492687, 6.379946150352371], [2.4678738652492687, 6.380488940292664], [2.4682354360287055, 6.380669870272762], [2.4687777921978604, 6.380669870272762], [2.4687777921978604, 6.379946150352371], [2.4707664314847633, 6.379946150352371], [2.4709472168744817, 6.378317780531492], [2.471851143823074, 6.378317780531492], [2.471851143823074, 6.376508480730515], [2.472755070771666, 6.375965690790222], [2.4725742853819477, 6.375241970869831], [2.4687777921978604, 6.375241970869831], [2.4687777921978604, 6.37451825094944], [2.46769307985955, 6.37451825094944], [2.467512294469832, 6.374880110909635], [2.4671507236903945, 6.374880110909635], [2.466969938300676, 6.37451825094944], [2.4660660113520843, 6.37451825094944], [2.465885225962366, 6.374880110909635], [2.4655236551829285, 6.374880110909635], [2.46534286979321, 6.37451825094944], [2.4646197282343367, 6.37451825094944]]]}, "properties": {"name": "Avotrou-Gbègo", "commune": "COTONOU", "confidence": "HIGH", "area_m2": 413600.0, "perimeter_m": 3439.8, "road_length_m": 4287.6, "n_road_vertices": 80, "avg_dist_to_road_m": 43.8, "pct_area_near_road": 98.7, "color": "#dbdd4d", "neighbours": ["Avotrou-Aïmonlonfidé", "Avotrou-Houézèkomè", "Kowégbo", "Suru-Léré", "Yagbé"], "n_neighbours": 5, "manual_review_reasons": []}}, {"type": "Feature", "geometry": {"type": "Polygon", "coordinates": [[[2.4237622301579687, 6.364024312103776], [2.423943015547687, 6.362576872262995], [2.424304586327124, 6.362395942282897], [2.424304586327124, 6.362034082322701], [2.4232198739888138, 6.361491292382408], [2.4226775178196585, 6.362215012302799], [2.4219543762607847, 6.362576872262994], [2.4217735908710663, 6.363119662203287], [2.4214120200916294, 6.363119662203287], [2.421231234701911, 6.364567102044068], [2.4206888785327556, 6.365109891984362], [2.421773590871066, 6.365652681924655], [2.4219543762607842, 6.365109891984362], [2.4228583032093765, 6.364205242083874], [2.4237622301579687, 6.364024312103776]]]}, "properties": {"name": "Gbèdomidji", "commune": "COTONOU", "confidence": "HIGH", "area_m2": 84000.0, "perimeter_m": 1720.0, "road_length_m": 418.4, "n_road_vertices": 14, "avg_dist_to_road_m": 51.5, "pct_area_near_road": 94.3, "color": "#4dd041", "neighbours": ["Gbènan", "Gbéto", "Mifongou", "Todoté", "Yévèdo"], "n_neighbours": 5, "manual_review_reasons": []}}, {"type": "Feature", "geometry": {"type": "Polygon", "coordinates": [[[2.46190794738856, 6.375241970869831], [2.46190794738856, 6.376689410710612], [2.4611848058296864, 6.377232200650905], [2.4611848058296864, 6.377955920571296], [2.460642449660531, 6.378498710511589], [2.460642449660531, 6.379584290392176], [2.461004020439968, 6.379765220372273], [2.4608232350502495, 6.3812126602130546], [2.46190794738856, 6.3812126602130546], [2.4620887327782786, 6.38157452017325], [2.4635350158960256, 6.38157452017325], [2.463715801285744, 6.3812126602130546], [2.464981299013773, 6.3812126602130546], [2.4651620844034916, 6.380127080332469], [2.4664275821315207, 6.379765220372273], [2.4664275821315207, 6.379584290392175], [2.466066011352084, 6.379403360412077], [2.466066011352084, 6.379041500451882], [2.4655236551829285, 6.378860570471784], [2.465704440572647, 6.3775940606111], [2.4642581574548994, 6.377413130631003], [2.4642581574548994, 6.376327550750418], [2.4646197282343363, 6.375965690790222], [2.4646197282343363, 6.375241970869831], [2.463715801285744, 6.375241970869831], [2.463715801285744, 6.37451825094944], [2.4628118743371523, 6.37451825094944], [2.4628118743371523, 6.375241970869831], [2.46190794738856, 6.375241970869831]]]}, "properties": {"name": "Suru-Léré", "commune": "COTONOU", "confidence": "HIGH", "area_m2": 302000.0, "perimeter_m": 3000.0, "road_length_m": 2520.9, "n_road_vertices": 62, "avg_dist_to_road_m": 41.9, "pct_area_near_road": 99.2, "color": "#ca4c98", "neighbours": ["Ahouassa", "Avotrou-Gbègo", "Kowégbo", "Nvènamèdé", "Sènadé-Sèkon"], "n_neighbours": 5, "manual_review_reasons": []}}, {"type": "Feature", "geometry": {"type": "Polygon", "coordinates": [[[2.414722960672047, 6.344845734213423], [2.41436138989261, 6.344845734213423], [2.41436138989261, 6.345207594173619], [2.414722960672047, 6.345388524153717], [2.4149037460617655, 6.3466550340143995], [2.4141806045028917, 6.3471978239546925], [2.4141806045028917, 6.347559683914889], [2.4149037460617655, 6.348102473855182], [2.4149037460617655, 6.3493689837158644], [2.4145421752823286, 6.349549913695962], [2.4145421752823286, 6.350092703636255], [2.4139998191131733, 6.351178283516842], [2.4145421752823286, 6.35208293341733], [2.4156268876206393, 6.352263863397428], [2.4158076730103577, 6.352987583317819], [2.4168923853486683, 6.353530373258112], [2.417977097686979, 6.353530373258112], [2.418338668466416, 6.354073163198405], [2.418881024635571, 6.354073163198405], [2.419604166194445, 6.354977813098893], [2.4197849515841634, 6.355882462999381], [2.421231234701911, 6.355882462999381], [2.421231234701911, 6.35678711289987], [2.421592805481348, 6.356968042879967], [2.4221351616505027, 6.35678711289987], [2.4221351616505027, 6.356244322959577], [2.4224967324299396, 6.356063392979479], [2.424304586327124, 6.356244322959577], [2.4244853717168424, 6.355158743078991], [2.4248469424962793, 6.355158743078991], [2.4250277278859977, 6.354796883118795], [2.425389298665435, 6.355158743078991], [2.42593165483459, 6.354977813098893], [2.426293225614027, 6.352806653337721], [2.4277395087317744, 6.352987583317819], [2.4277395087317744, 6.352444793377525], [2.4266547963934637, 6.351540143477036], [2.4266547963934637, 6.351178283516841], [2.4261124402243084, 6.350997353536743], [2.4257508694448715, 6.35045456359645], [2.425208513275716, 6.35045456359645], [2.4250277278859977, 6.349911773656157], [2.424304586327124, 6.349188053735767], [2.424666157106561, 6.346835963994497], [2.423039088599095, 6.346835963994497], [2.423039088599095, 6.3466550340143995], [2.4224967324299396, 6.3466550340143995], [2.422315947040221, 6.346293174054204], [2.420869663922474, 6.346474104034302], [2.420508093143037, 6.346835963994497], [2.4188810246355708, 6.346474104034302], [2.418157883076697, 6.3461122440741065], [2.41779631229726, 6.344845734213423], [2.4167115999589495, 6.34430294427313], [2.4149037460617655, 6.3444838742532275], [2.414722960672047, 6.344845734213423]]]}, "properties": {"name": "Zongo-Ehuzu", "commune": "COTONOU", "confidence": "HIGH", "area_m2": 1195200.0, "perimeter_m": 6519.9, "road_length_m": 8292.8, "n_road_vertices": 240, "avg_dist_to_road_m": 58.3, "pct_area_near_road": 86.8, "color": "#8dc93f", "neighbours": ["Ahouanlèko", "Gbèdiga-Guêdêhounguè", "Zongo-Nima"], "n_neighbours": 3, "manual_review_reasons": []}}, {"type": "Feature", "geometry": {"type": "Polygon", "coordinates": [[[2.459015381153065, 6.364928962004264], [2.4584730249839097, 6.365833611904753], [2.4591961665427835, 6.366014541884851], [2.4591961665427835, 6.36673826180524], [2.459015381153065, 6.367100121765436], [2.458111454204473, 6.367100121765436], [2.457749883425036, 6.367823841685826], [2.457749883425036, 6.36836663162612], [2.458111454204473, 6.368909421566413], [2.457749883425036, 6.370899651347488], [2.458111454204473, 6.371442441287781], [2.4591961665427835, 6.371985231228074], [2.459376951932502, 6.37307081110866], [2.460280878881094, 6.37307081110866], [2.460642449660531, 6.373613601048953], [2.4610040204399675, 6.373613601048953], [2.4613655912194043, 6.37307081110866], [2.4619079473885597, 6.372889881128562], [2.4617271619988412, 6.372166161208171], [2.462088732778278, 6.371804301247976], [2.462088732778278, 6.369995001446998], [2.4617271619988412, 6.369814071466901], [2.4617271619988412, 6.368004771665925], [2.462088732778278, 6.367823841685827], [2.462450303557715, 6.366738261805241], [2.4629926597268703, 6.366557331825144], [2.4629926597268703, 6.366014541884851], [2.463354230506307, 6.365471751944557], [2.462811874337152, 6.365471751944557], [2.462811874337152, 6.365290821964459], [2.4622695181679966, 6.365471751944557], [2.4622695181679966, 6.365109891984361], [2.4617271619988417, 6.365109891984361], [2.4615463766091232, 6.365652681924654], [2.4610040204399675, 6.365833611904752], [2.4606424496605306, 6.365471751944557], [2.460461664270812, 6.364024312103775], [2.4601000934913757, 6.364205242083873], [2.4599193081016573, 6.365109891984361], [2.459015381153065, 6.364928962004264]]]}, "properties": {"name": "Sodjatinmè-Est", "commune": "COTONOU", "confidence": "HIGH", "area_m2": 369200.0, "perimeter_m": 3960.3, "road_length_m": 3216.3, "n_road_vertices": 96, "avg_dist_to_road_m": 49.2, "pct_area_near_road": 90.1, "color": "#d446df", "neighbours": ["Donaten", "Fifadji-Houto (Jak)", "Irédé", "Nvènamèdé", "Sodjatinmè-Centre", "Sènadé-Sèkon"], "n_neighbours": 6, "manual_review_reasons": []}}, {"type": "Feature", "geometry": {"type": "Polygon", "coordinates": [[[2.3295730421146614, 6.36601454188485], [2.329392256724943, 6.368909421566412], [2.3288499005557877, 6.369633141486803], [2.3279459736071955, 6.369995001446998], [2.327765188217477, 6.370899651347487], [2.3275844028277586, 6.370899651347487], [2.327765188217477, 6.371261511307683], [2.3292114713352245, 6.371442441287781], [2.3292114713352245, 6.371804301247975], [2.3286691151660692, 6.37216616120817], [2.3286691151660692, 6.37307081110866], [2.329030685945506, 6.37307081110866], [2.3288499005557877, 6.374156390989246], [2.3295730421146614, 6.374156390989246], [2.3299346128940983, 6.374880110909636], [2.3306577544529716, 6.374518250949441], [2.3312001106221274, 6.374518250949441], [2.3313808960118454, 6.374880110909636], [2.3317424667912823, 6.374337320969343], [2.3321040375707196, 6.374337320969343], [2.332646393739875, 6.374880110909636], [2.332646393739875, 6.375241970869832], [2.3333695352987487, 6.374880110909636], [2.333911891467904, 6.375422900849929], [2.333911891467904, 6.375784760810125], [2.3342734622473404, 6.375784760810125], [2.334454247637059, 6.375422900849929], [2.3351773891959327, 6.375061040889734], [2.3348158184164958, 6.374699180929538], [2.3348158184164958, 6.374337320969343], [2.3351773891959327, 6.374156390989246], [2.334996603806214, 6.373613601048953], [2.335719745365088, 6.373432671068855], [2.335719745365088, 6.37307081110866], [2.3368044577033986, 6.372889881128562], [2.3364428869239617, 6.372528021168366], [2.3364428869239617, 6.371985231228074], [2.337346813872554, 6.371623371267878], [2.337346813872554, 6.371261511307682], [2.3368044577033986, 6.370718721367389], [2.3368044577033986, 6.369814071466901], [2.3362621015342433, 6.369271281526608], [2.336081316144525, 6.367281051745533], [2.335358174585651, 6.36673826180524], [2.3351773891959327, 6.366195471864947], [2.334454247637059, 6.366195471864947], [2.3335503206884667, 6.365652681924654], [2.332646393739875, 6.365652681924654], [2.332646393739875, 6.365833611904752], [2.331380896011846, 6.365652681924654], [2.331380896011846, 6.365833611904752], [2.3295730421146614, 6.36601454188485]]]}, "properties": {"name": "Ningboto\n", "commune": "ABOMEY-CALAVI", "confidence": "HIGH", "area_m2": 785200.0, "perimeter_m": 5080.0, "road_length_m": 8091.1, "n_road_vertices": 218, "avg_dist_to_road_m": 75.8, "pct_area_near_road": 78.6, "color": "#dea749", "neighbours": ["Abikouholi\n", "Dèkoungbé\n", "Fignonhou\n", "Godomey-N'Gbèho", "Togbin-Kpèvi"], "n_neighbours": 5, "manual_review_reasons": []}}, {"type": "Feature", "geometry": {"type": "Polygon", "coordinates": [[[2.350724932711719, 6.669434118508636], [2.3514480742705928, 6.673595508050883], [2.351628859660311, 6.673595508050883], [2.3518096450500297, 6.675766667812055], [2.351990430439748, 6.675766667812055], [2.351990430439748, 6.676671317712543], [2.3521712158294665, 6.676671317712543], [2.3521712158294665, 6.677033177672738], [2.351628859660311, 6.677395037632933], [2.3492786495939715, 6.677937827573226], [2.350724932711719, 6.6862606066577195], [2.3509057181014374, 6.6862606066577195], [2.3509057181014374, 6.68698432657811], [2.351628859660311, 6.6868033965980125], [2.351628859660311, 6.687165256558208], [2.351990430439748, 6.6873461865383055], [2.352352001219185, 6.688250836438794], [2.3528943573883403, 6.688612696398989], [2.353255928167777, 6.6895173462994775], [2.3537982843369325, 6.689879206259673], [2.3545214258958063, 6.691326646100454], [2.3550637820649616, 6.6916885060606495], [2.3554253528443985, 6.692593155961138], [2.355967709013554, 6.692955015921333], [2.3563292797929907, 6.6938596658218215], [2.359041060638767, 6.69241222598104], [2.3604873437565144, 6.6922312960009425], [2.3604873437565144, 6.692050366020845], [2.362475983043417, 6.691507576080552], [2.363560695381728, 6.690421996199966], [2.3639222661611647, 6.6895173462994775], [2.365730120058349, 6.6878889764785985], [2.365730120058349, 6.687527116518403], [2.366453261617223, 6.6873461865383055], [2.3666340470069414, 6.6868033965980125], [2.3671764031760967, 6.686441536637817], [2.3671764031760967, 6.686079676677622], [2.3678995447349704, 6.6857178167174265], [2.3678995447349704, 6.685355956757231], [2.3684419009041258, 6.684994096797036], [2.3684419009041258, 6.684451306856743], [2.3688034716835626, 6.6840894468965475], [2.371153681749903, 6.68390851691645], [2.3715152525293397, 6.684270376876645], [2.3727807502573683, 6.6846322368368405], [2.3756733164928634, 6.683184796996059], [2.3756733164928634, 6.682822937035863], [2.3715152525293393, 6.678842477473714], [2.3715152525293393, 6.67612852777225], [2.3720576086984946, 6.6759475977921525], [2.3724191794779315, 6.675223877871761], [2.3715152525293393, 6.674319227971273], [2.3715152525293393, 6.673957368011077], [2.3707921109704655, 6.673414578070784], [2.3707921109704655, 6.673052718110589], [2.3700689694115917, 6.672509928170296], [2.3700689694115917, 6.672148068210101], [2.369345827852718, 6.671605278269808], [2.3688034716835626, 6.670519698389222], [2.368080330124689, 6.669976908448929], [2.368080330124689, 6.669615048488733], [2.367718759345252, 6.669434118508636], [2.3678995447349704, 6.667805748687757], [2.367357188565815, 6.667443888727561], [2.3669956177863782, 6.666720168807171], [2.3666340470069414, 6.666720168807171], [2.366091690837786, 6.66599644888678], [2.3653685492789123, 6.665634588926585], [2.3653685492789123, 6.665272728966389], [2.364826193109757, 6.664910869006194], [2.36446462233032, 6.664006219105706], [2.364103051550883, 6.663825289125608], [2.364103051550883, 6.663463429165413], [2.363560695381728, 6.663101569205217], [2.363560695381728, 6.662739709245022], [2.3621144122639803, 6.661473199384338], [2.3603065583667964, 6.662196919304729], [2.3599449875873595, 6.662739709245022], [2.3590410606387673, 6.663101569205217], [2.3586794898593304, 6.664729939026096], [2.358498704469612, 6.664729939026096], [2.3590410606387673, 6.666901098787268], [2.3557869236238353, 6.667443888727561], [2.3550637820649616, 6.668167608647952], [2.3547022112855247, 6.668167608647952], [2.3545214258958063, 6.668529468608147], [2.3541598551163694, 6.668529468608147], [2.353979069726651, 6.668891328568343], [2.353255928167777, 6.669253188528538], [2.351628859660311, 6.668891328568343], [2.351086503491156, 6.669434118508636], [2.350724932711719, 6.669434118508636]]]}, "properties": {"name": "Kpanroun", "commune": "ABOMEY-CALAVI", "confidence": "MEDIUM", "area_m2": 5851200.0, "perimeter_m": 13960.4, "road_length_m": 10181.8, "n_road_vertices": 282, "avg_dist_to_road_m": 205.6, "pct_area_near_road": 29.0, "color": "#cd3fbe", "neighbours": ["Ahowégodo", "Anagbo", "Avagbé", "Djigbo", "Hadjanaho", "Kpaviédja", "Kpé"], "n_neighbours": 7, "manual_review_reasons": []}}, {"type": "Feature", "geometry": {"type": "Polygon", "coordinates": [[[2.4624503035577154, 6.36673826180524], [2.4620887327782786, 6.367823841685826], [2.4617271619988417, 6.368004771665924], [2.4617271619988417, 6.369814071466902], [2.4620887327782786, 6.369995001446999], [2.4620887327782786, 6.371804301247975], [2.4617271619988417, 6.37216616120817], [2.46190794738856, 6.372347091188269], [2.4617271619988417, 6.373251741088757], [2.46190794738856, 6.373432671068855], [2.462631088947434, 6.373251741088757], [2.4628118743371523, 6.374518250949441], [2.4637158012857445, 6.374518250949441], [2.4637158012857445, 6.375241970869832], [2.4646197282343363, 6.375241970869832], [2.4646197282343363, 6.373613601048953], [2.464981299013773, 6.373432671068855], [2.464981299013773, 6.372528021168367], [2.4664275821315207, 6.372347091188269], [2.4664275821315207, 6.370899651347488], [2.4675122944698313, 6.370899651347488], [2.4675122944698313, 6.370356861407195], [2.467873865249268, 6.370175931427097], [2.467873865249268, 6.369271281526608], [2.4667891529109576, 6.368185701646022], [2.467331509080113, 6.367281051745534], [2.4675122944698313, 6.366195471864947], [2.4666083675212396, 6.365652681924654], [2.4662467967418027, 6.366195471864947], [2.4657044405726474, 6.366376401845045], [2.465523655182929, 6.367281051745533], [2.4651620844034916, 6.366919191785338], [2.463715801285744, 6.36673826180524], [2.463715801285744, 6.366557331825143], [2.4624503035577154, 6.36673826180524]]]}, "properties": {"name": "Nvènamèdé", "commune": "COTONOU", "confidence": "HIGH", "area_m2": 444800.0, "perimeter_m": 3960.3, "road_length_m": 4617.4, "n_road_vertices": 150, "avg_dist_to_road_m": 45.3, "pct_area_near_road": 92.2, "color": "#45cc78", "neighbours": ["Donaten", "Sodjatinmè-Est", "Suru-Léré", "Sènadé-Sèkon", "Tanto", "Yagbé"], "n_neighbours": 6, "manual_review_reasons": []}}, {"type": "Feature", "geometry": {"type": "Polygon", "coordinates": [[[2.449072184718551, 6.367281051745533], [2.4481682577699586, 6.368547561606218], [2.4485298285493955, 6.368728491586316], [2.448710613939114, 6.369633141486804], [2.449072184718551, 6.369633141486804], [2.449614540887706, 6.370356861407195], [2.450156897056861, 6.370356861407195], [2.4503376824465795, 6.367823841685827], [2.4516031801746085, 6.367461981725632], [2.4516031801746085, 6.367100121765437], [2.4525071071232007, 6.366557331825144], [2.4525071071232007, 6.36601454188485], [2.4519647509540454, 6.366195471864947], [2.4519647509540454, 6.365833611904752], [2.451241609395172, 6.365833611904752], [2.4510608240054537, 6.366195471864947], [2.4497953262774246, 6.366376401845045], [2.4494337554979877, 6.36673826180524], [2.4494337554979877, 6.367281051745533], [2.449072184718551, 6.367281051745533]]]}, "properties": {"name": "Sodjatinmè-Ouest", "commune": "COTONOU", "confidence": "HIGH", "area_m2": 98400.0, "perimeter_m": 2000.0, "road_length_m": 542.2, "n_road_vertices": 12, "avg_dist_to_road_m": 67.5, "pct_area_near_road": 78.0, "color": "#d0aa44", "neighbours": ["Abokicodji-Centre", "Fifatin", "Gbèdjèwin", "Ohé", "Sodjatinmè-Centre"], "n_neighbours": 5, "manual_review_reasons": []}}, {"type": "Feature", "geometry": {"type": "MultiPolygon", "coordinates": [[[[2.4219543762607847, 6.394601478740282], [2.4230390885990953, 6.395144268680575], [2.4232198739888138, 6.39550612864077], [2.42358144476825, 6.39550612864077], [2.424304586327124, 6.3947824087203795], [2.424666157106561, 6.393515898859696], [2.42593165483459, 6.3909828791383285], [2.4273779379523375, 6.390259159217938], [2.4273779379523375, 6.389716369277644], [2.4270163671729006, 6.389535439297546], [2.4270163671729006, 6.3888117193771565], [2.4281010795112112, 6.3882689294368635], [2.4281010795112112, 6.387907069476667], [2.4277395087317744, 6.38772613949657], [2.4277395087317744, 6.386459629635886], [2.4273779379523375, 6.386097769675691], [2.4266547963934637, 6.386278699655788], [2.4266547963934637, 6.385916839695593], [2.42593165483459, 6.385554979735398], [2.4257508694448715, 6.385193119775202], [2.4252085132757166, 6.385554979735398], [2.425027727885998, 6.386097769675691], [2.424123800937406, 6.386097769675691], [2.4243045863271244, 6.386821489596082], [2.425389298665435, 6.388087999456765], [2.4243045863271244, 6.388811719377156], [2.424123800937406, 6.389716369277644], [2.423400659378532, 6.390259159217937], [2.4223159470402216, 6.392430318979109], [2.4219543762607847, 6.394601478740282]]], [[[2.4219543762607847, 6.394963338700476], [2.4217735908710663, 6.396410778541258], [2.421592805481348, 6.396410778541258], [2.4214120200916294, 6.3980391483621375], [2.4224967324299396, 6.3969535684815515], [2.4224967324299396, 6.396591708521356], [2.4234006593785318, 6.3958679886009655], [2.422315947040221, 6.394963338700476], [2.4219543762607847, 6.394963338700476]]]]}, "properties": {"name": "Ahouansori-Towéta", "commune": "COTONOU", "confidence": "MEDIUM", "area_m2": 361200.0, "perimeter_m": 5160.3, "road_length_m": 1504.0, "n_road_vertices": 64, "avg_dist_to_road_m": 239.5, "pct_area_near_road": 47.6, "color": "#d1713e", "neighbours": ["Ahouansori-Towéta-Kpota", "Ahouansouri-Agata", "Ahouansouri-Agué", "Gbèdjromèdè-Nord", "Ladji"], "n_neighbours": 5, "manual_review_reasons": []}}, {"type": "Feature", "geometry": {"type": "Polygon", "coordinates": [[[2.448349043159677, 6.378860570471784], [2.4481682577699586, 6.379403360412077], [2.447445116211085, 6.379403360412077], [2.447445116211085, 6.380308010312566], [2.44798747238024, 6.380669870272762], [2.44798747238024, 6.385012189795105], [2.447445116211085, 6.3853740497553], [2.447445116211085, 6.386278699655789], [2.448710613939114, 6.386278699655789], [2.448710613939114, 6.387545209516473], [2.4492529701082693, 6.388087999456766], [2.4503376824465795, 6.388087999456766], [2.4503376824465795, 6.384288469874715], [2.451060824005453, 6.384288469874715], [2.4512416093951717, 6.3839266099145195], [2.4525071071232007, 6.3839266099145195], [2.4525071071232007, 6.380488940292663], [2.4523263217334823, 6.380127080332468], [2.4512416093951717, 6.380127080332468], [2.45142239478489, 6.379222430431979], [2.4503376824465795, 6.379222430431979], [2.450156897056861, 6.378860570471784], [2.448349043159677, 6.378860570471784]]]}, "properties": {"name": "Ayélawadjè-Agongbomè", "commune": "COTONOU", "confidence": "HIGH", "area_m2": 372800.0, "perimeter_m": 3320.3, "road_length_m": 3321.7, "n_road_vertices": 84, "avg_dist_to_road_m": 44.8, "pct_area_near_road": 98.0, "color": "#83ce4d", "neighbours": ["Ayélawadjè", "Kpondéhou", "Lom-Nava", "Midombo", "Minontchou", "Sègbèya-Nord", "Sègbèya-Sud"], "n_neighbours": 7, "manual_review_reasons": []}}, {"type": "Feature", "geometry": {"type": "Polygon", "coordinates": [[[2.3561484944032722, 6.565399379952478], [2.3550637820649616, 6.56757053971365], [2.3550637820649616, 6.569379839514627], [2.3570524213518644, 6.570284489415116], [2.3574139921313013, 6.570827279355409], [2.357775562910738, 6.570827279355409], [2.3583179190798935, 6.5713700692957016], [2.3583179190798935, 6.571731929255897], [2.3590410606387673, 6.572093789216092], [2.358860275249049, 6.572817509136482], [2.358137133690175, 6.573541229056873], [2.358137133690175, 6.574264948977263], [2.3570524213518644, 6.575531458837947], [2.3570524213518644, 6.5757123888180455], [2.357775562910738, 6.5757123888180455], [2.357775562910738, 6.576255178758338], [2.356871635962146, 6.576436108738435], [2.356871635962146, 6.576797968698631], [2.356510065182709, 6.576978898678728], [2.356871635962146, 6.578607268499608], [2.3570524213518644, 6.578607268499608], [2.3570524213518644, 6.579511918400096], [2.3566908505724276, 6.579511918400096], [2.3566908505724276, 6.580054708340389], [2.356510065182709, 6.580054708340389], [2.356510065182709, 6.5816830781612685], [2.3566908505724276, 6.5816830781612685], [2.356871635962146, 6.582587728061756], [2.3561484944032722, 6.583492377962244], [2.3561484944032722, 6.584035167902538], [2.3563292797929907, 6.584035167902538], [2.356871635962146, 6.585844467703515], [2.3575947775210198, 6.58620632766371], [2.3583179190798935, 6.58620632766371], [2.3583179190798935, 6.586387257643808], [2.3597642021976406, 6.58620632766371], [2.3597642021976406, 6.5860253976836125], [2.3612104853153886, 6.5860253976836125], [2.3624759830434177, 6.587291907544296], [2.3624759830434177, 6.5876537675044915], [2.36337990999201, 6.5887393473850775], [2.36337990999201, 6.5892821373253705], [2.364645407720039, 6.590005857245761], [2.3650069784994754, 6.590005857245761], [2.365187763889194, 6.5871109775641985], [2.3662724762275045, 6.5865681876239055], [2.366453261617223, 6.58620632766371], [2.3677187593452524, 6.5865681876239055], [2.3682611155144078, 6.587291907544296], [2.369165042463, 6.587472837524394], [2.369165042463, 6.5876537675044915], [2.37024975480131, 6.5876537675044915], [2.37024975480131, 6.587472837524394], [2.3711536817499024, 6.587291907544296], [2.371876823308776, 6.5849398178030265], [2.372238394088213, 6.584577957842831], [2.371876823308776, 6.584216097882635], [2.3720576086984946, 6.581864008141366], [2.3744078187648343, 6.579873778360292], [2.375492531103145, 6.5800547083403895], [2.3765772434414556, 6.5795119184000965], [2.377119599610611, 6.5795119184000965], [2.3782043119489216, 6.578788198479706], [2.3782043119489216, 6.5784263385195105], [2.3785658827283584, 6.578245408539413], [2.3789274535077953, 6.577521688619022], [2.3789274535077953, 6.576436108738436], [2.379289024287232, 6.576074248778241], [2.3794698096769507, 6.574988668897655], [2.380012165846106, 6.574445878957362], [2.3805545220152613, 6.5729984391165805], [2.380916092794698, 6.572817509136483], [2.3814584489638535, 6.5713700692957016], [2.3818200197432904, 6.571189139315604], [2.382000805133009, 6.570284489415115], [2.3814584489638535, 6.570103559435017], [2.380373736625543, 6.569017979554431], [2.3791082388975138, 6.568656119594236], [2.37838509733864, 6.568113329653943], [2.3774811703900482, 6.568113329653943], [2.373684677205961, 6.571550999275798], [2.368984257073281, 6.570465419395212], [2.3688034716835626, 6.569922629454919], [2.3684419009041258, 6.569741699474822], [2.3671764031760967, 6.569560769494724], [2.3666340470069414, 6.568837049574333], [2.3666340470069414, 6.56829425963404], [2.3621144122639803, 6.569560769494724], [2.3617528414845435, 6.569017979554431], [2.359041060638767, 6.568656119594236], [2.3588602752490484, 6.56829425963404], [2.359041060638767, 6.567751469693748], [2.3601257729770775, 6.567570539713651], [2.360668129146233, 6.567208679753455], [2.360668129146233, 6.566484959833064], [2.3601257729770775, 6.565580309932575], [2.3597642021976406, 6.565580309932575], [2.359583416807922, 6.56521844997238], [2.3584987044696115, 6.565580309932575], [2.357413992131301, 6.564856590012185], [2.3566908505724276, 6.564856590012185], [2.3561484944032722, 6.565399379952478]]]}, "properties": {"name": "Dokomè", "commune": "ABOMEY-CALAVI", "confidence": "MEDIUM", "area_m2": 4439200.0, "perimeter_m": 14559.9, "road_length_m": 16532.2, "n_road_vertices": 826, "avg_dist_to_road_m": 142.3, "pct_area_near_road": 57.7, "color": "#75d24e", "neighbours": ["Agonsoudja", "Kolètin", "Kpodji-Les-Monts", "Sokan", "Yèvié"], "n_neighbours": 5, "manual_review_reasons": []}}, {"type": "Feature", "geometry": {"type": "Polygon", "coordinates": [[[2.4192425954150076, 6.364748032024166], [2.4181578830766974, 6.36601454188485], [2.4177963122972606, 6.36601454188485], [2.417615526907542, 6.366557331825144], [2.4181578830766974, 6.366738261805241], [2.4187002392458528, 6.367461981725632], [2.4190618100252896, 6.367461981725632], [2.419604166194445, 6.368185701646023], [2.4206888785327556, 6.367823841685827], [2.4206888785327556, 6.368909421566413], [2.421231234701911, 6.369452211506706], [2.4215928054813474, 6.369452211506706], [2.4215928054813474, 6.369090351546511], [2.422315947040221, 6.368547561606218], [2.422315947040221, 6.368185701646022], [2.4212312347019105, 6.367461981725631], [2.4212312347019105, 6.366919191785339], [2.4215928054813474, 6.366738261805241], [2.4215928054813474, 6.365652681924654], [2.421050449312192, 6.365471751944557], [2.4208696639224736, 6.365109891984361], [2.420508093143037, 6.365471751944557], [2.4199657369738814, 6.365471751944557], [2.4192425954150076, 6.364748032024166]]]}, "properties": {"name": "Yévèdo", "commune": "COTONOU", "confidence": "HIGH", "area_m2": 125200.0, "perimeter_m": 2320.0, "road_length_m": 971.9, "n_road_vertices": 16, "avg_dist_to_road_m": 55.5, "pct_area_near_road": 90.1, "color": "#84d43e", "neighbours": ["Gbèdomidji", "Gbènan", "Saint-Jean-Gbèdiga", "Sèdami", "Sèhogan-Sikê", "Todoté"], "n_neighbours": 6, "manual_review_reasons": []}}, {"type": "Feature", "geometry": {"type": "Polygon", "coordinates": [[[2.346205297968758, 6.497912497376048], [2.3460245125790395, 6.498998077256634], [2.3451205856304473, 6.498998077256634], [2.3451205856304473, 6.499540867196927], [2.344397444071573, 6.499540867196927], [2.3440358732921367, 6.499179007236732], [2.3436743025127, 6.499721797177025], [2.3438550879024183, 6.500626447077514], [2.3451205856304473, 6.500626447077514], [2.344939800240729, 6.503521326759077], [2.345301371020166, 6.5037022567391745], [2.3447590148510105, 6.505149696579955], [2.3436743025127, 6.505149696579955], [2.3436743025127, 6.506054346480444], [2.3440358732921367, 6.506235276460542], [2.3440358732921367, 6.507320856341127], [2.3436743025127, 6.507320856341127], [2.3436743025127, 6.508225506241615], [2.3434935171229814, 6.508225506241615], [2.3434935171229814, 6.509130156142104], [2.3438550879024183, 6.5094920161023], [2.3438550879024183, 6.511120385923179], [2.3443974440715736, 6.511120385923179], [2.344939800240729, 6.511663175863472], [2.3463860833584764, 6.511663175863472], [2.346566868748195, 6.512025035823667], [2.3483747226453793, 6.512025035823667], [2.3483747226453793, 6.512386895783862], [2.3489170788145346, 6.512929685724155], [2.350363361932282, 6.513110615704253], [2.350724932711719, 6.513472475664448], [2.3523520012191845, 6.512748755744058], [2.3527135719986214, 6.511844105843569], [2.3547022112855243, 6.511844105843569], [2.354521425895806, 6.510577595982886], [2.3547022112855243, 6.51021573602269], [2.355425352844398, 6.51021573602269], [2.355425352844398, 6.508949226162007], [2.3556061382341165, 6.508949226162007], [2.355425352844398, 6.507863646281421], [2.3565100651827087, 6.507863646281421], [2.356690850572427, 6.5053306265600535], [2.3577755629107378, 6.505149696579956], [2.3577755629107378, 6.50406411669937], [2.3584987044696115, 6.503883186719272], [2.3584987044696115, 6.5031594667988815], [2.3594026314182037, 6.5031594667988815], [2.3594026314182037, 6.502616676858588], [2.359041060638767, 6.50243574687849], [2.359041060638767, 6.5017120269581], [2.3597642021976406, 6.5015310969780025], [2.3597642021976406, 6.501169237017807], [2.361210485315388, 6.501169237017807], [2.361210485315388, 6.500626447077514], [2.361572056094825, 6.5004455170974165], [2.3621144122639803, 6.500626447077514], [2.3622951976536988, 6.499902727157123], [2.361572056094825, 6.499721797177025], [2.361572056094825, 6.498817147276537], [2.361210485315388, 6.498817147276537], [2.3608489145359512, 6.498274357336244], [2.360306558366796, 6.498274357336244], [2.3601257729770775, 6.497550637415853], [2.359583416807922, 6.497550637415853], [2.359583416807922, 6.496826917495462], [2.3588602752490484, 6.496826917495462], [2.3588602752490484, 6.495741337614876], [2.358317919079893, 6.495741337614876], [2.358317919079893, 6.495198547674583], [2.358137133690175, 6.495379477654681], [2.3572332067415824, 6.495198547674583], [2.357052421351864, 6.4939320378139005], [2.3572332067415824, 6.4939320378139005], [2.357413992131301, 6.492846457933314], [2.3563292797929902, 6.492846457933314], [2.3563292797929902, 6.492303667993021], [2.3556061382341165, 6.492122738012923], [2.3556061382341165, 6.490856228152239], [2.355063782064961, 6.489770648271653], [2.354340640506088, 6.489770648271653], [2.354340640506088, 6.490313438211946], [2.3541598551163694, 6.490313438211946], [2.3541598551163694, 6.491037158132338], [2.354340640506088, 6.491037158132338], [2.3541598551163694, 6.492846457933314], [2.3530751427780587, 6.492846457933314], [2.3530751427780587, 6.493570177853704], [2.3521712158294665, 6.493570177853704], [2.351990430439748, 6.494474827754193], [2.3512672888808743, 6.494293897774095], [2.3512672888808743, 6.495198547674583], [2.3505441473220006, 6.495017617694486], [2.3505441473220006, 6.495560407634779], [2.349821005763127, 6.495741337614876], [2.349821005763127, 6.496284127555169], [2.349097864204253, 6.496284127555169], [2.3489170788145346, 6.497912497376048], [2.3480131518659424, 6.497912497376048], [2.3480131518659424, 6.498093427356146], [2.346205297968758, 6.497912497376048]]]}, "properties": {"name": "Houèkè-Honou", "commune": "ABOMEY-CALAVI", "confidence": "HIGH", "area_m2": 2874800.0, "perimeter_m": 10480.2, "road_length_m": 29300.7, "n_road_vertices": 758, "avg_dist_to_road_m": 43.9, "pct_area_near_road": 96.1, "color": "#4dd6af", "neighbours": ["Akassato", "Houèkè-Gbo", "Misséssinto", "Zopah-Akassato", "Zopah-Kokpo", "Zoundja\n", "Zèkanmey-Domè"], "n_neighbours": 7, "manual_review_reasons": []}}, {"type": "Feature", "geometry": {"type": "Polygon", "coordinates": [[[2.384351015199349, 6.3920684590189145], [2.3850741567582228, 6.392249388999012], [2.3850741567582228, 6.3926112489592075], [2.385616512927378, 6.392792178939305], [2.385616512927378, 6.393515898859696], [2.385978083706815, 6.3936968288397935], [2.385978083706815, 6.394058688799988], [2.385616512927378, 6.394058688799988], [2.3850741567582228, 6.394601478740281], [2.3850741567582228, 6.397858218382039], [2.3845318005890674, 6.398943798262625], [2.3845318005890674, 6.401476817983992], [2.384351015199349, 6.401476817983992], [2.384351015199349, 6.406475665731323], [2.3921247869572415, 6.405457277546142], [2.3950173531927366, 6.4009340280437], [2.3950173531927366, 6.397677288401942], [2.3953789239721734, 6.397134498461649], [2.3957404947516103, 6.394963338700477], [2.3959212801413288, 6.394963338700477], [2.395559709361892, 6.394420548760183], [2.3950173531927366, 6.394420548760183], [2.3950173531927366, 6.393334968879598], [2.395559709361892, 6.392973108919403], [2.395559709361892, 6.392611248959207], [2.3946557824132997, 6.392611248959207], [2.394836567803018, 6.391706599058718], [2.3937518554647075, 6.391525669078621], [2.3937518554647075, 6.390259159217937], [2.3928479285161153, 6.390259159217937], [2.392667143126397, 6.389173579337351], [2.391401645398368, 6.389173579337351], [2.3912208600086498, 6.389716369277644], [2.390316933060057, 6.389716369277644], [2.3904977184497755, 6.388811719377156], [2.3897745768909022, 6.388811719377156], [2.389593791501184, 6.389354509317449], [2.3886898645525916, 6.389716369277644], [2.3883282937731547, 6.390440089198035], [2.3870627960451256, 6.390621019178132], [2.386882010655407, 6.391706599058718], [2.385435727537659, 6.391887529038816], [2.3852549421479408, 6.391525669078621], [2.3845318005890674, 6.391525669078621], [2.384351015199349, 6.3920684590189145]], [[2.38652043987597, 6.394058688799989], [2.386882010655407, 6.394239618780086], [2.38652043987597, 6.394239618780086], [2.38652043987597, 6.394058688799989]]]}, "properties": {"name": "Zogbo", "commune": "COTONOU", "confidence": "MANUAL_REVIEW", "area_m2": 1867903.3, "perimeter_m": 7297.2, "road_length_m": 6711.1, "n_road_vertices": 222, "avg_dist_to_road_m": 410.5, "pct_area_near_road": 33.7, "color": "#88d14f", "neighbours": ["Agounvocôdji", "Fifadji", "Yénawa-Fifadji", "Zogbohouè"], "n_neighbours": 4, "manual_review_reasons": ["avg distance to owned road 410 m"]}}, {"type": "Feature", "geometry": {"type": "Polygon", "coordinates": [[[2.373684677205961, 6.375422900849928], [2.373684677205961, 6.375784760810124], [2.371696037919058, 6.377774990591198], [2.371696037919058, 6.379765220372273], [2.3725999648676503, 6.379765220372273], [2.372780750257369, 6.380127080332469], [2.3742270333751163, 6.379765220372273], [2.37495017493399, 6.380308010312566], [2.3758541018825823, 6.380127080332469], [2.376215672662019, 6.380669870272762], [2.377481170390048, 6.380127080332469], [2.3776619557797662, 6.379041500451883], [2.3782043119489216, 6.378317780531492], [2.378023526559203, 6.3775940606111], [2.3769388142208925, 6.378136850551393], [2.3765772434414556, 6.377774990591198], [2.3765772434414556, 6.377051270670807], [2.3756733164928634, 6.377051270670807], [2.375492531103145, 6.376689410710612], [2.375130960323708, 6.376689410710612], [2.375130960323708, 6.376327550750417], [2.3745886041545528, 6.375965690790221], [2.374227033375116, 6.375061040889733], [2.373684677205961, 6.375422900849928]]]}, "properties": {"name": "Ahogbohoué-Cité-De-l'Expérience", "commune": "COTONOU", "confidence": "HIGH", "area_m2": 252400.0, "perimeter_m": 2920.0, "road_length_m": 2342.5, "n_road_vertices": 62, "avg_dist_to_road_m": 58.4, "pct_area_near_road": 84.9, "color": "#4ddac4", "neighbours": ["Agla-Centre", "Agla-Petit-Château", "Kouhounou"], "n_neighbours": 3, "manual_review_reasons": []}}]}