{"type": "FeatureCollection", "features": [{"type": "Feature", "geometry": {"type": "Point", "coordinates": [2.33067005, 6.38497025]}, "properties": {"edge_length_m": 283.2, "X": "Dénou\n", "Y": "Atrokpo-Codji", "X_side_m": 141.6, "Y_side_m": 141.6, "split_t": 0.5}}, {"type": "Feature", "geometry": {"type": "Point", "coordinates": [2.3059098000000002, 6.38877005]}, "properties": {"edge_length_m": 134.1, "X": "Tokpa\n", "Y": "Cocotomey", "X_side_m": 67.0, "Y_side_m": 67.0, "split_t": 0.5}}, {"type": "Feature", "geometry": {"type": "Point", "coordinates": [2.45034545, 6.37196985]}, "properties": {"edge_length_m": 259.9, "X": "Fifatin", "Y": "Ayélawadjè", "X_side_m": 130.0, "Y_side_m": 130.0, "split_t": 0.5}}, {"type": "Feature", "geometry": {"type": "Point", "coordinates": [2.4491673499999997, 6.3722809]}, "properties": {"edge_length_m": 70.4, "X": "Ayélawadjè", "Y": "Fifatin", "X_side_m": 35.2, "Y_side_m": 35.2, "split_t": 0.5}}, {"type": "Feature", "geometry": {"type": "Point", "coordinates": [2.4469201, 6.37323195]}, "properties": {"edge_length_m": 280.6, "X": "Ayélawadjè", "Y": "Adjégounlè", "X_side_m": 140.3, "Y_side_m": 140.3, "split_t": 0.5}}, {"type": "Feature", "geometry": {"type": "Point", "coordinates": [2.40338695, 6.364190499999999]}, "properties": {"edge_length_m": 182.1, "X": "Cadjèhoun-Kpota", "Y": "Cadjèhoun-Détinsa", "X_side_m": 91.0, "Y_side_m": 91.0, "split_t": 0.5}}, {"type": "Feature", "geometry": {"type": "Point", "coordinates": [2.40292605, 6.3634433999999995]}, "properties": {"edge_length_m": 67.0, "X": "Cadjèhoun-Kpota", "Y": "Cadjèhoun-Gare", "X_side_m": 33.5, "Y_side_m": 33.5, "split_t": 0.5}}, {"type": "Feature", "geometry": {"type": "Point", "coordinates": [2.40376155, 6.3637065]}, "properties": {"edge_length_m": 181.4, "X": "Cadjèhoun-Gare", "Y": "Cadjèhoun-Détinsa", "X_side_m": 90.7, "Y_side_m": 90.7, "split_t": 0.5}}, {"type": "Feature", "geometry": {"type": "Point", "coordinates": [2.40410945, 6.36325725]}, "properties": {"edge_length_m": 180.8, "X": "Cadjèhoun-Gare", "Y": "Cadjèhoun-Détinsa", "X_side_m": 90.4, "Y_side_m": 90.4, "split_t": 0.5}}, {"type": "Feature", "geometry": {"type": "Point", "coordinates": [2.40446985, 6.36279135]}, "properties": {"edge_length_m": 180.2, "X": "Cadjèhoun-Gare", "Y": "Cadjèhoun-Détinsa", "X_side_m": 90.1, "Y_side_m": 90.1, "split_t": 0.5}}, {"type": "Feature", "geometry": {"type": "Point", "coordinates": [2.4051199, 6.3606373000000005]}, "properties": {"edge_length_m": 64.3, "X": "Cadjèhoun-Gare", "Y": "Cadjèhoun-Aupiais", "X_side_m": 32.1, "Y_side_m": 32.1, "split_t": 0.5}}, {"type": "Feature", "geometry": {"type": "Point", "coordinates": [2.4043183, 6.35964575]}, "properties": {"edge_length_m": 274.8, "X": "Cadjèhoun-Aupiais", "Y": "Cadjèhoun-Gare", "X_side_m": 137.4, "Y_side_m": 137.4, "split_t": 0.5}}, {"type": "Feature", "geometry": {"type": "Point", "coordinates": [2.40593265, 6.36090145]}, "properties": {"edge_length_m": 177.6, "X": "Cadjèhoun-Aupiais", "Y": "Cadjèhoun-Gare", "X_side_m": 88.8, "Y_side_m": 88.8, "split_t": 0.5}}, {"type": "Feature", "geometry": {"type": "Point", "coordinates": [2.4062996, 6.36042725]}, "properties": {"edge_length_m": 177.0, "X": "Cadjèhoun-Aupiais", "Y": "Gbégamey-Mifongou", "X_side_m": 88.5, "Y_side_m": 88.5, "split_t": 0.5}}, {"type": "Feature", "geometry": {"type": "Point", "coordinates": [2.40666505, 6.3599551000000005]}, "properties": {"edge_length_m": 176.3, "X": "Cadjèhoun-Aupiais", "Y": "Gbégamey-Mifongou", "X_side_m": 88.2, "Y_side_m": 88.2, "split_t": 0.5}}, {"type": "Feature", "geometry": {"type": "Point", "coordinates": [2.4070311, 6.3594821]}, "properties": {"edge_length_m": 175.7, "X": "Cadjèhoun-Aupiais", "Y": "Gbégamey-Mifongou", "X_side_m": 87.8, "Y_side_m": 87.8, "split_t": 0.5}}, {"type": "Feature", "geometry": {"type": "Point", "coordinates": [2.4247721, 6.3625693000000005]}, "properties": {"edge_length_m": 73.3, "X": "Mifongou", "Y": "Gbéto", "X_side_m": 36.6, "Y_side_m": 36.6, "split_t": 0.5}}, {"type": "Feature", "geometry": {"type": "Point", "coordinates": [2.42647725, 6.3643449]}, "properties": {"edge_length_m": 182.1, "X": "Mifongou", "Y": "Sèdjro-Saint-Michel", "X_side_m": 91.1, "Y_side_m": 91.1, "split_t": 0.5}}, {"type": "Feature", "geometry": {"type": "Point", "coordinates": [2.4259921, 6.37067285]}, "properties": {"edge_length_m": 169.4, "X": "Sèdami", "Y": "Jéricho-Nord", "X_side_m": 84.7, "Y_side_m": 84.7, "split_t": 0.5}}, {"type": "Feature", "geometry": {"type": "Point", "coordinates": [2.4251989, 6.37102685]}, "properties": {"edge_length_m": 258.8, "X": "Sèdami", "Y": "Jéricho-Nord", "X_side_m": 129.4, "Y_side_m": 129.4, "split_t": 0.5}}, {"type": "Feature", "geometry": {"type": "Point", "coordinates": [2.4244005499999997, 6.3713736999999995]}, "properties": {"edge_length_m": 350.1, "X": "Sèdami", "Y": "Jéricho-Nord", "X_side_m": 175.0, "Y_side_m": 175.0, "split_t": 0.5}}, {"type": "Feature", "geometry": {"type": "Point", "coordinates": [2.41998625, 6.3707668]}, "properties": {"edge_length_m": 34.2, "X": "Sèdami", "Y": "Fignon-Sikê", "X_side_m": 17.1, "Y_side_m": 17.1, "split_t": 0.5}}, {"type": "Feature", "geometry": {"type": "Point", "coordinates": [2.41291185, 6.37124835]}, "properties": {"edge_length_m": 94.7, "X": "Énagnon-Sikê", "Y": "Gbégamey-Gbagoudo", "X_side_m": 47.4, "Y_side_m": 47.4, "split_t": 0.5}}, {"type": "Feature", "geometry": {"type": "Point", "coordinates": [2.3937157, 6.37011005]}, "properties": {"edge_length_m": 96.5, "X": "Ahogbohoué-Cité-Eucharistie", "Y": "Cadjèhoun-Azalokogon", "X_side_m": 48.3, "Y_side_m": 48.3, "split_t": 0.5}}, {"type": "Feature", "geometry": {"type": "Point", "coordinates": [2.42637445, 6.3644661]}, "properties": {"edge_length_m": 179.0, "X": "Sèdjro-Saint-Michel", "Y": "Mifongou", "X_side_m": 89.5, "Y_side_m": 89.5, "split_t": 0.5}}, {"type": "Feature", "geometry": {"type": "Point", "coordinates": [2.3913832, 6.3586240499999995]}, "properties": {"edge_length_m": 505.9, "X": "Cadjèhoun-Azalokogon", "Y": "Haie-Vive-Cocotiers", "X_side_m": 252.9, "Y_side_m": 252.9, "split_t": 0.5}}, {"type": "Feature", "geometry": {"type": "Point", "coordinates": [2.4109445999999997, 6.37228245]}, "properties": {"edge_length_m": 107.3, "X": "Gbégamey-Gbagoudo", "Y": "Agbondjèdo", "X_side_m": 53.7, "Y_side_m": 53.7, "split_t": 0.5}}, {"type": "Feature", "geometry": {"type": "Point", "coordinates": [2.4119672999999997, 6.373082350000001]}, "properties": {"edge_length_m": 179.9, "X": "Agbondjèdo", "Y": "Minonkpô-Wologuèdè", "X_side_m": 89.9, "Y_side_m": 89.9, "split_t": 0.5}}, {"type": "Feature", "geometry": {"type": "Point", "coordinates": [2.4244664499999997, 6.38186915]}, "properties": {"edge_length_m": 64.8, "X": "Ahouansouri-Agata", "Y": "Aïdjèdo", "X_side_m": 32.4, "Y_side_m": 32.4, "split_t": 0.5}}, {"type": "Feature", "geometry": {"type": "Point", "coordinates": [2.4250452, 6.38198705]}, "properties": {"edge_length_m": 147.1, "X": "Aïdjèdo", "Y": "Ahouansouri-Agata", "X_side_m": 73.6, "Y_side_m": 73.6, "split_t": 0.5}}, {"type": "Feature", "geometry": {"type": "Point", "coordinates": [2.4010089, 6.36046905]}, "properties": {"edge_length_m": 64.0, "X": "Cadjèhoun-Kpota", "Y": "Cadjèhoun-Gare", "X_side_m": 32.0, "Y_side_m": 32.0, "split_t": 0.5}}, {"type": "Feature", "geometry": {"type": "Point", "coordinates": [2.3994326, 6.35960505]}, "properties": {"edge_length_m": 174.8, "X": "Cadjèhoun-Kpota", "Y": "Cadjèhoun-Azalokogon", "X_side_m": 87.4, "Y_side_m": 87.4, "split_t": 0.5}}, {"type": "Feature", "geometry": {"type": "Point", "coordinates": [2.4217488, 6.380445399999999]}, "properties": {"edge_length_m": 58.9, "X": "Gbèdjromèdè", "Y": "Aïdjèdo", "X_side_m": 29.5, "Y_side_m": 29.5, "split_t": 0.5}}, {"type": "Feature", "geometry": {"type": "Point", "coordinates": [2.41189075, 6.3731787]}, "properties": {"edge_length_m": 179.9, "X": "Minonkpô-Wologuèdè", "Y": "Agbondjèdo", "X_side_m": 89.9, "Y_side_m": 89.9, "split_t": 0.5}}, {"type": "Feature", "geometry": {"type": "Point", "coordinates": [2.41086695, 6.372374300000001]}, "properties": {"edge_length_m": 108.1, "X": "Agbondjèdo", "Y": "Gbégamey-Gbagoudo", "X_side_m": 54.1, "Y_side_m": 54.1, "split_t": 0.5}}, {"type": "Feature", "geometry": {"type": "Point", "coordinates": [2.40008645, 6.363087999999999]}, "properties": {"edge_length_m": 203.5, "X": "Cadjèhoun-Kpota", "Y": "Cadjèhoun-Azalokogon", "X_side_m": 101.8, "Y_side_m": 101.8, "split_t": 0.5}}, {"type": "Feature", "geometry": {"type": "Point", "coordinates": [2.4052971000000003, 6.3630445]}, "properties": {"edge_length_m": 68.1, "X": "Cadjèhoun-Gare", "Y": "Cadjèhoun-Détinsa", "X_side_m": 34.0, "Y_side_m": 34.0, "split_t": 0.5}}, {"type": "Feature", "geometry": {"type": "Point", "coordinates": [2.3997992999999997, 6.358412850000001]}, "properties": {"edge_length_m": 188.3, "X": "Cadjèhoun-Gare", "Y": "Cadjèhoun-Azalokogon", "X_side_m": 94.1, "Y_side_m": 94.1, "split_t": 0.5}}, {"type": "Feature", "geometry": {"type": "Point", "coordinates": [2.4012508500000003, 6.35793775]}, "properties": {"edge_length_m": 69.6, "X": "Cadjèhoun-Gare", "Y": "Cadjèhoun-Azalokogon", "X_side_m": 34.8, "Y_side_m": 34.8, "split_t": 0.5}}, {"type": "Feature", "geometry": {"type": "Point", "coordinates": [2.39955425, 6.3622811]}, "properties": {"edge_length_m": 66.5, "X": "Cadjèhoun-Kpota", "Y": "Cadjèhoun-Azalokogon", "X_side_m": 33.3, "Y_side_m": 33.3, "split_t": 0.5}}, {"type": "Feature", "geometry": {"type": "Point", "coordinates": [2.3995059999999997, 6.36332525]}, "properties": {"edge_length_m": 138.0, "X": "Cadjèhoun-Azalokogon", "Y": "Cadjèhoun-Kpota", "X_side_m": 69.0, "Y_side_m": 69.0, "split_t": 0.5}}, {"type": "Feature", "geometry": {"type": "Point", "coordinates": [2.3993964500000002, 6.3634654]}, "properties": {"edge_length_m": 139.1, "X": "Cadjèhoun-Azalokogon", "Y": "Cadjèhoun-Kpota", "X_side_m": 69.6, "Y_side_m": 69.6, "split_t": 0.5}}, {"type": "Feature", "geometry": {"type": "Point", "coordinates": [2.3988301, 6.3637514]}, "properties": {"edge_length_m": 80.5, "X": "Cadjèhoun-Azalokogon", "Y": "Cadjèhoun-Kpota", "X_side_m": 40.3, "Y_side_m": 40.3, "split_t": 0.5}}, {"type": "Feature", "geometry": {"type": "Point", "coordinates": [2.40000885, 6.35930405]}, "properties": {"edge_length_m": 161.9, "X": "Cadjèhoun-Gare", "Y": "Cadjèhoun-Azalokogon", "X_side_m": 80.9, "Y_side_m": 80.9, "split_t": 0.5}}, {"type": "Feature", "geometry": {"type": "Point", "coordinates": [2.4135169000000003, 6.3624441]}, "properties": {"edge_length_m": 65.5, "X": "Gbégamey-Centre", "Y": "Gbégamey-Mifongou", "X_side_m": 32.8, "Y_side_m": 32.8, "split_t": 0.5}}, {"type": "Feature", "geometry": {"type": "Point", "coordinates": [2.41397335, 6.3631401499999996]}, "properties": {"edge_length_m": 204.2, "X": "Gbégamey-Mifongou", "Y": "Saint-Jean-Gbèdiga", "X_side_m": 102.1, "Y_side_m": 102.1, "split_t": 0.5}}, {"type": "Feature", "geometry": {"type": "Point", "coordinates": [2.4133646, 6.36360895]}, "properties": {"edge_length_m": 245.5, "X": "Gbégamey-Mifongou", "Y": "Saint-Jean-Gbèdiga", "X_side_m": 122.8, "Y_side_m": 122.8, "split_t": 0.5}}, {"type": "Feature", "geometry": {"type": "Point", "coordinates": [2.41299275, 6.364419]}, "properties": {"edge_length_m": 360.6, "X": "Gbégamey-Mifongou", "Y": "Saint-Jean-Gbèdiga", "X_side_m": 180.3, "Y_side_m": 180.3, "split_t": 0.5}}, {"type": "Feature", "geometry": {"type": "Point", "coordinates": [2.41333965, 6.36511255]}, "properties": {"edge_length_m": 537.8, "X": "Gbégamey-Mifongou", "Y": "Saint-Jean-Gbèdiga", "X_side_m": 268.9, "Y_side_m": 268.9, "split_t": 0.5}}, {"type": "Feature", "geometry": {"type": "Point", "coordinates": [2.41032345, 6.363924]}, "properties": {"edge_length_m": 71.1, "X": "Gbégamey-Mifongou", "Y": "Gbégamey-Centre", "X_side_m": 35.6, "Y_side_m": 35.6, "split_t": 0.5}}, {"type": "Feature", "geometry": {"type": "Point", "coordinates": [2.4091077500000004, 6.3633386000000005]}, "properties": {"edge_length_m": 259.2, "X": "Gbégamey-Centre", "Y": "Gbégamey-Ahito", "X_side_m": 129.6, "Y_side_m": 129.6, "split_t": 0.5}}, {"type": "Feature", "geometry": {"type": "Point", "coordinates": [2.4097982499999997, 6.3646566]}, "properties": {"edge_length_m": 110.9, "X": "Gbégamey-Ahito", "Y": "Gbégamey-Centre", "X_side_m": 55.5, "Y_side_m": 55.5, "split_t": 0.5}}, {"type": "Feature", "geometry": {"type": "Point", "coordinates": [2.4092974, 6.365038200000001]}, "properties": {"edge_length_m": 142.4, "X": "Gbégamey-Ahito", "Y": "Gbégamey-Centre", "X_side_m": 71.2, "Y_side_m": 71.2, "split_t": 0.5}}, {"type": "Feature", "geometry": {"type": "Point", "coordinates": [2.4088034499999997, 6.3654118]}, "properties": {"edge_length_m": 175.5, "X": "Gbégamey-Ahito", "Y": "Gbégamey-Centre", "X_side_m": 87.8, "Y_side_m": 87.8, "split_t": 0.5}}, {"type": "Feature", "geometry": {"type": "Point", "coordinates": [2.40566025, 6.3637104]}, "properties": {"edge_length_m": 152.5, "X": "Cadjèhoun-Détinsa", "Y": "Cadjèhoun-Gare", "X_side_m": 76.2, "Y_side_m": 76.2, "split_t": 0.5}}, {"type": "Feature", "geometry": {"type": "Point", "coordinates": [2.4106955, 6.36536085]}, "properties": {"edge_length_m": 141.4, "X": "Gbégamey-Dodo-Ayidjè", "Y": "Gbégamey-Centre", "X_side_m": 70.7, "Y_side_m": 70.7, "split_t": 0.5}}, {"type": "Feature", "geometry": {"type": "Point", "coordinates": [2.40665825, 6.365598]}, "properties": {"edge_length_m": 75.1, "X": "Gbégamey-Ahito", "Y": "Gbégamey-Dodo-Ayidjè", "X_side_m": 37.6, "Y_side_m": 37.6, "split_t": 0.5}}, {"type": "Feature", "geometry": {"type": "Point", "coordinates": [2.40036205, 6.35636105]}, "properties": {"edge_length_m": 75.4, "X": "Cadjèhoun-Aupiais", "Y": "Cadjèhoun-Azalokogon", "X_side_m": 37.7, "Y_side_m": 37.7, "split_t": 0.5}}, {"type": "Feature", "geometry": {"type": "Point", "coordinates": [2.40067525, 6.35585675]}, "properties": {"edge_length_m": 112.7, "X": "Cadjèhoun-Azalokogon", "Y": "Ahouanlèko", "X_side_m": 56.3, "Y_side_m": 56.3, "split_t": 0.5}}, {"type": "Feature", "geometry": {"type": "Point", "coordinates": [2.39636565, 6.3619430999999995]}, "properties": {"edge_length_m": 175.9, "X": "Cadjèhoun-Azalokogon", "Y": "Cadjèhoun-Agonga", "X_side_m": 87.9, "Y_side_m": 87.9, "split_t": 0.5}}, {"type": "Feature", "geometry": {"type": "Point", "coordinates": [2.3935912000000004, 6.3709666]}, "properties": {"edge_length_m": 37.6, "X": "Houéyihô", "Y": "Houéyihô-Tannou", "X_side_m": 18.8, "Y_side_m": 18.8, "split_t": 0.5}}, {"type": "Feature", "geometry": {"type": "Point", "coordinates": [2.3562217, 6.3719938]}, "properties": {"edge_length_m": 57.6, "X": "Godomey-N'Gbèho", "Y": "Hlazounto", "X_side_m": 28.8, "Y_side_m": 28.8, "split_t": 0.5}}, {"type": "Feature", "geometry": {"type": "Point", "coordinates": [2.3563879500000002, 6.372202700000001]}, "properties": {"edge_length_m": 15.8, "X": "Godomey-N'Gbèho", "Y": "Hlazounto", "X_side_m": 7.9, "Y_side_m": 7.9, "split_t": 0.5}}, {"type": "Feature", "geometry": {"type": "Point", "coordinates": [2.3820182, 6.3775836]}, "properties": {"edge_length_m": 20.8, "X": "Kouhounou", "Y": "Ahogbohoué-Cité-Eucharistie", "X_side_m": 10.4, "Y_side_m": 10.4, "split_t": 0.5}}, {"type": "Feature", "geometry": {"type": "Point", "coordinates": [2.3883104499999996, 6.37722905]}, "properties": {"edge_length_m": 17.6, "X": "Missogbé", "Y": "Védokô", "X_side_m": 8.8, "Y_side_m": 8.8, "split_t": 0.5}}, {"type": "Feature", "geometry": {"type": "Point", "coordinates": [2.4379546999999997, 6.357812]}, "properties": {"edge_length_m": 20.1, "X": "Tokpa-Hoho", "Y": "Guinkômey", "X_side_m": 10.1, "Y_side_m": 10.1, "split_t": 0.5}}, {"type": "Feature", "geometry": {"type": "Point", "coordinates": [2.43813755, 6.358801400000001]}, "properties": {"edge_length_m": 253.0, "X": "Missèbô", "Y": "Guinkômey", "X_side_m": 126.5, "Y_side_m": 126.5, "split_t": 0.5}}, {"type": "Feature", "geometry": {"type": "Point", "coordinates": [2.4368762999999998, 6.360276649999999]}, "properties": {"edge_length_m": 230.6, "X": "Guinkômey", "Y": "Missèbô", "X_side_m": 115.3, "Y_side_m": 115.3, "split_t": 0.5}}, {"type": "Feature", "geometry": {"type": "Point", "coordinates": [2.4290189, 6.3651091]}, "properties": {"edge_length_m": 73.9, "X": "Sèdjro-Saint-Michel", "Y": "Gbédokpo", "X_side_m": 37.0, "Y_side_m": 37.0, "split_t": 0.5}}, {"type": "Feature", "geometry": {"type": "Point", "coordinates": [2.4326973, 6.3605449499999995]}, "properties": {"edge_length_m": 67.8, "X": "Missité", "Y": "Guinkômey", "X_side_m": 33.9, "Y_side_m": 33.9, "split_t": 0.5}}, {"type": "Feature", "geometry": {"type": "Point", "coordinates": [2.43246575, 6.35998005]}, "properties": {"edge_length_m": 118.3, "X": "Guinkômey", "Y": "Avlékété-Joncquet", "X_side_m": 59.1, "Y_side_m": 59.1, "split_t": 0.5}}, {"type": "Feature", "geometry": {"type": "Point", "coordinates": [2.43282755, 6.3595182999999995]}, "properties": {"edge_length_m": 120.2, "X": "Guinkômey", "Y": "Avlékété-Joncquet", "X_side_m": 60.1, "Y_side_m": 60.1, "split_t": 0.5}}, {"type": "Feature", "geometry": {"type": "Point", "coordinates": [2.4330134, 6.3588448]}, "properties": {"edge_length_m": 181.6, "X": "Guinkômey", "Y": "Avlékété-Joncquet", "X_side_m": 90.8, "Y_side_m": 90.8, "split_t": 0.5}}, {"type": "Feature", "geometry": {"type": "Point", "coordinates": [2.4189228, 6.3699253]}, "properties": {"edge_length_m": 234.8, "X": "Sèhogan-Sikê", "Y": "Sèdami", "X_side_m": 117.4, "Y_side_m": 117.4, "split_t": 0.5}}, {"type": "Feature", "geometry": {"type": "Point", "coordinates": [2.41942845, 6.3693625]}, "properties": {"edge_length_m": 245.1, "X": "Sèhogan-Sikê", "Y": "Sèdami", "X_side_m": 122.5, "Y_side_m": 122.5, "split_t": 0.5}}, {"type": "Feature", "geometry": {"type": "Point", "coordinates": [2.4195196, 6.368476449999999]}, "properties": {"edge_length_m": 139.0, "X": "Sèhogan-Sikê", "Y": "Sèdami", "X_side_m": 69.5, "Y_side_m": 69.5, "split_t": 0.5}}, {"type": "Feature", "geometry": {"type": "Point", "coordinates": [2.42037005, 6.36817]}, "properties": {"edge_length_m": 244.3, "X": "Yévèdo", "Y": "Sèdami", "X_side_m": 122.1, "Y_side_m": 122.1, "split_t": 0.5}}, {"type": "Feature", "geometry": {"type": "Point", "coordinates": [2.4187784, 6.36594015]}, "properties": {"edge_length_m": 338.0, "X": "Yévèdo", "Y": "Saint-Jean-Gbèdiga", "X_side_m": 169.0, "Y_side_m": 169.0, "split_t": 0.5}}, {"type": "Feature", "geometry": {"type": "Point", "coordinates": [2.4041432, 6.36772725]}, "properties": {"edge_length_m": 35.0, "X": "Cadjèhoun-Détinsa", "Y": "Vodjè-Centre", "X_side_m": 17.5, "Y_side_m": 17.5, "split_t": 0.5}}, {"type": "Feature", "geometry": {"type": "Point", "coordinates": [2.4052468, 6.36878855]}, "properties": {"edge_length_m": 335.7, "X": "Vodjè-Centre", "Y": "Vodjè-Allobatin", "X_side_m": 167.8, "Y_side_m": 167.8, "split_t": 0.5}}, {"type": "Feature", "geometry": {"type": "Point", "coordinates": [2.4003439, 6.3701729]}, "properties": {"edge_length_m": 299.1, "X": "Houéyihô", "Y": "Vodjè-Ayidoté", "X_side_m": 149.5, "Y_side_m": 149.5, "split_t": 0.5}}, {"type": "Feature", "geometry": {"type": "Point", "coordinates": [2.39960095, 6.370339550000001]}, "properties": {"edge_length_m": 428.0, "X": "Houéyihô", "Y": "Vodjè-Ayidoté", "X_side_m": 214.0, "Y_side_m": 214.0, "split_t": 0.5}}, {"type": "Feature", "geometry": {"type": "Point", "coordinates": [2.3540415, 6.3535835]}, "properties": {"edge_length_m": 105.4, "X": "Fidjrossè-Kpota", "Y": "Togbin-Fandji", "X_side_m": 52.7, "Y_side_m": 52.7, "split_t": 0.5}}, {"type": "Feature", "geometry": {"type": "Point", "coordinates": [2.3545081999999997, 6.3534122]}, "properties": {"edge_length_m": 62.2, "X": "Fidjrossè-Kpota", "Y": "Togbin-Fandji", "X_side_m": 31.1, "Y_side_m": 31.1, "split_t": 0.5}}, {"type": "Feature", "geometry": {"type": "Point", "coordinates": [2.354491, 6.3539914]}, "properties": {"edge_length_m": 65.9, "X": "Fidjrossè-Kpota", "Y": "Togbin-Fandji", "X_side_m": 32.9, "Y_side_m": 32.9, "split_t": 0.5}}, {"type": "Feature", "geometry": {"type": "Point", "coordinates": [2.45031095, 6.365028499999999]}, "properties": {"edge_length_m": 32.7, "X": "Énagnon", "Y": "Akpakpa-Dodomè", "X_side_m": 16.4, "Y_side_m": 16.4, "split_t": 0.5}}, {"type": "Feature", "geometry": {"type": "Point", "coordinates": [2.4040553, 6.38695285]}, "properties": {"edge_length_m": 89.6, "X": "Missèkplé", "Y": "Fifadji", "X_side_m": 44.8, "Y_side_m": 44.8, "split_t": 0.5}}, {"type": "Feature", "geometry": {"type": "Point", "coordinates": [2.4121471, 6.3741827]}, "properties": {"edge_length_m": 362.4, "X": "Minonkpô-Wologuèdè", "Y": "Agbondjèdo", "X_side_m": 181.2, "Y_side_m": 181.2, "split_t": 0.5}}, {"type": "Feature", "geometry": {"type": "Point", "coordinates": [2.41037995, 6.37645135]}, "properties": {"edge_length_m": 362.7, "X": "Minonkpô-Wologuèdè", "Y": "Agbondjèdo", "X_side_m": 181.3, "Y_side_m": 181.3, "split_t": 0.5}}, {"type": "Feature", "geometry": {"type": "Point", "coordinates": [2.4119033, 6.37841685]}, "properties": {"edge_length_m": 170.9, "X": "Minonkpô-Wologuèdè", "Y": "Houéhoun", "X_side_m": 85.4, "Y_side_m": 85.4, "split_t": 0.5}}, {"type": "Feature", "geometry": {"type": "Point", "coordinates": [2.41060815, 6.3774295500000004]}, "properties": {"edge_length_m": 189.4, "X": "Minonkpô-Wologuèdè", "Y": "Agbondjèdo", "X_side_m": 94.7, "Y_side_m": 94.7, "split_t": 0.5}}, {"type": "Feature", "geometry": {"type": "Point", "coordinates": [2.4107495, 6.37863535]}, "properties": {"edge_length_m": 64.8, "X": "Minonkpô-Wologuèdè", "Y": "Houéhoun", "X_side_m": 32.4, "Y_side_m": 32.4, "split_t": 0.5}}, {"type": "Feature", "geometry": {"type": "Point", "coordinates": [2.41152455, 6.37887695]}, "properties": {"edge_length_m": 168.5, "X": "Minonkpô-Wologuèdè", "Y": "Houéhoun", "X_side_m": 84.3, "Y_side_m": 84.3, "split_t": 0.5}}, {"type": "Feature", "geometry": {"type": "Point", "coordinates": [2.41063045, 6.3781563000000006]}, "properties": {"edge_length_m": 85.5, "X": "Minonkpô-Wologuèdè", "Y": "Agontinkon", "X_side_m": 42.7, "Y_side_m": 42.7, "split_t": 0.5}}, {"type": "Feature", "geometry": {"type": "Point", "coordinates": [2.41141615, 6.3700006]}, "properties": {"edge_length_m": 185.0, "X": "Gbégamey-Gbagoudo", "Y": "Saint-Jean-Gbèdiga", "X_side_m": 92.5, "Y_side_m": 92.5, "split_t": 0.5}}, {"type": "Feature", "geometry": {"type": "Point", "coordinates": [2.41830625, 6.36412905]}, "properties": {"edge_length_m": 258.9, "X": "Saint-Jean-Gbèdiga", "Y": "Todoté", "X_side_m": 129.4, "Y_side_m": 129.4, "split_t": 0.5}}, {"type": "Feature", "geometry": {"type": "Point", "coordinates": [2.4322618, 6.3690976]}, "properties": {"edge_length_m": 155.8, "X": "Dantôkpa", "Y": "Nouveau-Pont", "X_side_m": 77.9, "Y_side_m": 77.9, "split_t": 0.5}}, {"type": "Feature", "geometry": {"type": "Point", "coordinates": [2.43186665, 6.3696131000000005]}, "properties": {"edge_length_m": 212.2, "X": "Dantôkpa", "Y": "Nouveau-Pont", "X_side_m": 106.1, "Y_side_m": 106.1, "split_t": 0.5}}, {"type": "Feature", "geometry": {"type": "Point", "coordinates": [2.4327099, 6.36927505]}, "properties": {"edge_length_m": 153.1, "X": "Nouveau-Pont", "Y": "Dantôkpa", "X_side_m": 76.5, "Y_side_m": 76.5, "split_t": 0.5}}, {"type": "Feature", "geometry": {"type": "Point", "coordinates": [2.4469521, 6.377883150000001]}, "properties": {"edge_length_m": 141.9, "X": "Midombo", "Y": "Sègbèya-Sud", "X_side_m": 71.0, "Y_side_m": 71.0, "split_t": 0.5}}, {"type": "Feature", "geometry": {"type": "Point", "coordinates": [2.44834975, 6.385543999999999]}, "properties": {"edge_length_m": 299.2, "X": "Sègbèya-Nord", "Y": "Kpondéhou", "X_side_m": 149.6, "Y_side_m": 149.6, "split_t": 0.5}}, {"type": "Feature", "geometry": {"type": "Point", "coordinates": [2.44528835, 6.3612534]}, "properties": {"edge_length_m": 123.0, "X": "Akpakpa-Dodomè", "Y": "Énagnon", "X_side_m": 61.5, "Y_side_m": 61.5, "split_t": 0.5}}, {"type": "Feature", "geometry": {"type": "Point", "coordinates": [2.4142395, 6.3869950499999995]}, "properties": {"edge_length_m": 65.5, "X": "Gbèdjromèdè-Nord", "Y": "Vossa", "X_side_m": 32.7, "Y_side_m": 32.7, "split_t": 0.5}}, {"type": "Feature", "geometry": {"type": "Point", "coordinates": [2.413992, 6.387176650000001]}, "properties": {"edge_length_m": 16.3, "X": "Vossa", "Y": "Gbèdjromèdè-Nord", "X_side_m": 8.2, "Y_side_m": 8.2, "split_t": 0.5}}, {"type": "Feature", "geometry": {"type": "Point", "coordinates": [2.3610252, 6.57147305]}, "properties": {"edge_length_m": 157.3, "X": "Kpodji-Les-Monts", "Y": "Dokomè", "X_side_m": 78.6, "Y_side_m": 78.6, "split_t": 0.5}}, {"type": "Feature", "geometry": {"type": "Point", "coordinates": [2.36201625, 6.5706217]}, "properties": {"edge_length_m": 222.0, "X": "Kpodji-Les-Monts", "Y": "Dokomè", "X_side_m": 111.0, "Y_side_m": 111.0, "split_t": 0.5}}, {"type": "Feature", "geometry": {"type": "Point", "coordinates": [2.41823875, 6.36408275]}, "properties": {"edge_length_m": 81.1, "X": "Saint-Jean-Gbèdiga", "Y": "Todoté", "X_side_m": 40.5, "Y_side_m": 40.5, "split_t": 0.5}}, {"type": "Feature", "geometry": {"type": "Point", "coordinates": [2.41727055, 6.3637784]}, "properties": {"edge_length_m": 194.2, "X": "Saint-Jean-Gbèdiga", "Y": "Todoté", "X_side_m": 97.1, "Y_side_m": 97.1, "split_t": 0.5}}, {"type": "Feature", "geometry": {"type": "Point", "coordinates": [2.407353, 6.3672911]}, "properties": {"edge_length_m": 184.5, "X": "Vodjè-Allobatin", "Y": "Gbégamey-Dodo-Ayidjè", "X_side_m": 92.2, "Y_side_m": 92.2, "split_t": 0.5}}, {"type": "Feature", "geometry": {"type": "Point", "coordinates": [2.4065161, 6.3670026]}, "properties": {"edge_length_m": 62.0, "X": "Gbégamey-Dodo-Ayidjè", "Y": "Cadjèhoun-Détinsa", "X_side_m": 31.0, "Y_side_m": 31.0, "split_t": 0.5}}, {"type": "Feature", "geometry": {"type": "Point", "coordinates": [2.40624905, 6.36640665]}, "properties": {"edge_length_m": 128.5, "X": "Gbégamey-Dodo-Ayidjè", "Y": "Cadjèhoun-Détinsa", "X_side_m": 64.2, "Y_side_m": 64.2, "split_t": 0.5}}, {"type": "Feature", "geometry": {"type": "Point", "coordinates": [2.4060794999999997, 6.36588745]}, "properties": {"edge_length_m": 68.0, "X": "Cadjèhoun-Détinsa", "Y": "Gbégamey-Dodo-Ayidjè", "X_side_m": 34.0, "Y_side_m": 34.0, "split_t": 0.5}}, {"type": "Feature", "geometry": {"type": "Point", "coordinates": [2.40726085, 6.36607085]}, "properties": {"edge_length_m": 67.7, "X": "Gbégamey-Dodo-Ayidjè", "Y": "Gbégamey-Ahito", "X_side_m": 33.8, "Y_side_m": 33.8, "split_t": 0.5}}, {"type": "Feature", "geometry": {"type": "Point", "coordinates": [2.4117901, 6.36849475]}, "properties": {"edge_length_m": 185.4, "X": "Saint-Jean-Gbèdiga", "Y": "Gbégamey-Dodo-Ayidjè", "X_side_m": 92.7, "Y_side_m": 92.7, "split_t": 0.5}}, {"type": "Feature", "geometry": {"type": "Point", "coordinates": [2.40924725, 6.3661321]}, "properties": {"edge_length_m": 66.9, "X": "Gbégamey-Dodo-Ayidjè", "Y": "Gbégamey-Centre", "X_side_m": 33.4, "Y_side_m": 33.4, "split_t": 0.5}}, {"type": "Feature", "geometry": {"type": "Point", "coordinates": [2.41074045, 6.36427315]}, "properties": {"edge_length_m": 59.1, "X": "Gbégamey-Centre", "Y": "Gbégamey-Mifongou", "X_side_m": 29.5, "Y_side_m": 29.5, "split_t": 0.5}}, {"type": "Feature", "geometry": {"type": "Point", "coordinates": [2.41365655, 6.3669044]}, "properties": {"edge_length_m": 56.8, "X": "Gbégamey-Dodo-Ayidjè", "Y": "Saint-Jean-Gbèdiga", "X_side_m": 28.4, "Y_side_m": 28.4, "split_t": 0.5}}, {"type": "Feature", "geometry": {"type": "Point", "coordinates": [2.41030945, 6.3658395]}, "properties": {"edge_length_m": 143.2, "X": "Gbégamey-Centre", "Y": "Gbégamey-Dodo-Ayidjè", "X_side_m": 71.6, "Y_side_m": 71.6, "split_t": 0.5}}, {"type": "Feature", "geometry": {"type": "Point", "coordinates": [2.4127535499999997, 6.3677492]}, "properties": {"edge_length_m": 174.7, "X": "Gbégamey-Dodo-Ayidjè", "Y": "Saint-Jean-Gbèdiga", "X_side_m": 87.4, "Y_side_m": 87.4, "split_t": 0.5}}, {"type": "Feature", "geometry": {"type": "Point", "coordinates": [2.41123085, 6.3627655999999995]}, "properties": {"edge_length_m": 17.1, "X": "Gbégamey-Mifongou", "Y": "Gbégamey-Centre", "X_side_m": 8.5, "Y_side_m": 8.5, "split_t": 0.5}}, {"type": "Feature", "geometry": {"type": "Point", "coordinates": [2.41544195, 6.36036905]}, "properties": {"edge_length_m": 231.5, "X": "Gbégamey-Mifongou", "Y": "Gbèdiga-Guêdêhounguè", "X_side_m": 115.8, "Y_side_m": 115.8, "split_t": 0.5}}, {"type": "Feature", "geometry": {"type": "Point", "coordinates": [2.41507295, 6.3599533]}, "properties": {"edge_length_m": 111.3, "X": "Gbégamey-Mifongou", "Y": "Gbèdiga-Guêdêhounguè", "X_side_m": 55.7, "Y_side_m": 55.7, "split_t": 0.5}}, {"type": "Feature", "geometry": {"type": "Point", "coordinates": [2.41619305, 6.35840285]}, "properties": {"edge_length_m": 173.8, "X": "Gbégamey-Mifongou", "Y": "Gbèdiga-Guêdêhounguè", "X_side_m": 86.9, "Y_side_m": 86.9, "split_t": 0.5}}, {"type": "Feature", "geometry": {"type": "Point", "coordinates": [2.409598, 6.366020750000001]}, "properties": {"edge_length_m": 45.9, "X": "Gbégamey-Centre", "Y": "Gbégamey-Dodo-Ayidjè", "X_side_m": 22.9, "Y_side_m": 22.9, "split_t": 0.5}}, {"type": "Feature", "geometry": {"type": "Point", "coordinates": [2.41219515, 6.368073]}, "properties": {"edge_length_m": 198.8, "X": "Gbégamey-Dodo-Ayidjè", "Y": "Saint-Jean-Gbèdiga", "X_side_m": 99.4, "Y_side_m": 99.4, "split_t": 0.5}}, {"type": "Feature", "geometry": {"type": "Point", "coordinates": [2.41141825, 6.3644424]}, "properties": {"edge_length_m": 140.8, "X": "Gbégamey-Mifongou", "Y": "Gbégamey-Dodo-Ayidjè", "X_side_m": 70.4, "Y_side_m": 70.4, "split_t": 0.5}}, {"type": "Feature", "geometry": {"type": "Point", "coordinates": [2.4045079, 6.3741892]}, "properties": {"edge_length_m": 253.6, "X": "Vodjè-Ayidoté", "Y": "Agontinkon", "X_side_m": 126.8, "Y_side_m": 126.8, "split_t": 0.5}}, {"type": "Feature", "geometry": {"type": "Point", "coordinates": [2.4037929499999997, 6.3743848]}, "properties": {"edge_length_m": 155.8, "X": "Vodjè-Ayidoté", "Y": "Agontinkon", "X_side_m": 77.9, "Y_side_m": 77.9, "split_t": 0.5}}, {"type": "Feature", "geometry": {"type": "Point", "coordinates": [2.40835145, 6.362390400000001]}, "properties": {"edge_length_m": 62.5, "X": "Gbégamey-Mifongou", "Y": "Gbégamey-Ahito", "X_side_m": 31.3, "Y_side_m": 31.3, "split_t": 0.5}}, {"type": "Feature", "geometry": {"type": "Point", "coordinates": [2.37629995, 6.38843545]}, "properties": {"edge_length_m": 230.1, "X": "Zogbohouè", "Y": "Mènontin", "X_side_m": 115.1, "Y_side_m": 115.1, "split_t": 0.5}}, {"type": "Feature", "geometry": {"type": "Point", "coordinates": [2.37490515, 6.38607135]}, "properties": {"edge_length_m": 36.5, "X": "Mènontin", "Y": "Kouhounou", "X_side_m": 18.3, "Y_side_m": 18.3, "split_t": 0.5}}, {"type": "Feature", "geometry": {"type": "Point", "coordinates": [2.3744112, 6.3860097]}, "properties": {"edge_length_m": 88.0, "X": "Kouhounou", "Y": "Mènontin", "X_side_m": 44.0, "Y_side_m": 44.0, "split_t": 0.5}}, {"type": "Feature", "geometry": {"type": "Point", "coordinates": [2.4195902, 6.3705982500000005]}, "properties": {"edge_length_m": 36.3, "X": "Sèhogan-Sikê", "Y": "Sèdami", "X_side_m": 18.2, "Y_side_m": 18.2, "split_t": 0.5}}, {"type": "Feature", "geometry": {"type": "Point", "coordinates": [2.4214679, 6.36855995]}, "properties": {"edge_length_m": 84.3, "X": "Sèdami", "Y": "Yévèdo", "X_side_m": 42.2, "Y_side_m": 42.2, "split_t": 0.5}}, {"type": "Feature", "geometry": {"type": "Point", "coordinates": [2.448597, 6.3797925499999995]}, "properties": {"edge_length_m": 66.4, "X": "Sègbèya-Sud", "Y": "Ayélawadjè-Agongbomè", "X_side_m": 33.2, "Y_side_m": 33.2, "split_t": 0.5}}, {"type": "Feature", "geometry": {"type": "Point", "coordinates": [2.4496507000000003, 6.37943495]}, "properties": {"edge_length_m": 72.6, "X": "Ayélawadjè-Agongbomè", "Y": "Ayélawadjè", "X_side_m": 36.3, "Y_side_m": 36.3, "split_t": 0.5}}, {"type": "Feature", "geometry": {"type": "Point", "coordinates": [2.3503809, 6.3957581999999995]}, "properties": {"edge_length_m": 32.8, "X": "Yolomahouto", "Y": "Nonhouénou\n", "X_side_m": 16.4, "Y_side_m": 16.4, "split_t": 0.5}}, {"type": "Feature", "geometry": {"type": "Point", "coordinates": [2.35120875, 6.396883750000001]}, "properties": {"edge_length_m": 115.1, "X": "Nonhouénou\n", "Y": "Yolomahouto", "X_side_m": 57.5, "Y_side_m": 57.5, "split_t": 0.5}}, {"type": "Feature", "geometry": {"type": "Point", "coordinates": [2.3473571, 6.3930328]}, "properties": {"edge_length_m": 26.1, "X": "Nonhouénou\n", "Y": "Yolomahouto", "X_side_m": 13.1, "Y_side_m": 13.1, "split_t": 0.5}}, {"type": "Feature", "geometry": {"type": "Point", "coordinates": [2.3482721, 6.392581]}, "properties": {"edge_length_m": 23.8, "X": "Yolomahouto", "Y": "Nonhouénou\n", "X_side_m": 11.9, "Y_side_m": 11.9, "split_t": 0.5}}, {"type": "Feature", "geometry": {"type": "Point", "coordinates": [2.3501791499999998, 6.387930450000001]}, "properties": {"edge_length_m": 36.3, "X": "Yolomahouto", "Y": "Plateau\n", "X_side_m": 18.2, "Y_side_m": 18.2, "split_t": 0.5}}, {"type": "Feature", "geometry": {"type": "Point", "coordinates": [2.34937385, 6.38787955]}, "properties": {"edge_length_m": 81.0, "X": "Plateau\n", "Y": "Yolomahouto", "X_side_m": 40.5, "Y_side_m": 40.5, "split_t": 0.5}}, {"type": "Feature", "geometry": {"type": "Point", "coordinates": [2.3507706500000003, 6.3944637]}, "properties": {"edge_length_m": 42.8, "X": "Nonhouénou\n", "Y": "Yolomahouto", "X_side_m": 21.4, "Y_side_m": 21.4, "split_t": 0.5}}, {"type": "Feature", "geometry": {"type": "Point", "coordinates": [2.35083395, 6.3936095]}, "properties": {"edge_length_m": 53.1, "X": "Nonhouénou\n", "Y": "Yolomahouto", "X_side_m": 26.5, "Y_side_m": 26.5, "split_t": 0.5}}, {"type": "Feature", "geometry": {"type": "Point", "coordinates": [2.350565, 6.3967264]}, "properties": {"edge_length_m": 37.9, "X": "Nonhouénou\n", "Y": "Yolomahouto", "X_side_m": 19.0, "Y_side_m": 19.0, "split_t": 0.5}}, {"type": "Feature", "geometry": {"type": "Point", "coordinates": [2.3509777, 6.39304085]}, "properties": {"edge_length_m": 77.1, "X": "Yolomahouto", "Y": "Nonhouénou\n", "X_side_m": 38.5, "Y_side_m": 38.5, "split_t": 0.5}}, {"type": "Feature", "geometry": {"type": "Point", "coordinates": [2.34871485, 6.39250235]}, "properties": {"edge_length_m": 98.7, "X": "Nonhouénou\n", "Y": "Yolomahouto", "X_side_m": 49.4, "Y_side_m": 49.4, "split_t": 0.5}}, {"type": "Feature", "geometry": {"type": "Point", "coordinates": [2.3505642, 6.3923736]}, "properties": {"edge_length_m": 63.2, "X": "Yolomahouto", "Y": "Nonhouénou\n", "X_side_m": 31.6, "Y_side_m": 31.6, "split_t": 0.5}}, {"type": "Feature", "geometry": {"type": "Point", "coordinates": [2.3504581499999997, 6.3926678500000005]}, "properties": {"edge_length_m": 26.1, "X": "Nonhouénou\n", "Y": "Yolomahouto", "X_side_m": 13.1, "Y_side_m": 13.1, "split_t": 0.5}}, {"type": "Feature", "geometry": {"type": "Point", "coordinates": [2.3848353500000004, 6.3864076]}, "properties": {"edge_length_m": 119.7, "X": "Kouhounou", "Y": "Agounvocôdji", "X_side_m": 59.9, "Y_side_m": 59.9, "split_t": 0.5}}, {"type": "Feature", "geometry": {"type": "Point", "coordinates": [2.3851022, 6.3854375999999995]}, "properties": {"edge_length_m": 57.1, "X": "Kouhounou", "Y": "Agounvocôdji", "X_side_m": 28.6, "Y_side_m": 28.6, "split_t": 0.5}}, {"type": "Feature", "geometry": {"type": "Point", "coordinates": [2.3851399, 6.3858898]}, "properties": {"edge_length_m": 80.6, "X": "Kouhounou", "Y": "Agounvocôdji", "X_side_m": 40.3, "Y_side_m": 40.3, "split_t": 0.5}}, {"type": "Feature", "geometry": {"type": "Point", "coordinates": [2.43772755, 6.3593147000000005]}, "properties": {"edge_length_m": 253.1, "X": "Guinkômey", "Y": "Missèbô", "X_side_m": 126.5, "Y_side_m": 126.5, "split_t": 0.5}}, {"type": "Feature", "geometry": {"type": "Point", "coordinates": [2.43732625, 6.35980685]}, "properties": {"edge_length_m": 252.4, "X": "Guinkômey", "Y": "Missèbô", "X_side_m": 126.2, "Y_side_m": 126.2, "split_t": 0.5}}, {"type": "Feature", "geometry": {"type": "Point", "coordinates": [2.3893351999999997, 6.378433299999999]}, "properties": {"edge_length_m": 64.0, "X": "Védokô", "Y": "Missogbé", "X_side_m": 32.0, "Y_side_m": 32.0, "split_t": 0.5}}, {"type": "Feature", "geometry": {"type": "Point", "coordinates": [2.3895512500000002, 6.37864555]}, "properties": {"edge_length_m": 95.2, "X": "Védokô", "Y": "Missogbé", "X_side_m": 47.6, "Y_side_m": 47.6, "split_t": 0.5}}, {"type": "Feature", "geometry": {"type": "Point", "coordinates": [2.3893226, 6.37917075]}, "properties": {"edge_length_m": 141.0, "X": "Védokô", "Y": "Missogbé", "X_side_m": 70.5, "Y_side_m": 70.5, "split_t": 0.5}}, {"type": "Feature", "geometry": {"type": "Point", "coordinates": [2.3892046000000002, 6.379709249999999]}, "properties": {"edge_length_m": 196.2, "X": "Védokô", "Y": "Missogbé", "X_side_m": 98.1, "Y_side_m": 98.1, "split_t": 0.5}}, {"type": "Feature", "geometry": {"type": "Point", "coordinates": [2.3886407, 6.38012765]}, "properties": {"edge_length_m": 86.0, "X": "Védokô", "Y": "Missogbé", "X_side_m": 43.0, "Y_side_m": 43.0, "split_t": 0.5}}, {"type": "Feature", "geometry": {"type": "Point", "coordinates": [2.3883171, 6.3803834]}, "properties": {"edge_length_m": 33.4, "X": "Védokô", "Y": "Sètôvi", "X_side_m": 16.7, "Y_side_m": 16.7, "split_t": 0.5}}, {"type": "Feature", "geometry": {"type": "Point", "coordinates": [2.3730356500000003, 6.38596255]}, "properties": {"edge_length_m": 142.8, "X": "Mènontin", "Y": "Kouhounou", "X_side_m": 71.4, "Y_side_m": 71.4, "split_t": 0.5}}, {"type": "Feature", "geometry": {"type": "Point", "coordinates": [2.3730876, 6.38605965]}, "properties": {"edge_length_m": 140.8, "X": "Kouhounou", "Y": "Mènontin", "X_side_m": 70.4, "Y_side_m": 70.4, "split_t": 0.5}}, {"type": "Feature", "geometry": {"type": "Point", "coordinates": [2.3797031, 6.35650665]}, "properties": {"edge_length_m": 106.4, "X": "Fidjrossè-Centre", "Y": "Aïbatin-Dodo", "X_side_m": 53.2, "Y_side_m": 53.2, "split_t": 0.5}}, {"type": "Feature", "geometry": {"type": "Point", "coordinates": [2.39891995, 6.359940249999999]}, "properties": {"edge_length_m": 80.7, "X": "Cadjèhoun-Azalokogon", "Y": "Cadjèhoun-Kpota", "X_side_m": 40.3, "Y_side_m": 40.3, "split_t": 0.5}}, {"type": "Feature", "geometry": {"type": "Point", "coordinates": [2.3946845999999997, 6.36691875]}, "properties": {"edge_length_m": 19.9, "X": "Cadjèhoun-Azalokogon", "Y": "Houéyihô", "X_side_m": 9.9, "Y_side_m": 9.9, "split_t": 0.5}}, {"type": "Feature", "geometry": {"type": "Point", "coordinates": [2.3839257, 6.38775825]}, "properties": {"edge_length_m": 271.9, "X": "Kouhounou", "Y": "Agounvocôdji", "X_side_m": 135.9, "Y_side_m": 135.9, "split_t": 0.5}}, {"type": "Feature", "geometry": {"type": "Point", "coordinates": [2.38482155, 6.38697345]}, "properties": {"edge_length_m": 59.3, "X": "Kouhounou", "Y": "Agounvocôdji", "X_side_m": 29.6, "Y_side_m": 29.6, "split_t": 0.5}}, {"type": "Feature", "geometry": {"type": "Point", "coordinates": [2.3864506499999996, 6.38887225]}, "properties": {"edge_length_m": 58.5, "X": "Agounvocôdji", "Y": "Zogbo", "X_side_m": 29.3, "Y_side_m": 29.3, "split_t": 0.5}}, {"type": "Feature", "geometry": {"type": "Point", "coordinates": [2.38424345, 6.3845019999999995]}, "properties": {"edge_length_m": 65.1, "X": "Agounvocôdji", "Y": "Kouhounou", "X_side_m": 32.5, "Y_side_m": 32.5, "split_t": 0.5}}, {"type": "Feature", "geometry": {"type": "Point", "coordinates": [2.38476115, 6.38166275]}, "properties": {"edge_length_m": 61.3, "X": "Sètôvi", "Y": "Védokô", "X_side_m": 30.7, "Y_side_m": 30.7, "split_t": 0.5}}, {"type": "Feature", "geometry": {"type": "Point", "coordinates": [2.3843684, 6.38168115]}, "properties": {"edge_length_m": 60.5, "X": "Sètôvi", "Y": "Védokô", "X_side_m": 30.3, "Y_side_m": 30.3, "split_t": 0.5}}, {"type": "Feature", "geometry": {"type": "Point", "coordinates": [2.3841325500000004, 6.383467400000001]}, "properties": {"edge_length_m": 85.4, "X": "Sètôvi", "Y": "Védokô", "X_side_m": 42.7, "Y_side_m": 42.7, "split_t": 0.5}}, {"type": "Feature", "geometry": {"type": "Point", "coordinates": [2.3839962999999997, 6.3842927]}, "properties": {"edge_length_m": 46.8, "X": "Sètôvi", "Y": "Kouhounou", "X_side_m": 23.4, "Y_side_m": 23.4, "split_t": 0.5}}, {"type": "Feature", "geometry": {"type": "Point", "coordinates": [2.383802, 6.38383895]}, "properties": {"edge_length_m": 96.7, "X": "Sètôvi", "Y": "Kouhounou", "X_side_m": 48.3, "Y_side_m": 48.3, "split_t": 0.5}}, {"type": "Feature", "geometry": {"type": "Point", "coordinates": [2.4274511, 6.3700426]}, "properties": {"edge_length_m": 2.4, "X": "Sèdami", "Y": "Jéricho-Nord", "X_side_m": 1.2, "Y_side_m": 1.2, "split_t": 0.5}}, {"type": "Feature", "geometry": {"type": "Point", "coordinates": [2.4274801, 6.36982345]}, "properties": {"edge_length_m": 2.5, "X": "Sèdami", "Y": "Jéricho-Sud", "X_side_m": 1.3, "Y_side_m": 1.3, "split_t": 0.5}}, {"type": "Feature", "geometry": {"type": "Point", "coordinates": [2.427546, 6.3701396]}, "properties": {"edge_length_m": 2.5, "X": "Jéricho-Sud", "Y": "Jéricho-Nord", "X_side_m": 1.3, "Y_side_m": 1.3, "split_t": 0.5}}, {"type": "Feature", "geometry": {"type": "Point", "coordinates": [2.41786195, 6.364743900000001]}, "properties": {"edge_length_m": 82.7, "X": "Todoté", "Y": "Saint-Jean-Gbèdiga", "X_side_m": 41.3, "Y_side_m": 41.3, "split_t": 0.5}}, {"type": "Feature", "geometry": {"type": "Point", "coordinates": [2.4119849, 6.3647504999999995]}, "properties": {"edge_length_m": 19.7, "X": "Gbégamey-Dodo-Ayidjè", "Y": "Gbégamey-Mifongou", "X_side_m": 9.9, "Y_side_m": 9.9, "split_t": 0.5}}, {"type": "Feature", "geometry": {"type": "Point", "coordinates": [2.4129355500000003, 6.36574965]}, "properties": {"edge_length_m": 308.5, "X": "Gbégamey-Mifongou", "Y": "Saint-Jean-Gbèdiga", "X_side_m": 154.2, "Y_side_m": 154.2, "split_t": 0.5}}, {"type": "Feature", "geometry": {"type": "Point", "coordinates": [2.4081538499999997, 6.3717904999999995]}, "properties": {"edge_length_m": 164.0, "X": "Vodjè-Allobatin", "Y": "Gbégamey-Gbagoudo", "X_side_m": 82.0, "Y_side_m": 82.0, "split_t": 0.5}}, {"type": "Feature", "geometry": {"type": "Point", "coordinates": [2.4067935499999997, 6.3729778]}, "properties": {"edge_length_m": 158.2, "X": "Gbégamey-Gbagoudo", "Y": "Vodjè-Ayidoté", "X_side_m": 79.1, "Y_side_m": 79.1, "split_t": 0.5}}, {"type": "Feature", "geometry": {"type": "Point", "coordinates": [2.4076538999999997, 6.37216495]}, "properties": {"edge_length_m": 172.6, "X": "Vodjè-Allobatin", "Y": "Gbégamey-Gbagoudo", "X_side_m": 86.3, "Y_side_m": 86.3, "split_t": 0.5}}, {"type": "Feature", "geometry": {"type": "Point", "coordinates": [2.4072506000000002, 6.372593950000001]}, "properties": {"edge_length_m": 154.8, "X": "Vodjè-Allobatin", "Y": "Gbégamey-Gbagoudo", "X_side_m": 77.4, "Y_side_m": 77.4, "split_t": 0.5}}, {"type": "Feature", "geometry": {"type": "Point", "coordinates": [2.40837565, 6.3712207]}, "properties": {"edge_length_m": 160.2, "X": "Vodjè-Allobatin", "Y": "Gbégamey-Gbagoudo", "X_side_m": 80.1, "Y_side_m": 80.1, "split_t": 0.5}}, {"type": "Feature", "geometry": {"type": "Point", "coordinates": [2.4019639, 6.3703278]}, "properties": {"edge_length_m": 65.6, "X": "Vodjè-Centre", "Y": "Vodjè-Ayidoté", "X_side_m": 32.8, "Y_side_m": 32.8, "split_t": 0.5}}, {"type": "Feature", "geometry": {"type": "Point", "coordinates": [2.4020716, 6.370411949999999]}, "properties": {"edge_length_m": 65.7, "X": "Vodjè-Centre", "Y": "Vodjè-Ayidoté", "X_side_m": 32.8, "Y_side_m": 32.8, "split_t": 0.5}}, {"type": "Feature", "geometry": {"type": "Point", "coordinates": [2.4050674499999998, 6.373856999999999]}, "properties": {"edge_length_m": 247.6, "X": "Vodjè-Ayidoté", "Y": "Agontinkon", "X_side_m": 123.8, "Y_side_m": 123.8, "split_t": 0.5}}, {"type": "Feature", "geometry": {"type": "Point", "coordinates": [2.40619605, 6.374372449999999]}, "properties": {"edge_length_m": 64.7, "X": "Agontinkon", "Y": "Vodjè-Ayidoté", "X_side_m": 32.3, "Y_side_m": 32.3, "split_t": 0.5}}, {"type": "Feature", "geometry": {"type": "Point", "coordinates": [2.40666915, 6.3740036]}, "properties": {"edge_length_m": 68.2, "X": "Vodjè-Ayidoté", "Y": "Gbégamey-Gbagoudo", "X_side_m": 34.1, "Y_side_m": 34.1, "split_t": 0.5}}, {"type": "Feature", "geometry": {"type": "Point", "coordinates": [2.38859805, 6.387976999999999]}, "properties": {"edge_length_m": 97.6, "X": "Agounvocôdji", "Y": "Zogbo", "X_side_m": 48.8, "Y_side_m": 48.8, "split_t": 0.5}}, {"type": "Feature", "geometry": {"type": "Point", "coordinates": [2.3890527, 6.3882188499999994]}, "properties": {"edge_length_m": 48.5, "X": "Zogbo", "Y": "Agounvocôdji", "X_side_m": 24.3, "Y_side_m": 24.3, "split_t": 0.5}}, {"type": "Feature", "geometry": {"type": "Point", "coordinates": [2.389657, 6.38872055]}, "properties": {"edge_length_m": 90.1, "X": "Zogbo", "Y": "Agounvocôdji", "X_side_m": 45.1, "Y_side_m": 45.1, "split_t": 0.5}}, {"type": "Feature", "geometry": {"type": "Point", "coordinates": [2.38693145, 6.388571499999999]}, "properties": {"edge_length_m": 65.3, "X": "Agounvocôdji", "Y": "Zogbo", "X_side_m": 32.6, "Y_side_m": 32.6, "split_t": 0.5}}, {"type": "Feature", "geometry": {"type": "Point", "coordinates": [2.3878537, 6.3878938000000005]}, "properties": {"edge_length_m": 32.1, "X": "Agounvocôdji", "Y": "Zogbo", "X_side_m": 16.1, "Y_side_m": 16.1, "split_t": 0.5}}, {"type": "Feature", "geometry": {"type": "Point", "coordinates": [2.3935058, 6.3891876]}, "properties": {"edge_length_m": 97.8, "X": "Yénawa-Fifadji", "Y": "Zogbo", "X_side_m": 48.9, "Y_side_m": 48.9, "split_t": 0.5}}, {"type": "Feature", "geometry": {"type": "Point", "coordinates": [2.39269875, 6.3892091]}, "properties": {"edge_length_m": 118.9, "X": "Yénawa-Fifadji", "Y": "Zogbo", "X_side_m": 59.4, "Y_side_m": 59.4, "split_t": 0.5}}, {"type": "Feature", "geometry": {"type": "Point", "coordinates": [2.39389745, 6.3894221]}, "properties": {"edge_length_m": 66.8, "X": "Yénawa-Fifadji", "Y": "Zogbo", "X_side_m": 33.4, "Y_side_m": 33.4, "split_t": 0.5}}, {"type": "Feature", "geometry": {"type": "Point", "coordinates": [2.3956834000000002, 6.3902233]}, "properties": {"edge_length_m": 63.8, "X": "Zogbo", "Y": "Yénawa-Fifadji", "X_side_m": 31.9, "Y_side_m": 31.9, "split_t": 0.5}}, {"type": "Feature", "geometry": {"type": "Point", "coordinates": [2.3951483500000004, 6.3898752000000005]}, "properties": {"edge_length_m": 139.8, "X": "Zogbo", "Y": "Yénawa-Fifadji", "X_side_m": 69.9, "Y_side_m": 69.9, "split_t": 0.5}}, {"type": "Feature", "geometry": {"type": "Point", "coordinates": [2.398554, 6.3899177]}, "properties": {"edge_length_m": 127.5, "X": "Yénawa-Fifadji", "Y": "Fifadji", "X_side_m": 63.8, "Y_side_m": 63.8, "split_t": 0.5}}, {"type": "Feature", "geometry": {"type": "Point", "coordinates": [2.3980485, 6.38909635]}, "properties": {"edge_length_m": 291.4, "X": "Fifadji", "Y": "Yénawa-Fifadji", "X_side_m": 145.7, "Y_side_m": 145.7, "split_t": 0.5}}, {"type": "Feature", "geometry": {"type": "Point", "coordinates": [2.3962874, 6.39078725]}, "properties": {"edge_length_m": 46.6, "X": "Yénawa-Fifadji", "Y": "Fifadji", "X_side_m": 23.3, "Y_side_m": 23.3, "split_t": 0.5}}, {"type": "Feature", "geometry": {"type": "Point", "coordinates": [2.3957791999999998, 6.39080315]}, "properties": {"edge_length_m": 65.9, "X": "Yénawa-Fifadji", "Y": "Zogbo", "X_side_m": 33.0, "Y_side_m": 33.0, "split_t": 0.5}}, {"type": "Feature", "geometry": {"type": "Point", "coordinates": [2.4048944, 6.37736345]}, "properties": {"edge_length_m": 65.9, "X": "Agontinkon", "Y": "Houénoussou-Sainte-Rita", "X_side_m": 33.0, "Y_side_m": 33.0, "split_t": 0.5}}, {"type": "Feature", "geometry": {"type": "Point", "coordinates": [2.4037785, 6.3764786]}, "properties": {"edge_length_m": 77.2, "X": "Agontinkon", "Y": "Houénoussou-Sainte-Rita", "X_side_m": 38.6, "Y_side_m": 38.6, "split_t": 0.5}}, {"type": "Feature", "geometry": {"type": "Point", "coordinates": [2.40979675, 6.37228165]}, "properties": {"edge_length_m": 5.6, "X": "Gbégamey-Gbagoudo", "Y": "Agbondjèdo", "X_side_m": 2.8, "Y_side_m": 2.8, "split_t": 0.5}}, {"type": "Feature", "geometry": {"type": "Point", "coordinates": [2.41360375, 6.378993100000001]}, "properties": {"edge_length_m": 182.2, "X": "Minonkpô-Wologuèdè", "Y": "Gbèdagba", "X_side_m": 91.1, "Y_side_m": 91.1, "split_t": 0.5}}, {"type": "Feature", "geometry": {"type": "Point", "coordinates": [2.42916885, 6.38222775]}, "properties": {"edge_length_m": 202.7, "X": "Aïdjèdo-Gbègo", "Y": "Djidjè", "X_side_m": 101.4, "Y_side_m": 101.4, "split_t": 0.5}}, {"type": "Feature", "geometry": {"type": "Point", "coordinates": [2.43060955, 6.3833707]}, "properties": {"edge_length_m": 204.1, "X": "Djidjè", "Y": "Djidjè-Aïchédji", "X_side_m": 102.0, "Y_side_m": 102.0, "split_t": 0.5}}, {"type": "Feature", "geometry": {"type": "Point", "coordinates": [2.423183, 6.378621949999999]}, "properties": {"edge_length_m": 64.2, "X": "Aïdjèdo-Ahito", "Y": "Aïdjèdo", "X_side_m": 32.1, "Y_side_m": 32.1, "split_t": 0.5}}, {"type": "Feature", "geometry": {"type": "Point", "coordinates": [2.428799, 6.38269605]}, "properties": {"edge_length_m": 202.6, "X": "Aïdjèdo-Gbègo", "Y": "Djidjè", "X_side_m": 101.3, "Y_side_m": 101.3, "split_t": 0.5}}, {"type": "Feature", "geometry": {"type": "Point", "coordinates": [2.4302337, 6.38384175]}, "properties": {"edge_length_m": 203.5, "X": "Djidjè", "Y": "Djidjè-Aïchédji", "X_side_m": 101.8, "Y_side_m": 101.8, "split_t": 0.5}}, {"type": "Feature", "geometry": {"type": "Point", "coordinates": [2.4223762, 6.3783549]}, "properties": {"edge_length_m": 176.8, "X": "Aïdjèdo", "Y": "Aïdjèdo-Ahito", "X_side_m": 88.4, "Y_side_m": 88.4, "split_t": 0.5}}, {"type": "Feature", "geometry": {"type": "Point", "coordinates": [2.4284401, 6.38315055]}, "properties": {"edge_length_m": 202.5, "X": "Aïdjèdo-Gbègo", "Y": "Djidjè", "X_side_m": 101.3, "Y_side_m": 101.3, "split_t": 0.5}}, {"type": "Feature", "geometry": {"type": "Point", "coordinates": [2.4298749500000003, 6.3842914]}, "properties": {"edge_length_m": 202.9, "X": "Djidjè", "Y": "Djidjè-Aïchédji", "X_side_m": 101.5, "Y_side_m": 101.5, "split_t": 0.5}}, {"type": "Feature", "geometry": {"type": "Point", "coordinates": [2.42857495, 6.38442555]}, "properties": {"edge_length_m": 65.1, "X": "Aïdjèdo-Gbègo", "Y": "Djidjè", "X_side_m": 32.6, "Y_side_m": 32.6, "split_t": 0.5}}, {"type": "Feature", "geometry": {"type": "Point", "coordinates": [2.42164475, 6.37928365]}, "properties": {"edge_length_m": 177.0, "X": "Aïdjèdo", "Y": "Gbèdjromèdè", "X_side_m": 88.5, "Y_side_m": 88.5, "split_t": 0.5}}, {"type": "Feature", "geometry": {"type": "Point", "coordinates": [2.42954675, 6.3735152500000005]}, "properties": {"edge_length_m": 292.3, "X": "Jéricho-Nord", "Y": "Aïdjèdo-Vignon", "X_side_m": 146.2, "Y_side_m": 146.2, "split_t": 0.5}}, {"type": "Feature", "geometry": {"type": "Point", "coordinates": [2.42875065, 6.3723962499999995]}, "properties": {"edge_length_m": 84.9, "X": "Jéricho-Nord", "Y": "Jéricho-Sud", "X_side_m": 42.5, "Y_side_m": 42.5, "split_t": 0.5}}, {"type": "Feature", "geometry": {"type": "Point", "coordinates": [2.42950285, 6.3847848]}, "properties": {"edge_length_m": 198.6, "X": "Djidjè-Aïchédji", "Y": "Djidjè", "X_side_m": 99.3, "Y_side_m": 99.3, "split_t": 0.5}}, {"type": "Feature", "geometry": {"type": "Point", "coordinates": [2.4280701000000002, 6.383646150000001]}, "properties": {"edge_length_m": 206.2, "X": "Djidjè", "Y": "Aïdjèdo-Gbègo", "X_side_m": 103.1, "Y_side_m": 103.1, "split_t": 0.5}}, {"type": "Feature", "geometry": {"type": "Point", "coordinates": [2.4219265500000002, 6.37875555]}, "properties": {"edge_length_m": 200.2, "X": "Aïdjèdo", "Y": "Aïdjèdo-Ahito", "X_side_m": 100.1, "Y_side_m": 100.1, "split_t": 0.5}}, {"type": "Feature", "geometry": {"type": "Point", "coordinates": [2.42140975, 6.3798372]}, "properties": {"edge_length_m": 142.1, "X": "Gbèdjromèdè", "Y": "Aïdjèdo", "X_side_m": 71.1, "Y_side_m": 71.1, "split_t": 0.5}}, {"type": "Feature", "geometry": {"type": "Point", "coordinates": [2.4231149, 6.381194499999999]}, "properties": {"edge_length_m": 339.9, "X": "Aïdjèdo", "Y": "Ahouansouri-Agata", "X_side_m": 170.0, "Y_side_m": 170.0, "split_t": 0.5}}, {"type": "Feature", "geometry": {"type": "Point", "coordinates": [2.42596215, 6.36577285]}, "properties": {"edge_length_m": 71.7, "X": "Mifongou", "Y": "Sèdjro-Saint-Michel", "X_side_m": 35.8, "Y_side_m": 35.8, "split_t": 0.5}}, {"type": "Feature", "geometry": {"type": "Point", "coordinates": [2.42577475, 6.36601635]}, "properties": {"edge_length_m": 98.3, "X": "Mifongou", "Y": "Sèdjro-Saint-Michel", "X_side_m": 49.2, "Y_side_m": 49.2, "split_t": 0.5}}, {"type": "Feature", "geometry": {"type": "Point", "coordinates": [2.4256601, 6.365944600000001]}, "properties": {"edge_length_m": 105.2, "X": "Mifongou", "Y": "Sèdjro-Saint-Michel", "X_side_m": 52.6, "Y_side_m": 52.6, "split_t": 0.5}}, {"type": "Feature", "geometry": {"type": "Point", "coordinates": [2.4327573, 6.38356145]}, "properties": {"edge_length_m": 192.4, "X": "Djidjè", "Y": "Djidjè-Aïchédji", "X_side_m": 96.2, "Y_side_m": 96.2, "split_t": 0.5}}, {"type": "Feature", "geometry": {"type": "Point", "coordinates": [2.43151805, 6.3837135499999995]}, "properties": {"edge_length_m": 67.9, "X": "Djidjè", "Y": "Djidjè-Aïchédji", "X_side_m": 33.9, "Y_side_m": 33.9, "split_t": 0.5}}, {"type": "Feature", "geometry": {"type": "Point", "coordinates": [2.4323869, 6.3840242499999995]}, "properties": {"edge_length_m": 192.8, "X": "Djidjè", "Y": "Djidjè-Aïchédji", "X_side_m": 96.4, "Y_side_m": 96.4, "split_t": 0.5}}, {"type": "Feature", "geometry": {"type": "Point", "coordinates": [2.4290776000000003, 6.3741012]}, "properties": {"edge_length_m": 292.6, "X": "Jéricho-Nord", "Y": "Aïdjèdo-Vignon", "X_side_m": 146.3, "Y_side_m": 146.3, "split_t": 0.5}}, {"type": "Feature", "geometry": {"type": "Point", "coordinates": [2.43304535, 6.377256600000001]}, "properties": {"edge_length_m": 195.1, "X": "Hindé-Nord", "Y": "Hindé-Sud", "X_side_m": 97.5, "Y_side_m": 97.5, "split_t": 0.5}}, {"type": "Feature", "geometry": {"type": "Point", "coordinates": [2.4280654999999998, 6.37136825]}, "properties": {"edge_length_m": 260.6, "X": "Jéricho-Nord", "Y": "Jéricho-Sud", "X_side_m": 130.3, "Y_side_m": 130.3, "split_t": 0.5}}, {"type": "Feature", "geometry": {"type": "Point", "coordinates": [2.43359465, 6.37871815]}, "properties": {"edge_length_m": 100.5, "X": "Hindé-Nord", "Y": "Djidjè", "X_side_m": 50.2, "Y_side_m": 50.2, "split_t": 0.5}}, {"type": "Feature", "geometry": {"type": "Point", "coordinates": [2.38719795, 6.379940599999999]}, "properties": {"edge_length_m": 42.3, "X": "Védokô", "Y": "Sètôvi", "X_side_m": 21.2, "Y_side_m": 21.2, "split_t": 0.5}}, {"type": "Feature", "geometry": {"type": "Point", "coordinates": [2.3837056, 6.38213325]}, "properties": {"edge_length_m": 108.0, "X": "Védokô", "Y": "Sètôvi", "X_side_m": 54.0, "Y_side_m": 54.0, "split_t": 0.5}}, {"type": "Feature", "geometry": {"type": "Point", "coordinates": [2.38405805, 6.3830245]}, "properties": {"edge_length_m": 63.7, "X": "Védokô", "Y": "Sètôvi", "X_side_m": 31.9, "Y_side_m": 31.9, "split_t": 0.5}}, {"type": "Feature", "geometry": {"type": "Point", "coordinates": [2.43284675, 6.36270235]}, "properties": {"edge_length_m": 84.0, "X": "Missité", "Y": "Missèbô", "X_side_m": 42.0, "Y_side_m": 42.0, "split_t": 0.5}}, {"type": "Feature", "geometry": {"type": "Point", "coordinates": [2.4350034000000003, 6.3645042]}, "properties": {"edge_length_m": 17.8, "X": "Missèbô", "Y": "Bocossi-Tokpa", "X_side_m": 8.9, "Y_side_m": 8.9, "split_t": 0.5}}, {"type": "Feature", "geometry": {"type": "Point", "coordinates": [2.4252053499999997, 6.35930275]}, "properties": {"edge_length_m": 139.3, "X": "Zongo-Nima", "Y": "Gbéto", "X_side_m": 69.7, "Y_side_m": 69.7, "split_t": 0.5}}, {"type": "Feature", "geometry": {"type": "Point", "coordinates": [2.42844865, 6.36187385]}, "properties": {"edge_length_m": 179.4, "X": "Gbéto", "Y": "Gbédokpo", "X_side_m": 89.7, "Y_side_m": 89.7, "split_t": 0.5}}, {"type": "Feature", "geometry": {"type": "Point", "coordinates": [2.4280175, 6.3611117]}, "properties": {"edge_length_m": 73.3, "X": "Gbéto", "Y": "Dota", "X_side_m": 36.7, "Y_side_m": 36.7, "split_t": 0.5}}, {"type": "Feature", "geometry": {"type": "Point", "coordinates": [2.42329635, 6.359795849999999]}, "properties": {"edge_length_m": 68.5, "X": "Gbèdiga-Guêdêhounguè", "Y": "Zongo-Nima", "X_side_m": 34.2, "Y_side_m": 34.2, "split_t": 0.5}}, {"type": "Feature", "geometry": {"type": "Point", "coordinates": [2.42289405, 6.359067]}, "properties": {"edge_length_m": 182.1, "X": "Zongo-Nima", "Y": "Gbèdiga-Guêdêhounguè", "X_side_m": 91.0, "Y_side_m": 91.0, "split_t": 0.5}}, {"type": "Feature", "geometry": {"type": "Point", "coordinates": [2.4232047, 6.35810325]}, "properties": {"edge_length_m": 71.9, "X": "Gbèdiga-Guêdêhounguè", "Y": "Zongo-Nima", "X_side_m": 35.9, "Y_side_m": 35.9, "split_t": 0.5}}, {"type": "Feature", "geometry": {"type": "Point", "coordinates": [2.4235763500000003, 6.35881605]}, "properties": {"edge_length_m": 125.8, "X": "Gbèdiga-Guêdêhounguè", "Y": "Zongo-Nima", "X_side_m": 62.9, "Y_side_m": 62.9, "split_t": 0.5}}, {"type": "Feature", "geometry": {"type": "Point", "coordinates": [2.42290515, 6.3574633]}, "properties": {"edge_length_m": 172.0, "X": "Zongo-Nima", "Y": "Gbèdiga-Guêdêhounguè", "X_side_m": 86.0, "Y_side_m": 86.0, "split_t": 0.5}}, {"type": "Feature", "geometry": {"type": "Point", "coordinates": [2.43280435, 6.36062905]}, "properties": {"edge_length_m": 68.1, "X": "Guinkômey", "Y": "Missité", "X_side_m": 34.0, "Y_side_m": 34.0, "split_t": 0.5}}, {"type": "Feature", "geometry": {"type": "Point", "coordinates": [2.4247593, 6.3597610499999995]}, "properties": {"edge_length_m": 153.0, "X": "Zongo-Nima", "Y": "Gbéto", "X_side_m": 76.5, "Y_side_m": 76.5, "split_t": 0.5}}, {"type": "Feature", "geometry": {"type": "Point", "coordinates": [2.42396965, 6.35954035]}, "properties": {"edge_length_m": 70.6, "X": "Zongo-Nima", "Y": "Gbéto", "X_side_m": 35.3, "Y_side_m": 35.3, "split_t": 0.5}}, {"type": "Feature", "geometry": {"type": "Point", "coordinates": [2.42806415, 6.3623600499999995]}, "properties": {"edge_length_m": 179.3, "X": "Gbéto", "Y": "Gbédokpo", "X_side_m": 89.7, "Y_side_m": 89.7, "split_t": 0.5}}, {"type": "Feature", "geometry": {"type": "Point", "coordinates": [2.42645495, 6.36308855]}, "properties": {"edge_length_m": 69.4, "X": "Gbéto", "Y": "Mifongou", "X_side_m": 34.7, "Y_side_m": 34.7, "split_t": 0.5}}, {"type": "Feature", "geometry": {"type": "Point", "coordinates": [2.4272813500000003, 6.36334985]}, "properties": {"edge_length_m": 179.2, "X": "Gbéto", "Y": "Gbédokpo", "X_side_m": 89.6, "Y_side_m": 89.6, "split_t": 0.5}}, {"type": "Feature", "geometry": {"type": "Point", "coordinates": [2.4277771, 6.36402925]}, "properties": {"edge_length_m": 48.5, "X": "Gbédokpo", "Y": "Sèdjro-Saint-Michel", "X_side_m": 24.2, "Y_side_m": 24.2, "split_t": 0.5}}, {"type": "Feature", "geometry": {"type": "Point", "coordinates": [2.4256584500000002, 6.3588319]}, "properties": {"edge_length_m": 125.4, "X": "Zongo-Nima", "Y": "Gbéto", "X_side_m": 62.7, "Y_side_m": 62.7, "split_t": 0.5}}, {"type": "Feature", "geometry": {"type": "Point", "coordinates": [2.4315970499999997, 6.363508449999999]}, "properties": {"edge_length_m": 189.5, "X": "Gbédokpo", "Y": "Missèbô", "X_side_m": 94.7, "Y_side_m": 94.7, "split_t": 0.5}}, {"type": "Feature", "geometry": {"type": "Point", "coordinates": [2.43207145, 6.36428815]}, "properties": {"edge_length_m": 70.6, "X": "Missèbô", "Y": "Gbédokpo", "X_side_m": 35.3, "Y_side_m": 35.3, "split_t": 0.5}}, {"type": "Feature", "geometry": {"type": "Point", "coordinates": [2.42562135, 6.362824]}, "properties": {"edge_length_m": 180.9, "X": "Gbéto", "Y": "Mifongou", "X_side_m": 90.5, "Y_side_m": 90.5, "split_t": 0.5}}, {"type": "Feature", "geometry": {"type": "Point", "coordinates": [2.4268935000000003, 6.36384025]}, "properties": {"edge_length_m": 179.2, "X": "Mifongou", "Y": "Sèdjro-Saint-Michel", "X_side_m": 89.6, "Y_side_m": 89.6, "split_t": 0.5}}, {"type": "Feature", "geometry": {"type": "Point", "coordinates": [2.42912745, 6.365225499999999]}, "properties": {"edge_length_m": 68.8, "X": "Sèdjro-Saint-Michel", "Y": "Gbédokpo", "X_side_m": 34.4, "Y_side_m": 34.4, "split_t": 0.5}}, {"type": "Feature", "geometry": {"type": "Point", "coordinates": [2.43463285, 6.36672705]}, "properties": {"edge_length_m": 241.0, "X": "Bocossi-Tokpa", "Y": "Missèbô", "X_side_m": 120.5, "Y_side_m": 120.5, "split_t": 0.5}}, {"type": "Feature", "geometry": {"type": "Point", "coordinates": [2.43424235, 6.36721835]}, "properties": {"edge_length_m": 240.7, "X": "Bocossi-Tokpa", "Y": "Missèbô", "X_side_m": 120.3, "Y_side_m": 120.3, "split_t": 0.5}}, {"type": "Feature", "geometry": {"type": "Point", "coordinates": [2.4341143, 6.36913235]}, "properties": {"edge_length_m": 69.8, "X": "Bocossi-Tokpa", "Y": "Dantôkpa", "X_side_m": 34.9, "Y_side_m": 34.9, "split_t": 0.5}}, {"type": "Feature", "geometry": {"type": "Point", "coordinates": [2.4330573500000003, 6.36871625]}, "properties": {"edge_length_m": 240.6, "X": "Dantôkpa", "Y": "Nouveau-Pont", "X_side_m": 120.3, "Y_side_m": 120.3, "split_t": 0.5}}, {"type": "Feature", "geometry": {"type": "Point", "coordinates": [2.4359087, 6.3651126]}, "properties": {"edge_length_m": 39.8, "X": "Bocossi-Tokpa", "Y": "Missèbô", "X_side_m": 19.9, "Y_side_m": 19.9, "split_t": 0.5}}, {"type": "Feature", "geometry": {"type": "Point", "coordinates": [2.4347886499999998, 6.36444]}, "properties": {"edge_length_m": 45.8, "X": "Bocossi-Tokpa", "Y": "Missèbô", "X_side_m": 22.9, "Y_side_m": 22.9, "split_t": 0.5}}, {"type": "Feature", "geometry": {"type": "Point", "coordinates": [2.4336459, 6.36434325]}, "properties": {"edge_length_m": 257.3, "X": "Bocossi-Tokpa", "Y": "Missèbô", "X_side_m": 128.7, "Y_side_m": 128.7, "split_t": 0.5}}, {"type": "Feature", "geometry": {"type": "Point", "coordinates": [2.4339835499999998, 6.36579145]}, "properties": {"edge_length_m": 71.7, "X": "Bocossi-Tokpa", "Y": "Missèbô", "X_side_m": 35.8, "Y_side_m": 35.8, "split_t": 0.5}}, {"type": "Feature", "geometry": {"type": "Point", "coordinates": [2.43326245, 6.36482625]}, "properties": {"edge_length_m": 257.6, "X": "Bocossi-Tokpa", "Y": "Missèbô", "X_side_m": 128.8, "Y_side_m": 128.8, "split_t": 0.5}}, {"type": "Feature", "geometry": {"type": "Point", "coordinates": [2.4331959000000003, 6.3667874]}, "properties": {"edge_length_m": 72.6, "X": "Missèbô", "Y": "Nouveau-Pont", "X_side_m": 36.3, "Y_side_m": 36.3, "split_t": 0.5}}, {"type": "Feature", "geometry": {"type": "Point", "coordinates": [2.43247065, 6.3658236]}, "properties": {"edge_length_m": 258.1, "X": "Missèbô", "Y": "Gbédokpo", "X_side_m": 129.1, "Y_side_m": 129.1, "split_t": 0.5}}, {"type": "Feature", "geometry": {"type": "Point", "coordinates": [2.39603755, 6.391947]}, "properties": {"edge_length_m": 58.5, "X": "Fifadji", "Y": "Zogbo", "X_side_m": 29.2, "Y_side_m": 29.2, "split_t": 0.5}}, {"type": "Feature", "geometry": {"type": "Point", "coordinates": [2.3961682, 6.3937716]}, "properties": {"edge_length_m": 15.0, "X": "Zogbo", "Y": "Fifadji", "X_side_m": 7.5, "Y_side_m": 7.5, "split_t": 0.5}}, {"type": "Feature", "geometry": {"type": "Point", "coordinates": [2.3961018, 6.392588099999999]}, "properties": {"edge_length_m": 60.8, "X": "Fifadji", "Y": "Zogbo", "X_side_m": 30.4, "Y_side_m": 30.4, "split_t": 0.5}}, {"type": "Feature", "geometry": {"type": "Point", "coordinates": [2.39658325, 6.39273635]}, "properties": {"edge_length_m": 125.9, "X": "Zogbo", "Y": "Fifadji", "X_side_m": 63.0, "Y_side_m": 63.0, "split_t": 0.5}}, {"type": "Feature", "geometry": {"type": "Point", "coordinates": [2.3965525999999997, 6.3932977]}, "properties": {"edge_length_m": 156.3, "X": "Zogbo", "Y": "Fifadji", "X_side_m": 78.2, "Y_side_m": 78.2, "split_t": 0.5}}, {"type": "Feature", "geometry": {"type": "Point", "coordinates": [2.39609735, 6.391396500000001]}, "properties": {"edge_length_m": 176.8, "X": "Zogbo", "Y": "Fifadji", "X_side_m": 88.4, "Y_side_m": 88.4, "split_t": 0.5}}, {"type": "Feature", "geometry": {"type": "Point", "coordinates": [2.39547155, 6.39421055]}, "properties": {"edge_length_m": 67.4, "X": "Zogbo", "Y": "Fifadji", "X_side_m": 33.7, "Y_side_m": 33.7, "split_t": 0.5}}, {"type": "Feature", "geometry": {"type": "Point", "coordinates": [2.4035181999999997, 6.3978596]}, "properties": {"edge_length_m": 240.2, "X": "Vossa-Kpodji", "Y": "Fifadji", "X_side_m": 120.1, "Y_side_m": 120.1, "split_t": 0.5}}, {"type": "Feature", "geometry": {"type": "Point", "coordinates": [2.3861406499999998, 6.39068975]}, "properties": {"edge_length_m": 58.2, "X": "Zogbo", "Y": "Agounvocôdji", "X_side_m": 29.1, "Y_side_m": 29.1, "split_t": 0.5}}, {"type": "Feature", "geometry": {"type": "Point", "coordinates": [2.3856485000000003, 6.390068149999999]}, "properties": {"edge_length_m": 73.5, "X": "Agounvocôdji", "Y": "Zogbo", "X_side_m": 36.8, "Y_side_m": 36.8, "split_t": 0.5}}, {"type": "Feature", "geometry": {"type": "Point", "coordinates": [2.38607895, 6.38925225]}, "properties": {"edge_length_m": 30.1, "X": "Zogbo", "Y": "Agounvocôdji", "X_side_m": 15.1, "Y_side_m": 15.1, "split_t": 0.5}}, {"type": "Feature", "geometry": {"type": "Point", "coordinates": [2.3826573, 6.3872128]}, "properties": {"edge_length_m": 79.0, "X": "Kouhounou", "Y": "Zogbohouè", "X_side_m": 39.5, "Y_side_m": 39.5, "split_t": 0.5}}, {"type": "Feature", "geometry": {"type": "Point", "coordinates": [2.38245, 6.386468300000001]}, "properties": {"edge_length_m": 119.7, "X": "Kouhounou", "Y": "Zogbohouè", "X_side_m": 59.8, "Y_side_m": 59.8, "split_t": 0.5}}, {"type": "Feature", "geometry": {"type": "Point", "coordinates": [2.39472665, 6.371062]}, "properties": {"edge_length_m": 78.9, "X": "Houéyihô-Tannou", "Y": "Houéyihô", "X_side_m": 39.4, "Y_side_m": 39.4, "split_t": 0.5}}, {"type": "Feature", "geometry": {"type": "Point", "coordinates": [2.39670345, 6.3725991]}, "properties": {"edge_length_m": 65.8, "X": "Vodjè-Finagnon", "Y": "Houéyihô", "X_side_m": 32.9, "Y_side_m": 32.9, "split_t": 0.5}}, {"type": "Feature", "geometry": {"type": "Point", "coordinates": [2.39955195, 6.3710132999999995]}, "properties": {"edge_length_m": 284.6, "X": "Houéyihô", "Y": "Vodjè-Ayidoté", "X_side_m": 142.3, "Y_side_m": 142.3, "split_t": 0.5}}, {"type": "Feature", "geometry": {"type": "Point", "coordinates": [2.3959729999999997, 6.375260150000001]}, "properties": {"edge_length_m": 228.4, "X": "Vodjè-Finagnon", "Y": "Houéyihô-Tannou", "X_side_m": 114.2, "Y_side_m": 114.2, "split_t": 0.5}}, {"type": "Feature", "geometry": {"type": "Point", "coordinates": [2.3966215, 6.37610715]}, "properties": {"edge_length_m": 56.6, "X": "Vodjè-Finagnon", "Y": "Houéyihô-Tannou", "X_side_m": 28.3, "Y_side_m": 28.3, "split_t": 0.5}}, {"type": "Feature", "geometry": {"type": "Point", "coordinates": [2.3963443, 6.37490265]}, "properties": {"edge_length_m": 212.4, "X": "Vodjè-Finagnon", "Y": "Houéyihô-Tannou", "X_side_m": 106.2, "Y_side_m": 106.2, "split_t": 0.5}}, {"type": "Feature", "geometry": {"type": "Point", "coordinates": [2.3943197, 6.37117905]}, "properties": {"edge_length_m": 45.7, "X": "Houéyihô", "Y": "Houéyihô-Tannou", "X_side_m": 22.9, "Y_side_m": 22.9, "split_t": 0.5}}, {"type": "Feature", "geometry": {"type": "Point", "coordinates": [2.3966223500000003, 6.3765749]}, "properties": {"edge_length_m": 87.1, "X": "Vodjè-Finagnon", "Y": "Houéyihô-Tannou", "X_side_m": 43.5, "Y_side_m": 43.5, "split_t": 0.5}}, {"type": "Feature", "geometry": {"type": "Point", "coordinates": [2.39875495, 6.3713862500000005]}, "properties": {"edge_length_m": 7.0, "X": "Houéyihô", "Y": "Vodjè-Finagnon", "X_side_m": 3.5, "Y_side_m": 3.5, "split_t": 0.5}}, {"type": "Feature", "geometry": {"type": "Point", "coordinates": [2.4036775500000003, 6.3744572]}, "properties": {"edge_length_m": 144.8, "X": "Agontinkon", "Y": "Vodjè-Finagnon", "X_side_m": 72.4, "Y_side_m": 72.4, "split_t": 0.5}}, {"type": "Feature", "geometry": {"type": "Point", "coordinates": [2.40344515, 6.3750731]}, "properties": {"edge_length_m": 43.6, "X": "Agontinkon", "Y": "Vodjè-Finagnon", "X_side_m": 21.8, "Y_side_m": 21.8, "split_t": 0.5}}, {"type": "Feature", "geometry": {"type": "Point", "coordinates": [2.40327455, 6.375306800000001]}, "properties": {"edge_length_m": 74.5, "X": "Agontinkon", "Y": "Vodjè-Finagnon", "X_side_m": 37.3, "Y_side_m": 37.3, "split_t": 0.5}}, {"type": "Feature", "geometry": {"type": "Point", "coordinates": [2.39770615, 6.3730233]}, "properties": {"edge_length_m": 231.0, "X": "Vodjè-Finagnon", "Y": "Houéyihô", "X_side_m": 115.5, "Y_side_m": 115.5, "split_t": 0.5}}, {"type": "Feature", "geometry": {"type": "Point", "coordinates": [2.3922735, 6.3560032500000005]}, "properties": {"edge_length_m": 68.5, "X": "Cadjèhoun-Agonga", "Y": "Haie-Vive-Cocotiers", "X_side_m": 34.2, "Y_side_m": 34.2, "split_t": 0.5}}, {"type": "Feature", "geometry": {"type": "Point", "coordinates": [2.3976228500000003, 6.35656615]}, "properties": {"edge_length_m": 82.6, "X": "Haie-Vive-Cocotiers", "Y": "Cadjèhoun-Azalokogon", "X_side_m": 41.3, "Y_side_m": 41.3, "split_t": 0.5}}, {"type": "Feature", "geometry": {"type": "Point", "coordinates": [2.39223055, 6.3567187]}, "properties": {"edge_length_m": 123.5, "X": "Haie-Vive-Cocotiers", "Y": "Cadjèhoun-Agonga", "X_side_m": 61.8, "Y_side_m": 61.8, "split_t": 0.5}}, {"type": "Feature", "geometry": {"type": "Point", "coordinates": [2.39697935, 6.35658435]}, "properties": {"edge_length_m": 59.9, "X": "Cadjèhoun-Agonga", "Y": "Cadjèhoun-Azalokogon", "X_side_m": 29.9, "Y_side_m": 29.9, "split_t": 0.5}}, {"type": "Feature", "geometry": {"type": "Point", "coordinates": [2.3971867500000004, 6.3590666]}, "properties": {"edge_length_m": 81.3, "X": "Cadjèhoun-Agonga", "Y": "Cadjèhoun-Azalokogon", "X_side_m": 40.7, "Y_side_m": 40.7, "split_t": 0.5}}, {"type": "Feature", "geometry": {"type": "Point", "coordinates": [2.3962949, 6.359307899999999]}, "properties": {"edge_length_m": 156.6, "X": "Cadjèhoun-Azalokogon", "Y": "Cadjèhoun-Agonga", "X_side_m": 78.3, "Y_side_m": 78.3, "split_t": 0.5}}, {"type": "Feature", "geometry": {"type": "Point", "coordinates": [2.39682815, 6.35938865]}, "properties": {"edge_length_m": 26.7, "X": "Cadjèhoun-Azalokogon", "Y": "Cadjèhoun-Agonga", "X_side_m": 13.4, "Y_side_m": 13.4, "split_t": 0.5}}, {"type": "Feature", "geometry": {"type": "Point", "coordinates": [2.39594035, 6.361196700000001]}, "properties": {"edge_length_m": 73.6, "X": "Cadjèhoun-Agonga", "Y": "Cadjèhoun-Azalokogon", "X_side_m": 36.8, "Y_side_m": 36.8, "split_t": 0.5}}, {"type": "Feature", "geometry": {"type": "Point", "coordinates": [2.3958304999999998, 6.3597444]}, "properties": {"edge_length_m": 64.1, "X": "Cadjèhoun-Azalokogon", "Y": "Cadjèhoun-Agonga", "X_side_m": 32.1, "Y_side_m": 32.1, "split_t": 0.5}}, {"type": "Feature", "geometry": {"type": "Point", "coordinates": [2.39542185, 6.3600435]}, "properties": {"edge_length_m": 92.5, "X": "Cadjèhoun-Azalokogon", "Y": "Cadjèhoun-Agonga", "X_side_m": 46.2, "Y_side_m": 46.2, "split_t": 0.5}}, {"type": "Feature", "geometry": {"type": "Point", "coordinates": [2.39129345, 6.357036150000001]}, "properties": {"edge_length_m": 64.3, "X": "Cadjèhoun-Agonga", "Y": "Haie-Vive-Cocotiers", "X_side_m": 32.2, "Y_side_m": 32.2, "split_t": 0.5}}, {"type": "Feature", "geometry": {"type": "Point", "coordinates": [2.4550387000000002, 6.382412049999999]}, "properties": {"edge_length_m": 89.2, "X": "Kpondéhou", "Y": "Kpondéhou-Tchèmè", "X_side_m": 44.6, "Y_side_m": 44.6, "split_t": 0.5}}, {"type": "Feature", "geometry": {"type": "Point", "coordinates": [2.4418803999999996, 6.373708349999999]}, "properties": {"edge_length_m": 79.5, "X": "Adjégounlè", "Y": "Kpankpan", "X_side_m": 39.8, "Y_side_m": 39.8, "split_t": 0.5}}, {"type": "Feature", "geometry": {"type": "Point", "coordinates": [2.4422907499999997, 6.3733913]}, "properties": {"edge_length_m": 71.5, "X": "Adjégounlè", "Y": "Kpankpan", "X_side_m": 35.8, "Y_side_m": 35.8, "split_t": 0.5}}, {"type": "Feature", "geometry": {"type": "Point", "coordinates": [2.443321, 6.39228325]}, "properties": {"edge_length_m": 61.2, "X": "Hlacômey", "Y": "Agbodjèdo", "X_side_m": 30.6, "Y_side_m": 30.6, "split_t": 0.5}}, {"type": "Feature", "geometry": {"type": "Point", "coordinates": [2.4429069500000002, 6.39235065]}, "properties": {"edge_length_m": 107.2, "X": "Agbodjèdo", "Y": "Hlacômey", "X_side_m": 53.6, "Y_side_m": 53.6, "split_t": 0.5}}, {"type": "Feature", "geometry": {"type": "Point", "coordinates": [2.44312915, 6.39489075]}, "properties": {"edge_length_m": 48.1, "X": "Agbodjèdo", "Y": "Hlacômey", "X_side_m": 24.1, "Y_side_m": 24.1, "split_t": 0.5}}, {"type": "Feature", "geometry": {"type": "Point", "coordinates": [2.4433809, 6.37310495]}, "properties": {"edge_length_m": 230.0, "X": "Kpankpan", "Y": "Adjégounlè", "X_side_m": 115.0, "Y_side_m": 115.0, "split_t": 0.5}}, {"type": "Feature", "geometry": {"type": "Point", "coordinates": [2.4439755, 6.3682296]}, "properties": {"edge_length_m": 245.3, "X": "Misséssin", "Y": "Dédokpo", "X_side_m": 122.7, "Y_side_m": 122.7, "split_t": 0.5}}, {"type": "Feature", "geometry": {"type": "Point", "coordinates": [2.4454471, 6.36817175]}, "properties": {"edge_length_m": 74.9, "X": "Misséssin", "Y": "Abokicodji-Centre", "X_side_m": 37.5, "Y_side_m": 37.5, "split_t": 0.5}}, {"type": "Feature", "geometry": {"type": "Point", "coordinates": [2.44576215, 6.3689015]}, "properties": {"edge_length_m": 155.7, "X": "Misséssin", "Y": "Gbèdjèwin", "X_side_m": 77.9, "Y_side_m": 77.9, "split_t": 0.5}}, {"type": "Feature", "geometry": {"type": "Point", "coordinates": [2.44437375, 6.36773865]}, "properties": {"edge_length_m": 244.9, "X": "Misséssin", "Y": "Dédokpo", "X_side_m": 122.5, "Y_side_m": 122.5, "split_t": 0.5}}, {"type": "Feature", "geometry": {"type": "Point", "coordinates": [2.44475715, 6.362785]}, "properties": {"edge_length_m": 37.5, "X": "Abokicodji-Lagune", "Y": "Ohé", "X_side_m": 18.8, "Y_side_m": 18.8, "split_t": 0.5}}, {"type": "Feature", "geometry": {"type": "Point", "coordinates": [2.4421370500000004, 6.36970525]}, "properties": {"edge_length_m": 149.4, "X": "Misséssin", "Y": "Dédokpo", "X_side_m": 74.7, "Y_side_m": 74.7, "split_t": 0.5}}, {"type": "Feature", "geometry": {"type": "Point", "coordinates": [2.44140185, 6.3745189]}, "properties": {"edge_length_m": 181.7, "X": "Adjégounlè", "Y": "Kpankpan", "X_side_m": 90.8, "Y_side_m": 90.8, "split_t": 0.5}}, {"type": "Feature", "geometry": {"type": "Point", "coordinates": [2.4433405500000003, 6.3755819]}, "properties": {"edge_length_m": 57.7, "X": "Adjégounlè", "Y": "Midombo", "X_side_m": 28.9, "Y_side_m": 28.9, "split_t": 0.5}}, {"type": "Feature", "geometry": {"type": "Point", "coordinates": [2.4409817499999997, 6.376137699999999]}, "properties": {"edge_length_m": 67.3, "X": "Kpankpan", "Y": "Midombo", "X_side_m": 33.6, "Y_side_m": 33.6, "split_t": 0.5}}, {"type": "Feature", "geometry": {"type": "Point", "coordinates": [2.44188855, 6.37614315]}, "properties": {"edge_length_m": 65.8, "X": "Adjégounlè", "Y": "Midombo", "X_side_m": 32.9, "Y_side_m": 32.9, "split_t": 0.5}}, {"type": "Feature", "geometry": {"type": "Point", "coordinates": [2.4426145999999997, 6.37584415]}, "properties": {"edge_length_m": 150.8, "X": "Adjégounlè", "Y": "Midombo", "X_side_m": 75.4, "Y_side_m": 75.4, "split_t": 0.5}}, {"type": "Feature", "geometry": {"type": "Point", "coordinates": [2.44393705, 6.3758336]}, "properties": {"edge_length_m": 141.8, "X": "Midombo", "Y": "Adjégounlè", "X_side_m": 70.9, "Y_side_m": 70.9, "split_t": 0.5}}, {"type": "Feature", "geometry": {"type": "Point", "coordinates": [2.4407766, 6.37644285]}, "properties": {"edge_length_m": 43.6, "X": "Kpankpan", "Y": "Midombo", "X_side_m": 21.8, "Y_side_m": 21.8, "split_t": 0.5}}, {"type": "Feature", "geometry": {"type": "Point", "coordinates": [2.4457667499999998, 6.38557705]}, "properties": {"edge_length_m": 250.1, "X": "Sègbèya-Nord", "Y": "Sègbèya-Sud", "X_side_m": 125.1, "Y_side_m": 125.1, "split_t": 0.5}}, {"type": "Feature", "geometry": {"type": "Point", "coordinates": [2.44685065, 6.37787685]}, "properties": {"edge_length_m": 139.7, "X": "Sègbèya-Sud", "Y": "Midombo", "X_side_m": 69.9, "Y_side_m": 69.9, "split_t": 0.5}}, {"type": "Feature", "geometry": {"type": "Point", "coordinates": [2.44652505, 6.3785083]}, "properties": {"edge_length_m": 74.4, "X": "Sègbèya-Sud", "Y": "Midombo", "X_side_m": 37.2, "Y_side_m": 37.2, "split_t": 0.5}}, {"type": "Feature", "geometry": {"type": "Point", "coordinates": [2.4550394000000004, 6.3822943]}, "properties": {"edge_length_m": 89.6, "X": "Kpondéhou-Tchèmè", "Y": "Kpondéhou", "X_side_m": 44.8, "Y_side_m": 44.8, "split_t": 0.5}}, {"type": "Feature", "geometry": {"type": "Point", "coordinates": [2.45543995, 6.3819792500000005]}, "properties": {"edge_length_m": 68.8, "X": "Kpondéhou", "Y": "Kpondéhou-Tchèmè", "X_side_m": 34.4, "Y_side_m": 34.4, "split_t": 0.5}}, {"type": "Feature", "geometry": {"type": "Point", "coordinates": [2.4579058, 6.3819421]}, "properties": {"edge_length_m": 70.6, "X": "Ahouassa", "Y": "Sènadé", "X_side_m": 35.3, "Y_side_m": 35.3, "split_t": 0.5}}, {"type": "Feature", "geometry": {"type": "Point", "coordinates": [2.46352205, 6.38157645]}, "properties": {"edge_length_m": 141.0, "X": "Ahouassa", "Y": "Suru-Léré", "X_side_m": 70.5, "Y_side_m": 70.5, "split_t": 0.5}}, {"type": "Feature", "geometry": {"type": "Point", "coordinates": [2.46384785, 6.382210949999999]}, "properties": {"edge_length_m": 72.9, "X": "Ahouassa", "Y": "Kowégbo", "X_side_m": 36.4, "Y_side_m": 36.4, "split_t": 0.5}}, {"type": "Feature", "geometry": {"type": "Point", "coordinates": [2.4641745, 6.38187665]}, "properties": {"edge_length_m": 73.2, "X": "Kowégbo", "Y": "Suru-Léré", "X_side_m": 36.6, "Y_side_m": 36.6, "split_t": 0.5}}, {"type": "Feature", "geometry": {"type": "Point", "coordinates": [2.4407430000000003, 6.37721415]}, "properties": {"edge_length_m": 62.9, "X": "Midombo", "Y": "Kpankpan", "X_side_m": 31.5, "Y_side_m": 31.5, "split_t": 0.5}}, {"type": "Feature", "geometry": {"type": "Point", "coordinates": [2.4523447999999997, 6.3923205]}, "properties": {"edge_length_m": 52.6, "X": "Gankpodo", "Y": "Minontchou", "X_side_m": 26.3, "Y_side_m": 26.3, "split_t": 0.5}}, {"type": "Feature", "geometry": {"type": "Point", "coordinates": [2.4521123, 6.39148315]}, "properties": {"edge_length_m": 198.9, "X": "Minontchou", "Y": "Gankpodo", "X_side_m": 99.5, "Y_side_m": 99.5, "split_t": 0.5}}, {"type": "Feature", "geometry": {"type": "Point", "coordinates": [2.45086615, 6.392723]}, "properties": {"edge_length_m": 70.5, "X": "Minontchou", "Y": "Agbodjèdo", "X_side_m": 35.3, "Y_side_m": 35.3, "split_t": 0.5}}, {"type": "Feature", "geometry": {"type": "Point", "coordinates": [2.4507616, 6.3936715]}, "properties": {"edge_length_m": 196.4, "X": "Agbodjèdo", "Y": "Minontchou", "X_side_m": 98.2, "Y_side_m": 98.2, "split_t": 0.5}}, {"type": "Feature", "geometry": {"type": "Point", "coordinates": [2.4503511, 6.393708]}, "properties": {"edge_length_m": 180.3, "X": "Agbodjèdo", "Y": "Minontchou", "X_side_m": 90.1, "Y_side_m": 90.1, "split_t": 0.5}}, {"type": "Feature", "geometry": {"type": "Point", "coordinates": [2.44463355, 6.38576295]}, "properties": {"edge_length_m": 37.8, "X": "Sègbèya-Nord", "Y": "Sègbèya-Sud", "X_side_m": 18.9, "Y_side_m": 18.9, "split_t": 0.5}}, {"type": "Feature", "geometry": {"type": "Point", "coordinates": [2.44208945, 6.38723665]}, "properties": {"edge_length_m": 304.4, "X": "Hlacômey", "Y": "Sègbèya-Nord", "X_side_m": 152.2, "Y_side_m": 152.2, "split_t": 0.5}}, {"type": "Feature", "geometry": {"type": "Point", "coordinates": [2.44068885, 6.3869392000000005]}, "properties": {"edge_length_m": 68.7, "X": "Hlacômey", "Y": "Adôgléta", "X_side_m": 34.4, "Y_side_m": 34.4, "split_t": 0.5}}, {"type": "Feature", "geometry": {"type": "Point", "coordinates": [2.44874215, 6.38781195]}, "properties": {"edge_length_m": 218.6, "X": "Sègbèya-Nord", "Y": "Kpondéhou", "X_side_m": 109.3, "Y_side_m": 109.3, "split_t": 0.5}}, {"type": "Feature", "geometry": {"type": "Point", "coordinates": [2.4497079, 6.38815235]}, "properties": {"edge_length_m": 76.6, "X": "Kpondéhou", "Y": "Sègbèya-Nord", "X_side_m": 38.3, "Y_side_m": 38.3, "split_t": 0.5}}, {"type": "Feature", "geometry": {"type": "Point", "coordinates": [2.4400368500000003, 6.386888600000001]}, "properties": {"edge_length_m": 55.0, "X": "Hlacômey", "Y": "Adôgléta", "X_side_m": 27.5, "Y_side_m": 27.5, "split_t": 0.5}}, {"type": "Feature", "geometry": {"type": "Point", "coordinates": [2.4390787, 6.3813436]}, "properties": {"edge_length_m": 61.6, "X": "Adôgléta", "Y": "Kpankpan", "X_side_m": 30.8, "Y_side_m": 30.8, "split_t": 0.5}}, {"type": "Feature", "geometry": {"type": "Point", "coordinates": [2.4496983500000002, 6.38524685]}, "properties": {"edge_length_m": 62.9, "X": "Kpondéhou", "Y": "Ayélawadjè-Agongbomè", "X_side_m": 31.4, "Y_side_m": 31.4, "split_t": 0.5}}, {"type": "Feature", "geometry": {"type": "Point", "coordinates": [2.4487223, 6.3858961999999995]}, "properties": {"edge_length_m": 217.7, "X": "Sègbèya-Nord", "Y": "Kpondéhou", "X_side_m": 108.9, "Y_side_m": 108.9, "split_t": 0.5}}, {"type": "Feature", "geometry": {"type": "Point", "coordinates": [2.4607837, 6.38580395]}, "properties": {"edge_length_m": 143.9, "X": "Djédjé-Layé", "Y": "Ahouassa", "X_side_m": 72.0, "Y_side_m": 72.0, "split_t": 0.5}}, {"type": "Feature", "geometry": {"type": "Point", "coordinates": [2.4614422, 6.3861333]}, "properties": {"edge_length_m": 72.7, "X": "Ahouassa", "Y": "Djédjé-Layé", "X_side_m": 36.4, "Y_side_m": 36.4, "split_t": 0.5}}, {"type": "Feature", "geometry": {"type": "Point", "coordinates": [2.4485549000000004, 6.39128945]}, "properties": {"edge_length_m": 51.1, "X": "Minontchou", "Y": "Agbodjèdo", "X_side_m": 25.5, "Y_side_m": 25.5, "split_t": 0.5}}, {"type": "Feature", "geometry": {"type": "Point", "coordinates": [2.45768205, 6.383638899999999]}, "properties": {"edge_length_m": 72.0, "X": "Kpondéhou", "Y": "Ahouassa", "X_side_m": 36.0, "Y_side_m": 36.0, "split_t": 0.5}}, {"type": "Feature", "geometry": {"type": "Point", "coordinates": [2.4573547, 6.38333175]}, "properties": {"edge_length_m": 68.3, "X": "Kpondéhou", "Y": "Ahouassa", "X_side_m": 34.2, "Y_side_m": 34.2, "split_t": 0.5}}, {"type": "Feature", "geometry": {"type": "Point", "coordinates": [2.4456046000000002, 6.39018385]}, "properties": {"edge_length_m": 64.5, "X": "Sègbèya-Nord", "Y": "Agbodjèdo", "X_side_m": 32.2, "Y_side_m": 32.2, "split_t": 0.5}}, {"type": "Feature", "geometry": {"type": "Point", "coordinates": [2.44532085, 6.390701549999999]}, "properties": {"edge_length_m": 122.2, "X": "Sègbèya-Nord", "Y": "Agbodjèdo", "X_side_m": 61.1, "Y_side_m": 61.1, "split_t": 0.5}}, {"type": "Feature", "geometry": {"type": "Point", "coordinates": [2.44931795, 6.3915156]}, "properties": {"edge_length_m": 167.7, "X": "Minontchou", "Y": "Agbodjèdo", "X_side_m": 83.8, "Y_side_m": 83.8, "split_t": 0.5}}, {"type": "Feature", "geometry": {"type": "Point", "coordinates": [2.446462, 6.389369950000001]}, "properties": {"edge_length_m": 154.2, "X": "Agbodjèdo", "Y": "Sègbèya-Nord", "X_side_m": 77.1, "Y_side_m": 77.1, "split_t": 0.5}}, {"type": "Feature", "geometry": {"type": "Point", "coordinates": [2.44872915, 6.3865653]}, "properties": {"edge_length_m": 218.0, "X": "Sègbèya-Nord", "Y": "Kpondéhou", "X_side_m": 109.0, "Y_side_m": 109.0, "split_t": 0.5}}, {"type": "Feature", "geometry": {"type": "Point", "coordinates": [2.44873575, 6.3871982]}, "properties": {"edge_length_m": 218.3, "X": "Sègbèya-Nord", "Y": "Kpondéhou", "X_side_m": 109.2, "Y_side_m": 109.2, "split_t": 0.5}}, {"type": "Feature", "geometry": {"type": "Point", "coordinates": [2.4485802999999997, 6.3936411]}, "properties": {"edge_length_m": 117.1, "X": "Agbodjèdo", "Y": "Minontchou", "X_side_m": 58.6, "Y_side_m": 58.6, "split_t": 0.5}}, {"type": "Feature", "geometry": {"type": "Point", "coordinates": [2.44491605, 6.379850449999999]}, "properties": {"edge_length_m": 73.9, "X": "Sègbèya-Sud", "Y": "Midombo", "X_side_m": 37.0, "Y_side_m": 37.0, "split_t": 0.5}}, {"type": "Feature", "geometry": {"type": "Point", "coordinates": [2.4499192499999998, 6.3918179]}, "properties": {"edge_length_m": 190.3, "X": "Agbodjèdo", "Y": "Minontchou", "X_side_m": 95.2, "Y_side_m": 95.2, "split_t": 0.5}}, {"type": "Feature", "geometry": {"type": "Point", "coordinates": [2.4573874, 6.38744965]}, "properties": {"edge_length_m": 72.0, "X": "Gankpodo", "Y": "Kpondéhou", "X_side_m": 36.0, "Y_side_m": 36.0, "split_t": 0.5}}, {"type": "Feature", "geometry": {"type": "Point", "coordinates": [2.4583194500000003, 6.387768899999999]}, "properties": {"edge_length_m": 208.2, "X": "Gankpodo", "Y": "Djédjé-Layé", "X_side_m": 104.1, "Y_side_m": 104.1, "split_t": 0.5}}, {"type": "Feature", "geometry": {"type": "Point", "coordinates": [2.45833235, 6.38711865]}, "properties": {"edge_length_m": 207.2, "X": "Kpondéhou", "Y": "Djédjé-Layé", "X_side_m": 103.6, "Y_side_m": 103.6, "split_t": 0.5}}, {"type": "Feature", "geometry": {"type": "Point", "coordinates": [2.4583263, 6.38647265]}, "properties": {"edge_length_m": 207.3, "X": "Kpondéhou", "Y": "Djédjé-Layé", "X_side_m": 103.7, "Y_side_m": 103.7, "split_t": 0.5}}, {"type": "Feature", "geometry": {"type": "Point", "coordinates": [2.4577052, 6.38490505]}, "properties": {"edge_length_m": 73.5, "X": "Kpondéhou", "Y": "Ahouassa", "X_side_m": 36.8, "Y_side_m": 36.8, "split_t": 0.5}}, {"type": "Feature", "geometry": {"type": "Point", "coordinates": [2.45673495, 6.38303435]}, "properties": {"edge_length_m": 136.7, "X": "Ahouassa", "Y": "Kpondéhou", "X_side_m": 68.3, "Y_side_m": 68.3, "split_t": 0.5}}, {"type": "Feature", "geometry": {"type": "Point", "coordinates": [2.45926945, 6.38806275]}, "properties": {"edge_length_m": 66.4, "X": "Gankpodo", "Y": "Djédjé-Layé", "X_side_m": 33.2, "Y_side_m": 33.2, "split_t": 0.5}}, {"type": "Feature", "geometry": {"type": "Point", "coordinates": [2.4593655500000002, 6.38836475]}, "properties": {"edge_length_m": 19.2, "X": "Gankpodo", "Y": "Djédjé-Layé", "X_side_m": 9.6, "Y_side_m": 9.6, "split_t": 0.5}}, {"type": "Feature", "geometry": {"type": "Point", "coordinates": [2.45856415, 6.3816233]}, "properties": {"edge_length_m": 144.9, "X": "Ahouassa", "Y": "Sènadé", "X_side_m": 72.4, "Y_side_m": 72.4, "split_t": 0.5}}, {"type": "Feature", "geometry": {"type": "Point", "coordinates": [2.45921915, 6.38066565]}, "properties": {"edge_length_m": 70.9, "X": "Ahouassa", "Y": "Sènadé", "X_side_m": 35.5, "Y_side_m": 35.5, "split_t": 0.5}}, {"type": "Feature", "geometry": {"type": "Point", "coordinates": [2.4622315, 6.386767]}, "properties": {"edge_length_m": 72.4, "X": "Djédjé-Layé", "Y": "Yénawa", "X_side_m": 36.2, "Y_side_m": 36.2, "split_t": 0.5}}, {"type": "Feature", "geometry": {"type": "Point", "coordinates": [2.45945335, 6.3884688999999995]}, "properties": {"edge_length_m": 22.6, "X": "Djédjé-Layé", "Y": "Gankpodo", "X_side_m": 11.3, "Y_side_m": 11.3, "split_t": 0.5}}, {"type": "Feature", "geometry": {"type": "Point", "coordinates": [2.4615506, 6.3883652]}, "properties": {"edge_length_m": 156.6, "X": "Djédjé-Layé", "Y": "Yénawa", "X_side_m": 78.3, "Y_side_m": 78.3, "split_t": 0.5}}, {"type": "Feature", "geometry": {"type": "Point", "coordinates": [2.46084345, 6.38773385]}, "properties": {"edge_length_m": 309.7, "X": "Djédjé-Layé", "Y": "Yénawa", "X_side_m": 154.8, "Y_side_m": 154.8, "split_t": 0.5}}, {"type": "Feature", "geometry": {"type": "Point", "coordinates": [2.4611931499999997, 6.38709975]}, "properties": {"edge_length_m": 229.2, "X": "Djédjé-Layé", "Y": "Yénawa", "X_side_m": 114.6, "Y_side_m": 114.6, "split_t": 0.5}}, {"type": "Feature", "geometry": {"type": "Point", "coordinates": [2.45353755, 6.38335805]}, "properties": {"edge_length_m": 68.6, "X": "Kpondéhou-Tchèmè", "Y": "Kpondéhou", "X_side_m": 34.3, "Y_side_m": 34.3, "split_t": 0.5}}, {"type": "Feature", "geometry": {"type": "Point", "coordinates": [2.45448985, 6.3830489]}, "properties": {"edge_length_m": 211.3, "X": "Kpondéhou-Tchèmè", "Y": "Kpondéhou", "X_side_m": 105.7, "Y_side_m": 105.7, "split_t": 0.5}}, {"type": "Feature", "geometry": {"type": "Point", "coordinates": [2.45523055, 6.3877607]}, "properties": {"edge_length_m": 206.6, "X": "Kpondéhou", "Y": "Gankpodo", "X_side_m": 103.3, "Y_side_m": 103.3, "split_t": 0.5}}, {"type": "Feature", "geometry": {"type": "Point", "coordinates": [2.45256275, 6.38367315]}, "properties": {"edge_length_m": 216.3, "X": "Ayélawadjè-Agongbomè", "Y": "Kpondéhou", "X_side_m": 108.1, "Y_side_m": 108.1, "split_t": 0.5}}, {"type": "Feature", "geometry": {"type": "Point", "coordinates": [2.4561612999999998, 6.387444950000001]}, "properties": {"edge_length_m": 69.0, "X": "Kpondéhou", "Y": "Gankpodo", "X_side_m": 34.5, "Y_side_m": 34.5, "split_t": 0.5}}, {"type": "Feature", "geometry": {"type": "Point", "coordinates": [2.44862705, 6.3791194]}, "properties": {"edge_length_m": 226.2, "X": "Sègbèya-Sud", "Y": "Ayélawadjè", "X_side_m": 113.1, "Y_side_m": 113.1, "split_t": 0.5}}, {"type": "Feature", "geometry": {"type": "Point", "coordinates": [2.4453984, 6.37916465]}, "properties": {"edge_length_m": 177.0, "X": "Midombo", "Y": "Sègbèya-Sud", "X_side_m": 88.5, "Y_side_m": 88.5, "split_t": 0.5}}, {"type": "Feature", "geometry": {"type": "Point", "coordinates": [2.4461935500000003, 6.37884085]}, "properties": {"edge_length_m": 73.6, "X": "Sègbèya-Sud", "Y": "Midombo", "X_side_m": 36.8, "Y_side_m": 36.8, "split_t": 0.5}}, {"type": "Feature", "geometry": {"type": "Point", "coordinates": [2.4413841, 6.3794675000000005]}, "properties": {"edge_length_m": 69.3, "X": "Midombo", "Y": "Kpankpan", "X_side_m": 34.6, "Y_side_m": 34.6, "split_t": 0.5}}, {"type": "Feature", "geometry": {"type": "Point", "coordinates": [2.4475994500000002, 6.3781874]}, "properties": {"edge_length_m": 72.6, "X": "Midombo", "Y": "Sègbèya-Sud", "X_side_m": 36.3, "Y_side_m": 36.3, "split_t": 0.5}}, {"type": "Feature", "geometry": {"type": "Point", "coordinates": [2.44036575, 6.37816635]}, "properties": {"edge_length_m": 58.3, "X": "Kpankpan", "Y": "Midombo", "X_side_m": 29.1, "Y_side_m": 29.1, "split_t": 0.5}}, {"type": "Feature", "geometry": {"type": "Point", "coordinates": [2.44069715, 6.3778866999999995]}, "properties": {"edge_length_m": 67.5, "X": "Kpankpan", "Y": "Midombo", "X_side_m": 33.7, "Y_side_m": 33.7, "split_t": 0.5}}, {"type": "Feature", "geometry": {"type": "Point", "coordinates": [2.4439538, 6.38044075]}, "properties": {"edge_length_m": 140.2, "X": "Midombo", "Y": "Sègbèya-Sud", "X_side_m": 70.1, "Y_side_m": 70.1, "split_t": 0.5}}, {"type": "Feature", "geometry": {"type": "Point", "coordinates": [2.44331855, 6.38076735]}, "properties": {"edge_length_m": 72.9, "X": "Midombo", "Y": "Sègbèya-Sud", "X_side_m": 36.5, "Y_side_m": 36.5, "split_t": 0.5}}, {"type": "Feature", "geometry": {"type": "Point", "coordinates": [2.44458475, 6.380145799999999]}, "properties": {"edge_length_m": 65.9, "X": "Sègbèya-Sud", "Y": "Midombo", "X_side_m": 33.0, "Y_side_m": 33.0, "split_t": 0.5}}, {"type": "Feature", "geometry": {"type": "Point", "coordinates": [2.44267795, 6.3807886499999995]}, "properties": {"edge_length_m": 70.4, "X": "Midombo", "Y": "Sègbèya-Sud", "X_side_m": 35.2, "Y_side_m": 35.2, "split_t": 0.5}}, {"type": "Feature", "geometry": {"type": "Point", "coordinates": [2.4486253500000004, 6.37849795]}, "properties": {"edge_length_m": 226.0, "X": "Sègbèya-Sud", "Y": "Ayélawadjè", "X_side_m": 113.0, "Y_side_m": 113.0, "split_t": 0.5}}, {"type": "Feature", "geometry": {"type": "Point", "coordinates": [2.4454031, 6.3797383]}, "properties": {"edge_length_m": 172.8, "X": "Midombo", "Y": "Sègbèya-Sud", "X_side_m": 86.4, "Y_side_m": 86.4, "split_t": 0.5}}, {"type": "Feature", "geometry": {"type": "Point", "coordinates": [2.45516575, 6.38839925]}, "properties": {"edge_length_m": 222.4, "X": "Kpondéhou", "Y": "Gankpodo", "X_side_m": 111.2, "Y_side_m": 111.2, "split_t": 0.5}}, {"type": "Feature", "geometry": {"type": "Point", "coordinates": [2.4509163000000003, 6.3788023]}, "properties": {"edge_length_m": 73.6, "X": "Lom-Nava", "Y": "Ayélawadjè", "X_side_m": 36.8, "Y_side_m": 36.8, "split_t": 0.5}}, {"type": "Feature", "geometry": {"type": "Point", "coordinates": [2.45091335, 6.3775049]}, "properties": {"edge_length_m": 70.6, "X": "Ayélawadjè", "Y": "Lom-Nava", "X_side_m": 35.3, "Y_side_m": 35.3, "split_t": 0.5}}, {"type": "Feature", "geometry": {"type": "Point", "coordinates": [2.4518977499999997, 6.3778171]}, "properties": {"edge_length_m": 218.6, "X": "Ayélawadjè", "Y": "Lom-Nava", "X_side_m": 109.3, "Y_side_m": 109.3, "split_t": 0.5}}, {"type": "Feature", "geometry": {"type": "Point", "coordinates": [2.4518812, 6.37846155]}, "properties": {"edge_length_m": 214.0, "X": "Lom-Nava", "Y": "Ayélawadjè", "X_side_m": 107.0, "Y_side_m": 107.0, "split_t": 0.5}}, {"type": "Feature", "geometry": {"type": "Point", "coordinates": [2.4491549, 6.3734836]}, "properties": {"edge_length_m": 65.4, "X": "Ayélawadjè", "Y": "Fifatin", "X_side_m": 32.7, "Y_side_m": 32.7, "split_t": 0.5}}, {"type": "Feature", "geometry": {"type": "Point", "coordinates": [2.4484547, 6.3731814]}, "properties": {"edge_length_m": 155.5, "X": "Fifatin", "Y": "Ayélawadjè", "X_side_m": 77.8, "Y_side_m": 77.8, "split_t": 0.5}}, {"type": "Feature", "geometry": {"type": "Point", "coordinates": [2.44846335, 6.372594299999999]}, "properties": {"edge_length_m": 155.0, "X": "Fifatin", "Y": "Ayélawadjè", "X_side_m": 77.5, "Y_side_m": 77.5, "split_t": 0.5}}, {"type": "Feature", "geometry": {"type": "Point", "coordinates": [2.4551131, 6.377825700000001]}, "properties": {"edge_length_m": 192.6, "X": "Lom-Nava", "Y": "Sènadé", "X_side_m": 96.3, "Y_side_m": 96.3, "split_t": 0.5}}, {"type": "Feature", "geometry": {"type": "Point", "coordinates": [2.3681016, 6.4987390000000005]}, "properties": {"edge_length_m": 134.9, "X": "Houèkè-Gbo", "Y": "Akassato", "X_side_m": 67.4, "Y_side_m": 67.4, "split_t": 0.5}}, {"type": "Feature", "geometry": {"type": "Point", "coordinates": [2.36534555, 6.4979133000000004]}, "properties": {"edge_length_m": 50.7, "X": "Akassato", "Y": "Houèkè-Gbo", "X_side_m": 25.3, "Y_side_m": 25.3, "split_t": 0.5}}, {"type": "Feature", "geometry": {"type": "Point", "coordinates": [2.36516385, 6.49808915]}, "properties": {"edge_length_m": 22.5, "X": "Akassato", "Y": "Houèkè-Gbo", "X_side_m": 11.3, "Y_side_m": 11.3, "split_t": 0.5}}, {"type": "Feature", "geometry": {"type": "Point", "coordinates": [2.3536290500000003, 6.51043865]}, "properties": {"edge_length_m": 134.4, "X": "Akassato", "Y": "Houèkè-Honou", "X_side_m": 67.2, "Y_side_m": 67.2, "split_t": 0.5}}, {"type": "Feature", "geometry": {"type": "Point", "coordinates": [2.35658585, 6.5108779000000006]}, "properties": {"edge_length_m": 60.1, "X": "Akassato", "Y": "Misséssinto", "X_side_m": 30.1, "Y_side_m": 30.1, "split_t": 0.5}}, {"type": "Feature", "geometry": {"type": "Point", "coordinates": [2.3573746, 6.51064755]}, "properties": {"edge_length_m": 71.6, "X": "Akassato", "Y": "Misséssinto", "X_side_m": 35.8, "Y_side_m": 35.8, "split_t": 0.5}}, {"type": "Feature", "geometry": {"type": "Point", "coordinates": [2.3622946999999996, 6.51091435]}, "properties": {"edge_length_m": 162.2, "X": "Misséssinto", "Y": "Akassato", "X_side_m": 81.1, "Y_side_m": 81.1, "split_t": 0.5}}, {"type": "Feature", "geometry": {"type": "Point", "coordinates": [2.3421959, 6.5208772]}, "properties": {"edge_length_m": 162.8, "X": "Zèkanmey-Domè", "Y": "Adjagbo", "X_side_m": 81.4, "Y_side_m": 81.4, "split_t": 0.5}}, {"type": "Feature", "geometry": {"type": "Point", "coordinates": [2.35475655, 6.50813285]}, "properties": {"edge_length_m": 84.6, "X": "Houèkè-Honou", "Y": "Akassato", "X_side_m": 42.3, "Y_side_m": 42.3, "split_t": 0.5}}, {"type": "Feature", "geometry": {"type": "Point", "coordinates": [2.35433905, 6.50870065]}, "properties": {"edge_length_m": 130.6, "X": "Houèkè-Honou", "Y": "Akassato", "X_side_m": 65.3, "Y_side_m": 65.3, "split_t": 0.5}}, {"type": "Feature", "geometry": {"type": "Point", "coordinates": [2.354601, 6.5110572]}, "properties": {"edge_length_m": 88.3, "X": "Akassato", "Y": "Misséssinto", "X_side_m": 44.1, "Y_side_m": 44.1, "split_t": 0.5}}, {"type": "Feature", "geometry": {"type": "Point", "coordinates": [2.35414395, 6.5119368]}, "properties": {"edge_length_m": 144.9, "X": "Akassato", "Y": "Misséssinto", "X_side_m": 72.4, "Y_side_m": 72.4, "split_t": 0.5}}, {"type": "Feature", "geometry": {"type": "Point", "coordinates": [2.31631415, 6.42938645]}, "properties": {"edge_length_m": 100.8, "X": "Tankpê-Yoho", "Y": "Tankpè-Tanmè", "X_side_m": 50.4, "Y_side_m": 50.4, "split_t": 0.5}}, {"type": "Feature", "geometry": {"type": "Point", "coordinates": [2.3123227, 6.4359874999999995]}, "properties": {"edge_length_m": 117.4, "X": "Tankpê-Yoho", "Y": "Houèto", "X_side_m": 58.7, "Y_side_m": 58.7, "split_t": 0.5}}, {"type": "Feature", "geometry": {"type": "Point", "coordinates": [2.2930319, 6.4148955]}, "properties": {"edge_length_m": 47.7, "X": "Womey-Yénawa", "Y": "Sodo\n", "X_side_m": 23.9, "Y_side_m": 23.9, "split_t": 0.5}}, {"type": "Feature", "geometry": {"type": "Point", "coordinates": [2.3561227000000002, 6.4687515]}, "properties": {"edge_length_m": 113.4, "X": "Zopah-Kokpo", "Y": "Agamandin", "X_side_m": 56.7, "Y_side_m": 56.7, "split_t": 0.5}}, {"type": "Feature", "geometry": {"type": "Point", "coordinates": [2.34121905, 6.40309735]}, "properties": {"edge_length_m": 21.4, "X": "Sèdomey", "Y": "Godomey-Togoudo", "X_side_m": 10.7, "Y_side_m": 10.7, "split_t": 0.5}}, {"type": "Feature", "geometry": {"type": "Point", "coordinates": [2.36528305, 6.393090600000001]}, "properties": {"edge_length_m": 57.7, "X": "Kindonou", "Y": "Mènontin", "X_side_m": 28.9, "Y_side_m": 28.9, "split_t": 0.5}}, {"type": "Feature", "geometry": {"type": "Point", "coordinates": [2.3852126499999997, 6.36290815]}, "properties": {"edge_length_m": 111.1, "X": "Aïbatin-Dodo", "Y": "Gbèdégbé", "X_side_m": 55.5, "Y_side_m": 55.5, "split_t": 0.5}}, {"type": "Feature", "geometry": {"type": "Point", "coordinates": [2.3854873000000003, 6.363357000000001]}, "properties": {"edge_length_m": 13.0, "X": "Gbèdégbé", "Y": "Aïbatin-Dodo", "X_side_m": 6.5, "Y_side_m": 6.5, "split_t": 0.5}}, {"type": "Feature", "geometry": {"type": "Point", "coordinates": [2.3845403000000003, 6.36284015]}, "properties": {"edge_length_m": 169.2, "X": "Aïbatin-Dodo", "Y": "Gbèdégbé", "X_side_m": 84.6, "Y_side_m": 84.6, "split_t": 0.5}}, {"type": "Feature", "geometry": {"type": "Point", "coordinates": [2.38426035, 6.363594]}, "properties": {"edge_length_m": 43.7, "X": "Gbèdégbé", "Y": "Aïbatin-Dodo", "X_side_m": 21.9, "Y_side_m": 21.9, "split_t": 0.5}}, {"type": "Feature", "geometry": {"type": "Point", "coordinates": [2.3648961, 6.3942982]}, "properties": {"edge_length_m": 56.7, "X": "Mènontin", "Y": "Kindonou", "X_side_m": 28.4, "Y_side_m": 28.4, "split_t": 0.5}}, {"type": "Feature", "geometry": {"type": "Point", "coordinates": [2.3734442, 6.3859408]}, "properties": {"edge_length_m": 59.4, "X": "Mènontin", "Y": "Kouhounou", "X_side_m": 29.7, "Y_side_m": 29.7, "split_t": 0.5}}, {"type": "Feature", "geometry": {"type": "Point", "coordinates": [2.37393505, 6.3859773]}, "properties": {"edge_length_m": 62.4, "X": "Mènontin", "Y": "Kouhounou", "X_side_m": 31.2, "Y_side_m": 31.2, "split_t": 0.5}}, {"type": "Feature", "geometry": {"type": "Point", "coordinates": [2.37414865, 6.386635849999999]}, "properties": {"edge_length_m": 212.0, "X": "Mènontin", "Y": "Kouhounou", "X_side_m": 106.0, "Y_side_m": 106.0, "split_t": 0.5}}, {"type": "Feature", "geometry": {"type": "Point", "coordinates": [2.4834332000000003, 6.3645638]}, "properties": {"edge_length_m": 70.1, "X": "Dandji-Hokanmè", "Y": "Finagnon", "X_side_m": 35.1, "Y_side_m": 35.1, "split_t": 0.5}}, {"type": "Feature", "geometry": {"type": "Point", "coordinates": [2.48425265, 6.364323150000001]}, "properties": {"edge_length_m": 175.2, "X": "Finagnon", "Y": "Dandji-Hokanmè", "X_side_m": 87.6, "Y_side_m": 87.6, "split_t": 0.5}}, {"type": "Feature", "geometry": {"type": "Point", "coordinates": [2.48426785, 6.36416505]}, "properties": {"edge_length_m": 175.1, "X": "Finagnon", "Y": "Dandji-Hokanmè", "X_side_m": 87.5, "Y_side_m": 87.5, "split_t": 0.5}}, {"type": "Feature", "geometry": {"type": "Point", "coordinates": [2.4843225, 6.3635979]}, "properties": {"edge_length_m": 174.7, "X": "Finagnon", "Y": "Dandji-Hokanmè", "X_side_m": 87.4, "Y_side_m": 87.4, "split_t": 0.5}}, {"type": "Feature", "geometry": {"type": "Point", "coordinates": [2.48437425, 6.3630609]}, "properties": {"edge_length_m": 174.4, "X": "Finagnon", "Y": "Dandji-Hokanmè", "X_side_m": 87.2, "Y_side_m": 87.2, "split_t": 0.5}}, {"type": "Feature", "geometry": {"type": "Point", "coordinates": [2.4844242, 6.3625427000000006]}, "properties": {"edge_length_m": 174.1, "X": "Finagnon", "Y": "Dandji-Hokanmè", "X_side_m": 87.0, "Y_side_m": 87.0, "split_t": 0.5}}, {"type": "Feature", "geometry": {"type": "Point", "coordinates": [2.4836723999999997, 6.3621503]}, "properties": {"edge_length_m": 70.2, "X": "Finagnon", "Y": "Dandji-Hokanmè", "X_side_m": 35.1, "Y_side_m": 35.1, "split_t": 0.5}}, {"type": "Feature", "geometry": {"type": "Point", "coordinates": [2.4639502, 6.36244875]}, "properties": {"edge_length_m": 46.9, "X": "Donaten", "Y": "Fifadji-Houto (Jak)", "X_side_m": 23.5, "Y_side_m": 23.5, "split_t": 0.5}}, {"type": "Feature", "geometry": {"type": "Point", "coordinates": [2.46408785, 6.3610833]}, "properties": {"edge_length_m": 71.6, "X": "Fifadji-Houto (Jak)", "Y": "Donaten", "X_side_m": 35.8, "Y_side_m": 35.8, "split_t": 0.5}}, {"type": "Feature", "geometry": {"type": "Point", "coordinates": [2.36721995, 6.37928315]}, "properties": {"edge_length_m": 180.0, "X": "Agla-Centre", "Y": "Agla-Les-Pylônes", "X_side_m": 90.0, "Y_side_m": 90.0, "split_t": 0.5}}, {"type": "Feature", "geometry": {"type": "Point", "coordinates": [2.36723585, 6.38009785]}, "properties": {"edge_length_m": 5.7, "X": "Agla-Les-Pylônes", "Y": "Agla-Centre", "X_side_m": 2.8, "Y_side_m": 2.8, "split_t": 0.5}}, {"type": "Feature", "geometry": {"type": "Point", "coordinates": [2.3732829, 6.384142799999999]}, "properties": {"edge_length_m": 33.1, "X": "Agla-Petit-Château", "Y": "Kouhounou", "X_side_m": 16.5, "Y_side_m": 16.5, "split_t": 0.5}}, {"type": "Feature", "geometry": {"type": "Point", "coordinates": [2.37403555, 6.38435915]}, "properties": {"edge_length_m": 60.6, "X": "Agla-Petit-Château", "Y": "Kouhounou", "X_side_m": 30.3, "Y_side_m": 30.3, "split_t": 0.5}}, {"type": "Feature", "geometry": {"type": "Point", "coordinates": [2.36675095, 6.3798101]}, "properties": {"edge_length_m": 65.8, "X": "Agla-Les-Pylônes", "Y": "Agla-Centre", "X_side_m": 32.9, "Y_side_m": 32.9, "split_t": 0.5}}, {"type": "Feature", "geometry": {"type": "Point", "coordinates": [2.3926132, 6.36984565]}, "properties": {"edge_length_m": 129.4, "X": "Houéyihô", "Y": "Ahogbohoué-Cité-Eucharistie", "X_side_m": 64.7, "Y_side_m": 64.7, "split_t": 0.5}}, {"type": "Feature", "geometry": {"type": "Point", "coordinates": [2.3929749, 6.3693029]}, "properties": {"edge_length_m": 49.7, "X": "Houéyihô", "Y": "Ahogbohoué-Cité-Eucharistie", "X_side_m": 24.9, "Y_side_m": 24.9, "split_t": 0.5}}, {"type": "Feature", "geometry": {"type": "Point", "coordinates": [2.3922256, 6.3703478]}, "properties": {"edge_length_m": 57.0, "X": "Ahogbohoué-Cité-Eucharistie", "Y": "Houéyihô", "X_side_m": 28.5, "Y_side_m": 28.5, "split_t": 0.5}}, {"type": "Feature", "geometry": {"type": "Point", "coordinates": [2.3907992, 6.3680934]}, "properties": {"edge_length_m": 61.3, "X": "Houénoussou", "Y": "Houéyihô", "X_side_m": 30.7, "Y_side_m": 30.7, "split_t": 0.5}}, {"type": "Feature", "geometry": {"type": "Point", "coordinates": [2.3742522, 6.35952785]}, "properties": {"edge_length_m": 31.4, "X": "Adjaha-Cité", "Y": "Fidjrossè-Centre", "X_side_m": 15.7, "Y_side_m": 15.7, "split_t": 0.5}}, {"type": "Feature", "geometry": {"type": "Point", "coordinates": [2.3919850499999997, 6.3678878]}, "properties": {"edge_length_m": 72.6, "X": "Houéyihô", "Y": "Houénoussou", "X_side_m": 36.3, "Y_side_m": 36.3, "split_t": 0.5}}, {"type": "Feature", "geometry": {"type": "Point", "coordinates": [2.39220505, 6.3674836]}, "properties": {"edge_length_m": 39.0, "X": "Houénoussou", "Y": "Houéyihô", "X_side_m": 19.5, "Y_side_m": 19.5, "split_t": 0.5}}, {"type": "Feature", "geometry": {"type": "Point", "coordinates": [2.3792283000000003, 6.35719605]}, "properties": {"edge_length_m": 54.4, "X": "Aïbatin-Dodo", "Y": "Fidjrossè-Centre", "X_side_m": 27.2, "Y_side_m": 27.2, "split_t": 0.5}}, {"type": "Feature", "geometry": {"type": "Point", "coordinates": [2.3793279, 6.3567262]}, "properties": {"edge_length_m": 86.6, "X": "Aïbatin-Dodo", "Y": "Fidjrossè-Centre", "X_side_m": 43.3, "Y_side_m": 43.3, "split_t": 0.5}}, {"type": "Feature", "geometry": {"type": "Point", "coordinates": [2.37908675, 6.3575266500000005]}, "properties": {"edge_length_m": 54.5, "X": "Fidjrossè-Centre", "Y": "Aïbatin-Dodo", "X_side_m": 27.3, "Y_side_m": 27.3, "split_t": 0.5}}, {"type": "Feature", "geometry": {"type": "Point", "coordinates": [2.3559105000000002, 6.5070788]}, "properties": {"edge_length_m": 67.9, "X": "Akassato", "Y": "Houèkè-Honou", "X_side_m": 33.9, "Y_side_m": 33.9, "split_t": 0.5}}, {"type": "Feature", "geometry": {"type": "Point", "coordinates": [2.3551976999999997, 6.50711765]}, "properties": {"edge_length_m": 229.6, "X": "Houèkè-Honou", "Y": "Akassato", "X_side_m": 114.8, "Y_side_m": 114.8, "split_t": 0.5}}, {"type": "Feature", "geometry": {"type": "Point", "coordinates": [2.3570346, 6.5047201999999995]}, "properties": {"edge_length_m": 74.1, "X": "Akassato", "Y": "Houèkè-Honou", "X_side_m": 37.0, "Y_side_m": 37.0, "split_t": 0.5}}, {"type": "Feature", "geometry": {"type": "Point", "coordinates": [2.3574012, 6.5041116500000005]}, "properties": {"edge_length_m": 139.1, "X": "Akassato", "Y": "Houèkè-Honou", "X_side_m": 69.6, "Y_side_m": 69.6, "split_t": 0.5}}, {"type": "Feature", "geometry": {"type": "Point", "coordinates": [2.4551498499999997, 6.37704445]}, "properties": {"edge_length_m": 185.3, "X": "Lom-Nava", "Y": "Sènadé", "X_side_m": 92.7, "Y_side_m": 92.7, "split_t": 0.5}}, {"type": "Feature", "geometry": {"type": "Point", "coordinates": [2.45516765, 6.376357949999999]}, "properties": {"edge_length_m": 181.2, "X": "Lom-Nava", "Y": "Sènadé", "X_side_m": 90.6, "Y_side_m": 90.6, "split_t": 0.5}}, {"type": "Feature", "geometry": {"type": "Point", "coordinates": [2.4559858500000002, 6.3760207]}, "properties": {"edge_length_m": 71.5, "X": "Sènadé", "Y": "Sènadé-Sèkon", "X_side_m": 35.7, "Y_side_m": 35.7, "split_t": 0.5}}, {"type": "Feature", "geometry": {"type": "Point", "coordinates": [2.4572006999999996, 6.376038149999999]}, "properties": {"edge_length_m": 71.6, "X": "Sènadé", "Y": "Sènadé-Sèkon", "X_side_m": 35.8, "Y_side_m": 35.8, "split_t": 0.5}}, {"type": "Feature", "geometry": {"type": "Point", "coordinates": [2.45797015, 6.3763543]}, "properties": {"edge_length_m": 170.3, "X": "Sènadé", "Y": "Sènadé-Sèkon", "X_side_m": 85.2, "Y_side_m": 85.2, "split_t": 0.5}}, {"type": "Feature", "geometry": {"type": "Point", "coordinates": [2.45598515, 6.3755207]}, "properties": {"edge_length_m": 39.1, "X": "Sènadé-Sèkon", "Y": "Irédé", "X_side_m": 19.5, "Y_side_m": 19.5, "split_t": 0.5}}, {"type": "Feature", "geometry": {"type": "Point", "coordinates": [2.45487035, 6.375246450000001]}, "properties": {"edge_length_m": 247.5, "X": "Irédé", "Y": "Lom-Nava", "X_side_m": 123.8, "Y_side_m": 123.8, "split_t": 0.5}}, {"type": "Feature", "geometry": {"type": "Point", "coordinates": [2.4572567000000003, 6.37009935]}, "properties": {"edge_length_m": 70.7, "X": "Sodjatinmè-Est", "Y": "Irédé", "X_side_m": 35.4, "Y_side_m": 35.4, "split_t": 0.5}}, {"type": "Feature", "geometry": {"type": "Point", "coordinates": [2.4502746, 6.36578465]}, "properties": {"edge_length_m": 264.2, "X": "Sodjatinmè-Ouest", "Y": "Abokicodji-Centre", "X_side_m": 132.1, "Y_side_m": 132.1, "split_t": 0.5}}, {"type": "Feature", "geometry": {"type": "Point", "coordinates": [2.44996385, 6.3718372]}, "properties": {"edge_length_m": 113.8, "X": "Ayélawadjè", "Y": "Fifatin", "X_side_m": 56.9, "Y_side_m": 56.9, "split_t": 0.5}}, {"type": "Feature", "geometry": {"type": "Point", "coordinates": [2.3629499000000003, 6.38880055]}, "properties": {"edge_length_m": 19.5, "X": "Kindonou", "Y": "Mènontin", "X_side_m": 9.8, "Y_side_m": 9.8, "split_t": 0.5}}, {"type": "Feature", "geometry": {"type": "Point", "coordinates": [2.36425065, 6.389999749999999]}, "properties": {"edge_length_m": 101.7, "X": "Kindonou", "Y": "Mènontin", "X_side_m": 50.8, "Y_side_m": 50.8, "split_t": 0.5}}, {"type": "Feature", "geometry": {"type": "Point", "coordinates": [2.3638957, 6.3899191]}, "properties": {"edge_length_m": 89.2, "X": "Mènontin", "Y": "Kindonou", "X_side_m": 44.6, "Y_side_m": 44.6, "split_t": 0.5}}, {"type": "Feature", "geometry": {"type": "Point", "coordinates": [2.4641409999999997, 6.3710501]}, "properties": {"edge_length_m": 159.9, "X": "Yagbé", "Y": "Nvènamèdé", "X_side_m": 79.9, "Y_side_m": 79.9, "split_t": 0.5}}, {"type": "Feature", "geometry": {"type": "Point", "coordinates": [2.29869285, 6.39521475]}, "properties": {"edge_length_m": 66.7, "X": "Cocotomey", "Y": "Sodo\n", "X_side_m": 33.3, "Y_side_m": 33.3, "split_t": 0.5}}, {"type": "Feature", "geometry": {"type": "Point", "coordinates": [2.2990364, 6.395334849999999]}, "properties": {"edge_length_m": 63.1, "X": "Cocotomey", "Y": "Sodo\n", "X_side_m": 31.6, "Y_side_m": 31.6, "split_t": 0.5}}, {"type": "Feature", "geometry": {"type": "Point", "coordinates": [2.3729936, 6.38590825]}, "properties": {"edge_length_m": 149.0, "X": "Kouhounou", "Y": "Mènontin", "X_side_m": 74.5, "Y_side_m": 74.5, "split_t": 0.5}}, {"type": "Feature", "geometry": {"type": "Point", "coordinates": [2.3730401, 6.3842959]}, "properties": {"edge_length_m": 27.5, "X": "Kouhounou", "Y": "Agla-Petit-Château", "X_side_m": 13.7, "Y_side_m": 13.7, "split_t": 0.5}}, {"type": "Feature", "geometry": {"type": "Point", "coordinates": [2.4551318, 6.3771582]}, "properties": {"edge_length_m": 186.9, "X": "Sènadé", "Y": "Lom-Nava", "X_side_m": 93.5, "Y_side_m": 93.5, "split_t": 0.5}}, {"type": "Feature", "geometry": {"type": "Point", "coordinates": [2.3632749, 6.37986495]}, "properties": {"edge_length_m": 67.3, "X": "Agla-Les-Pylônes", "Y": "Agla-Agongbomey", "X_side_m": 33.7, "Y_side_m": 33.7, "split_t": 0.5}}, {"type": "Feature", "geometry": {"type": "Point", "coordinates": [2.3051738999999998, 6.38877595]}, "properties": {"edge_length_m": 92.3, "X": "Tokpa\n", "Y": "Cocotomey", "X_side_m": 46.2, "Y_side_m": 46.2, "split_t": 0.5}}, {"type": "Feature", "geometry": {"type": "Point", "coordinates": [2.30422985, 6.3901549499999994]}, "properties": {"edge_length_m": 139.9, "X": "Tokpa\n", "Y": "Cocotomey", "X_side_m": 70.0, "Y_side_m": 70.0, "split_t": 0.5}}, {"type": "Feature", "geometry": {"type": "Point", "coordinates": [2.3042650499999997, 6.39117965]}, "properties": {"edge_length_m": 37.2, "X": "Tokpa\n", "Y": "Cocotomey", "X_side_m": 18.6, "Y_side_m": 18.6, "split_t": 0.5}}, {"type": "Feature", "geometry": {"type": "Point", "coordinates": [2.30446155, 6.39135675]}, "properties": {"edge_length_m": 52.9, "X": "Tokpa\n", "Y": "Cocotomey", "X_side_m": 26.5, "Y_side_m": 26.5, "split_t": 0.5}}, {"type": "Feature", "geometry": {"type": "Point", "coordinates": [2.30453485, 6.39244845]}, "properties": {"edge_length_m": 40.8, "X": "Cocotomey", "Y": "Tokpa\n", "X_side_m": 20.4, "Y_side_m": 20.4, "split_t": 0.5}}, {"type": "Feature", "geometry": {"type": "Point", "coordinates": [2.30243865, 6.3929043]}, "properties": {"edge_length_m": 75.4, "X": "Tokpa\n", "Y": "Cocotomey", "X_side_m": 37.7, "Y_side_m": 37.7, "split_t": 0.5}}, {"type": "Feature", "geometry": {"type": "Point", "coordinates": [2.3929361, 6.3688363500000005]}, "properties": {"edge_length_m": 16.0, "X": "Houéyihô", "Y": "Ahogbohoué-Cité-Eucharistie", "X_side_m": 8.0, "Y_side_m": 8.0, "split_t": 0.5}}, {"type": "Feature", "geometry": {"type": "Point", "coordinates": [2.4066153999999997, 6.3735698]}, "properties": {"edge_length_m": 81.4, "X": "Vodjè-Ayidoté", "Y": "Gbégamey-Gbagoudo", "X_side_m": 40.7, "Y_side_m": 40.7, "split_t": 0.5}}, {"type": "Feature", "geometry": {"type": "Point", "coordinates": [2.3751548500000004, 6.38833015]}, "properties": {"edge_length_m": 75.1, "X": "Zogbohouè", "Y": "Mènontin", "X_side_m": 37.5, "Y_side_m": 37.5, "split_t": 0.5}}, {"type": "Feature", "geometry": {"type": "Point", "coordinates": [2.3752675, 6.3882591]}, "properties": {"edge_length_m": 73.8, "X": "Mènontin", "Y": "Zogbohouè", "X_side_m": 36.9, "Y_side_m": 36.9, "split_t": 0.5}}, {"type": "Feature", "geometry": {"type": "Point", "coordinates": [2.3059188500000003, 6.38867805]}, "properties": {"edge_length_m": 134.1, "X": "Cocotomey", "Y": "Tokpa\n", "X_side_m": 67.1, "Y_side_m": 67.1, "split_t": 0.5}}, {"type": "Feature", "geometry": {"type": "Point", "coordinates": [2.3304648500000003, 6.3849529]}, "properties": {"edge_length_m": 322.5, "X": "Atrokpo-Codji", "Y": "Dénou\n", "X_side_m": 161.3, "Y_side_m": 161.3, "split_t": 0.5}}, {"type": "Feature", "geometry": {"type": "Point", "coordinates": [2.35992295, 6.60249685]}, "properties": {"edge_length_m": 16.5, "X": "Sokan", "Y": "Zinvié-Fandji", "X_side_m": 8.3, "Y_side_m": 8.3, "split_t": 0.5}}, {"type": "Feature", "geometry": {"type": "Point", "coordinates": [2.3595579, 6.60521275]}, "properties": {"edge_length_m": 46.4, "X": "Zinvié-Fandji", "Y": "Yèvié-Nougo", "X_side_m": 23.2, "Y_side_m": 23.2, "split_t": 0.5}}, {"type": "Feature", "geometry": {"type": "Point", "coordinates": [2.3576736499999997, 6.5218892]}, "properties": {"edge_length_m": 20.8, "X": "Misséssinto", "Y": "Adjagbo", "X_side_m": 10.4, "Y_side_m": 10.4, "split_t": 0.5}}, {"type": "Feature", "geometry": {"type": "Point", "coordinates": [2.47469355, 6.372127450000001]}, "properties": {"edge_length_m": 80.0, "X": "Dandji", "Y": "Tanto", "X_side_m": 40.0, "Y_side_m": 40.0, "split_t": 0.5}}, {"type": "Feature", "geometry": {"type": "Point", "coordinates": [2.47561975, 6.3730294999999995]}, "properties": {"edge_length_m": 69.1, "X": "Dandji", "Y": "Avotrou-Houézèkomè", "X_side_m": 34.6, "Y_side_m": 34.6, "split_t": 0.5}}, {"type": "Feature", "geometry": {"type": "Point", "coordinates": [2.4759275, 6.3732083500000005]}, "properties": {"edge_length_m": 35.9, "X": "Dandji", "Y": "Avotrou-Houézèkomè", "X_side_m": 17.9, "Y_side_m": 17.9, "split_t": 0.5}}, {"type": "Feature", "geometry": {"type": "Point", "coordinates": [2.47514795, 6.376270699999999]}, "properties": {"edge_length_m": 196.0, "X": "Avotrou-Houézèkomè", "Y": "Avotrou-Gbègo", "X_side_m": 98.0, "Y_side_m": 98.0, "split_t": 0.5}}, {"type": "Feature", "geometry": {"type": "Point", "coordinates": [2.48379205, 6.37177455]}, "properties": {"edge_length_m": 35.0, "X": "Dandji-Hokanmè", "Y": "Dandji", "X_side_m": 17.5, "Y_side_m": 17.5, "split_t": 0.5}}, {"type": "Feature", "geometry": {"type": "Point", "coordinates": [2.4840631999999996, 6.3719608]}, "properties": {"edge_length_m": 63.7, "X": "Dandji", "Y": "Dandji-Hokanmè", "X_side_m": 31.8, "Y_side_m": 31.8, "split_t": 0.5}}, {"type": "Feature", "geometry": {"type": "Point", "coordinates": [2.4827500000000002, 6.37095865]}, "properties": {"edge_length_m": 65.2, "X": "Dandji-Hokanmè", "Y": "Dandji", "X_side_m": 32.6, "Y_side_m": 32.6, "split_t": 0.5}}, {"type": "Feature", "geometry": {"type": "Point", "coordinates": [2.4830044, 6.371281]}, "properties": {"edge_length_m": 61.9, "X": "Dandji", "Y": "Dandji-Hokanmè", "X_side_m": 31.0, "Y_side_m": 31.0, "split_t": 0.5}}, {"type": "Feature", "geometry": {"type": "Point", "coordinates": [2.4720961, 6.374515049999999]}, "properties": {"edge_length_m": 83.1, "X": "Avotrou-Gbègo", "Y": "Yagbé", "X_side_m": 41.5, "Y_side_m": 41.5, "split_t": 0.5}}, {"type": "Feature", "geometry": {"type": "Point", "coordinates": [2.47235755, 6.3748933999999995]}, "properties": {"edge_length_m": 57.2, "X": "Avotrou-Gbègo", "Y": "Avotrou-Houézèkomè", "X_side_m": 28.6, "Y_side_m": 28.6, "split_t": 0.5}}, {"type": "Feature", "geometry": {"type": "Point", "coordinates": [2.47265, 6.37589905]}, "properties": {"edge_length_m": 221.9, "X": "Avotrou-Houézèkomè", "Y": "Avotrou-Gbègo", "X_side_m": 110.9, "Y_side_m": 110.9, "split_t": 0.5}}, {"type": "Feature", "geometry": {"type": "Point", "coordinates": [2.47323575, 6.375178099999999]}, "properties": {"edge_length_m": 64.9, "X": "Avotrou-Houézèkomè", "Y": "Avotrou-Gbègo", "X_side_m": 32.5, "Y_side_m": 32.5, "split_t": 0.5}}, {"type": "Feature", "geometry": {"type": "Point", "coordinates": [2.47426445, 6.37604385]}, "properties": {"edge_length_m": 55.9, "X": "Avotrou-Houézèkomè", "Y": "Avotrou-Gbègo", "X_side_m": 27.9, "Y_side_m": 27.9, "split_t": 0.5}}, {"type": "Feature", "geometry": {"type": "Point", "coordinates": [2.46487365, 6.37110105]}, "properties": {"edge_length_m": 157.8, "X": "Yagbé", "Y": "Nvènamèdé", "X_side_m": 78.9, "Y_side_m": 78.9, "split_t": 0.5}}, {"type": "Feature", "geometry": {"type": "Point", "coordinates": [2.47428035, 6.37828535]}, "properties": {"edge_length_m": 152.5, "X": "Avotrou-Houézèkomè", "Y": "Avotrou-Gbègo", "X_side_m": 76.2, "Y_side_m": 76.2, "split_t": 0.5}}, {"type": "Feature", "geometry": {"type": "Point", "coordinates": [2.47453085, 6.377591949999999]}, "properties": {"edge_length_m": 57.2, "X": "Avotrou-Gbègo", "Y": "Avotrou-Houézèkomè", "X_side_m": 28.6, "Y_side_m": 28.6, "split_t": 0.5}}, {"type": "Feature", "geometry": {"type": "Point", "coordinates": [2.4738413, 6.3782888]}, "properties": {"edge_length_m": 152.2, "X": "Avotrou-Houézèkomè", "Y": "Avotrou-Gbègo", "X_side_m": 76.1, "Y_side_m": 76.1, "split_t": 0.5}}, {"type": "Feature", "geometry": {"type": "Point", "coordinates": [2.4645961, 6.3755992]}, "properties": {"edge_length_m": 104.3, "X": "Suru-Léré", "Y": "Yagbé", "X_side_m": 52.2, "Y_side_m": 52.2, "split_t": 0.5}}, {"type": "Feature", "geometry": {"type": "Point", "coordinates": [2.47816165, 6.377554]}, "properties": {"edge_length_m": 61.4, "X": "Avotrou-Houézèkomè", "Y": "Tchanhounkpamè", "X_side_m": 30.7, "Y_side_m": 30.7, "split_t": 0.5}}, {"type": "Feature", "geometry": {"type": "Point", "coordinates": [2.47206835, 6.3726669000000005]}, "properties": {"edge_length_m": 9.3, "X": "Tanto", "Y": "Yagbé", "X_side_m": 4.6, "Y_side_m": 4.6, "split_t": 0.5}}, {"type": "Feature", "geometry": {"type": "Point", "coordinates": [2.47188505, 6.37263]}, "properties": {"edge_length_m": 40.2, "X": "Tanto", "Y": "Yagbé", "X_side_m": 20.1, "Y_side_m": 20.1, "split_t": 0.5}}, {"type": "Feature", "geometry": {"type": "Point", "coordinates": [2.47130245, 6.37196895]}, "properties": {"edge_length_m": 142.8, "X": "Yagbé", "Y": "Tanto", "X_side_m": 71.4, "Y_side_m": 71.4, "split_t": 0.5}}, {"type": "Feature", "geometry": {"type": "Point", "coordinates": [2.4650685, 6.3759409]}, "properties": {"edge_length_m": 75.5, "X": "Yagbé", "Y": "Suru-Léré", "X_side_m": 37.7, "Y_side_m": 37.7, "split_t": 0.5}}, {"type": "Feature", "geometry": {"type": "Point", "coordinates": [2.46576895, 6.3755941499999995]}, "properties": {"edge_length_m": 13.1, "X": "Yagbé", "Y": "Suru-Léré", "X_side_m": 6.5, "Y_side_m": 6.5, "split_t": 0.5}}, {"type": "Feature", "geometry": {"type": "Point", "coordinates": [2.4657258, 6.3762811500000005]}, "properties": {"edge_length_m": 152.4, "X": "Yagbé", "Y": "Suru-Léré", "X_side_m": 76.2, "Y_side_m": 76.2, "split_t": 0.5}}, {"type": "Feature", "geometry": {"type": "Point", "coordinates": [2.4658289, 6.37490675]}, "properties": {"edge_length_m": 152.5, "X": "Suru-Léré", "Y": "Yagbé", "X_side_m": 76.2, "Y_side_m": 76.2, "split_t": 0.5}}, {"type": "Feature", "geometry": {"type": "Point", "coordinates": [2.4673229, 6.3755673999999996]}, "properties": {"edge_length_m": 176.6, "X": "Suru-Léré", "Y": "Avotrou-Gbègo", "X_side_m": 88.3, "Y_side_m": 88.3, "split_t": 0.5}}, {"type": "Feature", "geometry": {"type": "Point", "coordinates": [2.4665237500000003, 6.3752258]}, "properties": {"edge_length_m": 76.4, "X": "Suru-Léré", "Y": "Yagbé", "X_side_m": 38.2, "Y_side_m": 38.2, "split_t": 0.5}}, {"type": "Feature", "geometry": {"type": "Point", "coordinates": [2.4654241, 6.3706826]}, "properties": {"edge_length_m": 53.6, "X": "Yagbé", "Y": "Nvènamèdé", "X_side_m": 26.8, "Y_side_m": 26.8, "split_t": 0.5}}, {"type": "Feature", "geometry": {"type": "Point", "coordinates": [2.4705211, 6.37126445]}, "properties": {"edge_length_m": 176.2, "X": "Yagbé", "Y": "Tanto", "X_side_m": 88.1, "Y_side_m": 88.1, "split_t": 0.5}}, {"type": "Feature", "geometry": {"type": "Point", "coordinates": [2.4716051500000003, 6.3792596]}, "properties": {"edge_length_m": 71.2, "X": "Avotrou-Gbègo", "Y": "Avotrou-Aïmonlonfidé", "X_side_m": 35.6, "Y_side_m": 35.6, "split_t": 0.5}}, {"type": "Feature", "geometry": {"type": "Point", "coordinates": [2.47157945, 6.37449855]}, "properties": {"edge_length_m": 75.1, "X": "Yagbé", "Y": "Avotrou-Gbègo", "X_side_m": 37.6, "Y_side_m": 37.6, "split_t": 0.5}}, {"type": "Feature", "geometry": {"type": "Point", "coordinates": [2.47269895, 6.37795305]}, "properties": {"edge_length_m": 74.7, "X": "Avotrou-Aïmonlonfidé", "Y": "Avotrou-Gbègo", "X_side_m": 37.4, "Y_side_m": 37.4, "split_t": 0.5}}, {"type": "Feature", "geometry": {"type": "Point", "coordinates": [2.4745165499999997, 6.37688805]}, "properties": {"edge_length_m": 59.0, "X": "Avotrou-Gbègo", "Y": "Avotrou-Houézèkomè", "X_side_m": 29.5, "Y_side_m": 29.5, "split_t": 0.5}}, {"type": "Feature", "geometry": {"type": "Point", "coordinates": [2.4737816, 6.3754615]}, "properties": {"edge_length_m": 113.1, "X": "Avotrou-Houézèkomè", "Y": "Avotrou-Gbègo", "X_side_m": 56.5, "Y_side_m": 56.5, "split_t": 0.5}}, {"type": "Feature", "geometry": {"type": "Point", "coordinates": [2.4732831500000003, 6.3782937]}, "properties": {"edge_length_m": 151.7, "X": "Avotrou-Gbègo", "Y": "Avotrou-Aïmonlonfidé", "X_side_m": 75.8, "Y_side_m": 75.8, "split_t": 0.5}}, {"type": "Feature", "geometry": {"type": "Point", "coordinates": [2.47743455, 6.3769833]}, "properties": {"edge_length_m": 308.3, "X": "Avotrou-Houézèkomè", "Y": "Tchanhounkpamè", "X_side_m": 154.2, "Y_side_m": 154.2, "split_t": 0.5}}, {"type": "Feature", "geometry": {"type": "Point", "coordinates": [2.48410085, 6.37255955]}, "properties": {"edge_length_m": 43.0, "X": "Dandji-Hokanmè", "Y": "Dandji", "X_side_m": 21.5, "Y_side_m": 21.5, "split_t": 0.5}}, {"type": "Feature", "geometry": {"type": "Point", "coordinates": [2.4708184500000003, 6.3748519]}, "properties": {"edge_length_m": 168.3, "X": "Yagbé", "Y": "Avotrou-Gbègo", "X_side_m": 84.2, "Y_side_m": 84.2, "split_t": 0.5}}, {"type": "Feature", "geometry": {"type": "Point", "coordinates": [2.45940455, 6.3806662]}, "properties": {"edge_length_m": 70.0, "X": "Ahouassa", "Y": "Sènadé", "X_side_m": 35.0, "Y_side_m": 35.0, "split_t": 0.5}}, {"type": "Feature", "geometry": {"type": "Point", "coordinates": [2.4632348, 6.3839808]}, "properties": {"edge_length_m": 80.8, "X": "Ahouassa", "Y": "Kowégbo", "X_side_m": 40.4, "Y_side_m": 40.4, "split_t": 0.5}}, {"type": "Feature", "geometry": {"type": "Point", "coordinates": [2.4635663, 6.3837135499999995]}, "properties": {"edge_length_m": 56.8, "X": "Kowégbo", "Y": "Ahouassa", "X_side_m": 28.4, "Y_side_m": 28.4, "split_t": 0.5}}, {"type": "Feature", "geometry": {"type": "Point", "coordinates": [2.46323765, 6.38515455]}, "properties": {"edge_length_m": 81.4, "X": "Ahouassa", "Y": "Kowégbo", "X_side_m": 40.7, "Y_side_m": 40.7, "split_t": 0.5}}, {"type": "Feature", "geometry": {"type": "Point", "coordinates": [2.4628693999999998, 6.3854758]}, "properties": {"edge_length_m": 70.7, "X": "Ahouassa", "Y": "Djédjé-Layé", "X_side_m": 35.4, "Y_side_m": 35.4, "split_t": 0.5}}, {"type": "Feature", "geometry": {"type": "Point", "coordinates": [2.3643473999999998, 6.5109491]}, "properties": {"edge_length_m": 29.8, "X": "Akassato", "Y": "Misséssinto", "X_side_m": 14.9, "Y_side_m": 14.9, "split_t": 0.5}}, {"type": "Feature", "geometry": {"type": "Point", "coordinates": [2.36214045, 6.51169435]}, "properties": {"edge_length_m": 56.2, "X": "Misséssinto", "Y": "Akassato", "X_side_m": 28.1, "Y_side_m": 28.1, "split_t": 0.5}}, {"type": "Feature", "geometry": {"type": "Point", "coordinates": [2.3634682, 6.5119856]}, "properties": {"edge_length_m": 7.4, "X": "Misséssinto", "Y": "Akassato", "X_side_m": 3.7, "Y_side_m": 3.7, "split_t": 0.5}}, {"type": "Feature", "geometry": {"type": "Point", "coordinates": [2.3636058999999996, 6.5118585499999995]}, "properties": {"edge_length_m": 50.3, "X": "Akassato", "Y": "Misséssinto", "X_side_m": 25.2, "Y_side_m": 25.2, "split_t": 0.5}}, {"type": "Feature", "geometry": {"type": "Point", "coordinates": [2.3631287, 6.51194265]}, "properties": {"edge_length_m": 35.9, "X": "Akassato", "Y": "Misséssinto", "X_side_m": 18.0, "Y_side_m": 18.0, "split_t": 0.5}}, {"type": "Feature", "geometry": {"type": "Point", "coordinates": [2.34670195, 6.3928638499999995]}, "properties": {"edge_length_m": 11.0, "X": "Yolomahouto", "Y": "Nonhouénou\n", "X_side_m": 5.5, "Y_side_m": 5.5, "split_t": 0.5}}, {"type": "Feature", "geometry": {"type": "Point", "coordinates": [2.34331155, 6.3946799500000004]}, "properties": {"edge_length_m": 105.2, "X": "Godomey-Togoudo", "Y": "Salamey", "X_side_m": 52.6, "Y_side_m": 52.6, "split_t": 0.5}}, {"type": "Feature", "geometry": {"type": "Point", "coordinates": [2.42584305, 6.36705235]}, "properties": {"edge_length_m": 107.5, "X": "Gbènan", "Y": "Sèdjro-Saint-Michel", "X_side_m": 53.8, "Y_side_m": 53.8, "split_t": 0.5}}, {"type": "Feature", "geometry": {"type": "Point", "coordinates": [2.42557475, 6.36682105]}, "properties": {"edge_length_m": 69.1, "X": "Sèdjro-Saint-Michel", "Y": "Gbènan", "X_side_m": 34.5, "Y_side_m": 34.5, "split_t": 0.5}}, {"type": "Feature", "geometry": {"type": "Point", "coordinates": [2.4253752000000004, 6.36612315]}, "properties": {"edge_length_m": 102.8, "X": "Sèdjro-Saint-Michel", "Y": "Gbènan", "X_side_m": 51.4, "Y_side_m": 51.4, "split_t": 0.5}}, {"type": "Feature", "geometry": {"type": "Point", "coordinates": [2.3647740500000003, 6.39004345]}, "properties": {"edge_length_m": 82.1, "X": "Mènontin", "Y": "Kindonou", "X_side_m": 41.0, "Y_side_m": 41.0, "split_t": 0.5}}, {"type": "Feature", "geometry": {"type": "Point", "coordinates": [2.30553755, 6.38831485]}, "properties": {"edge_length_m": 54.0, "X": "Cocotomey", "Y": "Tokpa\n", "X_side_m": 27.0, "Y_side_m": 27.0, "split_t": 0.5}}, {"type": "Feature", "geometry": {"type": "Point", "coordinates": [2.30579775, 6.3879892]}, "properties": {"edge_length_m": 67.8, "X": "Cocotomey", "Y": "Tokpa\n", "X_side_m": 33.9, "Y_side_m": 33.9, "split_t": 0.5}}, {"type": "Feature", "geometry": {"type": "Point", "coordinates": [2.3060542, 6.387457449999999]}, "properties": {"edge_length_m": 99.4, "X": "Tokpa\n", "Y": "Cocotomey", "X_side_m": 49.7, "Y_side_m": 49.7, "split_t": 0.5}}, {"type": "Feature", "geometry": {"type": "Point", "coordinates": [2.3068109000000003, 6.38750735]}, "properties": {"edge_length_m": 101.8, "X": "Tokpa\n", "Y": "Cocotomey", "X_side_m": 50.9, "Y_side_m": 50.9, "split_t": 0.5}}, {"type": "Feature", "geometry": {"type": "Point", "coordinates": [2.3073376999999997, 6.38764965]}, "properties": {"edge_length_m": 48.8, "X": "Tokpa\n", "Y": "Cocotomey", "X_side_m": 24.4, "Y_side_m": 24.4, "split_t": 0.5}}, {"type": "Feature", "geometry": {"type": "Point", "coordinates": [2.30758715, 6.38742855]}, "properties": {"edge_length_m": 49.8, "X": "Cocotomey", "Y": "Tokpa\n", "X_side_m": 24.9, "Y_side_m": 24.9, "split_t": 0.5}}, {"type": "Feature", "geometry": {"type": "Point", "coordinates": [2.30756345, 6.38645145]}, "properties": {"edge_length_m": 39.1, "X": "Cocotomey", "Y": "Tokpa\n", "X_side_m": 19.6, "Y_side_m": 19.6, "split_t": 0.5}}, {"type": "Feature", "geometry": {"type": "Point", "coordinates": [2.30530195, 6.3885247]}, "properties": {"edge_length_m": 60.2, "X": "Tokpa\n", "Y": "Cocotomey", "X_side_m": 30.1, "Y_side_m": 30.1, "split_t": 0.5}}, {"type": "Feature", "geometry": {"type": "Point", "coordinates": [2.4569842, 6.37547515]}, "properties": {"edge_length_m": 48.5, "X": "Sènadé-Sèkon", "Y": "Irédé", "X_side_m": 24.2, "Y_side_m": 24.2, "split_t": 0.5}}, {"type": "Feature", "geometry": {"type": "Point", "coordinates": [2.46092155, 6.3902216]}, "properties": {"edge_length_m": 51.9, "X": "Gankpodo", "Y": "Djédjé-Layé", "X_side_m": 26.0, "Y_side_m": 26.0, "split_t": 0.5}}, {"type": "Feature", "geometry": {"type": "Point", "coordinates": [2.46069755, 6.3918543]}, "properties": {"edge_length_m": 351.3, "X": "Gankpodo", "Y": "Djédjé-Layé", "X_side_m": 175.6, "Y_side_m": 175.6, "split_t": 0.5}}, {"type": "Feature", "geometry": {"type": "Point", "coordinates": [2.4588031499999996, 6.39179355]}, "properties": {"edge_length_m": 259.8, "X": "Gankpodo", "Y": "Djédjé-Layé", "X_side_m": 129.9, "Y_side_m": 129.9, "split_t": 0.5}}, {"type": "Feature", "geometry": {"type": "Point", "coordinates": [2.45066405, 6.392102850000001]}, "properties": {"edge_length_m": 44.6, "X": "Agbodjèdo", "Y": "Minontchou", "X_side_m": 22.3, "Y_side_m": 22.3, "split_t": 0.5}}, {"type": "Feature", "geometry": {"type": "Point", "coordinates": [2.4592682000000003, 6.39197525]}, "properties": {"edge_length_m": 318.7, "X": "Gankpodo", "Y": "Djédjé-Layé", "X_side_m": 159.4, "Y_side_m": 159.4, "split_t": 0.5}}, {"type": "Feature", "geometry": {"type": "Point", "coordinates": [2.45843055, 6.3922501]}, "properties": {"edge_length_m": 344.6, "X": "Gankpodo", "Y": "Djédjé-Layé", "X_side_m": 172.3, "Y_side_m": 172.3, "split_t": 0.5}}, {"type": "Feature", "geometry": {"type": "Point", "coordinates": [2.45904935, 6.38909785]}, "properties": {"edge_length_m": 245.1, "X": "Gankpodo", "Y": "Djédjé-Layé", "X_side_m": 122.5, "Y_side_m": 122.5, "split_t": 0.5}}, {"type": "Feature", "geometry": {"type": "Point", "coordinates": [2.4601549499999997, 6.3893168]}, "properties": {"edge_length_m": 51.4, "X": "Djédjé-Layé", "Y": "Gankpodo", "X_side_m": 25.7, "Y_side_m": 25.7, "split_t": 0.5}}, {"type": "Feature", "geometry": {"type": "Point", "coordinates": [2.4612127, 6.389075699999999]}, "properties": {"edge_length_m": 233.6, "X": "Djédjé-Layé", "Y": "Yénawa", "X_side_m": 116.8, "Y_side_m": 116.8, "split_t": 0.5}}, {"type": "Feature", "geometry": {"type": "Point", "coordinates": [2.46023575, 6.3917176]}, "properties": {"edge_length_m": 301.4, "X": "Gankpodo", "Y": "Djédjé-Layé", "X_side_m": 150.7, "Y_side_m": 150.7, "split_t": 0.5}}, {"type": "Feature", "geometry": {"type": "Point", "coordinates": [2.4613070500000003, 6.3895459]}, "properties": {"edge_length_m": 212.9, "X": "Yénawa", "Y": "Gankpodo", "X_side_m": 106.4, "Y_side_m": 106.4, "split_t": 0.5}}, {"type": "Feature", "geometry": {"type": "Point", "coordinates": [2.4490471, 6.393582950000001]}, "properties": {"edge_length_m": 100.2, "X": "Agbodjèdo", "Y": "Minontchou", "X_side_m": 50.1, "Y_side_m": 50.1, "split_t": 0.5}}, {"type": "Feature", "geometry": {"type": "Point", "coordinates": [2.45975615, 6.3918243]}, "properties": {"edge_length_m": 305.5, "X": "Gankpodo", "Y": "Djédjé-Layé", "X_side_m": 152.8, "Y_side_m": 152.8, "split_t": 0.5}}, {"type": "Feature", "geometry": {"type": "Point", "coordinates": [2.4401206, 6.3784195]}, "properties": {"edge_length_m": 48.3, "X": "Kpankpan", "Y": "Midombo", "X_side_m": 24.2, "Y_side_m": 24.2, "split_t": 0.5}}, {"type": "Feature", "geometry": {"type": "Point", "coordinates": [2.44023675, 6.379101]}, "properties": {"edge_length_m": 150.4, "X": "Midombo", "Y": "Kpankpan", "X_side_m": 75.2, "Y_side_m": 75.2, "split_t": 0.5}}, {"type": "Feature", "geometry": {"type": "Point", "coordinates": [2.4407442, 6.3791098]}, "properties": {"edge_length_m": 148.9, "X": "Midombo", "Y": "Kpankpan", "X_side_m": 74.4, "Y_side_m": 74.4, "split_t": 0.5}}, {"type": "Feature", "geometry": {"type": "Point", "coordinates": [2.44063745, 6.3538267]}, "properties": {"edge_length_m": 15.9, "X": "Xwlacôdji-Kpodji", "Y": "Xwlacôdji-Plage", "X_side_m": 8.0, "Y_side_m": 8.0, "split_t": 0.5}}, {"type": "Feature", "geometry": {"type": "Point", "coordinates": [2.343992, 6.39528055]}, "properties": {"edge_length_m": 43.0, "X": "Godomey-Togoudo", "Y": "Nonhouénou\n", "X_side_m": 21.5, "Y_side_m": 21.5, "split_t": 0.5}}, {"type": "Feature", "geometry": {"type": "Point", "coordinates": [2.36303975, 6.3501423500000005]}, "properties": {"edge_length_m": 229.0, "X": "Fidjrossè-Kpota", "Y": "Fiyégnon-Jacquot", "X_side_m": 114.5, "Y_side_m": 114.5, "split_t": 0.5}}, {"type": "Feature", "geometry": {"type": "Point", "coordinates": [2.3559997, 6.352464749999999]}, "properties": {"edge_length_m": 62.5, "X": "Fidjrossè-Kpota", "Y": "Togbin-Fandji", "X_side_m": 31.3, "Y_side_m": 31.3, "split_t": 0.5}}, {"type": "Feature", "geometry": {"type": "Point", "coordinates": [2.349178, 6.39236265]}, "properties": {"edge_length_m": 240.9, "X": "Sèdjannako\n", "Y": "Nonhouénou\n", "X_side_m": 120.4, "Y_side_m": 120.4, "split_t": 0.5}}, {"type": "Feature", "geometry": {"type": "Point", "coordinates": [2.3530314, 6.389411750000001]}, "properties": {"edge_length_m": 42.4, "X": "Yolomahouto", "Y": "Plateau\n", "X_side_m": 21.2, "Y_side_m": 21.2, "split_t": 0.5}}, {"type": "Feature", "geometry": {"type": "Point", "coordinates": [2.4243375499999997, 6.35914325]}, "properties": {"edge_length_m": 474.0, "X": "Zongo-Nima", "Y": "Todoté", "X_side_m": 237.0, "Y_side_m": 237.0, "split_t": 0.5}}, {"type": "Feature", "geometry": {"type": "Point", "coordinates": [2.3515273, 6.4343495]}, "properties": {"edge_length_m": 77.4, "X": "Tokpa-Zoungo-Sud\n", "Y": "Agori", "X_side_m": 38.7, "Y_side_m": 38.7, "split_t": 0.5}}, {"type": "Feature", "geometry": {"type": "Point", "coordinates": [2.34276355, 6.5217940500000005]}, "properties": {"edge_length_m": 22.3, "X": "Zèkanmey-Domè", "Y": "Adjagbo", "X_side_m": 11.2, "Y_side_m": 11.2, "split_t": 0.5}}, {"type": "Feature", "geometry": {"type": "Point", "coordinates": [2.3599138, 6.3729817]}, "properties": {"edge_length_m": 50.1, "X": "Agla-Agongbomey", "Y": "Hlazounto", "X_side_m": 25.1, "Y_side_m": 25.1, "split_t": 0.5}}, {"type": "Feature", "geometry": {"type": "Point", "coordinates": [2.3589846999999997, 6.3732443]}, "properties": {"edge_length_m": 72.5, "X": "Agla-Agongbomey", "Y": "Hlazounto", "X_side_m": 36.3, "Y_side_m": 36.3, "split_t": 0.5}}, {"type": "Feature", "geometry": {"type": "Point", "coordinates": [2.3585419, 6.3731104]}, "properties": {"edge_length_m": 62.2, "X": "Agla-Agongbomey", "Y": "Hlazounto", "X_side_m": 31.1, "Y_side_m": 31.1, "split_t": 0.5}}, {"type": "Feature", "geometry": {"type": "Point", "coordinates": [2.35551235, 6.3551097]}, "properties": {"edge_length_m": 45.1, "X": "Togbin-Fandji", "Y": "Fidjrossè-Kpota", "X_side_m": 22.5, "Y_side_m": 22.5, "split_t": 0.5}}, {"type": "Feature", "geometry": {"type": "Point", "coordinates": [2.3572593, 6.355108899999999]}, "properties": {"edge_length_m": 30.7, "X": "Fidjrossè-Kpota", "Y": "Togbin-Fandji", "X_side_m": 15.3, "Y_side_m": 15.3, "split_t": 0.5}}, {"type": "Feature", "geometry": {"type": "Point", "coordinates": [2.33868175, 6.4304536500000005]}, "properties": {"edge_length_m": 52.1, "X": "Tchinangbégbo\n", "Y": "Zogbadjè", "X_side_m": 26.1, "Y_side_m": 26.1, "split_t": 0.5}}, {"type": "Feature", "geometry": {"type": "Point", "coordinates": [2.35495055, 6.354945]}, "properties": {"edge_length_m": 42.0, "X": "Fidjrossè-Kpota", "Y": "Togbin-Fandji", "X_side_m": 21.0, "Y_side_m": 21.0, "split_t": 0.5}}, {"type": "Feature", "geometry": {"type": "Point", "coordinates": [2.3546268, 6.35315205]}, "properties": {"edge_length_m": 25.9, "X": "Togbin-Fandji", "Y": "Fidjrossè-Kpota", "X_side_m": 13.0, "Y_side_m": 13.0, "split_t": 0.5}}, {"type": "Feature", "geometry": {"type": "Point", "coordinates": [2.3544456499999997, 6.3697799]}, "properties": {"edge_length_m": 137.3, "X": "Godomey-N'Gbèho", "Y": "Hlazounto", "X_side_m": 68.7, "Y_side_m": 68.7, "split_t": 0.5}}, {"type": "Feature", "geometry": {"type": "Point", "coordinates": [2.3545113, 6.36784355]}, "properties": {"edge_length_m": 50.8, "X": "Godomey-N'Gbèho", "Y": "Hlazounto", "X_side_m": 25.4, "Y_side_m": 25.4, "split_t": 0.5}}, {"type": "Feature", "geometry": {"type": "Point", "coordinates": [2.3546089500000003, 6.367233150000001]}, "properties": {"edge_length_m": 125.0, "X": "Hlazounto", "Y": "Godomey-N'Gbèho", "X_side_m": 62.5, "Y_side_m": 62.5, "split_t": 0.5}}, {"type": "Feature", "geometry": {"type": "Point", "coordinates": [2.35414335, 6.36851225]}, "properties": {"edge_length_m": 163.2, "X": "Godomey-N'Gbèho", "Y": "Hlazounto", "X_side_m": 81.6, "Y_side_m": 81.6, "split_t": 0.5}}, {"type": "Feature", "geometry": {"type": "Point", "coordinates": [2.3546880999999997, 6.368937750000001]}, "properties": {"edge_length_m": 63.7, "X": "Hlazounto", "Y": "Godomey-N'Gbèho", "X_side_m": 31.9, "Y_side_m": 31.9, "split_t": 0.5}}, {"type": "Feature", "geometry": {"type": "Point", "coordinates": [2.3550996, 6.369350900000001]}, "properties": {"edge_length_m": 169.8, "X": "Godomey-N'Gbèho", "Y": "Hlazounto", "X_side_m": 84.9, "Y_side_m": 84.9, "split_t": 0.5}}, {"type": "Feature", "geometry": {"type": "Point", "coordinates": [2.3635799000000004, 6.3508134]}, "properties": {"edge_length_m": 32.0, "X": "Fiyégnon-Jacquot", "Y": "Fidjrossè-Kpota", "X_side_m": 16.0, "Y_side_m": 16.0, "split_t": 0.5}}, {"type": "Feature", "geometry": {"type": "Point", "coordinates": [2.3955748999999997, 6.36049365]}, "properties": {"edge_length_m": 159.5, "X": "Cadjèhoun-Azalokogon", "Y": "Cadjèhoun-Agonga", "X_side_m": 79.8, "Y_side_m": 79.8, "split_t": 0.5}}, {"type": "Feature", "geometry": {"type": "Point", "coordinates": [2.3656795, 6.36058885]}, "properties": {"edge_length_m": 112.1, "X": "Fidjrossè-Kpota", "Y": "Adjaha-Cité", "X_side_m": 56.1, "Y_side_m": 56.1, "split_t": 0.5}}, {"type": "Feature", "geometry": {"type": "Point", "coordinates": [2.3651771000000004, 6.3609043]}, "properties": {"edge_length_m": 66.8, "X": "Fidjrossè-Kpota", "Y": "Adjaha-Cité", "X_side_m": 33.4, "Y_side_m": 33.4, "split_t": 0.5}}, {"type": "Feature", "geometry": {"type": "Point", "coordinates": [2.47122335, 6.36404545]}, "properties": {"edge_length_m": 84.0, "X": "Finagnon", "Y": "Donaten", "X_side_m": 42.0, "Y_side_m": 42.0, "split_t": 0.5}}, {"type": "Feature", "geometry": {"type": "Point", "coordinates": [2.4716242, 6.3638487]}, "properties": {"edge_length_m": 51.0, "X": "Finagnon", "Y": "Donaten", "X_side_m": 25.5, "Y_side_m": 25.5, "split_t": 0.5}}, {"type": "Feature", "geometry": {"type": "Point", "coordinates": [2.471527, 6.36210585]}, "properties": {"edge_length_m": 82.0, "X": "Donaten", "Y": "Finagnon", "X_side_m": 41.0, "Y_side_m": 41.0, "split_t": 0.5}}, {"type": "Feature", "geometry": {"type": "Point", "coordinates": [2.4720978000000002, 6.3636567]}, "properties": {"edge_length_m": 100.1, "X": "Finagnon", "Y": "Donaten", "X_side_m": 50.1, "Y_side_m": 50.1, "split_t": 0.5}}, {"type": "Feature", "geometry": {"type": "Point", "coordinates": [2.47219105, 6.3631092]}, "properties": {"edge_length_m": 91.9, "X": "Finagnon", "Y": "Donaten", "X_side_m": 46.0, "Y_side_m": 46.0, "split_t": 0.5}}, {"type": "Feature", "geometry": {"type": "Point", "coordinates": [2.47191715, 6.3624215500000005]}, "properties": {"edge_length_m": 41.7, "X": "Donaten", "Y": "Finagnon", "X_side_m": 20.8, "Y_side_m": 20.8, "split_t": 0.5}}, {"type": "Feature", "geometry": {"type": "Point", "coordinates": [2.47193395, 6.36278205]}, "properties": {"edge_length_m": 72.1, "X": "Finagnon", "Y": "Donaten", "X_side_m": 36.1, "Y_side_m": 36.1, "split_t": 0.5}}, {"type": "Feature", "geometry": {"type": "Point", "coordinates": [2.35504935, 6.35994745]}, "properties": {"edge_length_m": 183.0, "X": "Fidjrossè-Kpota", "Y": "Togbin-Fandji", "X_side_m": 91.5, "Y_side_m": 91.5, "split_t": 0.5}}, {"type": "Feature", "geometry": {"type": "Point", "coordinates": [2.3035949000000002, 6.3895987000000005]}, "properties": {"edge_length_m": 30.4, "X": "Tokpa\n", "Y": "Cocotomey", "X_side_m": 15.2, "Y_side_m": 15.2, "split_t": 0.5}}, {"type": "Feature", "geometry": {"type": "Point", "coordinates": [2.3030435999999996, 6.39284815]}, "properties": {"edge_length_m": 120.0, "X": "Tokpa\n", "Y": "Cocotomey", "X_side_m": 60.0, "Y_side_m": 60.0, "split_t": 0.5}}, {"type": "Feature", "geometry": {"type": "Point", "coordinates": [2.3034979499999997, 6.3930099]}, "properties": {"edge_length_m": 59.5, "X": "Tokpa\n", "Y": "Cocotomey", "X_side_m": 29.7, "Y_side_m": 29.7, "split_t": 0.5}}, {"type": "Feature", "geometry": {"type": "Point", "coordinates": [2.30373255, 6.39294795]}, "properties": {"edge_length_m": 51.0, "X": "Cocotomey", "Y": "Tokpa\n", "X_side_m": 25.5, "Y_side_m": 25.5, "split_t": 0.5}}, {"type": "Feature", "geometry": {"type": "Point", "coordinates": [2.30362545, 6.39060445]}, "properties": {"edge_length_m": 176.2, "X": "Cocotomey", "Y": "Tokpa\n", "X_side_m": 88.1, "Y_side_m": 88.1, "split_t": 0.5}}, {"type": "Feature", "geometry": {"type": "Point", "coordinates": [2.304109, 6.39291595]}, "properties": {"edge_length_m": 61.1, "X": "Tokpa\n", "Y": "Cocotomey", "X_side_m": 30.6, "Y_side_m": 30.6, "split_t": 0.5}}, {"type": "Feature", "geometry": {"type": "Point", "coordinates": [2.30273155, 6.3908625]}, "properties": {"edge_length_m": 83.6, "X": "Cocotomey", "Y": "Tokpa\n", "X_side_m": 41.8, "Y_side_m": 41.8, "split_t": 0.5}}, {"type": "Feature", "geometry": {"type": "Point", "coordinates": [2.30337325, 6.3892178]}, "properties": {"edge_length_m": 43.2, "X": "Cocotomey", "Y": "Tokpa\n", "X_side_m": 21.6, "Y_side_m": 21.6, "split_t": 0.5}}, {"type": "Feature", "geometry": {"type": "Point", "coordinates": [2.302719, 6.38951625]}, "properties": {"edge_length_m": 45.2, "X": "Tokpa\n", "Y": "Cocotomey", "X_side_m": 22.6, "Y_side_m": 22.6, "split_t": 0.5}}, {"type": "Feature", "geometry": {"type": "Point", "coordinates": [2.30234015, 6.3899112]}, "properties": {"edge_length_m": 27.1, "X": "Cocotomey", "Y": "Tokpa\n", "X_side_m": 13.6, "Y_side_m": 13.6, "split_t": 0.5}}, {"type": "Feature", "geometry": {"type": "Point", "coordinates": [2.3023291, 6.38948415]}, "properties": {"edge_length_m": 89.1, "X": "Tokpa\n", "Y": "Cocotomey", "X_side_m": 44.6, "Y_side_m": 44.6, "split_t": 0.5}}, {"type": "Feature", "geometry": {"type": "Point", "coordinates": [2.4610581, 6.3803287]}, "properties": {"edge_length_m": 115.8, "X": "Suru-Léré", "Y": "Sènadé", "X_side_m": 57.9, "Y_side_m": 57.9, "split_t": 0.5}}, {"type": "Feature", "geometry": {"type": "Point", "coordinates": [2.3029935, 6.390579000000001]}, "properties": {"edge_length_m": 31.9, "X": "Cocotomey", "Y": "Tokpa\n", "X_side_m": 15.9, "Y_side_m": 15.9, "split_t": 0.5}}, {"type": "Feature", "geometry": {"type": "Point", "coordinates": [2.4658529, 6.37771435]}, "properties": {"edge_length_m": 139.9, "X": "Suru-Léré", "Y": "Avotrou-Gbègo", "X_side_m": 69.9, "Y_side_m": 69.9, "split_t": 0.5}}, {"type": "Feature", "geometry": {"type": "Point", "coordinates": [2.46385055, 6.3822905]}, "properties": {"edge_length_m": 72.5, "X": "Kowégbo", "Y": "Ahouassa", "X_side_m": 36.2, "Y_side_m": 36.2, "split_t": 0.5}}, {"type": "Feature", "geometry": {"type": "Point", "coordinates": [2.46495465, 6.381539]}, "properties": {"edge_length_m": 173.2, "X": "Suru-Léré", "Y": "Kowégbo", "X_side_m": 86.6, "Y_side_m": 86.6, "split_t": 0.5}}, {"type": "Feature", "geometry": {"type": "Point", "coordinates": [2.30488675, 6.389419999999999]}, "properties": {"edge_length_m": 44.3, "X": "Cocotomey", "Y": "Tokpa\n", "X_side_m": 22.2, "Y_side_m": 22.2, "split_t": 0.5}}, {"type": "Feature", "geometry": {"type": "Point", "coordinates": [2.3046748, 6.3896412]}, "properties": {"edge_length_m": 43.0, "X": "Cocotomey", "Y": "Tokpa\n", "X_side_m": 21.5, "Y_side_m": 21.5, "split_t": 0.5}}, {"type": "Feature", "geometry": {"type": "Point", "coordinates": [2.29255645, 6.41460695]}, "properties": {"edge_length_m": 38.7, "X": "Womey-Yénawa", "Y": "Sodo\n", "X_side_m": 19.3, "Y_side_m": 19.3, "split_t": 0.5}}, {"type": "Feature", "geometry": {"type": "Point", "coordinates": [2.3103967, 6.436418099999999]}, "properties": {"edge_length_m": 42.0, "X": "Tankpê-Yoho", "Y": "Houèto", "X_side_m": 21.0, "Y_side_m": 21.0, "split_t": 0.5}}, {"type": "Feature", "geometry": {"type": "Point", "coordinates": [2.3104651, 6.435978499999999]}, "properties": {"edge_length_m": 98.2, "X": "Houèto", "Y": "Tankpê-Yoho", "X_side_m": 49.1, "Y_side_m": 49.1, "split_t": 0.5}}, {"type": "Feature", "geometry": {"type": "Point", "coordinates": [2.3109119, 6.435888200000001]}, "properties": {"edge_length_m": 100.1, "X": "Houèto", "Y": "Tankpê-Yoho", "X_side_m": 50.1, "Y_side_m": 50.1, "split_t": 0.5}}, {"type": "Feature", "geometry": {"type": "Point", "coordinates": [2.3113554, 6.43575525]}, "properties": {"edge_length_m": 94.3, "X": "Houèto", "Y": "Tankpê-Yoho", "X_side_m": 47.2, "Y_side_m": 47.2, "split_t": 0.5}}, {"type": "Feature", "geometry": {"type": "Point", "coordinates": [2.4673492, 6.37768625]}, "properties": {"edge_length_m": 174.0, "X": "Avotrou-Gbègo", "Y": "Suru-Léré", "X_side_m": 87.0, "Y_side_m": 87.0, "split_t": 0.5}}, {"type": "Feature", "geometry": {"type": "Point", "coordinates": [2.4673427500000003, 6.377064949999999]}, "properties": {"edge_length_m": 174.5, "X": "Avotrou-Gbègo", "Y": "Suru-Léré", "X_side_m": 87.2, "Y_side_m": 87.2, "split_t": 0.5}}, {"type": "Feature", "geometry": {"type": "Point", "coordinates": [2.4673296999999996, 6.37694905]}, "properties": {"edge_length_m": 177.2, "X": "Avotrou-Gbègo", "Y": "Suru-Léré", "X_side_m": 88.6, "Y_side_m": 88.6, "split_t": 0.5}}, {"type": "Feature", "geometry": {"type": "Point", "coordinates": [2.4673277000000002, 6.3762430000000005]}, "properties": {"edge_length_m": 176.6, "X": "Avotrou-Gbègo", "Y": "Suru-Léré", "X_side_m": 88.3, "Y_side_m": 88.3, "split_t": 0.5}}, {"type": "Feature", "geometry": {"type": "Point", "coordinates": [2.46731955, 6.37488505]}, "properties": {"edge_length_m": 176.3, "X": "Avotrou-Gbègo", "Y": "Yagbé", "X_side_m": 88.2, "Y_side_m": 88.2, "split_t": 0.5}}, {"type": "Feature", "geometry": {"type": "Point", "coordinates": [2.4665537, 6.37801385]}, "properties": {"edge_length_m": 72.3, "X": "Suru-Léré", "Y": "Avotrou-Gbègo", "X_side_m": 36.1, "Y_side_m": 36.1, "split_t": 0.5}}, {"type": "Feature", "geometry": {"type": "Point", "coordinates": [2.4739919, 6.3770111499999995]}, "properties": {"edge_length_m": 175.3, "X": "Avotrou-Houézèkomè", "Y": "Avotrou-Gbègo", "X_side_m": 87.7, "Y_side_m": 87.7, "split_t": 0.5}}, {"type": "Feature", "geometry": {"type": "Point", "coordinates": [2.48412715, 6.37318825]}, "properties": {"edge_length_m": 114.0, "X": "Dandji", "Y": "Dandji-Hokanmè", "X_side_m": 57.0, "Y_side_m": 57.0, "split_t": 0.5}}, {"type": "Feature", "geometry": {"type": "Point", "coordinates": [2.4632432499999997, 6.384574799999999]}, "properties": {"edge_length_m": 79.2, "X": "Ahouassa", "Y": "Kowégbo", "X_side_m": 39.6, "Y_side_m": 39.6, "split_t": 0.5}}, {"type": "Feature", "geometry": {"type": "Point", "coordinates": [2.46385145, 6.3829037500000005]}, "properties": {"edge_length_m": 74.0, "X": "Kowégbo", "Y": "Ahouassa", "X_side_m": 37.0, "Y_side_m": 37.0, "split_t": 0.5}}, {"type": "Feature", "geometry": {"type": "Point", "coordinates": [2.4722029, 6.37931075]}, "properties": {"edge_length_m": 58.8, "X": "Avotrou-Gbègo", "Y": "Avotrou-Aïmonlonfidé", "X_side_m": 29.4, "Y_side_m": 29.4, "split_t": 0.5}}, {"type": "Feature", "geometry": {"type": "Point", "coordinates": [2.4784307, 6.3768492000000006]}, "properties": {"edge_length_m": 89.0, "X": "Avotrou-Houézèkomè", "Y": "Tchanhounkpamè", "X_side_m": 44.5, "Y_side_m": 44.5, "split_t": 0.5}}, {"type": "Feature", "geometry": {"type": "Point", "coordinates": [2.46574415, 6.3777164]}, "properties": {"edge_length_m": 140.1, "X": "Avotrou-Gbègo", "Y": "Suru-Léré", "X_side_m": 70.1, "Y_side_m": 70.1, "split_t": 0.5}}, {"type": "Feature", "geometry": {"type": "Point", "coordinates": [2.34398115, 6.39542485]}, "properties": {"edge_length_m": 48.5, "X": "Godomey-Togoudo", "Y": "Nonhouénou\n", "X_side_m": 24.3, "Y_side_m": 24.3, "split_t": 0.5}}, {"type": "Feature", "geometry": {"type": "Point", "coordinates": [2.34422685, 6.39537515]}, "properties": {"edge_length_m": 70.5, "X": "Nonhouénou\n", "Y": "Godomey-Togoudo", "X_side_m": 35.2, "Y_side_m": 35.2, "split_t": 0.5}}, {"type": "Feature", "geometry": {"type": "Point", "coordinates": [2.34342725, 6.3963003]}, "properties": {"edge_length_m": 45.1, "X": "Godomey-Togoudo", "Y": "Nonhouénou\n", "X_side_m": 22.6, "Y_side_m": 22.6, "split_t": 0.5}}, {"type": "Feature", "geometry": {"type": "Point", "coordinates": [2.4746652, 6.3727456]}, "properties": {"edge_length_m": 87.9, "X": "Tanto", "Y": "Dandji", "X_side_m": 43.9, "Y_side_m": 43.9, "split_t": 0.5}}, {"type": "Feature", "geometry": {"type": "Point", "coordinates": [2.4623446500000004, 6.3867685000000005]}, "properties": {"edge_length_m": 73.3, "X": "Yénawa", "Y": "Djédjé-Layé", "X_side_m": 36.6, "Y_side_m": 36.6, "split_t": 0.5}}, {"type": "Feature", "geometry": {"type": "Point", "coordinates": [2.46042835, 6.38545955]}, "properties": {"edge_length_m": 220.1, "X": "Ahouassa", "Y": "Djédjé-Layé", "X_side_m": 110.0, "Y_side_m": 110.0, "split_t": 0.5}}, {"type": "Feature", "geometry": {"type": "Point", "coordinates": [2.3172207, 6.45452935]}, "properties": {"edge_length_m": 26.0, "X": "Ahossougbéta", "Y": "Tokan", "X_side_m": 13.0, "Y_side_m": 13.0, "split_t": 0.5}}, {"type": "Feature", "geometry": {"type": "Point", "coordinates": [2.31803985, 6.45385305]}, "properties": {"edge_length_m": 219.5, "X": "Tokan", "Y": "Ahossougbéta", "X_side_m": 109.8, "Y_side_m": 109.8, "split_t": 0.5}}, {"type": "Feature", "geometry": {"type": "Point", "coordinates": [2.34641185, 6.4505435]}, "properties": {"edge_length_m": 72.0, "X": "Agori", "Y": "Aïtchédji\n", "X_side_m": 36.0, "Y_side_m": 36.0, "split_t": 0.5}}, {"type": "Feature", "geometry": {"type": "Point", "coordinates": [2.34548825, 6.449019249999999]}, "properties": {"edge_length_m": 55.4, "X": "Aïtchédji\n", "Y": "Agori", "X_side_m": 27.7, "Y_side_m": 27.7, "split_t": 0.5}}, {"type": "Feature", "geometry": {"type": "Point", "coordinates": [2.3458883999999998, 6.450142400000001]}, "properties": {"edge_length_m": 122.6, "X": "Aïtchédji\n", "Y": "Agori", "X_side_m": 61.3, "Y_side_m": 61.3, "split_t": 0.5}}, {"type": "Feature", "geometry": {"type": "Point", "coordinates": [2.35210915, 6.43387145]}, "properties": {"edge_length_m": 99.9, "X": "Tokpa-Zoungo-Sud\n", "Y": "Agori", "X_side_m": 49.9, "Y_side_m": 49.9, "split_t": 0.5}}, {"type": "Feature", "geometry": {"type": "Point", "coordinates": [2.304925, 6.3828457499999995]}, "properties": {"edge_length_m": 77.8, "X": "Logbozounkpa", "Y": "Cocotomey", "X_side_m": 38.9, "Y_side_m": 38.9, "split_t": 0.5}}, {"type": "Feature", "geometry": {"type": "Point", "coordinates": [2.3444058500000002, 6.5197219]}, "properties": {"edge_length_m": 31.4, "X": "Adjagbo", "Y": "Zèkanmey-Domè", "X_side_m": 15.7, "Y_side_m": 15.7, "split_t": 0.5}}, {"type": "Feature", "geometry": {"type": "Point", "coordinates": [2.3513898, 6.3886275]}, "properties": {"edge_length_m": 17.7, "X": "Yolomahouto", "Y": "Plateau\n", "X_side_m": 8.9, "Y_side_m": 8.9, "split_t": 0.5}}, {"type": "Feature", "geometry": {"type": "Point", "coordinates": [2.2748883500000003, 6.4553879]}, "properties": {"edge_length_m": 53.8, "X": "Ouèdo", "Y": "Dessato\n", "X_side_m": 26.9, "Y_side_m": 26.9, "split_t": 0.5}}, {"type": "Feature", "geometry": {"type": "Point", "coordinates": [2.35550025, 6.544323]}, "properties": {"edge_length_m": 34.4, "X": "Gbétagbo", "Y": "Agassa-Godomey", "X_side_m": 17.2, "Y_side_m": 17.2, "split_t": 0.5}}, {"type": "Feature", "geometry": {"type": "Point", "coordinates": [2.3564475500000004, 6.5425917]}, "properties": {"edge_length_m": 104.0, "X": "Agassa-Godomey", "Y": "Gbétagbo", "X_side_m": 52.0, "Y_side_m": 52.0, "split_t": 0.5}}, {"type": "Feature", "geometry": {"type": "Point", "coordinates": [2.35602335, 6.5434667]}, "properties": {"edge_length_m": 35.0, "X": "Agassa-Godomey", "Y": "Gbétagbo", "X_side_m": 17.5, "Y_side_m": 17.5, "split_t": 0.5}}, {"type": "Feature", "geometry": {"type": "Point", "coordinates": [2.35545805, 6.37202875]}, "properties": {"edge_length_m": 158.5, "X": "Hlazounto", "Y": "Godomey-N'Gbèho", "X_side_m": 79.2, "Y_side_m": 79.2, "split_t": 0.5}}, {"type": "Feature", "geometry": {"type": "Point", "coordinates": [2.35483145, 6.3717364]}, "properties": {"edge_length_m": 50.6, "X": "Godomey-N'Gbèho", "Y": "Hlazounto", "X_side_m": 25.3, "Y_side_m": 25.3, "split_t": 0.5}}, {"type": "Feature", "geometry": {"type": "Point", "coordinates": [2.3546744, 6.371213900000001]}, "properties": {"edge_length_m": 62.9, "X": "Godomey-N'Gbèho", "Y": "Hlazounto", "X_side_m": 31.5, "Y_side_m": 31.5, "split_t": 0.5}}, {"type": "Feature", "geometry": {"type": "Point", "coordinates": [2.4276741, 6.362853250000001]}, "properties": {"edge_length_m": 179.3, "X": "Gbéto", "Y": "Gbédokpo", "X_side_m": 89.6, "Y_side_m": 89.6, "split_t": 0.5}}, {"type": "Feature", "geometry": {"type": "Point", "coordinates": [2.29951905, 6.39560805]}, "properties": {"edge_length_m": 44.1, "X": "Sodo\n", "Y": "Cocotomey", "X_side_m": 22.0, "Y_side_m": 22.0, "split_t": 0.5}}, {"type": "Feature", "geometry": {"type": "Point", "coordinates": [2.2984144, 6.395194]}, "properties": {"edge_length_m": 38.6, "X": "Sodo\n", "Y": "Cocotomey", "X_side_m": 19.3, "Y_side_m": 19.3, "split_t": 0.5}}, {"type": "Feature", "geometry": {"type": "Point", "coordinates": [2.4504501999999997, 6.36366265]}, "properties": {"edge_length_m": 72.8, "X": "Akpakpa-Dodomè", "Y": "Énagnon", "X_side_m": 36.4, "Y_side_m": 36.4, "split_t": 0.5}}, {"type": "Feature", "geometry": {"type": "Point", "coordinates": [2.43265665, 6.3627444]}, "properties": {"edge_length_m": 111.2, "X": "Missèbô", "Y": "Missité", "X_side_m": 55.6, "Y_side_m": 55.6, "split_t": 0.5}}, {"type": "Feature", "geometry": {"type": "Point", "coordinates": [2.4346985500000002, 6.3600863499999996]}, "properties": {"edge_length_m": 123.5, "X": "Guinkômey", "Y": "Missèbô", "X_side_m": 61.7, "Y_side_m": 61.7, "split_t": 0.5}}, {"type": "Feature", "geometry": {"type": "Point", "coordinates": [2.43424785, 6.3606054499999995]}, "properties": {"edge_length_m": 116.1, "X": "Guinkômey", "Y": "Missèbô", "X_side_m": 58.0, "Y_side_m": 58.0, "split_t": 0.5}}, {"type": "Feature", "geometry": {"type": "Point", "coordinates": [2.4328894500000002, 6.3619192]}, "properties": {"edge_length_m": 193.0, "X": "Missité", "Y": "Missèbô", "X_side_m": 96.5, "Y_side_m": 96.5, "split_t": 0.5}}, {"type": "Feature", "geometry": {"type": "Point", "coordinates": [2.4319825, 6.3630253]}, "properties": {"edge_length_m": 189.2, "X": "Missité", "Y": "Missèbô", "X_side_m": 94.6, "Y_side_m": 94.6, "split_t": 0.5}}, {"type": "Feature", "geometry": {"type": "Point", "coordinates": [2.4317523, 6.36485305]}, "properties": {"edge_length_m": 74.7, "X": "Gbédokpo", "Y": "Missèbô", "X_side_m": 37.4, "Y_side_m": 37.4, "split_t": 0.5}}, {"type": "Feature", "geometry": {"type": "Point", "coordinates": [2.42285895, 6.376099549999999]}, "properties": {"edge_length_m": 66.3, "X": "Aïdjèdo-Ahito", "Y": "Jéricho-Nord", "X_side_m": 33.1, "Y_side_m": 33.1, "split_t": 0.5}}, {"type": "Feature", "geometry": {"type": "Point", "coordinates": [2.44197955, 6.3798682499999995]}, "properties": {"edge_length_m": 145.4, "X": "Midombo", "Y": "Kpankpan", "X_side_m": 72.7, "Y_side_m": 72.7, "split_t": 0.5}}, {"type": "Feature", "geometry": {"type": "Point", "coordinates": [2.3497415999999998, 6.39220465]}, "properties": {"edge_length_m": 117.8, "X": "Nonhouénou\n", "Y": "Yolomahouto", "X_side_m": 58.9, "Y_side_m": 58.9, "split_t": 0.5}}, {"type": "Feature", "geometry": {"type": "Point", "coordinates": [2.4420790500000003, 6.37020315]}, "properties": {"edge_length_m": 154.5, "X": "Dédokpo", "Y": "Misséssin", "X_side_m": 77.2, "Y_side_m": 77.2, "split_t": 0.5}}, {"type": "Feature", "geometry": {"type": "Point", "coordinates": [2.4497355499999998, 6.39349695]}, "properties": {"edge_length_m": 88.7, "X": "Agbodjèdo", "Y": "Minontchou", "X_side_m": 44.4, "Y_side_m": 44.4, "split_t": 0.5}}, {"type": "Feature", "geometry": {"type": "Point", "coordinates": [2.44078005, 6.377090900000001]}, "properties": {"edge_length_m": 63.3, "X": "Midombo", "Y": "Kpankpan", "X_side_m": 31.7, "Y_side_m": 31.7, "split_t": 0.5}}, {"type": "Feature", "geometry": {"type": "Point", "coordinates": [2.46121705, 6.388550349999999]}, "properties": {"edge_length_m": 233.6, "X": "Djédjé-Layé", "Y": "Yénawa", "X_side_m": 116.8, "Y_side_m": 116.8, "split_t": 0.5}}, {"type": "Feature", "geometry": {"type": "Point", "coordinates": [2.45980775, 6.38856485]}, "properties": {"edge_length_m": 78.2, "X": "Djédjé-Layé", "Y": "Gankpodo", "X_side_m": 39.1, "Y_side_m": 39.1, "split_t": 0.5}}, {"type": "Feature", "geometry": {"type": "Point", "coordinates": [2.4087453500000002, 6.3939614]}, "properties": {"edge_length_m": 200.4, "X": "Vossa-Kpodji", "Y": "Vossa", "X_side_m": 100.2, "Y_side_m": 100.2, "split_t": 0.5}}, {"type": "Feature", "geometry": {"type": "Point", "coordinates": [2.4083829999999997, 6.3930339499999995]}, "properties": {"edge_length_m": 28.8, "X": "Vossa", "Y": "Vossa-Kpodji", "X_side_m": 14.4, "Y_side_m": 14.4, "split_t": 0.5}}, {"type": "Feature", "geometry": {"type": "Point", "coordinates": [2.2628899000000002, 6.4128317500000005]}, "properties": {"edge_length_m": 28.8, "X": "Akossavié", "Y": "Adovié", "X_side_m": 14.4, "Y_side_m": 14.4, "split_t": 0.5}}, {"type": "Feature", "geometry": {"type": "Point", "coordinates": [2.3731363500000002, 6.3837926]}, "properties": {"edge_length_m": 97.1, "X": "Kouhounou", "Y": "Agla-Petit-Château", "X_side_m": 48.6, "Y_side_m": 48.6, "split_t": 0.5}}, {"type": "Feature", "geometry": {"type": "Point", "coordinates": [2.41147965, 6.3701112]}, "properties": {"edge_length_m": 68.3, "X": "Saint-Jean-Gbèdiga", "Y": "Gbégamey-Gbagoudo", "X_side_m": 34.1, "Y_side_m": 34.1, "split_t": 0.5}}, {"type": "Feature", "geometry": {"type": "Point", "coordinates": [2.4386500499999997, 6.3584637]}, "properties": {"edge_length_m": 186.7, "X": "Missèbô", "Y": "Guinkômey", "X_side_m": 93.4, "Y_side_m": 93.4, "split_t": 0.5}}, {"type": "Feature", "geometry": {"type": "Point", "coordinates": [2.36289545, 6.3517403]}, "properties": {"edge_length_m": 53.2, "X": "Fiyégnon-Jacquot", "Y": "Fidjrossè-Kpota", "X_side_m": 26.6, "Y_side_m": 26.6, "split_t": 0.5}}, {"type": "Feature", "geometry": {"type": "Point", "coordinates": [2.312834, 6.4370139]}, "properties": {"edge_length_m": 115.5, "X": "Houèto", "Y": "Tankpê-Yoho", "X_side_m": 57.7, "Y_side_m": 57.7, "split_t": 0.5}}, {"type": "Feature", "geometry": {"type": "Point", "coordinates": [2.3103787000000002, 6.43719295]}, "properties": {"edge_length_m": 42.4, "X": "Tankpê-Yoho", "Y": "Houèto", "X_side_m": 21.2, "Y_side_m": 21.2, "split_t": 0.5}}, {"type": "Feature", "geometry": {"type": "Point", "coordinates": [2.3103764, 6.436856000000001]}, "properties": {"edge_length_m": 65.5, "X": "Houèto", "Y": "Tankpê-Yoho", "X_side_m": 32.8, "Y_side_m": 32.8, "split_t": 0.5}}, {"type": "Feature", "geometry": {"type": "Point", "coordinates": [2.4281884, 6.3894061]}, "properties": {"edge_length_m": 28.1, "X": "Ahouansori-Towéta-Kpota", "Y": "Ladji", "X_side_m": 14.1, "Y_side_m": 14.1, "split_t": 0.5}}, {"type": "Feature", "geometry": {"type": "Point", "coordinates": [2.4281512, 6.389276649999999]}, "properties": {"edge_length_m": 10.8, "X": "Ahouansori-Towéta-Kpota", "Y": "Ahouansori-Towéta", "X_side_m": 5.4, "Y_side_m": 5.4, "split_t": 0.5}}, {"type": "Feature", "geometry": {"type": "Point", "coordinates": [2.4269653499999997, 6.3705993]}, "properties": {"edge_length_m": 11.3, "X": "Jéricho-Nord", "Y": "Sèdami", "X_side_m": 5.7, "Y_side_m": 5.7, "split_t": 0.5}}, {"type": "Feature", "geometry": {"type": "Point", "coordinates": [2.42721645, 6.3702818]}, "properties": {"edge_length_m": 9.4, "X": "Jéricho-Nord", "Y": "Sèdami", "X_side_m": 4.7, "Y_side_m": 4.7, "split_t": 0.5}}, {"type": "Feature", "geometry": {"type": "Point", "coordinates": [2.38173185, 6.3776003]}, "properties": {"edge_length_m": 19.7, "X": "Kouhounou", "Y": "Ahogbohoué-Cité-Eucharistie", "X_side_m": 9.9, "Y_side_m": 9.9, "split_t": 0.5}}, {"type": "Feature", "geometry": {"type": "Point", "coordinates": [2.3805086500000003, 6.3760256]}, "properties": {"edge_length_m": 63.3, "X": "Ahogbohoué-Cité-Eucharistie", "Y": "Kouhounou", "X_side_m": 31.6, "Y_side_m": 31.6, "split_t": 0.5}}, {"type": "Feature", "geometry": {"type": "Point", "coordinates": [2.3813157, 6.376771]}, "properties": {"edge_length_m": 98.0, "X": "Ahogbohoué-Cité-Eucharistie", "Y": "Kouhounou", "X_side_m": 49.0, "Y_side_m": 49.0, "split_t": 0.5}}, {"type": "Feature", "geometry": {"type": "Point", "coordinates": [2.3811468, 6.37634055]}, "properties": {"edge_length_m": 102.6, "X": "Ahogbohoué-Cité-Eucharistie", "Y": "Kouhounou", "X_side_m": 51.3, "Y_side_m": 51.3, "split_t": 0.5}}, {"type": "Feature", "geometry": {"type": "Point", "coordinates": [2.38138075, 6.377251]}, "properties": {"edge_length_m": 118.9, "X": "Ahogbohoué-Cité-Eucharistie", "Y": "Kouhounou", "X_side_m": 59.5, "Y_side_m": 59.5, "split_t": 0.5}}, {"type": "Feature", "geometry": {"type": "Point", "coordinates": [2.3901056, 6.37094075]}, "properties": {"edge_length_m": 50.8, "X": "Houéyihô", "Y": "Ahogbohoué-Cité-Eucharistie", "X_side_m": 25.4, "Y_side_m": 25.4, "split_t": 0.5}}, {"type": "Feature", "geometry": {"type": "Point", "coordinates": [2.3909342000000002, 6.37091895]}, "properties": {"edge_length_m": 187.3, "X": "Houéyihô", "Y": "Ahogbohoué-Cité-Eucharistie", "X_side_m": 93.6, "Y_side_m": 93.6, "split_t": 0.5}}, {"type": "Feature", "geometry": {"type": "Point", "coordinates": [2.3425415000000003, 6.52118675]}, "properties": {"edge_length_m": 23.0, "X": "Zèkanmey-Domè", "Y": "Adjagbo", "X_side_m": 11.5, "Y_side_m": 11.5, "split_t": 0.5}}, {"type": "Feature", "geometry": {"type": "Point", "coordinates": [2.3425623, 6.5205644]}, "properties": {"edge_length_m": 131.1, "X": "Zèkanmey-Domè", "Y": "Adjagbo", "X_side_m": 65.5, "Y_side_m": 65.5, "split_t": 0.5}}, {"type": "Feature", "geometry": {"type": "Point", "coordinates": [2.3167903, 6.42916415]}, "properties": {"edge_length_m": 52.1, "X": "Tankpê-Yoho", "Y": "Tankpè-Tanmè", "X_side_m": 26.0, "Y_side_m": 26.0, "split_t": 0.5}}, {"type": "Feature", "geometry": {"type": "Point", "coordinates": [2.3648204, 6.37984055]}, "properties": {"edge_length_m": 66.6, "X": "Agla-Centre", "Y": "Agla-Les-Pylônes", "X_side_m": 33.3, "Y_side_m": 33.3, "split_t": 0.5}}, {"type": "Feature", "geometry": {"type": "Point", "coordinates": [2.3599225500000003, 6.60580125]}, "properties": {"edge_length_m": 105.0, "X": "Zinvié-Fandji", "Y": "Yèvié-Nougo", "X_side_m": 52.5, "Y_side_m": 52.5, "split_t": 0.5}}, {"type": "Feature", "geometry": {"type": "Point", "coordinates": [2.3560240500000003, 6.54316865]}, "properties": {"edge_length_m": 28.4, "X": "Gbétagbo", "Y": "Agassa-Godomey", "X_side_m": 14.2, "Y_side_m": 14.2, "split_t": 0.5}}, {"type": "Feature", "geometry": {"type": "Point", "coordinates": [2.4408552500000003, 6.38268525]}, "properties": {"edge_length_m": 45.1, "X": "Sègbèya-Sud", "Y": "Adôgléta", "X_side_m": 22.6, "Y_side_m": 22.6, "split_t": 0.5}}, {"type": "Feature", "geometry": {"type": "Point", "coordinates": [2.38559695, 6.3895734]}, "properties": {"edge_length_m": 21.6, "X": "Zogbo", "Y": "Agounvocôdji", "X_side_m": 10.8, "Y_side_m": 10.8, "split_t": 0.5}}, {"type": "Feature", "geometry": {"type": "Point", "coordinates": [2.4260815, 6.365046400000001]}, "properties": {"edge_length_m": 150.4, "X": "Mifongou", "Y": "Sèdjro-Saint-Michel", "X_side_m": 75.2, "Y_side_m": 75.2, "split_t": 0.5}}, {"type": "Feature", "geometry": {"type": "Point", "coordinates": [2.42593995, 6.3670409]}, "properties": {"edge_length_m": 131.1, "X": "Sèdjro-Saint-Michel", "Y": "Gbènan", "X_side_m": 65.5, "Y_side_m": 65.5, "split_t": 0.5}}, {"type": "Feature", "geometry": {"type": "Point", "coordinates": [2.42647015, 6.367473950000001]}, "properties": {"edge_length_m": 85.0, "X": "Gbènan", "Y": "Sèdjro-Saint-Michel", "X_side_m": 42.5, "Y_side_m": 42.5, "split_t": 0.5}}, {"type": "Feature", "geometry": {"type": "Point", "coordinates": [2.3568407999999996, 6.60635485]}, "properties": {"edge_length_m": 26.0, "X": "Sokan", "Y": "Zinvié-Fandji", "X_side_m": 13.0, "Y_side_m": 13.0, "split_t": 0.5}}, {"type": "Feature", "geometry": {"type": "Point", "coordinates": [2.35248305, 6.54660585]}, "properties": {"edge_length_m": 19.7, "X": "Gbétagbo", "Y": "Agassa-Godomey", "X_side_m": 9.8, "Y_side_m": 9.8, "split_t": 0.5}}, {"type": "Feature", "geometry": {"type": "Point", "coordinates": [2.3762669, 6.3600563]}, "properties": {"edge_length_m": 52.1, "X": "Adjaha-Cité", "Y": "Aïbatin-Dodo", "X_side_m": 26.1, "Y_side_m": 26.1, "split_t": 0.5}}, {"type": "Feature", "geometry": {"type": "Point", "coordinates": [2.36692515, 6.4973758]}, "properties": {"edge_length_m": 17.9, "X": "Akassato", "Y": "Houèkè-Gbo", "X_side_m": 9.0, "Y_side_m": 9.0, "split_t": 0.5}}, {"type": "Feature", "geometry": {"type": "Point", "coordinates": [2.36585855, 6.497396650000001]}, "properties": {"edge_length_m": 12.2, "X": "Houèkè-Gbo", "Y": "Akassato", "X_side_m": 6.1, "Y_side_m": 6.1, "split_t": 0.5}}, {"type": "Feature", "geometry": {"type": "Point", "coordinates": [2.36510655, 6.49881845]}, "properties": {"edge_length_m": 42.2, "X": "Akassato", "Y": "Houèkè-Gbo", "X_side_m": 21.1, "Y_side_m": 21.1, "split_t": 0.5}}, {"type": "Feature", "geometry": {"type": "Point", "coordinates": [2.44227865, 6.37977175]}, "properties": {"edge_length_m": 208.3, "X": "Kpankpan", "Y": "Midombo", "X_side_m": 104.2, "Y_side_m": 104.2, "split_t": 0.5}}, {"type": "Feature", "geometry": {"type": "Point", "coordinates": [2.4269067, 6.35265995]}, "properties": {"edge_length_m": 39.3, "X": "Zongo-Nima", "Y": "Zongo-Ehuzu", "X_side_m": 19.6, "Y_side_m": 19.6, "split_t": 0.5}}, {"type": "Feature", "geometry": {"type": "Point", "coordinates": [2.42708005, 6.3527576]}, "properties": {"edge_length_m": 20.9, "X": "Zongo-Nima", "Y": "Zongo-Ehuzu", "X_side_m": 10.5, "Y_side_m": 10.5, "split_t": 0.5}}, {"type": "Feature", "geometry": {"type": "Point", "coordinates": [2.4277408, 6.353317649999999]}, "properties": {"edge_length_m": 9.3, "X": "Zongo-Nima", "Y": "Zongo-Ehuzu", "X_side_m": 4.6, "Y_side_m": 4.6, "split_t": 0.5}}, {"type": "Feature", "geometry": {"type": "Point", "coordinates": [2.27462455, 6.45497175]}, "properties": {"edge_length_m": 47.7, "X": "Ouèdo", "Y": "Dessato\n", "X_side_m": 23.9, "Y_side_m": 23.9, "split_t": 0.5}}, {"type": "Feature", "geometry": {"type": "Point", "coordinates": [2.2701908499999996, 6.456932]}, "properties": {"edge_length_m": 36.9, "X": "Ouèdo", "Y": "Dessato\n", "X_side_m": 18.5, "Y_side_m": 18.5, "split_t": 0.5}}, {"type": "Feature", "geometry": {"type": "Point", "coordinates": [2.27336255, 6.456908650000001]}, "properties": {"edge_length_m": 74.8, "X": "Ouèdo", "Y": "Dessato\n", "X_side_m": 37.4, "Y_side_m": 37.4, "split_t": 0.5}}, {"type": "Feature", "geometry": {"type": "Point", "coordinates": [2.4023760000000003, 6.37614495]}, "properties": {"edge_length_m": 73.7, "X": "Vodjè-Finagnon", "Y": "Agontinkon", "X_side_m": 36.9, "Y_side_m": 36.9, "split_t": 0.5}}, {"type": "Feature", "geometry": {"type": "Point", "coordinates": [2.3962774, 6.37188735]}, "properties": {"edge_length_m": 172.8, "X": "Houéyihô-Tannou", "Y": "Houéyihô", "X_side_m": 86.4, "Y_side_m": 86.4, "split_t": 0.5}}, {"type": "Feature", "geometry": {"type": "Point", "coordinates": [2.39186565, 6.3707041]}, "properties": {"edge_length_m": 96.6, "X": "Ahogbohoué-Cité-Eucharistie", "Y": "Houéyihô", "X_side_m": 48.3, "Y_side_m": 48.3, "split_t": 0.5}}, {"type": "Feature", "geometry": {"type": "Point", "coordinates": [2.3977336, 6.3697572000000005]}, "properties": {"edge_length_m": 204.7, "X": "Vodjè-Finagnon", "Y": "Houéyihô", "X_side_m": 102.4, "Y_side_m": 102.4, "split_t": 0.5}}, {"type": "Feature", "geometry": {"type": "Point", "coordinates": [2.39835675, 6.37046475]}, "properties": {"edge_length_m": 36.3, "X": "Vodjè-Finagnon", "Y": "Houéyihô", "X_side_m": 18.1, "Y_side_m": 18.1, "split_t": 0.5}}, {"type": "Feature", "geometry": {"type": "Point", "coordinates": [2.3169502, 6.4309382]}, "properties": {"edge_length_m": 48.2, "X": "Tankpè-Tanmè", "Y": "Tankpê-Yoho", "X_side_m": 24.1, "Y_side_m": 24.1, "split_t": 0.5}}, {"type": "Feature", "geometry": {"type": "Point", "coordinates": [2.3167412499999998, 6.4306491999999995]}, "properties": {"edge_length_m": 23.2, "X": "Tankpê-Yoho", "Y": "Tankpè-Tanmè", "X_side_m": 11.6, "Y_side_m": 11.6, "split_t": 0.5}}, {"type": "Feature", "geometry": {"type": "Point", "coordinates": [2.3176405, 6.430931]}, "properties": {"edge_length_m": 93.1, "X": "Tankpè-Tanmè", "Y": "Tankpê-Yoho", "X_side_m": 46.6, "Y_side_m": 46.6, "split_t": 0.5}}, {"type": "Feature", "geometry": {"type": "Point", "coordinates": [2.31296935, 6.43651465]}, "properties": {"edge_length_m": 40.3, "X": "Houèto", "Y": "Tankpê-Yoho", "X_side_m": 20.1, "Y_side_m": 20.1, "split_t": 0.5}}, {"type": "Feature", "geometry": {"type": "Point", "coordinates": [2.3129519, 6.43623345]}, "properties": {"edge_length_m": 68.4, "X": "Houèto", "Y": "Tankpê-Yoho", "X_side_m": 34.2, "Y_side_m": 34.2, "split_t": 0.5}}, {"type": "Feature", "geometry": {"type": "Point", "coordinates": [2.35448285, 6.37039035]}, "properties": {"edge_length_m": 75.9, "X": "Hlazounto", "Y": "Godomey-N'Gbèho", "X_side_m": 38.0, "Y_side_m": 38.0, "split_t": 0.5}}, {"type": "Feature", "geometry": {"type": "Point", "coordinates": [2.3633246, 6.3495741500000005]}, "properties": {"edge_length_m": 142.3, "X": "Fiyégnon-Jacquot", "Y": "Fidjrossè-Kpota", "X_side_m": 71.2, "Y_side_m": 71.2, "split_t": 0.5}}, {"type": "Feature", "geometry": {"type": "Point", "coordinates": [2.3070785, 6.3858349]}, "properties": {"edge_length_m": 42.5, "X": "Cocotomey", "Y": "Logbozounkpa", "X_side_m": 21.3, "Y_side_m": 21.3, "split_t": 0.5}}, {"type": "Feature", "geometry": {"type": "Point", "coordinates": [2.3757519499999997, 6.3599374]}, "properties": {"edge_length_m": 46.3, "X": "Fidjrossè-Centre", "Y": "Adjaha-Cité", "X_side_m": 23.2, "Y_side_m": 23.2, "split_t": 0.5}}, {"type": "Feature", "geometry": {"type": "Point", "coordinates": [2.44589295, 6.3893603]}, "properties": {"edge_length_m": 151.6, "X": "Sègbèya-Nord", "Y": "Agbodjèdo", "X_side_m": 75.8, "Y_side_m": 75.8, "split_t": 0.5}}, {"type": "Feature", "geometry": {"type": "Point", "coordinates": [2.4839674, 6.37334615]}, "properties": {"edge_length_m": 90.9, "X": "Dandji-Hokanmè", "Y": "Dandji", "X_side_m": 45.4, "Y_side_m": 45.4, "split_t": 0.5}}, {"type": "Feature", "geometry": {"type": "Point", "coordinates": [2.4756056500000003, 6.372969149999999]}, "properties": {"edge_length_m": 71.3, "X": "Dandji", "Y": "Yagbé", "X_side_m": 35.7, "Y_side_m": 35.7, "split_t": 0.5}}, {"type": "Feature", "geometry": {"type": "Point", "coordinates": [2.3508566, 6.39508695]}, "properties": {"edge_length_m": 74.9, "X": "Yolomahouto", "Y": "Nonhouénou\n", "X_side_m": 37.5, "Y_side_m": 37.5, "split_t": 0.5}}, {"type": "Feature", "geometry": {"type": "Point", "coordinates": [2.4756003, 6.372858900000001]}, "properties": {"edge_length_m": 71.5, "X": "Yagbé", "Y": "Dandji", "X_side_m": 35.8, "Y_side_m": 35.8, "split_t": 0.5}}, {"type": "Feature", "geometry": {"type": "Point", "coordinates": [2.48374165, 6.37322455]}, "properties": {"edge_length_m": 31.0, "X": "Dandji", "Y": "Dandji-Hokanmè", "X_side_m": 15.5, "Y_side_m": 15.5, "split_t": 0.5}}, {"type": "Feature", "geometry": {"type": "Point", "coordinates": [2.4072216, 6.3636763]}, "properties": {"edge_length_m": 109.6, "X": "Cadjèhoun-Détinsa", "Y": "Gbégamey-Mifongou", "X_side_m": 54.8, "Y_side_m": 54.8, "split_t": 0.5}}, {"type": "Feature", "geometry": {"type": "Point", "coordinates": [2.41573695, 6.3584062]}, "properties": {"edge_length_m": 255.6, "X": "Gbégamey-Mifongou", "Y": "Gbèdiga-Guêdêhounguè", "X_side_m": 127.8, "Y_side_m": 127.8, "split_t": 0.5}}, {"type": "Feature", "geometry": {"type": "Point", "coordinates": [2.31187495, 6.435666250000001]}, "properties": {"edge_length_m": 87.2, "X": "Houèto", "Y": "Tankpê-Yoho", "X_side_m": 43.6, "Y_side_m": 43.6, "split_t": 0.5}}, {"type": "Feature", "geometry": {"type": "Point", "coordinates": [2.3115631499999996, 6.4357102]}, "properties": {"edge_length_m": 62.1, "X": "Houèto", "Y": "Tankpê-Yoho", "X_side_m": 31.0, "Y_side_m": 31.0, "split_t": 0.5}}, {"type": "Feature", "geometry": {"type": "Point", "coordinates": [2.3630355, 6.5121418]}, "properties": {"edge_length_m": 26.7, "X": "Misséssinto", "Y": "Akassato", "X_side_m": 13.3, "Y_side_m": 13.3, "split_t": 0.5}}, {"type": "Feature", "geometry": {"type": "Point", "coordinates": [2.4067181, 6.37404495]}, "properties": {"edge_length_m": 68.2, "X": "Gbégamey-Gbagoudo", "Y": "Agontinkon", "X_side_m": 34.1, "Y_side_m": 34.1, "split_t": 0.5}}]}