{"type": "FeatureCollection", "features": [{"type": "Feature", "geometry": {"type": "Point", "coordinates": [2.4319125, 6.3772689]}, "properties": {"vertex_id": 4707, "attempted_target": "Hindé-Sud", "protected_chef_lieux": ["Hindé-Nord"], "n_voters": 1, "required": 3, "voters_sample": ["EPEM HINDE Cotonou"], "current_owner": "Hindé-Nord"}}, {"type": "Feature", "geometry": {"type": "Point", "coordinates": [2.4324937, 6.3777729]}, "properties": {"vertex_id": 5028, "attempted_target": "Hindé-Sud", "protected_chef_lieux": ["Hindé-Nord"], "n_voters": 1, "required": 3, "voters_sample": ["EPEM HINDE Cotonou"], "current_owner": "Hindé-Nord"}}, {"type": "Feature", "geometry": {"type": "Point", "coordinates": [2.4325664, 6.3778325]}, "properties": {"vertex_id": 5029, "attempted_target": "Hindé-Sud", "protected_chef_lieux": ["Hindé-Nord"], "n_voters": 1, "required": 3, "voters_sample": ["EPEM HINDE Cotonou"], "current_owner": "Hindé-Nord"}}, {"type": "Feature", "geometry": {"type": "Point", "coordinates": [2.4326479, 6.3779188]}, "properties": {"vertex_id": 5030, "attempted_target": "Hindé-Sud", "protected_chef_lieux": ["Hindé-Nord"], "n_voters": 1, "required": 3, "voters_sample": ["EPEM HINDE Cotonou"], "current_owner": "Hindé-Nord"}}, {"type": "Feature", "geometry": {"type": "Point", "coordinates": [2.4327351, 6.3779985]}, "properties": {"vertex_id": 5031, "attempted_target": "Hindé-Sud", "protected_chef_lieux": ["Hindé-Nord"], "n_voters": 1, "required": 3, "voters_sample": ["EPEM HINDE Cotonou"], "current_owner": "Hindé-Nord"}}, {"type": "Feature", "geometry": {"type": "Point", "coordinates": [2.4328615, 6.3781117]}, "properties": {"vertex_id": 5032, "attempted_target": "Hindé-Sud", "protected_chef_lieux": ["Hindé-Nord"], "n_voters": 1, "required": 3, "voters_sample": ["EPEM HINDE Cotonou"], "current_owner": "Hindé-Nord"}}, {"type": "Feature", "geometry": {"type": "Point", "coordinates": [2.4324343, 6.3777379]}, "properties": {"vertex_id": 5027, "attempted_target": "Hindé-Sud", "protected_chef_lieux": ["Hindé-Nord"], "n_voters": 1, "required": 3, "voters_sample": ["EPEM HINDE Cotonou"], "current_owner": "Hindé-Nord"}}, {"type": "Feature", "geometry": {"type": "Point", "coordinates": [2.4323609, 6.3767003]}, "properties": {"vertex_id": 5004, "attempted_target": "Hindé-Sud", "protected_chef_lieux": ["Hindé-Nord"], "n_voters": 1, "required": 3, "voters_sample": ["EPEM HINDE Cotonou"], "current_owner": "Hindé-Nord"}}, {"type": "Feature", "geometry": {"type": "Point", "coordinates": [2.3989283, 6.3558296]}, "properties": {"vertex_id": 44707, "attempted_target": "Cadjèhoun-Azalokogon", "protected_chef_lieux": ["Haie-Vive-Cocotiers"], "n_voters": 2, "required": 3, "voters_sample": ["La poste de Cadjèhoun", "Paroisse Bon Pasteur de Cadjèhoun (Cotonou)"], "current_owner": "Haie-Vive-Cocotiers"}}, {"type": "Feature", "geometry": {"type": "Point", "coordinates": [2.3982834, 6.35586]}, "properties": {"vertex_id": 6047, "attempted_target": "Cadjèhoun-Azalokogon", "protected_chef_lieux": ["Haie-Vive-Cocotiers"], "n_voters": 2, "required": 3, "voters_sample": ["La poste de Cadjèhoun", "Paroisse Bon Pasteur de Cadjèhoun (Cotonou)"], "current_owner": "Haie-Vive-Cocotiers"}}, {"type": "Feature", "geometry": {"type": "Point", "coordinates": [2.3968193, 6.3590726]}, "properties": {"vertex_id": 6069, "attempted_target": "Cadjèhoun-Azalokogon", "protected_chef_lieux": ["Cadjèhoun-Agonga"], "n_voters": 1, "required": 3, "voters_sample": ["Marché moderne Cadjehoun"], "current_owner": "Cadjèhoun-Agonga"}}, {"type": "Feature", "geometry": {"type": "Point", "coordinates": [2.3968255, 6.3592677]}, "properties": {"vertex_id": 6094, "attempted_target": "Cadjèhoun-Azalokogon", "protected_chef_lieux": ["Cadjèhoun-Agonga"], "n_voters": 1, "required": 3, "voters_sample": ["Marché moderne Cadjehoun"], "current_owner": "Cadjèhoun-Agonga"}}, {"type": "Feature", "geometry": {"type": "Point", "coordinates": [2.3958214, 6.3594545]}, "properties": {"vertex_id": 6111, "attempted_target": "Cadjèhoun-Azalokogon", "protected_chef_lieux": ["Cadjèhoun-Agonga"], "n_voters": 1, "required": 3, "voters_sample": ["Marché moderne Cadjehoun"], "current_owner": "Cadjèhoun-Agonga"}}, {"type": "Feature", "geometry": {"type": "Point", "coordinates": [2.4469824, 6.3627409]}, "properties": {"vertex_id": 1972, "attempted_target": "Akpakpa-Dodomè", "protected_chef_lieux": ["Ohé"], "n_voters": 1, "required": 3, "voters_sample": ["Église Catholique du Christ Roi d’Akpakpa Dodomè"], "current_owner": "Ohé"}}, {"type": "Feature", "geometry": {"type": "Point", "coordinates": [2.4468509, 6.3626138]}, "properties": {"vertex_id": 1973, "attempted_target": "Akpakpa-Dodomè", "protected_chef_lieux": ["Ohé"], "n_voters": 1, "required": 3, "voters_sample": ["Église Catholique du Christ Roi d’Akpakpa Dodomè"], "current_owner": "Ohé"}}, {"type": "Feature", "geometry": {"type": "Point", "coordinates": [2.4467204, 6.3625034]}, "properties": {"vertex_id": 1974, "attempted_target": "Akpakpa-Dodomè", "protected_chef_lieux": ["Ohé"], "n_voters": 1, "required": 3, "voters_sample": ["Église Catholique du Christ Roi d’Akpakpa Dodomè"], "current_owner": "Ohé"}}, {"type": "Feature", "geometry": {"type": "Point", "coordinates": [2.4466698, 6.3624578]}, "properties": {"vertex_id": 1975, "attempted_target": "Akpakpa-Dodomè", "protected_chef_lieux": ["Ohé"], "n_voters": 1, "required": 3, "voters_sample": ["Église Catholique du Christ Roi d’Akpakpa Dodomè"], "current_owner": "Ohé"}}, {"type": "Feature", "geometry": {"type": "Point", "coordinates": [2.4462773, 6.3622746]}, "properties": {"vertex_id": 6232, "attempted_target": "Akpakpa-Dodomè", "protected_chef_lieux": ["Ohé"], "n_voters": 1, "required": 3, "voters_sample": ["Église Catholique du Christ Roi d’Akpakpa Dodomè"], "current_owner": "Ohé"}}, {"type": "Feature", "geometry": {"type": "Point", "coordinates": [2.4463656, 6.3623538]}, "properties": {"vertex_id": 6233, "attempted_target": "Akpakpa-Dodomè", "protected_chef_lieux": ["Ohé"], "n_voters": 1, "required": 3, "voters_sample": ["Église Catholique du Christ Roi d’Akpakpa Dodomè"], "current_owner": "Ohé"}}, {"type": "Feature", "geometry": {"type": "Point", "coordinates": [2.4464382, 6.3624251]}, "properties": {"vertex_id": 6234, "attempted_target": "Akpakpa-Dodomè", "protected_chef_lieux": ["Ohé"], "n_voters": 1, "required": 3, "voters_sample": ["Église Catholique du Christ Roi d’Akpakpa Dodomè"], "current_owner": "Ohé"}}, {"type": "Feature", "geometry": {"type": "Point", "coordinates": [2.4465449, 6.36251]}, "properties": {"vertex_id": 6235, "attempted_target": "Akpakpa-Dodomè", "protected_chef_lieux": ["Ohé"], "n_voters": 1, "required": 3, "voters_sample": ["Église Catholique du Christ Roi d’Akpakpa Dodomè"], "current_owner": "Ohé"}}, {"type": "Feature", "geometry": {"type": "Point", "coordinates": [2.4465891, 6.3625589]}, "properties": {"vertex_id": 6236, "attempted_target": "Akpakpa-Dodomè", "protected_chef_lieux": ["Ohé"], "n_voters": 1, "required": 3, "voters_sample": ["Église Catholique du Christ Roi d’Akpakpa Dodomè"], "current_owner": "Ohé"}}, {"type": "Feature", "geometry": {"type": "Point", "coordinates": [2.4466047, 6.3625871]}, "properties": {"vertex_id": 6237, "attempted_target": "Akpakpa-Dodomè", "protected_chef_lieux": ["Ohé"], "n_voters": 1, "required": 3, "voters_sample": ["Église Catholique du Christ Roi d’Akpakpa Dodomè"], "current_owner": "Ohé"}}, {"type": "Feature", "geometry": {"type": "Point", "coordinates": [2.4466265, 6.362674]}, "properties": {"vertex_id": 6238, "attempted_target": "Akpakpa-Dodomè", "protected_chef_lieux": ["Ohé"], "n_voters": 1, "required": 3, "voters_sample": ["Église Catholique du Christ Roi d’Akpakpa Dodomè"], "current_owner": "Ohé"}}, {"type": "Feature", "geometry": {"type": "Point", "coordinates": [2.4466443, 6.3627332]}, "properties": {"vertex_id": 6239, "attempted_target": "Akpakpa-Dodomè", "protected_chef_lieux": ["Ohé"], "n_voters": 1, "required": 3, "voters_sample": ["Église Catholique du Christ Roi d’Akpakpa Dodomè"], "current_owner": "Ohé"}}, {"type": "Feature", "geometry": {"type": "Point", "coordinates": [2.4466576, 6.3628106]}, "properties": {"vertex_id": 1380, "attempted_target": "Akpakpa-Dodomè", "protected_chef_lieux": ["Ohé"], "n_voters": 1, "required": 3, "voters_sample": ["Église Catholique du Christ Roi d’Akpakpa Dodomè"], "current_owner": "Ohé"}}, {"type": "Feature", "geometry": {"type": "Point", "coordinates": [2.4467639, 6.3628664]}, "properties": {"vertex_id": 1381, "attempted_target": "Akpakpa-Dodomè", "protected_chef_lieux": ["Ohé"], "n_voters": 1, "required": 3, "voters_sample": ["Église Catholique du Christ Roi d’Akpakpa Dodomè"], "current_owner": "Ohé"}}, {"type": "Feature", "geometry": {"type": "Point", "coordinates": [2.4469358, 6.3627902]}, "properties": {"vertex_id": 110836, "attempted_target": "Akpakpa-Dodomè", "protected_chef_lieux": ["Ohé"], "n_voters": 1, "required": 3, "voters_sample": ["Église Catholique du Christ Roi d’Akpakpa Dodomè"], "current_owner": "Ohé"}}, {"type": "Feature", "geometry": {"type": "Point", "coordinates": [2.4649784, 6.3701576]}, "properties": {"vertex_id": 114605, "attempted_target": "Yagbé", "protected_chef_lieux": ["Nvènamèdé"], "n_voters": 1, "required": 3, "voters_sample": ["Hospital Emergency Yagbe"], "current_owner": "Nvènamèdé"}}, {"type": "Feature", "geometry": {"type": "Point", "coordinates": [2.4649863, 6.3700845]}, "properties": {"vertex_id": 114606, "attempted_target": "Yagbé", "protected_chef_lieux": ["Nvènamèdé"], "n_voters": 1, "required": 3, "voters_sample": ["Hospital Emergency Yagbe"], "current_owner": "Nvènamèdé"}}, {"type": "Feature", "geometry": {"type": "Point", "coordinates": [2.4649528, 6.3703943]}, "properties": {"vertex_id": 15215, "attempted_target": "Yagbé", "protected_chef_lieux": ["Nvènamèdé"], "n_voters": 1, "required": 3, "voters_sample": ["Hospital Emergency Yagbe"], "current_owner": "Nvènamèdé"}}, {"type": "Feature", "geometry": {"type": "Point", "coordinates": [2.4648828, 6.3703874]}, "properties": {"vertex_id": 15061, "attempted_target": "Yagbé", "protected_chef_lieux": ["Nvènamèdé"], "n_voters": 1, "required": 3, "voters_sample": ["Hospital Emergency Yagbe"], "current_owner": "Nvènamèdé"}}, {"type": "Feature", "geometry": {"type": "Point", "coordinates": [2.4654216, 6.3704403]}, "properties": {"vertex_id": 15164, "attempted_target": "Yagbé", "protected_chef_lieux": ["Nvènamèdé"], "n_voters": 1, "required": 3, "voters_sample": ["Hospital Emergency Yagbe"], "current_owner": "Nvènamèdé"}}, {"type": "Feature", "geometry": {"type": "Point", "coordinates": [2.4325503, 6.3624647]}, "properties": {"vertex_id": 5226, "attempted_target": "Missèbô", "protected_chef_lieux": ["Missité"], "n_voters": 1, "required": 3, "voters_sample": ["Carrefour Missebo"], "current_owner": "Missité"}}, {"type": "Feature", "geometry": {"type": "Point", "coordinates": [2.4322617, 6.3624336]}, "properties": {"vertex_id": 43570, "attempted_target": "Missèbô", "protected_chef_lieux": ["Missité"], "n_voters": 1, "required": 3, "voters_sample": ["Carrefour Missebo"], "current_owner": "Missité"}}, {"type": "Feature", "geometry": {"type": "Point", "coordinates": [2.3648119, 6.3928695]}, "properties": {"vertex_id": 9984, "attempted_target": "Mènontin", "protected_chef_lieux": ["Kindonou"], "n_voters": 2, "required": 3, "voters_sample": ["Menontin", "BOUTIQUE DE MENONTIN"], "current_owner": "Kindonou"}}, {"type": "Feature", "geometry": {"type": "Point", "coordinates": [2.3643114, 6.3921846]}, "properties": {"vertex_id": 10049, "attempted_target": "Mènontin", "protected_chef_lieux": ["Kindonou"], "n_voters": 2, "required": 3, "voters_sample": ["Menontin", "BOUTIQUE DE MENONTIN"], "current_owner": "Kindonou"}}, {"type": "Feature", "geometry": {"type": "Point", "coordinates": [2.3652932, 6.3928298]}, "properties": {"vertex_id": 9985, "attempted_target": "Mènontin", "protected_chef_lieux": ["Kindonou"], "n_voters": 2, "required": 3, "voters_sample": ["Menontin", "BOUTIQUE DE MENONTIN"], "current_owner": "Kindonou"}}, {"type": "Feature", "geometry": {"type": "Point", "coordinates": [2.3643086, 6.3922959]}, "properties": {"vertex_id": 10050, "attempted_target": "Mènontin", "protected_chef_lieux": ["Kindonou"], "n_voters": 2, "required": 3, "voters_sample": ["Menontin", "BOUTIQUE DE MENONTIN"], "current_owner": "Kindonou"}}, {"type": "Feature", "geometry": {"type": "Point", "coordinates": [2.36478, 6.3932473]}, "properties": {"vertex_id": 10162, "attempted_target": "Mènontin", "protected_chef_lieux": ["Kindonou"], "n_voters": 2, "required": 3, "voters_sample": ["Menontin", "BOUTIQUE DE MENONTIN"], "current_owner": "Kindonou"}}, {"type": "Feature", "geometry": {"type": "Point", "coordinates": [2.3648202, 6.392246]}, "properties": {"vertex_id": 10163, "attempted_target": "Mènontin", "protected_chef_lieux": ["Kindonou"], "n_voters": 2, "required": 3, "voters_sample": ["Menontin", "BOUTIQUE DE MENONTIN"], "current_owner": "Kindonou"}}, {"type": "Feature", "geometry": {"type": "Point", "coordinates": [2.364815, 6.3921571]}, "properties": {"vertex_id": 10141, "attempted_target": "Mènontin", "protected_chef_lieux": ["Kindonou"], "n_voters": 2, "required": 3, "voters_sample": ["Menontin", "BOUTIQUE DE MENONTIN"], "current_owner": "Kindonou"}}, {"type": "Feature", "geometry": {"type": "Point", "coordinates": [2.3642846, 6.3929354]}, "properties": {"vertex_id": 9983, "attempted_target": "Mènontin", "protected_chef_lieux": ["Kindonou"], "n_voters": 2, "required": 3, "voters_sample": ["Menontin", "BOUTIQUE DE MENONTIN"], "current_owner": "Kindonou"}}, {"type": "Feature", "geometry": {"type": "Point", "coordinates": [2.4038279, 6.3870098]}, "properties": {"vertex_id": 4326, "attempted_target": "Fifadji", "protected_chef_lieux": ["Missèkplé"], "n_voters": 2, "required": 3, "voters_sample": ["Pont de FIFADJI", "Nouvelle Pharmacie Fifadji"], "current_owner": "Missèkplé"}}, {"type": "Feature", "geometry": {"type": "Point", "coordinates": [2.4054217, 6.3852526]}, "properties": {"vertex_id": 1769, "attempted_target": "Fifadji", "protected_chef_lieux": ["Missèkplé"], "n_voters": 1, "required": 3, "voters_sample": ["Nouvelle Pharmacie Fifadji"], "current_owner": "Missèkplé"}}, {"type": "Feature", "geometry": {"type": "Point", "coordinates": [2.4043095, 6.3866373]}, "properties": {"vertex_id": 1772, "attempted_target": "Fifadji", "protected_chef_lieux": ["Missèkplé"], "n_voters": 1, "required": 3, "voters_sample": ["Nouvelle Pharmacie Fifadji"], "current_owner": "Missèkplé"}}, {"type": "Feature", "geometry": {"type": "Point", "coordinates": [2.4046784, 6.3861771]}, "properties": {"vertex_id": 1771, "attempted_target": "Fifadji", "protected_chef_lieux": ["Missèkplé"], "n_voters": 1, "required": 3, "voters_sample": ["Nouvelle Pharmacie Fifadji"], "current_owner": "Missèkplé"}}, {"type": "Feature", "geometry": {"type": "Point", "coordinates": [2.4050471, 6.385717]}, "properties": {"vertex_id": 1770, "attempted_target": "Fifadji", "protected_chef_lieux": ["Missèkplé"], "n_voters": 1, "required": 3, "voters_sample": ["Nouvelle Pharmacie Fifadji"], "current_owner": "Missèkplé"}}, {"type": "Feature", "geometry": {"type": "Point", "coordinates": [2.4051869, 6.3866222]}, "properties": {"vertex_id": 105516, "attempted_target": "Fifadji", "protected_chef_lieux": ["Missèkplé"], "n_voters": 1, "required": 3, "voters_sample": ["Nouvelle Pharmacie Fifadji"], "current_owner": "Missèkplé"}}, {"type": "Feature", "geometry": {"type": "Point", "coordinates": [2.4051778, 6.3850184]}, "properties": {"vertex_id": 4346, "attempted_target": "Fifadji", "protected_chef_lieux": ["Missèkplé"], "n_voters": 1, "required": 3, "voters_sample": ["Nouvelle Pharmacie Fifadji"], "current_owner": "Missèkplé"}}, {"type": "Feature", "geometry": {"type": "Point", "coordinates": [2.3980822, 6.3691408]}, "properties": {"vertex_id": 1702, "attempted_target": "Vodjè-Finagnon", "protected_chef_lieux": ["Vodjè-Kpota"], "n_voters": 1, "required": 3, "voters_sample": ["Église baptiste de Vodje"], "current_owner": "Houéyihô"}}, {"type": "Feature", "geometry": {"type": "Point", "coordinates": [2.3974134, 6.368997]}, "properties": {"vertex_id": 1703, "attempted_target": "Vodjè-Finagnon", "protected_chef_lieux": ["Vodjè-Kpota"], "n_voters": 1, "required": 3, "voters_sample": ["Église baptiste de Vodje"], "current_owner": "Houéyihô"}}, {"type": "Feature", "geometry": {"type": "Point", "coordinates": [2.3985346, 6.3702253]}, "properties": {"vertex_id": 5895, "attempted_target": "Vodjè-Finagnon", "protected_chef_lieux": ["Vodjè-Kpota"], "n_voters": 1, "required": 3, "voters_sample": ["Église baptiste de Vodje"], "current_owner": "Houéyihô"}}, {"type": "Feature", "geometry": {"type": "Point", "coordinates": [2.4039688, 6.3730135]}, "properties": {"vertex_id": 2660, "attempted_target": "Vodjè-Finagnon", "protected_chef_lieux": ["Vodjè-Ayidoté"], "n_voters": 1, "required": 3, "voters_sample": ["Apartment Cica located in Vodjè-Kpota 6 minutes from Cotonou airport"], "current_owner": "Vodjè-Ayidoté"}}, {"type": "Feature", "geometry": {"type": "Point", "coordinates": [2.4036, 6.373489]}, "properties": {"vertex_id": 2661, "attempted_target": "Vodjè-Finagnon", "protected_chef_lieux": ["Vodjè-Ayidoté"], "n_voters": 1, "required": 3, "voters_sample": ["Apartment Cica located in Vodjè-Kpota 6 minutes from Cotonou airport"], "current_owner": "Vodjè-Ayidoté"}}, {"type": "Feature", "geometry": {"type": "Point", "coordinates": [2.4032562, 6.3739285]}, "properties": {"vertex_id": 2662, "attempted_target": "Vodjè-Finagnon", "protected_chef_lieux": ["Vodjè-Ayidoté"], "n_voters": 1, "required": 3, "voters_sample": ["Apartment Cica located in Vodjè-Kpota 6 minutes from Cotonou airport"], "current_owner": "Vodjè-Ayidoté"}}, {"type": "Feature", "geometry": {"type": "Point", "coordinates": [2.4012583, 6.3714347]}, "properties": {"vertex_id": 5143, "attempted_target": "Vodjè-Centre", "protected_chef_lieux": ["Vodjè-Finagnon"], "n_voters": 1, "required": 3, "voters_sample": ["Vodje Penterre Noir"], "current_owner": "Vodjè-Ayidoté"}}, {"type": "Feature", "geometry": {"type": "Point", "coordinates": [2.4041788, 6.3748781]}, "properties": {"vertex_id": 6010, "attempted_target": "Vodjè-Finagnon", "protected_chef_lieux": ["Vodjè-Ayidoté"], "n_voters": 1, "required": 3, "voters_sample": ["Apartment Cica located in Vodjè-Kpota 6 minutes from Cotonou airport"], "current_owner": "Vodjè-Ayidoté"}}, {"type": "Feature", "geometry": {"type": "Point", "coordinates": [2.4041788, 6.3748781]}, "properties": {"vertex_id": 6010, "attempted_target": "Agontinkon", "protected_chef_lieux": ["Vodjè-Ayidoté"], "n_voters": 1, "required": 3, "voters_sample": ["Église Adventiste du 7ème jour à AGONTINKON"], "current_owner": "Vodjè-Ayidoté"}}, {"type": "Feature", "geometry": {"type": "Point", "coordinates": [2.4535311, 6.3816636]}, "properties": {"vertex_id": 6850, "attempted_target": "Kpondéhou", "protected_chef_lieux": ["Kpondéhou-Tchèmè"], "n_voters": 1, "required": 3, "voters_sample": ["Terrain kpondehou"], "current_owner": "Kpondéhou-Tchèmè"}}, {"type": "Feature", "geometry": {"type": "Point", "coordinates": [2.4535253, 6.3823085]}, "properties": {"vertex_id": 6371, "attempted_target": "Kpondéhou", "protected_chef_lieux": ["Kpondéhou-Tchèmè"], "n_voters": 1, "required": 3, "voters_sample": ["Terrain kpondehou"], "current_owner": "Kpondéhou-Tchèmè"}}, {"type": "Feature", "geometry": {"type": "Point", "coordinates": [2.4535293, 6.3824218]}, "properties": {"vertex_id": 6148, "attempted_target": "Kpondéhou", "protected_chef_lieux": ["Kpondéhou-Tchèmè"], "n_voters": 1, "required": 3, "voters_sample": ["Terrain kpondehou"], "current_owner": "Kpondéhou-Tchèmè"}}, {"type": "Feature", "geometry": {"type": "Point", "coordinates": [2.4546344, 6.3822981]}, "properties": {"vertex_id": 6372, "attempted_target": "Kpondéhou", "protected_chef_lieux": ["Kpondéhou-Tchèmè"], "n_voters": 1, "required": 3, "voters_sample": ["Terrain kpondehou"], "current_owner": "Kpondéhou-Tchèmè"}}, {"type": "Feature", "geometry": {"type": "Point", "coordinates": [2.4546356, 6.3824165]}, "properties": {"vertex_id": 6147, "attempted_target": "Kpondéhou", "protected_chef_lieux": ["Kpondéhou-Tchèmè"], "n_voters": 1, "required": 3, "voters_sample": ["Terrain kpondehou"], "current_owner": "Kpondéhou-Tchèmè"}}, {"type": "Feature", "geometry": {"type": "Point", "coordinates": [2.4535348, 6.3830477]}, "properties": {"vertex_id": 6701, "attempted_target": "Kpondéhou", "protected_chef_lieux": ["Kpondéhou-Tchèmè"], "n_voters": 1, "required": 3, "voters_sample": ["Terrain kpondehou"], "current_owner": "Kpondéhou-Tchèmè"}}, {"type": "Feature", "geometry": {"type": "Point", "coordinates": [2.452574, 6.3922581]}, "properties": {"vertex_id": 6416, "attempted_target": "Minontchou", "protected_chef_lieux": ["Gankpodo"], "n_voters": 1, "required": 3, "voters_sample": ["Pharmacie Gratias Minontchou"], "current_owner": "Gankpodo"}}, {"type": "Feature", "geometry": {"type": "Point", "coordinates": [2.4530627, 6.3921251]}, "properties": {"vertex_id": 6415, "attempted_target": "Minontchou", "protected_chef_lieux": ["Gankpodo"], "n_voters": 1, "required": 3, "voters_sample": ["Pharmacie Gratias Minontchou"], "current_owner": "Gankpodo"}}, {"type": "Feature", "geometry": {"type": "Point", "coordinates": [2.4211116, 6.3781079]}, "properties": {"vertex_id": 4627, "attempted_target": "Gbèdjromèdè", "protected_chef_lieux": ["Aïdjèdo-Ahito"], "n_voters": 1, "required": 3, "voters_sample": ["Pharmacie Mahuton Gbedjromede"], "current_owner": "Aïdjèdo-Ahito"}}, {"type": "Feature", "geometry": {"type": "Point", "coordinates": [2.4212181, 6.3781925]}, "properties": {"vertex_id": 4871, "attempted_target": "Gbèdjromèdè", "protected_chef_lieux": ["Aïdjèdo-Ahito"], "n_voters": 1, "required": 3, "voters_sample": ["Pharmacie Mahuton Gbedjromede"], "current_owner": "Aïdjèdo-Ahito"}}, {"type": "Feature", "geometry": {"type": "Point", "coordinates": [2.4035708, 6.3674821]}, "properties": {"vertex_id": 2787, "attempted_target": "Vodjè-Centre", "protected_chef_lieux": ["Cadjèhoun-Détinsa"], "n_voters": 2, "required": 3, "voters_sample": ["Les Anges De Vodje", "CARREFOUR VODJÈ RAIL"], "current_owner": "Cadjèhoun-Détinsa"}}, {"type": "Feature", "geometry": {"type": "Point", "coordinates": [2.4009928, 6.3715973]}, "properties": {"vertex_id": 5144, "attempted_target": "Vodjè-Centre", "protected_chef_lieux": ["Vodjè-Finagnon"], "n_voters": 1, "required": 3, "voters_sample": ["Vodje Penterre Noir"], "current_owner": "Vodjè-Ayidoté"}}, {"type": "Feature", "geometry": {"type": "Point", "coordinates": [2.4008882, 6.3716799]}, "properties": {"vertex_id": 5145, "attempted_target": "Vodjè-Centre", "protected_chef_lieux": ["Vodjè-Finagnon"], "n_voters": 1, "required": 3, "voters_sample": ["Vodje Penterre Noir"], "current_owner": "Vodjè-Ayidoté"}}, {"type": "Feature", "geometry": {"type": "Point", "coordinates": [2.4011197, 6.3715383]}, "properties": {"vertex_id": 4164, "attempted_target": "Vodjè-Centre", "protected_chef_lieux": ["Vodjè-Finagnon"], "n_voters": 1, "required": 3, "voters_sample": ["Vodje Penterre Noir"], "current_owner": "Vodjè-Ayidoté"}}, {"type": "Feature", "geometry": {"type": "Point", "coordinates": [2.404535, 6.3672494]}, "properties": {"vertex_id": 1679, "attempted_target": "Vodjè-Centre", "protected_chef_lieux": ["Cadjèhoun-Détinsa"], "n_voters": 1, "required": 3, "voters_sample": ["CARREFOUR VODJÈ RAIL"], "current_owner": "Cadjèhoun-Détinsa"}}, {"type": "Feature", "geometry": {"type": "Point", "coordinates": [2.4049626, 6.3661693]}, "properties": {"vertex_id": 2705, "attempted_target": "Vodjè-Centre", "protected_chef_lieux": ["Cadjèhoun-Détinsa"], "n_voters": 1, "required": 3, "voters_sample": ["CARREFOUR VODJÈ RAIL"], "current_owner": "Cadjèhoun-Détinsa"}}, {"type": "Feature", "geometry": {"type": "Point", "coordinates": [2.4048378, 6.3667205]}, "properties": {"vertex_id": 110363, "attempted_target": "Vodjè-Centre", "protected_chef_lieux": ["Cadjèhoun-Détinsa"], "n_voters": 1, "required": 3, "voters_sample": ["CARREFOUR VODJÈ RAIL"], "current_owner": "Cadjèhoun-Détinsa"}}, {"type": "Feature", "geometry": {"type": "Point", "coordinates": [2.4051402, 6.3663053]}, "properties": {"vertex_id": 110364, "attempted_target": "Vodjè-Centre", "protected_chef_lieux": ["Cadjèhoun-Détinsa"], "n_voters": 1, "required": 3, "voters_sample": ["CARREFOUR VODJÈ RAIL"], "current_owner": "Cadjèhoun-Détinsa"}}, {"type": "Feature", "geometry": {"type": "Point", "coordinates": [2.4053004, 6.3663206]}, "properties": {"vertex_id": 13605, "attempted_target": "Vodjè-Centre", "protected_chef_lieux": ["Cadjèhoun-Détinsa"], "n_voters": 1, "required": 3, "voters_sample": ["CARREFOUR VODJÈ RAIL"], "current_owner": "Cadjèhoun-Détinsa"}}, {"type": "Feature", "geometry": {"type": "Point", "coordinates": [2.4042911, 6.3670754]}, "properties": {"vertex_id": 2613, "attempted_target": "Vodjè-Centre", "protected_chef_lieux": ["Cadjèhoun-Détinsa"], "n_voters": 1, "required": 3, "voters_sample": ["CARREFOUR VODJÈ RAIL"], "current_owner": "Cadjèhoun-Détinsa"}}, {"type": "Feature", "geometry": {"type": "Point", "coordinates": [2.404349, 6.3671228]}, "properties": {"vertex_id": 2614, "attempted_target": "Vodjè-Centre", "protected_chef_lieux": ["Cadjèhoun-Détinsa"], "n_voters": 1, "required": 3, "voters_sample": ["CARREFOUR VODJÈ RAIL"], "current_owner": "Cadjèhoun-Détinsa"}}, {"type": "Feature", "geometry": {"type": "Point", "coordinates": [2.4044421, 6.367187]}, "properties": {"vertex_id": 2615, "attempted_target": "Vodjè-Centre", "protected_chef_lieux": ["Cadjèhoun-Détinsa"], "n_voters": 1, "required": 3, "voters_sample": ["CARREFOUR VODJÈ RAIL"], "current_owner": "Cadjèhoun-Détinsa"}}, {"type": "Feature", "geometry": {"type": "Point", "coordinates": [2.4041884, 6.3672155]}, "properties": {"vertex_id": 13639, "attempted_target": "Vodjè-Centre", "protected_chef_lieux": ["Cadjèhoun-Détinsa"], "n_voters": 2, "required": 3, "voters_sample": ["CARREFOUR VODJÈ RAIL", "Vodje"], "current_owner": "Cadjèhoun-Détinsa"}}, {"type": "Feature", "geometry": {"type": "Point", "coordinates": [2.4043201, 6.3673283]}, "properties": {"vertex_id": 40565, "attempted_target": "Vodjè-Centre", "protected_chef_lieux": ["Cadjèhoun-Détinsa"], "n_voters": 2, "required": 3, "voters_sample": ["CARREFOUR VODJÈ RAIL", "Vodje"], "current_owner": "Cadjèhoun-Détinsa"}}, {"type": "Feature", "geometry": {"type": "Point", "coordinates": [2.4042358, 6.3672584]}, "properties": {"vertex_id": 40566, "attempted_target": "Vodjè-Centre", "protected_chef_lieux": ["Cadjèhoun-Détinsa"], "n_voters": 2, "required": 3, "voters_sample": ["CARREFOUR VODJÈ RAIL", "Vodje"], "current_owner": "Cadjèhoun-Détinsa"}}, {"type": "Feature", "geometry": {"type": "Point", "coordinates": [2.404613, 6.3666282]}, "properties": {"vertex_id": 2678, "attempted_target": "Vodjè-Centre", "protected_chef_lieux": ["Cadjèhoun-Détinsa"], "n_voters": 1, "required": 3, "voters_sample": ["CARREFOUR VODJÈ RAIL"], "current_owner": "Cadjèhoun-Détinsa"}}, {"type": "Feature", "geometry": {"type": "Point", "coordinates": [2.4048807, 6.3668351]}, "properties": {"vertex_id": 2553, "attempted_target": "Vodjè-Centre", "protected_chef_lieux": ["Cadjèhoun-Détinsa"], "n_voters": 1, "required": 3, "voters_sample": ["CARREFOUR VODJÈ RAIL"], "current_owner": "Cadjèhoun-Détinsa"}}, {"type": "Feature", "geometry": {"type": "Point", "coordinates": [2.4052191, 6.3663872]}, "properties": {"vertex_id": 2558, "attempted_target": "Vodjè-Centre", "protected_chef_lieux": ["Cadjèhoun-Détinsa"], "n_voters": 1, "required": 3, "voters_sample": ["CARREFOUR VODJÈ RAIL"], "current_owner": "Cadjèhoun-Détinsa"}}, {"type": "Feature", "geometry": {"type": "Point", "coordinates": [2.4413466, 6.3534212]}, "properties": {"vertex_id": 12431, "attempted_target": "Xwlacôdji-Kpodji", "protected_chef_lieux": ["Xwlacôdji-Plage"], "n_voters": 1, "required": 3, "voters_sample": ["Mairie de xwlacodji-Cotonou-BENIN"], "current_owner": "Xwlacôdji-Plage"}}, {"type": "Feature", "geometry": {"type": "Point", "coordinates": [2.4402738, 6.3530201]}, "properties": {"vertex_id": 20275, "attempted_target": "Xwlacôdji-Kpodji", "protected_chef_lieux": ["Xwlacôdji-Plage"], "n_voters": 1, "required": 3, "voters_sample": ["Mairie de xwlacodji-Cotonou-BENIN"], "current_owner": "Xwlacôdji-Plage"}}, {"type": "Feature", "geometry": {"type": "Point", "coordinates": [2.4402711, 6.3534013]}, "properties": {"vertex_id": 20276, "attempted_target": "Xwlacôdji-Kpodji", "protected_chef_lieux": ["Xwlacôdji-Plage"], "n_voters": 1, "required": 3, "voters_sample": ["Mairie de xwlacodji-Cotonou-BENIN"], "current_owner": "Xwlacôdji-Plage"}}, {"type": "Feature", "geometry": {"type": "Point", "coordinates": [2.4402657, 6.3534786]}, "properties": {"vertex_id": 20277, "attempted_target": "Xwlacôdji-Kpodji", "protected_chef_lieux": ["Xwlacôdji-Plage"], "n_voters": 1, "required": 3, "voters_sample": ["Mairie de xwlacodji-Cotonou-BENIN"], "current_owner": "Xwlacôdji-Plage"}}, {"type": "Feature", "geometry": {"type": "Point", "coordinates": [2.440255, 6.3535453]}, "properties": {"vertex_id": 20278, "attempted_target": "Xwlacôdji-Kpodji", "protected_chef_lieux": ["Xwlacôdji-Plage"], "n_voters": 1, "required": 3, "voters_sample": ["Mairie de xwlacodji-Cotonou-BENIN"], "current_owner": "Xwlacôdji-Plage"}}, {"type": "Feature", "geometry": {"type": "Point", "coordinates": [2.4402308, 6.3536199]}, "properties": {"vertex_id": 20279, "attempted_target": "Xwlacôdji-Kpodji", "protected_chef_lieux": ["Xwlacôdji-Plage"], "n_voters": 1, "required": 3, "voters_sample": ["Mairie de xwlacodji-Cotonou-BENIN"], "current_owner": "Xwlacôdji-Plage"}}, {"type": "Feature", "geometry": {"type": "Point", "coordinates": [2.440204, 6.3536785]}, "properties": {"vertex_id": 20280, "attempted_target": "Xwlacôdji-Kpodji", "protected_chef_lieux": ["Xwlacôdji-Plage"], "n_voters": 1, "required": 3, "voters_sample": ["Mairie de xwlacodji-Cotonou-BENIN"], "current_owner": "Xwlacôdji-Plage"}}, {"type": "Feature", "geometry": {"type": "Point", "coordinates": [2.4406542, 6.3537567]}, "properties": {"vertex_id": 20308, "attempted_target": "Xwlacôdji-Kpodji", "protected_chef_lieux": ["Xwlacôdji-Plage"], "n_voters": 1, "required": 3, "voters_sample": ["Mairie de xwlacodji-Cotonou-BENIN"], "current_owner": "Xwlacôdji-Plage"}}, {"type": "Feature", "geometry": {"type": "Point", "coordinates": [2.4406672, 6.3536323]}, "properties": {"vertex_id": 20309, "attempted_target": "Xwlacôdji-Kpodji", "protected_chef_lieux": ["Xwlacôdji-Plage"], "n_voters": 1, "required": 3, "voters_sample": ["Mairie de xwlacodji-Cotonou-BENIN"], "current_owner": "Xwlacôdji-Plage"}}, {"type": "Feature", "geometry": {"type": "Point", "coordinates": [2.4092839, 6.3931346]}, "properties": {"vertex_id": 5601, "attempted_target": "Vossa-Kpodji", "protected_chef_lieux": ["Vossa"], "n_voters": 1, "required": 3, "voters_sample": ["Église Catholique Saint Joseph de Vossa"], "current_owner": "Vossa"}}, {"type": "Feature", "geometry": {"type": "Point", "coordinates": [2.4092399, 6.3932022]}, "properties": {"vertex_id": 58114, "attempted_target": "Vossa-Kpodji", "protected_chef_lieux": ["Vossa"], "n_voters": 1, "required": 3, "voters_sample": ["Église Catholique Saint Joseph de Vossa"], "current_owner": "Vossa"}}, {"type": "Feature", "geometry": {"type": "Point", "coordinates": [2.4087491, 6.392794]}, "properties": {"vertex_id": 48515, "attempted_target": "Vossa-Kpodji", "protected_chef_lieux": ["Vossa"], "n_voters": 1, "required": 3, "voters_sample": ["Église Catholique Saint Joseph de Vossa"], "current_owner": "Vossa"}}, {"type": "Feature", "geometry": {"type": "Point", "coordinates": [2.4087028, 6.39279]}, "properties": {"vertex_id": 48516, "attempted_target": "Vossa-Kpodji", "protected_chef_lieux": ["Vossa"], "n_voters": 1, "required": 3, "voters_sample": ["Église Catholique Saint Joseph de Vossa"], "current_owner": "Vossa"}}, {"type": "Feature", "geometry": {"type": "Point", "coordinates": [2.4086726, 6.3927987]}, "properties": {"vertex_id": 48517, "attempted_target": "Vossa-Kpodji", "protected_chef_lieux": ["Vossa"], "n_voters": 1, "required": 3, "voters_sample": ["Église Catholique Saint Joseph de Vossa"], "current_owner": "Vossa"}}, {"type": "Feature", "geometry": {"type": "Point", "coordinates": [2.4084789, 6.392946]}, "properties": {"vertex_id": 48518, "attempted_target": "Vossa-Kpodji", "protected_chef_lieux": ["Vossa"], "n_voters": 1, "required": 3, "voters_sample": ["Église Catholique Saint Joseph de Vossa"], "current_owner": "Vossa"}}, {"type": "Feature", "geometry": {"type": "Point", "coordinates": [2.4083807, 6.3763606]}, "properties": {"vertex_id": 4518, "attempted_target": "Vodjè-Ayidoté", "protected_chef_lieux": ["Agontinkon"], "n_voters": 1, "required": 3, "voters_sample": ["Ayidote"], "current_owner": "Agontinkon"}}, {"type": "Feature", "geometry": {"type": "Point", "coordinates": [2.4080114, 6.3768303]}, "properties": {"vertex_id": 4519, "attempted_target": "Vodjè-Ayidoté", "protected_chef_lieux": ["Agontinkon"], "n_voters": 1, "required": 3, "voters_sample": ["Ayidote"], "current_owner": "Agontinkon"}}, {"type": "Feature", "geometry": {"type": "Point", "coordinates": [2.4075439, 6.377341]}, "properties": {"vertex_id": 4153, "attempted_target": "Vodjè-Ayidoté", "protected_chef_lieux": ["Agontinkon"], "n_voters": 1, "required": 3, "voters_sample": ["Ayidote"], "current_owner": "Agontinkon"}}, {"type": "Feature", "geometry": {"type": "Point", "coordinates": [2.4594524, 6.3883667]}, "properties": {"vertex_id": 6684, "attempted_target": "Gankpodo", "protected_chef_lieux": ["Djédjé-Layé"], "n_voters": 2, "required": 3, "voters_sample": ["Gankpodo", "Pressing LA PAIX ( Gankpodo)"], "current_owner": "Djédjé-Layé"}}, {"type": "Feature", "geometry": {"type": "Point", "coordinates": [2.4601612, 6.3885586]}, "properties": {"vertex_id": 48471, "attempted_target": "Gankpodo", "protected_chef_lieux": ["Djédjé-Layé"], "n_voters": 2, "required": 3, "voters_sample": ["Gankpodo", "Pressing LA PAIX ( Gankpodo)"], "current_owner": "Djédjé-Layé"}}, {"type": "Feature", "geometry": {"type": "Point", "coordinates": [2.4601569, 6.3890841]}, "properties": {"vertex_id": 19799, "attempted_target": "Gankpodo", "protected_chef_lieux": ["Djédjé-Layé"], "n_voters": 2, "required": 3, "voters_sample": ["Gankpodo", "Pressing LA PAIX ( Gankpodo)"], "current_owner": "Djédjé-Layé"}}, {"type": "Feature", "geometry": {"type": "Point", "coordinates": [2.4228226, 6.365081]}, "properties": {"vertex_id": 40278, "attempted_target": "Gbèdomidji", "protected_chef_lieux": ["Gbènan"], "n_voters": 1, "required": 3, "voters_sample": ["Gbedomidji"], "current_owner": "Gbènan"}}, {"type": "Feature", "geometry": {"type": "Point", "coordinates": [2.4230218, 6.365221]}, "properties": {"vertex_id": 76599, "attempted_target": "Gbèdomidji", "protected_chef_lieux": ["Gbènan"], "n_voters": 1, "required": 3, "voters_sample": ["Gbedomidji"], "current_owner": "Gbènan"}}, {"type": "Feature", "geometry": {"type": "Point", "coordinates": [2.4045658, 6.361346]}, "properties": {"vertex_id": 162, "attempted_target": "Cadjèhoun-Aupiais", "protected_chef_lieux": ["Cadjèhoun-Gare"], "n_voters": 1, "required": 3, "voters_sample": ["Clinical International De Cotonou Aupiais"], "current_owner": "Cadjèhoun-Gare"}}, {"type": "Feature", "geometry": {"type": "Point", "coordinates": [2.4049409, 6.3608662]}, "properties": {"vertex_id": 163, "attempted_target": "Cadjèhoun-Aupiais", "protected_chef_lieux": ["Cadjèhoun-Gare"], "n_voters": 1, "required": 3, "voters_sample": ["Clinical International De Cotonou Aupiais"], "current_owner": "Cadjèhoun-Gare"}}, {"type": "Feature", "geometry": {"type": "Point", "coordinates": [2.4243162, 6.3821531]}, "properties": {"vertex_id": 4886, "attempted_target": "Aïdjèdo", "protected_chef_lieux": ["Ahouansouri-Agata"], "n_voters": 2, "required": 3, "voters_sample": ["Mairie Aïdjedo", "Nouveau marché d'Aidjedo"], "current_owner": "Ahouansouri-Agata"}}, {"type": "Feature", "geometry": {"type": "Point", "coordinates": [2.4240232, 6.3822179]}, "properties": {"vertex_id": 4889, "attempted_target": "Aïdjèdo", "protected_chef_lieux": ["Ahouansouri-Agata"], "n_voters": 2, "required": 3, "voters_sample": ["Mairie Aïdjedo", "Nouveau marché d'Aidjedo"], "current_owner": "Ahouansouri-Agata"}}, {"type": "Feature", "geometry": {"type": "Point", "coordinates": [2.4241664, 6.3821706]}, "properties": {"vertex_id": 4890, "attempted_target": "Aïdjèdo", "protected_chef_lieux": ["Ahouansouri-Agata"], "n_voters": 2, "required": 3, "voters_sample": ["Mairie Aïdjedo", "Nouveau marché d'Aidjedo"], "current_owner": "Ahouansouri-Agata"}}, {"type": "Feature", "geometry": {"type": "Point", "coordinates": [2.4244143, 6.3821577]}, "properties": {"vertex_id": 459, "attempted_target": "Aïdjèdo", "protected_chef_lieux": ["Ahouansouri-Agata"], "n_voters": 1, "required": 3, "voters_sample": ["Nouveau marché d'Aidjedo"], "current_owner": "Ahouansouri-Agata"}}, {"type": "Feature", "geometry": {"type": "Point", "coordinates": [2.4245565, 6.382189]}, "properties": {"vertex_id": 4891, "attempted_target": "Aïdjèdo", "protected_chef_lieux": ["Ahouansouri-Agata"], "n_voters": 1, "required": 3, "voters_sample": ["Nouveau marché d'Aidjedo"], "current_owner": "Ahouansouri-Agata"}}, {"type": "Feature", "geometry": {"type": "Point", "coordinates": [2.4246849, 6.3822442]}, "properties": {"vertex_id": 4892, "attempted_target": "Aïdjèdo", "protected_chef_lieux": ["Ahouansouri-Agata"], "n_voters": 1, "required": 3, "voters_sample": ["Nouveau marché d'Aidjedo"], "current_owner": "Ahouansouri-Agata"}}, {"type": "Feature", "geometry": {"type": "Point", "coordinates": [2.4594034, 6.3809827]}, "properties": {"vertex_id": 15343, "attempted_target": "Sènadé", "protected_chef_lieux": ["Ahouassa"], "n_voters": 1, "required": 3, "voters_sample": ["Clinique ADEOLA de Sènadé"], "current_owner": "Ahouassa"}}, {"type": "Feature", "geometry": {"type": "Point", "coordinates": [2.4592244, 6.3809864]}, "properties": {"vertex_id": 6676, "attempted_target": "Sènadé", "protected_chef_lieux": ["Ahouassa"], "n_voters": 1, "required": 3, "voters_sample": ["Clinique ADEOLA de Sènadé"], "current_owner": "Ahouassa"}}, {"type": "Feature", "geometry": {"type": "Point", "coordinates": [2.4592189, 6.3816239]}, "properties": {"vertex_id": 6675, "attempted_target": "Sènadé", "protected_chef_lieux": ["Ahouassa"], "n_voters": 1, "required": 3, "voters_sample": ["Clinique ADEOLA de Sènadé"], "current_owner": "Ahouassa"}}, {"type": "Feature", "geometry": {"type": "Point", "coordinates": [2.4594013, 6.3816227]}, "properties": {"vertex_id": 94198, "attempted_target": "Sènadé", "protected_chef_lieux": ["Ahouassa"], "n_voters": 1, "required": 3, "voters_sample": ["Clinique ADEOLA de Sènadé"], "current_owner": "Ahouassa"}}, {"type": "Feature", "geometry": {"type": "Point", "coordinates": [2.4041059, 6.3749402]}, "properties": {"vertex_id": 6011, "attempted_target": "Agontinkon", "protected_chef_lieux": ["Vodjè-Ayidoté"], "n_voters": 1, "required": 3, "voters_sample": ["Église Adventiste du 7ème jour à AGONTINKON"], "current_owner": "Vodjè-Ayidoté"}}, {"type": "Feature", "geometry": {"type": "Point", "coordinates": [2.4114367, 6.3629319]}, "properties": {"vertex_id": 2592, "attempted_target": "Gbégamey-Dodo-Ayidjè", "protected_chef_lieux": ["Gbégamey-Centre"], "n_voters": 1, "required": 3, "voters_sample": ["Diana bubble tea gbegamey"], "current_owner": "Gbégamey-Centre"}}, {"type": "Feature", "geometry": {"type": "Point", "coordinates": [2.4112912, 6.3628139]}, "properties": {"vertex_id": 2593, "attempted_target": "Gbégamey-Dodo-Ayidjè", "protected_chef_lieux": ["Gbégamey-Centre"], "n_voters": 1, "required": 3, "voters_sample": ["Diana bubble tea gbegamey"], "current_owner": "Gbégamey-Centre"}}, {"type": "Feature", "geometry": {"type": "Point", "coordinates": [2.4114162, 6.362515]}, "properties": {"vertex_id": 2671, "attempted_target": "Gbégamey-Dodo-Ayidjè", "protected_chef_lieux": ["Gbégamey-Centre"], "n_voters": 1, "required": 3, "voters_sample": ["Diana bubble tea gbegamey"], "current_owner": "Gbégamey-Centre"}}, {"type": "Feature", "geometry": {"type": "Point", "coordinates": [2.4115185, 6.3626207]}, "properties": {"vertex_id": 2672, "attempted_target": "Gbégamey-Dodo-Ayidjè", "protected_chef_lieux": ["Gbégamey-Centre"], "n_voters": 1, "required": 3, "voters_sample": ["Diana bubble tea gbegamey"], "current_owner": "Gbégamey-Centre"}}, {"type": "Feature", "geometry": {"type": "Point", "coordinates": [2.4124965, 6.362917]}, "properties": {"vertex_id": 694, "attempted_target": "Gbégamey-Dodo-Ayidjè", "protected_chef_lieux": ["Gbégamey-Centre"], "n_voters": 1, "required": 3, "voters_sample": ["Diana bubble tea gbegamey"], "current_owner": "Gbégamey-Centre"}}, {"type": "Feature", "geometry": {"type": "Point", "coordinates": [2.411939, 6.3631745]}, "properties": {"vertex_id": 695, "attempted_target": "Gbégamey-Dodo-Ayidjè", "protected_chef_lieux": ["Gbégamey-Centre"], "n_voters": 1, "required": 3, "voters_sample": ["Diana bubble tea gbegamey"], "current_owner": "Gbégamey-Centre"}}, {"type": "Feature", "geometry": {"type": "Point", "coordinates": [2.4117605, 6.3632634]}, "properties": {"vertex_id": 696, "attempted_target": "Gbégamey-Dodo-Ayidjè", "protected_chef_lieux": ["Gbégamey-Centre"], "n_voters": 1, "required": 3, "voters_sample": ["Diana bubble tea gbegamey"], "current_owner": "Gbégamey-Centre"}}, {"type": "Feature", "geometry": {"type": "Point", "coordinates": [2.4112117, 6.3635132]}, "properties": {"vertex_id": 697, "attempted_target": "Gbégamey-Dodo-Ayidjè", "protected_chef_lieux": ["Gbégamey-Centre"], "n_voters": 1, "required": 3, "voters_sample": ["Diana bubble tea gbegamey"], "current_owner": "Gbégamey-Centre"}}, {"type": "Feature", "geometry": {"type": "Point", "coordinates": [2.4111117, 6.3635587]}, "properties": {"vertex_id": 698, "attempted_target": "Gbégamey-Dodo-Ayidjè", "protected_chef_lieux": ["Gbégamey-Centre"], "n_voters": 1, "required": 3, "voters_sample": ["Diana bubble tea gbegamey"], "current_owner": "Gbégamey-Centre"}}, {"type": "Feature", "geometry": {"type": "Point", "coordinates": [2.4112207, 6.3636684]}, "properties": {"vertex_id": 2650, "attempted_target": "Gbégamey-Dodo-Ayidjè", "protected_chef_lieux": ["Gbégamey-Centre"], "n_voters": 1, "required": 3, "voters_sample": ["Diana bubble tea gbegamey"], "current_owner": "Gbégamey-Centre"}}, {"type": "Feature", "geometry": {"type": "Point", "coordinates": [2.4075321, 6.3651933]}, "properties": {"vertex_id": 2694, "attempted_target": "Gbégamey-Dodo-Ayidjè", "protected_chef_lieux": ["Gbégamey-Ahito"], "n_voters": 1, "required": 3, "voters_sample": ["Superette Gbegamey"], "current_owner": "Gbégamey-Ahito"}}, {"type": "Feature", "geometry": {"type": "Point", "coordinates": [2.4074519, 6.3658318]}, "properties": {"vertex_id": 2567, "attempted_target": "Gbégamey-Dodo-Ayidjè", "protected_chef_lieux": ["Gbégamey-Ahito"], "n_voters": 1, "required": 3, "voters_sample": ["Superette Gbegamey"], "current_owner": "Gbégamey-Ahito"}}, {"type": "Feature", "geometry": {"type": "Point", "coordinates": [2.4077977, 6.3653874]}, "properties": {"vertex_id": 2572, "attempted_target": "Gbégamey-Dodo-Ayidjè", "protected_chef_lieux": ["Gbégamey-Ahito"], "n_voters": 1, "required": 3, "voters_sample": ["Superette Gbegamey"], "current_owner": "Gbégamey-Ahito"}}, {"type": "Feature", "geometry": {"type": "Point", "coordinates": [2.4069644, 6.3654509]}, "properties": {"vertex_id": 727, "attempted_target": "Gbégamey-Dodo-Ayidjè", "protected_chef_lieux": ["Gbégamey-Ahito"], "n_voters": 1, "required": 3, "voters_sample": ["Superette Gbegamey"], "current_owner": "Gbégamey-Ahito"}}, {"type": "Feature", "geometry": {"type": "Point", "coordinates": [2.4404132, 6.3856491]}, "properties": {"vertex_id": 104964, "attempted_target": "Hlacômey", "protected_chef_lieux": ["Adôgléta"], "n_voters": 1, "required": 3, "voters_sample": ["Public Primary School De Hlacomey"], "current_owner": "Adôgléta"}}, {"type": "Feature", "geometry": {"type": "Point", "coordinates": [2.4404173, 6.3857063]}, "properties": {"vertex_id": 104965, "attempted_target": "Hlacômey", "protected_chef_lieux": ["Adôgléta"], "n_voters": 1, "required": 3, "voters_sample": ["Public Primary School De Hlacomey"], "current_owner": "Adôgléta"}}, {"type": "Feature", "geometry": {"type": "Point", "coordinates": [2.4404173, 6.3857903]}, "properties": {"vertex_id": 104966, "attempted_target": "Hlacômey", "protected_chef_lieux": ["Adôgléta"], "n_voters": 1, "required": 3, "voters_sample": ["Public Primary School De Hlacomey"], "current_owner": "Adôgléta"}}, {"type": "Feature", "geometry": {"type": "Point", "coordinates": [2.439532, 6.3865637]}, "properties": {"vertex_id": 6536, "attempted_target": "Hlacômey", "protected_chef_lieux": ["Adôgléta"], "n_voters": 1, "required": 3, "voters_sample": ["Public Primary School De Hlacomey"], "current_owner": "Adôgléta"}}, {"type": "Feature", "geometry": {"type": "Point", "coordinates": [2.4399394, 6.3865616]}, "properties": {"vertex_id": 6537, "attempted_target": "Hlacômey", "protected_chef_lieux": ["Adôgléta"], "n_voters": 1, "required": 3, "voters_sample": ["Public Primary School De Hlacomey"], "current_owner": "Adôgléta"}}, {"type": "Feature", "geometry": {"type": "Point", "coordinates": [2.4396806, 6.3861329]}, "properties": {"vertex_id": 6472, "attempted_target": "Hlacômey", "protected_chef_lieux": ["Adôgléta"], "n_voters": 1, "required": 3, "voters_sample": ["Public Primary School De Hlacomey"], "current_owner": "Adôgléta"}}, {"type": "Feature", "geometry": {"type": "Point", "coordinates": [2.4406465, 6.3865497]}, "properties": {"vertex_id": 6539, "attempted_target": "Hlacômey", "protected_chef_lieux": ["Adôgléta"], "n_voters": 1, "required": 3, "voters_sample": ["Public Primary School De Hlacomey"], "current_owner": "Adôgléta"}}, {"type": "Feature", "geometry": {"type": "Point", "coordinates": [2.4405192, 6.3861289]}, "properties": {"vertex_id": 6473, "attempted_target": "Hlacômey", "protected_chef_lieux": ["Adôgléta"], "n_voters": 1, "required": 3, "voters_sample": ["Public Primary School De Hlacomey"], "current_owner": "Adôgléta"}}, {"type": "Feature", "geometry": {"type": "Point", "coordinates": [2.4400133, 6.3866408]}, "properties": {"vertex_id": 6542, "attempted_target": "Hlacômey", "protected_chef_lieux": ["Adôgléta"], "n_voters": 1, "required": 3, "voters_sample": ["Public Primary School De Hlacomey"], "current_owner": "Adôgléta"}}, {"type": "Feature", "geometry": {"type": "Point", "coordinates": [2.4405896, 6.3865583]}, "properties": {"vertex_id": 6538, "attempted_target": "Hlacômey", "protected_chef_lieux": ["Adôgléta"], "n_voters": 1, "required": 3, "voters_sample": ["Public Primary School De Hlacomey"], "current_owner": "Adôgléta"}}, {"type": "Feature", "geometry": {"type": "Point", "coordinates": [2.440664, 6.3866294]}, "properties": {"vertex_id": 6545, "attempted_target": "Hlacômey", "protected_chef_lieux": ["Adôgléta"], "n_voters": 1, "required": 3, "voters_sample": ["Public Primary School De Hlacomey"], "current_owner": "Adôgléta"}}, {"type": "Feature", "geometry": {"type": "Point", "coordinates": [2.4404157, 6.3855849]}, "properties": {"vertex_id": 6482, "attempted_target": "Hlacômey", "protected_chef_lieux": ["Adôgléta"], "n_voters": 1, "required": 3, "voters_sample": ["Public Primary School De Hlacomey"], "current_owner": "Adôgléta"}}, {"type": "Feature", "geometry": {"type": "Point", "coordinates": [2.4399349, 6.3866362]}, "properties": {"vertex_id": 6547, "attempted_target": "Hlacômey", "protected_chef_lieux": ["Adôgléta"], "n_voters": 1, "required": 3, "voters_sample": ["Public Primary School De Hlacomey"], "current_owner": "Adôgléta"}}, {"type": "Feature", "geometry": {"type": "Point", "coordinates": [2.4406022, 6.3866327]}, "properties": {"vertex_id": 6546, "attempted_target": "Hlacômey", "protected_chef_lieux": ["Adôgléta"], "n_voters": 1, "required": 3, "voters_sample": ["Public Primary School De Hlacomey"], "current_owner": "Adôgléta"}}, {"type": "Feature", "geometry": {"type": "Point", "coordinates": [2.440479, 6.3859855]}, "properties": {"vertex_id": 6518, "attempted_target": "Hlacômey", "protected_chef_lieux": ["Adôgléta"], "n_voters": 1, "required": 3, "voters_sample": ["Public Primary School De Hlacomey"], "current_owner": "Adôgléta"}}, {"type": "Feature", "geometry": {"type": "Point", "coordinates": [2.4249143, 6.3606772]}, "properties": {"vertex_id": 42123, "attempted_target": "Zongo-Nima", "protected_chef_lieux": ["Gbéto"], "n_voters": 1, "required": 3, "voters_sample": ["Bank of Africa Zongo"], "current_owner": "Gbéto"}}, {"type": "Feature", "geometry": {"type": "Point", "coordinates": [2.4253043, 6.3601871]}, "properties": {"vertex_id": 5326, "attempted_target": "Zongo-Nima", "protected_chef_lieux": ["Gbéto"], "n_voters": 1, "required": 3, "voters_sample": ["Bank of Africa Zongo"], "current_owner": "Gbéto"}}, {"type": "Feature", "geometry": {"type": "Point", "coordinates": [2.4245357, 6.3611529]}, "properties": {"vertex_id": 5331, "attempted_target": "Zongo-Nima", "protected_chef_lieux": ["Gbéto"], "n_voters": 1, "required": 3, "voters_sample": ["Bank of Africa Zongo"], "current_owner": "Gbéto"}}, {"type": "Feature", "geometry": {"type": "Point", "coordinates": [2.4257066, 6.3596842]}, "properties": {"vertex_id": 5239, "attempted_target": "Zongo-Nima", "protected_chef_lieux": ["Gbéto"], "n_voters": 1, "required": 3, "voters_sample": ["Bank of Africa Zongo"], "current_owner": "Gbéto"}}, {"type": "Feature", "geometry": {"type": "Point", "coordinates": [2.4272645, 6.3564911]}, "properties": {"vertex_id": 1810, "attempted_target": "Zongo-Ehuzu", "protected_chef_lieux": ["Zongo-Nima"], "n_voters": 1, "required": 3, "voters_sample": ["Zongo"], "current_owner": "Zongo-Nima"}}, {"type": "Feature", "geometry": {"type": "Point", "coordinates": [2.4275233, 6.3563088]}, "properties": {"vertex_id": 1811, "attempted_target": "Zongo-Ehuzu", "protected_chef_lieux": ["Zongo-Nima"], "n_voters": 1, "required": 3, "voters_sample": ["Zongo"], "current_owner": "Zongo-Nima"}}, {"type": "Feature", "geometry": {"type": "Point", "coordinates": [2.4276051, 6.3562623]}, "properties": {"vertex_id": 1812, "attempted_target": "Zongo-Ehuzu", "protected_chef_lieux": ["Zongo-Nima"], "n_voters": 1, "required": 3, "voters_sample": ["Zongo"], "current_owner": "Zongo-Nima"}}, {"type": "Feature", "geometry": {"type": "Point", "coordinates": [2.42765, 6.356246]}, "properties": {"vertex_id": 1813, "attempted_target": "Zongo-Ehuzu", "protected_chef_lieux": ["Zongo-Nima"], "n_voters": 1, "required": 3, "voters_sample": ["Zongo"], "current_owner": "Zongo-Nima"}}, {"type": "Feature", "geometry": {"type": "Point", "coordinates": [2.4276936, 6.3562334]}, "properties": {"vertex_id": 1814, "attempted_target": "Zongo-Ehuzu", "protected_chef_lieux": ["Zongo-Nima"], "n_voters": 1, "required": 3, "voters_sample": ["Zongo"], "current_owner": "Zongo-Nima"}}, {"type": "Feature", "geometry": {"type": "Point", "coordinates": [2.4277099, 6.3562128]}, "properties": {"vertex_id": 95143, "attempted_target": "Zongo-Ehuzu", "protected_chef_lieux": ["Zongo-Nima"], "n_voters": 1, "required": 3, "voters_sample": ["Zongo"], "current_owner": "Zongo-Nima"}}, {"type": "Feature", "geometry": {"type": "Point", "coordinates": [2.4277183, 6.3561883]}, "properties": {"vertex_id": 95144, "attempted_target": "Zongo-Ehuzu", "protected_chef_lieux": ["Zongo-Nima"], "n_voters": 1, "required": 3, "voters_sample": ["Zongo"], "current_owner": "Zongo-Nima"}}, {"type": "Feature", "geometry": {"type": "Point", "coordinates": [2.4277224, 6.356171]}, "properties": {"vertex_id": 95145, "attempted_target": "Zongo-Ehuzu", "protected_chef_lieux": ["Zongo-Nima"], "n_voters": 1, "required": 3, "voters_sample": ["Zongo"], "current_owner": "Zongo-Nima"}}, {"type": "Feature", "geometry": {"type": "Point", "coordinates": [2.4277238, 6.3561475]}, "properties": {"vertex_id": 95146, "attempted_target": "Zongo-Ehuzu", "protected_chef_lieux": ["Zongo-Nima"], "n_voters": 1, "required": 3, "voters_sample": ["Zongo"], "current_owner": "Zongo-Nima"}}, {"type": "Feature", "geometry": {"type": "Point", "coordinates": [2.4277264, 6.3560333]}, "properties": {"vertex_id": 95147, "attempted_target": "Zongo-Ehuzu", "protected_chef_lieux": ["Zongo-Nima"], "n_voters": 1, "required": 3, "voters_sample": ["Zongo"], "current_owner": "Zongo-Nima"}}, {"type": "Feature", "geometry": {"type": "Point", "coordinates": [2.4272742, 6.3908878]}, "properties": {"vertex_id": 46663, "attempted_target": "Ahouansori-Towéta", "protected_chef_lieux": ["Ladji"], "n_voters": 1, "required": 3, "voters_sample": ["Toweta 1"], "current_owner": "Ladji"}}, {"type": "Feature", "geometry": {"type": "Point", "coordinates": [2.4274474, 6.3909322]}, "properties": {"vertex_id": 46664, "attempted_target": "Ahouansori-Towéta", "protected_chef_lieux": ["Ladji"], "n_voters": 1, "required": 3, "voters_sample": ["Toweta 1"], "current_owner": "Ladji"}}, {"type": "Feature", "geometry": {"type": "Point", "coordinates": [2.4275158, 6.3909601]}, "properties": {"vertex_id": 46665, "attempted_target": "Ahouansori-Towéta", "protected_chef_lieux": ["Ladji"], "n_voters": 1, "required": 3, "voters_sample": ["Toweta 1"], "current_owner": "Ladji"}}, {"type": "Feature", "geometry": {"type": "Point", "coordinates": [2.427603, 6.3909961]}, "properties": {"vertex_id": 46666, "attempted_target": "Ahouansori-Towéta", "protected_chef_lieux": ["Ladji"], "n_voters": 1, "required": 3, "voters_sample": ["Toweta 1"], "current_owner": "Ladji"}}, {"type": "Feature", "geometry": {"type": "Point", "coordinates": [2.4278804, 6.391129]}, "properties": {"vertex_id": 46667, "attempted_target": "Ahouansori-Towéta", "protected_chef_lieux": ["Ladji"], "n_voters": 1, "required": 3, "voters_sample": ["Toweta 1"], "current_owner": "Ladji"}}, {"type": "Feature", "geometry": {"type": "Point", "coordinates": [2.4280523, 6.3902031]}, "properties": {"vertex_id": 57717, "attempted_target": "Ahouansori-Towéta", "protected_chef_lieux": ["Ladji"], "n_voters": 1, "required": 3, "voters_sample": ["Toweta 1"], "current_owner": "Ladji"}}, {"type": "Feature", "geometry": {"type": "Point", "coordinates": [2.4279946, 6.3905989]}, "properties": {"vertex_id": 57718, "attempted_target": "Ahouansori-Towéta", "protected_chef_lieux": ["Ladji"], "n_voters": 1, "required": 3, "voters_sample": ["Toweta 1"], "current_owner": "Ladji"}}, {"type": "Feature", "geometry": {"type": "Point", "coordinates": [2.4279571, 6.3908402]}, "properties": {"vertex_id": 57719, "attempted_target": "Ahouansori-Towéta", "protected_chef_lieux": ["Ladji"], "n_voters": 1, "required": 3, "voters_sample": ["Toweta 1"], "current_owner": "Ladji"}}, {"type": "Feature", "geometry": {"type": "Point", "coordinates": [2.4279302, 6.3909801]}, "properties": {"vertex_id": 57720, "attempted_target": "Ahouansori-Towéta", "protected_chef_lieux": ["Ladji"], "n_voters": 1, "required": 3, "voters_sample": ["Toweta 1"], "current_owner": "Ladji"}}, {"type": "Feature", "geometry": {"type": "Point", "coordinates": [2.373517, 6.3612931]}, "properties": {"vertex_id": 1285, "attempted_target": "Fidjrossè-Centre", "protected_chef_lieux": ["Adjaha-Cité"], "n_voters": 1, "required": 3, "voters_sample": ["Ecobank Fidjrossé"], "current_owner": "Adjaha-Cité"}}, {"type": "Feature", "geometry": {"type": "Point", "coordinates": [2.3736511, 6.3612071]}, "properties": {"vertex_id": 1286, "attempted_target": "Fidjrossè-Centre", "protected_chef_lieux": ["Adjaha-Cité"], "n_voters": 2, "required": 3, "voters_sample": ["Ecobank Fidjrossé", "Nouvelle Laverie Fidjrossè Cotonou bénin"], "current_owner": "Adjaha-Cité"}}, {"type": "Feature", "geometry": {"type": "Point", "coordinates": [2.3737683, 6.3611222]}, "properties": {"vertex_id": 1287, "attempted_target": "Fidjrossè-Centre", "protected_chef_lieux": ["Adjaha-Cité"], "n_voters": 2, "required": 3, "voters_sample": ["Ecobank Fidjrossé", "Nouvelle Laverie Fidjrossè Cotonou bénin"], "current_owner": "Adjaha-Cité"}}, {"type": "Feature", "geometry": {"type": "Point", "coordinates": [2.3733022, 6.3618259]}, "properties": {"vertex_id": 11272, "attempted_target": "Fidjrossè-Centre", "protected_chef_lieux": ["Adjaha-Cité"], "n_voters": 1, "required": 3, "voters_sample": ["Ecobank Fidjrossé"], "current_owner": "Adjaha-Cité"}}, {"type": "Feature", "geometry": {"type": "Point", "coordinates": [2.3731162, 6.3618316]}, "properties": {"vertex_id": 11273, "attempted_target": "Fidjrossè-Centre", "protected_chef_lieux": ["Adjaha-Cité"], "n_voters": 1, "required": 3, "voters_sample": ["Ecobank Fidjrossé"], "current_owner": "Adjaha-Cité"}}, {"type": "Feature", "geometry": {"type": "Point", "coordinates": [2.3738904, 6.3610493]}, "properties": {"vertex_id": 1288, "attempted_target": "Fidjrossè-Centre", "protected_chef_lieux": ["Adjaha-Cité"], "n_voters": 2, "required": 3, "voters_sample": ["Ecobank Fidjrossé", "Nouvelle Laverie Fidjrossè Cotonou bénin"], "current_owner": "Adjaha-Cité"}}, {"type": "Feature", "geometry": {"type": "Point", "coordinates": [2.3737881, 6.3617574]}, "properties": {"vertex_id": 11271, "attempted_target": "Fidjrossè-Centre", "protected_chef_lieux": ["Adjaha-Cité"], "n_voters": 1, "required": 3, "voters_sample": ["Ecobank Fidjrossé"], "current_owner": "Adjaha-Cité"}}, {"type": "Feature", "geometry": {"type": "Point", "coordinates": [2.3748645, 6.3616376]}, "properties": {"vertex_id": 11270, "attempted_target": "Fidjrossè-Centre", "protected_chef_lieux": ["Adjaha-Cité"], "n_voters": 2, "required": 3, "voters_sample": ["Ecobank Fidjrossé", "Nouvelle Laverie Fidjrossè Cotonou bénin"], "current_owner": "Adjaha-Cité"}}, {"type": "Feature", "geometry": {"type": "Point", "coordinates": [2.3739821, 6.3610799]}, "properties": {"vertex_id": 56357, "attempted_target": "Fidjrossè-Centre", "protected_chef_lieux": ["Adjaha-Cité"], "n_voters": 2, "required": 3, "voters_sample": ["Ecobank Fidjrossé", "Nouvelle Laverie Fidjrossè Cotonou bénin"], "current_owner": "Adjaha-Cité"}}, {"type": "Feature", "geometry": {"type": "Point", "coordinates": [2.3740088, 6.361091]}, "properties": {"vertex_id": 56358, "attempted_target": "Fidjrossè-Centre", "protected_chef_lieux": ["Adjaha-Cité"], "n_voters": 2, "required": 3, "voters_sample": ["Ecobank Fidjrossé", "Nouvelle Laverie Fidjrossè Cotonou bénin"], "current_owner": "Adjaha-Cité"}}, {"type": "Feature", "geometry": {"type": "Point", "coordinates": [2.3736859, 6.3609947]}, "properties": {"vertex_id": 56356, "attempted_target": "Fidjrossè-Centre", "protected_chef_lieux": ["Adjaha-Cité"], "n_voters": 2, "required": 3, "voters_sample": ["Ecobank Fidjrossé", "Nouvelle Laverie Fidjrossè Cotonou bénin"], "current_owner": "Adjaha-Cité"}}, {"type": "Feature", "geometry": {"type": "Point", "coordinates": [2.3736072, 6.3609632]}, "properties": {"vertex_id": 21158, "attempted_target": "Fidjrossè-Centre", "protected_chef_lieux": ["Adjaha-Cité"], "n_voters": 2, "required": 3, "voters_sample": ["Ecobank Fidjrossé", "Nouvelle Laverie Fidjrossè Cotonou bénin"], "current_owner": "Adjaha-Cité"}}, {"type": "Feature", "geometry": {"type": "Point", "coordinates": [2.3736075, 6.3614211]}, "properties": {"vertex_id": 56362, "attempted_target": "Fidjrossè-Centre", "protected_chef_lieux": ["Adjaha-Cité"], "n_voters": 1, "required": 3, "voters_sample": ["Ecobank Fidjrossé"], "current_owner": "Adjaha-Cité"}}, {"type": "Feature", "geometry": {"type": "Point", "coordinates": [2.3735069, 6.3614838]}, "properties": {"vertex_id": 56363, "attempted_target": "Fidjrossè-Centre", "protected_chef_lieux": ["Adjaha-Cité"], "n_voters": 1, "required": 3, "voters_sample": ["Ecobank Fidjrossé"], "current_owner": "Adjaha-Cité"}}, {"type": "Feature", "geometry": {"type": "Point", "coordinates": [2.3739035, 6.3611935]}, "properties": {"vertex_id": 56361, "attempted_target": "Fidjrossè-Centre", "protected_chef_lieux": ["Adjaha-Cité"], "n_voters": 2, "required": 3, "voters_sample": ["Ecobank Fidjrossé", "Nouvelle Laverie Fidjrossè Cotonou bénin"], "current_owner": "Adjaha-Cité"}}, {"type": "Feature", "geometry": {"type": "Point", "coordinates": [2.3740561, 6.3611692]}, "properties": {"vertex_id": 56360, "attempted_target": "Fidjrossè-Centre", "protected_chef_lieux": ["Adjaha-Cité"], "n_voters": 2, "required": 3, "voters_sample": ["Ecobank Fidjrossé", "Nouvelle Laverie Fidjrossè Cotonou bénin"], "current_owner": "Adjaha-Cité"}}, {"type": "Feature", "geometry": {"type": "Point", "coordinates": [2.3729602, 6.3604977]}, "properties": {"vertex_id": 11062, "attempted_target": "Fidjrossè-Centre", "protected_chef_lieux": ["Adjaha-Cité"], "n_voters": 2, "required": 3, "voters_sample": ["Ecobank Fidjrossé", "Nouvelle Laverie Fidjrossè Cotonou bénin"], "current_owner": "Adjaha-Cité"}}, {"type": "Feature", "geometry": {"type": "Point", "coordinates": [2.374637, 6.3606165]}, "properties": {"vertex_id": 28090, "attempted_target": "Fidjrossè-Centre", "protected_chef_lieux": ["Adjaha-Cité"], "n_voters": 2, "required": 3, "voters_sample": ["Ecobank Fidjrossé", "Nouvelle Laverie Fidjrossè Cotonou bénin"], "current_owner": "Adjaha-Cité"}}, {"type": "Feature", "geometry": {"type": "Point", "coordinates": [2.3741231, 6.3609686]}, "properties": {"vertex_id": 104523, "attempted_target": "Fidjrossè-Centre", "protected_chef_lieux": ["Adjaha-Cité"], "n_voters": 2, "required": 3, "voters_sample": ["Ecobank Fidjrossé", "Nouvelle Laverie Fidjrossè Cotonou bénin"], "current_owner": "Adjaha-Cité"}}, {"type": "Feature", "geometry": {"type": "Point", "coordinates": [2.3728623, 6.3613168]}, "properties": {"vertex_id": 105809, "attempted_target": "Fidjrossè-Centre", "protected_chef_lieux": ["Adjaha-Cité"], "n_voters": 1, "required": 3, "voters_sample": ["Ecobank Fidjrossé"], "current_owner": "Adjaha-Cité"}}, {"type": "Feature", "geometry": {"type": "Point", "coordinates": [2.373861, 6.3611826]}, "properties": {"vertex_id": 104535, "attempted_target": "Fidjrossè-Centre", "protected_chef_lieux": ["Adjaha-Cité"], "n_voters": 2, "required": 3, "voters_sample": ["Ecobank Fidjrossé", "Nouvelle Laverie Fidjrossè Cotonou bénin"], "current_owner": "Adjaha-Cité"}}, {"type": "Feature", "geometry": {"type": "Point", "coordinates": [2.3738359, 6.361172]}, "properties": {"vertex_id": 104536, "attempted_target": "Fidjrossè-Centre", "protected_chef_lieux": ["Adjaha-Cité"], "n_voters": 2, "required": 3, "voters_sample": ["Ecobank Fidjrossé", "Nouvelle Laverie Fidjrossè Cotonou bénin"], "current_owner": "Adjaha-Cité"}}, {"type": "Feature", "geometry": {"type": "Point", "coordinates": [2.3738033, 6.3611532]}, "properties": {"vertex_id": 104537, "attempted_target": "Fidjrossè-Centre", "protected_chef_lieux": ["Adjaha-Cité"], "n_voters": 2, "required": 3, "voters_sample": ["Ecobank Fidjrossé", "Nouvelle Laverie Fidjrossè Cotonou bénin"], "current_owner": "Adjaha-Cité"}}, {"type": "Feature", "geometry": {"type": "Point", "coordinates": [2.3734395, 6.3608506]}, "properties": {"vertex_id": 11099, "attempted_target": "Fidjrossè-Centre", "protected_chef_lieux": ["Adjaha-Cité"], "n_voters": 2, "required": 3, "voters_sample": ["Ecobank Fidjrossé", "Nouvelle Laverie Fidjrossè Cotonou bénin"], "current_owner": "Adjaha-Cité"}}, {"type": "Feature", "geometry": {"type": "Point", "coordinates": [2.3744316, 6.3601847]}, "properties": {"vertex_id": 11100, "attempted_target": "Fidjrossè-Centre", "protected_chef_lieux": ["Adjaha-Cité"], "n_voters": 2, "required": 3, "voters_sample": ["Ecobank Fidjrossé", "Nouvelle Laverie Fidjrossè Cotonou bénin"], "current_owner": "Adjaha-Cité"}}, {"type": "Feature", "geometry": {"type": "Point", "coordinates": [2.3747905, 6.3610427]}, "properties": {"vertex_id": 13671, "attempted_target": "Fidjrossè-Centre", "protected_chef_lieux": ["Adjaha-Cité"], "n_voters": 2, "required": 3, "voters_sample": ["Ecobank Fidjrossé", "Nouvelle Laverie Fidjrossè Cotonou bénin"], "current_owner": "Adjaha-Cité"}}, {"type": "Feature", "geometry": {"type": "Point", "coordinates": [2.3741975, 6.3611313]}, "properties": {"vertex_id": 13672, "attempted_target": "Fidjrossè-Centre", "protected_chef_lieux": ["Adjaha-Cité"], "n_voters": 2, "required": 3, "voters_sample": ["Ecobank Fidjrossé", "Nouvelle Laverie Fidjrossè Cotonou bénin"], "current_owner": "Adjaha-Cité"}}, {"type": "Feature", "geometry": {"type": "Point", "coordinates": [2.3741104, 6.3611566]}, "properties": {"vertex_id": 56359, "attempted_target": "Fidjrossè-Centre", "protected_chef_lieux": ["Adjaha-Cité"], "n_voters": 2, "required": 3, "voters_sample": ["Ecobank Fidjrossé", "Nouvelle Laverie Fidjrossè Cotonou bénin"], "current_owner": "Adjaha-Cité"}}, {"type": "Feature", "geometry": {"type": "Point", "coordinates": [2.3742942, 6.359913]}, "properties": {"vertex_id": 28091, "attempted_target": "Fidjrossè-Centre", "protected_chef_lieux": ["Adjaha-Cité"], "n_voters": 1, "required": 3, "voters_sample": ["Nouvelle Laverie Fidjrossè Cotonou bénin"], "current_owner": "Adjaha-Cité"}}, {"type": "Feature", "geometry": {"type": "Point", "coordinates": [2.4454014, 6.3633016]}, "properties": {"vertex_id": 6276, "attempted_target": "Abokicodji-Lagune", "protected_chef_lieux": ["Ohé"], "n_voters": 1, "required": 3, "voters_sample": ["Abokicodji Nazare"], "current_owner": "Ohé"}}, {"type": "Feature", "geometry": {"type": "Point", "coordinates": [2.4454014, 6.3633016]}, "properties": {"vertex_id": 6276, "attempted_target": "Abokicodji-Centre", "protected_chef_lieux": ["Ohé"], "n_voters": 1, "required": 3, "voters_sample": ["Abokicodji-Centre"], "current_owner": "Ohé"}}, {"type": "Feature", "geometry": {"type": "Point", "coordinates": [2.4454588, 6.3633476]}, "properties": {"vertex_id": 6277, "attempted_target": "Abokicodji-Lagune", "protected_chef_lieux": ["Ohé"], "n_voters": 1, "required": 3, "voters_sample": ["Abokicodji Nazare"], "current_owner": "Ohé"}}, {"type": "Feature", "geometry": {"type": "Point", "coordinates": [2.4454588, 6.3633476]}, "properties": {"vertex_id": 6277, "attempted_target": "Abokicodji-Centre", "protected_chef_lieux": ["Ohé"], "n_voters": 1, "required": 3, "voters_sample": ["Abokicodji-Centre"], "current_owner": "Ohé"}}, {"type": "Feature", "geometry": {"type": "Point", "coordinates": [2.4451665, 6.3631133]}, "properties": {"vertex_id": 6214, "attempted_target": "Abokicodji-Lagune", "protected_chef_lieux": ["Ohé"], "n_voters": 1, "required": 3, "voters_sample": ["Abokicodji Nazare"], "current_owner": "Ohé"}}, {"type": "Feature", "geometry": {"type": "Point", "coordinates": [2.4451665, 6.3631133]}, "properties": {"vertex_id": 6214, "attempted_target": "Abokicodji-Centre", "protected_chef_lieux": ["Ohé"], "n_voters": 1, "required": 3, "voters_sample": ["Abokicodji-Centre"], "current_owner": "Ohé"}}, {"type": "Feature", "geometry": {"type": "Point", "coordinates": [2.4461044, 6.3638655]}, "properties": {"vertex_id": 6280, "attempted_target": "Abokicodji-Lagune", "protected_chef_lieux": ["Ohé"], "n_voters": 1, "required": 3, "voters_sample": ["Abokicodji Nazare"], "current_owner": "Ohé"}}, {"type": "Feature", "geometry": {"type": "Point", "coordinates": [2.4461044, 6.3638655]}, "properties": {"vertex_id": 6280, "attempted_target": "Abokicodji-Centre", "protected_chef_lieux": ["Ohé"], "n_voters": 1, "required": 3, "voters_sample": ["Abokicodji-Centre"], "current_owner": "Ohé"}}, {"type": "Feature", "geometry": {"type": "Point", "coordinates": [2.4456644, 6.3635125]}, "properties": {"vertex_id": 6279, "attempted_target": "Abokicodji-Lagune", "protected_chef_lieux": ["Ohé"], "n_voters": 1, "required": 3, "voters_sample": ["Abokicodji Nazare"], "current_owner": "Ohé"}}, {"type": "Feature", "geometry": {"type": "Point", "coordinates": [2.4456644, 6.3635125]}, "properties": {"vertex_id": 6279, "attempted_target": "Abokicodji-Centre", "protected_chef_lieux": ["Ohé"], "n_voters": 1, "required": 3, "voters_sample": ["Abokicodji-Centre"], "current_owner": "Ohé"}}, {"type": "Feature", "geometry": {"type": "Point", "coordinates": [2.4456338, 6.363488]}, "properties": {"vertex_id": 6278, "attempted_target": "Abokicodji-Lagune", "protected_chef_lieux": ["Ohé"], "n_voters": 1, "required": 3, "voters_sample": ["Abokicodji Nazare"], "current_owner": "Ohé"}}, {"type": "Feature", "geometry": {"type": "Point", "coordinates": [2.4456338, 6.363488]}, "properties": {"vertex_id": 6278, "attempted_target": "Abokicodji-Centre", "protected_chef_lieux": ["Ohé"], "n_voters": 1, "required": 3, "voters_sample": ["Abokicodji-Centre"], "current_owner": "Ohé"}}, {"type": "Feature", "geometry": {"type": "Point", "coordinates": [2.4455068, 6.3637043]}, "properties": {"vertex_id": 104922, "attempted_target": "Abokicodji-Lagune", "protected_chef_lieux": ["Ohé"], "n_voters": 1, "required": 3, "voters_sample": ["Abokicodji Nazare"], "current_owner": "Ohé"}}, {"type": "Feature", "geometry": {"type": "Point", "coordinates": [2.4455068, 6.3637043]}, "properties": {"vertex_id": 104922, "attempted_target": "Abokicodji-Centre", "protected_chef_lieux": ["Ohé"], "n_voters": 1, "required": 3, "voters_sample": ["Abokicodji-Centre"], "current_owner": "Ohé"}}, {"type": "Feature", "geometry": {"type": "Point", "coordinates": [2.4460325, 6.3639536]}, "properties": {"vertex_id": 12478, "attempted_target": "Abokicodji-Lagune", "protected_chef_lieux": ["Ohé"], "n_voters": 1, "required": 3, "voters_sample": ["Abokicodji Nazare"], "current_owner": "Ohé"}}, {"type": "Feature", "geometry": {"type": "Point", "coordinates": [2.4460325, 6.3639536]}, "properties": {"vertex_id": 12478, "attempted_target": "Abokicodji-Centre", "protected_chef_lieux": ["Ohé"], "n_voters": 1, "required": 3, "voters_sample": ["Abokicodji-Centre"], "current_owner": "Ohé"}}, {"type": "Feature", "geometry": {"type": "Point", "coordinates": [2.3867395, 6.3883472]}, "properties": {"vertex_id": 4224, "attempted_target": "Zogbo", "protected_chef_lieux": ["Agounvocôdji"], "n_voters": 1, "required": 3, "voters_sample": ["DHL Service Point (UNION ASSURANCES ZOGBO)"], "current_owner": "Agounvocôdji"}}, {"type": "Feature", "geometry": {"type": "Point", "coordinates": [2.3862797, 6.3886702]}, "properties": {"vertex_id": 3607, "attempted_target": "Zogbo", "protected_chef_lieux": ["Agounvocôdji"], "n_voters": 1, "required": 3, "voters_sample": ["DHL Service Point (UNION ASSURANCES ZOGBO)"], "current_owner": "Agounvocôdji"}}, {"type": "Feature", "geometry": {"type": "Point", "coordinates": [2.3859668, 6.3891751]}, "properties": {"vertex_id": 5739, "attempted_target": "Zogbo", "protected_chef_lieux": ["Agounvocôdji"], "n_voters": 1, "required": 3, "voters_sample": ["DHL Service Point (UNION ASSURANCES ZOGBO)"], "current_owner": "Agounvocôdji"}}, {"type": "Feature", "geometry": {"type": "Point", "coordinates": [2.3859332, 6.3891527]}, "properties": {"vertex_id": 5740, "attempted_target": "Zogbo", "protected_chef_lieux": ["Agounvocôdji"], "n_voters": 1, "required": 3, "voters_sample": ["DHL Service Point (UNION ASSURANCES ZOGBO)"], "current_owner": "Agounvocôdji"}}, {"type": "Feature", "geometry": {"type": "Point", "coordinates": [2.4253636, 6.3636653]}, "properties": {"vertex_id": 416, "attempted_target": "Gbéto", "protected_chef_lieux": ["Mifongou"], "n_voters": 1, "required": 3, "voters_sample": ["Souwagbeto, Maro Militaire"], "current_owner": "Mifongou"}}, {"type": "Feature", "geometry": {"type": "Point", "coordinates": [2.4262603, 6.3633348]}, "properties": {"vertex_id": 5346, "attempted_target": "Gbéto", "protected_chef_lieux": ["Mifongou"], "n_voters": 1, "required": 3, "voters_sample": ["Souwagbeto, Maro Militaire"], "current_owner": "Mifongou"}}, {"type": "Feature", "geometry": {"type": "Point", "coordinates": [2.425474, 6.3638256]}, "properties": {"vertex_id": 103427, "attempted_target": "Gbéto", "protected_chef_lieux": ["Mifongou"], "n_voters": 1, "required": 3, "voters_sample": ["Souwagbeto, Maro Militaire"], "current_owner": "Mifongou"}}, {"type": "Feature", "geometry": {"type": "Point", "coordinates": [2.4254344, 6.3638476]}, "properties": {"vertex_id": 103428, "attempted_target": "Gbéto", "protected_chef_lieux": ["Mifongou"], "n_voters": 1, "required": 3, "voters_sample": ["Souwagbeto, Maro Militaire"], "current_owner": "Mifongou"}}, {"type": "Feature", "geometry": {"type": "Point", "coordinates": [2.4254023, 6.3638829]}, "properties": {"vertex_id": 103429, "attempted_target": "Gbéto", "protected_chef_lieux": ["Mifongou"], "n_voters": 1, "required": 3, "voters_sample": ["Souwagbeto, Maro Militaire"], "current_owner": "Mifongou"}}, {"type": "Feature", "geometry": {"type": "Point", "coordinates": [2.4253929, 6.3639035]}, "properties": {"vertex_id": 103430, "attempted_target": "Gbéto", "protected_chef_lieux": ["Mifongou"], "n_voters": 1, "required": 3, "voters_sample": ["Souwagbeto, Maro Militaire"], "current_owner": "Mifongou"}}, {"type": "Feature", "geometry": {"type": "Point", "coordinates": [2.4253929, 6.3639309]}, "properties": {"vertex_id": 103431, "attempted_target": "Gbéto", "protected_chef_lieux": ["Mifongou"], "n_voters": 1, "required": 3, "voters_sample": ["Souwagbeto, Maro Militaire"], "current_owner": "Mifongou"}}, {"type": "Feature", "geometry": {"type": "Point", "coordinates": [2.4255116, 6.3638182]}, "properties": {"vertex_id": 103426, "attempted_target": "Gbéto", "protected_chef_lieux": ["Mifongou"], "n_voters": 1, "required": 3, "voters_sample": ["Souwagbeto, Maro Militaire"], "current_owner": "Mifongou"}}, {"type": "Feature", "geometry": {"type": "Point", "coordinates": [2.4254532, 6.3636496]}, "properties": {"vertex_id": 113610, "attempted_target": "Gbéto", "protected_chef_lieux": ["Mifongou"], "n_voters": 1, "required": 3, "voters_sample": ["Souwagbeto, Maro Militaire"], "current_owner": "Mifongou"}}, {"type": "Feature", "geometry": {"type": "Point", "coordinates": [2.4255216, 6.3636536]}, "properties": {"vertex_id": 113611, "attempted_target": "Gbéto", "protected_chef_lieux": ["Mifongou"], "n_voters": 1, "required": 3, "voters_sample": ["Souwagbeto, Maro Militaire"], "current_owner": "Mifongou"}}, {"type": "Feature", "geometry": {"type": "Point", "coordinates": [2.4249483, 6.3641286]}, "properties": {"vertex_id": 2767, "attempted_target": "Gbéto", "protected_chef_lieux": ["Mifongou"], "n_voters": 1, "required": 3, "voters_sample": ["Souwagbeto, Maro Militaire"], "current_owner": "Mifongou"}}, {"type": "Feature", "geometry": {"type": "Point", "coordinates": [2.4245618, 6.3628254]}, "properties": {"vertex_id": 185, "attempted_target": "Gbéto", "protected_chef_lieux": ["Mifongou"], "n_voters": 1, "required": 3, "voters_sample": ["Souwagbeto, Maro Militaire"], "current_owner": "Mifongou"}}, {"type": "Feature", "geometry": {"type": "Point", "coordinates": [2.4256136, 6.3636781]}, "properties": {"vertex_id": 186, "attempted_target": "Gbéto", "protected_chef_lieux": ["Mifongou"], "n_voters": 1, "required": 3, "voters_sample": ["Souwagbeto, Maro Militaire"], "current_owner": "Mifongou"}}, {"type": "Feature", "geometry": {"type": "Point", "coordinates": [2.4258346, 6.36383]}, "properties": {"vertex_id": 187, "attempted_target": "Gbéto", "protected_chef_lieux": ["Mifongou"], "n_voters": 1, "required": 3, "voters_sample": ["Souwagbeto, Maro Militaire"], "current_owner": "Mifongou"}}, {"type": "Feature", "geometry": {"type": "Point", "coordinates": [2.4257424, 6.3639607]}, "properties": {"vertex_id": 414, "attempted_target": "Gbéto", "protected_chef_lieux": ["Mifongou"], "n_voters": 1, "required": 3, "voters_sample": ["Souwagbeto, Maro Militaire"], "current_owner": "Mifongou"}}, {"type": "Feature", "geometry": {"type": "Point", "coordinates": [2.4255604, 6.3638152]}, "properties": {"vertex_id": 415, "attempted_target": "Gbéto", "protected_chef_lieux": ["Mifongou"], "n_voters": 1, "required": 3, "voters_sample": ["Souwagbeto, Maro Militaire"], "current_owner": "Mifongou"}}, {"type": "Feature", "geometry": {"type": "Point", "coordinates": [2.4639289, 6.36266]}, "properties": {"vertex_id": 10375, "attempted_target": "Fifadji-Houto (Jak)", "protected_chef_lieux": ["Donaten"], "n_voters": 1, "required": 3, "voters_sample": ["Fifadji-Houto"], "current_owner": "Donaten"}}, {"type": "Feature", "geometry": {"type": "Point", "coordinates": [2.4225684, 6.3762581]}, "properties": {"vertex_id": 46630, "attempted_target": "Jéricho-Nord", "protected_chef_lieux": ["Aïdjèdo-Ahito"], "n_voters": 1, "required": 3, "voters_sample": ["HECM SIEGE JERICHO"], "current_owner": "Aïdjèdo-Ahito"}}, {"type": "Feature", "geometry": {"type": "Point", "coordinates": [2.422674, 6.3763355]}, "properties": {"vertex_id": 46631, "attempted_target": "Jéricho-Nord", "protected_chef_lieux": ["Aïdjèdo-Ahito"], "n_voters": 1, "required": 3, "voters_sample": ["HECM SIEGE JERICHO"], "current_owner": "Aïdjèdo-Ahito"}}, {"type": "Feature", "geometry": {"type": "Point", "coordinates": [2.4445699, 6.3749559]}, "properties": {"vertex_id": 6185, "attempted_target": "Midombo", "protected_chef_lieux": ["Adjégounlè"], "n_voters": 1, "required": 3, "voters_sample": ["Atelier face a la voie pave marche midombo"], "current_owner": "Adjégounlè"}}, {"type": "Feature", "geometry": {"type": "Point", "coordinates": [2.4443865, 6.3749437]}, "properties": {"vertex_id": 6186, "attempted_target": "Midombo", "protected_chef_lieux": ["Adjégounlè"], "n_voters": 1, "required": 3, "voters_sample": ["Atelier face a la voie pave marche midombo"], "current_owner": "Adjégounlè"}}, {"type": "Feature", "geometry": {"type": "Point", "coordinates": [2.4445781, 6.375828]}, "properties": {"vertex_id": 6318, "attempted_target": "Midombo", "protected_chef_lieux": ["Adjégounlè"], "n_voters": 1, "required": 3, "voters_sample": ["Atelier face a la voie pave marche midombo"], "current_owner": "Adjégounlè"}}, {"type": "Feature", "geometry": {"type": "Point", "coordinates": [2.4433851, 6.3753246]}, "properties": {"vertex_id": 6298, "attempted_target": "Midombo", "protected_chef_lieux": ["Adjégounlè"], "n_voters": 1, "required": 3, "voters_sample": ["Atelier face a la voie pave marche midombo"], "current_owner": "Adjégounlè"}}, {"type": "Feature", "geometry": {"type": "Point", "coordinates": [2.4403926, 6.3779042]}, "properties": {"vertex_id": 6732, "attempted_target": "Midombo", "protected_chef_lieux": ["Kpankpan"], "n_voters": 1, "required": 3, "voters_sample": ["MTN Agence Midombo"], "current_owner": "Kpankpan"}}, {"type": "Feature", "geometry": {"type": "Point", "coordinates": [2.4404587, 6.3772127]}, "properties": {"vertex_id": 6391, "attempted_target": "Midombo", "protected_chef_lieux": ["Kpankpan"], "n_voters": 1, "required": 3, "voters_sample": ["MTN Agence Midombo"], "current_owner": "Kpankpan"}}, {"type": "Feature", "geometry": {"type": "Point", "coordinates": [2.4111705, 6.3627173]}, "properties": {"vertex_id": 2594, "attempted_target": "Gbégamey-Mifongou", "protected_chef_lieux": ["Gbégamey-Centre"], "n_voters": 1, "required": 3, "voters_sample": ["LEMUEL EXPRESS - Agence/Gare de GBEGAMEY"], "current_owner": "Gbégamey-Centre"}}, {"type": "Feature", "geometry": {"type": "Point", "coordinates": [2.3914855, 6.3663222]}, "properties": {"vertex_id": 94722, "attempted_target": "Houéyihô", "protected_chef_lieux": ["Houénoussou"], "n_voters": 2, "required": 3, "voters_sample": ["Ceg Houéyiho", "Clinique Houeyiho"], "current_owner": "Houénoussou"}}, {"type": "Feature", "geometry": {"type": "Point", "coordinates": [2.3912966, 6.3667145]}, "properties": {"vertex_id": 94724, "attempted_target": "Houéyihô", "protected_chef_lieux": ["Houénoussou"], "n_voters": 2, "required": 3, "voters_sample": ["Ceg Houéyiho", "Clinique Houeyiho"], "current_owner": "Houénoussou"}}, {"type": "Feature", "geometry": {"type": "Point", "coordinates": [2.3913355, 6.3665899]}, "properties": {"vertex_id": 94725, "attempted_target": "Houéyihô", "protected_chef_lieux": ["Houénoussou"], "n_voters": 2, "required": 3, "voters_sample": ["Ceg Houéyiho", "Clinique Houeyiho"], "current_owner": "Houénoussou"}}, {"type": "Feature", "geometry": {"type": "Point", "coordinates": [2.3918417, 6.3668072]}, "properties": {"vertex_id": 21142, "attempted_target": "Houéyihô", "protected_chef_lieux": ["Houénoussou"], "n_voters": 2, "required": 3, "voters_sample": ["Ceg Houéyiho", "Clinique Houeyiho"], "current_owner": "Houénoussou"}}, {"type": "Feature", "geometry": {"type": "Point", "coordinates": [2.391243, 6.3664433]}, "properties": {"vertex_id": 5151, "attempted_target": "Houéyihô", "protected_chef_lieux": ["Houénoussou"], "n_voters": 2, "required": 3, "voters_sample": ["Ceg Houéyiho", "Clinique Houeyiho"], "current_owner": "Houénoussou"}}, {"type": "Feature", "geometry": {"type": "Point", "coordinates": [2.3914051, 6.3665149]}, "properties": {"vertex_id": 5152, "attempted_target": "Houéyihô", "protected_chef_lieux": ["Houénoussou"], "n_voters": 2, "required": 3, "voters_sample": ["Ceg Houéyiho", "Clinique Houeyiho"], "current_owner": "Houénoussou"}}, {"type": "Feature", "geometry": {"type": "Point", "coordinates": [2.3909047, 6.3678368]}, "properties": {"vertex_id": 11044, "attempted_target": "Houéyihô", "protected_chef_lieux": ["Houénoussou"], "n_voters": 2, "required": 3, "voters_sample": ["Ceg Houéyiho", "Clinique Houeyiho"], "current_owner": "Houénoussou"}}, {"type": "Feature", "geometry": {"type": "Point", "coordinates": [2.3907253, 6.3677241]}, "properties": {"vertex_id": 11045, "attempted_target": "Houéyihô", "protected_chef_lieux": ["Houénoussou"], "n_voters": 2, "required": 3, "voters_sample": ["Ceg Houéyiho", "Clinique Houeyiho"], "current_owner": "Houénoussou"}}, {"type": "Feature", "geometry": {"type": "Point", "coordinates": [2.390386, 6.3674709]}, "properties": {"vertex_id": 11046, "attempted_target": "Houéyihô", "protected_chef_lieux": ["Houénoussou"], "n_voters": 2, "required": 3, "voters_sample": ["Ceg Houéyiho", "Clinique Houeyiho"], "current_owner": "Houénoussou"}}, {"type": "Feature", "geometry": {"type": "Point", "coordinates": [2.3916661, 6.367145]}, "properties": {"vertex_id": 21169, "attempted_target": "Houéyihô", "protected_chef_lieux": ["Houénoussou"], "n_voters": 2, "required": 3, "voters_sample": ["Ceg Houéyiho", "Clinique Houeyiho"], "current_owner": "Houénoussou"}}, {"type": "Feature", "geometry": {"type": "Point", "coordinates": [2.3915139, 6.3670524]}, "properties": {"vertex_id": 21170, "attempted_target": "Houéyihô", "protected_chef_lieux": ["Houénoussou"], "n_voters": 2, "required": 3, "voters_sample": ["Ceg Houéyiho", "Clinique Houeyiho"], "current_owner": "Houénoussou"}}, {"type": "Feature", "geometry": {"type": "Point", "coordinates": [2.3912751, 6.3668255]}, "properties": {"vertex_id": 13641, "attempted_target": "Houéyihô", "protected_chef_lieux": ["Houénoussou"], "n_voters": 2, "required": 3, "voters_sample": ["Ceg Houéyiho", "Clinique Houeyiho"], "current_owner": "Houénoussou"}}, {"type": "Feature", "geometry": {"type": "Point", "coordinates": [2.3911608, 6.367187]}, "properties": {"vertex_id": 13673, "attempted_target": "Houéyihô", "protected_chef_lieux": ["Houénoussou"], "n_voters": 2, "required": 3, "voters_sample": ["Ceg Houéyiho", "Clinique Houeyiho"], "current_owner": "Houénoussou"}}, {"type": "Feature", "geometry": {"type": "Point", "coordinates": [2.3910684, 6.3674393]}, "properties": {"vertex_id": 10985, "attempted_target": "Houéyihô", "protected_chef_lieux": ["Houénoussou"], "n_voters": 2, "required": 3, "voters_sample": ["Ceg Houéyiho", "Clinique Houeyiho"], "current_owner": "Houénoussou"}}, {"type": "Feature", "geometry": {"type": "Point", "coordinates": [2.3920296, 6.3675623]}, "properties": {"vertex_id": 11127, "attempted_target": "Houéyihô", "protected_chef_lieux": ["Houénoussou"], "n_voters": 2, "required": 3, "voters_sample": ["Ceg Houéyiho", "Clinique Houeyiho"], "current_owner": "Houénoussou"}}, {"type": "Feature", "geometry": {"type": "Point", "coordinates": [2.3920546, 6.3673917]}, "properties": {"vertex_id": 11128, "attempted_target": "Houéyihô", "protected_chef_lieux": ["Houénoussou"], "n_voters": 2, "required": 3, "voters_sample": ["Ceg Houéyiho", "Clinique Houeyiho"], "current_owner": "Houénoussou"}}, {"type": "Feature", "geometry": {"type": "Point", "coordinates": [2.3915318, 6.3661523]}, "properties": {"vertex_id": 94723, "attempted_target": "Houéyihô", "protected_chef_lieux": ["Houénoussou"], "n_voters": 1, "required": 3, "voters_sample": ["Clinique Houeyiho"], "current_owner": "Houénoussou"}}, {"type": "Feature", "geometry": {"type": "Point", "coordinates": [2.3908404, 6.3661043]}, "properties": {"vertex_id": 5150, "attempted_target": "Houéyihô", "protected_chef_lieux": ["Houénoussou"], "n_voters": 1, "required": 3, "voters_sample": ["Clinique Houeyiho"], "current_owner": "Houénoussou"}}, {"type": "Feature", "geometry": {"type": "Point", "coordinates": [2.3915935, 6.3660023]}, "properties": {"vertex_id": 5168, "attempted_target": "Houéyihô", "protected_chef_lieux": ["Houénoussou"], "n_voters": 1, "required": 3, "voters_sample": ["Clinique Houeyiho"], "current_owner": "Houénoussou"}}, {"type": "Feature", "geometry": {"type": "Point", "coordinates": [2.3903457, 6.3659917]}, "properties": {"vertex_id": 104513, "attempted_target": "Houéyihô", "protected_chef_lieux": ["Houénoussou"], "n_voters": 1, "required": 3, "voters_sample": ["Clinique Houeyiho"], "current_owner": "Houénoussou"}}, {"type": "Feature", "geometry": {"type": "Point", "coordinates": [2.3903529, 6.3660378]}, "properties": {"vertex_id": 104514, "attempted_target": "Houéyihô", "protected_chef_lieux": ["Houénoussou"], "n_voters": 1, "required": 3, "voters_sample": ["Clinique Houeyiho"], "current_owner": "Houénoussou"}}, {"type": "Feature", "geometry": {"type": "Point", "coordinates": [2.3903564, 6.3660822]}, "properties": {"vertex_id": 104515, "attempted_target": "Houéyihô", "protected_chef_lieux": ["Houénoussou"], "n_voters": 1, "required": 3, "voters_sample": ["Clinique Houeyiho"], "current_owner": "Houénoussou"}}, {"type": "Feature", "geometry": {"type": "Point", "coordinates": [2.3903836, 6.3662164]}, "properties": {"vertex_id": 13642, "attempted_target": "Houéyihô", "protected_chef_lieux": ["Houénoussou"], "n_voters": 1, "required": 3, "voters_sample": ["Clinique Houeyiho"], "current_owner": "Houénoussou"}}, {"type": "Feature", "geometry": {"type": "Point", "coordinates": [2.3903095, 6.3661767]}, "properties": {"vertex_id": 13643, "attempted_target": "Houéyihô", "protected_chef_lieux": ["Houénoussou"], "n_voters": 1, "required": 3, "voters_sample": ["Clinique Houeyiho"], "current_owner": "Houénoussou"}}, {"type": "Feature", "geometry": {"type": "Point", "coordinates": [2.3902316, 6.3661593]}, "properties": {"vertex_id": 13644, "attempted_target": "Houéyihô", "protected_chef_lieux": ["Houénoussou"], "n_voters": 1, "required": 3, "voters_sample": ["Clinique Houeyiho"], "current_owner": "Houénoussou"}}, {"type": "Feature", "geometry": {"type": "Point", "coordinates": [2.3901728, 6.366146]}, "properties": {"vertex_id": 13645, "attempted_target": "Houéyihô", "protected_chef_lieux": ["Houénoussou"], "n_voters": 1, "required": 3, "voters_sample": ["Clinique Houeyiho"], "current_owner": "Houénoussou"}}, {"type": "Feature", "geometry": {"type": "Point", "coordinates": [2.3902796, 6.3668237]}, "properties": {"vertex_id": 10986, "attempted_target": "Houéyihô", "protected_chef_lieux": ["Houénoussou"], "n_voters": 1, "required": 3, "voters_sample": ["Clinique Houeyiho"], "current_owner": "Houénoussou"}}, {"type": "Feature", "geometry": {"type": "Point", "coordinates": [2.4080364, 6.3648214]}, "properties": {"vertex_id": 2692, "attempted_target": "Gbégamey-Centre", "protected_chef_lieux": ["Gbégamey-Ahito"], "n_voters": 1, "required": 3, "voters_sample": ["Gbégamey vont en face de l'universite ENIAMME"], "current_owner": "Gbégamey-Ahito"}}, {"type": "Feature", "geometry": {"type": "Point", "coordinates": [2.4092276, 6.3642149]}, "properties": {"vertex_id": 2663, "attempted_target": "Gbégamey-Centre", "protected_chef_lieux": ["Gbégamey-Ahito"], "n_voters": 2, "required": 3, "voters_sample": ["Gbégamey vont en face de l'universite ENIAMME", "Bénin-Semences - Boutique Gbegamey"], "current_owner": "Gbégamey-Ahito"}}, {"type": "Feature", "geometry": {"type": "Point", "coordinates": [2.4080953, 6.3640108]}, "properties": {"vertex_id": 104780, "attempted_target": "Gbégamey-Centre", "protected_chef_lieux": ["Gbégamey-Ahito"], "n_voters": 2, "required": 3, "voters_sample": ["Gbégamey vont en face de l'universite ENIAMME", "Bénin-Semences - Boutique Gbegamey"], "current_owner": "Gbégamey-Ahito"}}, {"type": "Feature", "geometry": {"type": "Point", "coordinates": [2.4093997, 6.3643521]}, "properties": {"vertex_id": 701, "attempted_target": "Gbégamey-Centre", "protected_chef_lieux": ["Gbégamey-Ahito"], "n_voters": 2, "required": 3, "voters_sample": ["Gbégamey vont en face de l'universite ENIAMME", "Bénin-Semences - Boutique Gbegamey"], "current_owner": "Gbégamey-Ahito"}}, {"type": "Feature", "geometry": {"type": "Point", "coordinates": [2.4087997, 6.3646301]}, "properties": {"vertex_id": 702, "attempted_target": "Gbégamey-Centre", "protected_chef_lieux": ["Gbégamey-Ahito"], "n_voters": 2, "required": 3, "voters_sample": ["Gbégamey vont en face de l'universite ENIAMME", "Bénin-Semences - Boutique Gbegamey"], "current_owner": "Gbégamey-Ahito"}}, {"type": "Feature", "geometry": {"type": "Point", "coordinates": [2.4081732, 6.3649295]}, "properties": {"vertex_id": 703, "attempted_target": "Gbégamey-Centre", "protected_chef_lieux": ["Gbégamey-Ahito"], "n_voters": 2, "required": 3, "voters_sample": ["Gbégamey vont en face de l'universite ENIAMME", "Bénin-Semences - Boutique Gbegamey"], "current_owner": "Gbégamey-Ahito"}}, {"type": "Feature", "geometry": {"type": "Point", "coordinates": [2.3996474, 6.3566424]}, "properties": {"vertex_id": 772, "attempted_target": "Haie-Vive-Cocotiers", "protected_chef_lieux": ["Cadjèhoun-Azalokogon"], "n_voters": 1, "required": 3, "voters_sample": ["Polyclinique Les Cocotiers"], "current_owner": "Cadjèhoun-Azalokogon"}}, {"type": "Feature", "geometry": {"type": "Point", "coordinates": [2.3996926, 6.3566703]}, "properties": {"vertex_id": 773, "attempted_target": "Haie-Vive-Cocotiers", "protected_chef_lieux": ["Cadjèhoun-Azalokogon"], "n_voters": 1, "required": 3, "voters_sample": ["Polyclinique Les Cocotiers"], "current_owner": "Cadjèhoun-Azalokogon"}}, {"type": "Feature", "geometry": {"type": "Point", "coordinates": [2.3993882, 6.3568991]}, "properties": {"vertex_id": 3495, "attempted_target": "Haie-Vive-Cocotiers", "protected_chef_lieux": ["Cadjèhoun-Azalokogon"], "n_voters": 1, "required": 3, "voters_sample": ["Polyclinique Les Cocotiers"], "current_owner": "Cadjèhoun-Azalokogon"}}, {"type": "Feature", "geometry": {"type": "Point", "coordinates": [2.3992533, 6.3566946]}, "properties": {"vertex_id": 328, "attempted_target": "Haie-Vive-Cocotiers", "protected_chef_lieux": ["Cadjèhoun-Azalokogon"], "n_voters": 1, "required": 3, "voters_sample": ["Polyclinique Les Cocotiers"], "current_owner": "Cadjèhoun-Azalokogon"}}, {"type": "Feature", "geometry": {"type": "Point", "coordinates": [2.399602, 6.3567967]}, "properties": {"vertex_id": 594, "attempted_target": "Haie-Vive-Cocotiers", "protected_chef_lieux": ["Cadjèhoun-Azalokogon"], "n_voters": 1, "required": 3, "voters_sample": ["Polyclinique Les Cocotiers"], "current_owner": "Cadjèhoun-Azalokogon"}}, {"type": "Feature", "geometry": {"type": "Point", "coordinates": [2.3995484, 6.3567861]}, "properties": {"vertex_id": 595, "attempted_target": "Haie-Vive-Cocotiers", "protected_chef_lieux": ["Cadjèhoun-Azalokogon"], "n_voters": 1, "required": 3, "voters_sample": ["Polyclinique Les Cocotiers"], "current_owner": "Cadjèhoun-Azalokogon"}}, {"type": "Feature", "geometry": {"type": "Point", "coordinates": [2.3994342, 6.3567753]}, "properties": {"vertex_id": 596, "attempted_target": "Haie-Vive-Cocotiers", "protected_chef_lieux": ["Cadjèhoun-Azalokogon"], "n_voters": 1, "required": 3, "voters_sample": ["Polyclinique Les Cocotiers"], "current_owner": "Cadjèhoun-Azalokogon"}}, {"type": "Feature", "geometry": {"type": "Point", "coordinates": [2.4476755, 6.3670862]}, "properties": {"vertex_id": 19968, "attempted_target": "Gbèdjèwin", "protected_chef_lieux": ["Abokicodji-Centre"], "n_voters": 1, "required": 3, "voters_sample": ["CDPA Gbèdjèwin (Akpakpa)"], "current_owner": "Abokicodji-Centre"}}, {"type": "Feature", "geometry": {"type": "Point", "coordinates": [2.4468777, 6.3665233]}, "properties": {"vertex_id": 19969, "attempted_target": "Gbèdjèwin", "protected_chef_lieux": ["Abokicodji-Centre"], "n_voters": 1, "required": 3, "voters_sample": ["CDPA Gbèdjèwin (Akpakpa)"], "current_owner": "Abokicodji-Centre"}}, {"type": "Feature", "geometry": {"type": "Point", "coordinates": [2.4463999, 6.3661087]}, "properties": {"vertex_id": 19970, "attempted_target": "Gbèdjèwin", "protected_chef_lieux": ["Abokicodji-Centre"], "n_voters": 1, "required": 3, "voters_sample": ["CDPA Gbèdjèwin (Akpakpa)"], "current_owner": "Abokicodji-Centre"}}, {"type": "Feature", "geometry": {"type": "Point", "coordinates": [2.4468678, 6.3674319]}, "properties": {"vertex_id": 41954, "attempted_target": "Gbèdjèwin", "protected_chef_lieux": ["Abokicodji-Centre"], "n_voters": 1, "required": 3, "voters_sample": ["CDPA Gbèdjèwin (Akpakpa)"], "current_owner": "Abokicodji-Centre"}}, {"type": "Feature", "geometry": {"type": "Point", "coordinates": [2.4464367, 6.3669452]}, "properties": {"vertex_id": 6212, "attempted_target": "Gbèdjèwin", "protected_chef_lieux": ["Abokicodji-Centre"], "n_voters": 1, "required": 3, "voters_sample": ["CDPA Gbèdjèwin (Akpakpa)"], "current_owner": "Abokicodji-Centre"}}, {"type": "Feature", "geometry": {"type": "Point", "coordinates": [2.4464831, 6.3660101]}, "properties": {"vertex_id": 103387, "attempted_target": "Gbèdjèwin", "protected_chef_lieux": ["Abokicodji-Centre"], "n_voters": 1, "required": 3, "voters_sample": ["CDPA Gbèdjèwin (Akpakpa)"], "current_owner": "Abokicodji-Centre"}}, {"type": "Feature", "geometry": {"type": "Point", "coordinates": [2.4468619, 6.3663274]}, "properties": {"vertex_id": 19944, "attempted_target": "Gbèdjèwin", "protected_chef_lieux": ["Abokicodji-Centre"], "n_voters": 1, "required": 3, "voters_sample": ["CDPA Gbèdjèwin (Akpakpa)"], "current_owner": "Abokicodji-Centre"}}, {"type": "Feature", "geometry": {"type": "Point", "coordinates": [2.4473483, 6.3658399]}, "properties": {"vertex_id": 19945, "attempted_target": "Gbèdjèwin", "protected_chef_lieux": ["Abokicodji-Centre"], "n_voters": 1, "required": 3, "voters_sample": ["CDPA Gbèdjèwin (Akpakpa)"], "current_owner": "Abokicodji-Centre"}}, {"type": "Feature", "geometry": {"type": "Point", "coordinates": [2.4477403, 6.3653447]}, "properties": {"vertex_id": 19946, "attempted_target": "Gbèdjèwin", "protected_chef_lieux": ["Abokicodji-Centre"], "n_voters": 1, "required": 3, "voters_sample": ["CDPA Gbèdjèwin (Akpakpa)"], "current_owner": "Abokicodji-Centre"}}, {"type": "Feature", "geometry": {"type": "Point", "coordinates": [2.4477587, 6.3669822]}, "properties": {"vertex_id": 103388, "attempted_target": "Gbèdjèwin", "protected_chef_lieux": ["Abokicodji-Centre"], "n_voters": 1, "required": 3, "voters_sample": ["CDPA Gbèdjèwin (Akpakpa)"], "current_owner": "Abokicodji-Centre"}}, {"type": "Feature", "geometry": {"type": "Point", "coordinates": [2.4462725, 6.3658861]}, "properties": {"vertex_id": 6224, "attempted_target": "Gbèdjèwin", "protected_chef_lieux": ["Abokicodji-Centre"], "n_voters": 1, "required": 3, "voters_sample": ["CDPA Gbèdjèwin (Akpakpa)"], "current_owner": "Abokicodji-Centre"}}, {"type": "Feature", "geometry": {"type": "Point", "coordinates": [2.4481539, 6.3664881]}, "properties": {"vertex_id": 48339, "attempted_target": "Gbèdjèwin", "protected_chef_lieux": ["Abokicodji-Centre"], "n_voters": 1, "required": 3, "voters_sample": ["CDPA Gbèdjèwin (Akpakpa)"], "current_owner": "Abokicodji-Centre"}}, {"type": "Feature", "geometry": {"type": "Point", "coordinates": [2.4467783, 6.367349]}, "properties": {"vertex_id": 1915, "attempted_target": "Gbèdjèwin", "protected_chef_lieux": ["Abokicodji-Centre"], "n_voters": 1, "required": 3, "voters_sample": ["CDPA Gbèdjèwin (Akpakpa)"], "current_owner": "Abokicodji-Centre"}}, {"type": "Feature", "geometry": {"type": "Point", "coordinates": [2.4467691, 6.366441]}, "properties": {"vertex_id": 1916, "attempted_target": "Gbèdjèwin", "protected_chef_lieux": ["Abokicodji-Centre"], "n_voters": 1, "required": 3, "voters_sample": ["CDPA Gbèdjèwin (Akpakpa)"], "current_owner": "Abokicodji-Centre"}}, {"type": "Feature", "geometry": {"type": "Point", "coordinates": [2.4467713, 6.3662558]}, "properties": {"vertex_id": 1917, "attempted_target": "Gbèdjèwin", "protected_chef_lieux": ["Abokicodji-Centre"], "n_voters": 1, "required": 3, "voters_sample": ["CDPA Gbèdjèwin (Akpakpa)"], "current_owner": "Abokicodji-Centre"}}, {"type": "Feature", "geometry": {"type": "Point", "coordinates": [2.4467678, 6.3654392]}, "properties": {"vertex_id": 1918, "attempted_target": "Gbèdjèwin", "protected_chef_lieux": ["Abokicodji-Centre"], "n_voters": 1, "required": 3, "voters_sample": ["CDPA Gbèdjèwin (Akpakpa)"], "current_owner": "Abokicodji-Centre"}}, {"type": "Feature", "geometry": {"type": "Point", "coordinates": [2.4277189, 6.3825864]}, "properties": {"vertex_id": 4616, "attempted_target": "Djidjè", "protected_chef_lieux": ["Aïdjèdo-Gbègo"], "n_voters": 1, "required": 3, "voters_sample": ["Eglise Catholique Ste Famille de Djidjè"], "current_owner": "Aïdjèdo-Gbègo"}}, {"type": "Feature", "geometry": {"type": "Point", "coordinates": [2.4323937, 6.3591913]}, "properties": {"vertex_id": 44784, "attempted_target": "Guinkômey", "protected_chef_lieux": ["Avlékété-Joncquet"], "n_voters": 1, "required": 3, "voters_sample": ["TCV Guinkomey station, Cotonou"], "current_owner": "Avlékété-Joncquet"}}, {"type": "Feature", "geometry": {"type": "Point", "coordinates": [2.4504782, 6.3718425]}, "properties": {"vertex_id": 19906, "attempted_target": "Ayélawadjè", "protected_chef_lieux": ["Fifatin"], "n_voters": 1, "required": 3, "voters_sample": ["Pharmacie Ayelawadje"], "current_owner": "Fifatin"}}, {"type": "Feature", "geometry": {"type": "Point", "coordinates": [2.4491521, 6.3737794]}, "properties": {"vertex_id": 6846, "attempted_target": "Fifatin", "protected_chef_lieux": ["Ayélawadjè"], "n_voters": 1, "required": 3, "voters_sample": ["Fifatin"], "current_owner": "Ayélawadjè"}}, {"type": "Feature", "geometry": {"type": "Point", "coordinates": [2.4000184, 6.3646808]}, "properties": {"vertex_id": 2785, "attempted_target": "Vodjè-Kpota", "protected_chef_lieux": ["Cadjèhoun-Kpota"], "n_voters": 1, "required": 3, "voters_sample": ["Vodje-Kpota"], "current_owner": "Cadjèhoun-Kpota"}}, {"type": "Feature", "geometry": {"type": "Point", "coordinates": [2.3441437, 6.395159]}, "properties": {"vertex_id": 20370, "attempted_target": "Godomey-Togoudo", "protected_chef_lieux": ["Nonhouénou\n"], "n_voters": 1, "required": 3, "voters_sample": ["Terrain de foot de Godomey"], "current_owner": "Nonhouénou\n"}}, {"type": "Feature", "geometry": {"type": "Point", "coordinates": [2.344497, 6.394886]}, "properties": {"vertex_id": 20371, "attempted_target": "Godomey-Togoudo", "protected_chef_lieux": ["Nonhouénou\n"], "n_voters": 1, "required": 3, "voters_sample": ["Terrain de foot de Godomey"], "current_owner": "Nonhouénou\n"}}, {"type": "Feature", "geometry": {"type": "Point", "coordinates": [2.3451647, 6.394622]}, "properties": {"vertex_id": 34453, "attempted_target": "Godomey-Togoudo", "protected_chef_lieux": ["Nonhouénou\n"], "n_voters": 1, "required": 3, "voters_sample": ["Terrain de foot de Godomey"], "current_owner": "Nonhouénou\n"}}, {"type": "Feature", "geometry": {"type": "Point", "coordinates": [2.34448, 6.3951815]}, "properties": {"vertex_id": 34454, "attempted_target": "Godomey-Togoudo", "protected_chef_lieux": ["Nonhouénou\n"], "n_voters": 1, "required": 3, "voters_sample": ["Terrain de foot de Godomey"], "current_owner": "Nonhouénou\n"}}, {"type": "Feature", "geometry": {"type": "Point", "coordinates": [2.3452168, 6.3946762]}, "properties": {"vertex_id": 12350, "attempted_target": "Godomey-Togoudo", "protected_chef_lieux": ["Nonhouénou\n"], "n_voters": 1, "required": 3, "voters_sample": ["Terrain de foot de Godomey"], "current_owner": "Nonhouénou\n"}}, {"type": "Feature", "geometry": {"type": "Point", "coordinates": [2.3445932, 6.3951834]}, "properties": {"vertex_id": 102757, "attempted_target": "Godomey-Togoudo", "protected_chef_lieux": ["Nonhouénou\n"], "n_voters": 1, "required": 3, "voters_sample": ["Terrain de foot de Godomey"], "current_owner": "Nonhouénou\n"}}, {"type": "Feature", "geometry": {"type": "Point", "coordinates": [2.3443514, 6.3946454]}, "properties": {"vertex_id": 30438, "attempted_target": "Godomey-Togoudo", "protected_chef_lieux": ["Nonhouénou\n"], "n_voters": 1, "required": 3, "voters_sample": ["Terrain de foot de Godomey"], "current_owner": "Nonhouénou\n"}}, {"type": "Feature", "geometry": {"type": "Point", "coordinates": [2.3455059, 6.3950104]}, "properties": {"vertex_id": 3173, "attempted_target": "Godomey-Togoudo", "protected_chef_lieux": ["Nonhouénou\n"], "n_voters": 1, "required": 3, "voters_sample": ["Terrain de foot de Godomey"], "current_owner": "Nonhouénou\n"}}, {"type": "Feature", "geometry": {"type": "Point", "coordinates": [2.3443097, 6.3954089]}, "properties": {"vertex_id": 102758, "attempted_target": "Godomey-Togoudo", "protected_chef_lieux": ["Nonhouénou\n"], "n_voters": 1, "required": 3, "voters_sample": ["Terrain de foot de Godomey"], "current_owner": "Nonhouénou\n"}}, {"type": "Feature", "geometry": {"type": "Point", "coordinates": [2.3458171, 6.3953871]}, "properties": {"vertex_id": 2926, "attempted_target": "Godomey-Togoudo", "protected_chef_lieux": ["Nonhouénou\n"], "n_voters": 1, "required": 3, "voters_sample": ["Terrain de foot de Godomey"], "current_owner": "Nonhouénou\n"}}, {"type": "Feature", "geometry": {"type": "Point", "coordinates": [2.3440041, 6.394944]}, "properties": {"vertex_id": 30447, "attempted_target": "Godomey-Togoudo", "protected_chef_lieux": ["Nonhouénou\n"], "n_voters": 1, "required": 3, "voters_sample": ["Terrain de foot de Godomey"], "current_owner": "Nonhouénou\n"}}, {"type": "Feature", "geometry": {"type": "Point", "coordinates": [2.3441471, 6.3952812]}, "properties": {"vertex_id": 34423, "attempted_target": "Godomey-Togoudo", "protected_chef_lieux": ["Nonhouénou\n"], "n_voters": 1, "required": 3, "voters_sample": ["Terrain de foot de Godomey"], "current_owner": "Nonhouénou\n"}}, {"type": "Feature", "geometry": {"type": "Point", "coordinates": [2.3444365, 6.3950568]}, "properties": {"vertex_id": 34424, "attempted_target": "Godomey-Togoudo", "protected_chef_lieux": ["Nonhouénou\n"], "n_voters": 1, "required": 3, "voters_sample": ["Terrain de foot de Godomey"], "current_owner": "Nonhouénou\n"}}, {"type": "Feature", "geometry": {"type": "Point", "coordinates": [2.3060925, 6.3879054]}, "properties": {"vertex_id": 19255, "attempted_target": "Cocotomey", "protected_chef_lieux": ["Tokpa\n"], "n_voters": 1, "required": 3, "voters_sample": ["Pathesthey institut de beauté Cocotomey"], "current_owner": "Tokpa\n"}}, {"type": "Feature", "geometry": {"type": "Point", "coordinates": [2.3067685, 6.3879658]}, "properties": {"vertex_id": 19258, "attempted_target": "Cocotomey", "protected_chef_lieux": ["Tokpa\n"], "n_voters": 1, "required": 3, "voters_sample": ["Pathesthey institut de beauté Cocotomey"], "current_owner": "Tokpa\n"}}, {"type": "Feature", "geometry": {"type": "Point", "coordinates": [2.3073132, 6.3878691]}, "properties": {"vertex_id": 19259, "attempted_target": "Cocotomey", "protected_chef_lieux": ["Tokpa\n"], "n_voters": 1, "required": 3, "voters_sample": ["Pathesthey institut de beauté Cocotomey"], "current_owner": "Tokpa\n"}}]}