{"type": "FeatureCollection", "features": [{"type": "Feature", "geometry": {"type": "Point", "coordinates": [2.348875491849601, 6.3764954104709055]}, "properties": {"edge_length_m": 52.4, "X": "Plateau\n", "Y": "Dénou\n", "X_side_m": 26.2, "Y_side_m": 26.2}}, {"type": "Feature", "geometry": {"type": "Point", "coordinates": [2.3479687664638287, 6.377135934971252]}, "properties": {"edge_length_m": 198.0, "X": "Plateau\n", "Y": "Dénou\n", "X_side_m": 119.8, "Y_side_m": 78.2}}, {"type": "Feature", "geometry": {"type": "Point", "coordinates": [2.3473761352166, 6.377554859401957]}, "properties": {"edge_length_m": 58.1, "X": "Plateau\n", "Y": "Dénou\n", "X_side_m": 17.2, "Y_side_m": 41.0}}, {"type": "Feature", "geometry": {"type": "Point", "coordinates": [2.3471761794912873, 6.378041718534126]}, "properties": {"edge_length_m": 57.0, "X": "Plateau\n", "Y": "Dénou\n", "X_side_m": 16.2, "Y_side_m": 40.8}}, {"type": "Feature", "geometry": {"type": "Point", "coordinates": [2.3181220406319407, 6.397002092916699]}, "properties": {"edge_length_m": 62.0, "X": "La-Paix\n", "Y": "Atrokpo-Codji", "X_side_m": 30.7, "Y_side_m": 31.4}}, {"type": "Feature", "geometry": {"type": "Point", "coordinates": [2.317862053392714, 6.396767196059079]}, "properties": {"edge_length_m": 29.6, "X": "La-Paix\n", "Y": "Atrokpo-Codji", "X_side_m": 29.3, "Y_side_m": 0.3}}, {"type": "Feature", "geometry": {"type": "Point", "coordinates": [2.3021672575677306, 6.390622954567196]}, "properties": {"edge_length_m": 43.0, "X": "Tokpa\n", "Y": "Cocotomey", "X_side_m": 38.2, "Y_side_m": 4.8}}, {"type": "Feature", "geometry": {"type": "Point", "coordinates": [2.302226851465418, 6.390697233261868]}, "properties": {"edge_length_m": 65.3, "X": "Tokpa\n", "Y": "Cocotomey", "X_side_m": 55.9, "Y_side_m": 9.4}}, {"type": "Feature", "geometry": {"type": "Point", "coordinates": [2.30553755, 6.38831485]}, "properties": {"edge_length_m": 54.0, "X": "Tokpa\n", "Y": "Cocotomey", "X_side_m": 27.0, "Y_side_m": 27.0}}, {"type": "Feature", "geometry": {"type": "Point", "coordinates": [2.30579775, 6.3879892]}, "properties": {"edge_length_m": 67.8, "X": "Tokpa\n", "Y": "Cocotomey", "X_side_m": 33.9, "Y_side_m": 33.9}}, {"type": "Feature", "geometry": {"type": "Point", "coordinates": [2.3060542, 6.387457449999999]}, "properties": {"edge_length_m": 99.4, "X": "Tokpa\n", "Y": "Cocotomey", "X_side_m": 49.7, "Y_side_m": 49.7}}, {"type": "Feature", "geometry": {"type": "Point", "coordinates": [2.30530195, 6.3885247]}, "properties": {"edge_length_m": 60.2, "X": "Tokpa\n", "Y": "Cocotomey", "X_side_m": 30.1, "Y_side_m": 30.1}}, {"type": "Feature", "geometry": {"type": "Point", "coordinates": [2.3073376999999997, 6.38764965]}, "properties": {"edge_length_m": 48.8, "X": "Tokpa\n", "Y": "Cocotomey", "X_side_m": 24.4, "Y_side_m": 24.4}}, {"type": "Feature", "geometry": {"type": "Point", "coordinates": [2.30758715, 6.38742855]}, "properties": {"edge_length_m": 49.8, "X": "Tokpa\n", "Y": "Cocotomey", "X_side_m": 24.9, "Y_side_m": 24.9}}, {"type": "Feature", "geometry": {"type": "Point", "coordinates": [2.30488675, 6.389419999999999]}, "properties": {"edge_length_m": 44.3, "X": "Tokpa\n", "Y": "Cocotomey", "X_side_m": 22.2, "Y_side_m": 22.2}}, {"type": "Feature", "geometry": {"type": "Point", "coordinates": [2.3046748, 6.3896412]}, "properties": {"edge_length_m": 43.0, "X": "Tokpa\n", "Y": "Cocotomey", "X_side_m": 21.5, "Y_side_m": 21.5}}, {"type": "Feature", "geometry": {"type": "Point", "coordinates": [2.30234015, 6.3899112]}, "properties": {"edge_length_m": 27.1, "X": "Tokpa\n", "Y": "Cocotomey", "X_side_m": 13.6, "Y_side_m": 13.6}}, {"type": "Feature", "geometry": {"type": "Point", "coordinates": [2.3023291, 6.38948415]}, "properties": {"edge_length_m": 89.1, "X": "Tokpa\n", "Y": "Cocotomey", "X_side_m": 44.6, "Y_side_m": 44.6}}, {"type": "Feature", "geometry": {"type": "Point", "coordinates": [2.3030435999999996, 6.39284815]}, "properties": {"edge_length_m": 120.0, "X": "Tokpa\n", "Y": "Cocotomey", "X_side_m": 60.0, "Y_side_m": 60.0}}, {"type": "Feature", "geometry": {"type": "Point", "coordinates": [2.3034979499999997, 6.3930099]}, "properties": {"edge_length_m": 59.5, "X": "Tokpa\n", "Y": "Cocotomey", "X_side_m": 29.7, "Y_side_m": 29.7}}, {"type": "Feature", "geometry": {"type": "Point", "coordinates": [2.30373255, 6.39294795]}, "properties": {"edge_length_m": 51.0, "X": "Tokpa\n", "Y": "Cocotomey", "X_side_m": 25.5, "Y_side_m": 25.5}}, {"type": "Feature", "geometry": {"type": "Point", "coordinates": [2.3042650499999997, 6.39117965]}, "properties": {"edge_length_m": 37.2, "X": "Tokpa\n", "Y": "Cocotomey", "X_side_m": 18.6, "Y_side_m": 18.6}}, {"type": "Feature", "geometry": {"type": "Point", "coordinates": [2.30446155, 6.39135675]}, "properties": {"edge_length_m": 52.9, "X": "Tokpa\n", "Y": "Cocotomey", "X_side_m": 26.5, "Y_side_m": 26.5}}, {"type": "Feature", "geometry": {"type": "Point", "coordinates": [2.30362545, 6.39060445]}, "properties": {"edge_length_m": 176.2, "X": "Tokpa\n", "Y": "Cocotomey", "X_side_m": 88.1, "Y_side_m": 88.1}}, {"type": "Feature", "geometry": {"type": "Point", "coordinates": [2.2815106779502545, 6.3865017403854845]}, "properties": {"edge_length_m": 147.6, "X": "Cococodji", "Y": "Gbodjè-Womey\n", "X_side_m": 138.2, "Y_side_m": 9.3}}, {"type": "Feature", "geometry": {"type": "Point", "coordinates": [2.281590730753887, 6.386582824509292]}, "properties": {"edge_length_m": 52.7, "X": "Cococodji", "Y": "Gbodjè-Womey\n", "X_side_m": 44.2, "Y_side_m": 8.5}}, {"type": "Feature", "geometry": {"type": "Point", "coordinates": [2.444441256520001, 6.372010291042879]}, "properties": {"edge_length_m": 72.0, "X": "Adjégounlè", "Y": "Misséssin", "X_side_m": 10.2, "Y_side_m": 61.8}}, {"type": "Feature", "geometry": {"type": "Point", "coordinates": [2.4454219366054057, 6.372555510347413]}, "properties": {"edge_length_m": 149.3, "X": "Adjégounlè", "Y": "Misséssin", "X_side_m": 109.7, "Y_side_m": 39.6}}, {"type": "Feature", "geometry": {"type": "Point", "coordinates": [2.4457817893994043, 6.372763705667727]}, "properties": {"edge_length_m": 68.3, "X": "Adjégounlè", "Y": "Misséssin", "X_side_m": 23.6, "Y_side_m": 44.8}}, {"type": "Feature", "geometry": {"type": "Point", "coordinates": [2.4028479214404888, 6.363543327495574]}, "properties": {"edge_length_m": 67.0, "X": "Cadjèhoun-Kpota", "Y": "Cadjèhoun-Gare", "X_side_m": 19.5, "Y_side_m": 47.5}}, {"type": "Feature", "geometry": {"type": "Point", "coordinates": [2.4022772944898967, 6.3625691407638705]}, "properties": {"edge_length_m": 172.9, "X": "Cadjèhoun-Kpota", "Y": "Cadjèhoun-Gare", "X_side_m": 116.1, "Y_side_m": 56.8}}, {"type": "Feature", "geometry": {"type": "Point", "coordinates": [2.4020044044674647, 6.361609940087164]}, "properties": {"edge_length_m": 196.0, "X": "Cadjèhoun-Kpota", "Y": "Cadjèhoun-Gare", "X_side_m": 31.2, "Y_side_m": 164.8}}, {"type": "Feature", "geometry": {"type": "Point", "coordinates": [2.402185400907547, 6.3618381634209555]}, "properties": {"edge_length_m": 65.8, "X": "Cadjèhoun-Kpota", "Y": "Cadjèhoun-Gare", "X_side_m": 7.6, "Y_side_m": 58.2}}, {"type": "Feature", "geometry": {"type": "Point", "coordinates": [2.40104319803372, 6.360426248556593]}, "properties": {"edge_length_m": 64.0, "X": "Cadjèhoun-Kpota", "Y": "Cadjèhoun-Gare", "X_side_m": 38.1, "Y_side_m": 25.9}}, {"type": "Feature", "geometry": {"type": "Point", "coordinates": [2.40446985, 6.36279135]}, "properties": {"edge_length_m": 180.2, "X": "Cadjèhoun-Détinsa", "Y": "Cadjèhoun-Gare", "X_side_m": 90.1, "Y_side_m": 90.1}}, {"type": "Feature", "geometry": {"type": "Point", "coordinates": [2.406139056679788, 6.364217975046623]}, "properties": {"edge_length_m": 64.9, "X": "Cadjèhoun-Détinsa", "Y": "Cadjèhoun-Gare", "X_side_m": 52.5, "Y_side_m": 12.4}}, {"type": "Feature", "geometry": {"type": "Point", "coordinates": [2.4052971000000003, 6.3630445]}, "properties": {"edge_length_m": 68.1, "X": "Cadjèhoun-Détinsa", "Y": "Cadjèhoun-Gare", "X_side_m": 34.0, "Y_side_m": 34.0}}, {"type": "Feature", "geometry": {"type": "Point", "coordinates": [2.40566025, 6.3637104]}, "properties": {"edge_length_m": 152.5, "X": "Cadjèhoun-Détinsa", "Y": "Cadjèhoun-Gare", "X_side_m": 76.2, "Y_side_m": 76.2}}, {"type": "Feature", "geometry": {"type": "Point", "coordinates": [2.420669145056138, 6.355726014328013]}, "properties": {"edge_length_m": 72.9, "X": "Gbèdiga-Guêdêhounguè", "Y": "Zongo-Ehuzu", "X_side_m": 57.5, "Y_side_m": 15.4}}, {"type": "Feature", "geometry": {"type": "Point", "coordinates": [2.421099259539389, 6.356225359224559]}, "properties": {"edge_length_m": 122.6, "X": "Gbèdiga-Guêdêhounguè", "Y": "Zongo-Ehuzu", "X_side_m": 51.0, "Y_side_m": 71.6}}, {"type": "Feature", "geometry": {"type": "Point", "coordinates": [2.420549211748642, 6.355580709413266]}, "properties": {"edge_length_m": 352.7, "X": "Gbèdiga-Guêdêhounguè", "Y": "Zongo-Ehuzu", "X_side_m": 14.2, "Y_side_m": 338.5}}, {"type": "Feature", "geometry": {"type": "Point", "coordinates": [2.4177422175172913, 6.351556199335563]}, "properties": {"edge_length_m": 5.7, "X": "Gbèdiga-Guêdêhounguè", "Y": "Zongo-Ehuzu", "X_side_m": 4.4, "Y_side_m": 1.3}}, {"type": "Feature", "geometry": {"type": "Point", "coordinates": [2.4177307232625886, 6.351065941077661]}, "properties": {"edge_length_m": 134.9, "X": "Gbèdiga-Guêdêhounguè", "Y": "Zongo-Ehuzu", "X_side_m": 55.1, "Y_side_m": 79.8}}, {"type": "Feature", "geometry": {"type": "Point", "coordinates": [2.4036847, 6.3675879]}, "properties": {"edge_length_m": 34.4, "X": "Cadjèhoun-Détinsa", "Y": "Vodjè-Kpota", "X_side_m": 17.2, "Y_side_m": 17.2}}, {"type": "Feature", "geometry": {"type": "Point", "coordinates": [2.4039935, 6.3674546]}, "properties": {"edge_length_m": 68.2, "X": "Cadjèhoun-Détinsa", "Y": "Vodjè-Kpota", "X_side_m": 34.1, "Y_side_m": 34.1}}, {"type": "Feature", "geometry": {"type": "Point", "coordinates": [2.3901823169177714, 6.373949217720125]}, "properties": {"edge_length_m": 43.2, "X": "Houénoussou", "Y": "Houéyihô-Tannou", "X_side_m": 27.8, "Y_side_m": 15.3}}, {"type": "Feature", "geometry": {"type": "Point", "coordinates": [2.390359296129338, 6.373950712754386]}, "properties": {"edge_length_m": 49.6, "X": "Houénoussou", "Y": "Houéyihô-Tannou", "X_side_m": 12.5, "Y_side_m": 37.1}}, {"type": "Feature", "geometry": {"type": "Point", "coordinates": [2.3909929076292573, 6.374056783261824]}, "properties": {"edge_length_m": 27.5, "X": "Houénoussou", "Y": "Houéyihô-Tannou", "X_side_m": 21.1, "Y_side_m": 6.3}}, {"type": "Feature", "geometry": {"type": "Point", "coordinates": [2.390820196189729, 6.374162799545005]}, "properties": {"edge_length_m": 40.6, "X": "Houénoussou", "Y": "Houéyihô-Tannou", "X_side_m": 21.8, "Y_side_m": 18.8}}, {"type": "Feature", "geometry": {"type": "Point", "coordinates": [2.41123085, 6.3627655999999995]}, "properties": {"edge_length_m": 17.1, "X": "Gbégamey-Mifongou", "Y": "Gbégamey-Centre", "X_side_m": 8.5, "Y_side_m": 8.5}}, {"type": "Feature", "geometry": {"type": "Point", "coordinates": [2.4102834246757117, 6.3620191085244455]}, "properties": {"edge_length_m": 266.7, "X": "Gbégamey-Mifongou", "Y": "Gbégamey-Centre", "X_side_m": 124.8, "Y_side_m": 141.9}}, {"type": "Feature", "geometry": {"type": "Point", "coordinates": [2.392580198663775, 6.355751434724028]}, "properties": {"edge_length_m": 100.6, "X": "Haie-Vive-Cocotiers", "Y": "Cadjèhoun-Agonga", "X_side_m": 26.4, "Y_side_m": 74.2}}, {"type": "Feature", "geometry": {"type": "Point", "coordinates": [2.392280175478163, 6.356002976980929]}, "properties": {"edge_length_m": 68.5, "X": "Haie-Vive-Cocotiers", "Y": "Cadjèhoun-Agonga", "X_side_m": 33.5, "Y_side_m": 35.0}}, {"type": "Feature", "geometry": {"type": "Point", "coordinates": [2.4185748836356273, 6.378485594375864]}, "properties": {"edge_length_m": 184.5, "X": "Missité-Sikê", "Y": "Gbèdjromèdè", "X_side_m": 181.2, "Y_side_m": 3.3}}, {"type": "Feature", "geometry": {"type": "Point", "coordinates": [2.4181773446947763, 6.378950616993081]}, "properties": {"edge_length_m": 71.5, "X": "Missité-Sikê", "Y": "Gbèdjromèdè", "X_side_m": 67.6, "Y_side_m": 3.9}}, {"type": "Feature", "geometry": {"type": "Point", "coordinates": [2.4181533699999997, 6.3789769059]}, "properties": {"edge_length_m": 316.5, "X": "Missité-Sikê", "Y": "Gbèdjromèdè", "X_side_m": 316.2, "Y_side_m": 0.3}}, {"type": "Feature", "geometry": {"type": "Point", "coordinates": [2.4252468251566626, 6.377561653688484]}, "properties": {"edge_length_m": 75.9, "X": "Jéricho-Nord", "Y": "Aïdjèdo", "X_side_m": 4.7, "Y_side_m": 71.2}}, {"type": "Feature", "geometry": {"type": "Point", "coordinates": [2.4251863301976004, 6.377561489052648]}, "properties": {"edge_length_m": 109.2, "X": "Jéricho-Nord", "Y": "Aïdjèdo", "X_side_m": 7.5, "Y_side_m": 101.6}}, {"type": "Feature", "geometry": {"type": "Point", "coordinates": [2.426992920615318, 6.3724508263636]}, "properties": {"edge_length_m": 249.5, "X": "Jéricho-Sud", "Y": "Jéricho-Nord", "X_side_m": 101.8, "Y_side_m": 147.8}}, {"type": "Feature", "geometry": {"type": "Point", "coordinates": [2.4275874895655343, 6.373843597379231]}, "properties": {"edge_length_m": 82.8, "X": "Jéricho-Sud", "Y": "Jéricho-Nord", "X_side_m": 2.6, "Y_side_m": 80.2}}, {"type": "Feature", "geometry": {"type": "Point", "coordinates": [2.431232383423757, 6.353389817653268]}, "properties": {"edge_length_m": 65.3, "X": "Xwlacôdji-Kpodji", "Y": "Zongo-Nima", "X_side_m": 11.9, "Y_side_m": 53.4}}, {"type": "Feature", "geometry": {"type": "Point", "coordinates": [2.4316949093043783, 6.353893219318035]}, "properties": {"edge_length_m": 73.6, "X": "Xwlacôdji-Kpodji", "Y": "Zongo-Nima", "X_side_m": 54.0, "Y_side_m": 19.6}}, {"type": "Feature", "geometry": {"type": "Point", "coordinates": [2.4318634716082568, 6.354077266203778]}, "properties": {"edge_length_m": 195.0, "X": "Xwlacôdji-Kpodji", "Y": "Zongo-Nima", "X_side_m": 19.5, "Y_side_m": 175.5}}, {"type": "Feature", "geometry": {"type": "Point", "coordinates": [2.431082721121209, 6.352703684883419]}, "properties": {"edge_length_m": 107.9, "X": "Xwlacôdji-Kpodji", "Y": "Zongo-Nima", "X_side_m": 73.6, "Y_side_m": 34.3}}, {"type": "Feature", "geometry": {"type": "Point", "coordinates": [2.4308009216147064, 6.351837453555504]}, "properties": {"edge_length_m": 138.3, "X": "Xwlacôdji-Kpodji", "Y": "Zongo-Nima", "X_side_m": 94.1, "Y_side_m": 44.2}}, {"type": "Feature", "geometry": {"type": "Point", "coordinates": [2.430661386941583, 6.351424540509109]}, "properties": {"edge_length_m": 320.9, "X": "Xwlacôdji-Kpodji", "Y": "Zongo-Nima", "X_side_m": 17.0, "Y_side_m": 303.9}}, {"type": "Feature", "geometry": {"type": "Point", "coordinates": [2.40008645, 6.363087999999999]}, "properties": {"edge_length_m": 203.5, "X": "Cadjèhoun-Kpota", "Y": "Cadjèhoun-Azalokogon", "X_side_m": 101.8, "Y_side_m": 101.8}}, {"type": "Feature", "geometry": {"type": "Point", "coordinates": [2.3995924910831063, 6.362233423069296]}, "properties": {"edge_length_m": 66.5, "X": "Cadjèhoun-Kpota", "Y": "Cadjèhoun-Azalokogon", "X_side_m": 26.5, "Y_side_m": 40.0}}, {"type": "Feature", "geometry": {"type": "Point", "coordinates": [2.3988878974443995, 6.361388367128863]}, "properties": {"edge_length_m": 225.7, "X": "Cadjèhoun-Kpota", "Y": "Cadjèhoun-Azalokogon", "X_side_m": 119.3, "Y_side_m": 106.5}}, {"type": "Feature", "geometry": {"type": "Point", "coordinates": [2.40036205, 6.35636105]}, "properties": {"edge_length_m": 75.4, "X": "Cadjèhoun-Azalokogon", "Y": "Cadjèhoun-Aupiais", "X_side_m": 37.7, "Y_side_m": 37.7}}, {"type": "Feature", "geometry": {"type": "Point", "coordinates": [2.40067525, 6.35585675]}, "properties": {"edge_length_m": 112.7, "X": "Cadjèhoun-Azalokogon", "Y": "Cadjèhoun-Aupiais", "X_side_m": 56.3, "Y_side_m": 56.3}}, {"type": "Feature", "geometry": {"type": "Point", "coordinates": [2.4097157, 6.36420565]}, "properties": {"edge_length_m": 77.0, "X": "Gbégamey-Ahito", "Y": "Gbégamey-Centre", "X_side_m": 38.5, "Y_side_m": 38.5}}, {"type": "Feature", "geometry": {"type": "Point", "coordinates": [2.409893103127179, 6.363951106589583]}, "properties": {"edge_length_m": 259.2, "X": "Gbégamey-Ahito", "Y": "Gbégamey-Centre", "X_side_m": 19.4, "Y_side_m": 239.7}}, {"type": "Feature", "geometry": {"type": "Point", "coordinates": [2.4097982499999997, 6.3646566]}, "properties": {"edge_length_m": 110.9, "X": "Gbégamey-Ahito", "Y": "Gbégamey-Centre", "X_side_m": 55.5, "Y_side_m": 55.5}}, {"type": "Feature", "geometry": {"type": "Point", "coordinates": [2.4068988862775385, 6.360960486990557]}, "properties": {"edge_length_m": 65.9, "X": "Gbégamey-Mifongou", "Y": "Cadjèhoun-Gare", "X_side_m": 5.4, "Y_side_m": 60.5}}, {"type": "Feature", "geometry": {"type": "Point", "coordinates": [2.406991220356513, 6.361724785173075]}, "properties": {"edge_length_m": 116.4, "X": "Gbégamey-Mifongou", "Y": "Cadjèhoun-Gare", "X_side_m": 59.5, "Y_side_m": 56.9}}, {"type": "Feature", "geometry": {"type": "Point", "coordinates": [2.4072612730325202, 6.366070320683465]}, "properties": {"edge_length_m": 67.7, "X": "Gbégamey-Ahito", "Y": "Gbégamey-Dodo-Ayidjè", "X_side_m": 33.9, "Y_side_m": 33.8}}, {"type": "Feature", "geometry": {"type": "Point", "coordinates": [2.4081391255399627, 6.3663718831513005]}, "properties": {"edge_length_m": 178.0, "X": "Gbégamey-Ahito", "Y": "Gbégamey-Dodo-Ayidjè", "X_side_m": 81.4, "Y_side_m": 96.7}}, {"type": "Feature", "geometry": {"type": "Point", "coordinates": [2.4367598245838473, 6.356595313886453]}, "properties": {"edge_length_m": 17.5, "X": "Xwlacôdji-Kpodji", "Y": "Tokpa-Hoho", "X_side_m": 15.3, "Y_side_m": 2.2}}, {"type": "Feature", "geometry": {"type": "Point", "coordinates": [2.4367747024215323, 6.356597573401466]}, "properties": {"edge_length_m": 17.7, "X": "Xwlacôdji-Kpodji", "Y": "Tokpa-Hoho", "X_side_m": 16.4, "Y_side_m": 1.3}}, {"type": "Feature", "geometry": {"type": "Point", "coordinates": [2.3998725225528887, 6.356065325007419]}, "properties": {"edge_length_m": 22.9, "X": "Cadjèhoun-Azalokogon", "Y": "Haie-Vive-Cocotiers", "X_side_m": 16.9, "Y_side_m": 6.0}}, {"type": "Feature", "geometry": {"type": "Point", "coordinates": [2.3999760684220734, 6.3560630685820545]}, "properties": {"edge_length_m": 20.4, "X": "Cadjèhoun-Azalokogon", "Y": "Haie-Vive-Cocotiers", "X_side_m": 12.5, "Y_side_m": 7.9}}, {"type": "Feature", "geometry": {"type": "Point", "coordinates": [2.402067638836379, 6.346524594221142]}, "properties": {"edge_length_m": 68.1, "X": "Haie-Vive-Cocotiers", "Y": "Ahouanlèko", "X_side_m": 28.0, "Y_side_m": 40.1}}, {"type": "Feature", "geometry": {"type": "Point", "coordinates": [2.402099892003183, 6.346779604959306]}, "properties": {"edge_length_m": 47.7, "X": "Haie-Vive-Cocotiers", "Y": "Ahouanlèko", "X_side_m": 3.1, "Y_side_m": 44.6}}, {"type": "Feature", "geometry": {"type": "Point", "coordinates": [2.39472665, 6.371062]}, "properties": {"edge_length_m": 78.9, "X": "Houéyihô", "Y": "Houéyihô-Tannou", "X_side_m": 39.4, "Y_side_m": 39.4}}, {"type": "Feature", "geometry": {"type": "Point", "coordinates": [2.3943197, 6.37117905]}, "properties": {"edge_length_m": 45.7, "X": "Houéyihô", "Y": "Houéyihô-Tannou", "X_side_m": 22.9, "Y_side_m": 22.9}}, {"type": "Feature", "geometry": {"type": "Point", "coordinates": [2.3470079966437374, 6.375870717290651]}, "properties": {"edge_length_m": 56.3, "X": "Godomey-N'Gbèho", "Y": "Dénou\n", "X_side_m": 36.4, "Y_side_m": 19.9}}, {"type": "Feature", "geometry": {"type": "Point", "coordinates": [2.346779853270738, 6.375782890674848]}, "properties": {"edge_length_m": 61.8, "X": "Godomey-N'Gbèho", "Y": "Dénou\n", "X_side_m": 19.9, "Y_side_m": 42.0}}, {"type": "Feature", "geometry": {"type": "Point", "coordinates": [2.3506184801793335, 6.374610191667768]}, "properties": {"edge_length_m": 62.5, "X": "Godomey-N'Gbèho", "Y": "Dénou\n", "X_side_m": 5.5, "Y_side_m": 57.0}}, {"type": "Feature", "geometry": {"type": "Point", "coordinates": [2.3499627948168595, 6.37427825058523]}, "properties": {"edge_length_m": 176.8, "X": "Godomey-N'Gbèho", "Y": "Dénou\n", "X_side_m": 59.8, "Y_side_m": 117.0}}, {"type": "Feature", "geometry": {"type": "Point", "coordinates": [2.3817783166188073, 6.380849423713313]}, "properties": {"edge_length_m": 114.9, "X": "Kouhounou", "Y": "Védokô", "X_side_m": 75.7, "Y_side_m": 39.2}}, {"type": "Feature", "geometry": {"type": "Point", "coordinates": [2.3817783415994316, 6.381190988272274]}, "properties": {"edge_length_m": 83.3, "X": "Kouhounou", "Y": "Védokô", "X_side_m": 54.8, "Y_side_m": 28.5}}, {"type": "Feature", "geometry": {"type": "Point", "coordinates": [2.381685634800824, 6.380398381689855]}, "properties": {"edge_length_m": 97.4, "X": "Kouhounou", "Y": "Védokô", "X_side_m": 64.8, "Y_side_m": 32.6}}, {"type": "Feature", "geometry": {"type": "Point", "coordinates": [2.381405214347213, 6.380129694708607]}, "properties": {"edge_length_m": 63.6, "X": "Kouhounou", "Y": "Védokô", "X_side_m": 33.4, "Y_side_m": 30.3}}, {"type": "Feature", "geometry": {"type": "Point", "coordinates": [2.429024881670949, 6.365352614371452]}, "properties": {"edge_length_m": 68.8, "X": "Sèdjro-Saint-Michel", "Y": "Gbédokpo", "X_side_m": 16.3, "Y_side_m": 52.5}}, {"type": "Feature", "geometry": {"type": "Point", "coordinates": [2.4300457761411884, 6.365545827267854]}, "properties": {"edge_length_m": 190.1, "X": "Sèdjro-Saint-Michel", "Y": "Gbédokpo", "X_side_m": 101.3, "Y_side_m": 88.8}}, {"type": "Feature", "geometry": {"type": "Point", "coordinates": [2.4309647281510487, 6.3654426980664445]}, "properties": {"edge_length_m": 190.1, "X": "Sèdjro-Saint-Michel", "Y": "Gbédokpo", "X_side_m": 173.8, "Y_side_m": 16.3}}, {"type": "Feature", "geometry": {"type": "Point", "coordinates": [2.4311725702489637, 6.365418810079661]}, "properties": {"edge_length_m": 67.9, "X": "Sèdjro-Saint-Michel", "Y": "Gbédokpo", "X_side_m": 16.3, "Y_side_m": 51.6}}, {"type": "Feature", "geometry": {"type": "Point", "coordinates": [2.430655482772881, 6.363078495745263]}, "properties": {"edge_length_m": 73.6, "X": "Missité", "Y": "Gbédokpo", "X_side_m": 46.5, "Y_side_m": 27.1}}, {"type": "Feature", "geometry": {"type": "Point", "coordinates": [2.430819954710054, 6.3628964516237465]}, "properties": {"edge_length_m": 16.2, "X": "Missité", "Y": "Gbédokpo", "X_side_m": 1.5, "Y_side_m": 14.7}}, {"type": "Feature", "geometry": {"type": "Point", "coordinates": [2.431007063933402, 6.3628748691204144]}, "properties": {"edge_length_m": 69.4, "X": "Missité", "Y": "Gbédokpo", "X_side_m": 14.7, "Y_side_m": 54.7}}, {"type": "Feature", "geometry": {"type": "Point", "coordinates": [2.4174294548941875, 6.370099964604194]}, "properties": {"edge_length_m": 65.4, "X": "Énagnon-Sikê", "Y": "Sèhogan-Sikê", "X_side_m": 48.0, "Y_side_m": 17.4}}, {"type": "Feature", "geometry": {"type": "Point", "coordinates": [2.4179644253191355, 6.370322065371887]}, "properties": {"edge_length_m": 125.4, "X": "Énagnon-Sikê", "Y": "Sèhogan-Sikê", "X_side_m": 61.6, "Y_side_m": 63.7}}, {"type": "Feature", "geometry": {"type": "Point", "coordinates": [2.4187680961024642, 6.370655565330212]}, "properties": {"edge_length_m": 112.0, "X": "Énagnon-Sikê", "Y": "Sèhogan-Sikê", "X_side_m": 39.0, "Y_side_m": 73.0}}, {"type": "Feature", "geometry": {"type": "Point", "coordinates": [2.4216781655739252, 6.367280935639203]}, "properties": {"edge_length_m": 243.5, "X": "Gbènan", "Y": "Yévèdo", "X_side_m": 174.4, "Y_side_m": 69.1}}, {"type": "Feature", "geometry": {"type": "Point", "coordinates": [2.42178005254314, 6.368162439224517]}, "properties": {"edge_length_m": 83.3, "X": "Gbènan", "Y": "Yévèdo", "X_side_m": 13.7, "Y_side_m": 69.6}}, {"type": "Feature", "geometry": {"type": "Point", "coordinates": [2.425659327028515, 6.36851795432991]}, "properties": {"edge_length_m": 22.0, "X": "Sèdami", "Y": "Gbènan", "X_side_m": 21.5, "Y_side_m": 0.6}}, {"type": "Feature", "geometry": {"type": "Point", "coordinates": [2.4241043494865755, 6.368222062697207]}, "properties": {"edge_length_m": 121.9, "X": "Sèdami", "Y": "Gbènan", "X_side_m": 92.5, "Y_side_m": 29.4}}, {"type": "Feature", "geometry": {"type": "Point", "coordinates": [2.4244742866187647, 6.3681799794927345]}, "properties": {"edge_length_m": 81.9, "X": "Sèdami", "Y": "Gbènan", "X_side_m": 29.2, "Y_side_m": 52.7}}, {"type": "Feature", "geometry": {"type": "Point", "coordinates": [2.4256471710791656, 6.368514551098065]}, "properties": {"edge_length_m": 126.4, "X": "Sèdami", "Y": "Gbènan", "X_side_m": 1.3, "Y_side_m": 125.1}}, {"type": "Feature", "geometry": {"type": "Point", "coordinates": [2.46408785, 6.3610833]}, "properties": {"edge_length_m": 71.6, "X": "Fifadji-Houto (Jak)", "Y": "Donaten", "X_side_m": 35.8, "Y_side_m": 35.8}}, {"type": "Feature", "geometry": {"type": "Point", "coordinates": [2.462387051661648, 6.360597289708651]}, "properties": {"edge_length_m": 285.2, "X": "Fifadji-Houto (Jak)", "Y": "Donaten", "X_side_m": 192.6, "Y_side_m": 92.6}}, {"type": "Feature", "geometry": {"type": "Point", "coordinates": [2.47219105, 6.3631092]}, "properties": {"edge_length_m": 91.9, "X": "Finagnon", "Y": "Donaten", "X_side_m": 46.0, "Y_side_m": 46.0}}, {"type": "Feature", "geometry": {"type": "Point", "coordinates": [2.47191715, 6.3624215500000005]}, "properties": {"edge_length_m": 41.7, "X": "Finagnon", "Y": "Donaten", "X_side_m": 20.8, "Y_side_m": 20.8}}, {"type": "Feature", "geometry": {"type": "Point", "coordinates": [2.47193395, 6.36278205]}, "properties": {"edge_length_m": 72.1, "X": "Finagnon", "Y": "Donaten", "X_side_m": 36.1, "Y_side_m": 36.1}}, {"type": "Feature", "geometry": {"type": "Point", "coordinates": [2.4713835257672354, 6.361718980689317]}, "properties": {"edge_length_m": 107.5, "X": "Finagnon", "Y": "Donaten", "X_side_m": 88.4, "Y_side_m": 19.1}}, {"type": "Feature", "geometry": {"type": "Point", "coordinates": [2.471527, 6.36210585]}, "properties": {"edge_length_m": 82.0, "X": "Finagnon", "Y": "Donaten", "X_side_m": 41.0, "Y_side_m": 41.0}}, {"type": "Feature", "geometry": {"type": "Point", "coordinates": [2.47122335, 6.36404545]}, "properties": {"edge_length_m": 84.0, "X": "Finagnon", "Y": "Donaten", "X_side_m": 42.0, "Y_side_m": 42.0}}, {"type": "Feature", "geometry": {"type": "Point", "coordinates": [2.4716242, 6.3638487]}, "properties": {"edge_length_m": 51.0, "X": "Finagnon", "Y": "Donaten", "X_side_m": 25.5, "Y_side_m": 25.5}}, {"type": "Feature", "geometry": {"type": "Point", "coordinates": [2.4720978000000002, 6.3636567]}, "properties": {"edge_length_m": 100.1, "X": "Finagnon", "Y": "Donaten", "X_side_m": 50.1, "Y_side_m": 50.1}}, {"type": "Feature", "geometry": {"type": "Point", "coordinates": [2.4784383124113005, 6.365834972963997]}, "properties": {"edge_length_m": 62.9, "X": "Finagnon", "Y": "Dandji", "X_side_m": 39.5, "Y_side_m": 23.4}}, {"type": "Feature", "geometry": {"type": "Point", "coordinates": [2.4780466670862293, 6.366161624053847]}, "properties": {"edge_length_m": 164.9, "X": "Finagnon", "Y": "Dandji", "X_side_m": 40.0, "Y_side_m": 125.0}}, {"type": "Feature", "geometry": {"type": "Point", "coordinates": [2.477361019847772, 6.36671650931058]}, "properties": {"edge_length_m": 161.7, "X": "Finagnon", "Y": "Dandji", "X_side_m": 108.4, "Y_side_m": 53.3}}, {"type": "Feature", "geometry": {"type": "Point", "coordinates": [2.476836545344022, 6.36715446244493]}, "properties": {"edge_length_m": 69.0, "X": "Finagnon", "Y": "Dandji", "X_side_m": 16.3, "Y_side_m": 52.6}}, {"type": "Feature", "geometry": {"type": "Point", "coordinates": [2.4306144788378297, 6.369990874346713]}, "properties": {"edge_length_m": 61.9, "X": "Jéricho-Sud", "Y": "Nouveau-Pont", "X_side_m": 38.7, "Y_side_m": 23.2}}, {"type": "Feature", "geometry": {"type": "Point", "coordinates": [2.430052742343933, 6.369778571978294]}, "properties": {"edge_length_m": 94.6, "X": "Jéricho-Sud", "Y": "Nouveau-Pont", "X_side_m": 85.5, "Y_side_m": 9.1}}, {"type": "Feature", "geometry": {"type": "Point", "coordinates": [2.4229507271763953, 6.356804119385086]}, "properties": {"edge_length_m": 89.4, "X": "Gbèdiga-Guêdêhounguè", "Y": "Zongo-Nima", "X_side_m": 16.6, "Y_side_m": 72.8}}, {"type": "Feature", "geometry": {"type": "Point", "coordinates": [2.423052246212278, 6.358174579924813]}, "properties": {"edge_length_m": 71.9, "X": "Gbèdiga-Guêdêhounguè", "Y": "Zongo-Nima", "X_side_m": 17.3, "Y_side_m": 54.5}}, {"type": "Feature", "geometry": {"type": "Point", "coordinates": [2.4230033070620256, 6.357546338808009]}, "properties": {"edge_length_m": 172.0, "X": "Gbèdiga-Guêdêhounguè", "Y": "Zongo-Nima", "X_side_m": 71.8, "Y_side_m": 100.2}}, {"type": "Feature", "geometry": {"type": "Point", "coordinates": [2.4467790892435004, 6.367787932135312]}, "properties": {"edge_length_m": 86.1, "X": "Abokicodji-Centre", "Y": "Gbèdjèwin", "X_side_m": 37.5, "Y_side_m": 48.5}}, {"type": "Feature", "geometry": {"type": "Point", "coordinates": [2.446430339491513, 6.367808284963241]}, "properties": {"edge_length_m": 111.8, "X": "Abokicodji-Centre", "Y": "Gbèdjèwin", "X_side_m": 52.3, "Y_side_m": 59.5}}, {"type": "Feature", "geometry": {"type": "Point", "coordinates": [2.447599844417954, 6.364458303134483]}, "properties": {"edge_length_m": 177.6, "X": "Ohé", "Y": "Abokicodji-Centre", "X_side_m": 73.0, "Y_side_m": 104.6}}, {"type": "Feature", "geometry": {"type": "Point", "coordinates": [2.446856853462093, 6.364505499766516]}, "properties": {"edge_length_m": 90.4, "X": "Ohé", "Y": "Abokicodji-Centre", "X_side_m": 68.7, "Y_side_m": 21.8}}, {"type": "Feature", "geometry": {"type": "Point", "coordinates": [2.44652505, 6.3785083]}, "properties": {"edge_length_m": 74.4, "X": "Sègbèya-Sud", "Y": "Midombo", "X_side_m": 37.2, "Y_side_m": 37.2}}, {"type": "Feature", "geometry": {"type": "Point", "coordinates": [2.44685065, 6.37787685]}, "properties": {"edge_length_m": 139.7, "X": "Sègbèya-Sud", "Y": "Midombo", "X_side_m": 69.9, "Y_side_m": 69.9}}, {"type": "Feature", "geometry": {"type": "Point", "coordinates": [2.4453984, 6.37916465]}, "properties": {"edge_length_m": 177.0, "X": "Sègbèya-Sud", "Y": "Midombo", "X_side_m": 88.5, "Y_side_m": 88.5}}, {"type": "Feature", "geometry": {"type": "Point", "coordinates": [2.4461935500000003, 6.37884085]}, "properties": {"edge_length_m": 73.6, "X": "Sègbèya-Sud", "Y": "Midombo", "X_side_m": 36.8, "Y_side_m": 36.8}}, {"type": "Feature", "geometry": {"type": "Point", "coordinates": [2.44491605, 6.379850449999999]}, "properties": {"edge_length_m": 73.9, "X": "Sègbèya-Sud", "Y": "Midombo", "X_side_m": 37.0, "Y_side_m": 37.0}}, {"type": "Feature", "geometry": {"type": "Point", "coordinates": [2.4439538, 6.38044075]}, "properties": {"edge_length_m": 140.2, "X": "Sègbèya-Sud", "Y": "Midombo", "X_side_m": 70.1, "Y_side_m": 70.1}}, {"type": "Feature", "geometry": {"type": "Point", "coordinates": [2.44331855, 6.38076735]}, "properties": {"edge_length_m": 72.9, "X": "Sègbèya-Sud", "Y": "Midombo", "X_side_m": 36.5, "Y_side_m": 36.5}}, {"type": "Feature", "geometry": {"type": "Point", "coordinates": [2.44458475, 6.380145799999999]}, "properties": {"edge_length_m": 65.9, "X": "Sègbèya-Sud", "Y": "Midombo", "X_side_m": 33.0, "Y_side_m": 33.0}}, {"type": "Feature", "geometry": {"type": "Point", "coordinates": [2.4494326106405784, 6.3891675161395005]}, "properties": {"edge_length_m": 278.3, "X": "Minontchou", "Y": "Sègbèya-Nord", "X_side_m": 266.1, "Y_side_m": 12.2}}, {"type": "Feature", "geometry": {"type": "Point", "coordinates": [2.449541561922187, 6.389057246824543]}, "properties": {"edge_length_m": 57.9, "X": "Minontchou", "Y": "Sègbèya-Nord", "X_side_m": 12.1, "Y_side_m": 45.7}}, {"type": "Feature", "geometry": {"type": "Point", "coordinates": [2.44532085, 6.390701549999999]}, "properties": {"edge_length_m": 122.2, "X": "Agbodjèdo", "Y": "Sègbèya-Nord", "X_side_m": 61.1, "Y_side_m": 61.1}}, {"type": "Feature", "geometry": {"type": "Point", "coordinates": [2.4456046000000002, 6.39018385]}, "properties": {"edge_length_m": 64.5, "X": "Agbodjèdo", "Y": "Sègbèya-Nord", "X_side_m": 32.2, "Y_side_m": 32.2}}, {"type": "Feature", "geometry": {"type": "Point", "coordinates": [2.367266637367293, 6.535674385407331]}, "properties": {"edge_length_m": 28.1, "X": "Glo-Tokpa", "Y": "Agassa-Godomey", "X_side_m": 16.0, "Y_side_m": 12.0}}, {"type": "Feature", "geometry": {"type": "Point", "coordinates": [2.3661664480730757, 6.535617650922255]}, "properties": {"edge_length_m": 123.2, "X": "Glo-Tokpa", "Y": "Agassa-Godomey", "X_side_m": 116.1, "Y_side_m": 7.1}}, {"type": "Feature", "geometry": {"type": "Point", "coordinates": [2.36201625, 6.5706217]}, "properties": {"edge_length_m": 222.0, "X": "Kpodji-Les-Monts", "Y": "Dokomè", "X_side_m": 111.0, "Y_side_m": 111.0}}, {"type": "Feature", "geometry": {"type": "Point", "coordinates": [2.3610252, 6.57147305]}, "properties": {"edge_length_m": 157.3, "X": "Kpodji-Les-Monts", "Y": "Dokomè", "X_side_m": 78.6, "Y_side_m": 78.6}}, {"type": "Feature", "geometry": {"type": "Point", "coordinates": [2.328773265264646, 6.440354130116212]}, "properties": {"edge_length_m": 24.0, "X": "Fifonsi\n", "Y": "Alédjo\n", "X_side_m": 9.4, "Y_side_m": 14.6}}, {"type": "Feature", "geometry": {"type": "Point", "coordinates": [2.328865496143375, 6.440265187880326]}, "properties": {"edge_length_m": 67.2, "X": "Fifonsi\n", "Y": "Alédjo\n", "X_side_m": 11.3, "Y_side_m": 55.9}}, {"type": "Feature", "geometry": {"type": "Point", "coordinates": [2.327997637160208, 6.443071585827404]}, "properties": {"edge_length_m": 55.1, "X": "Fifonsi\n", "Y": "Alédjo\n", "X_side_m": 41.9, "Y_side_m": 13.1}}, {"type": "Feature", "geometry": {"type": "Point", "coordinates": [2.3281266159049907, 6.442968889010181]}, "properties": {"edge_length_m": 71.0, "X": "Fifonsi\n", "Y": "Alédjo\n", "X_side_m": 8.0, "Y_side_m": 63.0}}, {"type": "Feature", "geometry": {"type": "Point", "coordinates": [2.341223755383885, 6.44370412173912]}, "properties": {"edge_length_m": 141.6, "X": "Finafa\n", "Y": "Alédjo\n", "X_side_m": 37.0, "Y_side_m": 104.6}}, {"type": "Feature", "geometry": {"type": "Point", "coordinates": [2.3409262031078324, 6.443303331618537]}, "properties": {"edge_length_m": 60.8, "X": "Finafa\n", "Y": "Alédjo\n", "X_side_m": 39.0, "Y_side_m": 21.8}}, {"type": "Feature", "geometry": {"type": "Point", "coordinates": [2.347690102962966, 6.447414577723258]}, "properties": {"edge_length_m": 69.4, "X": "Agori", "Y": "Finafa\n", "X_side_m": 34.4, "Y_side_m": 35.1}}, {"type": "Feature", "geometry": {"type": "Point", "coordinates": [2.3479641310522092, 6.447086127613923]}, "properties": {"edge_length_m": 83.8, "X": "Agori", "Y": "Finafa\n", "X_side_m": 36.8, "Y_side_m": 46.9}}, {"type": "Feature", "geometry": {"type": "Point", "coordinates": [2.3497722180643934, 6.445756861819704]}, "properties": {"edge_length_m": 64.9, "X": "Agori", "Y": "Finafa\n", "X_side_m": 22.0, "Y_side_m": 42.9}}, {"type": "Feature", "geometry": {"type": "Point", "coordinates": [2.3497650135748565, 6.445967195864716]}, "properties": {"edge_length_m": 71.4, "X": "Agori", "Y": "Finafa\n", "X_side_m": 5.9, "Y_side_m": 65.4}}, {"type": "Feature", "geometry": {"type": "Point", "coordinates": [2.349883291921289, 6.4452155065577585]}, "properties": {"edge_length_m": 55.3, "X": "Agori", "Y": "Finafa\n", "X_side_m": 18.7, "Y_side_m": 36.6}}, {"type": "Feature", "geometry": {"type": "Point", "coordinates": [2.3500867832262085, 6.44488552811054]}, "properties": {"edge_length_m": 136.7, "X": "Agori", "Y": "Finafa\n", "X_side_m": 22.6, "Y_side_m": 114.1}}, {"type": "Feature", "geometry": {"type": "Point", "coordinates": [2.349498929511278, 6.446936613939642]}, "properties": {"edge_length_m": 50.5, "X": "Agori", "Y": "Finafa\n", "X_side_m": 27.7, "Y_side_m": 22.8}}, {"type": "Feature", "geometry": {"type": "Point", "coordinates": [2.3495155002166115, 6.446725961079823]}, "properties": {"edge_length_m": 83.5, "X": "Agori", "Y": "Finafa\n", "X_side_m": 77.7, "Y_side_m": 5.8}}, {"type": "Feature", "geometry": {"type": "Point", "coordinates": [2.3511204130347827, 6.443201106835315]}, "properties": {"edge_length_m": 50.8, "X": "Agori", "Y": "Finafa\n", "X_side_m": 10.5, "Y_side_m": 40.3}}, {"type": "Feature", "geometry": {"type": "Point", "coordinates": [2.3513876061449084, 6.4428617602907385]}, "properties": {"edge_length_m": 95.9, "X": "Agori", "Y": "Finafa\n", "X_side_m": 35.6, "Y_side_m": 60.3}}, {"type": "Feature", "geometry": {"type": "Point", "coordinates": [2.3373604137785544, 6.4391334145923285]}, "properties": {"edge_length_m": 110.9, "X": "Tchinangbégbo\n", "Y": "Alédjo\n", "X_side_m": 100.0, "Y_side_m": 10.9}}, {"type": "Feature", "geometry": {"type": "Point", "coordinates": [2.3373030545989812, 6.439041808887122]}, "properties": {"edge_length_m": 7.7, "X": "Tchinangbégbo\n", "Y": "Alédjo\n", "X_side_m": 4.4, "Y_side_m": 3.4}}, {"type": "Feature", "geometry": {"type": "Point", "coordinates": [2.3380727079459387, 6.43981733844657]}, "properties": {"edge_length_m": 62.1, "X": "Tchinangbégbo\n", "Y": "Alédjo\n", "X_side_m": 59.5, "Y_side_m": 2.6}}, {"type": "Feature", "geometry": {"type": "Point", "coordinates": [2.338099778945622, 6.439813738491269]}, "properties": {"edge_length_m": 51.2, "X": "Tchinangbégbo\n", "Y": "Alédjo\n", "X_side_m": 3.4, "Y_side_m": 47.8}}, {"type": "Feature", "geometry": {"type": "Point", "coordinates": [2.3313941363599797, 6.437039705954691]}, "properties": {"edge_length_m": 61.9, "X": "Tchinangbégbo\n", "Y": "Alédjo\n", "X_side_m": 0.6, "Y_side_m": 61.3}}, {"type": "Feature", "geometry": {"type": "Point", "coordinates": [2.3319263118211735, 6.436947058334938]}, "properties": {"edge_length_m": 136.1, "X": "Tchinangbégbo\n", "Y": "Alédjo\n", "X_side_m": 15.3, "Y_side_m": 120.8}}, {"type": "Feature", "geometry": {"type": "Point", "coordinates": [2.333633909077594, 6.437251051777923]}, "properties": {"edge_length_m": 73.6, "X": "Tchinangbégbo\n", "Y": "Alédjo\n", "X_side_m": 18.0, "Y_side_m": 55.6}}, {"type": "Feature", "geometry": {"type": "Point", "coordinates": [2.334315451284234, 6.437872242996193]}, "properties": {"edge_length_m": 281.9, "X": "Tchinangbégbo\n", "Y": "Alédjo\n", "X_side_m": 58.9, "Y_side_m": 223.0}}, {"type": "Feature", "geometry": {"type": "Point", "coordinates": [2.3361848533218015, 6.448030858678607]}, "properties": {"edge_length_m": 13.5, "X": "Aïtchédji\n", "Y": "Alédjo\n", "X_side_m": 4.7, "Y_side_m": 8.8}}, {"type": "Feature", "geometry": {"type": "Point", "coordinates": [2.33596654431225, 6.448117161736539]}, "properties": {"edge_length_m": 97.9, "X": "Aïtchédji\n", "Y": "Alédjo\n", "X_side_m": 26.4, "Y_side_m": 71.5}}, {"type": "Feature", "geometry": {"type": "Point", "coordinates": [2.3396202718950607, 6.4471861710851925]}, "properties": {"edge_length_m": 45.5, "X": "Aïtchédji\n", "Y": "Alédjo\n", "X_side_m": 26.0, "Y_side_m": 19.5}}, {"type": "Feature", "geometry": {"type": "Point", "coordinates": [2.339324102509362, 6.4473857449066525]}, "properties": {"edge_length_m": 58.4, "X": "Aïtchédji\n", "Y": "Alédjo\n", "X_side_m": 27.2, "Y_side_m": 31.2}}, {"type": "Feature", "geometry": {"type": "Point", "coordinates": [2.3390159638437904, 6.447645579640201]}, "properties": {"edge_length_m": 78.6, "X": "Aïtchédji\n", "Y": "Alédjo\n", "X_side_m": 32.7, "Y_side_m": 45.9}}, {"type": "Feature", "geometry": {"type": "Point", "coordinates": [2.3337632695136867, 6.448935828090014]}, "properties": {"edge_length_m": 33.8, "X": "Aïtchédji\n", "Y": "Alédjo\n", "X_side_m": 20.8, "Y_side_m": 13.0}}, {"type": "Feature", "geometry": {"type": "Point", "coordinates": [2.333579757109045, 6.449035765154819]}, "properties": {"edge_length_m": 86.9, "X": "Aïtchédji\n", "Y": "Alédjo\n", "X_side_m": 19.1, "Y_side_m": 67.8}}, {"type": "Feature", "geometry": {"type": "Point", "coordinates": [2.3439997484547446, 6.412570139372342]}, "properties": {"edge_length_m": 57.6, "X": "Agonkanmey\n", "Y": "Sèdomey", "X_side_m": 9.6, "Y_side_m": 48.1}}, {"type": "Feature", "geometry": {"type": "Point", "coordinates": [2.343693851338237, 6.41216209499797]}, "properties": {"edge_length_m": 54.9, "X": "Agonkanmey\n", "Y": "Sèdomey", "X_side_m": 21.1, "Y_side_m": 33.8}}, {"type": "Feature", "geometry": {"type": "Point", "coordinates": [2.3199492905296784, 6.411177418858616]}, "properties": {"edge_length_m": 27.2, "X": "Assrossa\n", "Y": "Yénandjro\n", "X_side_m": 26.7, "Y_side_m": 0.5}}, {"type": "Feature", "geometry": {"type": "Point", "coordinates": [2.319946703655195, 6.411169542521358]}, "properties": {"edge_length_m": 59.2, "X": "Assrossa\n", "Y": "Yénandjro\n", "X_side_m": 0.6, "Y_side_m": 58.7}}, {"type": "Feature", "geometry": {"type": "Point", "coordinates": [2.319998685369211, 6.410601579514893]}, "properties": {"edge_length_m": 124.6, "X": "Assrossa\n", "Y": "Yénandjro\n", "X_side_m": 56.0, "Y_side_m": 68.6}}, {"type": "Feature", "geometry": {"type": "Point", "coordinates": [2.3168219958738527, 6.413501193667506]}, "properties": {"edge_length_m": 60.3, "X": "Alègléta", "Y": "Yénandjro\n", "X_side_m": 28.9, "Y_side_m": 31.4}}, {"type": "Feature", "geometry": {"type": "Point", "coordinates": [2.316517015999718, 6.4139309718923]}, "properties": {"edge_length_m": 57.1, "X": "Alègléta", "Y": "Yénandjro\n", "X_side_m": 6.1, "Y_side_m": 51.0}}, {"type": "Feature", "geometry": {"type": "Point", "coordinates": [2.3164852450893547, 6.413987337500129]}, "properties": {"edge_length_m": 33.7, "X": "Alègléta", "Y": "Yénandjro\n", "X_side_m": 4.5, "Y_side_m": 29.2}}, {"type": "Feature", "geometry": {"type": "Point", "coordinates": [2.321737490322607, 6.4119299615743985]}, "properties": {"edge_length_m": 66.0, "X": "Assrossa\n", "Y": "Alègléta", "X_side_m": 20.1, "Y_side_m": 45.9}}, {"type": "Feature", "geometry": {"type": "Point", "coordinates": [2.32184381398946, 6.412164848099514]}, "properties": {"edge_length_m": 159.2, "X": "Assrossa\n", "Y": "Alègléta", "X_side_m": 20.9, "Y_side_m": 138.3}}, {"type": "Feature", "geometry": {"type": "Point", "coordinates": [2.3230341841319744, 6.41397438817987]}, "properties": {"edge_length_m": 36.1, "X": "Assrossa\n", "Y": "Alègléta", "X_side_m": 10.1, "Y_side_m": 26.1}}, {"type": "Feature", "geometry": {"type": "Point", "coordinates": [2.3228412863983157, 6.4136527935434025]}, "properties": {"edge_length_m": 218.2, "X": "Assrossa\n", "Y": "Alègléta", "X_side_m": 33.4, "Y_side_m": 184.8}}, {"type": "Feature", "geometry": {"type": "Point", "coordinates": [2.312850622302853, 6.414197601590515]}, "properties": {"edge_length_m": 65.8, "X": "Tankpè-Togoudo", "Y": "Yénandjro\n", "X_side_m": 43.8, "Y_side_m": 22.0}}, {"type": "Feature", "geometry": {"type": "Point", "coordinates": [2.3126402946128963, 6.414148405451183]}, "properties": {"edge_length_m": 48.5, "X": "Tankpè-Togoudo", "Y": "Yénandjro\n", "X_side_m": 23.6, "Y_side_m": 24.9}}, {"type": "Feature", "geometry": {"type": "Point", "coordinates": [2.314146247427732, 6.414408192621913]}, "properties": {"edge_length_m": 33.3, "X": "Tankpè-Togoudo", "Y": "Yénandjro\n", "X_side_m": 24.7, "Y_side_m": 8.6}}, {"type": "Feature", "geometry": {"type": "Point", "coordinates": [2.3143357686062935, 6.414530628685946]}, "properties": {"edge_length_m": 54.3, "X": "Tankpè-Togoudo", "Y": "Yénandjro\n", "X_side_m": 4.4, "Y_side_m": 49.9}}, {"type": "Feature", "geometry": {"type": "Point", "coordinates": [2.3140818744619343, 6.414365514620383]}, "properties": {"edge_length_m": 33.5, "X": "Tankpè-Togoudo", "Y": "Yénandjro\n", "X_side_m": 1.4, "Y_side_m": 32.1}}, {"type": "Feature", "geometry": {"type": "Point", "coordinates": [2.3180717732148652, 6.407642565994779]}, "properties": {"edge_length_m": 40.6, "X": "Gbègnigan-Midokpo\n", "Y": "Yénandjro\n", "X_side_m": 24.9, "Y_side_m": 15.7}}, {"type": "Feature", "geometry": {"type": "Point", "coordinates": [2.31822516336703, 6.40769086041219]}, "properties": {"edge_length_m": 107.6, "X": "Gbègnigan-Midokpo\n", "Y": "Yénandjro\n", "X_side_m": 19.5, "Y_side_m": 88.1}}, {"type": "Feature", "geometry": {"type": "Point", "coordinates": [2.338371215981864, 6.406250116398553]}, "properties": {"edge_length_m": 49.6, "X": "Djoukpa-Togoudo\n", "Y": "Agonkanmey\n", "X_side_m": 45.9, "Y_side_m": 3.6}}, {"type": "Feature", "geometry": {"type": "Point", "coordinates": [2.3382977281776602, 6.406264415838121]}, "properties": {"edge_length_m": 36.9, "X": "Djoukpa-Togoudo\n", "Y": "Agonkanmey\n", "X_side_m": 8.0, "Y_side_m": 28.9}}, {"type": "Feature", "geometry": {"type": "Point", "coordinates": [2.324922939296057, 6.40551381973087]}, "properties": {"edge_length_m": 48.7, "X": "Hounsa-Agbodokpa\n", "Y": "Assrossa\n", "X_side_m": 5.6, "Y_side_m": 43.1}}, {"type": "Feature", "geometry": {"type": "Point", "coordinates": [2.325460166182817, 6.405545226415028]}, "properties": {"edge_length_m": 200.5, "X": "Hounsa-Agbodokpa\n", "Y": "Assrossa\n", "X_side_m": 42.5, "Y_side_m": 158.0}}, {"type": "Feature", "geometry": {"type": "Point", "coordinates": [2.328195598697348, 6.405503296586716]}, "properties": {"edge_length_m": 110.5, "X": "Hounsa-Agbodokpa\n", "Y": "Assrossa\n", "X_side_m": 20.3, "Y_side_m": 90.2}}, {"type": "Feature", "geometry": {"type": "Point", "coordinates": [2.3272028061453818, 6.405641844825811]}, "properties": {"edge_length_m": 69.1, "X": "Hounsa-Agbodokpa\n", "Y": "Assrossa\n", "X_side_m": 51.2, "Y_side_m": 17.9}}, {"type": "Feature", "geometry": {"type": "Point", "coordinates": [2.326846391843838, 6.405692729456154]}, "properties": {"edge_length_m": 70.6, "X": "Hounsa-Agbodokpa\n", "Y": "Assrossa\n", "X_side_m": 32.6, "Y_side_m": 38.0}}, {"type": "Feature", "geometry": {"type": "Point", "coordinates": [2.32643432278186, 6.405706923306554]}, "properties": {"edge_length_m": 56.9, "X": "Hounsa-Agbodokpa\n", "Y": "Assrossa\n", "X_side_m": 24.4, "Y_side_m": 32.5}}, {"type": "Feature", "geometry": {"type": "Point", "coordinates": [2.330060729085977, 6.405895936931467]}, "properties": {"edge_length_m": 94.6, "X": "Hounsa-Agbodokpa\n", "Y": "Assrossa\n", "X_side_m": 88.2, "Y_side_m": 6.4}}, {"type": "Feature", "geometry": {"type": "Point", "coordinates": [2.3299875327293176, 6.405890307550021]}, "properties": {"edge_length_m": 95.2, "X": "Hounsa-Agbodokpa\n", "Y": "Assrossa\n", "X_side_m": 89.0, "Y_side_m": 6.1}}, {"type": "Feature", "geometry": {"type": "Point", "coordinates": [2.4050674499999998, 6.373856999999999]}, "properties": {"edge_length_m": 247.6, "X": "Agontinkon", "Y": "Vodjè-Ayidoté", "X_side_m": 123.8, "Y_side_m": 123.8}}, {"type": "Feature", "geometry": {"type": "Point", "coordinates": [2.40619605, 6.374372449999999]}, "properties": {"edge_length_m": 64.7, "X": "Agontinkon", "Y": "Vodjè-Ayidoté", "X_side_m": 32.3, "Y_side_m": 32.3}}, {"type": "Feature", "geometry": {"type": "Point", "coordinates": [2.376734844251383, 6.394762676427088]}, "properties": {"edge_length_m": 156.3, "X": "Zogbohouè", "Y": "Mènontin", "X_side_m": 145.8, "Y_side_m": 10.5}}, {"type": "Feature", "geometry": {"type": "Point", "coordinates": [2.3768284452243695, 6.3948616130853715]}, "properties": {"edge_length_m": 52.8, "X": "Zogbohouè", "Y": "Mènontin", "X_side_m": 10.2, "Y_side_m": 42.7}}, {"type": "Feature", "geometry": {"type": "Point", "coordinates": [2.3734442, 6.3859408]}, "properties": {"edge_length_m": 59.4, "X": "Kouhounou", "Y": "Mènontin", "X_side_m": 29.7, "Y_side_m": 29.7}}, {"type": "Feature", "geometry": {"type": "Point", "coordinates": [2.37414865, 6.386635849999999]}, "properties": {"edge_length_m": 212.0, "X": "Kouhounou", "Y": "Mènontin", "X_side_m": 106.0, "Y_side_m": 106.0}}, {"type": "Feature", "geometry": {"type": "Point", "coordinates": [2.45324598179891, 6.379741383032322]}, "properties": {"edge_length_m": 78.9, "X": "Lom-Nava", "Y": "Kpondéhou-Tchèmè", "X_side_m": 47.6, "Y_side_m": 31.2}}, {"type": "Feature", "geometry": {"type": "Point", "coordinates": [2.453528189714453, 6.379729662548131]}, "properties": {"edge_length_m": 143.0, "X": "Lom-Nava", "Y": "Kpondéhou-Tchèmè", "X_side_m": 1.3, "Y_side_m": 141.7}}, {"type": "Feature", "geometry": {"type": "Point", "coordinates": [2.455407397614637, 6.381020581333598]}, "properties": {"edge_length_m": 209.0, "X": "Sènadé", "Y": "Kpondéhou-Tchèmè", "X_side_m": 207.2, "Y_side_m": 1.8}}, {"type": "Feature", "geometry": {"type": "Point", "coordinates": [2.4554237044317886, 6.381036790874634]}, "properties": {"edge_length_m": 71.6, "X": "Sènadé", "Y": "Kpondéhou-Tchèmè", "X_side_m": 1.8, "Y_side_m": 69.8}}, {"type": "Feature", "geometry": {"type": "Point", "coordinates": [2.4542204907705467, 6.379635964496545]}, "properties": {"edge_length_m": 73.1, "X": "Lom-Nava", "Y": "Sènadé", "X_side_m": 10.9, "Y_side_m": 62.2}}, {"type": "Feature", "geometry": {"type": "Point", "coordinates": [2.454773301215351, 6.379070617823743]}, "properties": {"edge_length_m": 197.4, "X": "Lom-Nava", "Y": "Sènadé", "X_side_m": 62.2, "Y_side_m": 135.3}}, {"type": "Feature", "geometry": {"type": "Point", "coordinates": [2.344309111795424, 6.3875822871727665]}, "properties": {"edge_length_m": 20.1, "X": "Yolomahouto", "Y": "Aïmèvo\n", "X_side_m": 17.5, "Y_side_m": 2.5}}, {"type": "Feature", "geometry": {"type": "Point", "coordinates": [2.3443537459165507, 6.3878466938230645]}, "properties": {"edge_length_m": 59.8, "X": "Yolomahouto", "Y": "Aïmèvo\n", "X_side_m": 20.6, "Y_side_m": 39.3}}, {"type": "Feature", "geometry": {"type": "Point", "coordinates": [2.3427651948156782, 6.38496617581878]}, "properties": {"edge_length_m": 63.9, "X": "Dénou\n", "Y": "Aïmèvo\n", "X_side_m": 50.4, "Y_side_m": 13.5}}, {"type": "Feature", "geometry": {"type": "Point", "coordinates": [2.3425847623340452, 6.384941595888233]}, "properties": {"edge_length_m": 74.0, "X": "Dénou\n", "Y": "Aïmèvo\n", "X_side_m": 18.6, "Y_side_m": 55.4}}, {"type": "Feature", "geometry": {"type": "Point", "coordinates": [2.3409288860464903, 6.384823735673594]}, "properties": {"edge_length_m": 14.5, "X": "Dénou\n", "Y": "Aïmèvo\n", "X_side_m": 10.1, "Y_side_m": 4.4}}, {"type": "Feature", "geometry": {"type": "Point", "coordinates": [2.3408068445295984, 6.384909781005486]}, "properties": {"edge_length_m": 135.1, "X": "Dénou\n", "Y": "Aïmèvo\n", "X_side_m": 18.5, "Y_side_m": 116.5}}, {"type": "Feature", "geometry": {"type": "Point", "coordinates": [2.38482155, 6.38697345]}, "properties": {"edge_length_m": 59.3, "X": "Agounvocôdji", "Y": "Kouhounou", "X_side_m": 29.6, "Y_side_m": 29.6}}, {"type": "Feature", "geometry": {"type": "Point", "coordinates": [2.3839257, 6.38775825]}, "properties": {"edge_length_m": 271.9, "X": "Agounvocôdji", "Y": "Kouhounou", "X_side_m": 135.9, "Y_side_m": 135.9}}, {"type": "Feature", "geometry": {"type": "Point", "coordinates": [2.3851022, 6.3854375999999995]}, "properties": {"edge_length_m": 57.1, "X": "Agounvocôdji", "Y": "Kouhounou", "X_side_m": 28.6, "Y_side_m": 28.6}}, {"type": "Feature", "geometry": {"type": "Point", "coordinates": [2.3851399, 6.3858898]}, "properties": {"edge_length_m": 80.6, "X": "Agounvocôdji", "Y": "Kouhounou", "X_side_m": 40.3, "Y_side_m": 40.3}}, {"type": "Feature", "geometry": {"type": "Point", "coordinates": [2.3901663895544676, 6.386430981116051]}, "properties": {"edge_length_m": 304.7, "X": "Agounvocôdji", "Y": "Sètôvi", "X_side_m": 300.3, "Y_side_m": 4.3}}, {"type": "Feature", "geometry": {"type": "Point", "coordinates": [2.3902419450794503, 6.386470695973421]}, "properties": {"edge_length_m": 54.6, "X": "Agounvocôdji", "Y": "Sètôvi", "X_side_m": 5.7, "Y_side_m": 48.9}}, {"type": "Feature", "geometry": {"type": "Point", "coordinates": [2.394739569935699, 6.38365756212528]}, "properties": {"edge_length_m": 197.0, "X": "Missogbé", "Y": "Midédji", "X_side_m": 15.7, "Y_side_m": 181.2}}, {"type": "Feature", "geometry": {"type": "Point", "coordinates": [2.39490619594803, 6.383733584372439]}, "properties": {"edge_length_m": 63.8, "X": "Missogbé", "Y": "Midédji", "X_side_m": 15.5, "Y_side_m": 48.3}}, {"type": "Feature", "geometry": {"type": "Point", "coordinates": [2.3872323696475055, 6.379817952985507]}, "properties": {"edge_length_m": 42.3, "X": "Sètôvi", "Y": "Védokô", "X_side_m": 7.1, "Y_side_m": 35.3}}, {"type": "Feature", "geometry": {"type": "Point", "coordinates": [2.386772364347535, 6.379986360929362]}, "properties": {"edge_length_m": 118.9, "X": "Sètôvi", "Y": "Védokô", "X_side_m": 44.1, "Y_side_m": 74.7}}, {"type": "Feature", "geometry": {"type": "Point", "coordinates": [2.3853904480950847, 6.381863601720923]}, "properties": {"edge_length_m": 198.6, "X": "Sètôvi", "Y": "Védokô", "X_side_m": 132.7, "Y_side_m": 65.9}}, {"type": "Feature", "geometry": {"type": "Point", "coordinates": [2.38476115, 6.38166275]}, "properties": {"edge_length_m": 61.3, "X": "Sètôvi", "Y": "Védokô", "X_side_m": 30.7, "Y_side_m": 30.7}}, {"type": "Feature", "geometry": {"type": "Point", "coordinates": [2.3843684, 6.38168115]}, "properties": {"edge_length_m": 60.5, "X": "Sètôvi", "Y": "Védokô", "X_side_m": 30.3, "Y_side_m": 30.3}}, {"type": "Feature", "geometry": {"type": "Point", "coordinates": [2.36913283576246, 6.355538253572822]}, "properties": {"edge_length_m": 50.9, "X": "Fiyégnon-Jacquot", "Y": "Fidjrossè-Centre", "X_side_m": 44.8, "Y_side_m": 6.1}}, {"type": "Feature", "geometry": {"type": "Point", "coordinates": [2.3690723251005203, 6.355587803094859]}, "properties": {"edge_length_m": 156.9, "X": "Fiyégnon-Jacquot", "Y": "Fidjrossè-Centre", "X_side_m": 150.7, "Y_side_m": 6.2}}, {"type": "Feature", "geometry": {"type": "Point", "coordinates": [2.3757315500000002, 6.3545219500000005]}, "properties": {"edge_length_m": 64.7, "X": "Fiyégnon-Jacquot", "Y": "Fidjrossè-Centre", "X_side_m": 32.4, "Y_side_m": 32.4}}, {"type": "Feature", "geometry": {"type": "Point", "coordinates": [2.37621165, 6.35489435]}, "properties": {"edge_length_m": 114.8, "X": "Fiyégnon-Jacquot", "Y": "Fidjrossè-Centre", "X_side_m": 57.4, "Y_side_m": 57.4}}, {"type": "Feature", "geometry": {"type": "Point", "coordinates": [2.3696442505811715, 6.3551233885561]}, "properties": {"edge_length_m": 50.0, "X": "Fiyégnon-Jacquot", "Y": "Fidjrossè-Centre", "X_side_m": 9.5, "Y_side_m": 40.5}}, {"type": "Feature", "geometry": {"type": "Point", "coordinates": [2.3700440656403243, 6.35475401476809]}, "properties": {"edge_length_m": 263.0, "X": "Fiyégnon-Jacquot", "Y": "Fidjrossè-Centre", "X_side_m": 44.5, "Y_side_m": 218.5}}, {"type": "Feature", "geometry": {"type": "Point", "coordinates": [2.3769522, 6.3557427]}, "properties": {"edge_length_m": 64.6, "X": "Fiyégnon-Jacquot", "Y": "Fidjrossè-Centre", "X_side_m": 32.3, "Y_side_m": 32.3}}, {"type": "Feature", "geometry": {"type": "Point", "coordinates": [2.37725095, 6.355566]}, "properties": {"edge_length_m": 56.7, "X": "Fiyégnon-Jacquot", "Y": "Fidjrossè-Centre", "X_side_m": 28.4, "Y_side_m": 28.4}}, {"type": "Feature", "geometry": {"type": "Point", "coordinates": [2.3758928, 6.355472349999999]}, "properties": {"edge_length_m": 177.3, "X": "Fiyégnon-Jacquot", "Y": "Fidjrossè-Centre", "X_side_m": 88.7, "Y_side_m": 88.7}}, {"type": "Feature", "geometry": {"type": "Point", "coordinates": [2.3766461000000003, 6.3559988]}, "properties": {"edge_length_m": 74.4, "X": "Fiyégnon-Jacquot", "Y": "Fidjrossè-Centre", "X_side_m": 37.2, "Y_side_m": 37.2}}, {"type": "Feature", "geometry": {"type": "Point", "coordinates": [2.3907992, 6.3680934]}, "properties": {"edge_length_m": 61.3, "X": "Houénoussou", "Y": "Houéyihô", "X_side_m": 30.7, "Y_side_m": 30.7}}, {"type": "Feature", "geometry": {"type": "Point", "coordinates": [2.3900175, 6.3678531]}, "properties": {"edge_length_m": 185.6, "X": "Houénoussou", "Y": "Houéyihô", "X_side_m": 92.8, "Y_side_m": 92.8}}, {"type": "Feature", "geometry": {"type": "Point", "coordinates": [2.3840772414499316, 6.349673779932465]}, "properties": {"edge_length_m": 83.0, "X": "Haie-Vive-Cocotiers", "Y": "Fiyégnon-Jacquot", "X_side_m": 4.8, "Y_side_m": 78.2}}, {"type": "Feature", "geometry": {"type": "Point", "coordinates": [2.384111792416822, 6.348810678110352]}, "properties": {"edge_length_m": 181.6, "X": "Haie-Vive-Cocotiers", "Y": "Fiyégnon-Jacquot", "X_side_m": 95.3, "Y_side_m": 86.2}}, {"type": "Feature", "geometry": {"type": "Point", "coordinates": [2.386755601126983, 6.391058890843146]}, "properties": {"edge_length_m": 184.1, "X": "Agounvocôdji", "Y": "Zogbo", "X_side_m": 121.7, "Y_side_m": 62.3}}, {"type": "Feature", "geometry": {"type": "Point", "coordinates": [2.386162507014809, 6.390778339375645]}, "properties": {"edge_length_m": 58.2, "X": "Agounvocôdji", "Y": "Zogbo", "X_side_m": 39.2, "Y_side_m": 19.0}}, {"type": "Feature", "geometry": {"type": "Point", "coordinates": [2.389657, 6.38872055]}, "properties": {"edge_length_m": 90.1, "X": "Agounvocôdji", "Y": "Zogbo", "X_side_m": 45.1, "Y_side_m": 45.1}}, {"type": "Feature", "geometry": {"type": "Point", "coordinates": [2.389997817647128, 6.388881548195305]}, "properties": {"edge_length_m": 77.6, "X": "Agounvocôdji", "Y": "Zogbo", "X_side_m": 48.9, "Y_side_m": 28.7}}, {"type": "Feature", "geometry": {"type": "Point", "coordinates": [2.38859805, 6.387976999999999]}, "properties": {"edge_length_m": 97.6, "X": "Agounvocôdji", "Y": "Zogbo", "X_side_m": 48.8, "Y_side_m": 48.8}}, {"type": "Feature", "geometry": {"type": "Point", "coordinates": [2.3890527, 6.3882188499999994]}, "properties": {"edge_length_m": 48.5, "X": "Agounvocôdji", "Y": "Zogbo", "X_side_m": 24.3, "Y_side_m": 24.3}}, {"type": "Feature", "geometry": {"type": "Point", "coordinates": [2.345483130569281, 6.462693681748952]}, "properties": {"edge_length_m": 204.6, "X": "Sèmè", "Y": "Fandji\n", "X_side_m": 110.7, "Y_side_m": 93.9}}, {"type": "Feature", "geometry": {"type": "Point", "coordinates": [2.3446178112797056, 6.46297756279147]}, "properties": {"edge_length_m": 74.1, "X": "Sèmè", "Y": "Fandji\n", "X_side_m": 36.4, "Y_side_m": 37.7}}, {"type": "Feature", "geometry": {"type": "Point", "coordinates": [2.3509598854746, 6.459891881358888]}, "properties": {"edge_length_m": 56.3, "X": "Sèmè", "Y": "Fandji\n", "X_side_m": 50.4, "Y_side_m": 5.9}}, {"type": "Feature", "geometry": {"type": "Point", "coordinates": [2.351028292185136, 6.459869103785107]}, "properties": {"edge_length_m": 59.9, "X": "Sèmè", "Y": "Fandji\n", "X_side_m": 4.7, "Y_side_m": 55.1}}, {"type": "Feature", "geometry": {"type": "Point", "coordinates": [2.347405051203961, 6.462109514830337]}, "properties": {"edge_length_m": 178.8, "X": "Sèmè", "Y": "Fandji\n", "X_side_m": 135.2, "Y_side_m": 43.6}}, {"type": "Feature", "geometry": {"type": "Point", "coordinates": [2.3468586188197964, 6.462280900000332]}, "properties": {"edge_length_m": 47.8, "X": "Sèmè", "Y": "Fandji\n", "X_side_m": 27.3, "Y_side_m": 20.5}}, {"type": "Feature", "geometry": {"type": "Point", "coordinates": [2.4157301206656348, 6.382212224720752]}, "properties": {"edge_length_m": 185.6, "X": "Gbèdagba", "Y": "Gbèdjromèdè-Nord", "X_side_m": 0.9, "Y_side_m": 184.7}}, {"type": "Feature", "geometry": {"type": "Point", "coordinates": [2.4158459472199176, 6.382057230126178]}, "properties": {"edge_length_m": 69.3, "X": "Gbèdagba", "Y": "Gbèdjromèdè-Nord", "X_side_m": 21.3, "Y_side_m": 48.0}}, {"type": "Feature", "geometry": {"type": "Point", "coordinates": [2.4161055303711536, 6.381709676215109]}, "properties": {"edge_length_m": 195.4, "X": "Gbèdagba", "Y": "Gbèdjromèdè-Nord", "X_side_m": 193.4, "Y_side_m": 2.0}}, {"type": "Feature", "geometry": {"type": "Point", "coordinates": [2.4193808962958205, 6.371435200719644]}, "properties": {"edge_length_m": 125.9, "X": "Énagnon-Sikê", "Y": "Fignon-Sikê", "X_side_m": 78.6, "Y_side_m": 47.2}}, {"type": "Feature", "geometry": {"type": "Point", "coordinates": [2.419693585252879, 6.3710552730539]}, "properties": {"edge_length_m": 98.1, "X": "Énagnon-Sikê", "Y": "Fignon-Sikê", "X_side_m": 71.1, "Y_side_m": 27.0}}, {"type": "Feature", "geometry": {"type": "Point", "coordinates": [2.4198713381983192, 6.370957832326354]}, "properties": {"edge_length_m": 236.2, "X": "Énagnon-Sikê", "Y": "Fignon-Sikê", "X_side_m": 26.3, "Y_side_m": 210.0}}, {"type": "Feature", "geometry": {"type": "Point", "coordinates": [2.4296548213508213, 6.380131600850433]}, "properties": {"edge_length_m": 64.8, "X": "Djidjè", "Y": "Aïdjèdo-Gbègo", "X_side_m": 46.5, "Y_side_m": 18.3}}, {"type": "Feature", "geometry": {"type": "Point", "coordinates": [2.4296832454287958, 6.38036518828273]}, "properties": {"edge_length_m": 202.9, "X": "Djidjè", "Y": "Aïdjèdo-Gbègo", "X_side_m": 18.5, "Y_side_m": 184.5}}, {"type": "Feature", "geometry": {"type": "Point", "coordinates": [2.4069869348379265, 6.373729128273265]}, "properties": {"edge_length_m": 66.1, "X": "Gbégamey-Gbagoudo", "Y": "Vodjè-Ayidoté", "X_side_m": 53.7, "Y_side_m": 12.3}}, {"type": "Feature", "geometry": {"type": "Point", "coordinates": [2.4068477753547364, 6.373019861716629]}, "properties": {"edge_length_m": 158.2, "X": "Gbégamey-Gbagoudo", "Y": "Vodjè-Ayidoté", "X_side_m": 71.5, "Y_side_m": 86.7}}, {"type": "Feature", "geometry": {"type": "Point", "coordinates": [2.3956834000000002, 6.3902233]}, "properties": {"edge_length_m": 63.8, "X": "Yénawa-Fifadji", "Y": "Zogbo", "X_side_m": 31.9, "Y_side_m": 31.9}}, {"type": "Feature", "geometry": {"type": "Point", "coordinates": [2.3951483500000004, 6.3898752000000005]}, "properties": {"edge_length_m": 139.8, "X": "Yénawa-Fifadji", "Y": "Zogbo", "X_side_m": 69.9, "Y_side_m": 69.9}}, {"type": "Feature", "geometry": {"type": "Point", "coordinates": [2.401199925384485, 6.382126183830744]}, "properties": {"edge_length_m": 245.5, "X": "Tonato", "Y": "Missèkplé", "X_side_m": 237.0, "Y_side_m": 8.5}}, {"type": "Feature", "geometry": {"type": "Point", "coordinates": [2.4010935976607066, 6.3821357859343175]}, "properties": {"edge_length_m": 63.4, "X": "Tonato", "Y": "Missèkplé", "X_side_m": 8.5, "Y_side_m": 54.9}}, {"type": "Feature", "geometry": {"type": "Point", "coordinates": [2.4034575779049523, 6.382551405548086]}, "properties": {"edge_length_m": 71.7, "X": "Houénoussou-Sainte-Rita", "Y": "Missèkplé", "X_side_m": 10.3, "Y_side_m": 61.4}}, {"type": "Feature", "geometry": {"type": "Point", "coordinates": [2.404284719719373, 6.382476969954958]}, "properties": {"edge_length_m": 233.6, "X": "Houénoussou-Sainte-Rita", "Y": "Missèkplé", "X_side_m": 163.8, "Y_side_m": 69.8}}, {"type": "Feature", "geometry": {"type": "Point", "coordinates": [2.4061017596221563, 6.38235762314216]}, "properties": {"edge_length_m": 232.7, "X": "Houénoussou-Sainte-Rita", "Y": "Missèkplé", "X_side_m": 220.5, "Y_side_m": 12.1}}, {"type": "Feature", "geometry": {"type": "Point", "coordinates": [2.406258821455565, 6.382337933977405]}, "properties": {"edge_length_m": 64.9, "X": "Houénoussou-Sainte-Rita", "Y": "Missèkplé", "X_side_m": 12.1, "Y_side_m": 52.8}}, {"type": "Feature", "geometry": {"type": "Point", "coordinates": [2.40742071468971, 6.384883006689531]}, "properties": {"edge_length_m": 197.7, "X": "Mèdédjro", "Y": "Missèkplé", "X_side_m": 141.4, "Y_side_m": 56.3}}, {"type": "Feature", "geometry": {"type": "Point", "coordinates": [2.4075151803198303, 6.385607217097134]}, "properties": {"edge_length_m": 68.2, "X": "Mèdédjro", "Y": "Missèkplé", "X_side_m": 56.2, "Y_side_m": 11.9}}, {"type": "Feature", "geometry": {"type": "Point", "coordinates": [2.4075368018529937, 6.38576332222735]}, "properties": {"edge_length_m": 194.7, "X": "Mèdédjro", "Y": "Missèkplé", "X_side_m": 12.3, "Y_side_m": 182.4}}, {"type": "Feature", "geometry": {"type": "Point", "coordinates": [2.412129645329053, 6.383542436769526]}, "properties": {"edge_length_m": 194.3, "X": "Gbèdagba", "Y": "Mèdédjro", "X_side_m": 180.1, "Y_side_m": 14.2}}, {"type": "Feature", "geometry": {"type": "Point", "coordinates": [2.4121067830726903, 6.3833623946992075]}, "properties": {"edge_length_m": 67.0, "X": "Gbèdagba", "Y": "Mèdédjro", "X_side_m": 14.3, "Y_side_m": 52.7}}, {"type": "Feature", "geometry": {"type": "Point", "coordinates": [2.404960078484643, 6.37728183508262]}, "properties": {"edge_length_m": 65.9, "X": "Agontinkon", "Y": "Houénoussou-Sainte-Rita", "X_side_m": 21.4, "Y_side_m": 44.5}}, {"type": "Feature", "geometry": {"type": "Point", "coordinates": [2.405605547538966, 6.3782488157954695]}, "properties": {"edge_length_m": 230.5, "X": "Agontinkon", "Y": "Houénoussou-Sainte-Rita", "X_side_m": 107.7, "Y_side_m": 122.8}}, {"type": "Feature", "geometry": {"type": "Point", "coordinates": [2.407154237002201, 6.381687101960372]}, "properties": {"edge_length_m": 62.8, "X": "Houénoussou-Sainte-Rita", "Y": "Houéhoun", "X_side_m": 31.7, "Y_side_m": 31.1}}, {"type": "Feature", "geometry": {"type": "Point", "coordinates": [2.407114514933146, 6.381276855494349]}, "properties": {"edge_length_m": 68.6, "X": "Houénoussou-Sainte-Rita", "Y": "Houéhoun", "X_side_m": 33.0, "Y_side_m": 35.6}}, {"type": "Feature", "geometry": {"type": "Point", "coordinates": [2.407067367592915, 6.3808413049313]}, "properties": {"edge_length_m": 459.4, "X": "Houénoussou-Sainte-Rita", "Y": "Houéhoun", "X_side_m": 33.4, "Y_side_m": 426.0}}, {"type": "Feature", "geometry": {"type": "Point", "coordinates": [2.4133080451551505, 6.3879326012684015]}, "properties": {"edge_length_m": 132.3, "X": "Gbèdjromèdè-Nord", "Y": "Mèdédjro", "X_side_m": 112.5, "Y_side_m": 19.8}}, {"type": "Feature", "geometry": {"type": "Point", "coordinates": [2.4135448241245663, 6.386822158296486]}, "properties": {"edge_length_m": 67.7, "X": "Gbèdjromèdè-Nord", "Y": "Mèdédjro", "X_side_m": 55.0, "Y_side_m": 12.7}}, {"type": "Feature", "geometry": {"type": "Point", "coordinates": [2.413526365469147, 6.386661818155618]}, "properties": {"edge_length_m": 63.8, "X": "Gbèdjromèdè-Nord", "Y": "Mèdédjro", "X_side_m": 12.6, "Y_side_m": 51.2}}, {"type": "Feature", "geometry": {"type": "Point", "coordinates": [2.408141940346469, 6.382450739699363]}, "properties": {"edge_length_m": 65.8, "X": "Houéhoun", "Y": "Mèdédjro", "X_side_m": 31.6, "Y_side_m": 34.2}}, {"type": "Feature", "geometry": {"type": "Point", "coordinates": [2.408544942712984, 6.382402537430564]}, "properties": {"edge_length_m": 193.7, "X": "Houéhoun", "Y": "Mèdédjro", "X_side_m": 31.7, "Y_side_m": 162.0}}, {"type": "Feature", "geometry": {"type": "Point", "coordinates": [2.407692940180846, 6.382505035958918]}, "properties": {"edge_length_m": 66.2, "X": "Houéhoun", "Y": "Mèdédjro", "X_side_m": 35.4, "Y_side_m": 30.8}}, {"type": "Feature", "geometry": {"type": "Point", "coordinates": [2.4235552609265243, 6.378148612698723]}, "properties": {"edge_length_m": 66.3, "X": "Aïdjèdo", "Y": "Aïdjèdo-Ahito", "X_side_m": 31.8, "Y_side_m": 34.5}}, {"type": "Feature", "geometry": {"type": "Point", "coordinates": [2.4236855328873594, 6.377885184114638]}, "properties": {"edge_length_m": 174.2, "X": "Aïdjèdo", "Y": "Aïdjèdo-Ahito", "X_side_m": 6.7, "Y_side_m": 167.6}}, {"type": "Feature", "geometry": {"type": "Point", "coordinates": [2.423413450374178, 6.378434270192664]}, "properties": {"edge_length_m": 156.8, "X": "Aïdjèdo", "Y": "Aïdjèdo-Ahito", "X_side_m": 7.2, "Y_side_m": 149.6}}, {"type": "Feature", "geometry": {"type": "Point", "coordinates": [2.423287851709698, 6.378488637706517]}, "properties": {"edge_length_m": 64.2, "X": "Aïdjèdo", "Y": "Aïdjèdo-Ahito", "X_side_m": 13.4, "Y_side_m": 50.9}}, {"type": "Feature", "geometry": {"type": "Point", "coordinates": [2.4223762, 6.3783549]}, "properties": {"edge_length_m": 176.8, "X": "Aïdjèdo", "Y": "Aïdjèdo-Ahito", "X_side_m": 88.4, "Y_side_m": 88.4}}, {"type": "Feature", "geometry": {"type": "Point", "coordinates": [2.4331526363158287, 6.387268738797635]}, "properties": {"edge_length_m": 65.7, "X": "Ahouansori-Towéta-Kpota", "Y": "Djidjè-Aïchédji", "X_side_m": 30.3, "Y_side_m": 35.4}}, {"type": "Feature", "geometry": {"type": "Point", "coordinates": [2.432702176970114, 6.38731962871341]}, "properties": {"edge_length_m": 193.4, "X": "Ahouansori-Towéta-Kpota", "Y": "Djidjè-Aïchédji", "X_side_m": 35.5, "Y_side_m": 157.8}}, {"type": "Feature", "geometry": {"type": "Point", "coordinates": [2.431063143359562, 6.387495553369276]}, "properties": {"edge_length_m": 193.6, "X": "Ahouansori-Towéta-Kpota", "Y": "Djidjè-Aïchédji", "X_side_m": 28.1, "Y_side_m": 165.5}}, {"type": "Feature", "geometry": {"type": "Point", "coordinates": [2.4307053771908205, 6.387535258819338]}, "properties": {"edge_length_m": 66.2, "X": "Ahouansori-Towéta-Kpota", "Y": "Djidjè-Aïchédji", "X_side_m": 27.8, "Y_side_m": 38.4}}, {"type": "Feature", "geometry": {"type": "Point", "coordinates": [2.4208805122244, 6.378401340823577]}, "properties": {"edge_length_m": 66.0, "X": "Gbèdjromèdè", "Y": "Aïdjèdo-Ahito", "X_side_m": 41.3, "Y_side_m": 24.7}}, {"type": "Feature", "geometry": {"type": "Point", "coordinates": [2.4199645865452775, 6.3772186174602465]}, "properties": {"edge_length_m": 166.5, "X": "Gbèdjromèdè", "Y": "Aïdjèdo-Ahito", "X_side_m": 160.5, "Y_side_m": 6.0}}, {"type": "Feature", "geometry": {"type": "Point", "coordinates": [2.426222126358426, 6.383654001005873]}, "properties": {"edge_length_m": 199.6, "X": "Ahouansouri-Agata", "Y": "Aïdjèdo-Gbègo", "X_side_m": 142.8, "Y_side_m": 56.9}}, {"type": "Feature", "geometry": {"type": "Point", "coordinates": [2.426308512262956, 6.3843744362408525]}, "properties": {"edge_length_m": 65.7, "X": "Ahouansouri-Agata", "Y": "Aïdjèdo-Gbègo", "X_side_m": 56.1, "Y_side_m": 9.6}}, {"type": "Feature", "geometry": {"type": "Point", "coordinates": [2.432772558060311, 6.376178316877936]}, "properties": {"edge_length_m": 83.8, "X": "Hindé-Nord", "Y": "Hindé-Sud", "X_side_m": 10.3, "Y_side_m": 73.5}}, {"type": "Feature", "geometry": {"type": "Point", "coordinates": [2.433048516059491, 6.3772591732762]}, "properties": {"edge_length_m": 195.1, "X": "Hindé-Nord", "Y": "Hindé-Sud", "X_side_m": 98.0, "Y_side_m": 97.1}}, {"type": "Feature", "geometry": {"type": "Point", "coordinates": [2.4301045376428263, 6.37586005884669]}, "properties": {"edge_length_m": 121.7, "X": "Hindé-Nord", "Y": "Aïdjèdo-Vignon", "X_side_m": 63.8, "Y_side_m": 58.0}}, {"type": "Feature", "geometry": {"type": "Point", "coordinates": [2.4302975948870746, 6.376460213377008]}, "properties": {"edge_length_m": 52.5, "X": "Hindé-Nord", "Y": "Aïdjèdo-Vignon", "X_side_m": 37.4, "Y_side_m": 15.1}}, {"type": "Feature", "geometry": {"type": "Point", "coordinates": [2.4264937158180455, 6.385506956810163]}, "properties": {"edge_length_m": 235.4, "X": "Ahouansouri-Agata", "Y": "Ahouansori-Towéta", "X_side_m": 234.1, "Y_side_m": 1.3}}, {"type": "Feature", "geometry": {"type": "Point", "coordinates": [2.4265102430847487, 6.38550532415236]}, "properties": {"edge_length_m": 62.8, "X": "Ahouansouri-Agata", "Y": "Ahouansori-Towéta", "X_side_m": 1.3, "Y_side_m": 61.5}}, {"type": "Feature", "geometry": {"type": "Point", "coordinates": [2.4305730805685526, 6.378967267350512]}, "properties": {"edge_length_m": 80.2, "X": "Hindé-Nord", "Y": "Djidjè", "X_side_m": 63.5, "Y_side_m": 16.7}}, {"type": "Feature", "geometry": {"type": "Point", "coordinates": [2.431372948474481, 6.378869411111967]}, "properties": {"edge_length_m": 201.0, "X": "Hindé-Nord", "Y": "Djidjè", "X_side_m": 62.8, "Y_side_m": 138.2}}, {"type": "Feature", "geometry": {"type": "Point", "coordinates": [2.43359465, 6.37871815]}, "properties": {"edge_length_m": 100.5, "X": "Hindé-Nord", "Y": "Djidjè", "X_side_m": 50.2, "Y_side_m": 50.2}}, {"type": "Feature", "geometry": {"type": "Point", "coordinates": [2.4330900210632396, 6.378627425599395]}, "properties": {"edge_length_m": 76.7, "X": "Hindé-Nord", "Y": "Djidjè", "X_side_m": 25.6, "Y_side_m": 51.1}}, {"type": "Feature", "geometry": {"type": "Point", "coordinates": [2.432463534404207, 6.37872359943821]}, "properties": {"edge_length_m": 195.7, "X": "Hindé-Nord", "Y": "Djidjè", "X_side_m": 147.5, "Y_side_m": 48.2}}, {"type": "Feature", "geometry": {"type": "Point", "coordinates": [2.384298997811585, 6.390781554794973]}, "properties": {"edge_length_m": 41.0, "X": "Agounvocôdji", "Y": "Zogbohouè", "X_side_m": 36.8, "Y_side_m": 4.2}}, {"type": "Feature", "geometry": {"type": "Point", "coordinates": [2.384265228596335, 6.390442349310349]}, "properties": {"edge_length_m": 215.6, "X": "Agounvocôdji", "Y": "Zogbohouè", "X_side_m": 32.5, "Y_side_m": 183.1}}, {"type": "Feature", "geometry": {"type": "Point", "coordinates": [2.3963677879285536, 6.373242795777682]}, "properties": {"edge_length_m": 66.2, "X": "Vodjè-Finagnon", "Y": "Houéyihô-Tannou", "X_side_m": 46.1, "Y_side_m": 20.1}}, {"type": "Feature", "geometry": {"type": "Point", "coordinates": [2.396398683071791, 6.373497836311057]}, "properties": {"edge_length_m": 217.3, "X": "Vodjè-Finagnon", "Y": "Houéyihô-Tannou", "X_side_m": 20.1, "Y_side_m": 197.1}}, {"type": "Feature", "geometry": {"type": "Point", "coordinates": [2.396621715296947, 6.375779645395055]}, "properties": {"edge_length_m": 228.4, "X": "Vodjè-Finagnon", "Y": "Houéyihô-Tannou", "X_side_m": 22.3, "Y_side_m": 206.1}}, {"type": "Feature", "geometry": {"type": "Point", "coordinates": [2.396655336586552, 6.376063849910987]}, "properties": {"edge_length_m": 56.6, "X": "Vodjè-Finagnon", "Y": "Houéyihô-Tannou", "X_side_m": 22.2, "Y_side_m": 34.4}}, {"type": "Feature", "geometry": {"type": "Point", "coordinates": [2.4516507355968002, 6.3824336896481215]}, "properties": {"edge_length_m": 215.0, "X": "Kpondéhou-Tchèmè", "Y": "Ayélawadjè-Agongbomè", "X_side_m": 207.8, "Y_side_m": 7.2}}, {"type": "Feature", "geometry": {"type": "Point", "coordinates": [2.451582503434421, 6.3823639478570815]}, "properties": {"edge_length_m": 11.9, "X": "Kpondéhou-Tchèmè", "Y": "Ayélawadjè-Agongbomè", "X_side_m": 7.8, "Y_side_m": 4.1}}, {"type": "Feature", "geometry": {"type": "Point", "coordinates": [2.4515463165431983, 6.382327025429149]}, "properties": {"edge_length_m": 71.3, "X": "Kpondéhou-Tchèmè", "Y": "Ayélawadjè-Agongbomè", "X_side_m": 67.5, "Y_side_m": 3.8}}, {"type": "Feature", "geometry": {"type": "Point", "coordinates": [2.444724306980858, 6.362758670991076]}, "properties": {"edge_length_m": 37.5, "X": "Ohé", "Y": "Abokicodji-Lagune", "X_side_m": 14.1, "Y_side_m": 23.4}}, {"type": "Feature", "geometry": {"type": "Point", "coordinates": [2.4443528457522232, 6.363543171194819]}, "properties": {"edge_length_m": 108.1, "X": "Ohé", "Y": "Abokicodji-Lagune", "X_side_m": 14.7, "Y_side_m": 93.4}}, {"type": "Feature", "geometry": {"type": "Point", "coordinates": [2.4427085561590087, 6.369280533607373]}, "properties": {"edge_length_m": 59.8, "X": "Dédokpo", "Y": "Misséssin", "X_side_m": 58.9, "Y_side_m": 0.9}}, {"type": "Feature", "geometry": {"type": "Point", "coordinates": [2.442072359065098, 6.369695596010239]}, "properties": {"edge_length_m": 149.4, "X": "Dédokpo", "Y": "Misséssin", "X_side_m": 81.9, "Y_side_m": 67.5}}, {"type": "Feature", "geometry": {"type": "Point", "coordinates": [2.4413893824754447, 6.3794326806193045]}, "properties": {"edge_length_m": 69.3, "X": "Midombo", "Y": "Kpankpan", "X_side_m": 30.7, "Y_side_m": 38.5}}, {"type": "Feature", "geometry": {"type": "Point", "coordinates": [2.44186261068506, 6.379774202358555]}, "properties": {"edge_length_m": 208.3, "X": "Midombo", "Y": "Kpankpan", "X_side_m": 58.1, "Y_side_m": 150.2}}, {"type": "Feature", "geometry": {"type": "Point", "coordinates": [2.44069715, 6.3778866999999995]}, "properties": {"edge_length_m": 67.5, "X": "Midombo", "Y": "Kpankpan", "X_side_m": 33.7, "Y_side_m": 33.7}}, {"type": "Feature", "geometry": {"type": "Point", "coordinates": [2.44036575, 6.37816635]}, "properties": {"edge_length_m": 58.3, "X": "Midombo", "Y": "Kpankpan", "X_side_m": 29.1, "Y_side_m": 29.1}}, {"type": "Feature", "geometry": {"type": "Point", "coordinates": [2.4401206, 6.3784195]}, "properties": {"edge_length_m": 48.3, "X": "Midombo", "Y": "Kpankpan", "X_side_m": 24.2, "Y_side_m": 24.2}}, {"type": "Feature", "geometry": {"type": "Point", "coordinates": [2.44023675, 6.379101]}, "properties": {"edge_length_m": 150.4, "X": "Midombo", "Y": "Kpankpan", "X_side_m": 75.2, "Y_side_m": 75.2}}, {"type": "Feature", "geometry": {"type": "Point", "coordinates": [2.4579058, 6.3819421]}, "properties": {"edge_length_m": 70.6, "X": "Ahouassa", "Y": "Sènadé", "X_side_m": 35.3, "Y_side_m": 35.3}}, {"type": "Feature", "geometry": {"type": "Point", "coordinates": [2.45856415, 6.3816233]}, "properties": {"edge_length_m": 144.9, "X": "Ahouassa", "Y": "Sènadé", "X_side_m": 72.4, "Y_side_m": 72.4}}, {"type": "Feature", "geometry": {"type": "Point", "coordinates": [2.4592162477490205, 6.380488336285387]}, "properties": {"edge_length_m": 70.9, "X": "Ahouassa", "Y": "Sènadé", "X_side_m": 55.1, "Y_side_m": 15.9}}, {"type": "Feature", "geometry": {"type": "Point", "coordinates": [2.458325054860065, 6.380982301822101]}, "properties": {"edge_length_m": 145.7, "X": "Ahouassa", "Y": "Sènadé", "X_side_m": 99.5, "Y_side_m": 46.2}}, {"type": "Feature", "geometry": {"type": "Point", "coordinates": [2.4616059079973867, 6.381079607648797]}, "properties": {"edge_length_m": 66.7, "X": "Ahouassa", "Y": "Suru-Léré", "X_side_m": 13.3, "Y_side_m": 53.4}}, {"type": "Feature", "geometry": {"type": "Point", "coordinates": [2.4614826099439955, 6.380960771792572]}, "properties": {"edge_length_m": 243.4, "X": "Ahouassa", "Y": "Suru-Léré", "X_side_m": 13.3, "Y_side_m": 230.0}}, {"type": "Feature", "geometry": {"type": "Point", "coordinates": [2.4632348, 6.3839808]}, "properties": {"edge_length_m": 80.8, "X": "Ahouassa", "Y": "Kowégbo", "X_side_m": 40.4, "Y_side_m": 40.4}}, {"type": "Feature", "geometry": {"type": "Point", "coordinates": [2.4635663, 6.3837135499999995]}, "properties": {"edge_length_m": 56.8, "X": "Ahouassa", "Y": "Kowégbo", "X_side_m": 28.4, "Y_side_m": 28.4}}, {"type": "Feature", "geometry": {"type": "Point", "coordinates": [2.465337822146511, 6.3802996486387435]}, "properties": {"edge_length_m": 172.5, "X": "Kowégbo", "Y": "Suru-Léré", "X_side_m": 129.4, "Y_side_m": 43.1}}, {"type": "Feature", "geometry": {"type": "Point", "coordinates": [2.465730146781652, 6.379906195951335]}, "properties": {"edge_length_m": 74.1, "X": "Kowégbo", "Y": "Suru-Léré", "X_side_m": 43.3, "Y_side_m": 30.8}}, {"type": "Feature", "geometry": {"type": "Point", "coordinates": [2.4641745, 6.38187665]}, "properties": {"edge_length_m": 73.2, "X": "Kowégbo", "Y": "Suru-Léré", "X_side_m": 36.6, "Y_side_m": 36.6}}, {"type": "Feature", "geometry": {"type": "Point", "coordinates": [2.46495465, 6.381539]}, "properties": {"edge_length_m": 173.2, "X": "Kowégbo", "Y": "Suru-Léré", "X_side_m": 86.6, "Y_side_m": 86.6}}, {"type": "Feature", "geometry": {"type": "Point", "coordinates": [2.4523447999999997, 6.3923205]}, "properties": {"edge_length_m": 52.6, "X": "Minontchou", "Y": "Gankpodo", "X_side_m": 26.3, "Y_side_m": 26.3}}, {"type": "Feature", "geometry": {"type": "Point", "coordinates": [2.452112318192839, 6.391488110305055]}, "properties": {"edge_length_m": 198.9, "X": "Minontchou", "Y": "Gankpodo", "X_side_m": 98.9, "Y_side_m": 100.0}}, {"type": "Feature", "geometry": {"type": "Point", "coordinates": [2.4519419274393277, 6.390583690056529]}, "properties": {"edge_length_m": 51.0, "X": "Minontchou", "Y": "Gankpodo", "X_side_m": 32.5, "Y_side_m": 18.5}}, {"type": "Feature", "geometry": {"type": "Point", "coordinates": [2.45086615, 6.392723]}, "properties": {"edge_length_m": 70.5, "X": "Agbodjèdo", "Y": "Minontchou", "X_side_m": 35.3, "Y_side_m": 35.3}}, {"type": "Feature", "geometry": {"type": "Point", "coordinates": [2.4507616, 6.3936715]}, "properties": {"edge_length_m": 196.4, "X": "Agbodjèdo", "Y": "Minontchou", "X_side_m": 98.2, "Y_side_m": 98.2}}, {"type": "Feature", "geometry": {"type": "Point", "coordinates": [2.443785912862367, 6.385937495989022]}, "properties": {"edge_length_m": 129.0, "X": "Sègbèya-Nord", "Y": "Adôgléta", "X_side_m": 93.5, "Y_side_m": 35.5}}, {"type": "Feature", "geometry": {"type": "Point", "coordinates": [2.4434683109249162, 6.386331341982712]}, "properties": {"edge_length_m": 66.8, "X": "Sègbèya-Nord", "Y": "Adôgléta", "X_side_m": 43.4, "Y_side_m": 23.4}}, {"type": "Feature", "geometry": {"type": "Point", "coordinates": [2.44185955, 6.3862493]}, "properties": {"edge_length_m": 65.7, "X": "Sègbèya-Nord", "Y": "Adôgléta", "X_side_m": 32.9, "Y_side_m": 32.9}}, {"type": "Feature", "geometry": {"type": "Point", "coordinates": [2.4412523999999998, 6.3865482]}, "properties": {"edge_length_m": 134.1, "X": "Sègbèya-Nord", "Y": "Adôgléta", "X_side_m": 67.0, "Y_side_m": 67.0}}, {"type": "Feature", "geometry": {"type": "Point", "coordinates": [2.442761419246858, 6.384129823363588]}, "properties": {"edge_length_m": 70.1, "X": "Sègbèya-Sud", "Y": "Adôgléta", "X_side_m": 29.9, "Y_side_m": 40.3}}, {"type": "Feature", "geometry": {"type": "Point", "coordinates": [2.4423850324324534, 6.383770506325121]}, "properties": {"edge_length_m": 226.2, "X": "Sègbèya-Sud", "Y": "Adôgléta", "X_side_m": 190.1, "Y_side_m": 36.1}}, {"type": "Feature", "geometry": {"type": "Point", "coordinates": [2.438552829459602, 6.38202059004218]}, "properties": {"edge_length_m": 182.4, "X": "Adôgléta", "Y": "Kpankpan", "X_side_m": 93.1, "Y_side_m": 89.2}}, {"type": "Feature", "geometry": {"type": "Point", "coordinates": [2.439180262576876, 6.381376853305949]}, "properties": {"edge_length_m": 61.6, "X": "Adôgléta", "Y": "Kpankpan", "X_side_m": 19.0, "Y_side_m": 42.6}}, {"type": "Feature", "geometry": {"type": "Point", "coordinates": [2.4604307247698336, 6.385459518839428]}, "properties": {"edge_length_m": 220.1, "X": "Ahouassa", "Y": "Djédjé-Layé", "X_side_m": 109.8, "Y_side_m": 110.3}}, {"type": "Feature", "geometry": {"type": "Point", "coordinates": [2.459431921983338, 6.385394769828574]}, "properties": {"edge_length_m": 60.0, "X": "Ahouassa", "Y": "Djédjé-Layé", "X_side_m": 51.4, "Y_side_m": 8.6}}, {"type": "Feature", "geometry": {"type": "Point", "coordinates": [2.4607837, 6.38580395]}, "properties": {"edge_length_m": 143.9, "X": "Ahouassa", "Y": "Djédjé-Layé", "X_side_m": 72.0, "Y_side_m": 72.0}}, {"type": "Feature", "geometry": {"type": "Point", "coordinates": [2.4614422, 6.3861333]}, "properties": {"edge_length_m": 72.7, "X": "Ahouassa", "Y": "Djédjé-Layé", "X_side_m": 36.4, "Y_side_m": 36.4}}, {"type": "Feature", "geometry": {"type": "Point", "coordinates": [2.454154780655736, 6.388887269697781]}, "properties": {"edge_length_m": 79.0, "X": "Kpondéhou", "Y": "Gankpodo", "X_side_m": 26.2, "Y_side_m": 52.9}}, {"type": "Feature", "geometry": {"type": "Point", "coordinates": [2.4548025640732845, 6.388402845900265]}, "properties": {"edge_length_m": 222.4, "X": "Kpondéhou", "Y": "Gankpodo", "X_side_m": 71.0, "Y_side_m": 151.4}}, {"type": "Feature", "geometry": {"type": "Point", "coordinates": [2.4583194500000003, 6.387768899999999]}, "properties": {"edge_length_m": 208.2, "X": "Djédjé-Layé", "Y": "Gankpodo", "X_side_m": 104.1, "Y_side_m": 104.1}}, {"type": "Feature", "geometry": {"type": "Point", "coordinates": [2.45926945, 6.38806275]}, "properties": {"edge_length_m": 66.4, "X": "Djédjé-Layé", "Y": "Gankpodo", "X_side_m": 33.2, "Y_side_m": 33.2}}, {"type": "Feature", "geometry": {"type": "Point", "coordinates": [2.4593655500000002, 6.38836475]}, "properties": {"edge_length_m": 19.2, "X": "Djédjé-Layé", "Y": "Gankpodo", "X_side_m": 9.6, "Y_side_m": 9.6}}, {"type": "Feature", "geometry": {"type": "Point", "coordinates": [2.45945335, 6.3884688999999995]}, "properties": {"edge_length_m": 22.6, "X": "Djédjé-Layé", "Y": "Gankpodo", "X_side_m": 11.3, "Y_side_m": 11.3}}, {"type": "Feature", "geometry": {"type": "Point", "coordinates": [2.45980775, 6.38856485]}, "properties": {"edge_length_m": 78.2, "X": "Djédjé-Layé", "Y": "Gankpodo", "X_side_m": 39.1, "Y_side_m": 39.1}}, {"type": "Feature", "geometry": {"type": "Point", "coordinates": [2.46092155, 6.3902216]}, "properties": {"edge_length_m": 51.9, "X": "Djédjé-Layé", "Y": "Gankpodo", "X_side_m": 26.0, "Y_side_m": 26.0}}, {"type": "Feature", "geometry": {"type": "Point", "coordinates": [2.46069755, 6.3918543]}, "properties": {"edge_length_m": 351.3, "X": "Djédjé-Layé", "Y": "Gankpodo", "X_side_m": 175.6, "Y_side_m": 175.6}}, {"type": "Feature", "geometry": {"type": "Point", "coordinates": [2.45904935, 6.38909785]}, "properties": {"edge_length_m": 245.1, "X": "Djédjé-Layé", "Y": "Gankpodo", "X_side_m": 122.5, "Y_side_m": 122.5}}, {"type": "Feature", "geometry": {"type": "Point", "coordinates": [2.4601549499999997, 6.3893168]}, "properties": {"edge_length_m": 51.4, "X": "Djédjé-Layé", "Y": "Gankpodo", "X_side_m": 25.7, "Y_side_m": 25.7}}, {"type": "Feature", "geometry": {"type": "Point", "coordinates": [2.4613959, 6.3901313]}, "properties": {"edge_length_m": 54.9, "X": "Yénawa", "Y": "Djédjé-Layé", "X_side_m": 27.5, "Y_side_m": 27.5}}, {"type": "Feature", "geometry": {"type": "Point", "coordinates": [2.461637, 6.39046525]}, "properties": {"edge_length_m": 84.1, "X": "Yénawa", "Y": "Djédjé-Layé", "X_side_m": 42.0, "Y_side_m": 42.0}}, {"type": "Feature", "geometry": {"type": "Point", "coordinates": [2.462344668695726, 6.386771029646212]}, "properties": {"edge_length_m": 73.3, "X": "Yénawa", "Y": "Djédjé-Layé", "X_side_m": 36.4, "Y_side_m": 36.9}}, {"type": "Feature", "geometry": {"type": "Point", "coordinates": [2.4631106778139116, 6.38644001955919]}, "properties": {"edge_length_m": 140.8, "X": "Yénawa", "Y": "Djédjé-Layé", "X_side_m": 55.8, "Y_side_m": 85.0}}, {"type": "Feature", "geometry": {"type": "Point", "coordinates": [2.4505260134286995, 6.377188456922646]}, "properties": {"edge_length_m": 141.1, "X": "Lom-Nava", "Y": "Ayélawadjè", "X_side_m": 97.9, "Y_side_m": 43.2}}, {"type": "Feature", "geometry": {"type": "Point", "coordinates": [2.45091335, 6.3775049]}, "properties": {"edge_length_m": 70.6, "X": "Lom-Nava", "Y": "Ayélawadjè", "X_side_m": 35.3, "Y_side_m": 35.3}}, {"type": "Feature", "geometry": {"type": "Point", "coordinates": [2.4518977499999997, 6.3778171]}, "properties": {"edge_length_m": 218.6, "X": "Lom-Nava", "Y": "Ayélawadjè", "X_side_m": 109.3, "Y_side_m": 109.3}}, {"type": "Feature", "geometry": {"type": "Point", "coordinates": [2.4515912691110957, 6.376140877582027]}, "properties": {"edge_length_m": 156.3, "X": "Lom-Nava", "Y": "Ayélawadjè", "X_side_m": 127.1, "Y_side_m": 29.2}}, {"type": "Feature", "geometry": {"type": "Point", "coordinates": [2.4506382800613316, 6.377083687252378]}, "properties": {"edge_length_m": 141.6, "X": "Lom-Nava", "Y": "Ayélawadjè", "X_side_m": 31.1, "Y_side_m": 110.5}}, {"type": "Feature", "geometry": {"type": "Point", "coordinates": [2.4509165061689053, 6.3768024693207]}, "properties": {"edge_length_m": 74.6, "X": "Lom-Nava", "Y": "Ayélawadjè", "X_side_m": 30.9, "Y_side_m": 43.8}}, {"type": "Feature", "geometry": {"type": "Point", "coordinates": [2.451317235523567, 6.376405553190299]}, "properties": {"edge_length_m": 74.0, "X": "Lom-Nava", "Y": "Ayélawadjè", "X_side_m": 44.8, "Y_side_m": 29.3}}, {"type": "Feature", "geometry": {"type": "Point", "coordinates": [2.452698290196228, 6.375073200549791]}, "properties": {"edge_length_m": 78.0, "X": "Lom-Nava", "Y": "Ayélawadjè", "X_side_m": 41.4, "Y_side_m": 36.6}}, {"type": "Feature", "geometry": {"type": "Point", "coordinates": [2.452323079827015, 6.375419590485191]}, "properties": {"edge_length_m": 150.4, "X": "Lom-Nava", "Y": "Ayélawadjè", "X_side_m": 41.7, "Y_side_m": 108.8}}, {"type": "Feature", "geometry": {"type": "Point", "coordinates": [2.4509671657494265, 6.373800140316451]}, "properties": {"edge_length_m": 278.8, "X": "Fifatin", "Y": "Ayélawadjè", "X_side_m": 200.8, "Y_side_m": 78.0}}, {"type": "Feature", "geometry": {"type": "Point", "coordinates": [2.449155616102027, 6.3734079489359]}, "properties": {"edge_length_m": 65.4, "X": "Fifatin", "Y": "Ayélawadjè", "X_side_m": 41.1, "Y_side_m": 24.3}}, {"type": "Feature", "geometry": {"type": "Point", "coordinates": [2.4484547, 6.3731814]}, "properties": {"edge_length_m": 155.5, "X": "Fifatin", "Y": "Ayélawadjè", "X_side_m": 77.8, "Y_side_m": 77.8}}, {"type": "Feature", "geometry": {"type": "Point", "coordinates": [2.451647305784464, 6.374359395585702]}, "properties": {"edge_length_m": 63.4, "X": "Fifatin", "Y": "Ayélawadjè", "X_side_m": 2.4, "Y_side_m": 61.0}}, {"type": "Feature", "geometry": {"type": "Point", "coordinates": [2.4533211351251523, 6.373922125390082]}, "properties": {"edge_length_m": 67.2, "X": "Fifatin", "Y": "Lom-Nava", "X_side_m": 46.7, "Y_side_m": 20.5}}, {"type": "Feature", "geometry": {"type": "Point", "coordinates": [2.4537808272482637, 6.373555500030064]}, "properties": {"edge_length_m": 65.6, "X": "Fifatin", "Y": "Lom-Nava", "X_side_m": 45.4, "Y_side_m": 20.2}}, {"type": "Feature", "geometry": {"type": "Point", "coordinates": [2.3412872112349663, 6.494609091028411]}, "properties": {"edge_length_m": 177.7, "X": "Zopah-Akassato", "Y": "Zoundja\n", "X_side_m": 136.5, "Y_side_m": 41.2}}, {"type": "Feature", "geometry": {"type": "Point", "coordinates": [2.340827117256903, 6.494405669506888]}, "properties": {"edge_length_m": 75.4, "X": "Zopah-Akassato", "Y": "Zoundja\n", "X_side_m": 36.7, "Y_side_m": 38.7}}, {"type": "Feature", "geometry": {"type": "Point", "coordinates": [2.34230312530743, 6.4951373672754125]}, "properties": {"edge_length_m": 186.4, "X": "Zopah-Akassato", "Y": "Zoundja\n", "X_side_m": 139.2, "Y_side_m": 47.2}}, {"type": "Feature", "geometry": {"type": "Point", "coordinates": [2.342924714817619, 6.4954012901846445]}, "properties": {"edge_length_m": 168.1, "X": "Zopah-Akassato", "Y": "Zoundja\n", "X_side_m": 51.8, "Y_side_m": 116.3}}, {"type": "Feature", "geometry": {"type": "Point", "coordinates": [2.3516429503917546, 6.494387393406108]}, "properties": {"edge_length_m": 78.3, "X": "Zopah-Akassato", "Y": "Houèkè-Honou", "X_side_m": 47.3, "Y_side_m": 31.0}}, {"type": "Feature", "geometry": {"type": "Point", "coordinates": [2.351935402517134, 6.494125617029831]}, "properties": {"edge_length_m": 78.0, "X": "Zopah-Akassato", "Y": "Houèkè-Honou", "X_side_m": 31.0, "Y_side_m": 47.0}}, {"type": "Feature", "geometry": {"type": "Point", "coordinates": [2.354589265287089, 6.491793057094479]}, "properties": {"edge_length_m": 76.8, "X": "Zopah-Akassato", "Y": "Houèkè-Honou", "X_side_m": 4.3, "Y_side_m": 72.5}}, {"type": "Feature", "geometry": {"type": "Point", "coordinates": [2.35454881848172, 6.491830334186431]}, "properties": {"edge_length_m": 75.0, "X": "Zopah-Akassato", "Y": "Houèkè-Honou", "X_side_m": 4.5, "Y_side_m": 70.5}}, {"type": "Feature", "geometry": {"type": "Point", "coordinates": [2.353888113571949, 6.492440169073755]}, "properties": {"edge_length_m": 80.7, "X": "Zopah-Akassato", "Y": "Houèkè-Honou", "X_side_m": 70.6, "Y_side_m": 10.1}}, {"type": "Feature", "geometry": {"type": "Point", "coordinates": [2.3537907418898394, 6.4925269912524515]}, "properties": {"edge_length_m": 92.3, "X": "Zopah-Akassato", "Y": "Houèkè-Honou", "X_side_m": 10.1, "Y_side_m": 82.2}}, {"type": "Feature", "geometry": {"type": "Point", "coordinates": [2.3530193418862124, 6.493217852921754]}, "properties": {"edge_length_m": 145.5, "X": "Zopah-Akassato", "Y": "Houèkè-Honou", "X_side_m": 65.5, "Y_side_m": 80.0}}, {"type": "Feature", "geometry": {"type": "Point", "coordinates": [2.347379337673742, 6.497263961809808]}, "properties": {"edge_length_m": 82.3, "X": "Zopah-Akassato", "Y": "Houèkè-Honou", "X_side_m": 57.5, "Y_side_m": 24.7}}, {"type": "Feature", "geometry": {"type": "Point", "coordinates": [2.3471452630779264, 6.497472434065881]}, "properties": {"edge_length_m": 155.6, "X": "Zopah-Akassato", "Y": "Houèkè-Honou", "X_side_m": 25.2, "Y_side_m": 130.4}}, {"type": "Feature", "geometry": {"type": "Point", "coordinates": [2.346392032515467, 6.498171209236792]}, "properties": {"edge_length_m": 153.0, "X": "Zopah-Akassato", "Y": "Houèkè-Honou", "X_side_m": 105.1, "Y_side_m": 47.9}}, {"type": "Feature", "geometry": {"type": "Point", "coordinates": [2.345894664188095, 6.498587505479158]}, "properties": {"edge_length_m": 71.8, "X": "Zopah-Akassato", "Y": "Houèkè-Honou", "X_side_m": 51.5, "Y_side_m": 20.2}}, {"type": "Feature", "geometry": {"type": "Point", "coordinates": [2.3568062683306596, 6.490623124151932]}, "properties": {"edge_length_m": 96.5, "X": "Zopah-Kokpo", "Y": "Houèkè-Honou", "X_side_m": 35.1, "Y_side_m": 61.4}}, {"type": "Feature", "geometry": {"type": "Point", "coordinates": [2.357816005807239, 6.491221726106287]}, "properties": {"edge_length_m": 147.7, "X": "Zopah-Kokpo", "Y": "Houèkè-Honou", "X_side_m": 33.1, "Y_side_m": 114.6}}, {"type": "Feature", "geometry": {"type": "Point", "coordinates": [2.3613263702228147, 6.49743068592499]}, "properties": {"edge_length_m": 84.4, "X": "Houèkè-Gbo", "Y": "Houèkè-Honou", "X_side_m": 69.2, "Y_side_m": 15.2}}, {"type": "Feature", "geometry": {"type": "Point", "coordinates": [2.36192735799504, 6.498071705655701]}, "properties": {"edge_length_m": 80.6, "X": "Houèkè-Gbo", "Y": "Houèkè-Honou", "X_side_m": 70.1, "Y_side_m": 10.6}}, {"type": "Feature", "geometry": {"type": "Point", "coordinates": [2.361202130839315, 6.497291051728549]}, "properties": {"edge_length_m": 36.6, "X": "Houèkè-Gbo", "Y": "Houèkè-Honou", "X_side_m": 14.5, "Y_side_m": 22.0}}, {"type": "Feature", "geometry": {"type": "Point", "coordinates": [2.3620181553109805, 6.4981654814079635]}, "properties": {"edge_length_m": 155.6, "X": "Houèkè-Gbo", "Y": "Houèkè-Honou", "X_side_m": 145.4, "Y_side_m": 10.1}}, {"type": "Feature", "geometry": {"type": "Point", "coordinates": [2.3606712815, 6.4965534354]}, "properties": {"edge_length_m": 75.5, "X": "Houèkè-Gbo", "Y": "Houèkè-Honou", "X_side_m": 75.4, "Y_side_m": 0.1}}, {"type": "Feature", "geometry": {"type": "Point", "coordinates": [2.3606706691, 6.4965521398999995]}, "properties": {"edge_length_m": 139.5, "X": "Houèkè-Gbo", "Y": "Houèkè-Honou", "X_side_m": 139.4, "Y_side_m": 0.1}}, {"type": "Feature", "geometry": {"type": "Point", "coordinates": [2.3595451115077806, 6.4952511962256185]}, "properties": {"edge_length_m": 79.7, "X": "Houèkè-Gbo", "Y": "Houèkè-Honou", "X_side_m": 23.4, "Y_side_m": 56.3}}, {"type": "Feature", "geometry": {"type": "Point", "coordinates": [2.3600328285728294, 6.49582297563277]}, "properties": {"edge_length_m": 136.9, "X": "Houèkè-Gbo", "Y": "Houèkè-Honou", "X_side_m": 59.4, "Y_side_m": 77.5}}, {"type": "Feature", "geometry": {"type": "Point", "coordinates": [2.359543746757595, 6.491172011673727]}, "properties": {"edge_length_m": 113.2, "X": "Houèkè-Gbo", "Y": "Zopah-Kokpo", "X_side_m": 98.5, "Y_side_m": 14.8}}, {"type": "Feature", "geometry": {"type": "Point", "coordinates": [2.359588809648556, 6.4911402301415375]}, "properties": {"edge_length_m": 118.5, "X": "Houèkè-Gbo", "Y": "Zopah-Kokpo", "X_side_m": 12.1, "Y_side_m": 106.4}}, {"type": "Feature", "geometry": {"type": "Point", "coordinates": [2.357890721181337, 6.4864353727090505]}, "properties": {"edge_length_m": 37.0, "X": "Houèkè-Gbo", "Y": "Zopah-Kokpo", "X_side_m": 28.5, "Y_side_m": 8.5}}, {"type": "Feature", "geometry": {"type": "Point", "coordinates": [2.35815912734038, 6.4861710150149765]}, "properties": {"edge_length_m": 195.6, "X": "Houèkè-Gbo", "Y": "Zopah-Kokpo", "X_side_m": 36.8, "Y_side_m": 158.9}}, {"type": "Feature", "geometry": {"type": "Point", "coordinates": [2.3397571065649516, 6.5130674645553475]}, "properties": {"edge_length_m": 129.7, "X": "Zèkanmey-Domè", "Y": "Zoundja\n", "X_side_m": 4.8, "Y_side_m": 124.9}}, {"type": "Feature", "geometry": {"type": "Point", "coordinates": [2.3399121395826876, 6.513030225997569]}, "properties": {"edge_length_m": 195.2, "X": "Zèkanmey-Domè", "Y": "Zoundja\n", "X_side_m": 16.9, "Y_side_m": 178.3}}, {"type": "Feature", "geometry": {"type": "Point", "coordinates": [2.3330528236238988, 6.513013628038723]}, "properties": {"edge_length_m": 70.3, "X": "Zèkanmey-Domè", "Y": "Zoundja\n", "X_side_m": 7.1, "Y_side_m": 63.2}}, {"type": "Feature", "geometry": {"type": "Point", "coordinates": [2.3329701528388402, 6.512968009153015]}, "properties": {"edge_length_m": 105.7, "X": "Zèkanmey-Domè", "Y": "Zoundja\n", "X_side_m": 7.4, "Y_side_m": 98.3}}, {"type": "Feature", "geometry": {"type": "Point", "coordinates": [2.3419568143949006, 6.512249510616407]}, "properties": {"edge_length_m": 82.3, "X": "Zèkanmey-Domè", "Y": "Zoundja\n", "X_side_m": 65.9, "Y_side_m": 16.4}}, {"type": "Feature", "geometry": {"type": "Point", "coordinates": [2.341805214741251, 6.51238966472084]}, "properties": {"edge_length_m": 82.2, "X": "Zèkanmey-Domè", "Y": "Zoundja\n", "X_side_m": 15.9, "Y_side_m": 66.3}}, {"type": "Feature", "geometry": {"type": "Point", "coordinates": [2.36534555, 6.4979133000000004]}, "properties": {"edge_length_m": 50.7, "X": "Akassato", "Y": "Houèkè-Gbo", "X_side_m": 25.3, "Y_side_m": 25.3}}, {"type": "Feature", "geometry": {"type": "Point", "coordinates": [2.36516385, 6.49808915]}, "properties": {"edge_length_m": 22.5, "X": "Akassato", "Y": "Houèkè-Gbo", "X_side_m": 11.3, "Y_side_m": 11.3}}, {"type": "Feature", "geometry": {"type": "Point", "coordinates": [2.3593390999999997, 6.5041437]}, "properties": {"edge_length_m": 110.2, "X": "Akassato", "Y": "Houèkè-Honou", "X_side_m": 55.1, "Y_side_m": 55.1}}, {"type": "Feature", "geometry": {"type": "Point", "coordinates": [2.35885615, 6.5038293]}, "properties": {"edge_length_m": 63.6, "X": "Akassato", "Y": "Houèkè-Honou", "X_side_m": 31.8, "Y_side_m": 31.8}}, {"type": "Feature", "geometry": {"type": "Point", "coordinates": [2.360145053718214, 6.504511303366336]}, "properties": {"edge_length_m": 47.6, "X": "Akassato", "Y": "Houèkè-Honou", "X_side_m": 36.4, "Y_side_m": 11.2}}, {"type": "Feature", "geometry": {"type": "Point", "coordinates": [2.3597974299245155, 6.504828960483405]}, "properties": {"edge_length_m": 66.1, "X": "Akassato", "Y": "Houèkè-Honou", "X_side_m": 34.8, "Y_side_m": 31.3}}, {"type": "Feature", "geometry": {"type": "Point", "coordinates": [2.3573129, 6.50580935]}, "properties": {"edge_length_m": 76.0, "X": "Akassato", "Y": "Houèkè-Honou", "X_side_m": 38.0, "Y_side_m": 38.0}}, {"type": "Feature", "geometry": {"type": "Point", "coordinates": [2.35666675, 6.505428]}, "properties": {"edge_length_m": 147.2, "X": "Akassato", "Y": "Houèkè-Honou", "X_side_m": 73.6, "Y_side_m": 73.6}}, {"type": "Feature", "geometry": {"type": "Point", "coordinates": [2.3570346, 6.5047201999999995]}, "properties": {"edge_length_m": 74.1, "X": "Akassato", "Y": "Houèkè-Honou", "X_side_m": 37.0, "Y_side_m": 37.0}}, {"type": "Feature", "geometry": {"type": "Point", "coordinates": [2.3574012, 6.5041116500000005]}, "properties": {"edge_length_m": 139.1, "X": "Akassato", "Y": "Houèkè-Honou", "X_side_m": 69.6, "Y_side_m": 69.6}}, {"type": "Feature", "geometry": {"type": "Point", "coordinates": [2.36140572220348, 6.503996090526781]}, "properties": {"edge_length_m": 18.3, "X": "Akassato", "Y": "Houèkè-Honou", "X_side_m": 10.5, "Y_side_m": 7.8}}, {"type": "Feature", "geometry": {"type": "Point", "coordinates": [2.36132976357712, 6.504055669066641]}, "properties": {"edge_length_m": 56.7, "X": "Akassato", "Y": "Houèkè-Honou", "X_side_m": 9.0, "Y_side_m": 47.7}}, {"type": "Feature", "geometry": {"type": "Point", "coordinates": [2.35475655, 6.50813285]}, "properties": {"edge_length_m": 84.6, "X": "Akassato", "Y": "Houèkè-Honou", "X_side_m": 42.3, "Y_side_m": 42.3}}, {"type": "Feature", "geometry": {"type": "Point", "coordinates": [2.35433905, 6.50870065]}, "properties": {"edge_length_m": 130.6, "X": "Akassato", "Y": "Houèkè-Honou", "X_side_m": 65.3, "Y_side_m": 65.3}}, {"type": "Feature", "geometry": {"type": "Point", "coordinates": [2.3551976999999997, 6.50711765]}, "properties": {"edge_length_m": 229.6, "X": "Akassato", "Y": "Houèkè-Honou", "X_side_m": 114.8, "Y_side_m": 114.8}}, {"type": "Feature", "geometry": {"type": "Point", "coordinates": [2.3615078, 6.502918]}, "properties": {"edge_length_m": 55.4, "X": "Akassato", "Y": "Houèkè-Honou", "X_side_m": 27.7, "Y_side_m": 27.7}}, {"type": "Feature", "geometry": {"type": "Point", "coordinates": [2.36181685, 6.501928700000001]}, "properties": {"edge_length_m": 224.3, "X": "Akassato", "Y": "Houèkè-Honou", "X_side_m": 112.2, "Y_side_m": 112.2}}, {"type": "Feature", "geometry": {"type": "Point", "coordinates": [2.3624093999999998, 6.50168775]}, "properties": {"edge_length_m": 132.7, "X": "Akassato", "Y": "Houèkè-Honou", "X_side_m": 66.4, "Y_side_m": 66.4}}, {"type": "Feature", "geometry": {"type": "Point", "coordinates": [2.3628421, 6.50107625]}, "properties": {"edge_length_m": 89.4, "X": "Akassato", "Y": "Houèkè-Honou", "X_side_m": 44.7, "Y_side_m": 44.7}}, {"type": "Feature", "geometry": {"type": "Point", "coordinates": [2.3615808865030155, 6.510645411835]}, "properties": {"edge_length_m": 55.2, "X": "Akassato", "Y": "Misséssinto", "X_side_m": 24.3, "Y_side_m": 30.9}}, {"type": "Feature", "geometry": {"type": "Point", "coordinates": [2.3622946999999996, 6.51091435]}, "properties": {"edge_length_m": 162.2, "X": "Akassato", "Y": "Misséssinto", "X_side_m": 81.1, "Y_side_m": 81.1}}, {"type": "Feature", "geometry": {"type": "Point", "coordinates": [2.357411602529575, 6.529226881468571]}, "properties": {"edge_length_m": 39.3, "X": "Adjagbo", "Y": "Glo-Tokpa", "X_side_m": 26.5, "Y_side_m": 12.8}}, {"type": "Feature", "geometry": {"type": "Point", "coordinates": [2.3574112529041513, 6.529364984027006]}, "properties": {"edge_length_m": 17.9, "X": "Adjagbo", "Y": "Glo-Tokpa", "X_side_m": 10.1, "Y_side_m": 7.9}}, {"type": "Feature", "geometry": {"type": "Point", "coordinates": [2.350648801370135, 6.516005898114017]}, "properties": {"edge_length_m": 111.3, "X": "Adjagbo", "Y": "Misséssinto", "X_side_m": 17.0, "Y_side_m": 94.3}}, {"type": "Feature", "geometry": {"type": "Point", "coordinates": [2.3498676957307962, 6.514863560745156]}, "properties": {"edge_length_m": 224.8, "X": "Adjagbo", "Y": "Misséssinto", "X_side_m": 120.6, "Y_side_m": 104.1}}, {"type": "Feature", "geometry": {"type": "Point", "coordinates": [2.3300846631926824, 6.490457257845116]}, "properties": {"edge_length_m": 43.5, "X": "Cité-les-Palmiers\n", "Y": "Zoundja\n", "X_side_m": 4.3, "Y_side_m": 39.2}}, {"type": "Feature", "geometry": {"type": "Point", "coordinates": [2.3300366997351034, 6.490433037483167]}, "properties": {"edge_length_m": 197.1, "X": "Cité-les-Palmiers\n", "Y": "Zoundja\n", "X_side_m": 4.8, "Y_side_m": 192.3}}, {"type": "Feature", "geometry": {"type": "Point", "coordinates": [2.330546810083446, 6.490843693699943]}, "properties": {"edge_length_m": 61.1, "X": "Cité-les-Palmiers\n", "Y": "Zoundja\n", "X_side_m": 42.8, "Y_side_m": 18.3}}, {"type": "Feature", "geometry": {"type": "Point", "coordinates": [2.3307309406558194, 6.490961069543344]}, "properties": {"edge_length_m": 66.5, "X": "Cité-les-Palmiers\n", "Y": "Zoundja\n", "X_side_m": 48.2, "Y_side_m": 18.2}}, {"type": "Feature", "geometry": {"type": "Point", "coordinates": [2.3493617490074326, 6.483689541478592]}, "properties": {"edge_length_m": 51.7, "X": "Zopah-Akassato", "Y": "Zopah-Kokpo", "X_side_m": 5.9, "Y_side_m": 45.8}}, {"type": "Feature", "geometry": {"type": "Point", "coordinates": [2.3493090802802246, 6.483632659136857]}, "properties": {"edge_length_m": 79.9, "X": "Zopah-Akassato", "Y": "Zopah-Kokpo", "X_side_m": 6.2, "Y_side_m": 73.7}}, {"type": "Feature", "geometry": {"type": "Point", "coordinates": [2.348678694892962, 6.4829025451303295]}, "properties": {"edge_length_m": 87.5, "X": "Zopah-Akassato", "Y": "Zopah-Kokpo", "X_side_m": 76.4, "Y_side_m": 11.1}}, {"type": "Feature", "geometry": {"type": "Point", "coordinates": [2.348590808768811, 6.482796962517856]}, "properties": {"edge_length_m": 155.7, "X": "Zopah-Akassato", "Y": "Zopah-Kokpo", "X_side_m": 145.4, "Y_side_m": 10.3}}, {"type": "Feature", "geometry": {"type": "Point", "coordinates": [2.3532419731224494, 6.487997437112816]}, "properties": {"edge_length_m": 147.8, "X": "Zopah-Akassato", "Y": "Zopah-Kokpo", "X_side_m": 88.7, "Y_side_m": 59.1}}, {"type": "Feature", "geometry": {"type": "Point", "coordinates": [2.3527405802766355, 6.487440537440213]}, "properties": {"edge_length_m": 73.6, "X": "Zopah-Akassato", "Y": "Zopah-Kokpo", "X_side_m": 58.8, "Y_side_m": 14.8}}, {"type": "Feature", "geometry": {"type": "Point", "coordinates": [2.354554184271167, 6.489460283141307]}, "properties": {"edge_length_m": 77.1, "X": "Zopah-Akassato", "Y": "Zopah-Kokpo", "X_side_m": 13.2, "Y_side_m": 63.9}}, {"type": "Feature", "geometry": {"type": "Point", "coordinates": [2.3546671380095625, 6.489588775786689]}, "properties": {"edge_length_m": 80.8, "X": "Zopah-Akassato", "Y": "Zopah-Kokpo", "X_side_m": 13.5, "Y_side_m": 67.2}}, {"type": "Feature", "geometry": {"type": "Point", "coordinates": [2.3540041436801213, 6.488844290264702]}, "properties": {"edge_length_m": 78.3, "X": "Zopah-Akassato", "Y": "Zopah-Kokpo", "X_side_m": 64.8, "Y_side_m": 13.5}}, {"type": "Feature", "geometry": {"type": "Point", "coordinates": [2.3538892724352363, 6.488715020897147]}, "properties": {"edge_length_m": 148.6, "X": "Zopah-Akassato", "Y": "Zopah-Kokpo", "X_side_m": 135.3, "Y_side_m": 13.4}}, {"type": "Feature", "geometry": {"type": "Point", "coordinates": [2.352043250553633, 6.486686931350175]}, "properties": {"edge_length_m": 83.0, "X": "Zopah-Akassato", "Y": "Zopah-Kokpo", "X_side_m": 16.4, "Y_side_m": 66.6}}, {"type": "Feature", "geometry": {"type": "Point", "coordinates": [2.3519020083105397, 6.486531461770634]}, "properties": {"edge_length_m": 38.5, "X": "Zopah-Akassato", "Y": "Zopah-Kokpo", "X_side_m": 16.6, "Y_side_m": 21.8}}, {"type": "Feature", "geometry": {"type": "Point", "coordinates": [2.3514002800811653, 6.485940260185887]}, "properties": {"edge_length_m": 83.5, "X": "Zopah-Akassato", "Y": "Zopah-Kokpo", "X_side_m": 63.2, "Y_side_m": 20.3}}, {"type": "Feature", "geometry": {"type": "Point", "coordinates": [2.35123195543105, 6.485746884666134]}, "properties": {"edge_length_m": 76.9, "X": "Zopah-Akassato", "Y": "Zopah-Kokpo", "X_side_m": 56.6, "Y_side_m": 20.2}}, {"type": "Feature", "geometry": {"type": "Point", "coordinates": [2.350728075416768, 6.485193265946827]}, "properties": {"edge_length_m": 134.8, "X": "Zopah-Akassato", "Y": "Zopah-Kokpo", "X_side_m": 58.0, "Y_side_m": 76.7}}, {"type": "Feature", "geometry": {"type": "Point", "coordinates": [2.350061574470704, 6.484459541026237]}, "properties": {"edge_length_m": 76.5, "X": "Zopah-Akassato", "Y": "Zopah-Kokpo", "X_side_m": 74.9, "Y_side_m": 1.6}}, {"type": "Feature", "geometry": {"type": "Point", "coordinates": [2.350047966173799, 6.484444306749145]}, "properties": {"edge_length_m": 88.4, "X": "Zopah-Akassato", "Y": "Zopah-Kokpo", "X_side_m": 1.6, "Y_side_m": 86.8}}, {"type": "Feature", "geometry": {"type": "Point", "coordinates": [2.3396838478265987, 6.487539382148669]}, "properties": {"edge_length_m": 216.4, "X": "Zopah-Akassato", "Y": "Cité-les-Palmiers\n", "X_side_m": 213.2, "Y_side_m": 3.1}}, {"type": "Feature", "geometry": {"type": "Point", "coordinates": [2.3392338281779455, 6.488370871279163]}, "properties": {"edge_length_m": 81.2, "X": "Zopah-Akassato", "Y": "Cité-les-Palmiers\n", "X_side_m": 22.5, "Y_side_m": 58.7}}, {"type": "Feature", "geometry": {"type": "Point", "coordinates": [2.339660081890778, 6.487582051687779]}, "properties": {"edge_length_m": 85.8, "X": "Zopah-Akassato", "Y": "Cité-les-Palmiers\n", "X_side_m": 81.5, "Y_side_m": 4.4}}, {"type": "Feature", "geometry": {"type": "Point", "coordinates": [2.3443882993818534, 6.483419962078707]}, "properties": {"edge_length_m": 87.0, "X": "Zopah-Akassato", "Y": "Cité-les-Palmiers\n", "X_side_m": 78.6, "Y_side_m": 8.4}}, {"type": "Feature", "geometry": {"type": "Point", "coordinates": [2.3444744530462622, 6.483349394764113]}, "properties": {"edge_length_m": 76.4, "X": "Zopah-Akassato", "Y": "Cité-les-Palmiers\n", "X_side_m": 8.9, "Y_side_m": 67.5}}, {"type": "Feature", "geometry": {"type": "Point", "coordinates": [2.3411606837423107, 6.485937736874834]}, "properties": {"edge_length_m": 166.4, "X": "Zopah-Akassato", "Y": "Cité-les-Palmiers\n", "X_side_m": 107.9, "Y_side_m": 58.5}}, {"type": "Feature", "geometry": {"type": "Point", "coordinates": [2.3409214773646783, 6.486535292959371]}, "properties": {"edge_length_m": 206.4, "X": "Zopah-Akassato", "Y": "Cité-les-Palmiers\n", "X_side_m": 76.8, "Y_side_m": 129.6}}, {"type": "Feature", "geometry": {"type": "Point", "coordinates": [2.3426909317358455, 6.484080123556193]}, "properties": {"edge_length_m": 77.9, "X": "Zopah-Akassato", "Y": "Cité-les-Palmiers\n", "X_side_m": 26.7, "Y_side_m": 51.2}}, {"type": "Feature", "geometry": {"type": "Point", "coordinates": [2.342186230799715, 6.484723012390267]}, "properties": {"edge_length_m": 132.0, "X": "Zopah-Akassato", "Y": "Cité-les-Palmiers\n", "X_side_m": 72.6, "Y_side_m": 59.4}}, {"type": "Feature", "geometry": {"type": "Point", "coordinates": [2.3417763880242632, 6.485236573205154]}, "properties": {"edge_length_m": 41.9, "X": "Zopah-Akassato", "Y": "Cité-les-Palmiers\n", "X_side_m": 41.6, "Y_side_m": 0.3}}, {"type": "Feature", "geometry": {"type": "Point", "coordinates": [2.347846659757652, 6.477938409998974]}, "properties": {"edge_length_m": 80.1, "X": "Cité-les-Palmiers\n", "Y": "Zopah-Kokpo", "X_side_m": 32.1, "Y_side_m": 48.0}}, {"type": "Feature", "geometry": {"type": "Point", "coordinates": [2.347540747123895, 6.478275907815486]}, "properties": {"edge_length_m": 79.2, "X": "Cité-les-Palmiers\n", "Y": "Zopah-Kokpo", "X_side_m": 39.1, "Y_side_m": 40.1}}, {"type": "Feature", "geometry": {"type": "Point", "coordinates": [2.3254167500696723, 6.496126814775771]}, "properties": {"edge_length_m": 213.1, "X": "Kansounkpa", "Y": "Zoundja\n", "X_side_m": 177.9, "Y_side_m": 35.2}}, {"type": "Feature", "geometry": {"type": "Point", "coordinates": [2.3254523663516338, 6.496618225064985]}, "properties": {"edge_length_m": 64.7, "X": "Kansounkpa", "Y": "Zoundja\n", "X_side_m": 23.7, "Y_side_m": 41.1}}, {"type": "Feature", "geometry": {"type": "Point", "coordinates": [2.324169219597121, 6.50009273802997]}, "properties": {"edge_length_m": 12.0, "X": "Kansounkpa", "Y": "Zoundja\n", "X_side_m": 7.9, "Y_side_m": 4.2}}, {"type": "Feature", "geometry": {"type": "Point", "coordinates": [2.3241465221823954, 6.500147965729354]}, "properties": {"edge_length_m": 7.0, "X": "Kansounkpa", "Y": "Zoundja\n", "X_side_m": 6.1, "Y_side_m": 0.8}}, {"type": "Feature", "geometry": {"type": "Point", "coordinates": [2.314807566733553, 6.494983356199609]}, "properties": {"edge_length_m": 45.1, "X": "Ouéga-Agué", "Y": "Kansounkpa", "X_side_m": 34.4, "Y_side_m": 10.7}}, {"type": "Feature", "geometry": {"type": "Point", "coordinates": [2.314323893941599, 6.4952526235109795]}, "properties": {"edge_length_m": 58.5, "X": "Ouéga-Agué", "Y": "Kansounkpa", "X_side_m": 26.8, "Y_side_m": 31.6}}, {"type": "Feature", "geometry": {"type": "Point", "coordinates": [2.3197917452912886, 6.493489053294502]}, "properties": {"edge_length_m": 59.0, "X": "Ouéga-Agué", "Y": "Kansounkpa", "X_side_m": 23.8, "Y_side_m": 35.2}}, {"type": "Feature", "geometry": {"type": "Point", "coordinates": [2.3194867528743903, 6.493868250700978]}, "properties": {"edge_length_m": 103.0, "X": "Ouéga-Agué", "Y": "Kansounkpa", "X_side_m": 42.4, "Y_side_m": 60.6}}, {"type": "Feature", "geometry": {"type": "Point", "coordinates": [2.318821589217662, 6.494549095995141]}, "properties": {"edge_length_m": 103.4, "X": "Ouéga-Agué", "Y": "Kansounkpa", "X_side_m": 26.5, "Y_side_m": 76.9}}, {"type": "Feature", "geometry": {"type": "Point", "coordinates": [2.3178953544498566, 6.4947201865327155]}, "properties": {"edge_length_m": 71.9, "X": "Ouéga-Agué", "Y": "Kansounkpa", "X_side_m": 27.3, "Y_side_m": 44.6}}, {"type": "Feature", "geometry": {"type": "Point", "coordinates": [2.2579173245161654, 6.481544082562329]}, "properties": {"edge_length_m": 76.2, "X": "Dassèkomey", "Y": "Kpossidja", "X_side_m": 51.8, "Y_side_m": 24.3}}, {"type": "Feature", "geometry": {"type": "Point", "coordinates": [2.2580064178507326, 6.4810531103144795]}, "properties": {"edge_length_m": 23.7, "X": "Dassèkomey", "Y": "Kpossidja", "X_side_m": 8.7, "Y_side_m": 15.0}}, {"type": "Feature", "geometry": {"type": "Point", "coordinates": [2.3545687021783612, 6.607757388880476]}, "properties": {"edge_length_m": 37.3, "X": "Zinvié-Fandji", "Y": "Sokan", "X_side_m": 27.3, "Y_side_m": 10.0}}, {"type": "Feature", "geometry": {"type": "Point", "coordinates": [2.3552114149297774, 6.607346769936472]}, "properties": {"edge_length_m": 89.5, "X": "Zinvié-Fandji", "Y": "Sokan", "X_side_m": 83.0, "Y_side_m": 6.6}}, {"type": "Feature", "geometry": {"type": "Point", "coordinates": [2.3227022998284674, 6.423115688805881]}, "properties": {"edge_length_m": 125.9, "X": "Alègléta", "Y": "Tankpè-Tanmè", "X_side_m": 105.8, "Y_side_m": 20.1}}, {"type": "Feature", "geometry": {"type": "Point", "coordinates": [2.3228389975826986, 6.422953673817842]}, "properties": {"edge_length_m": 60.8, "X": "Alègléta", "Y": "Tankpè-Tanmè", "X_side_m": 27.0, "Y_side_m": 33.8}}, {"type": "Feature", "geometry": {"type": "Point", "coordinates": [2.323346540240362, 6.422909965744572]}, "properties": {"edge_length_m": 40.5, "X": "Alègléta", "Y": "Tankpè-Tanmè", "X_side_m": 17.8, "Y_side_m": 22.6}}, {"type": "Feature", "geometry": {"type": "Point", "coordinates": [2.32512176480626, 6.42169978757803]}, "properties": {"edge_length_m": 59.5, "X": "Alègléta", "Y": "Tankpè-Tanmè", "X_side_m": 59.4, "Y_side_m": 0.1}}, {"type": "Feature", "geometry": {"type": "Point", "coordinates": [2.3251161953883583, 6.421702214761701]}, "properties": {"edge_length_m": 105.8, "X": "Alègléta", "Y": "Tankpè-Tanmè", "X_side_m": 0.6, "Y_side_m": 105.1}}, {"type": "Feature", "geometry": {"type": "Point", "coordinates": [2.324248497633312, 6.422072855477271]}, "properties": {"edge_length_m": 54.2, "X": "Alègléta", "Y": "Tankpè-Tanmè", "X_side_m": 35.8, "Y_side_m": 18.5}}, {"type": "Feature", "geometry": {"type": "Point", "coordinates": [2.3213429260573526, 6.423445670017231]}, "properties": {"edge_length_m": 81.4, "X": "Alègléta", "Y": "Tankpè-Tanmè", "X_side_m": 57.7, "Y_side_m": 23.7}}, {"type": "Feature", "geometry": {"type": "Point", "coordinates": [2.3216288065018915, 6.423449128181426]}, "properties": {"edge_length_m": 82.2, "X": "Alègléta", "Y": "Tankpè-Tanmè", "X_side_m": 22.2, "Y_side_m": 60.0}}, {"type": "Feature", "geometry": {"type": "Point", "coordinates": [2.321072398924481, 6.423615717769804]}, "properties": {"edge_length_m": 80.5, "X": "Alègléta", "Y": "Tankpè-Tanmè", "X_side_m": 23.4, "Y_side_m": 57.1}}, {"type": "Feature", "geometry": {"type": "Point", "coordinates": [2.320890309461295, 6.423640926148925]}, "properties": {"edge_length_m": 71.6, "X": "Alègléta", "Y": "Tankpè-Tanmè", "X_side_m": 13.7, "Y_side_m": 57.9}}, {"type": "Feature", "geometry": {"type": "Point", "coordinates": [2.317672020192759, 6.426910245182606]}, "properties": {"edge_length_m": 12.7, "X": "Tankpê-Yoho", "Y": "Tankpè-Tanmè", "X_side_m": 1.6, "Y_side_m": 11.2}}, {"type": "Feature", "geometry": {"type": "Point", "coordinates": [2.317656191498198, 6.4271170685156545]}, "properties": {"edge_length_m": 62.2, "X": "Tankpê-Yoho", "Y": "Tankpè-Tanmè", "X_side_m": 15.3, "Y_side_m": 46.9}}, {"type": "Feature", "geometry": {"type": "Point", "coordinates": [2.31296935, 6.43651465]}, "properties": {"edge_length_m": 40.3, "X": "Houèto", "Y": "Tankpê-Yoho", "X_side_m": 20.1, "Y_side_m": 20.1}}, {"type": "Feature", "geometry": {"type": "Point", "coordinates": [2.3129519, 6.43623345]}, "properties": {"edge_length_m": 68.4, "X": "Houèto", "Y": "Tankpê-Yoho", "X_side_m": 34.2, "Y_side_m": 34.2}}, {"type": "Feature", "geometry": {"type": "Point", "coordinates": [2.31187495, 6.435666250000001]}, "properties": {"edge_length_m": 87.2, "X": "Houèto", "Y": "Tankpê-Yoho", "X_side_m": 43.6, "Y_side_m": 43.6}}, {"type": "Feature", "geometry": {"type": "Point", "coordinates": [2.3115631499999996, 6.4357102]}, "properties": {"edge_length_m": 62.1, "X": "Houèto", "Y": "Tankpê-Yoho", "X_side_m": 31.0, "Y_side_m": 31.0}}, {"type": "Feature", "geometry": {"type": "Point", "coordinates": [2.30659717044315, 6.43279073417617]}, "properties": {"edge_length_m": 66.8, "X": "Houèto", "Y": "Tankpê-Yoho", "X_side_m": 53.2, "Y_side_m": 13.5}}, {"type": "Feature", "geometry": {"type": "Point", "coordinates": [2.3067185832509787, 6.4328016055939266]}, "properties": {"edge_length_m": 56.5, "X": "Houèto", "Y": "Tankpê-Yoho", "X_side_m": 3.7, "Y_side_m": 52.8}}, {"type": "Feature", "geometry": {"type": "Point", "coordinates": [2.3102762783415645, 6.438545729900161]}, "properties": {"edge_length_m": 184.8, "X": "Houèto", "Y": "Tankpê-Yoho", "X_side_m": 22.8, "Y_side_m": 162.0}}, {"type": "Feature", "geometry": {"type": "Point", "coordinates": [2.3103787000000002, 6.43719295]}, "properties": {"edge_length_m": 42.4, "X": "Houèto", "Y": "Tankpê-Yoho", "X_side_m": 21.2, "Y_side_m": 21.2}}, {"type": "Feature", "geometry": {"type": "Point", "coordinates": [2.3103967, 6.436418099999999]}, "properties": {"edge_length_m": 42.0, "X": "Houèto", "Y": "Tankpê-Yoho", "X_side_m": 21.0, "Y_side_m": 21.0}}, {"type": "Feature", "geometry": {"type": "Point", "coordinates": [2.3104651, 6.435978499999999]}, "properties": {"edge_length_m": 98.2, "X": "Houèto", "Y": "Tankpê-Yoho", "X_side_m": 49.1, "Y_side_m": 49.1}}, {"type": "Feature", "geometry": {"type": "Point", "coordinates": [2.3374720618453244, 6.415706192119429]}, "properties": {"edge_length_m": 46.1, "X": "Cité-la-Victoire\n", "Y": "Agonkanmey\n", "X_side_m": 15.0, "Y_side_m": 31.1}}, {"type": "Feature", "geometry": {"type": "Point", "coordinates": [2.3372755832489225, 6.415446444734086]}, "properties": {"edge_length_m": 43.2, "X": "Cité-la-Victoire\n", "Y": "Agonkanmey\n", "X_side_m": 14.9, "Y_side_m": 28.3}}, {"type": "Feature", "geometry": {"type": "Point", "coordinates": [2.3370543503761145, 6.414850996681846]}, "properties": {"edge_length_m": 46.3, "X": "Cité-la-Victoire\n", "Y": "Agonkanmey\n", "X_side_m": 31.7, "Y_side_m": 14.5}}, {"type": "Feature", "geometry": {"type": "Point", "coordinates": [2.3369164281617993, 6.414797321886303]}, "properties": {"edge_length_m": 149.4, "X": "Cité-la-Victoire\n", "Y": "Agonkanmey\n", "X_side_m": 142.0, "Y_side_m": 7.4}}, {"type": "Feature", "geometry": {"type": "Point", "coordinates": [2.3325354358789143, 6.405571788162699]}, "properties": {"edge_length_m": 193.3, "X": "Hounsa-Agbodokpa\n", "Y": "Djoukpa-Togoudo\n", "X_side_m": 138.9, "Y_side_m": 54.3}}, {"type": "Feature", "geometry": {"type": "Point", "coordinates": [2.333011361064284, 6.403303534713253]}, "properties": {"edge_length_m": 63.6, "X": "Hounsa-Agbodokpa\n", "Y": "Djoukpa-Togoudo\n", "X_side_m": 50.0, "Y_side_m": 13.5}}, {"type": "Feature", "geometry": {"type": "Point", "coordinates": [2.332912164489169, 6.403853640734296]}, "properties": {"edge_length_m": 203.0, "X": "Hounsa-Agbodokpa\n", "Y": "Djoukpa-Togoudo\n", "X_side_m": 51.6, "Y_side_m": 151.5}}, {"type": "Feature", "geometry": {"type": "Point", "coordinates": [2.2905864688911697, 6.407420060927132]}, "properties": {"edge_length_m": 61.2, "X": "Sodo\n", "Y": "Womey-Yénawa", "X_side_m": 17.8, "Y_side_m": 43.4}}, {"type": "Feature", "geometry": {"type": "Point", "coordinates": [2.290658878205807, 6.407168631079846]}, "properties": {"edge_length_m": 102.3, "X": "Sodo\n", "Y": "Womey-Yénawa", "X_side_m": 18.1, "Y_side_m": 84.2}}, {"type": "Feature", "geometry": {"type": "Point", "coordinates": [2.290831183160125, 6.408704427753013]}, "properties": {"edge_length_m": 48.0, "X": "Sodo\n", "Y": "Womey-Yénawa", "X_side_m": 37.5, "Y_side_m": 10.5}}, {"type": "Feature", "geometry": {"type": "Point", "coordinates": [2.290935886783386, 6.40889146345358]}, "properties": {"edge_length_m": 15.6, "X": "Sodo\n", "Y": "Womey-Yénawa", "X_side_m": 13.2, "Y_side_m": 2.4}}, {"type": "Feature", "geometry": {"type": "Point", "coordinates": [2.2991586208001404, 6.407613519536565]}, "properties": {"edge_length_m": 63.9, "X": "Sodo\n", "Y": "Womey-Centre\n", "X_side_m": 54.8, "Y_side_m": 9.1}}, {"type": "Feature", "geometry": {"type": "Point", "coordinates": [2.2997434352899284, 6.407175074793405]}, "properties": {"edge_length_m": 105.0, "X": "Sodo\n", "Y": "Womey-Centre\n", "X_side_m": 60.3, "Y_side_m": 44.7}}, {"type": "Feature", "geometry": {"type": "Point", "coordinates": [2.327070890906252, 6.389351162746852]}, "properties": {"edge_length_m": 48.7, "X": "Ounvènoumèdé\n", "Y": "Atrokpo-Codji", "X_side_m": 37.9, "Y_side_m": 10.8}}, {"type": "Feature", "geometry": {"type": "Point", "coordinates": [2.3273514659309416, 6.388889744958775]}, "properties": {"edge_length_m": 127.1, "X": "Ounvènoumèdé\n", "Y": "Atrokpo-Codji", "X_side_m": 35.7, "Y_side_m": 91.3}}, {"type": "Feature", "geometry": {"type": "Point", "coordinates": [2.34233510141477, 6.447445379598003]}, "properties": {"edge_length_m": 65.6, "X": "Finafa\n", "Y": "Aïtchédji\n", "X_side_m": 52.7, "Y_side_m": 12.8}}, {"type": "Feature", "geometry": {"type": "Point", "coordinates": [2.3427432297927897, 6.447549231193308]}, "properties": {"edge_length_m": 74.2, "X": "Finafa\n", "Y": "Aïtchédji\n", "X_side_m": 41.4, "Y_side_m": 32.8}}, {"type": "Feature", "geometry": {"type": "Point", "coordinates": [2.343508049796718, 6.447809667739532]}, "properties": {"edge_length_m": 57.9, "X": "Finafa\n", "Y": "Aïtchédji\n", "X_side_m": 53.9, "Y_side_m": 4.0}}, {"type": "Feature", "geometry": {"type": "Point", "coordinates": [2.3435559372227854, 6.44784110122343]}, "properties": {"edge_length_m": 84.0, "X": "Finafa\n", "Y": "Aïtchédji\n", "X_side_m": 4.1, "Y_side_m": 79.9}}, {"type": "Feature", "geometry": {"type": "Point", "coordinates": [2.3410941535000003, 6.4557653442000005]}, "properties": {"edge_length_m": 136.0, "X": "Aïtchédji\n", "Y": "Sèmè", "X_side_m": 135.9, "Y_side_m": 0.1}}, {"type": "Feature", "geometry": {"type": "Point", "coordinates": [2.3410951, 6.455764392]}, "properties": {"edge_length_m": 60.4, "X": "Aïtchédji\n", "Y": "Sèmè", "X_side_m": 0.1, "Y_side_m": 60.3}}, {"type": "Feature", "geometry": {"type": "Point", "coordinates": [2.3428477985317184, 6.453016932552103]}, "properties": {"edge_length_m": 129.6, "X": "Aïtchédji\n", "Y": "Sèmè", "X_side_m": 106.1, "Y_side_m": 23.5}}, {"type": "Feature", "geometry": {"type": "Point", "coordinates": [2.3430371151259077, 6.4527490998693535]}, "properties": {"edge_length_m": 47.5, "X": "Aïtchédji\n", "Y": "Sèmè", "X_side_m": 23.2, "Y_side_m": 24.3}}, {"type": "Feature", "geometry": {"type": "Point", "coordinates": [2.3419116431051847, 6.454694745065506]}, "properties": {"edge_length_m": 64.6, "X": "Aïtchédji\n", "Y": "Sèmè", "X_side_m": 49.2, "Y_side_m": 15.4}}, {"type": "Feature", "geometry": {"type": "Point", "coordinates": [2.3418012424670365, 6.454878930420225]}, "properties": {"edge_length_m": 65.3, "X": "Aïtchédji\n", "Y": "Sèmè", "X_side_m": 19.0, "Y_side_m": 46.3}}, {"type": "Feature", "geometry": {"type": "Point", "coordinates": [2.3415326643005945, 6.4553447703176]}, "properties": {"edge_length_m": 246.3, "X": "Aïtchédji\n", "Y": "Sèmè", "X_side_m": 39.3, "Y_side_m": 207.0}}, {"type": "Feature", "geometry": {"type": "Point", "coordinates": [2.3438058719723363, 6.451728613716659]}, "properties": {"edge_length_m": 57.6, "X": "Aïtchédji\n", "Y": "Sèmè", "X_side_m": 34.0, "Y_side_m": 23.6}}, {"type": "Feature", "geometry": {"type": "Point", "coordinates": [2.3436588761325905, 6.451946256950743]}, "properties": {"edge_length_m": 87.1, "X": "Aïtchédji\n", "Y": "Sèmè", "X_side_m": 17.6, "Y_side_m": 69.4}}, {"type": "Feature", "geometry": {"type": "Point", "coordinates": [2.3527446123974536, 6.473583661245407]}, "properties": {"edge_length_m": 100.6, "X": "Zopah-Kokpo", "Y": "Fandji\n", "X_side_m": 85.4, "Y_side_m": 15.2}}, {"type": "Feature", "geometry": {"type": "Point", "coordinates": [2.3528224972349965, 6.4734507594362904]}, "properties": {"edge_length_m": 27.6, "X": "Zopah-Kokpo", "Y": "Fandji\n", "X_side_m": 7.8, "Y_side_m": 19.8}}, {"type": "Feature", "geometry": {"type": "Point", "coordinates": [2.34834629837692, 6.4768191619545465]}, "properties": {"edge_length_m": 158.6, "X": "Zopah-Kokpo", "Y": "Fandji\n", "X_side_m": 24.9, "Y_side_m": 133.7}}, {"type": "Feature", "geometry": {"type": "Point", "coordinates": [2.347922939952616, 6.47702573320137]}, "properties": {"edge_length_m": 47.8, "X": "Zopah-Kokpo", "Y": "Fandji\n", "X_side_m": 45.5, "Y_side_m": 2.3}}, {"type": "Feature", "geometry": {"type": "Point", "coordinates": [2.3546272007611653, 6.471376459846992]}, "properties": {"edge_length_m": 94.2, "X": "Zopah-Kokpo", "Y": "Fandji\n", "X_side_m": 36.2, "Y_side_m": 58.0}}, {"type": "Feature", "geometry": {"type": "Point", "coordinates": [2.3541420735854723, 6.471910865111576]}, "properties": {"edge_length_m": 169.1, "X": "Zopah-Kokpo", "Y": "Fandji\n", "X_side_m": 55.3, "Y_side_m": 113.8}}, {"type": "Feature", "geometry": {"type": "Point", "coordinates": [2.350751210356447, 6.474637207448082]}, "properties": {"edge_length_m": 33.5, "X": "Zopah-Kokpo", "Y": "Fandji\n", "X_side_m": 9.9, "Y_side_m": 23.7}}, {"type": "Feature", "geometry": {"type": "Point", "coordinates": [2.350977445566748, 6.47443257870883]}, "properties": {"edge_length_m": 25.0, "X": "Zopah-Kokpo", "Y": "Fandji\n", "X_side_m": 23.4, "Y_side_m": 1.6}}, {"type": "Feature", "geometry": {"type": "Point", "coordinates": [2.3492598518512584, 6.476174738774548]}, "properties": {"edge_length_m": 159.9, "X": "Zopah-Kokpo", "Y": "Fandji\n", "X_side_m": 150.2, "Y_side_m": 9.7}}, {"type": "Feature", "geometry": {"type": "Point", "coordinates": [2.349346791174688, 6.476093028318168]}, "properties": {"edge_length_m": 45.2, "X": "Zopah-Kokpo", "Y": "Fandji\n", "X_side_m": 9.1, "Y_side_m": 36.1}}, {"type": "Feature", "geometry": {"type": "Point", "coordinates": [2.350501944950202, 6.474966791191822]}, "properties": {"edge_length_m": 51.1, "X": "Zopah-Kokpo", "Y": "Fandji\n", "X_side_m": 50.2, "Y_side_m": 0.8}}, {"type": "Feature", "geometry": {"type": "Point", "coordinates": [2.3505043655731828, 6.474960953537304]}, "properties": {"edge_length_m": 50.8, "X": "Zopah-Kokpo", "Y": "Fandji\n", "X_side_m": 0.9, "Y_side_m": 49.9}}, {"type": "Feature", "geometry": {"type": "Point", "coordinates": [2.3535211729250816, 6.472649008640433]}, "properties": {"edge_length_m": 343.5, "X": "Zopah-Kokpo", "Y": "Fandji\n", "X_side_m": 316.5, "Y_side_m": 27.0}}, {"type": "Feature", "geometry": {"type": "Point", "coordinates": [2.353299828295695, 6.472877336752974]}, "properties": {"edge_length_m": 73.1, "X": "Zopah-Kokpo", "Y": "Fandji\n", "X_side_m": 46.7, "Y_side_m": 26.3}}, {"type": "Feature", "geometry": {"type": "Point", "coordinates": [2.3519950235442084, 6.474062695539929]}, "properties": {"edge_length_m": 50.5, "X": "Zopah-Kokpo", "Y": "Fandji\n", "X_side_m": 24.7, "Y_side_m": 25.9}}, {"type": "Feature", "geometry": {"type": "Point", "coordinates": [2.3510258698698276, 6.474227096189655]}, "properties": {"edge_length_m": 109.9, "X": "Zopah-Kokpo", "Y": "Fandji\n", "X_side_m": 105.9, "Y_side_m": 4.0}}, {"type": "Feature", "geometry": {"type": "Point", "coordinates": [2.3442452270300795, 6.4747772109445885]}, "properties": {"edge_length_m": 291.1, "X": "Cité-les-Palmiers\n", "Y": "Fandji\n", "X_side_m": 287.0, "Y_side_m": 4.2}}, {"type": "Feature", "geometry": {"type": "Point", "coordinates": [2.344280724967586, 6.474819984945886]}, "properties": {"edge_length_m": 62.9, "X": "Cité-les-Palmiers\n", "Y": "Fandji\n", "X_side_m": 4.5, "Y_side_m": 58.4}}, {"type": "Feature", "geometry": {"type": "Point", "coordinates": [2.344741400529949, 6.475373800099162]}, "properties": {"edge_length_m": 156.0, "X": "Cité-les-Palmiers\n", "Y": "Fandji\n", "X_side_m": 54.0, "Y_side_m": 102.0}}, {"type": "Feature", "geometry": {"type": "Point", "coordinates": [2.341643257855639, 6.472869505118342]}, "properties": {"edge_length_m": 130.0, "X": "Cité-les-Palmiers\n", "Y": "Fandji\n", "X_side_m": 60.4, "Y_side_m": 69.6}}, {"type": "Feature", "geometry": {"type": "Point", "coordinates": [2.3411320428510796, 6.472300340353651]}, "properties": {"edge_length_m": 104.1, "X": "Cité-les-Palmiers\n", "Y": "Fandji\n", "X_side_m": 59.7, "Y_side_m": 44.4}}, {"type": "Feature", "geometry": {"type": "Point", "coordinates": [2.3454302013297497, 6.4761444182362595]}, "properties": {"edge_length_m": 43.6, "X": "Cité-les-Palmiers\n", "Y": "Fandji\n", "X_side_m": 23.0, "Y_side_m": 20.6}}, {"type": "Feature", "geometry": {"type": "Point", "coordinates": [2.3456082791582102, 6.476341558512494]}, "properties": {"edge_length_m": 117.8, "X": "Cité-les-Palmiers\n", "Y": "Fandji\n", "X_side_m": 20.7, "Y_side_m": 97.1}}, {"type": "Feature", "geometry": {"type": "Point", "coordinates": [2.3539523927918022, 6.4621863522712095]}, "properties": {"edge_length_m": 39.4, "X": "Fandji\n", "Y": "Agamandin", "X_side_m": 29.8, "Y_side_m": 9.6}}, {"type": "Feature", "geometry": {"type": "Point", "coordinates": [2.3537011441153592, 6.461956601610752]}, "properties": {"edge_length_m": 133.0, "X": "Fandji\n", "Y": "Agamandin", "X_side_m": 22.9, "Y_side_m": 110.1}}, {"type": "Feature", "geometry": {"type": "Point", "coordinates": [2.3361381148175693, 6.418486459284909]}, "properties": {"edge_length_m": 135.8, "X": "Cité-la-Victoire\n", "Y": "Zogbadjè", "X_side_m": 76.3, "Y_side_m": 59.6}}, {"type": "Feature", "geometry": {"type": "Point", "coordinates": [2.3359619240900598, 6.4187817886439325]}, "properties": {"edge_length_m": 64.8, "X": "Cité-la-Victoire\n", "Y": "Zogbadjè", "X_side_m": 36.2, "Y_side_m": 28.6}}, {"type": "Feature", "geometry": {"type": "Point", "coordinates": [2.3369005319097833, 6.417559949292984]}, "properties": {"edge_length_m": 109.8, "X": "Cité-la-Victoire\n", "Y": "Zogbadjè", "X_side_m": 21.3, "Y_side_m": 88.5}}, {"type": "Feature", "geometry": {"type": "Point", "coordinates": [2.3367456636682737, 6.417764295398629]}, "properties": {"edge_length_m": 48.2, "X": "Cité-la-Victoire\n", "Y": "Zogbadjè", "X_side_m": 21.1, "Y_side_m": 27.1}}, {"type": "Feature", "geometry": {"type": "Point", "coordinates": [2.3365205061523695, 6.417941384509366]}, "properties": {"edge_length_m": 177.2, "X": "Cité-la-Victoire\n", "Y": "Zogbadjè", "X_side_m": 17.6, "Y_side_m": 159.6}}, {"type": "Feature", "geometry": {"type": "Point", "coordinates": [2.3332148793320164, 6.4198150313737985]}, "properties": {"edge_length_m": 74.1, "X": "Cité-la-Victoire\n", "Y": "Zogbadjè", "X_side_m": 26.6, "Y_side_m": 47.5}}, {"type": "Feature", "geometry": {"type": "Point", "coordinates": [2.333721788626858, 6.419903937273861]}, "properties": {"edge_length_m": 182.3, "X": "Cité-la-Victoire\n", "Y": "Zogbadjè", "X_side_m": 46.5, "Y_side_m": 135.8}}, {"type": "Feature", "geometry": {"type": "Point", "coordinates": [2.3318880613348054, 6.420663653225245]}, "properties": {"edge_length_m": 118.7, "X": "Cité-la-Victoire\n", "Y": "Zogbadjè", "X_side_m": 66.1, "Y_side_m": 52.6}}, {"type": "Feature", "geometry": {"type": "Point", "coordinates": [2.3323646682042725, 6.4205136721264555]}, "properties": {"edge_length_m": 46.6, "X": "Cité-la-Victoire\n", "Y": "Zogbadjè", "X_side_m": 21.8, "Y_side_m": 24.8}}, {"type": "Feature", "geometry": {"type": "Point", "coordinates": [2.3456865853095143, 6.428933154205973]}, "properties": {"edge_length_m": 199.5, "X": "Zogbadjè", "Y": "Tokpa-Zoungo-Nord\n", "X_side_m": 197.5, "Y_side_m": 2.1}}, {"type": "Feature", "geometry": {"type": "Point", "coordinates": [2.3454003388773277, 6.429538659053741]}, "properties": {"edge_length_m": 104.7, "X": "Zogbadjè", "Y": "Tokpa-Zoungo-Nord\n", "X_side_m": 38.1, "Y_side_m": 66.6}}, {"type": "Feature", "geometry": {"type": "Point", "coordinates": [2.3456720718658866, 6.428964092296089]}, "properties": {"edge_length_m": 60.4, "X": "Zogbadjè", "Y": "Tokpa-Zoungo-Nord\n", "X_side_m": 57.3, "Y_side_m": 3.1}}, {"type": "Feature", "geometry": {"type": "Point", "coordinates": [2.3661056, 6.39279245]}, "properties": {"edge_length_m": 179.9, "X": "Mènontin", "Y": "Kindonou", "X_side_m": 90.0, "Y_side_m": 90.0}}, {"type": "Feature", "geometry": {"type": "Point", "coordinates": [2.36528305, 6.393090600000001]}, "properties": {"edge_length_m": 57.7, "X": "Mènontin", "Y": "Kindonou", "X_side_m": 28.9, "Y_side_m": 28.9}}, {"type": "Feature", "geometry": {"type": "Point", "coordinates": [2.366406864925577, 6.390264368466357]}, "properties": {"edge_length_m": 211.5, "X": "Mènontin", "Y": "Kindonou", "X_side_m": 31.1, "Y_side_m": 180.4}}, {"type": "Feature", "geometry": {"type": "Point", "coordinates": [2.3647740500000003, 6.39004345]}, "properties": {"edge_length_m": 82.1, "X": "Mènontin", "Y": "Kindonou", "X_side_m": 41.0, "Y_side_m": 41.0}}, {"type": "Feature", "geometry": {"type": "Point", "coordinates": [2.343893492401723, 6.41584163211703]}, "properties": {"edge_length_m": 33.8, "X": "Agonkanmey\n", "Y": "Zogbadjè", "X_side_m": 27.6, "Y_side_m": 6.2}}, {"type": "Feature", "geometry": {"type": "Point", "coordinates": [2.343943122283336, 6.4157689951822094]}, "properties": {"edge_length_m": 70.8, "X": "Agonkanmey\n", "Y": "Zogbadjè", "X_side_m": 7.7, "Y_side_m": 63.1}}, {"type": "Feature", "geometry": {"type": "Point", "coordinates": [2.47206835, 6.3726669000000005]}, "properties": {"edge_length_m": 9.3, "X": "Yagbé", "Y": "Tanto", "X_side_m": 4.6, "Y_side_m": 4.6}}, {"type": "Feature", "geometry": {"type": "Point", "coordinates": [2.47188505, 6.37263]}, "properties": {"edge_length_m": 40.2, "X": "Yagbé", "Y": "Tanto", "X_side_m": 20.1, "Y_side_m": 20.1}}, {"type": "Feature", "geometry": {"type": "Point", "coordinates": [2.47130245, 6.37196895]}, "properties": {"edge_length_m": 142.8, "X": "Yagbé", "Y": "Tanto", "X_side_m": 71.4, "Y_side_m": 71.4}}, {"type": "Feature", "geometry": {"type": "Point", "coordinates": [2.4705211, 6.37126445]}, "properties": {"edge_length_m": 176.2, "X": "Yagbé", "Y": "Tanto", "X_side_m": 88.1, "Y_side_m": 88.1}}, {"type": "Feature", "geometry": {"type": "Point", "coordinates": [2.469879423729741, 6.3699022643206895]}, "properties": {"edge_length_m": 62.4, "X": "Yagbé", "Y": "Tanto", "X_side_m": 49.4, "Y_side_m": 13.0}}, {"type": "Feature", "geometry": {"type": "Point", "coordinates": [2.46999063466424, 6.370035224893669]}, "properties": {"edge_length_m": 175.1, "X": "Yagbé", "Y": "Tanto", "X_side_m": 15.1, "Y_side_m": 160.0}}, {"type": "Feature", "geometry": {"type": "Point", "coordinates": [2.4690041022077542, 6.368970699810181]}, "properties": {"edge_length_m": 68.7, "X": "Yagbé", "Y": "Tanto", "X_side_m": 15.3, "Y_side_m": 53.5}}, {"type": "Feature", "geometry": {"type": "Point", "coordinates": [2.4688778684061155, 6.368822442802135]}, "properties": {"edge_length_m": 48.2, "X": "Yagbé", "Y": "Tanto", "X_side_m": 15.2, "Y_side_m": 33.0}}, {"type": "Feature", "geometry": {"type": "Point", "coordinates": [2.468608765602812, 6.368485617183798]}, "properties": {"edge_length_m": 140.1, "X": "Yagbé", "Y": "Tanto", "X_side_m": 34.8, "Y_side_m": 105.3}}, {"type": "Feature", "geometry": {"type": "Point", "coordinates": [2.383439023272359, 6.363454682987625]}, "properties": {"edge_length_m": 103.4, "X": "Aïbatin-Dodo", "Y": "Aïbatin-Kpota", "X_side_m": 80.3, "Y_side_m": 23.1}}, {"type": "Feature", "geometry": {"type": "Point", "coordinates": [2.3836284403943133, 6.363616362483566]}, "properties": {"edge_length_m": 43.7, "X": "Aïbatin-Dodo", "Y": "Aïbatin-Kpota", "X_side_m": 11.2, "Y_side_m": 32.5}}, {"type": "Feature", "geometry": {"type": "Point", "coordinates": [2.3864441000000003, 6.363473300000001]}, "properties": {"edge_length_m": 60.8, "X": "Aïbatin-Dodo", "Y": "Gbèdégbé", "X_side_m": 30.4, "Y_side_m": 30.4}}, {"type": "Feature", "geometry": {"type": "Point", "coordinates": [2.3860192500000004, 6.3635516]}, "properties": {"edge_length_m": 84.4, "X": "Aïbatin-Dodo", "Y": "Gbèdégbé", "X_side_m": 42.2, "Y_side_m": 42.2}}, {"type": "Feature", "geometry": {"type": "Point", "coordinates": [2.3746772236264726, 6.380007599248309]}, "properties": {"edge_length_m": 25.4, "X": "Agla-Petit-Château", "Y": "Ahogbohoué-Cité-De-l'Expérience", "X_side_m": 6.3, "Y_side_m": 19.1}}, {"type": "Feature", "geometry": {"type": "Point", "coordinates": [2.374626506722111, 6.37995691553891]}, "properties": {"edge_length_m": 269.9, "X": "Agla-Petit-Château", "Y": "Ahogbohoué-Cité-De-l'Expérience", "X_side_m": 8.0, "Y_side_m": 261.9}}, {"type": "Feature", "geometry": {"type": "Point", "coordinates": [2.48379205, 6.37177455]}, "properties": {"edge_length_m": 35.0, "X": "Dandji-Hokanmè", "Y": "Dandji", "X_side_m": 17.5, "Y_side_m": 17.5}}, {"type": "Feature", "geometry": {"type": "Point", "coordinates": [2.4840631999999996, 6.3719608]}, "properties": {"edge_length_m": 63.7, "X": "Dandji-Hokanmè", "Y": "Dandji", "X_side_m": 31.8, "Y_side_m": 31.8}}, {"type": "Feature", "geometry": {"type": "Point", "coordinates": [2.481614318362902, 6.3705419730228625]}, "properties": {"edge_length_m": 165.4, "X": "Dandji-Hokanmè", "Y": "Dandji", "X_side_m": 36.3, "Y_side_m": 129.0}}, {"type": "Feature", "geometry": {"type": "Point", "coordinates": [2.482750047348081, 6.370958072490939]}, "properties": {"edge_length_m": 65.2, "X": "Dandji-Hokanmè", "Y": "Dandji", "X_side_m": 32.5, "Y_side_m": 32.7}}, {"type": "Feature", "geometry": {"type": "Point", "coordinates": [2.4830044, 6.371281]}, "properties": {"edge_length_m": 61.9, "X": "Dandji-Hokanmè", "Y": "Dandji", "X_side_m": 31.0, "Y_side_m": 31.0}}, {"type": "Feature", "geometry": {"type": "Point", "coordinates": [2.4815050284279114, 6.367718431404806]}, "properties": {"edge_length_m": 181.9, "X": "Dandji-Hokanmè", "Y": "Dandji", "X_side_m": 177.9, "Y_side_m": 4.1}}, {"type": "Feature", "geometry": {"type": "Point", "coordinates": [2.481442660505283, 6.368493466280467]}, "properties": {"edge_length_m": 340.7, "X": "Dandji-Hokanmè", "Y": "Dandji", "X_side_m": 5.6, "Y_side_m": 335.0}}, {"type": "Feature", "geometry": {"type": "Point", "coordinates": [2.481409900029704, 6.368407106575249]}, "properties": {"edge_length_m": 15.5, "X": "Dandji-Hokanmè", "Y": "Dandji", "X_side_m": 9.2, "Y_side_m": 6.2}}, {"type": "Feature", "geometry": {"type": "Point", "coordinates": [2.4813679777717073, 6.36834737899693]}, "properties": {"edge_length_m": 175.9, "X": "Dandji-Hokanmè", "Y": "Dandji", "X_side_m": 6.0, "Y_side_m": 169.9}}, {"type": "Feature", "geometry": {"type": "Point", "coordinates": [2.4814445448669127, 6.368042701142416]}, "properties": {"edge_length_m": 70.6, "X": "Dandji-Hokanmè", "Y": "Dandji", "X_side_m": 34.3, "Y_side_m": 36.3}}, {"type": "Feature", "geometry": {"type": "Point", "coordinates": [2.4852132751092713, 6.365659980368119]}, "properties": {"edge_length_m": 100.9, "X": "Dandji-Hokanmè", "Y": "Tokplégbé", "X_side_m": 32.0, "Y_side_m": 68.9}}, {"type": "Feature", "geometry": {"type": "Point", "coordinates": [2.4849377275260993, 6.365500368488647]}, "properties": {"edge_length_m": 67.6, "X": "Dandji-Hokanmè", "Y": "Tokplégbé", "X_side_m": 14.6, "Y_side_m": 53.0}}, {"type": "Feature", "geometry": {"type": "Point", "coordinates": [2.485806087370797, 6.366003550462205]}, "properties": {"edge_length_m": 50.4, "X": "Dandji-Hokanmè", "Y": "Tokplégbé", "X_side_m": 31.5, "Y_side_m": 18.9}}, {"type": "Feature", "geometry": {"type": "Point", "coordinates": [2.482080601112051, 6.3620234730188105]}, "properties": {"edge_length_m": 69.2, "X": "Tokplégbé", "Y": "Finagnon", "X_side_m": 32.0, "Y_side_m": 37.3}}, {"type": "Feature", "geometry": {"type": "Point", "coordinates": [2.482066737865547, 6.361683447843655]}, "properties": {"edge_length_m": 176.9, "X": "Tokplégbé", "Y": "Finagnon", "X_side_m": 5.1, "Y_side_m": 171.8}}, {"type": "Feature", "geometry": {"type": "Point", "coordinates": [2.4836723999999997, 6.3621503]}, "properties": {"edge_length_m": 70.2, "X": "Tokplégbé", "Y": "Finagnon", "X_side_m": 35.1, "Y_side_m": 35.1}}, {"type": "Feature", "geometry": {"type": "Point", "coordinates": [2.4844242, 6.3625427000000006]}, "properties": {"edge_length_m": 174.1, "X": "Tokplégbé", "Y": "Finagnon", "X_side_m": 87.0, "Y_side_m": 87.0}}, {"type": "Feature", "geometry": {"type": "Point", "coordinates": [2.36578715, 6.3801248]}, "properties": {"edge_length_m": 213.3, "X": "Agla-Les-Pylônes", "Y": "Agla-Centre", "X_side_m": 106.6, "Y_side_m": 106.6}}, {"type": "Feature", "geometry": {"type": "Point", "coordinates": [2.3648204, 6.37984055]}, "properties": {"edge_length_m": 66.6, "X": "Agla-Les-Pylônes", "Y": "Agla-Centre", "X_side_m": 33.3, "Y_side_m": 33.3}}, {"type": "Feature", "geometry": {"type": "Point", "coordinates": [2.3672380986238664, 6.380218252357345]}, "properties": {"edge_length_m": 26.6, "X": "Agla-Les-Pylônes", "Y": "Agla-Centre", "X_side_m": 13.7, "Y_side_m": 12.9}}, {"type": "Feature", "geometry": {"type": "Point", "coordinates": [2.367262712616528, 6.380203244315192]}, "properties": {"edge_length_m": 25.8, "X": "Agla-Les-Pylônes", "Y": "Agla-Centre", "X_side_m": 14.2, "Y_side_m": 11.6}}, {"type": "Feature", "geometry": {"type": "Point", "coordinates": [2.378152032854134, 6.381146751915555]}, "properties": {"edge_length_m": 129.3, "X": "Agla-Petit-Château", "Y": "Kouhounou", "X_side_m": 113.3, "Y_side_m": 16.0}}, {"type": "Feature", "geometry": {"type": "Point", "coordinates": [2.378047304462546, 6.3809876216478]}, "properties": {"edge_length_m": 28.4, "X": "Agla-Petit-Château", "Y": "Kouhounou", "X_side_m": 13.8, "Y_side_m": 14.6}}, {"type": "Feature", "geometry": {"type": "Point", "coordinates": [2.37446705, 6.3846121]}, "properties": {"edge_length_m": 81.4, "X": "Agla-Petit-Château", "Y": "Kouhounou", "X_side_m": 40.7, "Y_side_m": 40.7}}, {"type": "Feature", "geometry": {"type": "Point", "coordinates": [2.37403555, 6.38435915]}, "properties": {"edge_length_m": 60.6, "X": "Agla-Petit-Château", "Y": "Kouhounou", "X_side_m": 30.3, "Y_side_m": 30.3}}, {"type": "Feature", "geometry": {"type": "Point", "coordinates": [2.37489215, 6.3848388]}, "properties": {"edge_length_m": 61.1, "X": "Agla-Petit-Château", "Y": "Kouhounou", "X_side_m": 30.6, "Y_side_m": 30.6}}, {"type": "Feature", "geometry": {"type": "Point", "coordinates": [2.370487425031144, 6.378950910350969]}, "properties": {"edge_length_m": 123.0, "X": "Agla-Petit-Château", "Y": "Agla-Centre", "X_side_m": 90.2, "Y_side_m": 32.8}}, {"type": "Feature", "geometry": {"type": "Point", "coordinates": [2.3701920338811178, 6.379270492998354]}, "properties": {"edge_length_m": 60.7, "X": "Agla-Petit-Château", "Y": "Agla-Centre", "X_side_m": 34.3, "Y_side_m": 26.4}}, {"type": "Feature", "geometry": {"type": "Point", "coordinates": [2.367166115737196, 6.374099394518936]}, "properties": {"edge_length_m": 98.0, "X": "Agla-Centre", "Y": "Agla-Finafa", "X_side_m": 49.5, "Y_side_m": 48.5}}, {"type": "Feature", "geometry": {"type": "Point", "coordinates": [2.3665531656555605, 6.3739886049132775]}, "properties": {"edge_length_m": 52.7, "X": "Agla-Centre", "Y": "Agla-Finafa", "X_side_m": 45.8, "Y_side_m": 7.0}}, {"type": "Feature", "geometry": {"type": "Point", "coordinates": [2.37802005, 6.35758565]}, "properties": {"edge_length_m": 84.5, "X": "Adjaha-Cité", "Y": "Fidjrossè-Centre", "X_side_m": 42.3, "Y_side_m": 42.3}}, {"type": "Feature", "geometry": {"type": "Point", "coordinates": [2.3772261500000003, 6.3571092]}, "properties": {"edge_length_m": 150.9, "X": "Adjaha-Cité", "Y": "Fidjrossè-Centre", "X_side_m": 75.4, "Y_side_m": 75.4}}, {"type": "Feature", "geometry": {"type": "Point", "coordinates": [2.3765874, 6.35666475]}, "properties": {"edge_length_m": 73.5, "X": "Adjaha-Cité", "Y": "Fidjrossè-Centre", "X_side_m": 36.7, "Y_side_m": 36.7}}, {"type": "Feature", "geometry": {"type": "Point", "coordinates": [2.3744378943238553, 6.3565649347234645]}, "properties": {"edge_length_m": 173.6, "X": "Adjaha-Cité", "Y": "Fidjrossè-Centre", "X_side_m": 95.6, "Y_side_m": 78.0}}, {"type": "Feature", "geometry": {"type": "Point", "coordinates": [2.3741517002382992, 6.3572225941078715]}, "properties": {"edge_length_m": 62.2, "X": "Adjaha-Cité", "Y": "Fidjrossè-Centre", "X_side_m": 35.0, "Y_side_m": 27.3}}, {"type": "Feature", "geometry": {"type": "Point", "coordinates": [2.364557529701752, 6.358060413849399]}, "properties": {"edge_length_m": 43.9, "X": "Fidjrossè-Kpota", "Y": "Fidjrossè-Centre", "X_side_m": 35.1, "Y_side_m": 8.9}}, {"type": "Feature", "geometry": {"type": "Point", "coordinates": [2.36461699993782, 6.357899282335046]}, "properties": {"edge_length_m": 134.5, "X": "Fidjrossè-Kpota", "Y": "Fidjrossè-Centre", "X_side_m": 123.7, "Y_side_m": 10.8}}, {"type": "Feature", "geometry": {"type": "Point", "coordinates": [2.458186485986708, 6.374183379721265]}, "properties": {"edge_length_m": 65.1, "X": "Irédé", "Y": "Sènadé-Sèkon", "X_side_m": 19.4, "Y_side_m": 45.7}}, {"type": "Feature", "geometry": {"type": "Point", "coordinates": [2.457995487117787, 6.374344834052037]}, "properties": {"edge_length_m": 143.6, "X": "Irédé", "Y": "Sènadé-Sèkon", "X_side_m": 19.5, "Y_side_m": 124.2}}, {"type": "Feature", "geometry": {"type": "Point", "coordinates": [2.4586362204328447, 6.373808810345803]}, "properties": {"edge_length_m": 153.3, "X": "Irédé", "Y": "Sènadé-Sèkon", "X_side_m": 45.9, "Y_side_m": 107.4}}, {"type": "Feature", "geometry": {"type": "Point", "coordinates": [2.4570291323425675, 6.367847741197575]}, "properties": {"edge_length_m": 155.3, "X": "Sodjatinmè-Centre", "Y": "Sodjatinmè-Est", "X_side_m": 107.2, "Y_side_m": 48.1}}, {"type": "Feature", "geometry": {"type": "Point", "coordinates": [2.4575123586449776, 6.367453902565615]}, "properties": {"edge_length_m": 72.2, "X": "Sodjatinmè-Centre", "Y": "Sodjatinmè-Est", "X_side_m": 49.7, "Y_side_m": 22.5}}, {"type": "Feature", "geometry": {"type": "Point", "coordinates": [2.457732799717001, 6.367266441072778]}, "properties": {"edge_length_m": 136.5, "X": "Sodjatinmè-Centre", "Y": "Sodjatinmè-Est", "X_side_m": 21.9, "Y_side_m": 114.6}}, {"type": "Feature", "geometry": {"type": "Point", "coordinates": [2.459730009308144, 6.37271075014618]}, "properties": {"edge_length_m": 15.6, "X": "Irédé", "Y": "Sodjatinmè-Est", "X_side_m": 14.5, "Y_side_m": 1.2}}, {"type": "Feature", "geometry": {"type": "Point", "coordinates": [2.4597197561841875, 6.372704877581292]}, "properties": {"edge_length_m": 14.4, "X": "Irédé", "Y": "Sodjatinmè-Est", "X_side_m": 0.5, "Y_side_m": 13.8}}, {"type": "Feature", "geometry": {"type": "Point", "coordinates": [2.4596071329166587, 6.3725678163173]}, "properties": {"edge_length_m": 118.5, "X": "Irédé", "Y": "Sodjatinmè-Est", "X_side_m": 13.9, "Y_side_m": 104.7}}, {"type": "Feature", "geometry": {"type": "Point", "coordinates": [2.457288361159493, 6.3698005419354065]}, "properties": {"edge_length_m": 70.7, "X": "Irédé", "Y": "Sodjatinmè-Est", "X_side_m": 2.1, "Y_side_m": 68.6}}, {"type": "Feature", "geometry": {"type": "Point", "coordinates": [2.457851338315122, 6.370467941508218]}, "properties": {"edge_length_m": 133.1, "X": "Irédé", "Y": "Sodjatinmè-Est", "X_side_m": 69.7, "Y_side_m": 63.4}}, {"type": "Feature", "geometry": {"type": "Point", "coordinates": [2.443328814867246, 6.366892309807407]}, "properties": {"edge_length_m": 195.2, "X": "Abokicodji-Lagune", "Y": "Dédokpo", "X_side_m": 26.3, "Y_side_m": 169.0}}, {"type": "Feature", "geometry": {"type": "Point", "coordinates": [2.443706115269803, 6.36680529640691]}, "properties": {"edge_length_m": 73.1, "X": "Abokicodji-Lagune", "Y": "Dédokpo", "X_side_m": 33.7, "Y_side_m": 39.3}}, {"type": "Feature", "geometry": {"type": "Point", "coordinates": [2.4672708934757996, 6.370621745748459]}, "properties": {"edge_length_m": 206.5, "X": "Yagbé", "Y": "Nvènamèdé", "X_side_m": 1.0, "Y_side_m": 205.6}}, {"type": "Feature", "geometry": {"type": "Point", "coordinates": [2.4654244465289845, 6.370716185589178]}, "properties": {"edge_length_m": 53.6, "X": "Yagbé", "Y": "Nvènamèdé", "X_side_m": 23.1, "Y_side_m": 30.5}}, {"type": "Feature", "geometry": {"type": "Point", "coordinates": [2.298797112142617, 6.395153373267864]}, "properties": {"edge_length_m": 66.7, "X": "Sodo\n", "Y": "Cocotomey", "X_side_m": 19.9, "Y_side_m": 46.7}}, {"type": "Feature", "geometry": {"type": "Point", "coordinates": [2.2990364, 6.395334849999999]}, "properties": {"edge_length_m": 63.1, "X": "Sodo\n", "Y": "Cocotomey", "X_side_m": 31.6, "Y_side_m": 31.6}}, {"type": "Feature", "geometry": {"type": "Point", "coordinates": [2.298397956319303, 6.395042158352712]}, "properties": {"edge_length_m": 38.6, "X": "Sodo\n", "Y": "Cocotomey", "X_side_m": 36.2, "Y_side_m": 2.4}}, {"type": "Feature", "geometry": {"type": "Point", "coordinates": [2.301698355075244, 6.396152431988984]}, "properties": {"edge_length_m": 48.0, "X": "Sodo\n", "Y": "Cocotomey", "X_side_m": 20.0, "Y_side_m": 27.9}}, {"type": "Feature", "geometry": {"type": "Point", "coordinates": [2.3015236669293246, 6.3959952547574215]}, "properties": {"edge_length_m": 76.6, "X": "Sodo\n", "Y": "Cocotomey", "X_side_m": 19.7, "Y_side_m": 57.0}}, {"type": "Feature", "geometry": {"type": "Point", "coordinates": [2.302396010072896, 6.396481710317907]}, "properties": {"edge_length_m": 98.8, "X": "Sodo\n", "Y": "Tokpa\n", "X_side_m": 78.1, "Y_side_m": 20.7}}, {"type": "Feature", "geometry": {"type": "Point", "coordinates": [2.302587513058566, 6.396672333847302]}, "properties": {"edge_length_m": 70.3, "X": "Sodo\n", "Y": "Tokpa\n", "X_side_m": 23.7, "Y_side_m": 46.6}}, {"type": "Feature", "geometry": {"type": "Point", "coordinates": [2.3341844865331525, 6.381773421681925]}, "properties": {"edge_length_m": 9.4, "X": "Dèkoungbé\n", "Y": "Dénou\n", "X_side_m": 6.8, "Y_side_m": 2.6}}, {"type": "Feature", "geometry": {"type": "Point", "coordinates": [2.3341907214325004, 6.3817444986242]}, "properties": {"edge_length_m": 82.2, "X": "Dèkoungbé\n", "Y": "Dénou\n", "X_side_m": 2.0, "Y_side_m": 80.2}}, {"type": "Feature", "geometry": {"type": "Point", "coordinates": [2.334224054877362, 6.380970925461409]}, "properties": {"edge_length_m": 44.4, "X": "Dèkoungbé\n", "Y": "Fignonhou\n", "X_side_m": 40.6, "Y_side_m": 3.8}}, {"type": "Feature", "geometry": {"type": "Point", "coordinates": [2.3343727309061806, 6.380378240906478]}, "properties": {"edge_length_m": 129.2, "X": "Dèkoungbé\n", "Y": "Fignonhou\n", "X_side_m": 36.8, "Y_side_m": 92.5}}, {"type": "Feature", "geometry": {"type": "Point", "coordinates": [2.334238254240297, 6.380915914733782]}, "properties": {"edge_length_m": 53.0, "X": "Dèkoungbé\n", "Y": "Fignonhou\n", "X_side_m": 48.1, "Y_side_m": 5.0}}, {"type": "Feature", "geometry": {"type": "Point", "coordinates": [2.3332552612124013, 6.375270702599591]}, "properties": {"edge_length_m": 46.1, "X": "Dèkoungbé\n", "Y": "Fignonhou\n", "X_side_m": 36.4, "Y_side_m": 9.7}}, {"type": "Feature", "geometry": {"type": "Point", "coordinates": [2.333247306468332, 6.37576827473302]}, "properties": {"edge_length_m": 62.0, "X": "Dèkoungbé\n", "Y": "Fignonhou\n", "X_side_m": 43.6, "Y_side_m": 18.4}}, {"type": "Feature", "geometry": {"type": "Point", "coordinates": [2.3332557880040636, 6.375979654424609]}, "properties": {"edge_length_m": 25.4, "X": "Dèkoungbé\n", "Y": "Fignonhou\n", "X_side_m": 16.5, "Y_side_m": 8.9}}, {"type": "Feature", "geometry": {"type": "Point", "coordinates": [2.333176036772546, 6.376901960409105]}, "properties": {"edge_length_m": 14.6, "X": "Dèkoungbé\n", "Y": "Fignonhou\n", "X_side_m": 6.4, "Y_side_m": 8.1}}, {"type": "Feature", "geometry": {"type": "Point", "coordinates": [2.3331785227386033, 6.377011633599071]}, "properties": {"edge_length_m": 40.2, "X": "Dèkoungbé\n", "Y": "Fignonhou\n", "X_side_m": 8.4, "Y_side_m": 31.8}}, {"type": "Feature", "geometry": {"type": "Point", "coordinates": [2.3258869159442788, 6.376457027075226]}, "properties": {"edge_length_m": 53.8, "X": "Dèkoungbé\n", "Y": "Abikouholi\n", "X_side_m": 41.1, "Y_side_m": 12.7}}, {"type": "Feature", "geometry": {"type": "Point", "coordinates": [2.325999340292215, 6.376307496943869]}, "properties": {"edge_length_m": 42.3, "X": "Dèkoungbé\n", "Y": "Abikouholi\n", "X_side_m": 11.9, "Y_side_m": 30.4}}, {"type": "Feature", "geometry": {"type": "Point", "coordinates": [2.325704647422356, 6.376998420019271]}, "properties": {"edge_length_m": 225.2, "X": "Dèkoungbé\n", "Y": "Abikouholi\n", "X_side_m": 10.3, "Y_side_m": 215.0}}, {"type": "Feature", "geometry": {"type": "Point", "coordinates": [2.3256681979134353, 6.377344491716547]}, "properties": {"edge_length_m": 42.6, "X": "Dèkoungbé\n", "Y": "Abikouholi\n", "X_side_m": 36.2, "Y_side_m": 6.4}}, {"type": "Feature", "geometry": {"type": "Point", "coordinates": [2.3180294682120395, 6.375282624211091]}, "properties": {"edge_length_m": 83.1, "X": "Dèkoungbé-Église\n", "Y": "Gninkindji\n", "X_side_m": 2.0, "Y_side_m": 81.2}}, {"type": "Feature", "geometry": {"type": "Point", "coordinates": [2.318011001266451, 6.375268143669457]}, "properties": {"edge_length_m": 216.2, "X": "Dèkoungbé-Église\n", "Y": "Gninkindji\n", "X_side_m": 1.8, "Y_side_m": 214.3}}, {"type": "Feature", "geometry": {"type": "Point", "coordinates": [2.3115828376995826, 6.37527167595811]}, "properties": {"edge_length_m": 60.1, "X": "Gninkindji\n", "Y": "Hêdomè\n", "X_side_m": 21.7, "Y_side_m": 38.4}}, {"type": "Feature", "geometry": {"type": "Point", "coordinates": [2.3114402042882345, 6.37569674240816]}, "properties": {"edge_length_m": 52.8, "X": "Gninkindji\n", "Y": "Hêdomè\n", "X_side_m": 14.6, "Y_side_m": 38.2}}, {"type": "Feature", "geometry": {"type": "Point", "coordinates": [2.312101072249141, 6.373024785595372]}, "properties": {"edge_length_m": 53.1, "X": "Gninkindji\n", "Y": "Hêdomè\n", "X_side_m": 22.8, "Y_side_m": 30.3}}, {"type": "Feature", "geometry": {"type": "Point", "coordinates": [2.311922721204027, 6.373246120103543]}, "properties": {"edge_length_m": 149.8, "X": "Gninkindji\n", "Y": "Hêdomè\n", "X_side_m": 14.9, "Y_side_m": 134.8}}, {"type": "Feature", "geometry": {"type": "Point", "coordinates": [2.3255564660209096, 6.419491166267065]}, "properties": {"edge_length_m": 66.4, "X": "Cité-la-Victoire\n", "Y": "Alègléta", "X_side_m": 10.0, "Y_side_m": 56.4}}, {"type": "Feature", "geometry": {"type": "Point", "coordinates": [2.3254727353582196, 6.419692508289384]}, "properties": {"edge_length_m": 33.3, "X": "Cité-la-Victoire\n", "Y": "Alègléta", "X_side_m": 21.3, "Y_side_m": 11.9}}, {"type": "Feature", "geometry": {"type": "Point", "coordinates": [2.299561934483524, 6.429815937201356]}, "properties": {"edge_length_m": 134.8, "X": "Houèto", "Y": "Maria-Gléta\n", "X_side_m": 50.7, "Y_side_m": 84.1}}, {"type": "Feature", "geometry": {"type": "Point", "coordinates": [2.2999798580448854, 6.429948567720403]}, "properties": {"edge_length_m": 64.1, "X": "Houèto", "Y": "Maria-Gléta\n", "X_side_m": 43.6, "Y_side_m": 20.5}}, {"type": "Feature", "geometry": {"type": "Point", "coordinates": [2.2980516454470328, 6.429298741073834]}, "properties": {"edge_length_m": 91.5, "X": "Houèto", "Y": "Maria-Gléta\n", "X_side_m": 90.2, "Y_side_m": 1.2}}, {"type": "Feature", "geometry": {"type": "Point", "coordinates": [2.298036386304226, 6.429296283555155]}, "properties": {"edge_length_m": 30.9, "X": "Houèto", "Y": "Maria-Gléta\n", "X_side_m": 1.2, "Y_side_m": 29.6}}, {"type": "Feature", "geometry": {"type": "Point", "coordinates": [2.3576237164432605, 6.474050002794512]}, "properties": {"edge_length_m": 59.0, "X": "Gbodjo", "Y": "Zopah-Kokpo", "X_side_m": 37.5, "Y_side_m": 21.4}}, {"type": "Feature", "geometry": {"type": "Point", "coordinates": [2.3578490548992708, 6.474212078081505]}, "properties": {"edge_length_m": 120.6, "X": "Gbodjo", "Y": "Zopah-Kokpo", "X_side_m": 100.2, "Y_side_m": 20.4}}, {"type": "Feature", "geometry": {"type": "Point", "coordinates": [2.3535929752315026, 6.534433515396014]}, "properties": {"edge_length_m": 19.0, "X": "Adjagbo", "Y": "Gbétagbo", "X_side_m": 5.8, "Y_side_m": 13.2}}, {"type": "Feature", "geometry": {"type": "Point", "coordinates": [2.3534160016745616, 6.534150532436162]}, "properties": {"edge_length_m": 44.0, "X": "Adjagbo", "Y": "Gbétagbo", "X_side_m": 25.3, "Y_side_m": 18.8}}, {"type": "Feature", "geometry": {"type": "Point", "coordinates": [2.4853509539804874, 6.375324591838641]}, "properties": {"edge_length_m": 108.5, "X": "Tchanhounkpamè", "Y": "Dandji-Hokanmè", "X_side_m": 89.3, "Y_side_m": 19.2}}, {"type": "Feature", "geometry": {"type": "Point", "coordinates": [2.485477143211677, 6.375563038413868]}, "properties": {"edge_length_m": 56.7, "X": "Tchanhounkpamè", "Y": "Dandji-Hokanmè", "X_side_m": 34.5, "Y_side_m": 22.2}}, {"type": "Feature", "geometry": {"type": "Point", "coordinates": [2.4759275, 6.3732083500000005]}, "properties": {"edge_length_m": 35.9, "X": "Dandji", "Y": "Avotrou-Houézèkomè", "X_side_m": 17.9, "Y_side_m": 17.9}}, {"type": "Feature", "geometry": {"type": "Point", "coordinates": [2.47561975, 6.3730294999999995]}, "properties": {"edge_length_m": 69.1, "X": "Dandji", "Y": "Avotrou-Houézèkomè", "X_side_m": 34.6, "Y_side_m": 34.6}}, {"type": "Feature", "geometry": {"type": "Point", "coordinates": [2.48211215, 6.37378685]}, "properties": {"edge_length_m": 55.5, "X": "Tchanhounkpamè", "Y": "Dandji", "X_side_m": 27.8, "Y_side_m": 27.8}}, {"type": "Feature", "geometry": {"type": "Point", "coordinates": [2.48192055, 6.37350875]}, "properties": {"edge_length_m": 51.2, "X": "Tchanhounkpamè", "Y": "Dandji", "X_side_m": 25.6, "Y_side_m": 25.6}}, {"type": "Feature", "geometry": {"type": "Point", "coordinates": [2.477880408604535, 6.378575618796975]}, "properties": {"edge_length_m": 154.4, "X": "Tchanhounkpamè", "Y": "Avotrou-Houézèkomè", "X_side_m": 112.6, "Y_side_m": 41.8}}, {"type": "Feature", "geometry": {"type": "Point", "coordinates": [2.4783219631959277, 6.377552324352971]}, "properties": {"edge_length_m": 61.4, "X": "Tchanhounkpamè", "Y": "Avotrou-Houézèkomè", "X_side_m": 48.4, "Y_side_m": 13.0}}, {"type": "Feature", "geometry": {"type": "Point", "coordinates": [2.4775043776847334, 6.378956265776354]}, "properties": {"edge_length_m": 72.7, "X": "Tchanhounkpamè", "Y": "Avotrou-Houézèkomè", "X_side_m": 31.3, "Y_side_m": 41.4}}, {"type": "Feature", "geometry": {"type": "Point", "coordinates": [2.473443694497844, 6.373599521438024]}, "properties": {"edge_length_m": 63.3, "X": "Yagbé", "Y": "Avotrou-Houézèkomè", "X_side_m": 37.3, "Y_side_m": 26.0}}, {"type": "Feature", "geometry": {"type": "Point", "coordinates": [2.473207829487644, 6.373837442573196]}, "properties": {"edge_length_m": 140.6, "X": "Yagbé", "Y": "Avotrou-Houézèkomè", "X_side_m": 24.6, "Y_side_m": 116.0}}, {"type": "Feature", "geometry": {"type": "Point", "coordinates": [2.47514795, 6.376270699999999]}, "properties": {"edge_length_m": 196.0, "X": "Avotrou-Houézèkomè", "Y": "Avotrou-Gbègo", "X_side_m": 98.0, "Y_side_m": 98.0}}, {"type": "Feature", "geometry": {"type": "Point", "coordinates": [2.47426445, 6.37604385]}, "properties": {"edge_length_m": 55.9, "X": "Avotrou-Houézèkomè", "Y": "Avotrou-Gbègo", "X_side_m": 27.9, "Y_side_m": 27.9}}, {"type": "Feature", "geometry": {"type": "Point", "coordinates": [2.47428035, 6.37828535]}, "properties": {"edge_length_m": 152.5, "X": "Avotrou-Houézèkomè", "Y": "Avotrou-Gbègo", "X_side_m": 76.2, "Y_side_m": 76.2}}, {"type": "Feature", "geometry": {"type": "Point", "coordinates": [2.47453085, 6.377591949999999]}, "properties": {"edge_length_m": 57.2, "X": "Avotrou-Houézèkomè", "Y": "Avotrou-Gbègo", "X_side_m": 28.6, "Y_side_m": 28.6}}, {"type": "Feature", "geometry": {"type": "Point", "coordinates": [2.4699866999999998, 6.3733220500000005]}, "properties": {"edge_length_m": 37.5, "X": "Yagbé", "Y": "Avotrou-Gbègo", "X_side_m": 18.7, "Y_side_m": 18.7}}, {"type": "Feature", "geometry": {"type": "Point", "coordinates": [2.4706347912744775, 6.373491524421694]}, "properties": {"edge_length_m": 233.1, "X": "Yagbé", "Y": "Avotrou-Gbègo", "X_side_m": 72.5, "Y_side_m": 160.6}}, {"type": "Feature", "geometry": {"type": "Point", "coordinates": [2.4713202836549426, 6.374161149764531]}, "properties": {"edge_length_m": 176.0, "X": "Yagbé", "Y": "Avotrou-Gbègo", "X_side_m": 28.7, "Y_side_m": 147.3}}, {"type": "Feature", "geometry": {"type": "Point", "coordinates": [2.471579559185771, 6.374416114742889]}, "properties": {"edge_length_m": 75.1, "X": "Yagbé", "Y": "Avotrou-Gbègo", "X_side_m": 28.4, "Y_side_m": 46.7}}, {"type": "Feature", "geometry": {"type": "Point", "coordinates": [2.4747189738126334, 6.380182861970111]}, "properties": {"edge_length_m": 59.6, "X": "Avotrou-Aïmonlonfidé", "Y": "Avotrou-Houézèkomè", "X_side_m": 19.8, "Y_side_m": 39.9}}, {"type": "Feature", "geometry": {"type": "Point", "coordinates": [2.474901562375672, 6.380363670047877]}, "properties": {"edge_length_m": 159.7, "X": "Avotrou-Aïmonlonfidé", "Y": "Avotrou-Houézèkomè", "X_side_m": 20.1, "Y_side_m": 139.6}}, {"type": "Feature", "geometry": {"type": "Point", "coordinates": [2.465884002198472, 6.378346705010487]}, "properties": {"edge_length_m": 75.4, "X": "Avotrou-Gbègo", "Y": "Suru-Léré", "X_side_m": 2.3, "Y_side_m": 73.1}}, {"type": "Feature", "geometry": {"type": "Point", "coordinates": [2.4673492, 6.37768625]}, "properties": {"edge_length_m": 174.0, "X": "Avotrou-Gbègo", "Y": "Suru-Léré", "X_side_m": 87.0, "Y_side_m": 87.0}}, {"type": "Feature", "geometry": {"type": "Point", "coordinates": [2.4665537, 6.37801385]}, "properties": {"edge_length_m": 72.3, "X": "Avotrou-Gbègo", "Y": "Suru-Léré", "X_side_m": 36.1, "Y_side_m": 36.1}}, {"type": "Feature", "geometry": {"type": "Point", "coordinates": [2.4716041506981163, 6.379163488039722]}, "properties": {"edge_length_m": 71.2, "X": "Avotrou-Aïmonlonfidé", "Y": "Avotrou-Gbègo", "X_side_m": 25.0, "Y_side_m": 46.2}}, {"type": "Feature", "geometry": {"type": "Point", "coordinates": [2.470093596327733, 6.379651585791319]}, "properties": {"edge_length_m": 73.5, "X": "Avotrou-Aïmonlonfidé", "Y": "Avotrou-Gbègo", "X_side_m": 66.9, "Y_side_m": 6.6}}, {"type": "Feature", "geometry": {"type": "Point", "coordinates": [2.4701547598966713, 6.379591782105556]}, "properties": {"edge_length_m": 167.6, "X": "Avotrou-Aïmonlonfidé", "Y": "Avotrou-Gbègo", "X_side_m": 6.7, "Y_side_m": 160.8}}, {"type": "Feature", "geometry": {"type": "Point", "coordinates": [2.335750983143481, 6.383025738251891]}, "properties": {"edge_length_m": 60.9, "X": "Ounvènoumèdé\n", "Y": "Dénou\n", "X_side_m": 50.0, "Y_side_m": 10.9}}, {"type": "Feature", "geometry": {"type": "Point", "coordinates": [2.3356393442036523, 6.382974779356683]}, "properties": {"edge_length_m": 207.4, "X": "Ounvènoumèdé\n", "Y": "Dénou\n", "X_side_m": 194.4, "Y_side_m": 13.0}}, {"type": "Feature", "geometry": {"type": "Point", "coordinates": [2.336946969680369, 6.383978771300255]}, "properties": {"edge_length_m": 68.4, "X": "Ounvènoumèdé\n", "Y": "Dénou\n", "X_side_m": 1.9, "Y_side_m": 66.5}}, {"type": "Feature", "geometry": {"type": "Point", "coordinates": [2.3368997417223896, 6.383981111562005]}, "properties": {"edge_length_m": 76.1, "X": "Ounvènoumèdé\n", "Y": "Dénou\n", "X_side_m": 4.0, "Y_side_m": 72.0}}, {"type": "Feature", "geometry": {"type": "Point", "coordinates": [2.3345543209175803, 6.394278301588041]}, "properties": {"edge_length_m": 47.5, "X": "Ounvènoumèdé\n", "Y": "Salamey", "X_side_m": 0.7, "Y_side_m": 46.9}}, {"type": "Feature", "geometry": {"type": "Point", "coordinates": [2.3345624102376252, 6.394315060914671]}, "properties": {"edge_length_m": 53.3, "X": "Ounvènoumèdé\n", "Y": "Salamey", "X_side_m": 4.1, "Y_side_m": 49.2}}, {"type": "Feature", "geometry": {"type": "Point", "coordinates": [2.338309805526942, 6.388722838590588]}, "properties": {"edge_length_m": 30.2, "X": "Ounvènoumèdé\n", "Y": "Aïmèvo\n", "X_side_m": 3.2, "Y_side_m": 26.9}}, {"type": "Feature", "geometry": {"type": "Point", "coordinates": [2.3383145761588864, 6.3887629642282]}, "properties": {"edge_length_m": 47.1, "X": "Ounvènoumèdé\n", "Y": "Aïmèvo\n", "X_side_m": 2.9, "Y_side_m": 44.2}}, {"type": "Feature", "geometry": {"type": "Point", "coordinates": [2.3445116047706462, 6.435811074681562]}, "properties": {"edge_length_m": 53.3, "X": "Finafa\n", "Y": "Tchinangbégbo\n", "X_side_m": 2.1, "Y_side_m": 51.3}}, {"type": "Feature", "geometry": {"type": "Point", "coordinates": [2.3445097455872626, 6.435783391128508]}, "properties": {"edge_length_m": 85.3, "X": "Finafa\n", "Y": "Tchinangbégbo\n", "X_side_m": 2.1, "Y_side_m": 83.3}}, {"type": "Feature", "geometry": {"type": "Point", "coordinates": [2.3432623817890716, 6.436922323387331]}, "properties": {"edge_length_m": 52.4, "X": "Finafa\n", "Y": "Tchinangbégbo\n", "X_side_m": 38.2, "Y_side_m": 14.2}}, {"type": "Feature", "geometry": {"type": "Point", "coordinates": [2.3434387432879857, 6.436881523768916]}, "properties": {"edge_length_m": 182.6, "X": "Finafa\n", "Y": "Tchinangbégbo\n", "X_side_m": 15.1, "Y_side_m": 167.5}}, {"type": "Feature", "geometry": {"type": "Point", "coordinates": [2.3327723779792766, 6.429662686847653]}, "properties": {"edge_length_m": 55.5, "X": "Tchinangbégbo\n", "Y": "Tankpè-Tanmè", "X_side_m": 50.3, "Y_side_m": 5.2}}, {"type": "Feature", "geometry": {"type": "Point", "coordinates": [2.3332683209372354, 6.429526791818037]}, "properties": {"edge_length_m": 49.1, "X": "Tchinangbégbo\n", "Y": "Tankpè-Tanmè", "X_side_m": 38.6, "Y_side_m": 10.4}}, {"type": "Feature", "geometry": {"type": "Point", "coordinates": [2.326533925933482, 6.38435129693627]}, "properties": {"edge_length_m": 74.5, "X": "Agbo Codji Sèdégbé", "Y": "Atrokpo-Codji", "X_side_m": 14.0, "Y_side_m": 60.5}}, {"type": "Feature", "geometry": {"type": "Point", "coordinates": [2.326545508535783, 6.384467933687213]}, "properties": {"edge_length_m": 122.1, "X": "Agbo Codji Sèdégbé", "Y": "Atrokpo-Codji", "X_side_m": 4.8, "Y_side_m": 117.3}}, {"type": "Feature", "geometry": {"type": "Point", "coordinates": [2.3254819715142863, 6.384677210311266]}, "properties": {"edge_length_m": 9.7, "X": "Agbo Codji Sèdégbé", "Y": "Atrokpo-Codji", "X_side_m": 1.4, "Y_side_m": 8.3}}, {"type": "Feature", "geometry": {"type": "Point", "coordinates": [2.325455858362064, 6.384690479319763]}, "properties": {"edge_length_m": 72.8, "X": "Agbo Codji Sèdégbé", "Y": "Atrokpo-Codji", "X_side_m": 2.9, "Y_side_m": 70.0}}, {"type": "Feature", "geometry": {"type": "Point", "coordinates": [2.3249083350420316, 6.384906143828571]}, "properties": {"edge_length_m": 126.0, "X": "Agbo Codji Sèdégbé", "Y": "Atrokpo-Codji", "X_side_m": 102.1, "Y_side_m": 23.9}}, {"type": "Feature", "geometry": {"type": "Point", "coordinates": [2.331337171155507, 6.4242265991012815]}, "properties": {"edge_length_m": 73.9, "X": "Zogbadjè", "Y": "Tankpè-Tanmè", "X_side_m": 11.7, "Y_side_m": 62.2}}, {"type": "Feature", "geometry": {"type": "Point", "coordinates": [2.331357909303005, 6.424654880272251]}, "properties": {"edge_length_m": 46.3, "X": "Zogbadjè", "Y": "Tankpè-Tanmè", "X_side_m": 39.4, "Y_side_m": 6.9}}, {"type": "Feature", "geometry": {"type": "Point", "coordinates": [2.3276600803252006, 6.384157330026154]}, "properties": {"edge_length_m": 176.8, "X": "Atrokpo-Codji", "Y": "Dèkoungbé\n", "X_side_m": 27.1, "Y_side_m": 149.8}}, {"type": "Feature", "geometry": {"type": "Point", "coordinates": [2.327999415999132, 6.384313894851148]}, "properties": {"edge_length_m": 44.2, "X": "Atrokpo-Codji", "Y": "Dèkoungbé\n", "X_side_m": 27.0, "Y_side_m": 17.2}}, {"type": "Feature", "geometry": {"type": "Point", "coordinates": [2.350325485891095, 6.45285944113675]}, "properties": {"edge_length_m": 89.5, "X": "Agori", "Y": "Sèmè", "X_side_m": 19.2, "Y_side_m": 70.3}}, {"type": "Feature", "geometry": {"type": "Point", "coordinates": [2.3506919503889243, 6.4532793631908945]}, "properties": {"edge_length_m": 182.0, "X": "Agori", "Y": "Sèmè", "X_side_m": 120.6, "Y_side_m": 61.4}}, {"type": "Feature", "geometry": {"type": "Point", "coordinates": [2.3519181897139707, 6.454003902602979]}, "properties": {"edge_length_m": 56.6, "X": "Agori", "Y": "Sèmè", "X_side_m": 6.7, "Y_side_m": 50.0}}, {"type": "Feature", "geometry": {"type": "Point", "coordinates": [2.351843034609358, 6.453967463849398]}, "properties": {"edge_length_m": 199.9, "X": "Agori", "Y": "Sèmè", "X_side_m": 6.6, "Y_side_m": 193.3}}, {"type": "Feature", "geometry": {"type": "Point", "coordinates": [2.34842049106598, 6.452105896323614]}, "properties": {"edge_length_m": 128.7, "X": "Agori", "Y": "Sèmè", "X_side_m": 119.8, "Y_side_m": 8.9}}, {"type": "Feature", "geometry": {"type": "Point", "coordinates": [2.3483352060316403, 6.452021849118469]}, "properties": {"edge_length_m": 44.4, "X": "Agori", "Y": "Sèmè", "X_side_m": 9.9, "Y_side_m": 34.5}}, {"type": "Feature", "geometry": {"type": "Point", "coordinates": [2.2984751294432133, 6.380537771104926]}, "properties": {"edge_length_m": 63.8, "X": "Zounga\n", "Y": "Cocotomey", "X_side_m": 44.2, "Y_side_m": 19.6}}, {"type": "Feature", "geometry": {"type": "Point", "coordinates": [2.2981606125428056, 6.38109398981317]}, "properties": {"edge_length_m": 72.4, "X": "Zounga\n", "Y": "Cocotomey", "X_side_m": 38.2, "Y_side_m": 34.2}}, {"type": "Feature", "geometry": {"type": "Point", "coordinates": [2.2979608488676617, 6.381523687677756]}, "properties": {"edge_length_m": 56.9, "X": "Zounga\n", "Y": "Cocotomey", "X_side_m": 31.2, "Y_side_m": 25.7}}, {"type": "Feature", "geometry": {"type": "Point", "coordinates": [2.2983508456073274, 6.380706366932282]}, "properties": {"edge_length_m": 45.8, "X": "Zounga\n", "Y": "Cocotomey", "X_side_m": 27.8, "Y_side_m": 18.0}}, {"type": "Feature", "geometry": {"type": "Point", "coordinates": [2.2973162798306204, 6.382361778326274]}, "properties": {"edge_length_m": 218.7, "X": "Zounga\n", "Y": "Cocotomey", "X_side_m": 200.7, "Y_side_m": 18.1}}, {"type": "Feature", "geometry": {"type": "Point", "coordinates": [2.296149303662579, 6.384044288161806]}, "properties": {"edge_length_m": 56.9, "X": "Zounga\n", "Y": "Cocotomey", "X_side_m": 7.6, "Y_side_m": 49.3}}, {"type": "Feature", "geometry": {"type": "Point", "coordinates": [2.2965851413021774, 6.383426873946796]}, "properties": {"edge_length_m": 114.8, "X": "Zounga\n", "Y": "Cocotomey", "X_side_m": 61.9, "Y_side_m": 52.9}}, {"type": "Feature", "geometry": {"type": "Point", "coordinates": [2.2969328827106312, 6.382947252686073]}, "properties": {"edge_length_m": 52.2, "X": "Zounga\n", "Y": "Cocotomey", "X_side_m": 39.0, "Y_side_m": 13.2}}, {"type": "Feature", "geometry": {"type": "Point", "coordinates": [2.297164145556006, 6.382580992919173]}, "properties": {"edge_length_m": 54.8, "X": "Zounga\n", "Y": "Cocotomey", "X_side_m": 25.1, "Y_side_m": 29.7}}, {"type": "Feature", "geometry": {"type": "Point", "coordinates": [2.296997300496907, 6.3828382040570135]}, "properties": {"edge_length_m": 35.2, "X": "Zounga\n", "Y": "Cocotomey", "X_side_m": 13.5, "Y_side_m": 21.8}}, {"type": "Feature", "geometry": {"type": "Point", "coordinates": [2.333099475431016, 6.461478311470806]}, "properties": {"edge_length_m": 273.8, "X": "Aïfa-Calavi", "Y": "Aïtchédji\n", "X_side_m": 215.8, "Y_side_m": 57.9}}, {"type": "Feature", "geometry": {"type": "Point", "coordinates": [2.3335971074796777, 6.4620198461294605]}, "properties": {"edge_length_m": 68.1, "X": "Aïfa-Calavi", "Y": "Aïtchédji\n", "X_side_m": 60.6, "Y_side_m": 7.5}}, {"type": "Feature", "geometry": {"type": "Point", "coordinates": [2.334027117845001, 6.462485224576034]}, "properties": {"edge_length_m": 68.6, "X": "Aïfa-Calavi", "Y": "Aïtchédji\n", "X_side_m": 21.0, "Y_side_m": 47.6}}, {"type": "Feature", "geometry": {"type": "Point", "coordinates": [2.3342856094333504, 6.462684166337447]}, "properties": {"edge_length_m": 133.0, "X": "Aïfa-Calavi", "Y": "Aïtchédji\n", "X_side_m": 29.7, "Y_side_m": 103.4}}, {"type": "Feature", "geometry": {"type": "Point", "coordinates": [2.35362173097806, 6.379739313320383]}, "properties": {"edge_length_m": 115.5, "X": "Plateau\n", "Y": "Agla-Agongbomey", "X_side_m": 57.9, "Y_side_m": 57.6}}, {"type": "Feature", "geometry": {"type": "Point", "coordinates": [2.3540303002675724, 6.379510449551388]}, "properties": {"edge_length_m": 106.6, "X": "Plateau\n", "Y": "Agla-Agongbomey", "X_side_m": 26.2, "Y_side_m": 80.4}}, {"type": "Feature", "geometry": {"type": "Point", "coordinates": [2.3543805870862755, 6.379707592423683]}, "properties": {"edge_length_m": 47.2, "X": "Plateau\n", "Y": "Agla-Agongbomey", "X_side_m": 26.1, "Y_side_m": 21.1}}, {"type": "Feature", "geometry": {"type": "Point", "coordinates": [2.352894450275412, 6.380032041606315]}, "properties": {"edge_length_m": 82.9, "X": "Plateau\n", "Y": "Agla-Agongbomey", "X_side_m": 45.1, "Y_side_m": 37.8}}, {"type": "Feature", "geometry": {"type": "Point", "coordinates": [2.351685749504511, 6.375695619750338]}, "properties": {"edge_length_m": 88.0, "X": "Plateau\n", "Y": "Agla-Agongbomey", "X_side_m": 76.5, "Y_side_m": 11.4}}, {"type": "Feature", "geometry": {"type": "Point", "coordinates": [2.3516257516874437, 6.37561979696957]}, "properties": {"edge_length_m": 67.8, "X": "Plateau\n", "Y": "Agla-Agongbomey", "X_side_m": 7.9, "Y_side_m": 59.9}}, {"type": "Feature", "geometry": {"type": "Point", "coordinates": [2.3603204899490855, 6.372696227585475]}, "properties": {"edge_length_m": 105.6, "X": "Agla-Agongbomey", "Y": "Hlazounto", "X_side_m": 26.0, "Y_side_m": 79.6}}, {"type": "Feature", "geometry": {"type": "Point", "coordinates": [2.3601561322844105, 6.37264032960955]}, "properties": {"edge_length_m": 30.2, "X": "Agla-Agongbomey", "Y": "Hlazounto", "X_side_m": 23.6, "Y_side_m": 6.6}}, {"type": "Feature", "geometry": {"type": "Point", "coordinates": [2.3589846999999997, 6.3732443]}, "properties": {"edge_length_m": 72.5, "X": "Agla-Agongbomey", "Y": "Hlazounto", "X_side_m": 36.3, "Y_side_m": 36.3}}, {"type": "Feature", "geometry": {"type": "Point", "coordinates": [2.3581190342660174, 6.372989571926137]}, "properties": {"edge_length_m": 53.8, "X": "Agla-Agongbomey", "Y": "Hlazounto", "X_side_m": 33.8, "Y_side_m": 20.0}}, {"type": "Feature", "geometry": {"type": "Point", "coordinates": [2.3585419, 6.3731104]}, "properties": {"edge_length_m": 62.2, "X": "Agla-Agongbomey", "Y": "Hlazounto", "X_side_m": 31.1, "Y_side_m": 31.1}}, {"type": "Feature", "geometry": {"type": "Point", "coordinates": [2.3557965310396805, 6.374356102314912]}, "properties": {"edge_length_m": 12.1, "X": "Agla-Agongbomey", "Y": "Hlazounto", "X_side_m": 11.4, "Y_side_m": 0.7}}, {"type": "Feature", "geometry": {"type": "Point", "coordinates": [2.3555298865522714, 6.374523111567909]}, "properties": {"edge_length_m": 86.2, "X": "Agla-Agongbomey", "Y": "Hlazounto", "X_side_m": 23.6, "Y_side_m": 62.5}}, {"type": "Feature", "geometry": {"type": "Point", "coordinates": [2.3558013126581336, 6.374351912813995]}, "properties": {"edge_length_m": 14.6, "X": "Agla-Agongbomey", "Y": "Hlazounto", "X_side_m": 0.2, "Y_side_m": 14.3}}, {"type": "Feature", "geometry": {"type": "Point", "coordinates": [2.355020634124205, 6.374672414117626]}, "properties": {"edge_length_m": 55.9, "X": "Agla-Agongbomey", "Y": "Hlazounto", "X_side_m": 34.0, "Y_side_m": 21.9}}, {"type": "Feature", "geometry": {"type": "Point", "coordinates": [2.365534495372963, 6.362619193538525]}, "properties": {"edge_length_m": 86.8, "X": "Adjaha-Cité", "Y": "Fidjrossè-Kpota", "X_side_m": 63.5, "Y_side_m": 23.3}}, {"type": "Feature", "geometry": {"type": "Point", "coordinates": [2.365592248845824, 6.363336944771913]}, "properties": {"edge_length_m": 131.2, "X": "Adjaha-Cité", "Y": "Fidjrossè-Kpota", "X_side_m": 104.7, "Y_side_m": 26.5}}, {"type": "Feature", "geometry": {"type": "Point", "coordinates": [2.3656040562942158, 6.363635545531856]}, "properties": {"edge_length_m": 72.7, "X": "Adjaha-Cité", "Y": "Fidjrossè-Kpota", "X_side_m": 51.6, "Y_side_m": 21.1}}, {"type": "Feature", "geometry": {"type": "Point", "coordinates": [2.3119855980065624, 6.403716576846932]}, "properties": {"edge_length_m": 168.6, "X": "Gbègnigan-Midokpo\n", "Y": "Womey-Centre\n", "X_side_m": 84.6, "Y_side_m": 84.0}}, {"type": "Feature", "geometry": {"type": "Point", "coordinates": [2.3119309174392786, 6.404136654872462]}, "properties": {"edge_length_m": 268.7, "X": "Gbègnigan-Midokpo\n", "Y": "Womey-Centre\n", "X_side_m": 75.3, "Y_side_m": 193.4}}, {"type": "Feature", "geometry": {"type": "Point", "coordinates": [2.344267796494077, 6.3906995429769795]}, "properties": {"edge_length_m": 119.2, "X": "Salamey", "Y": "Yolomahouto", "X_side_m": 8.1, "Y_side_m": 111.1}}, {"type": "Feature", "geometry": {"type": "Point", "coordinates": [2.344246369923241, 6.390788844496455]}, "properties": {"edge_length_m": 13.2, "X": "Salamey", "Y": "Yolomahouto", "X_side_m": 7.6, "Y_side_m": 5.5}}, {"type": "Feature", "geometry": {"type": "Point", "coordinates": [2.3435399516726463, 6.393577235850117]}, "properties": {"edge_length_m": 54.1, "X": "Salamey", "Y": "Nonhouénou\n", "X_side_m": 37.9, "Y_side_m": 16.1}}, {"type": "Feature", "geometry": {"type": "Point", "coordinates": [2.343581673283926, 6.393931329937006]}, "properties": {"edge_length_m": 63.9, "X": "Salamey", "Y": "Nonhouénou\n", "X_side_m": 47.1, "Y_side_m": 16.8}}, {"type": "Feature", "geometry": {"type": "Point", "coordinates": [2.4681893580492718, 6.3856778702181405]}, "properties": {"edge_length_m": 56.0, "X": "Yénawa", "Y": "Kowégbo", "X_side_m": 8.0, "Y_side_m": 48.0}}, {"type": "Feature", "geometry": {"type": "Point", "coordinates": [2.4668225575688307, 6.385754662780386]}, "properties": {"edge_length_m": 178.4, "X": "Yénawa", "Y": "Kowégbo", "X_side_m": 151.2, "Y_side_m": 27.2}}, {"type": "Feature", "geometry": {"type": "Point", "coordinates": [2.4665771740482128, 6.385768451032397]}, "properties": {"edge_length_m": 58.0, "X": "Yénawa", "Y": "Kowégbo", "X_side_m": 56.6, "Y_side_m": 1.4}}, {"type": "Feature", "geometry": {"type": "Point", "coordinates": [2.3152450890281013, 6.418089844088394]}, "properties": {"edge_length_m": 70.7, "X": "Tankpè-Togoudo", "Y": "Alègléta", "X_side_m": 65.8, "Y_side_m": 4.9}}, {"type": "Feature", "geometry": {"type": "Point", "coordinates": [2.315225532221945, 6.418154657851663]}, "properties": {"edge_length_m": 13.3, "X": "Tankpè-Togoudo", "Y": "Alègléta", "X_side_m": 4.7, "Y_side_m": 8.6}}, {"type": "Feature", "geometry": {"type": "Point", "coordinates": [2.3053458531283764, 6.413336130273734]}, "properties": {"edge_length_m": 67.5, "X": "Tankpè-Togoudo", "Y": "Womey-Centre\n", "X_side_m": 67.2, "Y_side_m": 0.4}}, {"type": "Feature", "geometry": {"type": "Point", "coordinates": [2.3053466764378117, 6.413332071022874]}, "properties": {"edge_length_m": 32.3, "X": "Tankpè-Togoudo", "Y": "Womey-Centre\n", "X_side_m": 0.2, "Y_side_m": 32.1}}, {"type": "Feature", "geometry": {"type": "Point", "coordinates": [2.306165801408169, 6.412836559163084]}, "properties": {"edge_length_m": 10.6, "X": "Tankpè-Togoudo", "Y": "Womey-Centre\n", "X_side_m": 5.8, "Y_side_m": 4.8}}, {"type": "Feature", "geometry": {"type": "Point", "coordinates": [2.305952702040635, 6.4129335760300945]}, "properties": {"edge_length_m": 60.6, "X": "Tankpè-Togoudo", "Y": "Womey-Centre\n", "X_side_m": 28.4, "Y_side_m": 32.3}}, {"type": "Feature", "geometry": {"type": "Point", "coordinates": [2.3056988552645516, 6.413023066216618]}, "properties": {"edge_length_m": 26.1, "X": "Tankpè-Togoudo", "Y": "Womey-Centre\n", "X_side_m": 7.8, "Y_side_m": 18.3}}, {"type": "Feature", "geometry": {"type": "Point", "coordinates": [2.3047711467500736, 6.4139408533573965]}, "properties": {"edge_length_m": 53.4, "X": "Tankpè-Togoudo", "Y": "Womey-Centre\n", "X_side_m": 42.5, "Y_side_m": 10.8}}, {"type": "Feature", "geometry": {"type": "Point", "coordinates": [2.304402698851522, 6.414393122973275]}, "properties": {"edge_length_m": 55.2, "X": "Tankpè-Togoudo", "Y": "Womey-Centre\n", "X_side_m": 54.5, "Y_side_m": 0.8}}, {"type": "Feature", "geometry": {"type": "Point", "coordinates": [2.309899607294359, 6.40641816147591]}, "properties": {"edge_length_m": 25.0, "X": "Womey-Centre\n", "Y": "Yénandjro\n", "X_side_m": 20.3, "Y_side_m": 4.7}}, {"type": "Feature", "geometry": {"type": "Point", "coordinates": [2.3098689942327555, 6.40648159605675]}, "properties": {"edge_length_m": 12.7, "X": "Womey-Centre\n", "Y": "Yénandjro\n", "X_side_m": 6.2, "Y_side_m": 6.5}}, {"type": "Feature", "geometry": {"type": "Point", "coordinates": [2.3062363871180276, 6.416869757915902]}, "properties": {"edge_length_m": 61.7, "X": "Tankpè-Togoudo", "Y": "Maria-Gléta\n", "X_side_m": 55.3, "Y_side_m": 6.3}}, {"type": "Feature", "geometry": {"type": "Point", "coordinates": [2.3063042734629917, 6.416911961891553]}, "properties": {"edge_length_m": 98.0, "X": "Tankpè-Togoudo", "Y": "Maria-Gléta\n", "X_side_m": 6.0, "Y_side_m": 92.1}}, {"type": "Feature", "geometry": {"type": "Point", "coordinates": [2.3056654620885606, 6.416632179589417]}, "properties": {"edge_length_m": 99.1, "X": "Tankpè-Togoudo", "Y": "Maria-Gléta\n", "X_side_m": 19.6, "Y_side_m": 79.5}}, {"type": "Feature", "geometry": {"type": "Point", "coordinates": [2.305354179130008, 6.416498954115719]}, "properties": {"edge_length_m": 33.9, "X": "Tankpè-Togoudo", "Y": "Maria-Gléta\n", "X_side_m": 31.4, "Y_side_m": 2.5}}, {"type": "Feature", "geometry": {"type": "Point", "coordinates": [2.304435097255277, 6.415030012200108]}, "properties": {"edge_length_m": 72.6, "X": "Tankpè-Togoudo", "Y": "Maria-Gléta\n", "X_side_m": 8.2, "Y_side_m": 64.5}}, {"type": "Feature", "geometry": {"type": "Point", "coordinates": [2.304926587484548, 6.415501755031374]}, "properties": {"edge_length_m": 48.3, "X": "Tankpè-Togoudo", "Y": "Maria-Gléta\n", "X_side_m": 41.5, "Y_side_m": 6.8}}, {"type": "Feature", "geometry": {"type": "Point", "coordinates": [2.3049898220438427, 6.41549909331723]}, "properties": {"edge_length_m": 36.6, "X": "Tankpè-Togoudo", "Y": "Maria-Gléta\n", "X_side_m": 35.1, "Y_side_m": 1.5}}, {"type": "Feature", "geometry": {"type": "Point", "coordinates": [2.299897555600868, 6.415398960530691]}, "properties": {"edge_length_m": 36.6, "X": "Womey-Centre\n", "Y": "Maria-Gléta\n", "X_side_m": 8.1, "Y_side_m": 28.5}}, {"type": "Feature", "geometry": {"type": "Point", "coordinates": [2.299983508981676, 6.41535027985989]}, "properties": {"edge_length_m": 27.8, "X": "Womey-Centre\n", "Y": "Maria-Gléta\n", "X_side_m": 5.7, "Y_side_m": 22.1}}, {"type": "Feature", "geometry": {"type": "Point", "coordinates": [2.3166087103511583, 6.444997393650259]}, "properties": {"edge_length_m": 61.3, "X": "Tokan", "Y": "Fifonsi\n", "X_side_m": 35.7, "Y_side_m": 25.6}}, {"type": "Feature", "geometry": {"type": "Point", "coordinates": [2.3168377717306607, 6.445149062040807]}, "properties": {"edge_length_m": 91.7, "X": "Tokan", "Y": "Fifonsi\n", "X_side_m": 76.9, "Y_side_m": 14.8}}, {"type": "Feature", "geometry": {"type": "Point", "coordinates": [2.319374542986646, 6.448740974849677]}, "properties": {"edge_length_m": 36.4, "X": "Tokan", "Y": "Aïdégnon\n", "X_side_m": 14.6, "Y_side_m": 21.8}}, {"type": "Feature", "geometry": {"type": "Point", "coordinates": [2.3193361448214724, 6.449028006543346]}, "properties": {"edge_length_m": 75.4, "X": "Tokan", "Y": "Aïdégnon\n", "X_side_m": 20.0, "Y_side_m": 55.4}}, {"type": "Feature", "geometry": {"type": "Point", "coordinates": [2.3228875250766605, 6.446052820080736]}, "properties": {"edge_length_m": 39.3, "X": "Fifonsi\n", "Y": "Aïdégnon\n", "X_side_m": 34.5, "Y_side_m": 4.8}}, {"type": "Feature", "geometry": {"type": "Point", "coordinates": [2.322462911209504, 6.446308506837575]}, "properties": {"edge_length_m": 51.9, "X": "Fifonsi\n", "Y": "Aïdégnon\n", "X_side_m": 50.3, "Y_side_m": 1.6}}, {"type": "Feature", "geometry": {"type": "Point", "coordinates": [2.322450907393274, 6.446316866516544]}, "properties": {"edge_length_m": 49.9, "X": "Fifonsi\n", "Y": "Aïdégnon\n", "X_side_m": 0.2, "Y_side_m": 49.7}}, {"type": "Feature", "geometry": {"type": "Point", "coordinates": [2.3302450048679537, 6.44691851938095]}, "properties": {"edge_length_m": 85.7, "X": "Aïdégnon\n", "Y": "Alédjo\n", "X_side_m": 41.4, "Y_side_m": 44.3}}, {"type": "Feature", "geometry": {"type": "Point", "coordinates": [2.330625101591132, 6.4471792650398365]}, "properties": {"edge_length_m": 168.5, "X": "Aïdégnon\n", "Y": "Alédjo\n", "X_side_m": 57.3, "Y_side_m": 111.2}}, {"type": "Feature", "geometry": {"type": "Point", "coordinates": [2.329430321893894, 6.445475675137969]}, "properties": {"edge_length_m": 54.8, "X": "Aïdégnon\n", "Y": "Alédjo\n", "X_side_m": 10.1, "Y_side_m": 44.7}}, {"type": "Feature", "geometry": {"type": "Point", "coordinates": [2.3293424558347344, 6.445391681660049]}, "properties": {"edge_length_m": 95.2, "X": "Aïdégnon\n", "Y": "Alédjo\n", "X_side_m": 10.4, "Y_side_m": 84.8}}, {"type": "Feature", "geometry": {"type": "Point", "coordinates": [2.3214211838781527, 6.432467226202032]}, "properties": {"edge_length_m": 48.0, "X": "Fifonsi\n", "Y": "Tankpè-Tanmè", "X_side_m": 4.8, "Y_side_m": 43.2}}, {"type": "Feature", "geometry": {"type": "Point", "coordinates": [2.3212826265516915, 6.432464802277323]}, "properties": {"edge_length_m": 161.7, "X": "Fifonsi\n", "Y": "Tankpè-Tanmè", "X_side_m": 14.8, "Y_side_m": 146.8}}, {"type": "Feature", "geometry": {"type": "Point", "coordinates": [2.3219095591624015, 6.43278570966958]}, "properties": {"edge_length_m": 96.7, "X": "Fifonsi\n", "Y": "Tankpè-Tanmè", "X_side_m": 44.0, "Y_side_m": 52.7}}, {"type": "Feature", "geometry": {"type": "Point", "coordinates": [2.3226864013340367, 6.433229214236988]}, "properties": {"edge_length_m": 102.1, "X": "Fifonsi\n", "Y": "Tankpè-Tanmè", "X_side_m": 66.3, "Y_side_m": 35.8}}, {"type": "Feature", "geometry": {"type": "Point", "coordinates": [2.319842705938909, 6.432394616181344]}, "properties": {"edge_length_m": 88.1, "X": "Fifonsi\n", "Y": "Tankpè-Tanmè", "X_side_m": 33.8, "Y_side_m": 54.3}}, {"type": "Feature", "geometry": {"type": "Point", "coordinates": [2.3238873000392855, 6.433745511607351]}, "properties": {"edge_length_m": 48.3, "X": "Fifonsi\n", "Y": "Tankpè-Tanmè", "X_side_m": 6.9, "Y_side_m": 41.4}}, {"type": "Feature", "geometry": {"type": "Point", "coordinates": [2.323799686428876, 6.433715909690461]}, "properties": {"edge_length_m": 169.8, "X": "Fifonsi\n", "Y": "Tankpè-Tanmè", "X_side_m": 7.4, "Y_side_m": 162.4}}, {"type": "Feature", "geometry": {"type": "Point", "coordinates": [2.3247545963316028, 6.434160996072]}, "properties": {"edge_length_m": 18.2, "X": "Fifonsi\n", "Y": "Tankpè-Tanmè", "X_side_m": 2.2, "Y_side_m": 15.9}}, {"type": "Feature", "geometry": {"type": "Point", "coordinates": [2.324820627511287, 6.434211926494259]}, "properties": {"edge_length_m": 100.7, "X": "Fifonsi\n", "Y": "Tankpè-Tanmè", "X_side_m": 8.6, "Y_side_m": 92.1}}, {"type": "Feature", "geometry": {"type": "Point", "coordinates": [2.32456750074472, 6.434133915408219]}, "properties": {"edge_length_m": 20.7, "X": "Fifonsi\n", "Y": "Tankpè-Tanmè", "X_side_m": 7.7, "Y_side_m": 13.0}}, {"type": "Feature", "geometry": {"type": "Point", "coordinates": [2.325872469074243, 6.456401944085277]}, "properties": {"edge_length_m": 87.1, "X": "Ahossougbéta", "Y": "Aïdégnon\n", "X_side_m": 47.0, "Y_side_m": 40.0}}, {"type": "Feature", "geometry": {"type": "Point", "coordinates": [2.3264969593412133, 6.456648688458839]}, "properties": {"edge_length_m": 60.7, "X": "Ahossougbéta", "Y": "Aïdégnon\n", "X_side_m": 56.4, "Y_side_m": 4.3}}, {"type": "Feature", "geometry": {"type": "Point", "coordinates": [2.3315084557710226, 6.452795596215303]}, "properties": {"edge_length_m": 151.3, "X": "Aïtchédji\n", "Y": "Aïdégnon\n", "X_side_m": 138.9, "Y_side_m": 12.4}}, {"type": "Feature", "geometry": {"type": "Point", "coordinates": [2.3313746877427093, 6.453299308267758]}, "properties": {"edge_length_m": 57.4, "X": "Aïtchédji\n", "Y": "Aïdégnon\n", "X_side_m": 41.8, "Y_side_m": 15.6}}, {"type": "Feature", "geometry": {"type": "Point", "coordinates": [2.3314500782952705, 6.453020590146542]}, "properties": {"edge_length_m": 47.3, "X": "Aïtchédji\n", "Y": "Aïdégnon\n", "X_side_m": 26.4, "Y_side_m": 20.9}}, {"type": "Feature", "geometry": {"type": "Point", "coordinates": [2.3328645574315994, 6.449972172058832]}, "properties": {"edge_length_m": 124.6, "X": "Aïtchédji\n", "Y": "Aïdégnon\n", "X_side_m": 102.2, "Y_side_m": 22.3}}, {"type": "Feature", "geometry": {"type": "Point", "coordinates": [2.3328955860630716, 6.449857090242462]}, "properties": {"edge_length_m": 96.2, "X": "Aïtchédji\n", "Y": "Aïdégnon\n", "X_side_m": 78.0, "Y_side_m": 18.2}}, {"type": "Feature", "geometry": {"type": "Point", "coordinates": [2.3297917119335727, 6.457736342780289]}, "properties": {"edge_length_m": 58.3, "X": "Aïtchédji\n", "Y": "Aïdégnon\n", "X_side_m": 21.5, "Y_side_m": 36.8}}, {"type": "Feature", "geometry": {"type": "Point", "coordinates": [2.3294406244029595, 6.45750874541227]}, "properties": {"edge_length_m": 61.8, "X": "Aïtchédji\n", "Y": "Aïdégnon\n", "X_side_m": 33.7, "Y_side_m": 28.1}}, {"type": "Feature", "geometry": {"type": "Point", "coordinates": [2.331811439294396, 6.452031483455802]}, "properties": {"edge_length_m": 63.6, "X": "Aïtchédji\n", "Y": "Aïdégnon\n", "X_side_m": 47.2, "Y_side_m": 16.4}}, {"type": "Feature", "geometry": {"type": "Point", "coordinates": [2.331903795201764, 6.4518384344166435]}, "properties": {"edge_length_m": 237.2, "X": "Aïtchédji\n", "Y": "Aïdégnon\n", "X_side_m": 17.9, "Y_side_m": 219.3}}, {"type": "Feature", "geometry": {"type": "Point", "coordinates": [2.332194905945785, 6.450983403416629]}, "properties": {"edge_length_m": 61.2, "X": "Aïtchédji\n", "Y": "Aïdégnon\n", "X_side_m": 19.0, "Y_side_m": 42.2}}, {"type": "Feature", "geometry": {"type": "Point", "coordinates": [2.332335788163055, 6.45074986171824]}, "properties": {"edge_length_m": 195.6, "X": "Aïtchédji\n", "Y": "Aïdégnon\n", "X_side_m": 22.6, "Y_side_m": 172.9}}, {"type": "Feature", "geometry": {"type": "Point", "coordinates": [2.330590860555842, 6.454980801603378]}, "properties": {"edge_length_m": 67.2, "X": "Aïtchédji\n", "Y": "Aïdégnon\n", "X_side_m": 32.6, "Y_side_m": 34.6}}, {"type": "Feature", "geometry": {"type": "Point", "coordinates": [2.3307997738807225, 6.454603712808483]}, "properties": {"edge_length_m": 78.4, "X": "Aïtchédji\n", "Y": "Aïdégnon\n", "X_side_m": 32.4, "Y_side_m": 46.0}}, {"type": "Feature", "geometry": {"type": "Point", "coordinates": [2.3174549577282453, 6.434750216864918]}, "properties": {"edge_length_m": 64.5, "X": "Fifonsi\n", "Y": "Tankpê-Yoho", "X_side_m": 42.3, "Y_side_m": 22.3}}, {"type": "Feature", "geometry": {"type": "Point", "coordinates": [2.3172604887003705, 6.434920789020247]}, "properties": {"edge_length_m": 31.8, "X": "Fifonsi\n", "Y": "Tankpê-Yoho", "X_side_m": 14.6, "Y_side_m": 17.2}}, {"type": "Feature", "geometry": {"type": "Point", "coordinates": [2.3157927829983156, 6.437050253403148]}, "properties": {"edge_length_m": 60.5, "X": "Fifonsi\n", "Y": "Tankpê-Yoho", "X_side_m": 51.1, "Y_side_m": 9.5}}, {"type": "Feature", "geometry": {"type": "Point", "coordinates": [2.3153680431389616, 6.437037974979488]}, "properties": {"edge_length_m": 62.6, "X": "Fifonsi\n", "Y": "Tankpê-Yoho", "X_side_m": 11.8, "Y_side_m": 50.8}}, {"type": "Feature", "geometry": {"type": "Point", "coordinates": [2.2780576876731415, 6.382782168377604]}, "properties": {"edge_length_m": 16.4, "X": "Cococodji", "Y": "Amahoun\n", "X_side_m": 12.1, "Y_side_m": 4.3}}, {"type": "Feature", "geometry": {"type": "Point", "coordinates": [2.2780066259929597, 6.382564289903613]}, "properties": {"edge_length_m": 45.0, "X": "Cococodji", "Y": "Amahoun\n", "X_side_m": 24.5, "Y_side_m": 20.6}}, {"type": "Feature", "geometry": {"type": "Point", "coordinates": [2.277948217514815, 6.382321129030039]}, "properties": {"edge_length_m": 66.2, "X": "Cococodji", "Y": "Amahoun\n", "X_side_m": 52.6, "Y_side_m": 13.6}}, {"type": "Feature", "geometry": {"type": "Point", "coordinates": [2.279566317549972, 6.383839927235827]}, "properties": {"edge_length_m": 9.9, "X": "Cococodji", "Y": "Amahoun\n", "X_side_m": 4.7, "Y_side_m": 5.2}}, {"type": "Feature", "geometry": {"type": "Point", "coordinates": [2.279518773606076, 6.383825723050802]}, "properties": {"edge_length_m": 14.8, "X": "Cococodji", "Y": "Amahoun\n", "X_side_m": 1.8, "Y_side_m": 13.0}}, {"type": "Feature", "geometry": {"type": "Point", "coordinates": [2.2893810414237175, 6.378980899766683]}, "properties": {"edge_length_m": 132.6, "X": "Amahoun\n", "Y": "Zounga\n", "X_side_m": 2.8, "Y_side_m": 129.8}}, {"type": "Feature", "geometry": {"type": "Point", "coordinates": [2.289398814740059, 6.378962218169282]}, "properties": {"edge_length_m": 50.6, "X": "Amahoun\n", "Y": "Zounga\n", "X_side_m": 2.8, "Y_side_m": 47.8}}, {"type": "Feature", "geometry": {"type": "Point", "coordinates": [2.2889302303807053, 6.3799495909151185]}, "properties": {"edge_length_m": 53.6, "X": "Amahoun\n", "Y": "Zounga\n", "X_side_m": 22.0, "Y_side_m": 31.6}}, {"type": "Feature", "geometry": {"type": "Point", "coordinates": [2.289099706659199, 6.37959931651423]}, "properties": {"edge_length_m": 134.1, "X": "Amahoun\n", "Y": "Zounga\n", "X_side_m": 46.8, "Y_side_m": 87.3}}, {"type": "Feature", "geometry": {"type": "Point", "coordinates": [2.286020818758869, 6.373596271888959]}, "properties": {"edge_length_m": 32.2, "X": "Djèkpota", "Y": "Amahoun\n", "X_side_m": 15.6, "Y_side_m": 16.7}}, {"type": "Feature", "geometry": {"type": "Point", "coordinates": [2.2858502168786226, 6.373713560446897]}, "properties": {"edge_length_m": 21.6, "X": "Djèkpota", "Y": "Amahoun\n", "X_side_m": 15.0, "Y_side_m": 6.6}}, {"type": "Feature", "geometry": {"type": "Point", "coordinates": [2.3306033223526983, 6.374453125933245]}, "properties": {"edge_length_m": 53.1, "X": "Dèkoungbé\n", "Y": "Ningboto\n", "X_side_m": 8.5, "Y_side_m": 44.6}}, {"type": "Feature", "geometry": {"type": "Point", "coordinates": [2.331816554405021, 6.374768051260594]}, "properties": {"edge_length_m": 67.2, "X": "Dèkoungbé\n", "Y": "Ningboto\n", "X_side_m": 61.9, "Y_side_m": 5.3}}, {"type": "Feature", "geometry": {"type": "Point", "coordinates": [2.3310385827906823, 6.374639842046522]}, "properties": {"edge_length_m": 82.4, "X": "Dèkoungbé\n", "Y": "Ningboto\n", "X_side_m": 51.7, "Y_side_m": 30.7}}, {"type": "Feature", "geometry": {"type": "Point", "coordinates": [2.346968939959971, 6.361772389704647]}, "properties": {"edge_length_m": 42.2, "X": "Godomey-N'Gbèho", "Y": "Fidjrossè-Kpota", "X_side_m": 4.6, "Y_side_m": 37.7}}, {"type": "Feature", "geometry": {"type": "Point", "coordinates": [2.347332897260819, 6.362131155189636]}, "properties": {"edge_length_m": 208.6, "X": "Godomey-N'Gbèho", "Y": "Fidjrossè-Kpota", "X_side_m": 168.1, "Y_side_m": 40.6}}, {"type": "Feature", "geometry": {"type": "Point", "coordinates": [2.3350539551212592, 6.374410938184211]}, "properties": {"edge_length_m": 52.4, "X": "Fignonhou\n", "Y": "Ningboto\n", "X_side_m": 44.2, "Y_side_m": 8.2}}, {"type": "Feature", "geometry": {"type": "Point", "coordinates": [2.33524798944585, 6.3738655562620945]}, "properties": {"edge_length_m": 67.2, "X": "Fignonhou\n", "Y": "Ningboto\n", "X_side_m": 46.7, "Y_side_m": 20.5}}, {"type": "Feature", "geometry": {"type": "Point", "coordinates": [2.3353176034384147, 6.373655101709548]}, "properties": {"edge_length_m": 63.7, "X": "Fignonhou\n", "Y": "Ningboto\n", "X_side_m": 17.6, "Y_side_m": 46.1}}, {"type": "Feature", "geometry": {"type": "Point", "coordinates": [2.3385550003602984, 6.374420735597469]}, "properties": {"edge_length_m": 65.7, "X": "Godomey-N'Gbèho", "Y": "Fignonhou\n", "X_side_m": 37.5, "Y_side_m": 28.2}}, {"type": "Feature", "geometry": {"type": "Point", "coordinates": [2.3380987665095825, 6.374286222874134]}, "properties": {"edge_length_m": 64.3, "X": "Godomey-N'Gbèho", "Y": "Fignonhou\n", "X_side_m": 32.6, "Y_side_m": 31.7}}, {"type": "Feature", "geometry": {"type": "Point", "coordinates": [2.339640161243362, 6.375254810475107]}, "properties": {"edge_length_m": 81.2, "X": "Godomey-N'Gbèho", "Y": "Fignonhou\n", "X_side_m": 78.2, "Y_side_m": 3.0}}, {"type": "Feature", "geometry": {"type": "Point", "coordinates": [2.339671457431496, 6.37527163353149]}, "properties": {"edge_length_m": 40.5, "X": "Godomey-N'Gbèho", "Y": "Fignonhou\n", "X_side_m": 2.1, "Y_side_m": 38.4}}, {"type": "Feature", "geometry": {"type": "Point", "coordinates": [2.247856351481075, 6.450865125230952]}, "properties": {"edge_length_m": 53.8, "X": "Zoungo", "Y": "Hêvié", "X_side_m": 41.5, "Y_side_m": 12.3}}, {"type": "Feature", "geometry": {"type": "Point", "coordinates": [2.247772139637456, 6.450980035332102]}, "properties": {"edge_length_m": 28.3, "X": "Zoungo", "Y": "Hêvié", "X_side_m": 9.7, "Y_side_m": 18.6}}, {"type": "Feature", "geometry": {"type": "Point", "coordinates": [2.245563210828121, 6.4340614349395056]}, "properties": {"edge_length_m": 83.5, "X": "Hêvié", "Y": "Hounzévié\n", "X_side_m": 16.8, "Y_side_m": 66.7}}, {"type": "Feature", "geometry": {"type": "Point", "coordinates": [2.2454231620537315, 6.434087140635417]}, "properties": {"edge_length_m": 51.5, "X": "Hêvié", "Y": "Hounzévié\n", "X_side_m": 9.1, "Y_side_m": 42.4}}, {"type": "Feature", "geometry": {"type": "Point", "coordinates": [2.2609006651254235, 6.404496308011149]}, "properties": {"edge_length_m": 26.0, "X": "Akossavié", "Y": "Sogan", "X_side_m": 25.9, "Y_side_m": 0.1}}, {"type": "Feature", "geometry": {"type": "Point", "coordinates": [2.2609015670206607, 6.404498490435208]}, "properties": {"edge_length_m": 47.9, "X": "Akossavié", "Y": "Sogan", "X_side_m": 0.2, "Y_side_m": 47.7}}, {"type": "Feature", "geometry": {"type": "Point", "coordinates": [2.247299643280926, 6.421201174270586]}, "properties": {"edge_length_m": 87.0, "X": "Adovié", "Y": "Hounzévié\n", "X_side_m": 21.1, "Y_side_m": 65.9}}, {"type": "Feature", "geometry": {"type": "Point", "coordinates": [2.247198597701514, 6.420959822852921]}, "properties": {"edge_length_m": 37.7, "X": "Adovié", "Y": "Hounzévié\n", "X_side_m": 15.7, "Y_side_m": 22.0}}, {"type": "Feature", "geometry": {"type": "Point", "coordinates": [2.249557116257555, 6.432291857780263]}, "properties": {"edge_length_m": 54.7, "X": "Adovié", "Y": "Hounzévié\n", "X_side_m": 14.3, "Y_side_m": 40.3}}, {"type": "Feature", "geometry": {"type": "Point", "coordinates": [2.2496993835164814, 6.431951658414595]}, "properties": {"edge_length_m": 49.9, "X": "Adovié", "Y": "Hounzévié\n", "X_side_m": 11.4, "Y_side_m": 38.4}}, {"type": "Feature", "geometry": {"type": "Point", "coordinates": [2.255942162451186, 6.415127215245401]}, "properties": {"edge_length_m": 84.3, "X": "Akossavié", "Y": "Adovié", "X_side_m": 5.6, "Y_side_m": 78.6}}, {"type": "Feature", "geometry": {"type": "Point", "coordinates": [2.255906174473168, 6.415168646821669]}, "properties": {"edge_length_m": 7.6, "X": "Akossavié", "Y": "Adovié", "X_side_m": 4.5, "Y_side_m": 3.1}}, {"type": "Feature", "geometry": {"type": "Point", "coordinates": [2.2543544617901734, 6.4150340276419655]}, "properties": {"edge_length_m": 28.6, "X": "Akossavié", "Y": "Adovié", "X_side_m": 5.7, "Y_side_m": 22.9}}, {"type": "Feature", "geometry": {"type": "Point", "coordinates": [2.2536954090252315, 6.4150664803454065]}, "properties": {"edge_length_m": 99.1, "X": "Akossavié", "Y": "Adovié", "X_side_m": 67.4, "Y_side_m": 31.7}}, {"type": "Feature", "geometry": {"type": "Point", "coordinates": [2.2534150785239446, 6.415100457034885]}, "properties": {"edge_length_m": 31.1, "X": "Akossavié", "Y": "Adovié", "X_side_m": 2.7, "Y_side_m": 28.5}}, {"type": "Feature", "geometry": {"type": "Point", "coordinates": [2.2440275026777723, 6.415798082005555]}, "properties": {"edge_length_m": 67.1, "X": "Akossavié", "Y": "Hounzévié\n", "X_side_m": 1.4, "Y_side_m": 65.6}}, {"type": "Feature", "geometry": {"type": "Point", "coordinates": [2.244020448068096, 6.415781396044231]}, "properties": {"edge_length_m": 16.8, "X": "Akossavié", "Y": "Hounzévié\n", "X_side_m": 1.3, "Y_side_m": 15.5}}]}