{"type": "FeatureCollection", "features": [{"type": "Feature", "geometry": {"type": "Point", "coordinates": [2.3427604, 6.3543286]}, "properties": {"poi_name": "Ceg Fiyégnon 2", "matched_quartier": "Fiyégnon-Houta", "status": "INVALID", "reason": "matched_name_not_in_propagation", "n_seeds": 0, "n_X_seeds": 0, "n_reassignable": 0, "target_color": "#666"}}, {"type": "Feature", "geometry": {"type": "Point", "coordinates": [2.3490631, 6.352011699999999]}, "properties": {"poi_name": "Marché Fiyégnon Gandonougon", "matched_quartier": "Fiyégnon-Houta", "status": "INVALID", "reason": "matched_name_not_in_propagation", "n_seeds": 0, "n_X_seeds": 0, "n_reassignable": 0, "target_color": "#666"}}, {"type": "Feature", "geometry": {"type": "Point", "coordinates": [2.4571031, 6.3798341999999995]}, "properties": {"poi_name": "KOWEGBO", "matched_quartier": "Kowégbo", "status": "INVALID", "reason": "no_connection_to_X_network", "n_seeds": 16, "n_X_seeds": 0, "n_reassignable": 0, "target_color": "#4ad651"}}, {"type": "Feature", "geometry": {"type": "Point", "coordinates": [2.3533692999999998, 6.3693814]}, "properties": {"poi_name": "Agla hlazounto", "matched_quartier": "Hlazounto", "status": "VALID", "reason": "reached_X_network", "n_seeds": 15, "n_X_seeds": 0, "n_reassignable": 22, "target_color": "#a73fcd"}}, {"type": "Feature", "geometry": {"type": "Point", "coordinates": [2.3572218, 6.3711557]}, "properties": {"poi_name": "Epp Agla Hlazounto", "matched_quartier": "Hlazounto", "status": "VALID", "reason": "reached_X_network", "n_seeds": 29, "n_X_seeds": 10, "n_reassignable": 19, "target_color": "#a73fcd"}}, {"type": "Feature", "geometry": {"type": "Point", "coordinates": [2.3566284, 6.3684845999999995]}, "properties": {"poi_name": "Eglise St Trinité d'Agla Hlazounto", "matched_quartier": "Hlazounto", "status": "VALID", "reason": "reached_X_network", "n_seeds": 16, "n_X_seeds": 2, "n_reassignable": 14, "target_color": "#a73fcd"}}, {"type": "Feature", "geometry": {"type": "Point", "coordinates": [2.3588907999999997, 6.3718758]}, "properties": {"poi_name": "Église Apostolique d'Agla Hlazounto", "matched_quartier": "Hlazounto", "status": "VALID", "reason": "reached_X_network", "n_seeds": 23, "n_X_seeds": 18, "n_reassignable": 5, "target_color": "#a73fcd"}}, {"type": "Feature", "geometry": {"type": "Point", "coordinates": [2.3558041, 6.3686117]}, "properties": {"poi_name": "Eglise catholique Agla hlazounto", "matched_quartier": "Hlazounto", "status": "VALID", "reason": "reached_X_network", "n_seeds": 17, "n_X_seeds": 0, "n_reassignable": 17, "target_color": "#a73fcd"}}, {"type": "Feature", "geometry": {"type": "Point", "coordinates": [2.3556341, 6.3705029]}, "properties": {"poi_name": "Mosquée d'Agla Hlazounto", "matched_quartier": "Hlazounto", "status": "VALID", "reason": "reached_X_network", "n_seeds": 28, "n_X_seeds": 0, "n_reassignable": 29, "target_color": "#a73fcd"}}, {"type": "Feature", "geometry": {"type": "Point", "coordinates": [2.3639873, 6.3840004]}, "properties": {"poi_name": "Cotonou Agla Hlazounto", "matched_quartier": "Hlazounto", "status": "INVALID", "reason": "no_connection_to_X_network", "n_seeds": 30, "n_X_seeds": 0, "n_reassignable": 0, "target_color": "#a73fcd"}}, {"type": "Feature", "geometry": {"type": "Point", "coordinates": [2.4165483, 6.3668527]}, "properties": {"poi_name": "Yevedo", "matched_quartier": "Yévèdo", "status": "VALID", "reason": "reached_X_network", "n_seeds": 4, "n_X_seeds": 0, "n_reassignable": 5, "target_color": "#84d43e"}}, {"type": "Feature", "geometry": {"type": "Point", "coordinates": [2.4277995, 6.3562425]}, "properties": {"poi_name": "Yévèdo", "matched_quartier": "Yévèdo", "status": "INVALID", "reason": "no_connection_to_X_network", "n_seeds": 69, "n_X_seeds": 0, "n_reassignable": 0, "target_color": "#84d43e"}}, {"type": "Feature", "geometry": {"type": "Point", "coordinates": [4.402521, 50.833860699999995]}, "properties": {"poi_name": "Brasserie Le Nouveau Pont", "matched_quartier": "Nouveau-Pont", "status": "INVALID", "reason": "no_road_within_150m", "n_seeds": 0, "n_X_seeds": 0, "n_reassignable": 0, "target_color": "#dcc353"}}, {"type": "Feature", "geometry": {"type": "Point", "coordinates": [3.0594319999999997, 50.637256300000004]}, "properties": {"poi_name": "Parking Lille Nouveau Siècle - EFFIA", "matched_quartier": "Nouveau-Pont", "status": "INVALID", "reason": "no_road_within_150m", "n_seeds": 0, "n_X_seeds": 0, "n_reassignable": 0, "target_color": "#dcc353"}}, {"type": "Feature", "geometry": {"type": "Point", "coordinates": [-1.553621, 47.218371]}, "properties": {"poi_name": "Nouveau Pont Anne de Bretagne", "matched_quartier": "Nouveau-Pont", "status": "INVALID", "reason": "no_road_within_150m", "n_seeds": 0, "n_X_seeds": 0, "n_reassignable": 0, "target_color": "#dcc353"}}, {"type": "Feature", "geometry": {"type": "Point", "coordinates": [6.7669857, 47.387631899999995]}, "properties": {"poi_name": "Un Nouveau Look", "matched_quartier": "Nouveau-Pont", "status": "INVALID", "reason": "no_road_within_150m", "n_seeds": 0, "n_X_seeds": 0, "n_reassignable": 0, "target_color": "#dcc353"}}, {"type": "Feature", "geometry": {"type": "Point", "coordinates": [2.4426873, 6.3720639]}, "properties": {"poi_name": "Pharmacie St Raphael du Nouveau Pont", "matched_quartier": "Nouveau-Pont", "status": "INVALID", "reason": "no_connection_to_X_network", "n_seeds": 15, "n_X_seeds": 0, "n_reassignable": 0, "target_color": "#dcc353"}}, {"type": "Feature", "geometry": {"type": "Point", "coordinates": [2.3575819, 48.8614263]}, "properties": {"poi_name": "Bar Nouveau", "matched_quartier": "Nouveau-Pont", "status": "INVALID", "reason": "no_road_within_150m", "n_seeds": 0, "n_X_seeds": 0, "n_reassignable": 0, "target_color": "#dcc353"}}, {"type": "Feature", "geometry": {"type": "Point", "coordinates": [-122.7537319, 45.5902962]}, "properties": {"poi_name": "Bar Nouveau", "matched_quartier": "Nouveau-Pont", "status": "INVALID", "reason": "no_road_within_150m", "n_seeds": 0, "n_X_seeds": 0, "n_reassignable": 0, "target_color": "#dcc353"}}, {"type": "Feature", "geometry": {"type": "Point", "coordinates": [2.4282743, 6.3833835]}, "properties": {"poi_name": "Hindé sud", "matched_quartier": "Hindé-Sud", "status": "INVALID", "reason": "no_connection_to_X_network", "n_seeds": 8, "n_X_seeds": 0, "n_reassignable": 0, "target_color": "#cb4954"}}, {"type": "Feature", "geometry": {"type": "Point", "coordinates": [2.4325995, 6.378002899999999]}, "properties": {"poi_name": "Commissariat Hinde", "matched_quartier": "Hindé-Sud", "status": "VALID", "reason": "reached_X_network", "n_seeds": 19, "n_X_seeds": 0, "n_reassignable": 16, "target_color": "#cb4954"}}, {"type": "Feature", "geometry": {"type": "Point", "coordinates": [2.4310981, 6.3767935]}, "properties": {"poi_name": "Public Primary School De Hindé 1", "matched_quartier": "Hindé-Sud", "status": "VALID", "reason": "reached_X_network", "n_seeds": 20, "n_X_seeds": 0, "n_reassignable": 24, "target_color": "#cb4954"}}, {"type": "Feature", "geometry": {"type": "Point", "coordinates": [2.4332344, 6.3773124999999995]}, "properties": {"poi_name": "EPEM HINDE Cotonou", "matched_quartier": "Hindé-Sud", "status": "VALID", "reason": "reached_X_network", "n_seeds": 16, "n_X_seeds": 2, "n_reassignable": 14, "target_color": "#cb4954"}}, {"type": "Feature", "geometry": {"type": "Point", "coordinates": [2.4127432, 6.376513]}, "properties": {"poi_name": "Marché Wologuèdè", "matched_quartier": "Minonkpô-Wologuèdè", "status": "VALID", "reason": "already_on_X_network", "n_seeds": 12, "n_X_seeds": 12, "n_reassignable": 0, "target_color": "#c9c03e"}}, {"type": "Feature", "geometry": {"type": "Point", "coordinates": [2.4143737, 6.3755308]}, "properties": {"poi_name": "Majestic Cinéma Wologuèdè", "matched_quartier": "Minonkpô-Wologuèdè", "status": "VALID", "reason": "already_on_X_network", "n_seeds": 9, "n_X_seeds": 9, "n_reassignable": 0, "target_color": "#c9c03e"}}, {"type": "Feature", "geometry": {"type": "Point", "coordinates": [2.4119737999999997, 6.3776405]}, "properties": {"poi_name": "La Poste Wologuede", "matched_quartier": "Minonkpô-Wologuèdè", "status": "VALID", "reason": "reached_X_network", "n_seeds": 7, "n_X_seeds": 3, "n_reassignable": 4, "target_color": "#c9c03e"}}, {"type": "Feature", "geometry": {"type": "Point", "coordinates": [2.4168718, 6.3773044]}, "properties": {"poi_name": "Mosquée minonkpo aladji guankpo", "matched_quartier": "Minonkpô-Wologuèdè", "status": "VALID", "reason": "reached_X_network", "n_seeds": 6, "n_X_seeds": 0, "n_reassignable": 6, "target_color": "#c9c03e"}}, {"type": "Feature", "geometry": {"type": "Point", "coordinates": [2.4785292, 6.3666062]}, "properties": {"poi_name": "Clinique Cooperative De Sante Minonkpo", "matched_quartier": "Minonkpô-Wologuèdè", "status": "INVALID", "reason": "no_connection_to_X_network", "n_seeds": 5, "n_X_seeds": 0, "n_reassignable": 0, "target_color": "#c9c03e"}}, {"type": "Feature", "geometry": {"type": "Point", "coordinates": [2.4132179, 6.3747091]}, "properties": {"poi_name": "ATT Wologuèdè Station", "matched_quartier": "Minonkpô-Wologuèdè", "status": "VALID", "reason": "already_on_X_network", "n_seeds": 8, "n_X_seeds": 8, "n_reassignable": 0, "target_color": "#c9c03e"}}, {"type": "Feature", "geometry": {"type": "Point", "coordinates": [2.4120223999999997, 6.376621999999999]}, "properties": {"poi_name": "SAN Market Wologuèdè", "matched_quartier": "Minonkpô-Wologuèdè", "status": "VALID", "reason": "reached_X_network", "n_seeds": 6, "n_X_seeds": 5, "n_reassignable": 1, "target_color": "#c9c03e"}}, {"type": "Feature", "geometry": {"type": "Point", "coordinates": [2.4137141, 6.377058099999999]}, "properties": {"poi_name": "Centre de Promotion Sociale (CPS) Wologuèdè", "matched_quartier": "Minonkpô-Wologuèdè", "status": "VALID", "reason": "already_on_X_network", "n_seeds": 8, "n_X_seeds": 8, "n_reassignable": 0, "target_color": "#c9c03e"}}, {"type": "Feature", "geometry": {"type": "Point", "coordinates": [2.4039216999999997, 6.35968]}, "properties": {"poi_name": "DEI (Ancien commissariat de Cadjèhoun)", "matched_quartier": "Cadjèhoun-Azalokogon", "status": "VALID", "reason": "reached_X_network", "n_seeds": 20, "n_X_seeds": 0, "n_reassignable": 26, "target_color": "#d951d0"}}, {"type": "Feature", "geometry": {"type": "Point", "coordinates": [2.3994705, 6.3562094]}, "properties": {"poi_name": "La poste de Cadjèhoun", "matched_quartier": "Cadjèhoun-Azalokogon", "status": "VALID", "reason": "reached_X_network", "n_seeds": 58, "n_X_seeds": 46, "n_reassignable": 12, "target_color": "#d951d0"}}, {"type": "Feature", "geometry": {"type": "Point", "coordinates": [2.398789, 6.3570649999999995]}, "properties": {"poi_name": "Paroisse Bon Pasteur de Cadjèhoun (Cotonou)", "matched_quartier": "Cadjèhoun-Azalokogon", "status": "VALID", "reason": "reached_X_network", "n_seeds": 58, "n_X_seeds": 50, "n_reassignable": 10, "target_color": "#d951d0"}}, {"type": "Feature", "geometry": {"type": "Point", "coordinates": [2.397833, 6.361747599999999]}, "properties": {"poi_name": "Cadjehoun Central Mosque", "matched_quartier": "Cadjèhoun-Azalokogon", "status": "VALID", "reason": "reached_X_network", "n_seeds": 16, "n_X_seeds": 5, "n_reassignable": 11, "target_color": "#d951d0"}}, {"type": "Feature", "geometry": {"type": "Point", "coordinates": [2.3989998, 6.3572771999999995]}, "properties": {"poi_name": "Health Center De Cadjèhoun", "matched_quartier": "Cadjèhoun-Azalokogon", "status": "VALID", "reason": "reached_X_network", "n_seeds": 57, "n_X_seeds": 53, "n_reassignable": 4, "target_color": "#d951d0"}}, {"type": "Feature", "geometry": {"type": "Point", "coordinates": [2.408521, 6.3569222]}, "properties": {"poi_name": "Cadjehoun", "matched_quartier": "Cadjèhoun-Azalokogon", "status": "VALID", "reason": "reached_X_network", "n_seeds": 16, "n_X_seeds": 0, "n_reassignable": 39, "target_color": "#d951d0"}}, {"type": "Feature", "geometry": {"type": "Point", "coordinates": [2.4070598999999997, 6.35426]}, "properties": {"poi_name": "Furnished apartment Cadjèhoun Cotonou", "matched_quartier": "Cadjèhoun-Azalokogon", "status": "VALID", "reason": "reached_X_network", "n_seeds": 31, "n_X_seeds": 0, "n_reassignable": 43, "target_color": "#d951d0"}}, {"type": "Feature", "geometry": {"type": "Point", "coordinates": [2.3957710999999997, 6.3611762999999995]}, "properties": {"poi_name": "The Majestic Cadjehoun", "matched_quartier": "Cadjèhoun-Azalokogon", "status": "VALID", "reason": "reached_X_network", "n_seeds": 12, "n_X_seeds": 0, "n_reassignable": 29, "target_color": "#d951d0"}}, {"type": "Feature", "geometry": {"type": "Point", "coordinates": [2.4070001, 6.3540000999999995]}, "properties": {"poi_name": "Furnished apartment Cadjèhoun Cotonou", "matched_quartier": "Cadjèhoun-Azalokogon", "status": "VALID", "reason": "reached_X_network", "n_seeds": 30, "n_X_seeds": 0, "n_reassignable": 42, "target_color": "#d951d0"}}, {"type": "Feature", "geometry": {"type": "Point", "coordinates": [2.3983179999999997, 6.362790599999999]}, "properties": {"poi_name": "Bank of Africa Agence Cadjehoun", "matched_quartier": "Cadjèhoun-Azalokogon", "status": "VALID", "reason": "reached_X_network", "n_seeds": 8, "n_X_seeds": 0, "n_reassignable": 8, "target_color": "#d951d0"}}, {"type": "Feature", "geometry": {"type": "Point", "coordinates": [2.3976596999999997, 6.3610475]}, "properties": {"poi_name": "Pharmacie Cadjehoun", "matched_quartier": "Cadjèhoun-Azalokogon", "status": "VALID", "reason": "reached_X_network", "n_seeds": 21, "n_X_seeds": 10, "n_reassignable": 11, "target_color": "#d951d0"}}, {"type": "Feature", "geometry": {"type": "Point", "coordinates": [2.3969083, 6.3601117]}, "properties": {"poi_name": "Nouveau Marché de Cadjehoun", "matched_quartier": "Cadjèhoun-Kpota", "status": "VALID", "reason": "reached_X_network", "n_seeds": 22, "n_X_seeds": 0, "n_reassignable": 44, "target_color": "#ddcf4f"}}, {"type": "Feature", "geometry": {"type": "Point", "coordinates": [2.3968480999999997, 6.360007599999999]}, "properties": {"poi_name": "Marché moderne Cadjehoun", "matched_quartier": "Cadjèhoun-Azalokogon", "status": "VALID", "reason": "reached_X_network", "n_seeds": 19, "n_X_seeds": 1, "n_reassignable": 18, "target_color": "#d951d0"}}, {"type": "Feature", "geometry": {"type": "Point", "coordinates": [2.3992192, 6.3581359]}, "properties": {"poi_name": "Méditerranéen Hôtel Cadjehoun", "matched_quartier": "Cadjèhoun-Kpota", "status": "VALID", "reason": "reached_X_network", "n_seeds": 35, "n_X_seeds": 0, "n_reassignable": 39, "target_color": "#ddcf4f"}}, {"type": "Feature", "geometry": {"type": "Point", "coordinates": [2.4531153999999997, 6.3566959]}, "properties": {"poi_name": "Commissariat d'arrondissement Akpakpa dodome", "matched_quartier": "Akpakpa-Dodomè", "status": "VALID", "reason": "reached_X_network", "n_seeds": 15, "n_X_seeds": 0, "n_reassignable": 24, "target_color": "#cd3bb3"}}, {"type": "Feature", "geometry": {"type": "Point", "coordinates": [2.4466741, 6.3690686]}, "properties": {"poi_name": "Recette d'Akpakpa-Centre (La Poste)", "matched_quartier": "Akpakpa-Dodomè", "status": "INVALID", "reason": "no_connection_to_X_network", "n_seeds": 58, "n_X_seeds": 0, "n_reassignable": 0, "target_color": "#cd3bb3"}}, {"type": "Feature", "geometry": {"type": "Point", "coordinates": [2.4502099999999998, 6.367773]}, "properties": {"poi_name": "Public Primary School Akpakpa Centre", "matched_quartier": "Akpakpa-Dodomè", "status": "INVALID", "reason": "no_connection_to_X_network", "n_seeds": 4, "n_X_seeds": 0, "n_reassignable": 0, "target_color": "#cd3bb3"}}, {"type": "Feature", "geometry": {"type": "Point", "coordinates": [2.4428758, 6.3677528]}, "properties": {"poi_name": "School Public Primary Akpakpa Market", "matched_quartier": "Akpakpa-Dodomè", "status": "INVALID", "reason": "no_connection_to_X_network", "n_seeds": 9, "n_X_seeds": 0, "n_reassignable": 0, "target_color": "#cd3bb3"}}, {"type": "Feature", "geometry": {"type": "Point", "coordinates": [2.4471331, 6.3690033999999995]}, "properties": {"poi_name": "Collège d'Enseignement Général Akpakpa-Centre", "matched_quartier": "Akpakpa-Dodomè", "status": "INVALID", "reason": "no_connection_to_X_network", "n_seeds": 52, "n_X_seeds": 0, "n_reassignable": 0, "target_color": "#cd3bb3"}}, {"type": "Feature", "geometry": {"type": "Point", "coordinates": [2.4904354, 6.3672509999999996]}, "properties": {"poi_name": "Ecole Superieure Sainte Felicite University ESSF Akpakpa Cotonou", "matched_quartier": "Akpakpa-Dodomè", "status": "INVALID", "reason": "no_connection_to_X_network", "n_seeds": 7, "n_X_seeds": 0, "n_reassignable": 0, "target_color": "#cd3bb3"}}, {"type": "Feature", "geometry": {"type": "Point", "coordinates": [2.4480455, 6.3581313]}, "properties": {"poi_name": "Église Catholique du Christ Roi d’Akpakpa Dodomè", "matched_quartier": "Akpakpa-Dodomè", "status": "VALID", "reason": "reached_X_network", "n_seeds": 41, "n_X_seeds": 37, "n_reassignable": 4, "target_color": "#cd3bb3"}}, {"type": "Feature", "geometry": {"type": "Point", "coordinates": [2.4500109, 6.3576032]}, "properties": {"poi_name": "Akpakpa Dodomey", "matched_quartier": "Akpakpa-Dodomè", "status": "VALID", "reason": "reached_X_network", "n_seeds": 26, "n_X_seeds": 3, "n_reassignable": 23, "target_color": "#cd3bb3"}}, {"type": "Feature", "geometry": {"type": "Point", "coordinates": [2.4629316, 6.379663]}, "properties": {"poi_name": "Paroisse Saint Martin d'akpakpa suru-lere", "matched_quartier": "Suru-Léré", "status": "VALID", "reason": "already_on_X_network", "n_seeds": 10, "n_X_seeds": 10, "n_reassignable": 0, "target_color": "#ca4c98"}}, {"type": "Feature", "geometry": {"type": "Point", "coordinates": [2.4459708, 6.3696060999999995]}, "properties": {"poi_name": "Eglise du Christianisme Celeste d'Akpakpa", "matched_quartier": "Akpakpa-Dodomè", "status": "INVALID", "reason": "no_connection_to_X_network", "n_seeds": 59, "n_X_seeds": 0, "n_reassignable": 0, "target_color": "#cd3bb3"}}, {"type": "Feature", "geometry": {"type": "Point", "coordinates": [2.4526729, 6.365529899999999]}, "properties": {"poi_name": "Clinique d'Akpakpa", "matched_quartier": "Akpakpa-Dodomè", "status": "VALID", "reason": "reached_X_network", "n_seeds": 34, "n_X_seeds": 0, "n_reassignable": 31, "target_color": "#cd3bb3"}}, {"type": "Feature", "geometry": {"type": "Point", "coordinates": [2.4489472, 6.376551999999999]}, "properties": {"poi_name": "Clinical Pediatrique D'akpakpa", "matched_quartier": "Akpakpa-Dodomè", "status": "INVALID", "reason": "no_connection_to_X_network", "n_seeds": 6, "n_X_seeds": 0, "n_reassignable": 0, "target_color": "#cd3bb3"}}, {"type": "Feature", "geometry": {"type": "Point", "coordinates": [2.4910229, 6.3682024]}, "properties": {"poi_name": "Clinique Akpakpa Le Belier", "matched_quartier": "Akpakpa-Dodomè", "status": "INVALID", "reason": "no_connection_to_X_network", "n_seeds": 7, "n_X_seeds": 0, "n_reassignable": 0, "target_color": "#cd3bb3"}}, {"type": "Feature", "geometry": {"type": "Point", "coordinates": [2.4542520999999997, 6.390166499999999]}, "properties": {"poi_name": "Centre De Santé De Gankpodo Akpakpa", "matched_quartier": "Gankpodo", "status": "VALID", "reason": "already_on_X_network", "n_seeds": 12, "n_X_seeds": 12, "n_reassignable": 0, "target_color": "#43d4ca"}}, {"type": "Feature", "geometry": {"type": "Point", "coordinates": [2.4550785, 6.3673829]}, "properties": {"poi_name": "Centre médico Gynécologique \"Santé Plus d'Akpakpa\"", "matched_quartier": "Akpakpa-Dodomè", "status": "INVALID", "reason": "no_connection_to_X_network", "n_seeds": 74, "n_X_seeds": 0, "n_reassignable": 0, "target_color": "#cd3bb3"}}, {"type": "Feature", "geometry": {"type": "Point", "coordinates": [2.4476256999999997, 6.382174200000001]}, "properties": {"poi_name": "Clinique Mahougnon d'Akpakpa", "matched_quartier": "Akpakpa-Dodomè", "status": "INVALID", "reason": "no_connection_to_X_network", "n_seeds": 13, "n_X_seeds": 0, "n_reassignable": 0, "target_color": "#cd3bb3"}}, {"type": "Feature", "geometry": {"type": "Point", "coordinates": [2.4559146999999997, 6.370966]}, "properties": {"poi_name": "Cabinet Neurological D'akpakpa", "matched_quartier": "Akpakpa-Dodomè", "status": "INVALID", "reason": "no_connection_to_X_network", "n_seeds": 12, "n_X_seeds": 0, "n_reassignable": 0, "target_color": "#cd3bb3"}}, {"type": "Feature", "geometry": {"type": "Point", "coordinates": [2.4558079999999998, 6.3827093]}, "properties": {"poi_name": "Q2 AKPAKPA", "matched_quartier": "Akpakpa-Dodomè", "status": "INVALID", "reason": "no_connection_to_X_network", "n_seeds": 12, "n_X_seeds": 0, "n_reassignable": 0, "target_color": "#cd3bb3"}}, {"type": "Feature", "geometry": {"type": "Point", "coordinates": [2.4584645, 6.3896296999999995]}, "properties": {"poi_name": "Akpakpa", "matched_quartier": "Akpakpa-Dodomè", "status": "INVALID", "reason": "no_connection_to_X_network", "n_seeds": 14, "n_X_seeds": 0, "n_reassignable": 0, "target_color": "#cd3bb3"}}, {"type": "Feature", "geometry": {"type": "Point", "coordinates": [2.4665672, 6.382374700000001]}, "properties": {"poi_name": "Bénin Taxi 041 AKPAKPA", "matched_quartier": "Akpakpa-Dodomè", "status": "INVALID", "reason": "no_connection_to_X_network", "n_seeds": 12, "n_X_seeds": 0, "n_reassignable": 0, "target_color": "#cd3bb3"}}, {"type": "Feature", "geometry": {"type": "Point", "coordinates": [2.4469263, 6.3718619]}, "properties": {"poi_name": "Carrefour Sacré Cœur Akpakpa", "matched_quartier": "Akpakpa-Dodomè", "status": "INVALID", "reason": "no_connection_to_X_network", "n_seeds": 21, "n_X_seeds": 0, "n_reassignable": 0, "target_color": "#cd3bb3"}}, {"type": "Feature", "geometry": {"type": "Point", "coordinates": [2.4697762, 6.3771227]}, "properties": {"poi_name": "Akpakpa Avotrou", "matched_quartier": "Avotrou-Gbègo", "status": "VALID", "reason": "already_on_X_network", "n_seeds": 6, "n_X_seeds": 6, "n_reassignable": 0, "target_color": "#dbdd4d"}}, {"type": "Feature", "geometry": {"type": "Point", "coordinates": [2.4597599, 6.3884101]}, "properties": {"poi_name": "Guest house AKPAKPA - One-Bedroom Apartment", "matched_quartier": "Akpakpa-Dodomè", "status": "INVALID", "reason": "no_connection_to_X_network", "n_seeds": 12, "n_X_seeds": 0, "n_reassignable": 0, "target_color": "#cd3bb3"}}, {"type": "Feature", "geometry": {"type": "Point", "coordinates": [2.4766342, 6.36839]}, "properties": {"poi_name": "Ecobank Akpakpa Dégakon", "matched_quartier": "Akpakpa-Dodomè", "status": "INVALID", "reason": "no_connection_to_X_network", "n_seeds": 16, "n_X_seeds": 0, "n_reassignable": 0, "target_color": "#cd3bb3"}}, {"type": "Feature", "geometry": {"type": "Point", "coordinates": [2.4446540999999997, 6.376428100000001]}, "properties": {"poi_name": "Akpakpa cotonou", "matched_quartier": "Akpakpa-Dodomè", "status": "INVALID", "reason": "no_connection_to_X_network", "n_seeds": 5, "n_X_seeds": 0, "n_reassignable": 0, "target_color": "#cd3bb3"}}, {"type": "Feature", "geometry": {"type": "Point", "coordinates": [2.4479134, 6.3700617]}, "properties": {"poi_name": "Centre de promotion sociale Akpakpa", "matched_quartier": "Akpakpa-Dodomè", "status": "INVALID", "reason": "no_connection_to_X_network", "n_seeds": 47, "n_X_seeds": 0, "n_reassignable": 0, "target_color": "#cd3bb3"}}, {"type": "Feature", "geometry": {"type": "Point", "coordinates": [2.4579955, 6.3696753]}, "properties": {"poi_name": "Akpakpa Sodjiatinmé", "matched_quartier": "Akpakpa-Dodomè", "status": "INVALID", "reason": "no_connection_to_X_network", "n_seeds": 7, "n_X_seeds": 0, "n_reassignable": 0, "target_color": "#cd3bb3"}}, {"type": "Feature", "geometry": {"type": "Point", "coordinates": [2.4444472999999998, 6.3712518]}, "properties": {"poi_name": "Chez Donne Mécano Akpakpa", "matched_quartier": "Akpakpa-Dodomè", "status": "INVALID", "reason": "no_connection_to_X_network", "n_seeds": 9, "n_X_seeds": 0, "n_reassignable": 0, "target_color": "#cd3bb3"}}, {"type": "Feature", "geometry": {"type": "Point", "coordinates": [2.4532493, 6.365677499999999]}, "properties": {"poi_name": "Orabank Akpakpa", "matched_quartier": "Akpakpa-Dodomè", "status": "INVALID", "reason": "no_connection_to_X_network", "n_seeds": 34, "n_X_seeds": 0, "n_reassignable": 0, "target_color": "#cd3bb3"}}, {"type": "Feature", "geometry": {"type": "Point", "coordinates": [2.4533595, 6.365705300000001]}, "properties": {"poi_name": "Ecobank Akpakpa", "matched_quartier": "Akpakpa-Dodomè", "status": "INVALID", "reason": "no_connection_to_X_network", "n_seeds": 38, "n_X_seeds": 0, "n_reassignable": 0, "target_color": "#cd3bb3"}}, {"type": "Feature", "geometry": {"type": "Point", "coordinates": [2.4530936999999997, 6.366259599999999]}, "properties": {"poi_name": "La GAB - Bureau Direct Akpakpa", "matched_quartier": "Akpakpa-Dodomè", "status": "INVALID", "reason": "no_connection_to_X_network", "n_seeds": 35, "n_X_seeds": 0, "n_reassignable": 0, "target_color": "#cd3bb3"}}, {"type": "Feature", "geometry": {"type": "Point", "coordinates": [2.4482233, 6.3629766]}, "properties": {"poi_name": "Elisée Coiffure Akpakpa", "matched_quartier": "Akpakpa-Dodomè", "status": "VALID", "reason": "reached_X_network", "n_seeds": 40, "n_X_seeds": 0, "n_reassignable": 42, "target_color": "#cd3bb3"}}, {"type": "Feature", "geometry": {"type": "Point", "coordinates": [2.4646638, 6.3676061]}, "properties": {"poi_name": "Erevan Super U Akpakpa", "matched_quartier": "Akpakpa-Dodomè", "status": "INVALID", "reason": "no_connection_to_X_network", "n_seeds": 118, "n_X_seeds": 0, "n_reassignable": 0, "target_color": "#cd3bb3"}}, {"type": "Feature", "geometry": {"type": "Point", "coordinates": [2.4477545, 6.371569399999999]}, "properties": {"poi_name": "BAR Terrasse Akpakpa", "matched_quartier": "Akpakpa-Dodomè", "status": "INVALID", "reason": "no_connection_to_X_network", "n_seeds": 23, "n_X_seeds": 0, "n_reassignable": 0, "target_color": "#cd3bb3"}}, {"type": "Feature", "geometry": {"type": "Point", "coordinates": [2.4539087, 6.3604565]}, "properties": {"poi_name": "Le kidou Restaurant Buffet Akpakpa", "matched_quartier": "Akpakpa-Dodomè", "status": "VALID", "reason": "reached_X_network", "n_seeds": 11, "n_X_seeds": 0, "n_reassignable": 20, "target_color": "#cd3bb3"}}, {"type": "Feature", "geometry": {"type": "Point", "coordinates": [2.4337504, 6.3715129]}, "properties": {"poi_name": "Akpakpa", "matched_quartier": "Akpakpa-Dodomè", "status": "INVALID", "reason": "no_connection_to_X_network", "n_seeds": 45, "n_X_seeds": 0, "n_reassignable": 0, "target_color": "#cd3bb3"}}, {"type": "Feature", "geometry": {"type": "Point", "coordinates": [2.44774, 6.359424799999999]}, "properties": {"poi_name": "Terrain wembley akpakpa dodomey", "matched_quartier": "Akpakpa-Dodomè", "status": "VALID", "reason": "reached_X_network", "n_seeds": 15, "n_X_seeds": 12, "n_reassignable": 3, "target_color": "#cd3bb3"}}, {"type": "Feature", "geometry": {"type": "Point", "coordinates": [2.4491147, 6.3664385999999995]}, "properties": {"poi_name": "Stadium René Pleven d'Akpakpa", "matched_quartier": "Akpakpa-Dodomè", "status": "INVALID", "reason": "no_connection_to_X_network", "n_seeds": 3, "n_X_seeds": 0, "n_reassignable": 0, "target_color": "#cd3bb3"}}, {"type": "Feature", "geometry": {"type": "Point", "coordinates": [2.3998778, 6.3609491]}, "properties": {"poi_name": "Cadjehoun-Kpota", "matched_quartier": "Cadjèhoun-Kpota", "status": "VALID", "reason": "reached_X_network", "n_seeds": 9, "n_X_seeds": 3, "n_reassignable": 6, "target_color": "#ddcf4f"}}, {"type": "Feature", "geometry": {"type": "Point", "coordinates": [2.4030212, 6.3599350999999995]}, "properties": {"poi_name": "Eglise du Christianisme Celeste Paroisse Cadjehoun", "matched_quartier": "Cadjèhoun-Kpota", "status": "VALID", "reason": "reached_X_network", "n_seeds": 13, "n_X_seeds": 0, "n_reassignable": 21, "target_color": "#ddcf4f"}}, {"type": "Feature", "geometry": {"type": "Point", "coordinates": [2.4020807, 6.3647165999999995]}, "properties": {"poi_name": "123 Baskets Cadjehoun", "matched_quartier": "Cadjèhoun-Kpota", "status": "VALID", "reason": "reached_X_network", "n_seeds": 6, "n_X_seeds": 5, "n_reassignable": 1, "target_color": "#ddcf4f"}}, {"type": "Feature", "geometry": {"type": "Point", "coordinates": [2.3841756999999997, 6.3536702]}, "properties": {"poi_name": "Cotonou Cadjehoun International Airport", "matched_quartier": "Cadjèhoun-Kpota", "status": "VALID", "reason": "reached_X_network", "n_seeds": 8, "n_X_seeds": 0, "n_reassignable": 27, "target_color": "#ddcf4f"}}, {"type": "Feature", "geometry": {"type": "Point", "coordinates": [2.3989697, 6.3590406]}, "properties": {"poi_name": "NSIA ASSURANCE CADJEHOUN", "matched_quartier": "Cadjèhoun-Kpota", "status": "VALID", "reason": "reached_X_network", "n_seeds": 21, "n_X_seeds": 0, "n_reassignable": 23, "target_color": "#ddcf4f"}}, {"type": "Feature", "geometry": {"type": "Point", "coordinates": [2.0584841, 7.1744829999999995]}, "properties": {"poi_name": "Maquis Cadjehoun (Sous les Manguuers)", "matched_quartier": "Cadjèhoun-Kpota", "status": "INVALID", "reason": "no_road_within_150m", "n_seeds": 0, "n_X_seeds": 0, "n_reassignable": 0, "target_color": "#ddcf4f"}}, {"type": "Feature", "geometry": {"type": "Point", "coordinates": [2.4707448999999997, 6.3722894]}, "properties": {"poi_name": "Ceg Yagbé", "matched_quartier": "Yagbé", "status": "VALID", "reason": "already_on_X_network", "n_seeds": 17, "n_X_seeds": 17, "n_reassignable": 0, "target_color": "#cc5745"}}, {"type": "Feature", "geometry": {"type": "Point", "coordinates": [2.3158339999999997, 9.30769]}, "properties": {"poi_name": "L'école Yagbe", "matched_quartier": "Yagbé", "status": "INVALID", "reason": "no_road_within_150m", "n_seeds": 0, "n_X_seeds": 0, "n_reassignable": 0, "target_color": "#cc5745"}}, {"type": "Feature", "geometry": {"type": "Point", "coordinates": [2.6239679, 6.4354061]}, "properties": {"poi_name": "Complex School De Yagbé A-B", "matched_quartier": "Yagbé", "status": "INVALID", "reason": "no_road_within_150m", "n_seeds": 0, "n_X_seeds": 0, "n_reassignable": 0, "target_color": "#cc5745"}}, {"type": "Feature", "geometry": {"type": "Point", "coordinates": [2.4658034, 6.374538299999999]}, "properties": {"poi_name": "ÉGLISE PROTESTANTE MÉTHODISTE YAGBÉ", "matched_quartier": "Yagbé", "status": "VALID", "reason": "reached_X_network", "n_seeds": 12, "n_X_seeds": 6, "n_reassignable": 6, "target_color": "#cc5745"}}, {"type": "Feature", "geometry": {"type": "Point", "coordinates": [2.4651746, 6.3713758]}, "properties": {"poi_name": "Hospital Emergency Yagbe", "matched_quartier": "Yagbé", "status": "VALID", "reason": "reached_X_network", "n_seeds": 16, "n_X_seeds": 0, "n_reassignable": 16, "target_color": "#cc5745"}}, {"type": "Feature", "geometry": {"type": "Point", "coordinates": [2.4658736, 6.3732221]}, "properties": {"poi_name": "Crossroads Yagbé", "matched_quartier": "Yagbé", "status": "VALID", "reason": "reached_X_network", "n_seeds": 24, "n_X_seeds": 20, "n_reassignable": 4, "target_color": "#cc5745"}}, {"type": "Feature", "geometry": {"type": "Point", "coordinates": [2.4363137999999998, 6.3627731999999995]}, "properties": {"poi_name": "Missebo market", "matched_quartier": "Missèbô", "status": "VALID", "reason": "already_on_X_network", "n_seeds": 5, "n_X_seeds": 5, "n_reassignable": 0, "target_color": "#db4378"}}, {"type": "Feature", "geometry": {"type": "Point", "coordinates": [2.4363137999999998, 6.3627731999999995]}, "properties": {"poi_name": "Missebo", "matched_quartier": "Missèbô", "status": "VALID", "reason": "already_on_X_network", "n_seeds": 5, "n_X_seeds": 5, "n_reassignable": 0, "target_color": "#db4378"}}, {"type": "Feature", "geometry": {"type": "Point", "coordinates": [2.4374423999999997, 6.3595603999999994]}, "properties": {"poi_name": "Missebo", "matched_quartier": "Missèbô", "status": "VALID", "reason": "reached_X_network", "n_seeds": 10, "n_X_seeds": 0, "n_reassignable": 15, "target_color": "#db4378"}}, {"type": "Feature", "geometry": {"type": "Point", "coordinates": [2.4362775, 6.362747199999999]}, "properties": {"poi_name": "Missebo", "matched_quartier": "Missèbô", "status": "VALID", "reason": "already_on_X_network", "n_seeds": 5, "n_X_seeds": 5, "n_reassignable": 0, "target_color": "#db4378"}}, {"type": "Feature", "geometry": {"type": "Point", "coordinates": [2.4379964, 6.359706]}, "properties": {"poi_name": "Centre de santé Missebo", "matched_quartier": "Missèbô", "status": "VALID", "reason": "reached_X_network", "n_seeds": 8, "n_X_seeds": 2, "n_reassignable": 6, "target_color": "#db4378"}}, {"type": "Feature", "geometry": {"type": "Point", "coordinates": [2.4362775, 6.3627471]}, "properties": {"poi_name": "Missèbô Grand marché de friperie", "matched_quartier": "Missèbô", "status": "VALID", "reason": "already_on_X_network", "n_seeds": 5, "n_X_seeds": 5, "n_reassignable": 0, "target_color": "#db4378"}}, {"type": "Feature", "geometry": {"type": "Point", "coordinates": [2.4339491, 6.366005299999999]}, "properties": {"poi_name": "Ecobank Missèbo", "matched_quartier": "Missèbô", "status": "VALID", "reason": "reached_X_network", "n_seeds": 5, "n_X_seeds": 2, "n_reassignable": 6, "target_color": "#db4378"}}, {"type": "Feature", "geometry": {"type": "Point", "coordinates": [2.4331267, 6.3630425]}, "properties": {"poi_name": "Carrefour Missebo", "matched_quartier": "Missèbô", "status": "VALID", "reason": "reached_X_network", "n_seeds": 13, "n_X_seeds": 0, "n_reassignable": 13, "target_color": "#db4378"}}, {"type": "Feature", "geometry": {"type": "Point", "coordinates": [2.4343801, 6.3650734]}, "properties": {"poi_name": "NSIA Banque Agence Missebo", "matched_quartier": "Missèbô", "status": "VALID", "reason": "reached_X_network", "n_seeds": 9, "n_X_seeds": 8, "n_reassignable": 1, "target_color": "#db4378"}}, {"type": "Feature", "geometry": {"type": "Point", "coordinates": [2.4362971, 6.363095400000001]}, "properties": {"poi_name": "BOA agence Missebo", "matched_quartier": "Missèbô", "status": "VALID", "reason": "already_on_X_network", "n_seeds": 5, "n_X_seeds": 5, "n_reassignable": 0, "target_color": "#db4378"}}, {"type": "Feature", "geometry": {"type": "Point", "coordinates": [2.4365839, 6.362656599999999]}, "properties": {"poi_name": "BSIC agence missebo", "matched_quartier": "Missèbô", "status": "VALID", "reason": "already_on_X_network", "n_seeds": 10, "n_X_seeds": 10, "n_reassignable": 0, "target_color": "#db4378"}}, {"type": "Feature", "geometry": {"type": "Point", "coordinates": [2.43365, 6.36343]}, "properties": {"poi_name": "APPART 3 CHAMBRES SALON MISSEBO-STEIMETZ - Three-Bedroom Apartment", "matched_quartier": "Missèbô", "status": "VALID", "reason": "reached_X_network", "n_seeds": 11, "n_X_seeds": 2, "n_reassignable": 9, "target_color": "#db4378"}}, {"type": "Feature", "geometry": {"type": "Point", "coordinates": [2.4322101, 6.367846]}, "properties": {"poi_name": "Missebo", "matched_quartier": "Missèbô", "status": "INVALID", "reason": "no_connection_to_X_network", "n_seeds": 10, "n_X_seeds": 0, "n_reassignable": 0, "target_color": "#db4378"}}, {"type": "Feature", "geometry": {"type": "Point", "coordinates": [2.3875308, 6.3768672]}, "properties": {"poi_name": "Eglise Catholique Jésus Eucharistie", "matched_quartier": "Ahogbohoué-Cité-Eucharistie", "status": "VALID", "reason": "reached_X_network", "n_seeds": 34, "n_X_seeds": 2, "n_reassignable": 29, "target_color": "#cd40e0"}}, {"type": "Feature", "geometry": {"type": "Point", "coordinates": [2.3653212, 6.3930128999999996]}, "properties": {"poi_name": "Menontin", "matched_quartier": "Mènontin", "status": "VALID", "reason": "reached_X_network", "n_seeds": 11, "n_X_seeds": 0, "n_reassignable": 11, "target_color": "#93d64b"}}, {"type": "Feature", "geometry": {"type": "Point", "coordinates": [2.3727256999999997, 6.3871500999999995]}, "properties": {"poi_name": "Epp Menontin", "matched_quartier": "Mènontin", "status": "VALID", "reason": "reached_X_network", "n_seeds": 27, "n_X_seeds": 3, "n_reassignable": 24, "target_color": "#93d64b"}}, {"type": "Feature", "geometry": {"type": "Point", "coordinates": [2.3720171, 6.388129999999999]}, "properties": {"poi_name": "Complexe Scolaire Universitaire \"Clé De La Réussite\" Menontin", "matched_quartier": "Mènontin", "status": "VALID", "reason": "already_on_X_network", "n_seeds": 10, "n_X_seeds": 10, "n_reassignable": 0, "target_color": "#93d64b"}}, {"type": "Feature", "geometry": {"type": "Point", "coordinates": [2.367636, 6.3917154]}, "properties": {"poi_name": "Eglise Catholique de Menontin Marie Auxiliatrice", "matched_quartier": "Mènontin", "status": "VALID", "reason": "already_on_X_network", "n_seeds": 29, "n_X_seeds": 29, "n_reassignable": 0, "target_color": "#93d64b"}}, {"type": "Feature", "geometry": {"type": "Point", "coordinates": [2.3709629999999997, 6.3903209]}, "properties": {"poi_name": "Clinique De Menontin", "matched_quartier": "Mènontin", "status": "VALID", "reason": "already_on_X_network", "n_seeds": 16, "n_X_seeds": 16, "n_reassignable": 0, "target_color": "#93d64b"}}, {"type": "Feature", "geometry": {"type": "Point", "coordinates": [2.3700986000000004, 6.3918098]}, "properties": {"poi_name": "Clinique le Bon Berger à Cotonou / Menontin au Bénin", "matched_quartier": "Mènontin", "status": "VALID", "reason": "already_on_X_network", "n_seeds": 27, "n_X_seeds": 27, "n_reassignable": 0, "target_color": "#93d64b"}}, {"type": "Feature", "geometry": {"type": "Point", "coordinates": [2.3640670999999998, 6.3885046999999995]}, "properties": {"poi_name": "Carrefour Menontin", "matched_quartier": "Mènontin", "status": "VALID", "reason": "reached_X_network", "n_seeds": 34, "n_X_seeds": 0, "n_reassignable": 35, "target_color": "#93d64b"}}, {"type": "Feature", "geometry": {"type": "Point", "coordinates": [2.364257, 6.3887432]}, "properties": {"poi_name": "Agence BOA MENONTIN", "matched_quartier": "Mènontin", "status": "VALID", "reason": "reached_X_network", "n_seeds": 38, "n_X_seeds": 0, "n_reassignable": 39, "target_color": "#93d64b"}}, {"type": "Feature", "geometry": {"type": "Point", "coordinates": [2.3722684, 6.390218099999999]}, "properties": {"poi_name": "Marché moderne de Menontin", "matched_quartier": "Mènontin", "status": "VALID", "reason": "already_on_X_network", "n_seeds": 26, "n_X_seeds": 26, "n_reassignable": 0, "target_color": "#93d64b"}}, {"type": "Feature", "geometry": {"type": "Point", "coordinates": [2.3685136, 6.3876765]}, "properties": {"poi_name": "Nouvelle pharmacie Menontin", "matched_quartier": "Mènontin", "status": "VALID", "reason": "reached_X_network", "n_seeds": 21, "n_X_seeds": 20, "n_reassignable": 1, "target_color": "#93d64b"}}, {"type": "Feature", "geometry": {"type": "Point", "coordinates": [2.3744815999999997, 6.387450599999999]}, "properties": {"poi_name": "supermarche mont sinai menontin", "matched_quartier": "Mènontin", "status": "VALID", "reason": "reached_X_network", "n_seeds": 20, "n_X_seeds": 3, "n_reassignable": 17, "target_color": "#93d64b"}}, {"type": "Feature", "geometry": {"type": "Point", "coordinates": [2.3744815999999997, 6.387450599999999]}, "properties": {"poi_name": "SURFACE D'ACHAT DE MENONTIN", "matched_quartier": "Mènontin", "status": "VALID", "reason": "reached_X_network", "n_seeds": 20, "n_X_seeds": 3, "n_reassignable": 17, "target_color": "#93d64b"}}, {"type": "Feature", "geometry": {"type": "Point", "coordinates": [2.3653484, 6.3930112]}, "properties": {"poi_name": "BOUTIQUE DE MENONTIN", "matched_quartier": "Mènontin", "status": "VALID", "reason": "reached_X_network", "n_seeds": 11, "n_X_seeds": 0, "n_reassignable": 11, "target_color": "#93d64b"}}, {"type": "Feature", "geometry": {"type": "Point", "coordinates": [2.3658476, 6.388302299999999]}, "properties": {"poi_name": "ELLE FASHION DE MENONTIN", "matched_quartier": "Mènontin", "status": "VALID", "reason": "reached_X_network", "n_seeds": 23, "n_X_seeds": 6, "n_reassignable": 17, "target_color": "#93d64b"}}, {"type": "Feature", "geometry": {"type": "Point", "coordinates": [2.3858038, 6.365332]}, "properties": {"poi_name": "Marché Saint Louïs de Missité", "matched_quartier": "Missité", "status": "VALID", "reason": "reached_X_network", "n_seeds": 24, "n_X_seeds": 0, "n_reassignable": 29, "target_color": "#d13e52"}}, {"type": "Feature", "geometry": {"type": "Point", "coordinates": [2.3685716, 6.3518099]}, "properties": {"poi_name": "Hospital Center University Psychiatrique Jacquot", "matched_quartier": "Fiyégnon-Jacquot", "status": "VALID", "reason": "already_on_X_network", "n_seeds": 9, "n_X_seeds": 9, "n_reassignable": 0, "target_color": "#dc3e9a"}}, {"type": "Feature", "geometry": {"type": "Point", "coordinates": [-1.3910775, 47.197881699999996]}, "properties": {"poi_name": "Garage Jacquot MY GARAGE", "matched_quartier": "Fiyégnon-Jacquot", "status": "INVALID", "reason": "no_road_within_150m", "n_seeds": 0, "n_X_seeds": 0, "n_reassignable": 0, "target_color": "#dc3e9a"}}, {"type": "Feature", "geometry": {"type": "Point", "coordinates": [6.5644276, 48.4445093]}, "properties": {"poi_name": "SARL JACQUOT AUTOMOBILES Peugeot", "matched_quartier": "Fiyégnon-Jacquot", "status": "INVALID", "reason": "no_road_within_150m", "n_seeds": 0, "n_X_seeds": 0, "n_reassignable": 0, "target_color": "#dc3e9a"}}, {"type": "Feature", "geometry": {"type": "Point", "coordinates": [2.4006448, 6.390643799999999]}, "properties": {"poi_name": "Commissariat de police de Fifadji", "matched_quartier": "Fifadji", "status": "VALID", "reason": "already_on_X_network", "n_seeds": 36, "n_X_seeds": 36, "n_reassignable": 0, "target_color": "#a24aca"}}, {"type": "Feature", "geometry": {"type": "Point", "coordinates": [2.4017298, 6.3974993]}, "properties": {"poi_name": "Fifadji", "matched_quartier": "Fifadji", "status": "VALID", "reason": "reached_X_network", "n_seeds": 6, "n_X_seeds": 4, "n_reassignable": 2, "target_color": "#a24aca"}}, {"type": "Feature", "geometry": {"type": "Point", "coordinates": [2.3965803000000006, 6.39206]}, "properties": {"poi_name": "Public Preschool De Fifadji", "matched_quartier": "Fifadji", "status": "VALID", "reason": "reached_X_network", "n_seeds": 19, "n_X_seeds": 5, "n_reassignable": 14, "target_color": "#a24aca"}}, {"type": "Feature", "geometry": {"type": "Point", "coordinates": [2.399308, 6.3924875]}, "properties": {"poi_name": "École Primaire Publique FIFADJI Annexe", "matched_quartier": "Fifadji", "status": "VALID", "reason": "reached_X_network", "n_seeds": 29, "n_X_seeds": 28, "n_reassignable": 1, "target_color": "#a24aca"}}, {"type": "Feature", "geometry": {"type": "Point", "coordinates": [2.4017009000000002, 6.3778482]}, "properties": {"poi_name": "Fifadji", "matched_quartier": "Fifadji", "status": "INVALID", "reason": "no_connection_to_X_network", "n_seeds": 9, "n_X_seeds": 0, "n_reassignable": 0, "target_color": "#a24aca"}}, {"type": "Feature", "geometry": {"type": "Point", "coordinates": [2.3986600000000005, 6.3884422]}, "properties": {"poi_name": "MISSION ÉVANGÉLIQUE DES BÉNIS DE L'ÉTERNEL (FIFADJI)", "matched_quartier": "Fifadji", "status": "VALID", "reason": "reached_X_network", "n_seeds": 9, "n_X_seeds": 6, "n_reassignable": 4, "target_color": "#a24aca"}}, {"type": "Feature", "geometry": {"type": "Point", "coordinates": [2.3924706, 6.3928880999999995]}, "properties": {"poi_name": "Cotonou, Fifadji", "matched_quartier": "Fifadji", "status": "VALID", "reason": "reached_X_network", "n_seeds": 19, "n_X_seeds": 0, "n_reassignable": 28, "target_color": "#a24aca"}}, {"type": "Feature", "geometry": {"type": "Point", "coordinates": [2.4032766999999997, 6.387810099999999]}, "properties": {"poi_name": "Pont de FIFADJI", "matched_quartier": "Fifadji", "status": "VALID", "reason": "reached_X_network", "n_seeds": 20, "n_X_seeds": 9, "n_reassignable": 7, "target_color": "#a24aca"}}, {"type": "Feature", "geometry": {"type": "Point", "coordinates": [2.3998778, 6.398172799999999]}, "properties": {"poi_name": "Fifadji", "matched_quartier": "Fifadji", "status": "VALID", "reason": "already_on_X_network", "n_seeds": 9, "n_X_seeds": 9, "n_reassignable": 0, "target_color": "#a24aca"}}, {"type": "Feature", "geometry": {"type": "Point", "coordinates": [2.3991184999999997, 6.3908181]}, "properties": {"poi_name": "MOGU Fifadji", "matched_quartier": "Fifadji", "status": "VALID", "reason": "reached_X_network", "n_seeds": 30, "n_X_seeds": 26, "n_reassignable": 4, "target_color": "#a24aca"}}, {"type": "Feature", "geometry": {"type": "Point", "coordinates": [2.4045365, 6.3861614]}, "properties": {"poi_name": "Nouvelle Pharmacie Fifadji", "matched_quartier": "Fifadji", "status": "VALID", "reason": "reached_X_network", "n_seeds": 8, "n_X_seeds": 0, "n_reassignable": 11, "target_color": "#a24aca"}}, {"type": "Feature", "geometry": {"type": "Point", "coordinates": [2.3989043, 6.3908366]}, "properties": {"poi_name": "Marché Fifadji", "matched_quartier": "Fifadji", "status": "VALID", "reason": "reached_X_network", "n_seeds": 30, "n_X_seeds": 27, "n_reassignable": 3, "target_color": "#a24aca"}}, {"type": "Feature", "geometry": {"type": "Point", "coordinates": [2.0007637, 7.1812432]}, "properties": {"poi_name": "FIFADJI'BAR \"GG\"", "matched_quartier": "Fifadji", "status": "INVALID", "reason": "no_road_within_150m", "n_seeds": 0, "n_X_seeds": 0, "n_reassignable": 0, "target_color": "#a24aca"}}, {"type": "Feature", "geometry": {"type": "Point", "coordinates": [2.3940432000000005, 6.3704776999999995]}, "properties": {"poi_name": "Commissariat de police vodjê-houéyiho", "matched_quartier": "Houéyihô", "status": "VALID", "reason": "reached_X_network", "n_seeds": 35, "n_X_seeds": 1, "n_reassignable": 46, "target_color": "#3edc5e"}}, {"type": "Feature", "geometry": {"type": "Point", "coordinates": [2.3881503, 6.3789476]}, "properties": {"poi_name": "Vodjè Finangnon", "matched_quartier": "Vodjè-Finagnon", "status": "INVALID", "reason": "no_connection_to_X_network", "n_seeds": 21, "n_X_seeds": 0, "n_reassignable": 0, "target_color": "#d2794a"}}, {"type": "Feature", "geometry": {"type": "Point", "coordinates": [2.4004951, 6.3749025]}, "properties": {"poi_name": "Finagnon", "matched_quartier": "Finagnon", "status": "INVALID", "reason": "no_connection_to_X_network", "n_seeds": 12, "n_X_seeds": 0, "n_reassignable": 0, "target_color": "#dd4f69"}}, {"type": "Feature", "geometry": {"type": "Point", "coordinates": [2.3991533, 6.3694818]}, "properties": {"poi_name": "Église baptiste de Vodje", "matched_quartier": "Vodjè-Finagnon", "status": "VALID", "reason": "reached_X_network", "n_seeds": 21, "n_X_seeds": 2, "n_reassignable": 19, "target_color": "#d2794a"}}, {"type": "Feature", "geometry": {"type": "Point", "coordinates": [2.4028866, 6.3689084]}, "properties": {"poi_name": "Mosquée VODJE", "matched_quartier": "Vodjè-Finagnon", "status": "VALID", "reason": "reached_X_network", "n_seeds": 25, "n_X_seeds": 0, "n_reassignable": 25, "target_color": "#d2794a"}}, {"type": "Feature", "geometry": {"type": "Point", "coordinates": [2.3990356, 6.3690329]}, "properties": {"poi_name": "Clinical De L'union Vodje Cotonou", "matched_quartier": "Vodjè-Centre", "status": "VALID", "reason": "reached_X_network", "n_seeds": 21, "n_X_seeds": 0, "n_reassignable": 30, "target_color": "#67cc42"}}, {"type": "Feature", "geometry": {"type": "Point", "coordinates": [2.4010568, 6.3766869999999995]}, "properties": {"poi_name": "NSIA Bank Finagnon", "matched_quartier": "Vodjè-Finagnon", "status": "VALID", "reason": "reached_X_network", "n_seeds": 26, "n_X_seeds": 0, "n_reassignable": 11, "target_color": "#d2794a"}}, {"type": "Feature", "geometry": {"type": "Point", "coordinates": [2.4004706, 6.3749081]}, "properties": {"poi_name": "Vodjè", "matched_quartier": "Vodjè-Centre", "status": "VALID", "reason": "reached_X_network", "n_seeds": 12, "n_X_seeds": 0, "n_reassignable": 30, "target_color": "#67cc42"}}, {"type": "Feature", "geometry": {"type": "Point", "coordinates": [2.402344, 6.3707389999999995]}, "properties": {"poi_name": "Apartment Cica located in Vodjè-Kpota 6 minutes from Cotonou airport", "matched_quartier": "Vodjè-Finagnon", "status": "VALID", "reason": "reached_X_network", "n_seeds": 11, "n_X_seeds": 7, "n_reassignable": 4, "target_color": "#d2794a"}}, {"type": "Feature", "geometry": {"type": "Point", "coordinates": [2.3986432, 6.3729171]}, "properties": {"poi_name": "Vodje", "matched_quartier": "Vodjè-Centre", "status": "INVALID", "reason": "no_connection_to_X_network", "n_seeds": 11, "n_X_seeds": 0, "n_reassignable": 0, "target_color": "#67cc42"}}, {"type": "Feature", "geometry": {"type": "Point", "coordinates": [2.4514777000000003, 6.3751006]}, "properties": {"poi_name": "Mosquée Lom-Nava", "matched_quartier": "Lom-Nava", "status": "VALID", "reason": "reached_X_network", "n_seeds": 7, "n_X_seeds": 1, "n_reassignable": 6, "target_color": "#da4949"}}, {"type": "Feature", "geometry": {"type": "Point", "coordinates": [2.4535627, 6.3770633]}, "properties": {"poi_name": "CARREFOUR LOM-NAVA", "matched_quartier": "Lom-Nava", "status": "VALID", "reason": "already_on_X_network", "n_seeds": 15, "n_X_seeds": 15, "n_reassignable": 0, "target_color": "#da4949"}}, {"type": "Feature", "geometry": {"type": "Point", "coordinates": [2.4511267, 6.3748216]}, "properties": {"poi_name": "Yango lom-nava", "matched_quartier": "Lom-Nava", "status": "VALID", "reason": "reached_X_network", "n_seeds": 6, "n_X_seeds": 0, "n_reassignable": 6, "target_color": "#da4949"}}, {"type": "Feature", "geometry": {"type": "Point", "coordinates": [1.2197509, 6.1550318]}, "properties": {"poi_name": "LOM-NAVA PRESSING", "matched_quartier": "Lom-Nava", "status": "INVALID", "reason": "no_road_within_150m", "n_seeds": 0, "n_X_seeds": 0, "n_reassignable": 0, "target_color": "#da4949"}}, {"type": "Feature", "geometry": {"type": "Point", "coordinates": [2.3881503, 6.3789476]}, "properties": {"poi_name": "Vedoko", "matched_quartier": "Védokô", "status": "VALID", "reason": "reached_X_network", "n_seeds": 21, "n_X_seeds": 13, "n_reassignable": 8, "target_color": "#3dd9d3"}}, {"type": "Feature", "geometry": {"type": "Point", "coordinates": [2.3887701, 6.382152199999999]}, "properties": {"poi_name": "Ceg Védoko", "matched_quartier": "Védokô", "status": "VALID", "reason": "reached_X_network", "n_seeds": 8, "n_X_seeds": 0, "n_reassignable": 11, "target_color": "#3dd9d3"}}, {"type": "Feature", "geometry": {"type": "Point", "coordinates": [2.3881503, 6.3789476]}, "properties": {"poi_name": "l'usine de traitement d'eau de vedoko située dans le 10ème arrondissement de la commune de Cotonou.", "matched_quartier": "Védokô", "status": "VALID", "reason": "reached_X_network", "n_seeds": 21, "n_X_seeds": 13, "n_reassignable": 8, "target_color": "#3dd9d3"}}, {"type": "Feature", "geometry": {"type": "Point", "coordinates": [2.3963243, 6.3799499]}, "properties": {"poi_name": "Public Primary School Vedoko 2 Guendehougon", "matched_quartier": "Védokô", "status": "INVALID", "reason": "no_connection_to_X_network", "n_seeds": 10, "n_X_seeds": 0, "n_reassignable": 0, "target_color": "#3dd9d3"}}, {"type": "Feature", "geometry": {"type": "Point", "coordinates": [2.3881503, 6.3789476]}, "properties": {"poi_name": "Védoko école de base", "matched_quartier": "Védokô", "status": "VALID", "reason": "reached_X_network", "n_seeds": 21, "n_X_seeds": 13, "n_reassignable": 8, "target_color": "#3dd9d3"}}, {"type": "Feature", "geometry": {"type": "Point", "coordinates": [2.3911719, 6.3761375]}, "properties": {"poi_name": "Védoko école de base", "matched_quartier": "Védokô", "status": "VALID", "reason": "reached_X_network", "n_seeds": 54, "n_X_seeds": 0, "n_reassignable": 68, "target_color": "#3dd9d3"}}, {"type": "Feature", "geometry": {"type": "Point", "coordinates": [2.3938816, 6.379168300000001]}, "properties": {"poi_name": "Mosquée Vêdokô, écoles des soude", "matched_quartier": "Védokô", "status": "INVALID", "reason": "no_connection_to_X_network", "n_seeds": 7, "n_X_seeds": 0, "n_reassignable": 0, "target_color": "#3dd9d3"}}, {"type": "Feature", "geometry": {"type": "Point", "coordinates": [2.3881503, 6.3789476]}, "properties": {"poi_name": "Larose Fête Vêdoko", "matched_quartier": "Védokô", "status": "VALID", "reason": "reached_X_network", "n_seeds": 21, "n_X_seeds": 13, "n_reassignable": 8, "target_color": "#3dd9d3"}}, {"type": "Feature", "geometry": {"type": "Point", "coordinates": [2.3919897999999997, 6.380007900000001]}, "properties": {"poi_name": "Église baptiste de Vêdoko", "matched_quartier": "Védokô", "status": "INVALID", "reason": "no_connection_to_X_network", "n_seeds": 52, "n_X_seeds": 0, "n_reassignable": 0, "target_color": "#3dd9d3"}}, {"type": "Feature", "geometry": {"type": "Point", "coordinates": [2.3982144, 6.3822646999999995]}, "properties": {"poi_name": "Étude Vèdoko", "matched_quartier": "Védokô", "status": "INVALID", "reason": "no_connection_to_X_network", "n_seeds": 17, "n_X_seeds": 0, "n_reassignable": 0, "target_color": "#3dd9d3"}}, {"type": "Feature", "geometry": {"type": "Point", "coordinates": [2.397, 6.3759999999999994]}, "properties": {"poi_name": "Queen beauty vedoko", "matched_quartier": "Védokô", "status": "INVALID", "reason": "no_connection_to_X_network", "n_seeds": 24, "n_X_seeds": 0, "n_reassignable": 0, "target_color": "#3dd9d3"}}, {"type": "Feature", "geometry": {"type": "Point", "coordinates": [2.3913203, 6.3820464999999995]}, "properties": {"poi_name": "Pharmacie Vêdoko", "matched_quartier": "Védokô", "status": "INVALID", "reason": "no_connection_to_X_network", "n_seeds": 59, "n_X_seeds": 0, "n_reassignable": 0, "target_color": "#3dd9d3"}}, {"type": "Feature", "geometry": {"type": "Point", "coordinates": [2.3897181, 6.378545600000001]}, "properties": {"poi_name": "Boutique Dah Sodjo Vèdoko", "matched_quartier": "Védokô", "status": "VALID", "reason": "reached_X_network", "n_seeds": 47, "n_X_seeds": 0, "n_reassignable": 46, "target_color": "#3dd9d3"}}, {"type": "Feature", "geometry": {"type": "Point", "coordinates": [2.3912362, 6.3702928]}, "properties": {"poi_name": "Marché vedoko", "matched_quartier": "Védokô", "status": "VALID", "reason": "reached_X_network", "n_seeds": 25, "n_X_seeds": 0, "n_reassignable": 35, "target_color": "#3dd9d3"}}, {"type": "Feature", "geometry": {"type": "Point", "coordinates": [2.3956474, 6.3770883]}, "properties": {"poi_name": "Restaurant le lapin vedoko", "matched_quartier": "Védokô", "status": "INVALID", "reason": "no_connection_to_X_network", "n_seeds": 28, "n_X_seeds": 0, "n_reassignable": 0, "target_color": "#3dd9d3"}}, {"type": "Feature", "geometry": {"type": "Point", "coordinates": [2.4533373, 6.3853582]}, "properties": {"poi_name": "Commisariat de police du 2ème arrondissement (Ex Kpondehou)", "matched_quartier": "Kpondéhou", "status": "VALID", "reason": "already_on_X_network", "n_seeds": 7, "n_X_seeds": 7, "n_reassignable": 0, "target_color": "#41c872"}}, {"type": "Feature", "geometry": {"type": "Point", "coordinates": [2.4560877999999997, 6.3839479]}, "properties": {"poi_name": "Kpondehou 1", "matched_quartier": "Kpondéhou", "status": "VALID", "reason": "reached_X_network", "n_seeds": 8, "n_X_seeds": 3, "n_reassignable": 6, "target_color": "#41c872"}}, {"type": "Feature", "geometry": {"type": "Point", "coordinates": [2.4561373, 6.383949599999999]}, "properties": {"poi_name": "Technical College And Professional De Kpondehou", "matched_quartier": "Kpondéhou", "status": "VALID", "reason": "reached_X_network", "n_seeds": 8, "n_X_seeds": 3, "n_reassignable": 6, "target_color": "#41c872"}}, {"type": "Feature", "geometry": {"type": "Point", "coordinates": [2.4510183999999997, 6.385583899999999]}, "properties": {"poi_name": "Public Primary School Kpondéhou", "matched_quartier": "Kpondéhou", "status": "VALID", "reason": "reached_X_network", "n_seeds": 6, "n_X_seeds": 4, "n_reassignable": 2, "target_color": "#41c872"}}, {"type": "Feature", "geometry": {"type": "Point", "coordinates": [2.4566171000000003, 6.382737100000001]}, "properties": {"poi_name": "Domaine universitaire de Kpondehou", "matched_quartier": "Kpondéhou", "status": "VALID", "reason": "reached_X_network", "n_seeds": 11, "n_X_seeds": 0, "n_reassignable": 13, "target_color": "#41c872"}}, {"type": "Feature", "geometry": {"type": "Point", "coordinates": [2.4528406, 6.3857992999999995]}, "properties": {"poi_name": "Église baptiste de Kpondehou", "matched_quartier": "Kpondéhou", "status": "VALID", "reason": "already_on_X_network", "n_seeds": 6, "n_X_seeds": 6, "n_reassignable": 0, "target_color": "#41c872"}}, {"type": "Feature", "geometry": {"type": "Point", "coordinates": [2.4574287999999997, 6.388895499999999]}, "properties": {"poi_name": "Medical Center De Kpondehou", "matched_quartier": "Kpondéhou", "status": "VALID", "reason": "reached_X_network", "n_seeds": 13, "n_X_seeds": 0, "n_reassignable": 15, "target_color": "#41c872"}}, {"type": "Feature", "geometry": {"type": "Point", "coordinates": [2.3912362, 6.3702928]}, "properties": {"poi_name": "Kpondehou", "matched_quartier": "Kpondéhou-Tchèmè", "status": "INVALID", "reason": "no_connection_to_X_network", "n_seeds": 25, "n_X_seeds": 0, "n_reassignable": 0, "target_color": "#48c78e"}}, {"type": "Feature", "geometry": {"type": "Point", "coordinates": [2.4566889, 6.3862859]}, "properties": {"poi_name": "Kpondehou store", "matched_quartier": "Kpondéhou", "status": "VALID", "reason": "reached_X_network", "n_seeds": 8, "n_X_seeds": 6, "n_reassignable": 2, "target_color": "#41c872"}}, {"type": "Feature", "geometry": {"type": "Point", "coordinates": [1.9638506999999998, 7.018348]}, "properties": {"poi_name": "Maquis Bar La Référence Kpondehou", "matched_quartier": "Kpondéhou", "status": "INVALID", "reason": "no_road_within_150m", "n_seeds": 0, "n_X_seeds": 0, "n_reassignable": 0, "target_color": "#41c872"}}, {"type": "Feature", "geometry": {"type": "Point", "coordinates": [2.4541361, 6.3826319]}, "properties": {"poi_name": "Terrain kpondehou", "matched_quartier": "Kpondéhou", "status": "VALID", "reason": "reached_X_network", "n_seeds": 9, "n_X_seeds": 0, "n_reassignable": 9, "target_color": "#41c872"}}, {"type": "Feature", "geometry": {"type": "Point", "coordinates": [2.4548517, 6.3906015]}, "properties": {"poi_name": "Minontchou", "matched_quartier": "Minontchou", "status": "VALID", "reason": "reached_X_network", "n_seeds": 19, "n_X_seeds": 0, "n_reassignable": 23, "target_color": "#d34580"}}, {"type": "Feature", "geometry": {"type": "Point", "coordinates": [2.4507496, 6.3919738]}, "properties": {"poi_name": "Paroisse St AUGUSTIN de MINONTCHOU", "matched_quartier": "Minontchou", "status": "VALID", "reason": "already_on_X_network", "n_seeds": 18, "n_X_seeds": 18, "n_reassignable": 0, "target_color": "#d34580"}}, {"type": "Feature", "geometry": {"type": "Point", "coordinates": [2.4548506, 6.3905426]}, "properties": {"poi_name": "Cotonou Akpakpa/Minontchou", "matched_quartier": "Minontchou", "status": "VALID", "reason": "reached_X_network", "n_seeds": 18, "n_X_seeds": 0, "n_reassignable": 22, "target_color": "#d34580"}}, {"type": "Feature", "geometry": {"type": "Point", "coordinates": [2.4521148, 6.3922754]}, "properties": {"poi_name": "Pharmacie Gratias Minontchou", "matched_quartier": "Minontchou", "status": "VALID", "reason": "reached_X_network", "n_seeds": 6, "n_X_seeds": 3, "n_reassignable": 3, "target_color": "#d34580"}}, {"type": "Feature", "geometry": {"type": "Point", "coordinates": [2.4387851, 6.358774599999999]}, "properties": {"poi_name": "Tokpa-Hoho", "matched_quartier": "Tokpa-Hoho", "status": "VALID", "reason": "reached_X_network", "n_seeds": 51, "n_X_seeds": 40, "n_reassignable": 11, "target_color": "#c93b5f"}}, {"type": "Feature", "geometry": {"type": "Point", "coordinates": [2.4347621, 6.3719445]}, "properties": {"poi_name": "Dantokpa Market", "matched_quartier": "Dantôkpa", "status": "VALID", "reason": "reached_X_network", "n_seeds": 28, "n_X_seeds": 26, "n_reassignable": 2, "target_color": "#43df62"}}, {"type": "Feature", "geometry": {"type": "Point", "coordinates": [2.4333147999999998, 6.3696407]}, "properties": {"poi_name": "Commissariat Spécial de Dantokpa", "matched_quartier": "Dantôkpa", "status": "VALID", "reason": "reached_X_network", "n_seeds": 38, "n_X_seeds": 19, "n_reassignable": 14, "target_color": "#43df62"}}, {"type": "Feature", "geometry": {"type": "Point", "coordinates": [2.0453392, 6.7033738]}, "properties": {"poi_name": "Health Center De Tokpa", "matched_quartier": "Tokpa", "status": "INVALID", "reason": "matched_name_not_in_propagation", "n_seeds": 0, "n_X_seeds": 0, "n_reassignable": 0, "target_color": "#666"}}, {"type": "Feature", "geometry": {"type": "Point", "coordinates": [2.0077316, 6.4677187]}, "properties": {"poi_name": "CSA Tokpa-Dome", "matched_quartier": "Tokpa-Hoho", "status": "INVALID", "reason": "no_road_within_150m", "n_seeds": 0, "n_X_seeds": 0, "n_reassignable": 0, "target_color": "#c93b5f"}}, {"type": "Feature", "geometry": {"type": "Point", "coordinates": [2.4329031, 6.369593399999999]}, "properties": {"poi_name": "Tokpa", "matched_quartier": "Tokpa-Hoho", "status": "INVALID", "reason": "no_connection_to_X_network", "n_seeds": 31, "n_X_seeds": 0, "n_reassignable": 0, "target_color": "#c93b5f"}}, {"type": "Feature", "geometry": {"type": "Point", "coordinates": [2.4339092, 6.3684901]}, "properties": {"poi_name": "Radio Tokpa Fm104.3", "matched_quartier": "Tokpa", "status": "INVALID", "reason": "matched_name_not_in_propagation", "n_seeds": 0, "n_X_seeds": 0, "n_reassignable": 0, "target_color": "#666"}}, {"type": "Feature", "geometry": {"type": "Point", "coordinates": [2.4303787999999997, 6.3694161]}, "properties": {"poi_name": "Pharmacie ESPLANADE DANTOKPA Ex 4 THÉRAPIES", "matched_quartier": "Dantôkpa", "status": "VALID", "reason": "reached_X_network", "n_seeds": 11, "n_X_seeds": 1, "n_reassignable": 8, "target_color": "#43df62"}}, {"type": "Feature", "geometry": {"type": "Point", "coordinates": [2.4335206, 6.3712525]}, "properties": {"poi_name": "Nouvelle Pharmacie Dantokpa", "matched_quartier": "Dantôkpa", "status": "VALID", "reason": "reached_X_network", "n_seeds": 52, "n_X_seeds": 49, "n_reassignable": 2, "target_color": "#43df62"}}, {"type": "Feature", "geometry": {"type": "Point", "coordinates": [2.4513761, 6.3586683]}, "properties": {"poi_name": "Supermarché Tokpa 2", "matched_quartier": "Tokpa", "status": "INVALID", "reason": "matched_name_not_in_propagation", "n_seeds": 0, "n_X_seeds": 0, "n_reassignable": 0, "target_color": "#666"}}, {"type": "Feature", "geometry": {"type": "Point", "coordinates": [2.4387981, 6.358758]}, "properties": {"poi_name": "Tokpa", "matched_quartier": "Tokpa-Hoho", "status": "VALID", "reason": "reached_X_network", "n_seeds": 51, "n_X_seeds": 40, "n_reassignable": 11, "target_color": "#c93b5f"}}, {"type": "Feature", "geometry": {"type": "Point", "coordinates": [2.4123265, 6.3624852]}, "properties": {"poi_name": "Allo Tokpa", "matched_quartier": "Tokpa-Hoho", "status": "INVALID", "reason": "no_connection_to_X_network", "n_seeds": 12, "n_X_seeds": 0, "n_reassignable": 0, "target_color": "#c93b5f"}}, {"type": "Feature", "geometry": {"type": "Point", "coordinates": [2.3912362, 6.3702928]}, "properties": {"poi_name": "Dantokpa", "matched_quartier": "Dantôkpa", "status": "INVALID", "reason": "no_connection_to_X_network", "n_seeds": 25, "n_X_seeds": 0, "n_reassignable": 0, "target_color": "#43df62"}}, {"type": "Feature", "geometry": {"type": "Point", "coordinates": [2.0032692, 6.4979757]}, "properties": {"poi_name": "Tokpa-Domè", "matched_quartier": "Tokpa-Hoho", "status": "INVALID", "reason": "no_road_within_150m", "n_seeds": 0, "n_X_seeds": 0, "n_reassignable": 0, "target_color": "#c93b5f"}}, {"type": "Feature", "geometry": {"type": "Point", "coordinates": [2.3544967999999997, 6.381177500000001]}, "properties": {"poi_name": "Clinique Sedami la consecration", "matched_quartier": "Sèdami", "status": "INVALID", "reason": "no_connection_to_X_network", "n_seeds": 22, "n_X_seeds": 0, "n_reassignable": 0, "target_color": "#4fd165"}}, {"type": "Feature", "geometry": {"type": "Point", "coordinates": [2.4202537, 6.3694938]}, "properties": {"poi_name": "Sedami", "matched_quartier": "Sèdami", "status": "VALID", "reason": "reached_X_network", "n_seeds": 13, "n_X_seeds": 2, "n_reassignable": 11, "target_color": "#4fd165"}}, {"type": "Feature", "geometry": {"type": "Point", "coordinates": [2.4409711, 6.3843356]}, "properties": {"poi_name": "SEDAMI COUNSELING", "matched_quartier": "Sèdami", "status": "INVALID", "reason": "no_connection_to_X_network", "n_seeds": 6, "n_X_seeds": 0, "n_reassignable": 0, "target_color": "#4fd165"}}, {"type": "Feature", "geometry": {"type": "Point", "coordinates": [2.3268496, 6.483403]}, "properties": {"poi_name": "Pharmacie Sedami", "matched_quartier": "Sèdami", "status": "INVALID", "reason": "no_connection_to_X_network", "n_seeds": 35, "n_X_seeds": 0, "n_reassignable": 0, "target_color": "#4fd165"}}, {"type": "Feature", "geometry": {"type": "Point", "coordinates": [-17.469704099999998, 14.705417899999999]}, "properties": {"poi_name": "Pharmacie Sedami", "matched_quartier": "Sèdami", "status": "INVALID", "reason": "no_road_within_150m", "n_seeds": 0, "n_X_seeds": 0, "n_reassignable": 0, "target_color": "#4fd165"}}, {"type": "Feature", "geometry": {"type": "Point", "coordinates": [2.3376397, 6.419742599999999]}, "properties": {"poi_name": "Sedami Ltd", "matched_quartier": "Sèdami", "status": "INVALID", "reason": "no_connection_to_X_network", "n_seeds": 20, "n_X_seeds": 0, "n_reassignable": 0, "target_color": "#4fd165"}}, {"type": "Feature", "geometry": {"type": "Point", "coordinates": [2.3199254, 6.455799]}, "properties": {"poi_name": "Gbedjromede", "matched_quartier": "Gbèdjromèdè", "status": "INVALID", "reason": "no_connection_to_X_network", "n_seeds": 57, "n_X_seeds": 0, "n_reassignable": 0, "target_color": "#4ed9d7"}}, {"type": "Feature", "geometry": {"type": "Point", "coordinates": [2.4196361, 6.3847841999999995]}, "properties": {"poi_name": "Gbedjromede 1", "matched_quartier": "Gbèdjromèdè", "status": "VALID", "reason": "reached_X_network", "n_seeds": 15, "n_X_seeds": 0, "n_reassignable": 15, "target_color": "#4ed9d7"}}, {"type": "Feature", "geometry": {"type": "Point", "coordinates": [2.4196361, 6.3847841999999995]}, "properties": {"poi_name": "Gbedjromede", "matched_quartier": "Gbèdjromèdè", "status": "VALID", "reason": "reached_X_network", "n_seeds": 15, "n_X_seeds": 0, "n_reassignable": 15, "target_color": "#4ed9d7"}}, {"type": "Feature", "geometry": {"type": "Point", "coordinates": [2.4169536, 6.383189499999999]}, "properties": {"poi_name": "Station Gbèdjromèdé", "matched_quartier": "Gbèdjromèdè", "status": "VALID", "reason": "reached_X_network", "n_seeds": 33, "n_X_seeds": 0, "n_reassignable": 34, "target_color": "#4ed9d7"}}, {"type": "Feature", "geometry": {"type": "Point", "coordinates": [2.4169096999999997, 6.383197]}, "properties": {"poi_name": "Pharmacie Gbedjromede", "matched_quartier": "Gbèdjromèdè", "status": "VALID", "reason": "reached_X_network", "n_seeds": 34, "n_X_seeds": 0, "n_reassignable": 36, "target_color": "#4ed9d7"}}, {"type": "Feature", "geometry": {"type": "Point", "coordinates": [2.4207297, 6.3789795]}, "properties": {"poi_name": "Pharmacie Mahuton Gbedjromede", "matched_quartier": "Gbèdjromèdè", "status": "VALID", "reason": "reached_X_network", "n_seeds": 80, "n_X_seeds": 77, "n_reassignable": 3, "target_color": "#4ed9d7"}}, {"type": "Feature", "geometry": {"type": "Point", "coordinates": [2.4207899999999998, 6.378984300000001]}, "properties": {"poi_name": "Bar Restaurant Jessymonie Gbedjromèdé", "matched_quartier": "Gbèdjromèdè-Nord", "status": "VALID", "reason": "reached_X_network", "n_seeds": 80, "n_X_seeds": 0, "n_reassignable": 81, "target_color": "#ce4bab"}}, {"type": "Feature", "geometry": {"type": "Point", "coordinates": [2.4548517, 6.3693314]}, "properties": {"poi_name": "Sodjatinme-Centre", "matched_quartier": "Sodjatinmè-Centre", "status": "VALID", "reason": "reached_X_network", "n_seeds": 32, "n_X_seeds": 30, "n_reassignable": 2, "target_color": "#4ed5a8"}}, {"type": "Feature", "geometry": {"type": "Point", "coordinates": [12.9175031, 43.913191499999996]}, "properties": {"poi_name": "Bar Figaro", "matched_quartier": "Agla-Figaro", "status": "INVALID", "reason": "matched_name_not_in_propagation", "n_seeds": 0, "n_X_seeds": 0, "n_reassignable": 0, "target_color": "#666"}}, {"type": "Feature", "geometry": {"type": "Point", "coordinates": [2.3406944999999997, 6.3741921999999995]}, "properties": {"poi_name": "PHARMACIE GODOMEY FIGNONHOU", "matched_quartier": "Fignonhou", "status": "INVALID", "reason": "matched_name_not_in_propagation", "n_seeds": 0, "n_X_seeds": 0, "n_reassignable": 0, "target_color": "#666"}}, {"type": "Feature", "geometry": {"type": "Point", "coordinates": [0.1576532, 43.0553266]}, "properties": {"poi_name": "Centre Laurent Fignon", "matched_quartier": "Fignon-Sikê", "status": "INVALID", "reason": "no_road_within_150m", "n_seeds": 0, "n_X_seeds": 0, "n_reassignable": 0, "target_color": "#de4cd6"}}, {"type": "Feature", "geometry": {"type": "Point", "coordinates": [2.4054021, 6.3684395]}, "properties": {"poi_name": "Ecole primaire Vodje Sud", "matched_quartier": "Vodjè-Centre", "status": "VALID", "reason": "reached_X_network", "n_seeds": 3, "n_X_seeds": 0, "n_reassignable": 6, "target_color": "#67cc42"}}, {"type": "Feature", "geometry": {"type": "Point", "coordinates": [2.4028991, 6.3683122]}, "properties": {"poi_name": "Les Anges De Vodje", "matched_quartier": "Vodjè-Centre", "status": "VALID", "reason": "reached_X_network", "n_seeds": 25, "n_X_seeds": 21, "n_reassignable": 4, "target_color": "#67cc42"}}, {"type": "Feature", "geometry": {"type": "Point", "coordinates": [2.4006754999999997, 6.3703598]}, "properties": {"poi_name": "Vodje Penterre Noir", "matched_quartier": "Vodjè-Centre", "status": "VALID", "reason": "reached_X_network", "n_seeds": 20, "n_X_seeds": 3, "n_reassignable": 17, "target_color": "#67cc42"}}, {"type": "Feature", "geometry": {"type": "Point", "coordinates": [2.3912362, 6.3702928]}, "properties": {"poi_name": "EPUB Vodjè", "matched_quartier": "Vodjè-Centre", "status": "INVALID", "reason": "no_connection_to_X_network", "n_seeds": 25, "n_X_seeds": 0, "n_reassignable": 0, "target_color": "#67cc42"}}, {"type": "Feature", "geometry": {"type": "Point", "coordinates": [2.3912362, 6.3702928]}, "properties": {"poi_name": "Dorcas Vodje", "matched_quartier": "Vodjè-Centre", "status": "INVALID", "reason": "no_connection_to_X_network", "n_seeds": 25, "n_X_seeds": 0, "n_reassignable": 0, "target_color": "#67cc42"}}, {"type": "Feature", "geometry": {"type": "Point", "coordinates": [2.4043788000000004, 6.367212299999999]}, "properties": {"poi_name": "CARREFOUR VODJÈ RAIL", "matched_quartier": "Vodjè-Centre", "status": "VALID", "reason": "reached_X_network", "n_seeds": 22, "n_X_seeds": 2, "n_reassignable": 20, "target_color": "#67cc42"}}, {"type": "Feature", "geometry": {"type": "Point", "coordinates": [2.4023471, 6.3689123]}, "properties": {"poi_name": "Vodje", "matched_quartier": "Vodjè-Centre", "status": "VALID", "reason": "reached_X_network", "n_seeds": 30, "n_X_seeds": 29, "n_reassignable": 1, "target_color": "#67cc42"}}, {"type": "Feature", "geometry": {"type": "Point", "coordinates": [2.3995007999999998, 6.3701494]}, "properties": {"poi_name": "Garage Arche de Noe Vodjè", "matched_quartier": "Vodjè-Centre", "status": "VALID", "reason": "reached_X_network", "n_seeds": 13, "n_X_seeds": 0, "n_reassignable": 22, "target_color": "#67cc42"}}, {"type": "Feature", "geometry": {"type": "Point", "coordinates": [2.4409712999999997, 6.3541336]}, "properties": {"poi_name": "Mairie de xwlacodji-Cotonou-BENIN", "matched_quartier": "Xwlacôdji-Kpodji", "status": "VALID", "reason": "reached_X_network", "n_seeds": 34, "n_X_seeds": 2, "n_reassignable": 32, "target_color": "#41d477"}}, {"type": "Feature", "geometry": {"type": "Point", "coordinates": [2.2236403, 6.6588886]}, "properties": {"poi_name": "Kpodji les Monts", "matched_quartier": "Kpodji-Les-Monts", "status": "INVALID", "reason": "no_road_within_150m", "n_seeds": 0, "n_X_seeds": 0, "n_reassignable": 0, "target_color": "#d83eb2"}}, {"type": "Feature", "geometry": {"type": "Point", "coordinates": [2.3454498000000004, 6.3719079]}, "properties": {"poi_name": "Eglise ADC Gbodjètin", "matched_quartier": "Gbodjètin", "status": "INVALID", "reason": "matched_name_not_in_propagation", "n_seeds": 0, "n_X_seeds": 0, "n_reassignable": 0, "target_color": "#666"}}, {"type": "Feature", "geometry": {"type": "Point", "coordinates": [2.4112814, 6.3777105999999995]}, "properties": {"poi_name": "Office De Poste Sainte Rita", "matched_quartier": "Houénoussou-Sainte-Rita", "status": "VALID", "reason": "reached_X_network", "n_seeds": 5, "n_X_seeds": 0, "n_reassignable": 15, "target_color": "#ca4c82"}}, {"type": "Feature", "geometry": {"type": "Point", "coordinates": [30.1290542, -1.9448082000000002]}, "properties": {"poi_name": "Sainte RITA School", "matched_quartier": "Houénoussou-Sainte-Rita", "status": "INVALID", "reason": "no_road_within_150m", "n_seeds": 0, "n_X_seeds": 0, "n_reassignable": 0, "target_color": "#ca4c82"}}, {"type": "Feature", "geometry": {"type": "Point", "coordinates": [2.405767, 6.3843008]}, "properties": {"poi_name": "Ste Rita houénoussou", "matched_quartier": "Houénoussou-Sainte-Rita", "status": "VALID", "reason": "reached_X_network", "n_seeds": 13, "n_X_seeds": 0, "n_reassignable": 14, "target_color": "#ca4c82"}}, {"type": "Feature", "geometry": {"type": "Point", "coordinates": [-4.0119752, 5.4387796999999996]}, "properties": {"poi_name": "Groupe Scolaire Sainte Rita", "matched_quartier": "Houénoussou-Sainte-Rita", "status": "INVALID", "reason": "no_road_within_150m", "n_seeds": 0, "n_X_seeds": 0, "n_reassignable": 0, "target_color": "#ca4c82"}}, {"type": "Feature", "geometry": {"type": "Point", "coordinates": [2.4150044999999998, 6.3771615]}, "properties": {"poi_name": "C.E.G Sainte-Rita", "matched_quartier": "Houénoussou-Sainte-Rita", "status": "INVALID", "reason": "no_connection_to_X_network", "n_seeds": 4, "n_X_seeds": 0, "n_reassignable": 0, "target_color": "#ca4c82"}}, {"type": "Feature", "geometry": {"type": "Point", "coordinates": [-3.5969317000000003, 5.2771897999999995]}, "properties": {"poi_name": "College Sainte Rita", "matched_quartier": "Houénoussou-Sainte-Rita", "status": "INVALID", "reason": "no_road_within_150m", "n_seeds": 0, "n_X_seeds": 0, "n_reassignable": 0, "target_color": "#ca4c82"}}, {"type": "Feature", "geometry": {"type": "Point", "coordinates": [30.098099, -1.9540928000000002]}, "properties": {"poi_name": "Centre Sainte Rita", "matched_quartier": "Houénoussou-Sainte-Rita", "status": "INVALID", "reason": "no_road_within_150m", "n_seeds": 0, "n_X_seeds": 0, "n_reassignable": 0, "target_color": "#ca4c82"}}, {"type": "Feature", "geometry": {"type": "Point", "coordinates": [2.4016322999999997, 6.3815637]}, "properties": {"poi_name": "Église Catholique Sainte Rita", "matched_quartier": "Houénoussou-Sainte-Rita", "status": "VALID", "reason": "reached_X_network", "n_seeds": 14, "n_X_seeds": 0, "n_reassignable": 18, "target_color": "#ca4c82"}}, {"type": "Feature", "geometry": {"type": "Point", "coordinates": [2.3881503, 6.3789476]}, "properties": {"poi_name": "Paroisse sainte rita", "matched_quartier": "Houénoussou-Sainte-Rita", "status": "INVALID", "reason": "no_connection_to_X_network", "n_seeds": 21, "n_X_seeds": 0, "n_reassignable": 0, "target_color": "#ca4c82"}}, {"type": "Feature", "geometry": {"type": "Point", "coordinates": [2.4040757, 6.372969299999999]}, "properties": {"poi_name": "Houenoussou Centre de santé", "matched_quartier": "Houénoussou", "status": "INVALID", "reason": "no_connection_to_X_network", "n_seeds": 6, "n_X_seeds": 0, "n_reassignable": 0, "target_color": "#dfb041"}}, {"type": "Feature", "geometry": {"type": "Point", "coordinates": [2.3649329, 6.3520749]}, "properties": {"poi_name": "Houenoussou", "matched_quartier": "Houénoussou", "status": "INVALID", "reason": "no_connection_to_X_network", "n_seeds": 16, "n_X_seeds": 0, "n_reassignable": 0, "target_color": "#dfb041"}}, {"type": "Feature", "geometry": {"type": "Point", "coordinates": [2.3543205, 6.3802696]}, "properties": {"poi_name": "Houenoussou", "matched_quartier": "Houénoussou", "status": "INVALID", "reason": "no_connection_to_X_network", "n_seeds": 22, "n_X_seeds": 0, "n_reassignable": 0, "target_color": "#dfb041"}}, {"type": "Feature", "geometry": {"type": "Point", "coordinates": [2.4080985999999998, 6.3820191]}, "properties": {"poi_name": "Pharmacie Sainte Rita", "matched_quartier": "Houénoussou-Sainte-Rita", "status": "VALID", "reason": "reached_X_network", "n_seeds": 7, "n_X_seeds": 1, "n_reassignable": 3, "target_color": "#ca4c82"}}, {"type": "Feature", "geometry": {"type": "Point", "coordinates": [-4.0965003, 5.3274326]}, "properties": {"poi_name": "Pharmacie Sainte Rita", "matched_quartier": "Houénoussou-Sainte-Rita", "status": "INVALID", "reason": "no_road_within_150m", "n_seeds": 0, "n_X_seeds": 0, "n_reassignable": 0, "target_color": "#ca4c82"}}, {"type": "Feature", "geometry": {"type": "Point", "coordinates": [2.2087592, 6.3856497]}, "properties": {"poi_name": "Pharmacie SAINTE TRINITE de Pahou", "matched_quartier": "Houénoussou-Sainte-Rita", "status": "INVALID", "reason": "no_connection_to_X_network", "n_seeds": 34, "n_X_seeds": 0, "n_reassignable": 0, "target_color": "#ca4c82"}}, {"type": "Feature", "geometry": {"type": "Point", "coordinates": [2.4036217, 6.3686988]}, "properties": {"poi_name": "PHARMACIE SAINTE FOI", "matched_quartier": "Houénoussou-Sainte-Rita", "status": "INVALID", "reason": "no_connection_to_X_network", "n_seeds": 23, "n_X_seeds": 0, "n_reassignable": 0, "target_color": "#ca4c82"}}, {"type": "Feature", "geometry": {"type": "Point", "coordinates": [2.3656011, 6.357343900000001]}, "properties": {"poi_name": "Nouveau marche HOUENOUSSOU", "matched_quartier": "Houénoussou", "status": "INVALID", "reason": "no_connection_to_X_network", "n_seeds": 31, "n_X_seeds": 0, "n_reassignable": 0, "target_color": "#dfb041"}}, {"type": "Feature", "geometry": {"type": "Point", "coordinates": [2.3852705, 6.3828771]}, "properties": {"poi_name": "Epp Sêtovi A", "matched_quartier": "Sètôvi", "status": "VALID", "reason": "reached_X_network", "n_seeds": 24, "n_X_seeds": 12, "n_reassignable": 12, "target_color": "#da4a4f"}}, {"type": "Feature", "geometry": {"type": "Point", "coordinates": [2.4529508, 6.3864581000000005]}, "properties": {"poi_name": "Kpondehou", "matched_quartier": "Kpondéhou", "status": "VALID", "reason": "already_on_X_network", "n_seeds": 7, "n_X_seeds": 7, "n_reassignable": 0, "target_color": "#41c872"}}, {"type": "Feature", "geometry": {"type": "Point", "coordinates": [2.4560877999999997, 6.3812891]}, "properties": {"poi_name": "Kpondehou 2", "matched_quartier": "Kpondéhou", "status": "VALID", "reason": "reached_X_network", "n_seeds": 18, "n_X_seeds": 0, "n_reassignable": 7, "target_color": "#41c872"}}, {"type": "Feature", "geometry": {"type": "Point", "coordinates": [2.4561373, 6.383949599999999]}, "properties": {"poi_name": "Kpondehou phamarcy", "matched_quartier": "Kpondéhou", "status": "VALID", "reason": "reached_X_network", "n_seeds": 8, "n_X_seeds": 3, "n_reassignable": 6, "target_color": "#41c872"}}, {"type": "Feature", "geometry": {"type": "Point", "coordinates": [2.404219, 6.3642239]}, "properties": {"poi_name": "Cadjèhoun", "matched_quartier": "Cadjèhoun-Détinsa", "status": "VALID", "reason": "reached_X_network", "n_seeds": 5, "n_X_seeds": 2, "n_reassignable": 3, "target_color": "#c7b04a"}}, {"type": "Feature", "geometry": {"type": "Point", "coordinates": [2.4048165999999997, 6.3928308]}, "properties": {"poi_name": "Vossa-Kpodji", "matched_quartier": "Vossa-Kpodji", "status": "VALID", "reason": "reached_X_network", "n_seeds": 6, "n_X_seeds": 0, "n_reassignable": 27, "target_color": "#d53da7"}}, {"type": "Feature", "geometry": {"type": "Point", "coordinates": [2.406161, 6.396242699999999]}, "properties": {"poi_name": "Complex School De Vossa Kpodji", "matched_quartier": "Vossa-Kpodji", "status": "VALID", "reason": "already_on_X_network", "n_seeds": 27, "n_X_seeds": 27, "n_reassignable": 0, "target_color": "#d53da7"}}, {"type": "Feature", "geometry": {"type": "Point", "coordinates": [2.4080386, 6.3936468]}, "properties": {"poi_name": "Église Catholique Saint Joseph de Vossa", "matched_quartier": "Vossa-Kpodji", "status": "VALID", "reason": "reached_X_network", "n_seeds": 18, "n_X_seeds": 6, "n_reassignable": 12, "target_color": "#d53da7"}}, {"type": "Feature", "geometry": {"type": "Point", "coordinates": [2.4052351, 6.3969222]}, "properties": {"poi_name": "ECC Paroisse Sainte Trinité Vossa Centre", "matched_quartier": "Vossa-Kpodji", "status": "VALID", "reason": "already_on_X_network", "n_seeds": 25, "n_X_seeds": 25, "n_reassignable": 0, "target_color": "#d53da7"}}, {"type": "Feature", "geometry": {"type": "Point", "coordinates": [2.4153132, 6.389457800000001]}, "properties": {"poi_name": "Mosquée Centrale de Vossa", "matched_quartier": "Vossa-Kpodji", "status": "VALID", "reason": "reached_X_network", "n_seeds": 8, "n_X_seeds": 0, "n_reassignable": 19, "target_color": "#d53da7"}}, {"type": "Feature", "geometry": {"type": "Point", "coordinates": [2.3566048, 8.4942175]}, "properties": {"poi_name": "Centre de Santé de Vossa", "matched_quartier": "Vossa", "status": "INVALID", "reason": "no_road_within_150m", "n_seeds": 0, "n_X_seeds": 0, "n_reassignable": 0, "target_color": "#55d54e"}}, {"type": "Feature", "geometry": {"type": "Point", "coordinates": [2.4048165999999997, 6.3928308]}, "properties": {"poi_name": "Vossa-Kpodji", "matched_quartier": "Vossa-Kpodji", "status": "VALID", "reason": "reached_X_network", "n_seeds": 6, "n_X_seeds": 0, "n_reassignable": 27, "target_color": "#d53da7"}}, {"type": "Feature", "geometry": {"type": "Point", "coordinates": [2.3491983, 8.4944433]}, "properties": {"poi_name": "Marché de Vossa", "matched_quartier": "Vossa", "status": "INVALID", "reason": "no_road_within_150m", "n_seeds": 0, "n_X_seeds": 0, "n_reassignable": 0, "target_color": "#55d54e"}}, {"type": "Feature", "geometry": {"type": "Point", "coordinates": [2.4054339, 6.3735503]}, "properties": {"poi_name": "Ayidote", "matched_quartier": "Vodjè-Ayidoté", "status": "VALID", "reason": "reached_X_network", "n_seeds": 9, "n_X_seeds": 5, "n_reassignable": 4, "target_color": "#9fdb46"}}, {"type": "Feature", "geometry": {"type": "Point", "coordinates": [2.4712829999999997, 6.3756075]}, "properties": {"poi_name": "Arrondissement avotrou", "matched_quartier": "Avotrou-Gbègo", "status": "VALID", "reason": "reached_X_network", "n_seeds": 7, "n_X_seeds": 5, "n_reassignable": 2, "target_color": "#dbdd4d"}}, {"type": "Feature", "geometry": {"type": "Point", "coordinates": [2.4732562, 6.3767124]}, "properties": {"poi_name": "Marché Avotrou", "matched_quartier": "Avotrou-Gbègo", "status": "VALID", "reason": "reached_X_network", "n_seeds": 14, "n_X_seeds": 0, "n_reassignable": 14, "target_color": "#dbdd4d"}}, {"type": "Feature", "geometry": {"type": "Point", "coordinates": [2.4721267, 6.3769198]}, "properties": {"poi_name": "Avotrou", "matched_quartier": "Avotrou-Gbègo", "status": "VALID", "reason": "reached_X_network", "n_seeds": 14, "n_X_seeds": 4, "n_reassignable": 10, "target_color": "#dbdd4d"}}, {"type": "Feature", "geometry": {"type": "Point", "coordinates": [2.4764887, 6.381856699999999]}, "properties": {"poi_name": "Avotrou", "matched_quartier": "Avotrou-Gbègo", "status": "VALID", "reason": "reached_X_network", "n_seeds": 15, "n_X_seeds": 0, "n_reassignable": 25, "target_color": "#dbdd4d"}}, {"type": "Feature", "geometry": {"type": "Point", "coordinates": [2.4706684, 6.3782327]}, "properties": {"poi_name": "Bureau Poste Avotrou", "matched_quartier": "Avotrou-Gbègo", "status": "VALID", "reason": "reached_X_network", "n_seeds": 7, "n_X_seeds": 5, "n_reassignable": 2, "target_color": "#dbdd4d"}}, {"type": "Feature", "geometry": {"type": "Point", "coordinates": [2.4732609, 6.3778052]}, "properties": {"poi_name": "Public Nursery School Avotrou", "matched_quartier": "Avotrou-Gbègo", "status": "VALID", "reason": "reached_X_network", "n_seeds": 15, "n_X_seeds": 0, "n_reassignable": 16, "target_color": "#dbdd4d"}}, {"type": "Feature", "geometry": {"type": "Point", "coordinates": [2.4713901, 6.3779569]}, "properties": {"poi_name": "Avotrou ecole", "matched_quartier": "Avotrou-Gbègo", "status": "VALID", "reason": "reached_X_network", "n_seeds": 13, "n_X_seeds": 5, "n_reassignable": 8, "target_color": "#dbdd4d"}}, {"type": "Feature", "geometry": {"type": "Point", "coordinates": [2.4717968000000003, 6.377241799999999]}, "properties": {"poi_name": "Epp Avotrou", "matched_quartier": "Avotrou-Gbègo", "status": "VALID", "reason": "reached_X_network", "n_seeds": 13, "n_X_seeds": 5, "n_reassignable": 8, "target_color": "#dbdd4d"}}, {"type": "Feature", "geometry": {"type": "Point", "coordinates": [2.4755777, 6.3771764]}, "properties": {"poi_name": "Paroisse catholique Sainte Trinité d’Avotrou", "matched_quartier": "Avotrou-Gbègo", "status": "VALID", "reason": "reached_X_network", "n_seeds": 10, "n_X_seeds": 0, "n_reassignable": 13, "target_color": "#dbdd4d"}}, {"type": "Feature", "geometry": {"type": "Point", "coordinates": [2.4616191, 6.3750799]}, "properties": {"poi_name": "Paroisse d'Avotrou", "matched_quartier": "Avotrou-Gbègo", "status": "VALID", "reason": "reached_X_network", "n_seeds": 12, "n_X_seeds": 0, "n_reassignable": 4, "target_color": "#dbdd4d"}}, {"type": "Feature", "geometry": {"type": "Point", "coordinates": [2.4764892000000005, 6.382037599999999]}, "properties": {"poi_name": "Hopital de Zone de Avotrou", "matched_quartier": "Avotrou-Gbègo", "status": "VALID", "reason": "reached_X_network", "n_seeds": 18, "n_X_seeds": 0, "n_reassignable": 28, "target_color": "#dbdd4d"}}, {"type": "Feature", "geometry": {"type": "Point", "coordinates": [2.4724792, 6.3865779]}, "properties": {"poi_name": "Centre De Sante D'arrondissement D'Avotrou", "matched_quartier": "Avotrou-Gbègo", "status": "INVALID", "reason": "no_connection_to_X_network", "n_seeds": 14, "n_X_seeds": 0, "n_reassignable": 0, "target_color": "#dbdd4d"}}, {"type": "Feature", "geometry": {"type": "Point", "coordinates": [2.4764894, 6.3817967]}, "properties": {"poi_name": "Avotrou", "matched_quartier": "Avotrou-Gbègo", "status": "VALID", "reason": "reached_X_network", "n_seeds": 15, "n_X_seeds": 0, "n_reassignable": 25, "target_color": "#dbdd4d"}}, {"type": "Feature", "geometry": {"type": "Point", "coordinates": [2.4721693, 6.3769332]}, "properties": {"poi_name": "Carrefour Avotrou", "matched_quartier": "Avotrou-Gbègo", "status": "VALID", "reason": "reached_X_network", "n_seeds": 15, "n_X_seeds": 4, "n_reassignable": 11, "target_color": "#dbdd4d"}}, {"type": "Feature", "geometry": {"type": "Point", "coordinates": [2.4768149, 6.3770568999999995]}, "properties": {"poi_name": "CyberPLUS à Avotrou, Cotonou", "matched_quartier": "Avotrou-Gbègo", "status": "VALID", "reason": "reached_X_network", "n_seeds": 13, "n_X_seeds": 0, "n_reassignable": 18, "target_color": "#dbdd4d"}}, {"type": "Feature", "geometry": {"type": "Point", "coordinates": [2.4752551, 6.3770889]}, "properties": {"poi_name": "Pharmacie Avotrou", "matched_quartier": "Avotrou-Gbègo", "status": "VALID", "reason": "reached_X_network", "n_seeds": 13, "n_X_seeds": 0, "n_reassignable": 16, "target_color": "#dbdd4d"}}, {"type": "Feature", "geometry": {"type": "Point", "coordinates": [2.4557902, 6.3912214999999994]}, "properties": {"poi_name": "Ecole Primaire Publique Gankpodo", "matched_quartier": "Gankpodo", "status": "VALID", "reason": "reached_X_network", "n_seeds": 17, "n_X_seeds": 16, "n_reassignable": 2, "target_color": "#43d4ca"}}, {"type": "Feature", "geometry": {"type": "Point", "coordinates": [2.4566817, 6.389927699999999]}, "properties": {"poi_name": "Epp Gankpodo", "matched_quartier": "Gankpodo", "status": "VALID", "reason": "reached_X_network", "n_seeds": 17, "n_X_seeds": 9, "n_reassignable": 8, "target_color": "#43d4ca"}}, {"type": "Feature", "geometry": {"type": "Point", "coordinates": [2.4568581000000003, 6.390337199999999]}, "properties": {"poi_name": "JJC GANKPODO", "matched_quartier": "Gankpodo", "status": "VALID", "reason": "reached_X_network", "n_seeds": 20, "n_X_seeds": 11, "n_reassignable": 9, "target_color": "#43d4ca"}}, {"type": "Feature", "geometry": {"type": "Point", "coordinates": [2.4581367, 6.3888748]}, "properties": {"poi_name": "Église du Christianisme céleste Paroisse St Samuel Yenawa GANKPODO Centre", "matched_quartier": "Gankpodo", "status": "VALID", "reason": "reached_X_network", "n_seeds": 11, "n_X_seeds": 0, "n_reassignable": 13, "target_color": "#43d4ca"}}, {"type": "Feature", "geometry": {"type": "Point", "coordinates": [2.4564355000000004, 6.3889735]}, "properties": {"poi_name": "ECC Paroisse Jesu Degbe Gankpodo Akpakpa", "matched_quartier": "Gankpodo", "status": "VALID", "reason": "reached_X_network", "n_seeds": 10, "n_X_seeds": 0, "n_reassignable": 10, "target_color": "#43d4ca"}}, {"type": "Feature", "geometry": {"type": "Point", "coordinates": [2.3912362, 6.3702928]}, "properties": {"poi_name": "Health Center De Gankpodo", "matched_quartier": "Gankpodo", "status": "INVALID", "reason": "no_connection_to_X_network", "n_seeds": 25, "n_X_seeds": 0, "n_reassignable": 0, "target_color": "#43d4ca"}}, {"type": "Feature", "geometry": {"type": "Point", "coordinates": [2.4597964, 6.3892484]}, "properties": {"poi_name": "Gankpodo", "matched_quartier": "Gankpodo", "status": "VALID", "reason": "reached_X_network", "n_seeds": 15, "n_X_seeds": 0, "n_reassignable": 19, "target_color": "#43d4ca"}}, {"type": "Feature", "geometry": {"type": "Point", "coordinates": [2.4597960000000003, 6.389247999999999]}, "properties": {"poi_name": "Pressing LA PAIX ( Gankpodo)", "matched_quartier": "Gankpodo", "status": "VALID", "reason": "reached_X_network", "n_seeds": 15, "n_X_seeds": 0, "n_reassignable": 19, "target_color": "#43d4ca"}}, {"type": "Feature", "geometry": {"type": "Point", "coordinates": [2.458344, 6.3905126]}, "properties": {"poi_name": "MTN Gankpodo", "matched_quartier": "Gankpodo", "status": "VALID", "reason": "reached_X_network", "n_seeds": 15, "n_X_seeds": 5, "n_reassignable": 10, "target_color": "#43d4ca"}}, {"type": "Feature", "geometry": {"type": "Point", "coordinates": [2.0738377, 6.3569334]}, "properties": {"poi_name": "Public Primary School Gbenan-Zomaï", "matched_quartier": "Gbènan", "status": "INVALID", "reason": "no_road_within_150m", "n_seeds": 0, "n_X_seeds": 0, "n_reassignable": 0, "target_color": "#b042c8"}}, {"type": "Feature", "geometry": {"type": "Point", "coordinates": [2.4227241, 6.3641657]}, "properties": {"poi_name": "Gbedomidji", "matched_quartier": "Gbèdomidji", "status": "VALID", "reason": "reached_X_network", "n_seeds": 10, "n_X_seeds": 3, "n_reassignable": 7, "target_color": "#4dd041"}}, {"type": "Feature", "geometry": {"type": "Point", "coordinates": [2.1363021000000004, 6.5259038]}, "properties": {"poi_name": "Commissariat Police Adjaha", "matched_quartier": "Adjaha-Cité", "status": "INVALID", "reason": "no_road_within_150m", "n_seeds": 0, "n_X_seeds": 0, "n_reassignable": 0, "target_color": "#4bc695"}}, {"type": "Feature", "geometry": {"type": "Point", "coordinates": [2.3727069, 6.3626713]}, "properties": {"poi_name": "Marché Adjaha", "matched_quartier": "Adjaha-Cité", "status": "VALID", "reason": "already_on_X_network", "n_seeds": 18, "n_X_seeds": 18, "n_reassignable": 0, "target_color": "#4bc695"}}, {"type": "Feature", "geometry": {"type": "Point", "coordinates": [1.8360376, 6.324452]}, "properties": {"poi_name": "Epp Adjaha", "matched_quartier": "Adjaha-Cité", "status": "INVALID", "reason": "no_road_within_150m", "n_seeds": 0, "n_X_seeds": 0, "n_reassignable": 0, "target_color": "#4bc695"}}, {"type": "Feature", "geometry": {"type": "Point", "coordinates": [1.8357176000000002, 6.326723599999999]}, "properties": {"poi_name": "Marché d'Adjaha", "matched_quartier": "Adjaha-Cité", "status": "INVALID", "reason": "no_road_within_150m", "n_seeds": 0, "n_X_seeds": 0, "n_reassignable": 0, "target_color": "#4bc695"}}, {"type": "Feature", "geometry": {"type": "Point", "coordinates": [2.3760831, 6.359821999999999]}, "properties": {"poi_name": "Commissariat Fidjrosse", "matched_quartier": "Fidjrossè-Kpota", "status": "VALID", "reason": "reached_X_network", "n_seeds": 25, "n_X_seeds": 0, "n_reassignable": 72, "target_color": "#53ce4b"}}, {"type": "Feature", "geometry": {"type": "Point", "coordinates": [2.3677886999999997, 6.3610961999999995]}, "properties": {"poi_name": "Fidjrosse Kpota", "matched_quartier": "Fidjrossè-Kpota", "status": "VALID", "reason": "reached_X_network", "n_seeds": 8, "n_X_seeds": 0, "n_reassignable": 12, "target_color": "#53ce4b"}}, {"type": "Feature", "geometry": {"type": "Point", "coordinates": [2.3721562, 6.357872599999999]}, "properties": {"poi_name": "Fidjrossè", "matched_quartier": "Fidjrossè-Kpota", "status": "VALID", "reason": "reached_X_network", "n_seeds": 32, "n_X_seeds": 0, "n_reassignable": 46, "target_color": "#53ce4b"}}, {"type": "Feature", "geometry": {"type": "Point", "coordinates": [2.3775504, 6.3582997]}, "properties": {"poi_name": "Public Primary School, Fidjrossè", "matched_quartier": "Fidjrossè-Kpota", "status": "VALID", "reason": "reached_X_network", "n_seeds": 14, "n_X_seeds": 0, "n_reassignable": 35, "target_color": "#53ce4b"}}, {"type": "Feature", "geometry": {"type": "Point", "coordinates": [2.3742495, 6.3574489]}, "properties": {"poi_name": "Public Primary School De Fidjrossè", "matched_quartier": "Fidjrossè-Kpota", "status": "VALID", "reason": "reached_X_network", "n_seeds": 10, "n_X_seeds": 0, "n_reassignable": 31, "target_color": "#53ce4b"}}, {"type": "Feature", "geometry": {"type": "Point", "coordinates": [2.369426, 6.363203700000001]}, "properties": {"poi_name": "DojoLand Fidjrosse", "matched_quartier": "Fidjrossè-Kpota", "status": "VALID", "reason": "reached_X_network", "n_seeds": 14, "n_X_seeds": 0, "n_reassignable": 22, "target_color": "#53ce4b"}}, {"type": "Feature", "geometry": {"type": "Point", "coordinates": [2.3733481, 6.355897700000001]}, "properties": {"poi_name": "Le Relais Saint Christophe | Centre de Formation Informatique à Fidjrossè", "matched_quartier": "Fidjrossè-Kpota", "status": "VALID", "reason": "reached_X_network", "n_seeds": 18, "n_X_seeds": 0, "n_reassignable": 35, "target_color": "#53ce4b"}}, {"type": "Feature", "geometry": {"type": "Point", "coordinates": [2.3721322000000002, 6.3577954]}, "properties": {"poi_name": "VILLA PROVIDI AKOGBATO FIDJROSSE ECOLE MAEVA", "matched_quartier": "Fidjrossè-Kpota", "status": "VALID", "reason": "reached_X_network", "n_seeds": 31, "n_X_seeds": 0, "n_reassignable": 45, "target_color": "#53ce4b"}}, {"type": "Feature", "geometry": {"type": "Point", "coordinates": [2.3662801, 6.3547001]}, "properties": {"poi_name": "Belle appartement à fidjrosse plage école manoel talon - Two-Bedroom Apartment", "matched_quartier": "Fidjrossè-Kpota", "status": "VALID", "reason": "reached_X_network", "n_seeds": 7, "n_X_seeds": 0, "n_reassignable": 18, "target_color": "#53ce4b"}}, {"type": "Feature", "geometry": {"type": "Point", "coordinates": [2.37216, 6.3578700999999995]}, "properties": {"poi_name": "Disponible a fidjrosse belle villa meublée avec jardin et piscine a fidjrosse plage 5mn de l'école Manoel talon - One-Bedroom Villa", "matched_quartier": "Fidjrossè-Kpota", "status": "VALID", "reason": "reached_X_network", "n_seeds": 32, "n_X_seeds": 0, "n_reassignable": 46, "target_color": "#53ce4b"}}, {"type": "Feature", "geometry": {"type": "Point", "coordinates": [2.3638912, 6.3605599999999995]}, "properties": {"poi_name": "Mission évangélique des affranchis, église locale de fidjrosse kpota (MEA)", "matched_quartier": "Fidjrossè-Kpota", "status": "VALID", "reason": "reached_X_network", "n_seeds": 14, "n_X_seeds": 10, "n_reassignable": 4, "target_color": "#53ce4b"}}, {"type": "Feature", "geometry": {"type": "Point", "coordinates": [2.3789675, 6.3576738]}, "properties": {"poi_name": "Église Baptiste de Fidjrossè", "matched_quartier": "Fidjrossè-Kpota", "status": "VALID", "reason": "reached_X_network", "n_seeds": 18, "n_X_seeds": 0, "n_reassignable": 31, "target_color": "#53ce4b"}}, {"type": "Feature", "geometry": {"type": "Point", "coordinates": [2.3660429, 6.3631721]}, "properties": {"poi_name": "EEAD SION de Fidjrossè", "matched_quartier": "Fidjrossè-Kpota", "status": "VALID", "reason": "reached_X_network", "n_seeds": 19, "n_X_seeds": 0, "n_reassignable": 19, "target_color": "#53ce4b"}}, {"type": "Feature", "geometry": {"type": "Point", "coordinates": [2.3999326000000005, 6.344782899999999]}, "properties": {"poi_name": "Family Beach - Fidjrossè", "matched_quartier": "Fidjrossè-Kpota", "status": "INVALID", "reason": "no_connection_to_X_network", "n_seeds": 4, "n_X_seeds": 0, "n_reassignable": 0, "target_color": "#53ce4b"}}, {"type": "Feature", "geometry": {"type": "Point", "coordinates": [2.3721322000000002, 6.3577954]}, "properties": {"poi_name": "Icc de fidjrossè", "matched_quartier": "Fidjrossè-Kpota", "status": "VALID", "reason": "reached_X_network", "n_seeds": 31, "n_X_seeds": 0, "n_reassignable": 45, "target_color": "#53ce4b"}}, {"type": "Feature", "geometry": {"type": "Point", "coordinates": [2.3726083, 6.3622578]}, "properties": {"poi_name": "Action Chapel Internation Fidjrosse", "matched_quartier": "Fidjrossè-Kpota", "status": "VALID", "reason": "reached_X_network", "n_seeds": 23, "n_X_seeds": 0, "n_reassignable": 38, "target_color": "#53ce4b"}}, {"type": "Feature", "geometry": {"type": "Point", "coordinates": [2.3720428, 6.3576334]}, "properties": {"poi_name": "CLINIQUE FIDJROSSE", "matched_quartier": "Fidjrossè-Kpota", "status": "VALID", "reason": "reached_X_network", "n_seeds": 31, "n_X_seeds": 0, "n_reassignable": 44, "target_color": "#53ce4b"}}, {"type": "Feature", "geometry": {"type": "Point", "coordinates": [2.3847017, 6.3639681999999995]}, "properties": {"poi_name": "Pharmacie Fidjrossè", "matched_quartier": "Fidjrossè-Kpota", "status": "INVALID", "reason": "no_connection_to_X_network", "n_seeds": 20, "n_X_seeds": 0, "n_reassignable": 0, "target_color": "#53ce4b"}}, {"type": "Feature", "geometry": {"type": "Point", "coordinates": [2.3558315999999997, 6.3538872]}, "properties": {"poi_name": "Pharmacie Fidjrossè Plage", "matched_quartier": "Fidjrossè-Kpota", "status": "VALID", "reason": "reached_X_network", "n_seeds": 14, "n_X_seeds": 0, "n_reassignable": 15, "target_color": "#53ce4b"}}, {"type": "Feature", "geometry": {"type": "Point", "coordinates": [2.3447793, 6.3576235]}, "properties": {"poi_name": "Fidjrossè Akogbato", "matched_quartier": "Fidjrossè-Kpota", "status": "VALID", "reason": "reached_X_network", "n_seeds": 13, "n_X_seeds": 0, "n_reassignable": 44, "target_color": "#53ce4b"}}, {"type": "Feature", "geometry": {"type": "Point", "coordinates": [2.3677886999999997, 6.3610961999999995]}, "properties": {"poi_name": "Le Voilier Fidjrosse", "matched_quartier": "Fidjrossè-Kpota", "status": "VALID", "reason": "reached_X_network", "n_seeds": 8, "n_X_seeds": 0, "n_reassignable": 12, "target_color": "#53ce4b"}}, {"type": "Feature", "geometry": {"type": "Point", "coordinates": [2.3724247, 6.3619166]}, "properties": {"poi_name": "Bar Restaurant chez DAGAN Fidjrossè", "matched_quartier": "Fidjrossè-Kpota", "status": "VALID", "reason": "reached_X_network", "n_seeds": 23, "n_X_seeds": 0, "n_reassignable": 37, "target_color": "#53ce4b"}}, {"type": "Feature", "geometry": {"type": "Point", "coordinates": [2.3751918000000005, 6.3557464]}, "properties": {"poi_name": "Fidjrosse-Center", "matched_quartier": "Fidjrossè-Centre", "status": "VALID", "reason": "already_on_X_network", "n_seeds": 13, "n_X_seeds": 13, "n_reassignable": 0, "target_color": "#d77c47"}}, {"type": "Feature", "geometry": {"type": "Point", "coordinates": [2.372439, 6.3608837]}, "properties": {"poi_name": "Agence Pebco Fidjrossè", "matched_quartier": "Fidjrossè-Kpota", "status": "VALID", "reason": "reached_X_network", "n_seeds": 32, "n_X_seeds": 0, "n_reassignable": 46, "target_color": "#53ce4b"}}, {"type": "Feature", "geometry": {"type": "Point", "coordinates": [2.3751745, 6.3611048]}, "properties": {"poi_name": "O'SEC PRESSING Fidjrossè", "matched_quartier": "Fidjrossè-Kpota", "status": "VALID", "reason": "reached_X_network", "n_seeds": 21, "n_X_seeds": 0, "n_reassignable": 44, "target_color": "#53ce4b"}}, {"type": "Feature", "geometry": {"type": "Point", "coordinates": [2.3613926, 6.3541466]}, "properties": {"poi_name": "DALURED FIDJROSSÈ", "matched_quartier": "Fidjrossè-Kpota", "status": "VALID", "reason": "already_on_X_network", "n_seeds": 20, "n_X_seeds": 20, "n_reassignable": 0, "target_color": "#53ce4b"}}, {"type": "Feature", "geometry": {"type": "Point", "coordinates": [2.3562518, 6.3539029]}, "properties": {"poi_name": "Fidjrossè Barbershop", "matched_quartier": "Fidjrossè-Kpota", "status": "VALID", "reason": "reached_X_network", "n_seeds": 13, "n_X_seeds": 0, "n_reassignable": 13, "target_color": "#53ce4b"}}, {"type": "Feature", "geometry": {"type": "Point", "coordinates": [2.3697236, 6.3576790999999995]}, "properties": {"poi_name": "Kastro Fidjrossè", "matched_quartier": "Fidjrossè-Kpota", "status": "VALID", "reason": "reached_X_network", "n_seeds": 13, "n_X_seeds": 0, "n_reassignable": 23, "target_color": "#53ce4b"}}, {"type": "Feature", "geometry": {"type": "Point", "coordinates": [2.3760149999999998, 6.3607795]}, "properties": {"poi_name": "Chaftel Fidjrossè", "matched_quartier": "Fidjrossè-Kpota", "status": "VALID", "reason": "reached_X_network", "n_seeds": 22, "n_X_seeds": 0, "n_reassignable": 76, "target_color": "#53ce4b"}}, {"type": "Feature", "geometry": {"type": "Point", "coordinates": [2.3721322000000002, 6.3577954]}, "properties": {"poi_name": "Fidjrossè Morinja", "matched_quartier": "Fidjrossè-Kpota", "status": "VALID", "reason": "reached_X_network", "n_seeds": 31, "n_X_seeds": 0, "n_reassignable": 45, "target_color": "#53ce4b"}}, {"type": "Feature", "geometry": {"type": "Point", "coordinates": [2.3721555, 6.3583827]}, "properties": {"poi_name": "LG Benin Fidjrosse", "matched_quartier": "Fidjrossè-Kpota", "status": "VALID", "reason": "reached_X_network", "n_seeds": 33, "n_X_seeds": 0, "n_reassignable": 59, "target_color": "#53ce4b"}}, {"type": "Feature", "geometry": {"type": "Point", "coordinates": [2.3724564, 6.3545736]}, "properties": {"poi_name": "Bar Resto LyLy Grill Fidjrosse", "matched_quartier": "Fidjrossè-Kpota", "status": "VALID", "reason": "reached_X_network", "n_seeds": 17, "n_X_seeds": 0, "n_reassignable": 60, "target_color": "#53ce4b"}}, {"type": "Feature", "geometry": {"type": "Point", "coordinates": [2.4277995, 6.3562425]}, "properties": {"poi_name": "QG Fidjrossè", "matched_quartier": "Fidjrossè-Centre", "status": "INVALID", "reason": "no_connection_to_X_network", "n_seeds": 69, "n_X_seeds": 0, "n_reassignable": 0, "target_color": "#d77c47"}}, {"type": "Feature", "geometry": {"type": "Point", "coordinates": [2.3621228999999997, 6.3505674]}, "properties": {"poi_name": "Restaurant REMY - Fidjrossè", "matched_quartier": "Fidjrossè-Kpota", "status": "VALID", "reason": "reached_X_network", "n_seeds": 20, "n_X_seeds": 9, "n_reassignable": 11, "target_color": "#53ce4b"}}, {"type": "Feature", "geometry": {"type": "Point", "coordinates": [2.3663741, 6.3504779]}, "properties": {"poi_name": "La Voile Bleue, Fidjrossè, Cotonou", "matched_quartier": "Fidjrossè-Kpota", "status": "VALID", "reason": "reached_X_network", "n_seeds": 35, "n_X_seeds": 0, "n_reassignable": 29, "target_color": "#53ce4b"}}, {"type": "Feature", "geometry": {"type": "Point", "coordinates": [2.3590918999999997, 6.3598118999999995]}, "properties": {"poi_name": "DJEMBÉ APPART’HOTEL ( Fidjrossè)", "matched_quartier": "Fidjrossè-Kpota", "status": "VALID", "reason": "already_on_X_network", "n_seeds": 18, "n_X_seeds": 18, "n_reassignable": 0, "target_color": "#53ce4b"}}, {"type": "Feature", "geometry": {"type": "Point", "coordinates": [2.3733410999999998, 6.3609481]}, "properties": {"poi_name": "Fidjrossè center of Cotonou", "matched_quartier": "Fidjrossè-Kpota", "status": "VALID", "reason": "reached_X_network", "n_seeds": 37, "n_X_seeds": 0, "n_reassignable": 53, "target_color": "#53ce4b"}}, {"type": "Feature", "geometry": {"type": "Point", "coordinates": [2.3689999999999998, 6.3610001]}, "properties": {"poi_name": "Furnished Apartment Fidjrossè Route des Pêches", "matched_quartier": "Fidjrossè-Kpota", "status": "VALID", "reason": "reached_X_network", "n_seeds": 12, "n_X_seeds": 0, "n_reassignable": 17, "target_color": "#53ce4b"}}, {"type": "Feature", "geometry": {"type": "Point", "coordinates": [2.3698476, 6.360608399999999]}, "properties": {"poi_name": "Appartement Fidjrossè Cotonou", "matched_quartier": "Fidjrossè-Kpota", "status": "VALID", "reason": "reached_X_network", "n_seeds": 13, "n_X_seeds": 0, "n_reassignable": 20, "target_color": "#53ce4b"}}, {"type": "Feature", "geometry": {"type": "Point", "coordinates": [2.372155, 6.3578882]}, "properties": {"poi_name": "Cotonou, Fidjrossè: Maison Avec Jardin, Proche Plage, Restaurants & Commerces", "matched_quartier": "Fidjrossè-Kpota", "status": "VALID", "reason": "reached_X_network", "n_seeds": 33, "n_X_seeds": 0, "n_reassignable": 47, "target_color": "#53ce4b"}}, {"type": "Feature", "geometry": {"type": "Point", "coordinates": [2.3723899999999998, 6.3558102]}, "properties": {"poi_name": "Cotonou, Fidjrossè: Maison Avec Jardin, Proche Plage, Restaurants Commerces", "matched_quartier": "Fidjrossè-Kpota", "status": "VALID", "reason": "reached_X_network", "n_seeds": 17, "n_X_seeds": 0, "n_reassignable": 33, "target_color": "#53ce4b"}}, {"type": "Feature", "geometry": {"type": "Point", "coordinates": [2.37058, 6.3580399]}, "properties": {"poi_name": "FIDJROSSE NON LOIN DE LA PLAGE - Two-Bedroom Apartment", "matched_quartier": "Fidjrossè-Kpota", "status": "VALID", "reason": "reached_X_network", "n_seeds": 18, "n_X_seeds": 0, "n_reassignable": 30, "target_color": "#53ce4b"}}, {"type": "Feature", "geometry": {"type": "Point", "coordinates": [2.3694091, 6.3550701]}, "properties": {"poi_name": "APARTMENT FIDJROSSE PLAGE", "matched_quartier": "Fidjrossè-Kpota", "status": "VALID", "reason": "reached_X_network", "n_seeds": 16, "n_X_seeds": 0, "n_reassignable": 44, "target_color": "#53ce4b"}}, {"type": "Feature", "geometry": {"type": "Point", "coordinates": [2.3721498999999997, 6.3578901]}, "properties": {"poi_name": "Luxe a Fidjrosse", "matched_quartier": "Fidjrossè-Kpota", "status": "VALID", "reason": "reached_X_network", "n_seeds": 33, "n_X_seeds": 0, "n_reassignable": 47, "target_color": "#53ce4b"}}, {"type": "Feature", "geometry": {"type": "Point", "coordinates": [2.3689101, 6.3605298999999995]}, "properties": {"poi_name": "Furnished Apartment Fidjrossè Route des Pêches", "matched_quartier": "Fidjrossè-Kpota", "status": "VALID", "reason": "reached_X_network", "n_seeds": 13, "n_X_seeds": 0, "n_reassignable": 18, "target_color": "#53ce4b"}}, {"type": "Feature", "geometry": {"type": "Point", "coordinates": [2.3721560999999998, 6.3578725]}, "properties": {"poi_name": "Peace Entree Personelle T2 Fidjrosse plage", "matched_quartier": "Fidjrossè-Kpota", "status": "VALID", "reason": "reached_X_network", "n_seeds": 32, "n_X_seeds": 0, "n_reassignable": 46, "target_color": "#53ce4b"}}, {"type": "Feature", "geometry": {"type": "Point", "coordinates": [2.356335, 6.3609539999999996]}, "properties": {"poi_name": "Fidjrossè Kpota", "matched_quartier": "Fidjrossè-Kpota", "status": "VALID", "reason": "reached_X_network", "n_seeds": 4, "n_X_seeds": 1, "n_reassignable": 4, "target_color": "#53ce4b"}}, {"type": "Feature", "geometry": {"type": "Point", "coordinates": [2.4052762999999997, 6.357990099999999]}, "properties": {"poi_name": "Collège Père Aupiais", "matched_quartier": "Cadjèhoun-Aupiais", "status": "VALID", "reason": "already_on_X_network", "n_seeds": 7, "n_X_seeds": 7, "n_reassignable": 0, "target_color": "#d6c34a"}}, {"type": "Feature", "geometry": {"type": "Point", "coordinates": [2.4059630000000003, 6.359135299999999]}, "properties": {"poi_name": "Cycle Preparatory Père Aupiais", "matched_quartier": "Cadjèhoun-Aupiais", "status": "VALID", "reason": "reached_X_network", "n_seeds": 17, "n_X_seeds": 14, "n_reassignable": 3, "target_color": "#d6c34a"}}, {"type": "Feature", "geometry": {"type": "Point", "coordinates": [2.3474329, 6.388505899999999]}, "properties": {"poi_name": "Middle School Catholic Père Aupiais De Godomey", "matched_quartier": "Cadjèhoun-Aupiais", "status": "INVALID", "reason": "no_connection_to_X_network", "n_seeds": 30, "n_X_seeds": 0, "n_reassignable": 0, "target_color": "#d6c34a"}}, {"type": "Feature", "geometry": {"type": "Point", "coordinates": [2.3474749, 6.3888392]}, "properties": {"poi_name": "Middle School Catholic Père Aupiais", "matched_quartier": "Cadjèhoun-Aupiais", "status": "INVALID", "reason": "no_connection_to_X_network", "n_seeds": 26, "n_X_seeds": 0, "n_reassignable": 0, "target_color": "#d6c34a"}}, {"type": "Feature", "geometry": {"type": "Point", "coordinates": [2.4054932, 6.3603917999999995]}, "properties": {"poi_name": "Clinical International De Cotonou Aupiais", "matched_quartier": "Cadjèhoun-Aupiais", "status": "VALID", "reason": "reached_X_network", "n_seeds": 15, "n_X_seeds": 10, "n_reassignable": 5, "target_color": "#d6c34a"}}, {"type": "Feature", "geometry": {"type": "Point", "coordinates": [2.4238310999999997, 6.3808926]}, "properties": {"poi_name": "Mairie Aïdjedo", "matched_quartier": "Aïdjèdo", "status": "VALID", "reason": "reached_X_network", "n_seeds": 10, "n_X_seeds": 4, "n_reassignable": 6, "target_color": "#cd3fc8"}}, {"type": "Feature", "geometry": {"type": "Point", "coordinates": [2.4277995, 6.3562425]}, "properties": {"poi_name": "Commissariat De Police De Aïdjedo", "matched_quartier": "Aïdjèdo", "status": "INVALID", "reason": "no_connection_to_X_network", "n_seeds": 69, "n_X_seeds": 0, "n_reassignable": 0, "target_color": "#cd3fc8"}}, {"type": "Feature", "geometry": {"type": "Point", "coordinates": [2.4282830000000004, 6.383414200000001]}, "properties": {"poi_name": "Aidjedo", "matched_quartier": "Aïdjèdo", "status": "VALID", "reason": "reached_X_network", "n_seeds": 8, "n_X_seeds": 0, "n_reassignable": 8, "target_color": "#cd3fc8"}}, {"type": "Feature", "geometry": {"type": "Point", "coordinates": [2.4242216, 6.3809746]}, "properties": {"poi_name": "Nouveau marché d'Aidjedo", "matched_quartier": "Aïdjèdo", "status": "VALID", "reason": "reached_X_network", "n_seeds": 14, "n_X_seeds": 5, "n_reassignable": 9, "target_color": "#cd3fc8"}}, {"type": "Feature", "geometry": {"type": "Point", "coordinates": [2.4249256999999997, 6.3757397]}, "properties": {"poi_name": "Église Adventiste Du 7e Jour à Aïdjedo", "matched_quartier": "Aïdjèdo", "status": "VALID", "reason": "reached_X_network", "n_seeds": 11, "n_X_seeds": 0, "n_reassignable": 11, "target_color": "#cd3fc8"}}, {"type": "Feature", "geometry": {"type": "Point", "coordinates": [2.4251641999999998, 6.380735199999999]}, "properties": {"poi_name": "Centre de santé Aidjedo", "matched_quartier": "Aïdjèdo", "status": "VALID", "reason": "reached_X_network", "n_seeds": 10, "n_X_seeds": 8, "n_reassignable": 2, "target_color": "#cd3fc8"}}, {"type": "Feature", "geometry": {"type": "Point", "coordinates": [2.4229548999999997, 6.3799554999999994]}, "properties": {"poi_name": "AIDJEDO PONCE", "matched_quartier": "Aïdjèdo", "status": "VALID", "reason": "reached_X_network", "n_seeds": 7, "n_X_seeds": 2, "n_reassignable": 7, "target_color": "#cd3fc8"}}, {"type": "Feature", "geometry": {"type": "Point", "coordinates": [2.4277995, 6.3562425]}, "properties": {"poi_name": "Marché Aïdjédo", "matched_quartier": "Aïdjèdo", "status": "INVALID", "reason": "no_connection_to_X_network", "n_seeds": 69, "n_X_seeds": 0, "n_reassignable": 0, "target_color": "#cd3fc8"}}, {"type": "Feature", "geometry": {"type": "Point", "coordinates": [2.4251036999999998, 6.383268999999999]}, "properties": {"poi_name": "Pharmacie Aïdjèdo", "matched_quartier": "Aïdjèdo", "status": "VALID", "reason": "reached_X_network", "n_seeds": 92, "n_X_seeds": 0, "n_reassignable": 74, "target_color": "#cd3fc8"}}, {"type": "Feature", "geometry": {"type": "Point", "coordinates": [2.4282743, 6.3833835]}, "properties": {"poi_name": "Warehouse Hammer Aïdjèdo", "matched_quartier": "Aïdjèdo", "status": "VALID", "reason": "reached_X_network", "n_seeds": 8, "n_X_seeds": 0, "n_reassignable": 8, "target_color": "#cd3fc8"}}, {"type": "Feature", "geometry": {"type": "Point", "coordinates": [2.3867469, 6.366512999999999]}, "properties": {"poi_name": "Complexe Scolaire Missite", "matched_quartier": "Missité", "status": "VALID", "reason": "reached_X_network", "n_seeds": 16, "n_X_seeds": 2, "n_reassignable": 14, "target_color": "#d13e52"}}, {"type": "Feature", "geometry": {"type": "Point", "coordinates": [2.4786354, 6.3770731]}, "properties": {"poi_name": "LYTE FOOD Avotrou", "matched_quartier": "Avotrou-Aïmonlonfidé", "status": "VALID", "reason": "reached_X_network", "n_seeds": 37, "n_X_seeds": 0, "n_reassignable": 48, "target_color": "#53dcd3"}}, {"type": "Feature", "geometry": {"type": "Point", "coordinates": [2.4044175, 6.3611553]}, "properties": {"poi_name": "Eglise MEA Cadjêhoun", "matched_quartier": "Cadjèhoun-Gare", "status": "VALID", "reason": "already_on_X_network", "n_seeds": 6, "n_X_seeds": 6, "n_reassignable": 0, "target_color": "#49cb78"}}, {"type": "Feature", "geometry": {"type": "Point", "coordinates": [2.4000279, 6.3564482]}, "properties": {"poi_name": "Station Bénin Pétro Cadjehoun (Ex SONACOP)", "matched_quartier": "Cadjèhoun-Gare", "status": "VALID", "reason": "reached_X_network", "n_seeds": 55, "n_X_seeds": 0, "n_reassignable": 51, "target_color": "#49cb78"}}, {"type": "Feature", "geometry": {"type": "Point", "coordinates": [2.3949395000000004, 6.3583137999999995]}, "properties": {"poi_name": "bar restaurant marc servise cadjehoun1", "matched_quartier": "Cadjèhoun-Gare", "status": "INVALID", "reason": "no_connection_to_X_network", "n_seeds": 20, "n_X_seeds": 0, "n_reassignable": 0, "target_color": "#49cb78"}}, {"type": "Feature", "geometry": {"type": "Point", "coordinates": [2.4016897, 6.359514]}, "properties": {"poi_name": "Wôkôli Cadjehoun", "matched_quartier": "Cadjèhoun-Gare", "status": "VALID", "reason": "reached_X_network", "n_seeds": 16, "n_X_seeds": 2, "n_reassignable": 14, "target_color": "#49cb78"}}, {"type": "Feature", "geometry": {"type": "Point", "coordinates": [2.4387851, 6.3866887]}, "properties": {"poi_name": "Adogleta", "matched_quartier": "Adôgléta", "status": "VALID", "reason": "already_on_X_network", "n_seeds": 14, "n_X_seeds": 14, "n_reassignable": 0, "target_color": "#90d348"}}, {"type": "Feature", "geometry": {"type": "Point", "coordinates": [2.4399811, 6.3820508]}, "properties": {"poi_name": "Mosquée ADOGLÉTA", "matched_quartier": "Adôgléta", "status": "VALID", "reason": "reached_X_network", "n_seeds": 13, "n_X_seeds": 10, "n_reassignable": 3, "target_color": "#90d348"}}, {"type": "Feature", "geometry": {"type": "Point", "coordinates": [2.4238323, 6.3841744]}, "properties": {"poi_name": "Agata", "matched_quartier": "Ahouansouri-Agata", "status": "VALID", "reason": "reached_X_network", "n_seeds": 63, "n_X_seeds": 43, "n_reassignable": 20, "target_color": "#dbcc47"}}, {"type": "Feature", "geometry": {"type": "Point", "coordinates": [-99.1646986, 19.3518814]}, "properties": {"poi_name": "Agata Hotel Boutique", "matched_quartier": "Ahouansouri-Agata", "status": "INVALID", "reason": "no_road_within_150m", "n_seeds": 0, "n_X_seeds": 0, "n_reassignable": 0, "target_color": "#dbcc47"}}, {"type": "Feature", "geometry": {"type": "Point", "coordinates": [30.3434212, -1.2840631]}, "properties": {"poi_name": "Nyagatare Stadium", "matched_quartier": "Ahouansouri-Agata", "status": "INVALID", "reason": "no_road_within_150m", "n_seeds": 0, "n_X_seeds": 0, "n_reassignable": 0, "target_color": "#dbcc47"}}, {"type": "Feature", "geometry": {"type": "Point", "coordinates": [2.3524903999999998, 6.379198499999999]}, "properties": {"poi_name": "Agla Akplomey", "matched_quartier": "Agla-Akplomey", "status": "INVALID", "reason": "matched_name_not_in_propagation", "n_seeds": 0, "n_X_seeds": 0, "n_reassignable": 0, "target_color": "#666"}}, {"type": "Feature", "geometry": {"type": "Point", "coordinates": [2.3548545, 6.3815794]}, "properties": {"poi_name": "Complex School Agla-Akplomey", "matched_quartier": "Agla-Akplomey", "status": "INVALID", "reason": "matched_name_not_in_propagation", "n_seeds": 0, "n_X_seeds": 0, "n_reassignable": 0, "target_color": "#666"}}, {"type": "Feature", "geometry": {"type": "Point", "coordinates": [2.3543472, 6.378802899999999]}, "properties": {"poi_name": "Middle School Sacré Cœur D'agla Akplomey", "matched_quartier": "Agla-Akplomey", "status": "INVALID", "reason": "matched_name_not_in_propagation", "n_seeds": 0, "n_X_seeds": 0, "n_reassignable": 0, "target_color": "#666"}}, {"type": "Feature", "geometry": {"type": "Point", "coordinates": [2.3524903999999998, 6.379198499999999]}, "properties": {"poi_name": "Paroisse SAINT GABRIEL AGLA AKPLOMEY", "matched_quartier": "Agla-Akplomey", "status": "INVALID", "reason": "matched_name_not_in_propagation", "n_seeds": 0, "n_X_seeds": 0, "n_reassignable": 0, "target_color": "#666"}}, {"type": "Feature", "geometry": {"type": "Point", "coordinates": [2.3555412, 6.3829025]}, "properties": {"poi_name": "Agla akplomey", "matched_quartier": "Agla-Akplomey", "status": "INVALID", "reason": "matched_name_not_in_propagation", "n_seeds": 0, "n_X_seeds": 0, "n_reassignable": 0, "target_color": "#666"}}, {"type": "Feature", "geometry": {"type": "Point", "coordinates": [2.3528341999999998, 6.379150399999999]}, "properties": {"poi_name": "L’OPULENCE Lounge Bar Restaurant , Agla Akplomey", "matched_quartier": "Agla-Akplomey", "status": "INVALID", "reason": "matched_name_not_in_propagation", "n_seeds": 0, "n_X_seeds": 0, "n_reassignable": 0, "target_color": "#666"}}, {"type": "Feature", "geometry": {"type": "Point", "coordinates": [2.4564846, 6.3741239]}, "properties": {"poi_name": "Public Primary School Irédé", "matched_quartier": "Irédé", "status": "VALID", "reason": "reached_X_network", "n_seeds": 7, "n_X_seeds": 5, "n_reassignable": 2, "target_color": "#d951c7"}}, {"type": "Feature", "geometry": {"type": "Point", "coordinates": [2.4598902, 6.3730103]}, "properties": {"poi_name": "Mosquée IREDE", "matched_quartier": "Irédé", "status": "VALID", "reason": "reached_X_network", "n_seeds": 22, "n_X_seeds": 3, "n_reassignable": 19, "target_color": "#d951c7"}}, {"type": "Feature", "geometry": {"type": "Point", "coordinates": [2.6577744, 6.746752]}, "properties": {"poi_name": "IREDE CITY", "matched_quartier": "Irédé", "status": "INVALID", "reason": "no_road_within_150m", "n_seeds": 0, "n_X_seeds": 0, "n_reassignable": 0, "target_color": "#d951c7"}}, {"type": "Feature", "geometry": {"type": "Point", "coordinates": [2.4567058999999998, 6.373974800000001]}, "properties": {"poi_name": "Irede", "matched_quartier": "Irédé", "status": "VALID", "reason": "already_on_X_network", "n_seeds": 5, "n_X_seeds": 5, "n_reassignable": 0, "target_color": "#d951c7"}}, {"type": "Feature", "geometry": {"type": "Point", "coordinates": [2.4597998999999997, 6.3733868]}, "properties": {"poi_name": "Pressing Golden Iron - Agence irédé ( Irédé Branch)", "matched_quartier": "Irédé", "status": "VALID", "reason": "reached_X_network", "n_seeds": 21, "n_X_seeds": 1, "n_reassignable": 20, "target_color": "#d951c7"}}, {"type": "Feature", "geometry": {"type": "Point", "coordinates": [2.4599919999999997, 6.3743852]}, "properties": {"poi_name": "Irede Small Market", "matched_quartier": "Irédé", "status": "VALID", "reason": "reached_X_network", "n_seeds": 16, "n_X_seeds": 0, "n_reassignable": 16, "target_color": "#d951c7"}}, {"type": "Feature", "geometry": {"type": "Point", "coordinates": [2.4412564999999997, 6.3693954999999995]}, "properties": {"poi_name": "Dedokpo", "matched_quartier": "Dédokpo", "status": "VALID", "reason": "reached_X_network", "n_seeds": 11, "n_X_seeds": 3, "n_reassignable": 8, "target_color": "#cf4d46"}}, {"type": "Feature", "geometry": {"type": "Point", "coordinates": [2.441335, 6.369647800000001]}, "properties": {"poi_name": "Complex School Dedokpo Abc", "matched_quartier": "Dédokpo", "status": "VALID", "reason": "reached_X_network", "n_seeds": 11, "n_X_seeds": 3, "n_reassignable": 8, "target_color": "#cf4d46"}}, {"type": "Feature", "geometry": {"type": "Point", "coordinates": [2.4414344, 6.3693374]}, "properties": {"poi_name": "Dédokpo 8 vont", "matched_quartier": "Dédokpo", "status": "VALID", "reason": "reached_X_network", "n_seeds": 12, "n_X_seeds": 5, "n_reassignable": 7, "target_color": "#cf4d46"}}, {"type": "Feature", "geometry": {"type": "Point", "coordinates": [2.4425355, 6.3718495]}, "properties": {"poi_name": "Carrefour Dedokpo", "matched_quartier": "Dédokpo", "status": "VALID", "reason": "reached_X_network", "n_seeds": 15, "n_X_seeds": 0, "n_reassignable": 25, "target_color": "#cf4d46"}}, {"type": "Feature", "geometry": {"type": "Point", "coordinates": [2.4411978999999997, 6.372807099999999]}, "properties": {"poi_name": "Eglise du Christianisme Celeste de Kpankpan", "matched_quartier": "Kpankpan", "status": "VALID", "reason": "reached_X_network", "n_seeds": 20, "n_X_seeds": 0, "n_reassignable": 20, "target_color": "#49df44"}}, {"type": "Feature", "geometry": {"type": "Point", "coordinates": [2.4400208, 6.374718199999999]}, "properties": {"poi_name": "Kpankpan", "matched_quartier": "Kpankpan", "status": "VALID", "reason": "reached_X_network", "n_seeds": 10, "n_X_seeds": 7, "n_reassignable": 3, "target_color": "#49df44"}}, {"type": "Feature", "geometry": {"type": "Point", "coordinates": [18.0496232, 59.3096507]}, "properties": {"poi_name": "The Tanto School AB", "matched_quartier": "Tanto", "status": "INVALID", "reason": "no_road_within_150m", "n_seeds": 0, "n_X_seeds": 0, "n_reassignable": 0, "target_color": "#b3cd3b"}}, {"type": "Feature", "geometry": {"type": "Point", "coordinates": [-122.00395370000001, 37.352633]}, "properties": {"poi_name": "TANTO Japanese Restaurant", "matched_quartier": "Tanto", "status": "INVALID", "reason": "no_road_within_150m", "n_seeds": 0, "n_X_seeds": 0, "n_reassignable": 0, "target_color": "#b3cd3b"}}, {"type": "Feature", "geometry": {"type": "Point", "coordinates": [2.4721875, 6.371312499999999]}, "properties": {"poi_name": "Pharmacie Tanto le joker", "matched_quartier": "Tanto", "status": "VALID", "reason": "reached_X_network", "n_seeds": 13, "n_X_seeds": 11, "n_reassignable": 2, "target_color": "#b3cd3b"}}, {"type": "Feature", "geometry": {"type": "Point", "coordinates": [2.360572, 6.494674]}, "properties": {"poi_name": "Super Marché Tanto", "matched_quartier": "Tanto", "status": "INVALID", "reason": "no_connection_to_X_network", "n_seeds": 52, "n_X_seeds": 0, "n_reassignable": 0, "target_color": "#b3cd3b"}}, {"type": "Feature", "geometry": {"type": "Point", "coordinates": [-82.4641615, 27.962433299999997]}, "properties": {"poi_name": "TANTO", "matched_quartier": "Tanto", "status": "INVALID", "reason": "no_road_within_150m", "n_seeds": 0, "n_X_seeds": 0, "n_reassignable": 0, "target_color": "#b3cd3b"}}, {"type": "Feature", "geometry": {"type": "Point", "coordinates": [-157.8210748, 21.2927398]}, "properties": {"poi_name": "Tanto Gyoza and Ramen Bar at University", "matched_quartier": "Tanto", "status": "INVALID", "reason": "no_road_within_150m", "n_seeds": 0, "n_X_seeds": 0, "n_reassignable": 0, "target_color": "#b3cd3b"}}, {"type": "Feature", "geometry": {"type": "Point", "coordinates": [2.4066687, 6.3708861]}, "properties": {"poi_name": "Allobatin", "matched_quartier": "Vodjè-Allobatin", "status": "VALID", "reason": "reached_X_network", "n_seeds": 9, "n_X_seeds": 5, "n_reassignable": 4, "target_color": "#4fd56c"}}, {"type": "Feature", "geometry": {"type": "Point", "coordinates": [2.4576272, 6.3808719]}, "properties": {"poi_name": "Epp Senadé-Sékon", "matched_quartier": "Sènadé", "status": "VALID", "reason": "reached_X_network", "n_seeds": 13, "n_X_seeds": 12, "n_reassignable": 1, "target_color": "#d38544"}}, {"type": "Feature", "geometry": {"type": "Point", "coordinates": [2.4601474999999997, 6.3808894]}, "properties": {"poi_name": "Clinique ADEOLA de Sènadé", "matched_quartier": "Sènadé", "status": "VALID", "reason": "reached_X_network", "n_seeds": 8, "n_X_seeds": 1, "n_reassignable": 7, "target_color": "#d38544"}}, {"type": "Feature", "geometry": {"type": "Point", "coordinates": [2.4529976, 6.3779802]}, "properties": {"poi_name": "Senade", "matched_quartier": "Sènadé", "status": "VALID", "reason": "reached_X_network", "n_seeds": 13, "n_X_seeds": 0, "n_reassignable": 14, "target_color": "#d38544"}}, {"type": "Feature", "geometry": {"type": "Point", "coordinates": [2.4606119, 6.377082499999999]}, "properties": {"poi_name": "SanlamAllianz Assurances Sènadé #Cotonou & #environs", "matched_quartier": "Sènadé", "status": "VALID", "reason": "reached_X_network", "n_seeds": 20, "n_X_seeds": 0, "n_reassignable": 21, "target_color": "#d38544"}}, {"type": "Feature", "geometry": {"type": "Point", "coordinates": [2.4567954, 6.3772389]}, "properties": {"poi_name": "Pharmacie Senade", "matched_quartier": "Sènadé", "status": "VALID", "reason": "reached_X_network", "n_seeds": 9, "n_X_seeds": 4, "n_reassignable": 5, "target_color": "#d38544"}}, {"type": "Feature", "geometry": {"type": "Point", "coordinates": [2.4047699, 6.374494299999999]}, "properties": {"poi_name": "Église Adventiste du 7ème jour à AGONTINKON", "matched_quartier": "Agontinkon", "status": "VALID", "reason": "reached_X_network", "n_seeds": 22, "n_X_seeds": 1, "n_reassignable": 21, "target_color": "#db5a43"}}, {"type": "Feature", "geometry": {"type": "Point", "coordinates": [2.4045642, 6.3757367]}, "properties": {"poi_name": "EWELL Agontinkon", "matched_quartier": "Agontinkon", "status": "VALID", "reason": "reached_X_network", "n_seeds": 32, "n_X_seeds": 3, "n_reassignable": 30, "target_color": "#db5a43"}}, {"type": "Feature", "geometry": {"type": "Point", "coordinates": [2.405272, 6.375938499999999]}, "properties": {"poi_name": "Confort Bus Lines - Agontinkon", "matched_quartier": "Agontinkon", "status": "VALID", "reason": "reached_X_network", "n_seeds": 26, "n_X_seeds": 5, "n_reassignable": 21, "target_color": "#db5a43"}}, {"type": "Feature", "geometry": {"type": "Point", "coordinates": [2.4052697999999997, 6.3759356]}, "properties": {"poi_name": "FAST MARKET AGONTINKON", "matched_quartier": "Agontinkon", "status": "VALID", "reason": "reached_X_network", "n_seeds": 26, "n_X_seeds": 5, "n_reassignable": 21, "target_color": "#db5a43"}}, {"type": "Feature", "geometry": {"type": "Point", "coordinates": [2.4626443, 6.3897867]}, "properties": {"poi_name": "Mosquée yenawa", "matched_quartier": "Yénawa", "status": "VALID", "reason": "reached_X_network", "n_seeds": 18, "n_X_seeds": 12, "n_reassignable": 6, "target_color": "#de4ad4"}}, {"type": "Feature", "geometry": {"type": "Point", "coordinates": [2.2556059999999998, 6.489427699999999]}, "properties": {"poi_name": "YENAWA CARREFOUR", "matched_quartier": "Yénawa", "status": "INVALID", "reason": "no_connection_to_X_network", "n_seeds": 18, "n_X_seeds": 0, "n_reassignable": 0, "target_color": "#de4ad4"}}, {"type": "Feature", "geometry": {"type": "Point", "coordinates": [2.4588218, 6.3886547]}, "properties": {"poi_name": "Pharmacie Yenawa", "matched_quartier": "Yénawa", "status": "VALID", "reason": "reached_X_network", "n_seeds": 10, "n_X_seeds": 0, "n_reassignable": 13, "target_color": "#de4ad4"}}, {"type": "Feature", "geometry": {"type": "Point", "coordinates": [2.4622989, 6.3884611]}, "properties": {"poi_name": "Marche de Yénawa", "matched_quartier": "Yénawa", "status": "VALID", "reason": "reached_X_network", "n_seeds": 17, "n_X_seeds": 4, "n_reassignable": 13, "target_color": "#de4ad4"}}, {"type": "Feature", "geometry": {"type": "Point", "coordinates": [1.9619772, 6.5239804999999995]}, "properties": {"poi_name": "Yénawa Market", "matched_quartier": "Yénawa", "status": "INVALID", "reason": "no_road_within_150m", "n_seeds": 0, "n_X_seeds": 0, "n_reassignable": 0, "target_color": "#de4ad4"}}, {"type": "Feature", "geometry": {"type": "Point", "coordinates": [2.4758355, 6.380245899999999]}, "properties": {"poi_name": "Église Évangélique URHC - AKPAKPA AVOTROU", "matched_quartier": "Avotrou-Houézèkomè", "status": "VALID", "reason": "already_on_X_network", "n_seeds": 6, "n_X_seeds": 6, "n_reassignable": 0, "target_color": "#c0d24e"}}, {"type": "Feature", "geometry": {"type": "Point", "coordinates": [2.4229631, 6.374221899999999]}, "properties": {"poi_name": "Aïdjedo", "matched_quartier": "Aïdjèdo-Ahito", "status": "VALID", "reason": "reached_X_network", "n_seeds": 11, "n_X_seeds": 2, "n_reassignable": 9, "target_color": "#d841a1"}}, {"type": "Feature", "geometry": {"type": "Point", "coordinates": [-72.3958754, 18.5363027]}, "properties": {"poi_name": "Collège De Cote Plage", "matched_quartier": "Xwlacôdji-Plage", "status": "INVALID", "reason": "no_road_within_150m", "n_seeds": 0, "n_X_seeds": 0, "n_reassignable": 0, "target_color": "#ce624c"}}, {"type": "Feature", "geometry": {"type": "Point", "coordinates": [1.2453721, 6.1366201]}, "properties": {"poi_name": "School Be Plage", "matched_quartier": "Xwlacôdji-Plage", "status": "INVALID", "reason": "no_road_within_150m", "n_seeds": 0, "n_X_seeds": 0, "n_reassignable": 0, "target_color": "#ce624c"}}, {"type": "Feature", "geometry": {"type": "Point", "coordinates": [3.5355863, 43.318103]}, "properties": {"poi_name": "Gare de Marseillan-Plage", "matched_quartier": "Xwlacôdji-Plage", "status": "INVALID", "reason": "no_road_within_150m", "n_seeds": 0, "n_X_seeds": 0, "n_reassignable": 0, "target_color": "#ce624c"}}, {"type": "Feature", "geometry": {"type": "Point", "coordinates": [-1.624904, 43.4184487]}, "properties": {"poi_name": "Plage de Mayarco", "matched_quartier": "Xwlacôdji-Plage", "status": "INVALID", "reason": "no_road_within_150m", "n_seeds": 0, "n_X_seeds": 0, "n_reassignable": 0, "target_color": "#ce624c"}}, {"type": "Feature", "geometry": {"type": "Point", "coordinates": [2.4424923, 6.3521129]}, "properties": {"poi_name": "Plakodji-Plage", "matched_quartier": "Xwlacôdji-Plage", "status": "INVALID", "reason": "no_road_within_150m", "n_seeds": 0, "n_X_seeds": 0, "n_reassignable": 0, "target_color": "#ce624c"}}, {"type": "Feature", "geometry": {"type": "Point", "coordinates": [6.5325681, 43.173611199999996]}, "properties": {"poi_name": "Salon de la Plage", "matched_quartier": "Xwlacôdji-Plage", "status": "INVALID", "reason": "no_road_within_150m", "n_seeds": 0, "n_X_seeds": 0, "n_reassignable": 0, "target_color": "#ce624c"}}, {"type": "Feature", "geometry": {"type": "Point", "coordinates": [2.4277995, 6.3562426]}, "properties": {"poi_name": "Chambre salon non loin de la plage", "matched_quartier": "Xwlacôdji-Plage", "status": "INVALID", "reason": "no_connection_to_X_network", "n_seeds": 69, "n_X_seeds": 0, "n_reassignable": 0, "target_color": "#ce624c"}}, {"type": "Feature", "geometry": {"type": "Point", "coordinates": [3.0441731, 42.5594647]}, "properties": {"poi_name": "Le Salon de la Plage", "matched_quartier": "Xwlacôdji-Plage", "status": "INVALID", "reason": "no_road_within_150m", "n_seeds": 0, "n_X_seeds": 0, "n_reassignable": 0, "target_color": "#ce624c"}}, {"type": "Feature", "geometry": {"type": "Point", "coordinates": [-61.3823111, 16.2241516]}, "properties": {"poi_name": "Pharmacie de la Plage", "matched_quartier": "Xwlacôdji-Plage", "status": "INVALID", "reason": "no_road_within_150m", "n_seeds": 0, "n_X_seeds": 0, "n_reassignable": 0, "target_color": "#ce624c"}}, {"type": "Feature", "geometry": {"type": "Point", "coordinates": [6.9415461, 43.507149299999995]}, "properties": {"poi_name": "Pharmacie de la Plage", "matched_quartier": "Xwlacôdji-Plage", "status": "INVALID", "reason": "no_road_within_150m", "n_seeds": 0, "n_X_seeds": 0, "n_reassignable": 0, "target_color": "#ce624c"}}, {"type": "Feature", "geometry": {"type": "Point", "coordinates": [-0.25911039999999996, 49.286316899999996]}, "properties": {"poi_name": "Pharmacie de la Plage-Matériel Medical", "matched_quartier": "Xwlacôdji-Plage", "status": "INVALID", "reason": "no_road_within_150m", "n_seeds": 0, "n_X_seeds": 0, "n_reassignable": 0, "target_color": "#ce624c"}}, {"type": "Feature", "geometry": {"type": "Point", "coordinates": [-7.396613200000001, 33.707761399999995]}, "properties": {"poi_name": "Pharmacie de La Plage", "matched_quartier": "Xwlacôdji-Plage", "status": "INVALID", "reason": "no_road_within_150m", "n_seeds": 0, "n_X_seeds": 0, "n_reassignable": 0, "target_color": "#ce624c"}}, {"type": "Feature", "geometry": {"type": "Point", "coordinates": [6.5327002, 43.1736727]}, "properties": {"poi_name": "PHARMACIE DE LA PLAGE SELAS DEBIARD SN", "matched_quartier": "Xwlacôdji-Plage", "status": "INVALID", "reason": "no_road_within_150m", "n_seeds": 0, "n_X_seeds": 0, "n_reassignable": 0, "target_color": "#ce624c"}}, {"type": "Feature", "geometry": {"type": "Point", "coordinates": [3.0459552, 42.552274499999996]}, "properties": {"poi_name": "PHARMACIE DES PLAGES", "matched_quartier": "Xwlacôdji-Plage", "status": "INVALID", "reason": "no_road_within_150m", "n_seeds": 0, "n_X_seeds": 0, "n_reassignable": 0, "target_color": "#ce624c"}}, {"type": "Feature", "geometry": {"type": "Point", "coordinates": [-1.3920050000000002, 46.1854977]}, "properties": {"poi_name": "Pharmacie Bois plage en re", "matched_quartier": "Xwlacôdji-Plage", "status": "INVALID", "reason": "no_road_within_150m", "n_seeds": 0, "n_X_seeds": 0, "n_reassignable": 0, "target_color": "#ce624c"}}, {"type": "Feature", "geometry": {"type": "Point", "coordinates": [-61.2220961, 15.889596499999998]}, "properties": {"poi_name": "Pharmacie de la Plage", "matched_quartier": "Xwlacôdji-Plage", "status": "INVALID", "reason": "no_road_within_150m", "n_seeds": 0, "n_X_seeds": 0, "n_reassignable": 0, "target_color": "#ce624c"}}, {"type": "Feature", "geometry": {"type": "Point", "coordinates": [166.4711532, -22.2656968]}, "properties": {"poi_name": "Pharmacie Lafayette Magenta Plage", "matched_quartier": "Xwlacôdji-Plage", "status": "INVALID", "reason": "no_road_within_150m", "n_seeds": 0, "n_X_seeds": 0, "n_reassignable": 0, "target_color": "#ce624c"}}, {"type": "Feature", "geometry": {"type": "Point", "coordinates": [-74.2355279, 39.5704997]}, "properties": {"poi_name": "Sur La Plage", "matched_quartier": "Xwlacôdji-Plage", "status": "INVALID", "reason": "no_road_within_150m", "n_seeds": 0, "n_X_seeds": 0, "n_reassignable": 0, "target_color": "#ce624c"}}, {"type": "Feature", "geometry": {"type": "Point", "coordinates": [2.4361002, 6.3521380999999995]}, "properties": {"poi_name": "Azalaï Hôtel de la Plage", "matched_quartier": "Xwlacôdji-Plage", "status": "VALID", "reason": "reached_X_network", "n_seeds": 11, "n_X_seeds": 0, "n_reassignable": 17, "target_color": "#ce624c"}}, {"type": "Feature", "geometry": {"type": "Point", "coordinates": [9.532139299999999, 42.3972017]}, "properties": {"poi_name": "Le Maquis Plage", "matched_quartier": "Xwlacôdji-Plage", "status": "INVALID", "reason": "no_road_within_150m", "n_seeds": 0, "n_X_seeds": 0, "n_reassignable": 0, "target_color": "#ce624c"}}, {"type": "Feature", "geometry": {"type": "Point", "coordinates": [-9.7967785, 31.356500299999997]}, "properties": {"poi_name": "Auberge de la plage", "matched_quartier": "Xwlacôdji-Plage", "status": "INVALID", "reason": "no_road_within_150m", "n_seeds": 0, "n_X_seeds": 0, "n_reassignable": 0, "target_color": "#ce624c"}}, {"type": "Feature", "geometry": {"type": "Point", "coordinates": [-71.4344716, 48.331875]}, "properties": {"poi_name": "Plage du Centre touristique du Lac-Kénogami", "matched_quartier": "Xwlacôdji-Plage", "status": "INVALID", "reason": "no_road_within_150m", "n_seeds": 0, "n_X_seeds": 0, "n_reassignable": 0, "target_color": "#ce624c"}}, {"type": "Feature", "geometry": {"type": "Point", "coordinates": [2.4075468, 6.365347700000001]}, "properties": {"poi_name": "Post Office De Gbégamey", "matched_quartier": "Gbégamey-Dodo-Ayidjè", "status": "VALID", "reason": "reached_X_network", "n_seeds": 12, "n_X_seeds": 0, "n_reassignable": 12, "target_color": "#d64b9a"}}, {"type": "Feature", "geometry": {"type": "Point", "coordinates": [2.4157376, 6.3603364]}, "properties": {"poi_name": "Gbegamey", "matched_quartier": "Gbégamey-Dodo-Ayidjè", "status": "VALID", "reason": "reached_X_network", "n_seeds": 33, "n_X_seeds": 0, "n_reassignable": 43, "target_color": "#d64b9a"}}, {"type": "Feature", "geometry": {"type": "Point", "coordinates": [2.4171964, 6.3593421999999995]}, "properties": {"poi_name": "CEG Gbegamey", "matched_quartier": "Gbégamey-Ahito", "status": "INVALID", "reason": "no_connection_to_X_network", "n_seeds": 5, "n_X_seeds": 0, "n_reassignable": 0, "target_color": "#3bd54b"}}, {"type": "Feature", "geometry": {"type": "Point", "coordinates": [2.4169096999999997, 6.359618299999999]}, "properties": {"poi_name": "Collège d'Enseignement Général (CEG) de Gbégamey", "matched_quartier": "Gbégamey-Dodo-Ayidjè", "status": "INVALID", "reason": "no_connection_to_X_network", "n_seeds": 2, "n_X_seeds": 0, "n_reassignable": 0, "target_color": "#d64b9a"}}, {"type": "Feature", "geometry": {"type": "Point", "coordinates": [2.4277995, 6.3562425]}, "properties": {"poi_name": "Gbégamey", "matched_quartier": "Gbégamey-Dodo-Ayidjè", "status": "INVALID", "reason": "no_connection_to_X_network", "n_seeds": 69, "n_X_seeds": 0, "n_reassignable": 0, "target_color": "#d64b9a"}}, {"type": "Feature", "geometry": {"type": "Point", "coordinates": [2.4144604999999997, 6.362847599999999]}, "properties": {"poi_name": "Mosquée du Rond-Point Gbegamey", "matched_quartier": "Gbégamey-Dodo-Ayidjè", "status": "VALID", "reason": "reached_X_network", "n_seeds": 57, "n_X_seeds": 0, "n_reassignable": 51, "target_color": "#d64b9a"}}, {"type": "Feature", "geometry": {"type": "Point", "coordinates": [2.4129924, 6.3650503]}, "properties": {"poi_name": "Gbégamey", "matched_quartier": "Gbégamey-Dodo-Ayidjè", "status": "VALID", "reason": "reached_X_network", "n_seeds": 4, "n_X_seeds": 0, "n_reassignable": 13, "target_color": "#d64b9a"}}, {"type": "Feature", "geometry": {"type": "Point", "coordinates": [2.4107939, 6.3643574]}, "properties": {"poi_name": "CENTRE DE SANTÉ DE GBEGAMEY", "matched_quartier": "Gbégamey-Dodo-Ayidjè", "status": "VALID", "reason": "reached_X_network", "n_seeds": 11, "n_X_seeds": 1, "n_reassignable": 10, "target_color": "#d64b9a"}}, {"type": "Feature", "geometry": {"type": "Point", "coordinates": [2.412295, 6.3634908]}, "properties": {"poi_name": "Diana bubble tea gbegamey", "matched_quartier": "Gbégamey-Dodo-Ayidjè", "status": "VALID", "reason": "reached_X_network", "n_seeds": 12, "n_X_seeds": 0, "n_reassignable": 13, "target_color": "#d64b9a"}}, {"type": "Feature", "geometry": {"type": "Point", "coordinates": [2.4122257, 6.363550000000001]}, "properties": {"poi_name": "Gbegamey", "matched_quartier": "Gbégamey-Gbagoudo", "status": "INVALID", "reason": "no_connection_to_X_network", "n_seeds": 13, "n_X_seeds": 0, "n_reassignable": 0, "target_color": "#bf45c8"}}, {"type": "Feature", "geometry": {"type": "Point", "coordinates": [2.4144286999999998, 6.3617970999999995]}, "properties": {"poi_name": "BOA Gbegamey", "matched_quartier": "Gbégamey-Gbagoudo", "status": "INVALID", "reason": "no_connection_to_X_network", "n_seeds": 58, "n_X_seeds": 0, "n_reassignable": 0, "target_color": "#bf45c8"}}, {"type": "Feature", "geometry": {"type": "Point", "coordinates": [2.4093071999999998, 6.3641127]}, "properties": {"poi_name": "O'sec Pressing-Gbégamey", "matched_quartier": "Gbégamey-Dodo-Ayidjè", "status": "VALID", "reason": "reached_X_network", "n_seeds": 8, "n_X_seeds": 0, "n_reassignable": 8, "target_color": "#d64b9a"}}, {"type": "Feature", "geometry": {"type": "Point", "coordinates": [2.4084339, 6.363449699999999]}, "properties": {"poi_name": "Pharmacie Gbegamey", "matched_quartier": "Gbégamey-Dodo-Ayidjè", "status": "VALID", "reason": "reached_X_network", "n_seeds": 12, "n_X_seeds": 0, "n_reassignable": 7, "target_color": "#d64b9a"}}, {"type": "Feature", "geometry": {"type": "Point", "coordinates": [2.4072668, 6.3661617]}, "properties": {"poi_name": "Superette Gbegamey", "matched_quartier": "Gbégamey-Dodo-Ayidjè", "status": "VALID", "reason": "reached_X_network", "n_seeds": 7, "n_X_seeds": 0, "n_reassignable": 7, "target_color": "#d64b9a"}}, {"type": "Feature", "geometry": {"type": "Point", "coordinates": [2.4123958, 6.360335399999999]}, "properties": {"poi_name": "Edith Palace Gbegamey", "matched_quartier": "Gbégamey-Ahito", "status": "VALID", "reason": "reached_X_network", "n_seeds": 8, "n_X_seeds": 0, "n_reassignable": 58, "target_color": "#3bd54b"}}, {"type": "Feature", "geometry": {"type": "Point", "coordinates": [2.4152736, 6.3589227]}, "properties": {"poi_name": "Terrain de Sport CEG Gbegamey", "matched_quartier": "Gbégamey-Mifongou", "status": "VALID", "reason": "reached_X_network", "n_seeds": 7, "n_X_seeds": 1, "n_reassignable": 6, "target_color": "#4fd575"}}, {"type": "Feature", "geometry": {"type": "Point", "coordinates": [2.4406662, 6.386688299999999]}, "properties": {"poi_name": "Public Primary School De Hlacomey", "matched_quartier": "Hlacômey", "status": "VALID", "reason": "reached_X_network", "n_seeds": 21, "n_X_seeds": 3, "n_reassignable": 18, "target_color": "#de4a5e"}}, {"type": "Feature", "geometry": {"type": "Point", "coordinates": [2.4251947, 6.354851399999999]}, "properties": {"poi_name": "Zongo-Nima", "matched_quartier": "Zongo-Nima", "status": "VALID", "reason": "reached_X_network", "n_seeds": 5, "n_X_seeds": 1, "n_reassignable": 18, "target_color": "#d440ad"}}, {"type": "Feature", "geometry": {"type": "Point", "coordinates": [1.2094160999999999, 6.2538608]}, "properties": {"poi_name": "Post Office D'agoè Zongo", "matched_quartier": "Zongo-Nima", "status": "INVALID", "reason": "no_road_within_150m", "n_seeds": 0, "n_X_seeds": 0, "n_reassignable": 0, "target_color": "#d440ad"}}, {"type": "Feature", "geometry": {"type": "Point", "coordinates": [2.6257432, 9.3597063]}, "properties": {"poi_name": "Public Primary School Zongo I", "matched_quartier": "Zongo-Nima", "status": "INVALID", "reason": "no_road_within_150m", "n_seeds": 0, "n_X_seeds": 0, "n_reassignable": 0, "target_color": "#d440ad"}}, {"type": "Feature", "geometry": {"type": "Point", "coordinates": [-2.3984519, 12.265798]}, "properties": {"poi_name": "Université Norbert ZONGO", "matched_quartier": "Zongo-Nima", "status": "INVALID", "reason": "no_road_within_150m", "n_seeds": 0, "n_X_seeds": 0, "n_reassignable": 0, "target_color": "#d440ad"}}, {"type": "Feature", "geometry": {"type": "Point", "coordinates": [2.4258163, 6.3569371]}, "properties": {"poi_name": "Great Mosque of Zongo", "matched_quartier": "Zongo-Ehuzu", "status": "VALID", "reason": "reached_X_network", "n_seeds": 37, "n_X_seeds": 0, "n_reassignable": 61, "target_color": "#8dc93f"}}, {"type": "Feature", "geometry": {"type": "Point", "coordinates": [0.9925111000000001, 8.4361687]}, "properties": {"poi_name": "Mosquée Zongo Nima", "matched_quartier": "Zongo-Nima", "status": "INVALID", "reason": "no_road_within_150m", "n_seeds": 0, "n_X_seeds": 0, "n_reassignable": 0, "target_color": "#d440ad"}}, {"type": "Feature", "geometry": {"type": "Point", "coordinates": [2.6277944, 9.3640558]}, "properties": {"poi_name": "Dispensaire De Zongo Ii", "matched_quartier": "Zongo-Nima", "status": "INVALID", "reason": "no_road_within_150m", "n_seeds": 0, "n_X_seeds": 0, "n_reassignable": 0, "target_color": "#d440ad"}}, {"type": "Feature", "geometry": {"type": "Point", "coordinates": [1.9836152999999999, 7.1999729]}, "properties": {"poi_name": "Centre de santé humanitaire Oumar zongo", "matched_quartier": "Zongo-Nima", "status": "INVALID", "reason": "no_road_within_150m", "n_seeds": 0, "n_X_seeds": 0, "n_reassignable": 0, "target_color": "#d440ad"}}, {"type": "Feature", "geometry": {"type": "Point", "coordinates": [-0.1733535, 5.6779250999999995]}, "properties": {"poi_name": "Madina zongo junction bus stop", "matched_quartier": "Zongo-Nima", "status": "INVALID", "reason": "no_road_within_150m", "n_seeds": 0, "n_X_seeds": 0, "n_reassignable": 0, "target_color": "#d440ad"}}, {"type": "Feature", "geometry": {"type": "Point", "coordinates": [-0.1728469, 5.6781619999999995]}, "properties": {"poi_name": "Zongo Junction", "matched_quartier": "Zongo-Nima", "status": "INVALID", "reason": "no_road_within_150m", "n_seeds": 0, "n_X_seeds": 0, "n_reassignable": 0, "target_color": "#d440ad"}}, {"type": "Feature", "geometry": {"type": "Point", "coordinates": [2.4254249999999997, 6.3546724]}, "properties": {"poi_name": "Parking Zongo - Port Autonome de Cotonou", "matched_quartier": "Zongo-Nima", "status": "VALID", "reason": "reached_X_network", "n_seeds": 9, "n_X_seeds": 8, "n_reassignable": 15, "target_color": "#d440ad"}}, {"type": "Feature", "geometry": {"type": "Point", "coordinates": [-0.1736086, 5.678249999999999]}, "properties": {"poi_name": "Zongo Junction Taxi Rank", "matched_quartier": "Zongo-Nima", "status": "INVALID", "reason": "no_road_within_150m", "n_seeds": 0, "n_X_seeds": 0, "n_reassignable": 0, "target_color": "#d440ad"}}, {"type": "Feature", "geometry": {"type": "Point", "coordinates": [2.4250871, 6.3602099]}, "properties": {"poi_name": "Bank of Africa Zongo", "matched_quartier": "Zongo-Nima", "status": "VALID", "reason": "reached_X_network", "n_seeds": 6, "n_X_seeds": 0, "n_reassignable": 7, "target_color": "#d440ad"}}, {"type": "Feature", "geometry": {"type": "Point", "coordinates": [-72.93384259999999, 41.3136288]}, "properties": {"poi_name": "Zongozon", "matched_quartier": "Zongo-Nima", "status": "INVALID", "reason": "no_road_within_150m", "n_seeds": 0, "n_X_seeds": 0, "n_reassignable": 0, "target_color": "#d440ad"}}, {"type": "Feature", "geometry": {"type": "Point", "coordinates": [2.6267755000000004, 9.364285100000002]}, "properties": {"poi_name": "Zongo II Market", "matched_quartier": "Zongo-Nima", "status": "INVALID", "reason": "no_road_within_150m", "n_seeds": 0, "n_X_seeds": 0, "n_reassignable": 0, "target_color": "#d440ad"}}, {"type": "Feature", "geometry": {"type": "Point", "coordinates": [18.596057599999998, 4.3502015]}, "properties": {"poi_name": "Zongo", "matched_quartier": "Zongo-Nima", "status": "INVALID", "reason": "no_road_within_150m", "n_seeds": 0, "n_X_seeds": 0, "n_reassignable": 0, "target_color": "#d440ad"}}, {"type": "Feature", "geometry": {"type": "Point", "coordinates": [14.909828599999999, -4.78406]}, "properties": {"poi_name": "Zongo Dam", "matched_quartier": "Zongo-Nima", "status": "INVALID", "reason": "no_road_within_150m", "n_seeds": 0, "n_X_seeds": 0, "n_reassignable": 0, "target_color": "#d440ad"}}, {"type": "Feature", "geometry": {"type": "Point", "coordinates": [14.906430099999998, -4.7776876999999995]}, "properties": {"poi_name": "Zongo Falls", "matched_quartier": "Zongo-Nima", "status": "INVALID", "reason": "no_road_within_150m", "n_seeds": 0, "n_X_seeds": 0, "n_reassignable": 0, "target_color": "#d440ad"}}, {"type": "Feature", "geometry": {"type": "Point", "coordinates": [-95.75304899999999, 29.674315999999997]}, "properties": {"poi_name": "Zongo", "matched_quartier": "Zongo-Nima", "status": "INVALID", "reason": "no_road_within_150m", "n_seeds": 0, "n_X_seeds": 0, "n_reassignable": 0, "target_color": "#d440ad"}}, {"type": "Feature", "geometry": {"type": "Point", "coordinates": [-82.94912479999999, 40.0858306]}, "properties": {"poi_name": "Zongo Link African Restaurant", "matched_quartier": "Zongo-Nima", "status": "INVALID", "reason": "no_road_within_150m", "n_seeds": 0, "n_X_seeds": 0, "n_reassignable": 0, "target_color": "#d440ad"}}, {"type": "Feature", "geometry": {"type": "Point", "coordinates": [-82.87884799999999, 39.9200004]}, "properties": {"poi_name": "Zongo link", "matched_quartier": "Zongo-Nima", "status": "INVALID", "reason": "no_road_within_150m", "n_seeds": 0, "n_X_seeds": 0, "n_reassignable": 0, "target_color": "#d440ad"}}, {"type": "Feature", "geometry": {"type": "Point", "coordinates": [-0.18296659999999998, 5.6769716]}, "properties": {"poi_name": "Madina Zongo Sports Complex", "matched_quartier": "Zongo-Nima", "status": "INVALID", "reason": "no_road_within_150m", "n_seeds": 0, "n_X_seeds": 0, "n_reassignable": 0, "target_color": "#d440ad"}}, {"type": "Feature", "geometry": {"type": "Point", "coordinates": [2.4437281000000004, 6.3946431]}, "properties": {"poi_name": "Agbato", "matched_quartier": "Agbatô", "status": "VALID", "reason": "reached_X_network", "n_seeds": 6, "n_X_seeds": 0, "n_reassignable": 34, "target_color": "#87d24a"}}, {"type": "Feature", "geometry": {"type": "Point", "coordinates": [2.4432343999999997, 6.3943625]}, "properties": {"poi_name": "Public Primary School De Agbato", "matched_quartier": "Agbatô", "status": "VALID", "reason": "reached_X_network", "n_seeds": 10, "n_X_seeds": 0, "n_reassignable": 37, "target_color": "#87d24a"}}, {"type": "Feature", "geometry": {"type": "Point", "coordinates": [2.4437281000000004, 6.3946431]}, "properties": {"poi_name": "Agbato", "matched_quartier": "Agbatô", "status": "VALID", "reason": "reached_X_network", "n_seeds": 6, "n_X_seeds": 0, "n_reassignable": 34, "target_color": "#87d24a"}}, {"type": "Feature", "geometry": {"type": "Point", "coordinates": [2.44115, 6.390499999999999]}, "properties": {"poi_name": "Pharmacie AGBATO", "matched_quartier": "Agbatô", "status": "VALID", "reason": "reached_X_network", "n_seeds": 43, "n_X_seeds": 0, "n_reassignable": 52, "target_color": "#87d24a"}}, {"type": "Feature", "geometry": {"type": "Point", "coordinates": [2.4383627, 6.3888224]}, "properties": {"poi_name": "Centre De Santé D'agbato", "matched_quartier": "Agbatô", "status": "VALID", "reason": "reached_X_network", "n_seeds": 9, "n_X_seeds": 0, "n_reassignable": 22, "target_color": "#87d24a"}}, {"type": "Feature", "geometry": {"type": "Point", "coordinates": [2.4428818999999997, 6.3937479999999995]}, "properties": {"poi_name": "ECC Paroisse Saint Jean Baptise Agbato Centre", "matched_quartier": "Agbatô", "status": "VALID", "reason": "reached_X_network", "n_seeds": 11, "n_X_seeds": 0, "n_reassignable": 37, "target_color": "#87d24a"}}, {"type": "Feature", "geometry": {"type": "Point", "coordinates": [2.4146957, 6.3555646999999995]}, "properties": {"poi_name": "Zongo-Ehuzu", "matched_quartier": "Zongo-Ehuzu", "status": "VALID", "reason": "reached_X_network", "n_seeds": 8, "n_X_seeds": 0, "n_reassignable": 21, "target_color": "#8dc93f"}}, {"type": "Feature", "geometry": {"type": "Point", "coordinates": [2.4238076, 6.3577517]}, "properties": {"poi_name": "Pâtisserie Diététique Ancienne Mairie Zongo", "matched_quartier": "Zongo-Ehuzu", "status": "VALID", "reason": "reached_X_network", "n_seeds": 12, "n_X_seeds": 0, "n_reassignable": 22, "target_color": "#8dc93f"}}, {"type": "Feature", "geometry": {"type": "Point", "coordinates": [2.2471590999999997, 7.9672958]}, "properties": {"poi_name": "Epp Zongo Glazoue", "matched_quartier": "Zongo-Ehuzu", "status": "INVALID", "reason": "no_road_within_150m", "n_seeds": 0, "n_X_seeds": 0, "n_reassignable": 0, "target_color": "#8dc93f"}}, {"type": "Feature", "geometry": {"type": "Point", "coordinates": [2.4250053, 6.3553406]}, "properties": {"poi_name": "Zongo", "matched_quartier": "Zongo-Ehuzu", "status": "VALID", "reason": "reached_X_network", "n_seeds": 27, "n_X_seeds": 4, "n_reassignable": 39, "target_color": "#8dc93f"}}, {"type": "Feature", "geometry": {"type": "Point", "coordinates": [2.6261053999999997, 6.4329681]}, "properties": {"poi_name": "Mosquée Centrale Zongo", "matched_quartier": "Zongo-Ehuzu", "status": "INVALID", "reason": "no_road_within_150m", "n_seeds": 0, "n_X_seeds": 0, "n_reassignable": 0, "target_color": "#8dc93f"}}, {"type": "Feature", "geometry": {"type": "Point", "coordinates": [2.2403523, 7.9642288]}, "properties": {"poi_name": "Mosquée zongo", "matched_quartier": "Zongo-Ehuzu", "status": "INVALID", "reason": "no_road_within_150m", "n_seeds": 0, "n_X_seeds": 0, "n_reassignable": 0, "target_color": "#8dc93f"}}, {"type": "Feature", "geometry": {"type": "Point", "coordinates": [1.6442413000000002, 8.016708]}, "properties": {"poi_name": "Mosquée Centrale Zongo", "matched_quartier": "Zongo-Ehuzu", "status": "INVALID", "reason": "no_road_within_150m", "n_seeds": 0, "n_X_seeds": 0, "n_reassignable": 0, "target_color": "#8dc93f"}}, {"type": "Feature", "geometry": {"type": "Point", "coordinates": [1.9979467000000002, 7.1855256999999995]}, "properties": {"poi_name": "Clinique médicale Ouma Zongo/ Abomey", "matched_quartier": "Zongo-Ehuzu", "status": "INVALID", "reason": "no_road_within_150m", "n_seeds": 0, "n_X_seeds": 0, "n_reassignable": 0, "target_color": "#8dc93f"}}, {"type": "Feature", "geometry": {"type": "Point", "coordinates": [14.892099999999997, -4.7863999999999995]}, "properties": {"poi_name": "Zongo Centre Hôpital", "matched_quartier": "Zongo-Ehuzu", "status": "INVALID", "reason": "no_road_within_150m", "n_seeds": 0, "n_X_seeds": 0, "n_reassignable": 0, "target_color": "#8dc93f"}}, {"type": "Feature", "geometry": {"type": "Point", "coordinates": [2.9368543, 11.1345722]}, "properties": {"poi_name": "Carrefour Zongo", "matched_quartier": "Zongo-Ehuzu", "status": "INVALID", "reason": "no_road_within_150m", "n_seeds": 0, "n_X_seeds": 0, "n_reassignable": 0, "target_color": "#8dc93f"}}, {"type": "Feature", "geometry": {"type": "Point", "coordinates": [2.408512, 6.3622644]}, "properties": {"poi_name": "AFG ASSURANCES / AGENCE SICA ZONGO", "matched_quartier": "Zongo-Ehuzu", "status": "INVALID", "reason": "no_connection_to_X_network", "n_seeds": 16, "n_X_seeds": 0, "n_reassignable": 0, "target_color": "#8dc93f"}}, {"type": "Feature", "geometry": {"type": "Point", "coordinates": [2.4257157, 6.3594453]}, "properties": {"poi_name": "Pharmacie Zongo", "matched_quartier": "Zongo-Ehuzu", "status": "INVALID", "reason": "no_connection_to_X_network", "n_seeds": 7, "n_X_seeds": 0, "n_reassignable": 0, "target_color": "#8dc93f"}}, {"type": "Feature", "geometry": {"type": "Point", "coordinates": [2.4258013, 6.357581799999999]}, "properties": {"poi_name": "Pharmacie MOSQUÉE CENTRALE ZONGO", "matched_quartier": "Zongo-Ehuzu", "status": "VALID", "reason": "reached_X_network", "n_seeds": 31, "n_X_seeds": 0, "n_reassignable": 52, "target_color": "#8dc93f"}}, {"type": "Feature", "geometry": {"type": "Point", "coordinates": [2.6243752, 9.3651845]}, "properties": {"poi_name": "Pharmacie Zongo II", "matched_quartier": "Zongo-Ehuzu", "status": "INVALID", "reason": "no_road_within_150m", "n_seeds": 0, "n_X_seeds": 0, "n_reassignable": 0, "target_color": "#8dc93f"}}, {"type": "Feature", "geometry": {"type": "Point", "coordinates": [2.4218956, 6.3577398]}, "properties": {"poi_name": "MODE STORE ZONGO NIMA", "matched_quartier": "Zongo-Ehuzu", "status": "VALID", "reason": "reached_X_network", "n_seeds": 16, "n_X_seeds": 3, "n_reassignable": 15, "target_color": "#8dc93f"}}, {"type": "Feature", "geometry": {"type": "Point", "coordinates": [2.408512, 6.3622644]}, "properties": {"poi_name": "La Maison Du Lait Caillé Zongo", "matched_quartier": "Zongo-Ehuzu", "status": "INVALID", "reason": "no_connection_to_X_network", "n_seeds": 16, "n_X_seeds": 0, "n_reassignable": 0, "target_color": "#8dc93f"}}, {"type": "Feature", "geometry": {"type": "Point", "coordinates": [2.4227241, 6.3880936]}, "properties": {"poi_name": "Ahouansori-Ague", "matched_quartier": "Ahouansori-Towéta", "status": "VALID", "reason": "reached_X_network", "n_seeds": 25, "n_X_seeds": 0, "n_reassignable": 36, "target_color": "#d1713e"}}, {"type": "Feature", "geometry": {"type": "Point", "coordinates": [2.433273, 6.3848953999999996]}, "properties": {"poi_name": "Ahouansori Centre de Santé", "matched_quartier": "Ahouansori-Towéta", "status": "INVALID", "reason": "no_connection_to_X_network", "n_seeds": 7, "n_X_seeds": 0, "n_reassignable": 0, "target_color": "#d1713e"}}, {"type": "Feature", "geometry": {"type": "Point", "coordinates": [2.4217229, 6.3855704]}, "properties": {"poi_name": "Centre de santé de Ahouansori Ague", "matched_quartier": "Ahouansori-Towéta", "status": "VALID", "reason": "reached_X_network", "n_seeds": 10, "n_X_seeds": 0, "n_reassignable": 25, "target_color": "#d1713e"}}, {"type": "Feature", "geometry": {"type": "Point", "coordinates": [2.4254124999999997, 6.3881675]}, "properties": {"poi_name": "Toweta kpota", "matched_quartier": "Ahouansori-Towéta-Kpota", "status": "INVALID", "reason": "no_connection_to_X_network", "n_seeds": 51, "n_X_seeds": 0, "n_reassignable": 0, "target_color": "#62d440"}}, {"type": "Feature", "geometry": {"type": "Point", "coordinates": [2.4270476999999997, 6.3900676999999995]}, "properties": {"poi_name": "Toweta 1", "matched_quartier": "Ahouansori-Towéta", "status": "VALID", "reason": "reached_X_network", "n_seeds": 35, "n_X_seeds": 20, "n_reassignable": 15, "target_color": "#d1713e"}}, {"type": "Feature", "geometry": {"type": "Point", "coordinates": [2.4850482, 6.3683302]}, "properties": {"poi_name": "Tokplegbe Market", "matched_quartier": "Tokplégbé", "status": "VALID", "reason": "reached_X_network", "n_seeds": 76, "n_X_seeds": 0, "n_reassignable": 70, "target_color": "#c74886"}}, {"type": "Feature", "geometry": {"type": "Point", "coordinates": [2.4925685, 6.361841999999999]}, "properties": {"poi_name": "Tokplegbe", "matched_quartier": "Tokplégbé", "status": "VALID", "reason": "already_on_X_network", "n_seeds": 8, "n_X_seeds": 8, "n_reassignable": 0, "target_color": "#c74886"}}, {"type": "Feature", "geometry": {"type": "Point", "coordinates": [2.4900884, 6.3658505]}, "properties": {"poi_name": "Epp Tokplegbe, Cotonou", "matched_quartier": "Tokplégbé", "status": "VALID", "reason": "already_on_X_network", "n_seeds": 9, "n_X_seeds": 9, "n_reassignable": 0, "target_color": "#c74886"}}, {"type": "Feature", "geometry": {"type": "Point", "coordinates": [2.4926304999999997, 6.3618498]}, "properties": {"poi_name": "EPMB Temple Galilée de Tokplégbé", "matched_quartier": "Tokplégbé", "status": "VALID", "reason": "already_on_X_network", "n_seeds": 7, "n_X_seeds": 7, "n_reassignable": 0, "target_color": "#c74886"}}, {"type": "Feature", "geometry": {"type": "Point", "coordinates": [2.4845965, 6.3672632]}, "properties": {"poi_name": "CIMBENIN - Dépôt Tokplégbé", "matched_quartier": "Tokplégbé", "status": "VALID", "reason": "reached_X_network", "n_seeds": 8, "n_X_seeds": 0, "n_reassignable": 9, "target_color": "#c74886"}}, {"type": "Feature", "geometry": {"type": "Point", "coordinates": [2.4935739, 6.3620262]}, "properties": {"poi_name": "Tokplegbe ECK Center", "matched_quartier": "Tokplégbé", "status": "VALID", "reason": "reached_X_network", "n_seeds": 9, "n_X_seeds": 5, "n_reassignable": 4, "target_color": "#c74886"}}, {"type": "Feature", "geometry": {"type": "Point", "coordinates": [2.3784293, 6.3561887]}, "properties": {"poi_name": "EPMB Fidjrossè, Temple Louange à Dieu", "matched_quartier": "Fidjrossè-Centre", "status": "VALID", "reason": "reached_X_network", "n_seeds": 19, "n_X_seeds": 7, "n_reassignable": 12, "target_color": "#d77c47"}}, {"type": "Feature", "geometry": {"type": "Point", "coordinates": [2.3627916, 6.3517396]}, "properties": {"poi_name": "Cabinet Paramédical Fidjrosse", "matched_quartier": "Fidjrossè-Centre", "status": "VALID", "reason": "reached_X_network", "n_seeds": 21, "n_X_seeds": 0, "n_reassignable": 39, "target_color": "#d77c47"}}, {"type": "Feature", "geometry": {"type": "Point", "coordinates": [2.3740565, 6.361372800000001]}, "properties": {"poi_name": "Ecobank Fidjrossé", "matched_quartier": "Fidjrossè-Centre", "status": "VALID", "reason": "reached_X_network", "n_seeds": 30, "n_X_seeds": 0, "n_reassignable": 33, "target_color": "#d77c47"}}, {"type": "Feature", "geometry": {"type": "Point", "coordinates": [2.3749086, 6.3608820999999995]}, "properties": {"poi_name": "Nouvelle Laverie Fidjrossè Cotonou bénin", "matched_quartier": "Fidjrossè-Centre", "status": "VALID", "reason": "reached_X_network", "n_seeds": 27, "n_X_seeds": 0, "n_reassignable": 29, "target_color": "#d77c47"}}, {"type": "Feature", "geometry": {"type": "Point", "coordinates": [2.4277995, 6.3562426]}, "properties": {"poi_name": "Chambre salon fidjrossè Bénin", "matched_quartier": "Fidjrossè-Centre", "status": "INVALID", "reason": "no_connection_to_X_network", "n_seeds": 69, "n_X_seeds": 0, "n_reassignable": 0, "target_color": "#d77c47"}}, {"type": "Feature", "geometry": {"type": "Point", "coordinates": [2.3795059999999997, 6.3609323]}, "properties": {"poi_name": "Pharmacie don de Dieu fidjrosse", "matched_quartier": "Fidjrossè-Centre", "status": "VALID", "reason": "reached_X_network", "n_seeds": 26, "n_X_seeds": 0, "n_reassignable": 48, "target_color": "#d77c47"}}, {"type": "Feature", "geometry": {"type": "Point", "coordinates": [2.3844765, 6.3638613]}, "properties": {"poi_name": "Boutique AMAP Bénin - Fidjrossè", "matched_quartier": "Fidjrossè-Centre", "status": "VALID", "reason": "reached_X_network", "n_seeds": 20, "n_X_seeds": 0, "n_reassignable": 26, "target_color": "#d77c47"}}, {"type": "Feature", "geometry": {"type": "Point", "coordinates": [2.3801136, 6.366355100000001]}, "properties": {"poi_name": "Cotonou fidjrossè", "matched_quartier": "Fidjrossè-Centre", "status": "INVALID", "reason": "no_connection_to_X_network", "n_seeds": 11, "n_X_seeds": 0, "n_reassignable": 0, "target_color": "#d77c47"}}, {"type": "Feature", "geometry": {"type": "Point", "coordinates": [2.3661029, 6.357466]}, "properties": {"poi_name": "Restaurant Buffet des Anges Fidjrossè", "matched_quartier": "Fidjrossè-Centre", "status": "VALID", "reason": "already_on_X_network", "n_seeds": 27, "n_X_seeds": 27, "n_reassignable": 0, "target_color": "#d77c47"}}, {"type": "Feature", "geometry": {"type": "Point", "coordinates": [2.3459035, 6.3534352]}, "properties": {"poi_name": "LA PROMESSE AUX 1000 SAVEURS Fidjrosse 100% Bio", "matched_quartier": "Fidjrossè-Centre", "status": "INVALID", "reason": "no_connection_to_X_network", "n_seeds": 8, "n_X_seeds": 0, "n_reassignable": 0, "target_color": "#d77c47"}}, {"type": "Feature", "geometry": {"type": "Point", "coordinates": [2.4585602, 6.3693138]}, "properties": {"poi_name": "Sodjatinme-Est", "matched_quartier": "Sodjatinmè-Est", "status": "VALID", "reason": "reached_X_network", "n_seeds": 6, "n_X_seeds": 4, "n_reassignable": 3, "target_color": "#d446df"}}, {"type": "Feature", "geometry": {"type": "Point", "coordinates": [2.4057605, 6.3621627]}, "properties": {"poi_name": "Epp Gbegamey- Nord", "matched_quartier": "Gbégamey-Ahito", "status": "INVALID", "reason": "no_connection_to_X_network", "n_seeds": 5, "n_X_seeds": 0, "n_reassignable": 0, "target_color": "#3bd54b"}}, {"type": "Feature", "geometry": {"type": "Point", "coordinates": [2.4156021, 6.3659088]}, "properties": {"poi_name": "Eglise Catholique St Jean de Gbegamey", "matched_quartier": "Gbégamey-Ahito", "status": "INVALID", "reason": "no_connection_to_X_network", "n_seeds": 12, "n_X_seeds": 0, "n_reassignable": 0, "target_color": "#3bd54b"}}, {"type": "Feature", "geometry": {"type": "Point", "coordinates": [2.4077479999999998, 6.3637672]}, "properties": {"poi_name": "Marché de Gbégamey", "matched_quartier": "Gbégamey-Ahito", "status": "VALID", "reason": "reached_X_network", "n_seeds": 15, "n_X_seeds": 9, "n_reassignable": 4, "target_color": "#3bd54b"}}, {"type": "Feature", "geometry": {"type": "Point", "coordinates": [2.476899, 6.3722784]}, "properties": {"poi_name": "1er arrondissement dandji (office d'enroulement ravip)", "matched_quartier": "Dandji", "status": "VALID", "reason": "reached_X_network", "n_seeds": 21, "n_X_seeds": 10, "n_reassignable": 11, "target_color": "#c150dd"}}, {"type": "Feature", "geometry": {"type": "Point", "coordinates": [2.4925685, 6.361841999999999]}, "properties": {"poi_name": "Dandji", "matched_quartier": "Dandji", "status": "INVALID", "reason": "no_connection_to_X_network", "n_seeds": 8, "n_X_seeds": 0, "n_reassignable": 0, "target_color": "#c150dd"}}, {"type": "Feature", "geometry": {"type": "Point", "coordinates": [2.482674, 6.372550800000001]}, "properties": {"poi_name": "Hotel Dandji", "matched_quartier": "Dandji", "status": "VALID", "reason": "reached_X_network", "n_seeds": 25, "n_X_seeds": 0, "n_reassignable": 25, "target_color": "#c150dd"}}, {"type": "Feature", "geometry": {"type": "Point", "coordinates": [2.4421833, 6.3630778999999995]}, "properties": {"poi_name": "Abokicodji-Lagune", "matched_quartier": "Abokicodji-Lagune", "status": "VALID", "reason": "already_on_X_network", "n_seeds": 13, "n_X_seeds": 13, "n_reassignable": 0, "target_color": "#44db71"}}, {"type": "Feature", "geometry": {"type": "Point", "coordinates": [2.4384907, 6.3613409]}, "properties": {"poi_name": "Hospital Center De La Mère Et De L'enfant Lagune De Cotonou", "matched_quartier": "Abokicodji-Lagune", "status": "INVALID", "reason": "no_connection_to_X_network", "n_seeds": 27, "n_X_seeds": 0, "n_reassignable": 0, "target_color": "#44db71"}}, {"type": "Feature", "geometry": {"type": "Point", "coordinates": [2.4449639, 6.364061599999999]}, "properties": {"poi_name": "Abokicodji Nazare", "matched_quartier": "Abokicodji-Lagune", "status": "VALID", "reason": "reached_X_network", "n_seeds": 19, "n_X_seeds": 3, "n_reassignable": 16, "target_color": "#44db71"}}, {"type": "Feature", "geometry": {"type": "Point", "coordinates": [2.3924706, 6.3928880999999995]}, "properties": {"poi_name": "Zogbo Marie", "matched_quartier": "Zogbo", "status": "VALID", "reason": "already_on_X_network", "n_seeds": 19, "n_X_seeds": 19, "n_reassignable": 0, "target_color": "#88d14f"}}, {"type": "Feature", "geometry": {"type": "Point", "coordinates": [2.1192427, 7.0673441]}, "properties": {"poi_name": "Mairie de ZOGBODOMEY", "matched_quartier": "Zogbo", "status": "INVALID", "reason": "no_road_within_150m", "n_seeds": 0, "n_X_seeds": 0, "n_reassignable": 0, "target_color": "#88d14f"}}, {"type": "Feature", "geometry": {"type": "Point", "coordinates": [2.3882969, 6.3891875]}, "properties": {"poi_name": "Zogbo", "matched_quartier": "Zogbo", "status": "VALID", "reason": "reached_X_network", "n_seeds": 26, "n_X_seeds": 7, "n_reassignable": 19, "target_color": "#88d14f"}}, {"type": "Feature", "geometry": {"type": "Point", "coordinates": [2.3924706, 6.3928880999999995]}, "properties": {"poi_name": "Zogbo", "matched_quartier": "Zogbo", "status": "VALID", "reason": "already_on_X_network", "n_seeds": 19, "n_X_seeds": 19, "n_reassignable": 0, "target_color": "#88d14f"}}, {"type": "Feature", "geometry": {"type": "Point", "coordinates": [2.3947852, 6.391381399999999]}, "properties": {"poi_name": "C.E.G Zogbo", "matched_quartier": "Zogbo", "status": "VALID", "reason": "reached_X_network", "n_seeds": 23, "n_X_seeds": 4, "n_reassignable": 19, "target_color": "#88d14f"}}, {"type": "Feature", "geometry": {"type": "Point", "coordinates": [2.3902810999999997, 6.3917017]}, "properties": {"poi_name": "École Primaire Publique De Zogbo", "matched_quartier": "Zogbo", "status": "VALID", "reason": "already_on_X_network", "n_seeds": 21, "n_X_seeds": 21, "n_reassignable": 0, "target_color": "#88d14f"}}, {"type": "Feature", "geometry": {"type": "Point", "coordinates": [2.3901848, 6.3939935]}, "properties": {"poi_name": "Eglise Catholique St Antoine de Padoue de Zogbo", "matched_quartier": "Zogbo", "status": "VALID", "reason": "already_on_X_network", "n_seeds": 11, "n_X_seeds": 11, "n_reassignable": 0, "target_color": "#88d14f"}}, {"type": "Feature", "geometry": {"type": "Point", "coordinates": [2.3852656, 6.3852649999999995]}, "properties": {"poi_name": "Eglise de Pentecôte Assemblée de Zogbo", "matched_quartier": "Zogbo", "status": "VALID", "reason": "reached_X_network", "n_seeds": 21, "n_X_seeds": 0, "n_reassignable": 37, "target_color": "#88d14f"}}, {"type": "Feature", "geometry": {"type": "Point", "coordinates": [2.3908959, 6.392918400000001]}, "properties": {"poi_name": "Église Protestante Méthodiste \"Bethlehem Zogbo\"", "matched_quartier": "Zogbo", "status": "VALID", "reason": "already_on_X_network", "n_seeds": 17, "n_X_seeds": 17, "n_reassignable": 0, "target_color": "#88d14f"}}, {"type": "Feature", "geometry": {"type": "Point", "coordinates": [2.3825011, 6.3885799]}, "properties": {"poi_name": "Église Baptiste de Zogbo", "matched_quartier": "Zogbo", "status": "VALID", "reason": "reached_X_network", "n_seeds": 29, "n_X_seeds": 0, "n_reassignable": 27, "target_color": "#88d14f"}}, {"type": "Feature", "geometry": {"type": "Point", "coordinates": [2.3950933, 6.3928673]}, "properties": {"poi_name": "ECC Paroisse Jesus me voit zogbo", "matched_quartier": "Zogbo", "status": "VALID", "reason": "reached_X_network", "n_seeds": 34, "n_X_seeds": 17, "n_reassignable": 17, "target_color": "#88d14f"}}, {"type": "Feature", "geometry": {"type": "Point", "coordinates": [2.3937641999999997, 6.3906846999999996]}, "properties": {"poi_name": "Clinique Saint Antoine de Padoue de Zogbo", "matched_quartier": "Zogbo", "status": "VALID", "reason": "reached_X_network", "n_seeds": 10, "n_X_seeds": 2, "n_reassignable": 8, "target_color": "#88d14f"}}, {"type": "Feature", "geometry": {"type": "Point", "coordinates": [2.3896094999999997, 6.3923328999999995]}, "properties": {"poi_name": "Centre de Santé d'Arrondissement de Zogbo", "matched_quartier": "Zogbo", "status": "VALID", "reason": "already_on_X_network", "n_seeds": 17, "n_X_seeds": 17, "n_reassignable": 0, "target_color": "#88d14f"}}, {"type": "Feature", "geometry": {"type": "Point", "coordinates": [2.3898448, 6.3925203999999995]}, "properties": {"poi_name": "Health Center De Zogbo", "matched_quartier": "Zogbo", "status": "VALID", "reason": "already_on_X_network", "n_seeds": 17, "n_X_seeds": 17, "n_reassignable": 0, "target_color": "#88d14f"}}, {"type": "Feature", "geometry": {"type": "Point", "coordinates": [2.3882228, 6.390168399999999]}, "properties": {"poi_name": "Pharmacie Zogbo", "matched_quartier": "Zogbo", "status": "VALID", "reason": "reached_X_network", "n_seeds": 24, "n_X_seeds": 13, "n_reassignable": 11, "target_color": "#88d14f"}}, {"type": "Feature", "geometry": {"type": "Point", "coordinates": [2.3881932999999997, 6.3904806999999995]}, "properties": {"poi_name": "STATION JNP ZOGBO", "matched_quartier": "Zogbo", "status": "VALID", "reason": "reached_X_network", "n_seeds": 22, "n_X_seeds": 12, "n_reassignable": 10, "target_color": "#88d14f"}}, {"type": "Feature", "geometry": {"type": "Point", "coordinates": [2.3871944, 6.3897778]}, "properties": {"poi_name": "BENIN PETRO ZOGBO", "matched_quartier": "Zogbo", "status": "VALID", "reason": "reached_X_network", "n_seeds": 24, "n_X_seeds": 2, "n_reassignable": 22, "target_color": "#88d14f"}}, {"type": "Feature", "geometry": {"type": "Point", "coordinates": [2.3878356, 6.390232300000001]}, "properties": {"poi_name": "Bank Of Africa Agence Zogbo", "matched_quartier": "Zogbo", "status": "VALID", "reason": "reached_X_network", "n_seeds": 22, "n_X_seeds": 10, "n_reassignable": 12, "target_color": "#88d14f"}}, {"type": "Feature", "geometry": {"type": "Point", "coordinates": [2.3869118, 6.3891421]}, "properties": {"poi_name": "DHL Service Point (UNION ASSURANCES ZOGBO)", "matched_quartier": "Zogbo", "status": "VALID", "reason": "reached_X_network", "n_seeds": 24, "n_X_seeds": 0, "n_reassignable": 26, "target_color": "#88d14f"}}, {"type": "Feature", "geometry": {"type": "Point", "coordinates": [2.385296, 6.3900125]}, "properties": {"poi_name": "Marche de Zogbo", "matched_quartier": "Zogbo", "status": "VALID", "reason": "reached_X_network", "n_seeds": 39, "n_X_seeds": 0, "n_reassignable": 38, "target_color": "#88d14f"}}, {"type": "Feature", "geometry": {"type": "Point", "coordinates": [2.4214889, 6.3588553999999995]}, "properties": {"poi_name": "Mifongou", "matched_quartier": "Mifongou", "status": "INVALID", "reason": "no_connection_to_X_network", "n_seeds": 7, "n_X_seeds": 0, "n_reassignable": 0, "target_color": "#d96c4e"}}, {"type": "Feature", "geometry": {"type": "Point", "coordinates": [2.4277995, 6.3562425]}, "properties": {"poi_name": "Agla château", "matched_quartier": "Agla-Petit-Château", "status": "INVALID", "reason": "no_connection_to_X_network", "n_seeds": 69, "n_X_seeds": 0, "n_reassignable": 0, "target_color": "#44d079"}}, {"type": "Feature", "geometry": {"type": "Point", "coordinates": [2.3640875, 6.383711]}, "properties": {"poi_name": "École nouvelle sagesse Agla petit à petit 2", "matched_quartier": "Agla-Petit-Château", "status": "VALID", "reason": "reached_X_network", "n_seeds": 32, "n_X_seeds": 0, "n_reassignable": 52, "target_color": "#44d079"}}, {"type": "Feature", "geometry": {"type": "Point", "coordinates": [2.35018, 6.373537499999999]}, "properties": {"poi_name": "Station JNP Agla petit à petit 2", "matched_quartier": "Agla-Petit-Château", "status": "INVALID", "reason": "no_connection_to_X_network", "n_seeds": 12, "n_X_seeds": 0, "n_reassignable": 0, "target_color": "#44d079"}}, {"type": "Feature", "geometry": {"type": "Point", "coordinates": [2.3507124999999998, 6.374503799999999]}, "properties": {"poi_name": "PETIT A PETIT MECHE - AGLA", "matched_quartier": "Agla-Petit-Château", "status": "INVALID", "reason": "no_connection_to_X_network", "n_seeds": 10, "n_X_seeds": 0, "n_reassignable": 0, "target_color": "#44d079"}}, {"type": "Feature", "geometry": {"type": "Point", "coordinates": [2.3950747999999997, 6.3855331]}, "properties": {"poi_name": "Paroisse Sainte Marie Mère du Sauveur de Midedji Cotonou", "matched_quartier": "Midédji", "status": "VALID", "reason": "already_on_X_network", "n_seeds": 8, "n_X_seeds": 8, "n_reassignable": 0, "target_color": "#43d748"}}, {"type": "Feature", "geometry": {"type": "Point", "coordinates": [2.3665548999999997, 6.3650891]}, "properties": {"poi_name": "Houenoussou", "matched_quartier": "Houénoussou", "status": "INVALID", "reason": "no_connection_to_X_network", "n_seeds": 15, "n_X_seeds": 0, "n_reassignable": 0, "target_color": "#dfb041"}}, {"type": "Feature", "geometry": {"type": "Point", "coordinates": [2.4737956, 6.6530888]}, "properties": {"poi_name": "Epp Lowé-Houénoussou", "matched_quartier": "Houénoussou", "status": "INVALID", "reason": "no_connection_to_X_network", "n_seeds": 11, "n_X_seeds": 0, "n_reassignable": 0, "target_color": "#dfb041"}}, {"type": "Feature", "geometry": {"type": "Point", "coordinates": [2.3658478, 6.3537444]}, "properties": {"poi_name": "Mosquée Centrale de Houénoussou", "matched_quartier": "Houénoussou", "status": "INVALID", "reason": "no_connection_to_X_network", "n_seeds": 8, "n_X_seeds": 0, "n_reassignable": 0, "target_color": "#dfb041"}}, {"type": "Feature", "geometry": {"type": "Point", "coordinates": [2.3829105999999998, 6.3772633999999995]}, "properties": {"poi_name": "Maternity Houenoussou", "matched_quartier": "Houénoussou", "status": "INVALID", "reason": "no_connection_to_X_network", "n_seeds": 35, "n_X_seeds": 0, "n_reassignable": 0, "target_color": "#dfb041"}}, {"type": "Feature", "geometry": {"type": "Point", "coordinates": [2.3652279, 6.357063999999999]}, "properties": {"poi_name": "Carrefour Houenoussou Fidrossè BT044", "matched_quartier": "Houénoussou", "status": "INVALID", "reason": "no_connection_to_X_network", "n_seeds": 36, "n_X_seeds": 0, "n_reassignable": 0, "target_color": "#dfb041"}}, {"type": "Feature", "geometry": {"type": "Point", "coordinates": [2.3393476, 6.3798201]}, "properties": {"poi_name": "Pharmacie Houenoussou Gare Ocbin", "matched_quartier": "Houénoussou", "status": "INVALID", "reason": "no_connection_to_X_network", "n_seeds": 43, "n_X_seeds": 0, "n_reassignable": 0, "target_color": "#dfb041"}}, {"type": "Feature", "geometry": {"type": "Point", "coordinates": [2.3918534, 6.368296099999999]}, "properties": {"poi_name": "Houenoussou", "matched_quartier": "Houénoussou", "status": "VALID", "reason": "reached_X_network", "n_seeds": 39, "n_X_seeds": 38, "n_reassignable": 1, "target_color": "#dfb041"}}, {"type": "Feature", "geometry": {"type": "Point", "coordinates": [2.4265759, 6.3610067]}, "properties": {"poi_name": "Station AK PETROLEUM SA Scoa Gbéto", "matched_quartier": "Gbéto", "status": "VALID", "reason": "reached_X_network", "n_seeds": 2, "n_X_seeds": 0, "n_reassignable": 2, "target_color": "#d46b41"}}, {"type": "Feature", "geometry": {"type": "Point", "coordinates": [2.4233583, 6.3668393]}, "properties": {"poi_name": "Primary School Protestant Gbéto", "matched_quartier": "Gbéto", "status": "INVALID", "reason": "no_connection_to_X_network", "n_seeds": 8, "n_X_seeds": 0, "n_reassignable": 0, "target_color": "#d46b41"}}, {"type": "Feature", "geometry": {"type": "Point", "coordinates": [2.4236514, 6.3658928]}, "properties": {"poi_name": "Eglise Protestante Methodiste de Gbeto", "matched_quartier": "Gbéto", "status": "INVALID", "reason": "no_connection_to_X_network", "n_seeds": 16, "n_X_seeds": 0, "n_reassignable": 0, "target_color": "#d46b41"}}, {"type": "Feature", "geometry": {"type": "Point", "coordinates": [2.4255887000000005, 6.362945799999999]}, "properties": {"poi_name": "Souwagbeto, Maro Militaire", "matched_quartier": "Gbéto", "status": "VALID", "reason": "reached_X_network", "n_seeds": 19, "n_X_seeds": 1, "n_reassignable": 18, "target_color": "#d46b41"}}, {"type": "Feature", "geometry": {"type": "Point", "coordinates": [2.4171658, 6.3475803]}, "properties": {"poi_name": "Gbeto", "matched_quartier": "Gbéto", "status": "INVALID", "reason": "no_road_within_150m", "n_seeds": 0, "n_X_seeds": 0, "n_reassignable": 0, "target_color": "#d46b41"}}, {"type": "Feature", "geometry": {"type": "Point", "coordinates": [2.5941506, 8.8880654]}, "properties": {"poi_name": "GBETO YOYO SERVICES", "matched_quartier": "Gbéto", "status": "INVALID", "reason": "no_road_within_150m", "n_seeds": 0, "n_X_seeds": 0, "n_reassignable": 0, "target_color": "#d46b41"}}, {"type": "Feature", "geometry": {"type": "Point", "coordinates": [2.4230636999999997, 6.3659516]}, "properties": {"poi_name": "Gbeto", "matched_quartier": "Gbéto", "status": "INVALID", "reason": "no_connection_to_X_network", "n_seeds": 13, "n_X_seeds": 0, "n_reassignable": 0, "target_color": "#d46b41"}}, {"type": "Feature", "geometry": {"type": "Point", "coordinates": [2.4103733, 6.3735273999999995]}, "properties": {"poi_name": "Agbondjedo", "matched_quartier": "Agbondjèdo", "status": "VALID", "reason": "reached_X_network", "n_seeds": 16, "n_X_seeds": 10, "n_reassignable": 6, "target_color": "#d2564b"}}, {"type": "Feature", "geometry": {"type": "Point", "coordinates": [2.4628871, 6.3619834]}, "properties": {"poi_name": "Fifadji-Houto", "matched_quartier": "Fifadji-Houto (Jak)", "status": "VALID", "reason": "reached_X_network", "n_seeds": 7, "n_X_seeds": 1, "n_reassignable": 6, "target_color": "#5dda4a"}}, {"type": "Feature", "geometry": {"type": "Point", "coordinates": [2.4259786000000005, 6.3704000999999995]}, "properties": {"poi_name": "Guichet De La Poste Jéricho", "matched_quartier": "Jéricho-Nord", "status": "VALID", "reason": "reached_X_network", "n_seeds": 22, "n_X_seeds": 0, "n_reassignable": 26, "target_color": "#4ac7a3"}}, {"type": "Feature", "geometry": {"type": "Point", "coordinates": [30.040692900000003, -2.0113095]}, "properties": {"poi_name": "JERICHO SCHOOL", "matched_quartier": "Jéricho-Nord", "status": "INVALID", "reason": "no_road_within_150m", "n_seeds": 0, "n_X_seeds": 0, "n_reassignable": 0, "target_color": "#4ac7a3"}}, {"type": "Feature", "geometry": {"type": "Point", "coordinates": [-73.54243389999999, 40.7986005]}, "properties": {"poi_name": "Jericho High School", "matched_quartier": "Jéricho-Nord", "status": "INVALID", "reason": "no_road_within_150m", "n_seeds": 0, "n_X_seeds": 0, "n_reassignable": 0, "target_color": "#4ac7a3"}}, {"type": "Feature", "geometry": {"type": "Point", "coordinates": [2.4228058, 6.375071999999999]}, "properties": {"poi_name": "HECM SIEGE JERICHO", "matched_quartier": "Jéricho-Nord", "status": "VALID", "reason": "reached_X_network", "n_seeds": 10, "n_X_seeds": 2, "n_reassignable": 9, "target_color": "#4ac7a3"}}, {"type": "Feature", "geometry": {"type": "Point", "coordinates": [2.4249912, 6.372983800000001]}, "properties": {"poi_name": "Eglise Assemblée De Dieu Temple SALEM Jéricho", "matched_quartier": "Jéricho-Nord", "status": "VALID", "reason": "reached_X_network", "n_seeds": 11, "n_X_seeds": 7, "n_reassignable": 4, "target_color": "#4ac7a3"}}, {"type": "Feature", "geometry": {"type": "Point", "coordinates": [-4.0899759, 5.3176705]}, "properties": {"poi_name": "Medical Center Jéricho - Yopougon", "matched_quartier": "Jéricho-Nord", "status": "INVALID", "reason": "no_road_within_150m", "n_seeds": 0, "n_X_seeds": 0, "n_reassignable": 0, "target_color": "#4ac7a3"}}, {"type": "Feature", "geometry": {"type": "Point", "coordinates": [2.3528979, 6.373522599999999]}, "properties": {"poi_name": "JERICHO", "matched_quartier": "Jéricho-Nord", "status": "INVALID", "reason": "no_connection_to_X_network", "n_seeds": 14, "n_X_seeds": 0, "n_reassignable": 0, "target_color": "#4ac7a3"}}, {"type": "Feature", "geometry": {"type": "Point", "coordinates": [2.4260764999999997, 6.3719498]}, "properties": {"poi_name": "Carrefour Bibe Jericho, Cotonou", "matched_quartier": "Jéricho-Nord", "status": "VALID", "reason": "reached_X_network", "n_seeds": 14, "n_X_seeds": 3, "n_reassignable": 24, "target_color": "#4ac7a3"}}, {"type": "Feature", "geometry": {"type": "Point", "coordinates": [2.3912362, 6.3702928]}, "properties": {"poi_name": "Jericho,carrefour papa bonheur", "matched_quartier": "Jéricho-Nord", "status": "INVALID", "reason": "no_connection_to_X_network", "n_seeds": 25, "n_X_seeds": 0, "n_reassignable": 0, "target_color": "#4ac7a3"}}, {"type": "Feature", "geometry": {"type": "Point", "coordinates": [2.3912362, 6.3702928]}, "properties": {"poi_name": "BIIC Jéricho", "matched_quartier": "Jéricho-Nord", "status": "INVALID", "reason": "no_connection_to_X_network", "n_seeds": 25, "n_X_seeds": 0, "n_reassignable": 0, "target_color": "#4ac7a3"}}, {"type": "Feature", "geometry": {"type": "Point", "coordinates": [2.4253101, 6.3786480999999995]}, "properties": {"poi_name": "Pharmacie Jericho", "matched_quartier": "Jéricho-Nord", "status": "VALID", "reason": "reached_X_network", "n_seeds": 6, "n_X_seeds": 0, "n_reassignable": 6, "target_color": "#4ac7a3"}}, {"type": "Feature", "geometry": {"type": "Point", "coordinates": [31.283332800000004, 2.1833334]}, "properties": {"poi_name": "Jericho", "matched_quartier": "Jéricho-Nord", "status": "INVALID", "reason": "no_road_within_150m", "n_seeds": 0, "n_X_seeds": 0, "n_reassignable": 0, "target_color": "#4ac7a3"}}, {"type": "Feature", "geometry": {"type": "Point", "coordinates": [0.7087882999999999, 47.3955947]}, "properties": {"poi_name": "Le Jéricho", "matched_quartier": "Jéricho-Nord", "status": "INVALID", "reason": "no_road_within_150m", "n_seeds": 0, "n_X_seeds": 0, "n_reassignable": 0, "target_color": "#4ac7a3"}}, {"type": "Feature", "geometry": {"type": "Point", "coordinates": [-61.3147522, 15.8849839]}, "properties": {"poi_name": "Restaurant-Jericho", "matched_quartier": "Jéricho-Nord", "status": "INVALID", "reason": "no_road_within_150m", "n_seeds": 0, "n_X_seeds": 0, "n_reassignable": 0, "target_color": "#4ac7a3"}}, {"type": "Feature", "geometry": {"type": "Point", "coordinates": [35.461757999999996, 31.861106]}, "properties": {"poi_name": "Jericho Paradise Resort", "matched_quartier": "Jéricho-Nord", "status": "INVALID", "reason": "no_road_within_150m", "n_seeds": 0, "n_X_seeds": 0, "n_reassignable": 0, "target_color": "#4ac7a3"}}, {"type": "Feature", "geometry": {"type": "Point", "coordinates": [35.4620208, 31.8555335]}, "properties": {"poi_name": "Jericho Waleed's Hostel, West Bank", "matched_quartier": "Jéricho-Nord", "status": "INVALID", "reason": "no_road_within_150m", "n_seeds": 0, "n_X_seeds": 0, "n_reassignable": 0, "target_color": "#4ac7a3"}}, {"type": "Feature", "geometry": {"type": "Point", "coordinates": [35.4553266, 31.8378715]}, "properties": {"poi_name": "Old Jericho Homestay", "matched_quartier": "Jéricho-Nord", "status": "INVALID", "reason": "no_road_within_150m", "n_seeds": 0, "n_X_seeds": 0, "n_reassignable": 0, "target_color": "#4ac7a3"}}, {"type": "Feature", "geometry": {"type": "Point", "coordinates": [35.4743643, 31.861034799999995]}, "properties": {"poi_name": "Jericho Waleed Hostel", "matched_quartier": "Jéricho-Nord", "status": "INVALID", "reason": "no_road_within_150m", "n_seeds": 0, "n_X_seeds": 0, "n_reassignable": 0, "target_color": "#4ac7a3"}}, {"type": "Feature", "geometry": {"type": "Point", "coordinates": [6.194606299999999, 48.7031688]}, "properties": {"poi_name": "Centre Social Saint-Michel Jéricho", "matched_quartier": "Jéricho-Nord", "status": "INVALID", "reason": "no_road_within_150m", "n_seeds": 0, "n_X_seeds": 0, "n_reassignable": 0, "target_color": "#4ac7a3"}}, {"type": "Feature", "geometry": {"type": "Point", "coordinates": [2.444346, 6.368716300000001]}, "properties": {"poi_name": "Missessin", "matched_quartier": "Misséssin", "status": "VALID", "reason": "reached_X_network", "n_seeds": 4, "n_X_seeds": 2, "n_reassignable": 2, "target_color": "#49cf57"}}, {"type": "Feature", "geometry": {"type": "Point", "coordinates": [2.4431102, 6.367393]}, "properties": {"poi_name": "Missessin", "matched_quartier": "Misséssin", "status": "VALID", "reason": "reached_X_network", "n_seeds": 9, "n_X_seeds": 0, "n_reassignable": 10, "target_color": "#49cf57"}}, {"type": "Feature", "geometry": {"type": "Point", "coordinates": [2.358863, 6.521181299999999]}, "properties": {"poi_name": "Missessinto", "matched_quartier": "Misséssinto", "status": "VALID", "reason": "reached_X_network", "n_seeds": 17, "n_X_seeds": 16, "n_reassignable": 1, "target_color": "#dc3e51"}}, {"type": "Feature", "geometry": {"type": "Point", "coordinates": [2.4473841, 6.3706188]}, "properties": {"poi_name": "Maternity Missessin", "matched_quartier": "Misséssin", "status": "VALID", "reason": "reached_X_network", "n_seeds": 59, "n_X_seeds": 0, "n_reassignable": 47, "target_color": "#49cf57"}}, {"type": "Feature", "geometry": {"type": "Point", "coordinates": [2.3649077, 6.391953]}, "properties": {"poi_name": "Pharmacie Kindonou", "matched_quartier": "Kindonou", "status": "VALID", "reason": "already_on_X_network", "n_seeds": 14, "n_X_seeds": 14, "n_reassignable": 0, "target_color": "#59de47"}}, {"type": "Feature", "geometry": {"type": "Point", "coordinates": [2.3649077, 6.391953]}, "properties": {"poi_name": "Kindonou", "matched_quartier": "Kindonou", "status": "VALID", "reason": "already_on_X_network", "n_seeds": 14, "n_X_seeds": 14, "n_reassignable": 0, "target_color": "#59de47"}}, {"type": "Feature", "geometry": {"type": "Point", "coordinates": [2.3614702, 6.391852]}, "properties": {"poi_name": "Ecole Primaire de Kindonou", "matched_quartier": "Kindonou", "status": "VALID", "reason": "already_on_X_network", "n_seeds": 11, "n_X_seeds": 11, "n_reassignable": 0, "target_color": "#59de47"}}, {"type": "Feature", "geometry": {"type": "Point", "coordinates": [2.3649356999999998, 6.393177]}, "properties": {"poi_name": "Église Baptiste de Kindonou", "matched_quartier": "Kindonou", "status": "VALID", "reason": "already_on_X_network", "n_seeds": 13, "n_X_seeds": 13, "n_reassignable": 0, "target_color": "#59de47"}}, {"type": "Feature", "geometry": {"type": "Point", "coordinates": [2.3608408, 6.389475399999999]}, "properties": {"poi_name": "ECC Paroisse Oluwa Cheî de Kindonou", "matched_quartier": "Kindonou", "status": "VALID", "reason": "already_on_X_network", "n_seeds": 11, "n_X_seeds": 11, "n_reassignable": 0, "target_color": "#59de47"}}, {"type": "Feature", "geometry": {"type": "Point", "coordinates": [2.3645267999999997, 6.392363899999999]}, "properties": {"poi_name": "Marché Kindonou", "matched_quartier": "Kindonou", "status": "VALID", "reason": "already_on_X_network", "n_seeds": 14, "n_X_seeds": 14, "n_reassignable": 0, "target_color": "#59de47"}}, {"type": "Feature", "geometry": {"type": "Point", "coordinates": [2.3580562, 6.389418399999999]}, "properties": {"poi_name": "Centre De Jeux - LNB Kindonou", "matched_quartier": "Kindonou", "status": "VALID", "reason": "reached_X_network", "n_seeds": 27, "n_X_seeds": 22, "n_reassignable": 5, "target_color": "#59de47"}}, {"type": "Feature", "geometry": {"type": "Point", "coordinates": [-5.8999087, 6.6167703]}, "properties": {"poi_name": "Middle School Djédjé Bagnon", "matched_quartier": "Djédjé-Layé", "status": "INVALID", "reason": "no_road_within_150m", "n_seeds": 0, "n_X_seeds": 0, "n_reassignable": 0, "target_color": "#60d347"}}, {"type": "Feature", "geometry": {"type": "Point", "coordinates": [-3.9688602, 5.364390800000001]}, "properties": {"poi_name": "Crossroads Djédjé Mady", "matched_quartier": "Djédjé-Layé", "status": "INVALID", "reason": "no_road_within_150m", "n_seeds": 0, "n_X_seeds": 0, "n_reassignable": 0, "target_color": "#60d347"}}, {"type": "Feature", "geometry": {"type": "Point", "coordinates": [15.3143018, -4.3385852]}, "properties": {"poi_name": "DJEDJE COIFFURE", "matched_quartier": "Djédjé-Layé", "status": "INVALID", "reason": "no_road_within_150m", "n_seeds": 0, "n_X_seeds": 0, "n_reassignable": 0, "target_color": "#60d347"}}, {"type": "Feature", "geometry": {"type": "Point", "coordinates": [-13.580488899999999, 9.6234465]}, "properties": {"poi_name": "Pharmacie Djédjé ''AD''", "matched_quartier": "Djédjé-Layé", "status": "INVALID", "reason": "no_road_within_150m", "n_seeds": 0, "n_X_seeds": 0, "n_reassignable": 0, "target_color": "#60d347"}}, {"type": "Feature", "geometry": {"type": "Point", "coordinates": [2.4597964, 6.3826009]}, "properties": {"poi_name": "Ahouassa", "matched_quartier": "Ahouassa", "status": "VALID", "reason": "already_on_X_network", "n_seeds": 12, "n_X_seeds": 12, "n_reassignable": 0, "target_color": "#3dc973"}}, {"type": "Feature", "geometry": {"type": "Point", "coordinates": [2.4624707999999997, 6.3827134]}, "properties": {"poi_name": "Ecole Primaire Puclic Ahouassa Kowegbo", "matched_quartier": "Ahouassa", "status": "VALID", "reason": "reached_X_network", "n_seeds": 22, "n_X_seeds": 14, "n_reassignable": 8, "target_color": "#3dc973"}}, {"type": "Feature", "geometry": {"type": "Point", "coordinates": [2.4607821, 6.3834785]}, "properties": {"poi_name": "Mosquée Ahouassa", "matched_quartier": "Ahouassa", "status": "VALID", "reason": "already_on_X_network", "n_seeds": 4, "n_X_seeds": 4, "n_reassignable": 0, "target_color": "#3dc973"}}, {"type": "Feature", "geometry": {"type": "Point", "coordinates": [2.4617321, 6.384519699999999]}, "properties": {"poi_name": "Akpakpa ahouassa", "matched_quartier": "Ahouassa", "status": "VALID", "reason": "reached_X_network", "n_seeds": 14, "n_X_seeds": 9, "n_reassignable": 5, "target_color": "#3dc973"}}, {"type": "Feature", "geometry": {"type": "Point", "coordinates": [2.4597964, 6.3826009]}, "properties": {"poi_name": "Ahouassa", "matched_quartier": "Ahouassa", "status": "VALID", "reason": "already_on_X_network", "n_seeds": 12, "n_X_seeds": 12, "n_reassignable": 0, "target_color": "#3dc973"}}, {"type": "Feature", "geometry": {"type": "Point", "coordinates": [2.4437914999999997, 6.3775949999999995]}, "properties": {"poi_name": "Marché Midombo", "matched_quartier": "Midombo", "status": "VALID", "reason": "already_on_X_network", "n_seeds": 9, "n_X_seeds": 9, "n_reassignable": 0, "target_color": "#50d9b9"}}, {"type": "Feature", "geometry": {"type": "Point", "coordinates": [2.4440545, 6.3790715]}, "properties": {"poi_name": "Terrain Midombo", "matched_quartier": "Midombo", "status": "VALID", "reason": "reached_X_network", "n_seeds": 13, "n_X_seeds": 5, "n_reassignable": 8, "target_color": "#50d9b9"}}, {"type": "Feature", "geometry": {"type": "Point", "coordinates": [2.4417188, 6.3761544]}, "properties": {"poi_name": "Complex School De Midombo A Et B", "matched_quartier": "Midombo", "status": "VALID", "reason": "reached_X_network", "n_seeds": 16, "n_X_seeds": 0, "n_reassignable": 17, "target_color": "#50d9b9"}}, {"type": "Feature", "geometry": {"type": "Point", "coordinates": [2.4400208, 6.374718199999999]}, "properties": {"poi_name": "Midombo", "matched_quartier": "Midombo", "status": "VALID", "reason": "reached_X_network", "n_seeds": 10, "n_X_seeds": 0, "n_reassignable": 14, "target_color": "#50d9b9"}}, {"type": "Feature", "geometry": {"type": "Point", "coordinates": [2.4431818, 6.379253299999999]}, "properties": {"poi_name": "Église baptiste de Midombo Akpakpa", "matched_quartier": "Midombo", "status": "VALID", "reason": "reached_X_network", "n_seeds": 11, "n_X_seeds": 2, "n_reassignable": 9, "target_color": "#50d9b9"}}, {"type": "Feature", "geometry": {"type": "Point", "coordinates": [2.4409752, 6.376627]}, "properties": {"poi_name": "Eglise Protestante Methodiste De Midombo", "matched_quartier": "Midombo", "status": "VALID", "reason": "reached_X_network", "n_seeds": 20, "n_X_seeds": 0, "n_reassignable": 21, "target_color": "#50d9b9"}}, {"type": "Feature", "geometry": {"type": "Point", "coordinates": [2.4277995, 6.3562425]}, "properties": {"poi_name": "ÉGLISE DE PENTECÔTE AKPAKPA MIDOMBO", "matched_quartier": "Midombo", "status": "INVALID", "reason": "no_connection_to_X_network", "n_seeds": 69, "n_X_seeds": 0, "n_reassignable": 0, "target_color": "#50d9b9"}}, {"type": "Feature", "geometry": {"type": "Point", "coordinates": [2.4418306, 6.3773694]}, "properties": {"poi_name": "Pharmacie Midombo", "matched_quartier": "Midombo", "status": "VALID", "reason": "reached_X_network", "n_seeds": 12, "n_X_seeds": 0, "n_reassignable": 12, "target_color": "#50d9b9"}}, {"type": "Feature", "geometry": {"type": "Point", "coordinates": [2.4412564999999997, 6.378700299999999]}, "properties": {"poi_name": "Midombo", "matched_quartier": "Midombo", "status": "VALID", "reason": "reached_X_network", "n_seeds": 13, "n_X_seeds": 0, "n_reassignable": 13, "target_color": "#50d9b9"}}, {"type": "Feature", "geometry": {"type": "Point", "coordinates": [2.4407752, 6.3804324]}, "properties": {"poi_name": "Edmark Midombo Cotonou", "matched_quartier": "Midombo", "status": "VALID", "reason": "reached_X_network", "n_seeds": 15, "n_X_seeds": 0, "n_reassignable": 14, "target_color": "#50d9b9"}}, {"type": "Feature", "geometry": {"type": "Point", "coordinates": [2.4444402000000003, 6.3760468999999995]}, "properties": {"poi_name": "Atelier face a la voie pave marche midombo", "matched_quartier": "Midombo", "status": "VALID", "reason": "reached_X_network", "n_seeds": 9, "n_X_seeds": 4, "n_reassignable": 5, "target_color": "#50d9b9"}}, {"type": "Feature", "geometry": {"type": "Point", "coordinates": [2.4415267000000003, 6.3780117999999995]}, "properties": {"poi_name": "MTN Agence Midombo", "matched_quartier": "Midombo", "status": "VALID", "reason": "reached_X_network", "n_seeds": 14, "n_X_seeds": 0, "n_reassignable": 14, "target_color": "#50d9b9"}}, {"type": "Feature", "geometry": {"type": "Point", "coordinates": [-4.0913105, 5.3271304]}, "properties": {"poi_name": "Group Schools Ladji Saguidiba", "matched_quartier": "Ladji", "status": "INVALID", "reason": "no_road_within_150m", "n_seeds": 0, "n_X_seeds": 0, "n_reassignable": 0, "target_color": "#58cf45"}}, {"type": "Feature", "geometry": {"type": "Point", "coordinates": [-6.668214099999999, 7.961456299999999]}, "properties": {"poi_name": "Garage Ladji", "matched_quartier": "Ladji", "status": "INVALID", "reason": "no_road_within_150m", "n_seeds": 0, "n_X_seeds": 0, "n_reassignable": 0, "target_color": "#58cf45"}}, {"type": "Feature", "geometry": {"type": "Point", "coordinates": [-2.7979903999999998, 8.0288358]}, "properties": {"poi_name": "Ladji garage", "matched_quartier": "Ladji", "status": "INVALID", "reason": "no_road_within_150m", "n_seeds": 0, "n_X_seeds": 0, "n_reassignable": 0, "target_color": "#58cf45"}}, {"type": "Feature", "geometry": {"type": "Point", "coordinates": [-6.6433456, 4.8020827]}, "properties": {"poi_name": "Garage auto Ouattara Ladji", "matched_quartier": "Ladji", "status": "INVALID", "reason": "no_road_within_150m", "n_seeds": 0, "n_X_seeds": 0, "n_reassignable": 0, "target_color": "#58cf45"}}, {"type": "Feature", "geometry": {"type": "Point", "coordinates": [2.4153132, 6.389457800000001]}, "properties": {"poi_name": "Vossa", "matched_quartier": "Vossa", "status": "VALID", "reason": "reached_X_network", "n_seeds": 8, "n_X_seeds": 7, "n_reassignable": 2, "target_color": "#55d54e"}}, {"type": "Feature", "geometry": {"type": "Point", "coordinates": [-99.4686145, 27.559929800000003]}, "properties": {"poi_name": "Vossa MedSpa", "matched_quartier": "Vossa", "status": "INVALID", "reason": "no_road_within_150m", "n_seeds": 0, "n_X_seeds": 0, "n_reassignable": 0, "target_color": "#55d54e"}}, {"type": "Feature", "geometry": {"type": "Point", "coordinates": [14.5682227, 53.434029800000005]}, "properties": {"poi_name": "Kamienica Vossa", "matched_quartier": "Vossa", "status": "INVALID", "reason": "no_road_within_150m", "n_seeds": 0, "n_X_seeds": 0, "n_reassignable": 0, "target_color": "#55d54e"}}, {"type": "Feature", "geometry": {"type": "Point", "coordinates": [2.0355917, 7.1808567]}, "properties": {"poi_name": "Hôtel ADJEGOUNLE", "matched_quartier": "Adjégounlè", "status": "INVALID", "reason": "no_road_within_150m", "n_seeds": 0, "n_X_seeds": 0, "n_reassignable": 0, "target_color": "#7cca39"}}, {"type": "Feature", "geometry": {"type": "Point", "coordinates": [1.8263586, 6.2788802]}, "properties": {"poi_name": "CENTRE NONVIGNON", "matched_quartier": "Aïdjèdo-Vignon", "status": "INVALID", "reason": "no_road_within_150m", "n_seeds": 0, "n_X_seeds": 0, "n_reassignable": 0, "target_color": "#4bda71"}}, {"type": "Feature", "geometry": {"type": "Point", "coordinates": [2.5935893, 6.5119978]}, "properties": {"poi_name": "Clinique vignon", "matched_quartier": "Aïdjèdo-Vignon", "status": "INVALID", "reason": "no_road_within_150m", "n_seeds": 0, "n_X_seeds": 0, "n_reassignable": 0, "target_color": "#4bda71"}}, {"type": "Feature", "geometry": {"type": "Point", "coordinates": [2.3494460999999998, 6.358214299999999]}, "properties": {"poi_name": "Golden Vignon Empire Barber shop", "matched_quartier": "Aïdjèdo-Vignon", "status": "INVALID", "reason": "no_connection_to_X_network", "n_seeds": 31, "n_X_seeds": 0, "n_reassignable": 0, "target_color": "#4bda71"}}, {"type": "Feature", "geometry": {"type": "Point", "coordinates": [2.4442914, 6.3822569]}, "properties": {"poi_name": "Commissariat de Segbeya", "matched_quartier": "Sègbèya-Sud", "status": "VALID", "reason": "already_on_X_network", "n_seeds": 9, "n_X_seeds": 9, "n_reassignable": 0, "target_color": "#42c8b0"}}, {"type": "Feature", "geometry": {"type": "Point", "coordinates": [2.4431102, 6.3780269]}, "properties": {"poi_name": "Segbeya", "matched_quartier": "Sègbèya-Sud", "status": "VALID", "reason": "reached_X_network", "n_seeds": 5, "n_X_seeds": 0, "n_reassignable": 5, "target_color": "#42c8b0"}}, {"type": "Feature", "geometry": {"type": "Point", "coordinates": [2.4418744, 6.3820209]}, "properties": {"poi_name": "Segbeya-Sud", "matched_quartier": "Sègbèya-Sud", "status": "VALID", "reason": "reached_X_network", "n_seeds": 16, "n_X_seeds": 12, "n_reassignable": 4, "target_color": "#42c8b0"}}, {"type": "Feature", "geometry": {"type": "Point", "coordinates": [2.4451202999999997, 6.384486300000001]}, "properties": {"poi_name": "Primary School Segbeya", "matched_quartier": "Sègbèya-Sud", "status": "VALID", "reason": "reached_X_network", "n_seeds": 6, "n_X_seeds": 5, "n_reassignable": 1, "target_color": "#42c8b0"}}, {"type": "Feature", "geometry": {"type": "Point", "coordinates": [2.4436709999999997, 6.3830953]}, "properties": {"poi_name": "College d'enseignement General SEGBEYA", "matched_quartier": "Sègbèya-Sud", "status": "VALID", "reason": "already_on_X_network", "n_seeds": 10, "n_X_seeds": 10, "n_reassignable": 0, "target_color": "#42c8b0"}}, {"type": "Feature", "geometry": {"type": "Point", "coordinates": [2.4431102, 6.3780269]}, "properties": {"poi_name": "Ecole Superieure des Technologies Avancees et de Management (ESTAM - Segbeya Campus)", "matched_quartier": "Sègbèya-Sud", "status": "VALID", "reason": "reached_X_network", "n_seeds": 5, "n_X_seeds": 0, "n_reassignable": 5, "target_color": "#42c8b0"}}, {"type": "Feature", "geometry": {"type": "Point", "coordinates": [2.446033, 6.3832362]}, "properties": {"poi_name": "Temple Akpakpa Segbeya", "matched_quartier": "Sègbèya-Sud", "status": "VALID", "reason": "already_on_X_network", "n_seeds": 13, "n_X_seeds": 13, "n_reassignable": 0, "target_color": "#42c8b0"}}, {"type": "Feature", "geometry": {"type": "Point", "coordinates": [2.0516845000000004, 6.5046449]}, "properties": {"poi_name": "Segbeya Centre de Santé d’Arrondissement", "matched_quartier": "Sègbèya-Sud", "status": "INVALID", "reason": "no_road_within_150m", "n_seeds": 0, "n_X_seeds": 0, "n_reassignable": 0, "target_color": "#42c8b0"}}, {"type": "Feature", "geometry": {"type": "Point", "coordinates": [2.447327, 6.385822999999999]}, "properties": {"poi_name": "Cabinet Médical Segbeya", "matched_quartier": "Sègbèya-Sud", "status": "VALID", "reason": "reached_X_network", "n_seeds": 11, "n_X_seeds": 2, "n_reassignable": 13, "target_color": "#42c8b0"}}, {"type": "Feature", "geometry": {"type": "Point", "coordinates": [2.4445504, 6.388456100000001]}, "properties": {"poi_name": "Petrodis segbeya", "matched_quartier": "Sègbèya-Sud", "status": "VALID", "reason": "reached_X_network", "n_seeds": 13, "n_X_seeds": 0, "n_reassignable": 17, "target_color": "#42c8b0"}}, {"type": "Feature", "geometry": {"type": "Point", "coordinates": [2.4467193, 6.3811757]}, "properties": {"poi_name": "Pharmacie Segbeya", "matched_quartier": "Sègbèya-Sud", "status": "VALID", "reason": "already_on_X_network", "n_seeds": 13, "n_X_seeds": 13, "n_reassignable": 0, "target_color": "#42c8b0"}}, {"type": "Feature", "geometry": {"type": "Point", "coordinates": [2.4419277999999998, 6.378173899999999]}, "properties": {"poi_name": "Segbeya", "matched_quartier": "Sègbèya-Sud", "status": "VALID", "reason": "reached_X_network", "n_seeds": 10, "n_X_seeds": 0, "n_reassignable": 12, "target_color": "#42c8b0"}}, {"type": "Feature", "geometry": {"type": "Point", "coordinates": [2.4474693999999997, 6.3793429]}, "properties": {"poi_name": "La Bonne Viande (Segbeya)", "matched_quartier": "Sègbèya-Sud", "status": "VALID", "reason": "reached_X_network", "n_seeds": 16, "n_X_seeds": 9, "n_reassignable": 7, "target_color": "#42c8b0"}}, {"type": "Feature", "geometry": {"type": "Point", "coordinates": [-83.9696352, 9.6532304]}, "properties": {"poi_name": "Dota Municipality", "matched_quartier": "Dota", "status": "INVALID", "reason": "no_road_within_150m", "n_seeds": 0, "n_X_seeds": 0, "n_reassignable": 0, "target_color": "#d0c441"}}, {"type": "Feature", "geometry": {"type": "Point", "coordinates": [-115.248659, 36.213471999999996]}, "properties": {"poi_name": "Anthony P. Dota, III, MD", "matched_quartier": "Dota", "status": "INVALID", "reason": "no_road_within_150m", "n_seeds": 0, "n_X_seeds": 0, "n_reassignable": 0, "target_color": "#d0c441"}}, {"type": "Feature", "geometry": {"type": "Point", "coordinates": [-76.9591504, -12.0333553]}, "properties": {"poi_name": "Gior Dota Store", "matched_quartier": "Dota", "status": "INVALID", "reason": "no_road_within_150m", "n_seeds": 0, "n_X_seeds": 0, "n_reassignable": 0, "target_color": "#d0c441"}}, {"type": "Feature", "geometry": {"type": "Point", "coordinates": [100.35865369999999, 6.0863716]}, "properties": {"poi_name": "DOTA By AST Hotel", "matched_quartier": "Dota", "status": "INVALID", "reason": "no_road_within_150m", "n_seeds": 0, "n_X_seeds": 0, "n_reassignable": 0, "target_color": "#d0c441"}}, {"type": "Feature", "geometry": {"type": "Point", "coordinates": [2.444346, 6.3873272]}, "properties": {"poi_name": "Segbeya-Nord", "matched_quartier": "Sègbèya-Nord", "status": "VALID", "reason": "already_on_X_network", "n_seeds": 10, "n_X_seeds": 10, "n_reassignable": 0, "target_color": "#c64b87"}}, {"type": "Feature", "geometry": {"type": "Point", "coordinates": [2.4449639, 6.364061599999999]}, "properties": {"poi_name": "Abokicodji-Centre", "matched_quartier": "Abokicodji-Centre", "status": "VALID", "reason": "reached_X_network", "n_seeds": 19, "n_X_seeds": 1, "n_reassignable": 18, "target_color": "#d64a76"}}, {"type": "Feature", "geometry": {"type": "Point", "coordinates": [35.4617583, 31.861105799999997]}, "properties": {"poi_name": "Mosquée Bleu de Jéricho", "matched_quartier": "Jéricho-Sud", "status": "INVALID", "reason": "no_road_within_150m", "n_seeds": 0, "n_X_seeds": 0, "n_reassignable": 0, "target_color": "#3ed45a"}}, {"type": "Feature", "geometry": {"type": "Point", "coordinates": [35.4439924, 31.8696629]}, "properties": {"poi_name": "Ancient Jericho/ Tell es-Sultan", "matched_quartier": "Jéricho-Sud", "status": "INVALID", "reason": "no_road_within_150m", "n_seeds": 0, "n_X_seeds": 0, "n_reassignable": 0, "target_color": "#3ed45a"}}, {"type": "Feature", "geometry": {"type": "Point", "coordinates": [-86.7773799, 36.1640528]}, "properties": {"poi_name": "Jericho Lot", "matched_quartier": "Jéricho-Sud", "status": "INVALID", "reason": "no_road_within_150m", "n_seeds": 0, "n_X_seeds": 0, "n_reassignable": 0, "target_color": "#3ed45a"}}, {"type": "Feature", "geometry": {"type": "Point", "coordinates": [3.8841816, 50.4517794]}, "properties": {"poi_name": "Place de Jéricho", "matched_quartier": "Jéricho-Sud", "status": "INVALID", "reason": "no_road_within_150m", "n_seeds": 0, "n_X_seeds": 0, "n_reassignable": 0, "target_color": "#3ed45a"}}, {"type": "Feature", "geometry": {"type": "Point", "coordinates": [-4.111693, 5.3226097999999995]}, "properties": {"poi_name": "PHARMACIE JERICHO", "matched_quartier": "Jéricho-Sud", "status": "INVALID", "reason": "no_road_within_150m", "n_seeds": 0, "n_X_seeds": 0, "n_reassignable": 0, "target_color": "#3ed45a"}}, {"type": "Feature", "geometry": {"type": "Point", "coordinates": [-72.9467469, 44.5205704]}, "properties": {"poi_name": "Jericho Market", "matched_quartier": "Jéricho-Sud", "status": "INVALID", "reason": "no_road_within_150m", "n_seeds": 0, "n_X_seeds": 0, "n_reassignable": 0, "target_color": "#3ed45a"}}, {"type": "Feature", "geometry": {"type": "Point", "coordinates": [-73.5675795, 40.7771188]}, "properties": {"poi_name": "Luxe of Jericho", "matched_quartier": "Jéricho-Sud", "status": "INVALID", "reason": "no_road_within_150m", "n_seeds": 0, "n_X_seeds": 0, "n_reassignable": 0, "target_color": "#3ed45a"}}, {"type": "Feature", "geometry": {"type": "Point", "coordinates": [30.0586662, -1.9549026]}, "properties": {"poi_name": "Groupe Scolaire Saint-Michel", "matched_quartier": "Sèdjro-Saint-Michel", "status": "INVALID", "reason": "no_road_within_150m", "n_seeds": 0, "n_X_seeds": 0, "n_reassignable": 0, "target_color": "#dc53ca"}}, {"type": "Feature", "geometry": {"type": "Point", "coordinates": [30.199053399999997, -2.0299096999999997]}, "properties": {"poi_name": "Ecole Catholique Sainte Thérèse de l'Enfant Jésus Kigali", "matched_quartier": "Sèdjro-Saint-Michel", "status": "INVALID", "reason": "no_road_within_150m", "n_seeds": 0, "n_X_seeds": 0, "n_reassignable": 0, "target_color": "#dc53ca"}}, {"type": "Feature", "geometry": {"type": "Point", "coordinates": [30.3600625, -1.9218125]}, "properties": {"poi_name": "Ecole Technique Saint Kizito Musha", "matched_quartier": "Sèdjro-Saint-Michel", "status": "INVALID", "reason": "no_road_within_150m", "n_seeds": 0, "n_X_seeds": 0, "n_reassignable": 0, "target_color": "#dc53ca"}}, {"type": "Feature", "geometry": {"type": "Point", "coordinates": [2.4268514, 6.3668226]}, "properties": {"poi_name": "Complex School St Michel", "matched_quartier": "Sèdjro-Saint-Michel", "status": "VALID", "reason": "reached_X_network", "n_seeds": 10, "n_X_seeds": 1, "n_reassignable": 5, "target_color": "#dc53ca"}}, {"type": "Feature", "geometry": {"type": "Point", "coordinates": [6.2443985, 48.663514000000006]}, "properties": {"poi_name": "Saint Michel Private Professional School", "matched_quartier": "Sèdjro-Saint-Michel", "status": "INVALID", "reason": "no_road_within_150m", "n_seeds": 0, "n_X_seeds": 0, "n_reassignable": 0, "target_color": "#dc53ca"}}, {"type": "Feature", "geometry": {"type": "Point", "coordinates": [2.4281405, 6.366324]}, "properties": {"poi_name": "Église Catholique Saint Michel", "matched_quartier": "Sèdjro-Saint-Michel", "status": "VALID", "reason": "reached_X_network", "n_seeds": 15, "n_X_seeds": 13, "n_reassignable": 2, "target_color": "#dc53ca"}}, {"type": "Feature", "geometry": {"type": "Point", "coordinates": [2.3717762, 6.3854790999999995]}, "properties": {"poi_name": "Église St Michel", "matched_quartier": "Sèdjro-Saint-Michel", "status": "INVALID", "reason": "no_connection_to_X_network", "n_seeds": 29, "n_X_seeds": 0, "n_reassignable": 0, "target_color": "#dc53ca"}}, {"type": "Feature", "geometry": {"type": "Point", "coordinates": [30.113927300000004, -1.9777711000000002]}, "properties": {"poi_name": "Paroisse Saint Jean Bosco Kicukiro", "matched_quartier": "Sèdjro-Saint-Michel", "status": "INVALID", "reason": "no_road_within_150m", "n_seeds": 0, "n_X_seeds": 0, "n_reassignable": 0, "target_color": "#dc53ca"}}, {"type": "Feature", "geometry": {"type": "Point", "coordinates": [2.4249519999999998, 6.3615935]}, "properties": {"poi_name": "Polyclinique Saint Michel (POSAM)", "matched_quartier": "Sèdjro-Saint-Michel", "status": "VALID", "reason": "reached_X_network", "n_seeds": 7, "n_X_seeds": 0, "n_reassignable": 6, "target_color": "#dc53ca"}}, {"type": "Feature", "geometry": {"type": "Point", "coordinates": [1.7198215, 6.6448092999999995]}, "properties": {"poi_name": "Clinique St Michel", "matched_quartier": "Sèdjro-Saint-Michel", "status": "INVALID", "reason": "no_road_within_150m", "n_seeds": 0, "n_X_seeds": 0, "n_reassignable": 0, "target_color": "#dc53ca"}}, {"type": "Feature", "geometry": {"type": "Point", "coordinates": [28.9190345, -2.4720904999999997]}, "properties": {"poi_name": "Clinique Sainte Elisabeth", "matched_quartier": "Sèdjro-Saint-Michel", "status": "INVALID", "reason": "no_road_within_150m", "n_seeds": 0, "n_X_seeds": 0, "n_reassignable": 0, "target_color": "#dc53ca"}}, {"type": "Feature", "geometry": {"type": "Point", "coordinates": [30.0806586, -1.9491654]}, "properties": {"poi_name": "Clinique Sainte Elisa", "matched_quartier": "Sèdjro-Saint-Michel", "status": "INVALID", "reason": "no_road_within_150m", "n_seeds": 0, "n_X_seeds": 0, "n_reassignable": 0, "target_color": "#dc53ca"}}, {"type": "Feature", "geometry": {"type": "Point", "coordinates": [2.4260235, 6.368652099999999]}, "properties": {"poi_name": "Centre De Santé Saint Michel", "matched_quartier": "Sèdjro-Saint-Michel", "status": "INVALID", "reason": "no_connection_to_X_network", "n_seeds": 10, "n_X_seeds": 0, "n_reassignable": 0, "target_color": "#dc53ca"}}, {"type": "Feature", "geometry": {"type": "Point", "coordinates": [2.34638, 48.850329]}, "properties": {"poi_name": "Centre de santé Ramsay Saint-Michel", "matched_quartier": "Sèdjro-Saint-Michel", "status": "INVALID", "reason": "no_road_within_150m", "n_seeds": 0, "n_X_seeds": 0, "n_reassignable": 0, "target_color": "#dc53ca"}}, {"type": "Feature", "geometry": {"type": "Point", "coordinates": [2.3446823, 48.8537453]}, "properties": {"poi_name": "Saint-Michel Notre-Dame", "matched_quartier": "Sèdjro-Saint-Michel", "status": "INVALID", "reason": "no_road_within_150m", "n_seeds": 0, "n_X_seeds": 0, "n_reassignable": 0, "target_color": "#dc53ca"}}, {"type": "Feature", "geometry": {"type": "Point", "coordinates": [-1.5002292, 48.6113607]}, "properties": {"poi_name": "Mont Saint-Michel Parking", "matched_quartier": "Sèdjro-Saint-Michel", "status": "INVALID", "reason": "no_road_within_150m", "n_seeds": 0, "n_X_seeds": 0, "n_reassignable": 0, "target_color": "#dc53ca"}}, {"type": "Feature", "geometry": {"type": "Point", "coordinates": [2.4234008000000005, 6.367515099999999]}, "properties": {"poi_name": "Marché Saint Michel", "matched_quartier": "Sèdjro-Saint-Michel", "status": "INVALID", "reason": "no_connection_to_X_network", "n_seeds": 9, "n_X_seeds": 0, "n_reassignable": 0, "target_color": "#dc53ca"}}, {"type": "Feature", "geometry": {"type": "Point", "coordinates": [2.4276097, 6.3699742]}, "properties": {"poi_name": "Carrefour Legba - St Michel", "matched_quartier": "Sèdjro-Saint-Michel", "status": "VALID", "reason": "reached_X_network", "n_seeds": 86, "n_X_seeds": 0, "n_reassignable": 81, "target_color": "#dc53ca"}}, {"type": "Feature", "geometry": {"type": "Point", "coordinates": [2.4248645, 6.363393899999999]}, "properties": {"poi_name": "St michel", "matched_quartier": "Sèdjro-Saint-Michel", "status": "VALID", "reason": "reached_X_network", "n_seeds": 19, "n_X_seeds": 0, "n_reassignable": 20, "target_color": "#dc53ca"}}, {"type": "Feature", "geometry": {"type": "Point", "coordinates": [2.4272465999999997, 6.3701745]}, "properties": {"poi_name": "STATION ORYX SAINT MICHEL", "matched_quartier": "Sèdjro-Saint-Michel", "status": "VALID", "reason": "reached_X_network", "n_seeds": 84, "n_X_seeds": 0, "n_reassignable": 77, "target_color": "#dc53ca"}}, {"type": "Feature", "geometry": {"type": "Point", "coordinates": [-72.6657566, 46.383348299999994]}, "properties": {"poi_name": "Garage St-Michel inc.", "matched_quartier": "Sèdjro-Saint-Michel", "status": "INVALID", "reason": "no_road_within_150m", "n_seeds": 0, "n_X_seeds": 0, "n_reassignable": 0, "target_color": "#dc53ca"}}, {"type": "Feature", "geometry": {"type": "Point", "coordinates": [-73.55937089999999, 45.257364200000005]}, "properties": {"poi_name": "Mecanique St-Michel", "matched_quartier": "Sèdjro-Saint-Michel", "status": "INVALID", "reason": "no_road_within_150m", "n_seeds": 0, "n_X_seeds": 0, "n_reassignable": 0, "target_color": "#dc53ca"}}, {"type": "Feature", "geometry": {"type": "Point", "coordinates": [2.427121, 6.3652150999999995]}, "properties": {"poi_name": "Société Générale Saint Michel", "matched_quartier": "Sèdjro-Saint-Michel", "status": "VALID", "reason": "reached_X_network", "n_seeds": 7, "n_X_seeds": 1, "n_reassignable": 6, "target_color": "#dc53ca"}}, {"type": "Feature", "geometry": {"type": "Point", "coordinates": [2.4278456, 6.3658537]}, "properties": {"poi_name": "BSIC Saint Michel", "matched_quartier": "Sèdjro-Saint-Michel", "status": "VALID", "reason": "reached_X_network", "n_seeds": 17, "n_X_seeds": 12, "n_reassignable": 5, "target_color": "#dc53ca"}}, {"type": "Feature", "geometry": {"type": "Point", "coordinates": [2.4260099, 6.363797099999999]}, "properties": {"poi_name": "Pressing St Michel", "matched_quartier": "Sèdjro-Saint-Michel", "status": "VALID", "reason": "reached_X_network", "n_seeds": 19, "n_X_seeds": 0, "n_reassignable": 21, "target_color": "#dc53ca"}}, {"type": "Feature", "geometry": {"type": "Point", "coordinates": [0.1062263, 45.6429596]}, "properties": {"poi_name": "Signature C&J - Coiffeur Saint-Michel", "matched_quartier": "Sèdjro-Saint-Michel", "status": "INVALID", "reason": "no_road_within_150m", "n_seeds": 0, "n_X_seeds": 0, "n_reassignable": 0, "target_color": "#dc53ca"}}, {"type": "Feature", "geometry": {"type": "Point", "coordinates": [0.1078157, 45.639845199999996]}, "properties": {"poi_name": "Coiffeur Saint Michel", "matched_quartier": "Sèdjro-Saint-Michel", "status": "INVALID", "reason": "no_road_within_150m", "n_seeds": 0, "n_X_seeds": 0, "n_reassignable": 0, "target_color": "#dc53ca"}}, {"type": "Feature", "geometry": {"type": "Point", "coordinates": [1.6663523, 9.7080916]}, "properties": {"poi_name": "SEDJRO INFORMATIQUE", "matched_quartier": "Sèdjro-Saint-Michel", "status": "INVALID", "reason": "no_road_within_150m", "n_seeds": 0, "n_X_seeds": 0, "n_reassignable": 0, "target_color": "#dc53ca"}}, {"type": "Feature", "geometry": {"type": "Point", "coordinates": [2.4294075, 6.366523099999999]}, "properties": {"poi_name": "Nouvelle Pharmacie St Michel", "matched_quartier": "Sèdjro-Saint-Michel", "status": "VALID", "reason": "reached_X_network", "n_seeds": 23, "n_X_seeds": 21, "n_reassignable": 2, "target_color": "#dc53ca"}}, {"type": "Feature", "geometry": {"type": "Point", "coordinates": [29.7521952, -2.0830295]}, "properties": {"poi_name": "Kaze Dursaint ltd", "matched_quartier": "Sèdjro-Saint-Michel", "status": "INVALID", "reason": "no_road_within_150m", "n_seeds": 0, "n_X_seeds": 0, "n_reassignable": 0, "target_color": "#dc53ca"}}, {"type": "Feature", "geometry": {"type": "Point", "coordinates": [-1.5089489, 48.611016899999996]}, "properties": {"poi_name": "La Ferme Saint-Michel", "matched_quartier": "Sèdjro-Saint-Michel", "status": "INVALID", "reason": "no_road_within_150m", "n_seeds": 0, "n_X_seeds": 0, "n_reassignable": 0, "target_color": "#dc53ca"}}, {"type": "Feature", "geometry": {"type": "Point", "coordinates": [-1.5103335999999998, 48.617783599999996]}, "properties": {"poi_name": "Relais Saint-Michel", "matched_quartier": "Sèdjro-Saint-Michel", "status": "INVALID", "reason": "no_road_within_150m", "n_seeds": 0, "n_X_seeds": 0, "n_reassignable": 0, "target_color": "#dc53ca"}}, {"type": "Feature", "geometry": {"type": "Point", "coordinates": [-1.510946, 48.6355204]}, "properties": {"poi_name": "Le Logis Sainte Catherine", "matched_quartier": "Sèdjro-Saint-Michel", "status": "INVALID", "reason": "no_road_within_150m", "n_seeds": 0, "n_X_seeds": 0, "n_reassignable": 0, "target_color": "#dc53ca"}}, {"type": "Feature", "geometry": {"type": "Point", "coordinates": [-1.5109804999999998, 48.6163877]}, "properties": {"poi_name": "L'Hippocampe - Restaurant au Mont Saint-Michel", "matched_quartier": "Sèdjro-Saint-Michel", "status": "INVALID", "reason": "no_road_within_150m", "n_seeds": 0, "n_X_seeds": 0, "n_reassignable": 0, "target_color": "#dc53ca"}}, {"type": "Feature", "geometry": {"type": "Point", "coordinates": [30.140558600000002, -1.9642830999999996]}, "properties": {"poi_name": "Hotel Saint Jean Leopold", "matched_quartier": "Sèdjro-Saint-Michel", "status": "INVALID", "reason": "no_road_within_150m", "n_seeds": 0, "n_X_seeds": 0, "n_reassignable": 0, "target_color": "#dc53ca"}}, {"type": "Feature", "geometry": {"type": "Point", "coordinates": [30.1078214, -1.9285264999999998]}, "properties": {"poi_name": "Auberge Saint Jean Leopard", "matched_quartier": "Sèdjro-Saint-Michel", "status": "INVALID", "reason": "no_road_within_150m", "n_seeds": 0, "n_X_seeds": 0, "n_reassignable": 0, "target_color": "#dc53ca"}}, {"type": "Feature", "geometry": {"type": "Point", "coordinates": [2.4249391, 6.3636520999999995]}, "properties": {"poi_name": "GBEDAGBA", "matched_quartier": "Gbèdagba", "status": "INVALID", "reason": "no_connection_to_X_network", "n_seeds": 20, "n_X_seeds": 0, "n_reassignable": 0, "target_color": "#70cb49"}}, {"type": "Feature", "geometry": {"type": "Point", "coordinates": [2.4793445999999997, 6.3773789999999995]}, "properties": {"poi_name": "Temple Protestant Methodiste de Tchanhounkpame", "matched_quartier": "Tchanhounkpamè", "status": "VALID", "reason": "reached_X_network", "n_seeds": 37, "n_X_seeds": 33, "n_reassignable": 4, "target_color": "#d38948"}}, {"type": "Feature", "geometry": {"type": "Point", "coordinates": [2.4140782, 6.380156899999999]}, "properties": {"poi_name": "Houehoun", "matched_quartier": "Houéhoun", "status": "VALID", "reason": "reached_X_network", "n_seeds": 7, "n_X_seeds": 0, "n_reassignable": 5, "target_color": "#cdb33b"}}, {"type": "Feature", "geometry": {"type": "Point", "coordinates": [2.412295, 6.363490700000001]}, "properties": {"poi_name": "Complexe Scolaire Universitaire \"Clé De La Réussite\" Gbégamey", "matched_quartier": "Gbégamey-Mifongou", "status": "VALID", "reason": "reached_X_network", "n_seeds": 12, "n_X_seeds": 0, "n_reassignable": 13, "target_color": "#4fd575"}}, {"type": "Feature", "geometry": {"type": "Point", "coordinates": [2.4152553, 6.361400300000001]}, "properties": {"poi_name": "BENIN PETRO GBEGAMEY 1", "matched_quartier": "Gbégamey-Mifongou", "status": "VALID", "reason": "reached_X_network", "n_seeds": 46, "n_X_seeds": 0, "n_reassignable": 47, "target_color": "#4fd575"}}, {"type": "Feature", "geometry": {"type": "Point", "coordinates": [2.4118922, 6.3636004999999995]}, "properties": {"poi_name": "LEMUEL EXPRESS - Agence/Gare de GBEGAMEY", "matched_quartier": "Gbégamey-Mifongou", "status": "VALID", "reason": "reached_X_network", "n_seeds": 16, "n_X_seeds": 0, "n_reassignable": 16, "target_color": "#4fd575"}}, {"type": "Feature", "geometry": {"type": "Point", "coordinates": [2.412295, 6.3634908]}, "properties": {"poi_name": "AFG ASSURANCES / AGENCE - FORS LUMIERE GBEGAMEY", "matched_quartier": "Gbégamey-Mifongou", "status": "VALID", "reason": "reached_X_network", "n_seeds": 12, "n_X_seeds": 0, "n_reassignable": 13, "target_color": "#4fd575"}}, {"type": "Feature", "geometry": {"type": "Point", "coordinates": [2.4814357, 6.363224199999999]}, "properties": {"poi_name": "Finagnon", "matched_quartier": "Finagnon", "status": "VALID", "reason": "already_on_X_network", "n_seeds": 11, "n_X_seeds": 11, "n_reassignable": 0, "target_color": "#dd4f69"}}, {"type": "Feature", "geometry": {"type": "Point", "coordinates": [2.4818339, 6.3677807]}, "properties": {"poi_name": "Clinique Médicale Finagnon", "matched_quartier": "Finagnon", "status": "VALID", "reason": "reached_X_network", "n_seeds": 9, "n_X_seeds": 0, "n_reassignable": 14, "target_color": "#dd4f69"}}, {"type": "Feature", "geometry": {"type": "Point", "coordinates": [2.4837610999999997, 6.3634124]}, "properties": {"poi_name": "Finagnon", "matched_quartier": "Finagnon", "status": "VALID", "reason": "reached_X_network", "n_seeds": 5, "n_X_seeds": 0, "n_reassignable": 5, "target_color": "#dd4f69"}}, {"type": "Feature", "geometry": {"type": "Point", "coordinates": [2.4217657999999997, 6.3710162]}, "properties": {"poi_name": "FINAGNON TECHNO PNEUMATIQUE", "matched_quartier": "Finagnon", "status": "INVALID", "reason": "no_connection_to_X_network", "n_seeds": 14, "n_X_seeds": 0, "n_reassignable": 0, "target_color": "#dd4f69"}}, {"type": "Feature", "geometry": {"type": "Point", "coordinates": [2.3898916, 6.3713688]}, "properties": {"poi_name": "La Poste Houéyiho", "matched_quartier": "Houéyihô", "status": "VALID", "reason": "reached_X_network", "n_seeds": 29, "n_X_seeds": 0, "n_reassignable": 108, "target_color": "#3edc5e"}}, {"type": "Feature", "geometry": {"type": "Point", "coordinates": [2.3914665, 6.3675884]}, "properties": {"poi_name": "Ceg Houéyiho", "matched_quartier": "Houéyihô", "status": "VALID", "reason": "reached_X_network", "n_seeds": 32, "n_X_seeds": 0, "n_reassignable": 32, "target_color": "#3edc5e"}}, {"type": "Feature", "geometry": {"type": "Point", "coordinates": [2.391009, 6.3669381]}, "properties": {"poi_name": "Clinique Houeyiho", "matched_quartier": "Houéyihô", "status": "VALID", "reason": "reached_X_network", "n_seeds": 27, "n_X_seeds": 0, "n_reassignable": 28, "target_color": "#3edc5e"}}, {"type": "Feature", "geometry": {"type": "Point", "coordinates": [2.3895296999999998, 6.3694543999999995]}, "properties": {"poi_name": "Hotel De La Cite Houeyiho", "matched_quartier": "Houéyihô", "status": "VALID", "reason": "reached_X_network", "n_seeds": 24, "n_X_seeds": 0, "n_reassignable": 31, "target_color": "#3edc5e"}}, {"type": "Feature", "geometry": {"type": "Point", "coordinates": [2.3974085, 6.3715934]}, "properties": {"poi_name": "Houéyiho", "matched_quartier": "Houéyihô", "status": "VALID", "reason": "reached_X_network", "n_seeds": 9, "n_X_seeds": 0, "n_reassignable": 9, "target_color": "#3edc5e"}}, {"type": "Feature", "geometry": {"type": "Point", "coordinates": [2.394235, 6.3682063]}, "properties": {"poi_name": "Passage superieure houeyiho", "matched_quartier": "Houéyihô", "status": "VALID", "reason": "reached_X_network", "n_seeds": 86, "n_X_seeds": 71, "n_reassignable": 26, "target_color": "#3edc5e"}}, {"type": "Feature", "geometry": {"type": "Point", "coordinates": [2.3933854, 6.3694011999999995]}, "properties": {"poi_name": "Nouvelle Pharmacie Houéyiho", "matched_quartier": "Houéyihô", "status": "VALID", "reason": "reached_X_network", "n_seeds": 60, "n_X_seeds": 24, "n_reassignable": 43, "target_color": "#3edc5e"}}, {"type": "Feature", "geometry": {"type": "Point", "coordinates": [2.3974086, 6.3715936]}, "properties": {"poi_name": "Houeyiho", "matched_quartier": "Houéyihô", "status": "VALID", "reason": "reached_X_network", "n_seeds": 9, "n_X_seeds": 0, "n_reassignable": 9, "target_color": "#3edc5e"}}, {"type": "Feature", "geometry": {"type": "Point", "coordinates": [2.4091093000000003, 6.3647515]}, "properties": {"poi_name": "Gbégamey vont en face de l'universite ENIAMME", "matched_quartier": "Gbégamey-Centre", "status": "VALID", "reason": "reached_X_network", "n_seeds": 10, "n_X_seeds": 1, "n_reassignable": 9, "target_color": "#d042c4"}}, {"type": "Feature", "geometry": {"type": "Point", "coordinates": [2.4075129, 6.362288100000001]}, "properties": {"poi_name": "Église de Pentecôte de la foi Gbégamey", "matched_quartier": "Gbégamey-Centre", "status": "VALID", "reason": "reached_X_network", "n_seeds": 16, "n_X_seeds": 0, "n_reassignable": 15, "target_color": "#d042c4"}}, {"type": "Feature", "geometry": {"type": "Point", "coordinates": [2.4080226, 6.3593682]}, "properties": {"poi_name": "Église Apostolique du Bénin de gbegamey", "matched_quartier": "Gbégamey-Centre", "status": "VALID", "reason": "reached_X_network", "n_seeds": 12, "n_X_seeds": 0, "n_reassignable": 15, "target_color": "#d042c4"}}, {"type": "Feature", "geometry": {"type": "Point", "coordinates": [2.4107914999999998, 6.3638211]}, "properties": {"poi_name": "BENIN PETRO RADIO GBEGAMEY ex SONACOP", "matched_quartier": "Gbégamey-Centre", "status": "VALID", "reason": "reached_X_network", "n_seeds": 13, "n_X_seeds": 12, "n_reassignable": 1, "target_color": "#d042c4"}}, {"type": "Feature", "geometry": {"type": "Point", "coordinates": [2.40759, 6.3655981]}, "properties": {"poi_name": "Station ALKOM GBEGAMEY", "matched_quartier": "Gbégamey-Centre", "status": "VALID", "reason": "reached_X_network", "n_seeds": 8, "n_X_seeds": 0, "n_reassignable": 10, "target_color": "#d042c4"}}, {"type": "Feature", "geometry": {"type": "Point", "coordinates": [2.4064349, 6.3613792]}, "properties": {"poi_name": "La Terrasse de Gbegamey", "matched_quartier": "Gbégamey-Centre", "status": "VALID", "reason": "reached_X_network", "n_seeds": 8, "n_X_seeds": 0, "n_reassignable": 11, "target_color": "#d042c4"}}, {"type": "Feature", "geometry": {"type": "Point", "coordinates": [2.4090262, 6.3638794999999995]}, "properties": {"poi_name": "Bénin-Semences - Boutique Gbegamey", "matched_quartier": "Gbégamey-Centre", "status": "VALID", "reason": "reached_X_network", "n_seeds": 6, "n_X_seeds": 1, "n_reassignable": 5, "target_color": "#d042c4"}}, {"type": "Feature", "geometry": {"type": "Point", "coordinates": [2.4129125, 6.3628938999999995]}, "properties": {"poi_name": "Guichet SBEE Gbegamey", "matched_quartier": "Gbégamey-Centre", "status": "VALID", "reason": "reached_X_network", "n_seeds": 34, "n_X_seeds": 24, "n_reassignable": 10, "target_color": "#d042c4"}}, {"type": "Feature", "geometry": {"type": "Point", "coordinates": [2.4081908999999997, 6.361757]}, "properties": {"poi_name": "Le Majestic Gbégamey ( Salle des Fêtes )", "matched_quartier": "Gbégamey-Centre", "status": "VALID", "reason": "reached_X_network", "n_seeds": 16, "n_X_seeds": 0, "n_reassignable": 16, "target_color": "#d042c4"}}, {"type": "Feature", "geometry": {"type": "Point", "coordinates": [2.408048, 6.365169100000001]}, "properties": {"poi_name": "Photocopie 10fr blanc noir, 25fr couleur GBEGAMEY", "matched_quartier": "Gbégamey-Centre", "status": "VALID", "reason": "reached_X_network", "n_seeds": 8, "n_X_seeds": 0, "n_reassignable": 9, "target_color": "#d042c4"}}, {"type": "Feature", "geometry": {"type": "Point", "coordinates": [2.383187, 6.3603540999999995]}, "properties": {"poi_name": "Aïbatin dodo", "matched_quartier": "Aïbatin-Dodo", "status": "VALID", "reason": "already_on_X_network", "n_seeds": 8, "n_X_seeds": 8, "n_reassignable": 0, "target_color": "#e05a40"}}, {"type": "Feature", "geometry": {"type": "Point", "coordinates": [2.3895917000000004, 6.3513869000000005]}, "properties": {"poi_name": "Guesthouse Cocotiers Cotonou", "matched_quartier": "Haie-Vive-Cocotiers", "status": "VALID", "reason": "reached_X_network", "n_seeds": 43, "n_X_seeds": 42, "n_reassignable": 1, "target_color": "#d6ca4b"}}, {"type": "Feature", "geometry": {"type": "Point", "coordinates": [2.3912362, 6.3702928]}, "properties": {"poi_name": "Les cocotiers", "matched_quartier": "Haie-Vive-Cocotiers", "status": "INVALID", "reason": "no_connection_to_X_network", "n_seeds": 25, "n_X_seeds": 0, "n_reassignable": 0, "target_color": "#d6ca4b"}}, {"type": "Feature", "geometry": {"type": "Point", "coordinates": [2.3896899, 6.3513497999999995]}, "properties": {"poi_name": "Guesthouse Cocotiers Cotonou", "matched_quartier": "Haie-Vive-Cocotiers", "status": "VALID", "reason": "reached_X_network", "n_seeds": 48, "n_X_seeds": 43, "n_reassignable": 5, "target_color": "#d6ca4b"}}, {"type": "Feature", "geometry": {"type": "Point", "coordinates": [2.3897106999999997, 6.3569263]}, "properties": {"poi_name": "Cabinet dentaire \"Les Cocotiers\"", "matched_quartier": "Haie-Vive-Cocotiers", "status": "VALID", "reason": "reached_X_network", "n_seeds": 30, "n_X_seeds": 3, "n_reassignable": 27, "target_color": "#d6ca4b"}}, {"type": "Feature", "geometry": {"type": "Point", "coordinates": [2.3994892, 6.355595]}, "properties": {"poi_name": "Polyclinique Les Cocotiers", "matched_quartier": "Haie-Vive-Cocotiers", "status": "VALID", "reason": "reached_X_network", "n_seeds": 49, "n_X_seeds": 17, "n_reassignable": 30, "target_color": "#d6ca4b"}}, {"type": "Feature", "geometry": {"type": "Point", "coordinates": [2.3989636, 6.3537634]}, "properties": {"poi_name": "Pharmacie Les Cocotiers", "matched_quartier": "Haie-Vive-Cocotiers", "status": "VALID", "reason": "already_on_X_network", "n_seeds": 79, "n_X_seeds": 79, "n_reassignable": 0, "target_color": "#d6ca4b"}}, {"type": "Feature", "geometry": {"type": "Point", "coordinates": [2.3939471, 6.3535071]}, "properties": {"poi_name": "Fruitizz Cocotiers", "matched_quartier": "Haie-Vive-Cocotiers", "status": "VALID", "reason": "already_on_X_network", "n_seeds": 32, "n_X_seeds": 32, "n_reassignable": 0, "target_color": "#d6ca4b"}}, {"type": "Feature", "geometry": {"type": "Point", "coordinates": [2.3978526, 6.353752]}, "properties": {"poi_name": "Boutique Vlisco les cocotiers", "matched_quartier": "Haie-Vive-Cocotiers", "status": "VALID", "reason": "already_on_X_network", "n_seeds": 56, "n_X_seeds": 56, "n_reassignable": 0, "target_color": "#d6ca4b"}}, {"type": "Feature", "geometry": {"type": "Point", "coordinates": [2.3938497, 6.3538707]}, "properties": {"poi_name": "OHO les lunettes - les Cocotiers", "matched_quartier": "Haie-Vive-Cocotiers", "status": "VALID", "reason": "already_on_X_network", "n_seeds": 30, "n_X_seeds": 30, "n_reassignable": 0, "target_color": "#d6ca4b"}}, {"type": "Feature", "geometry": {"type": "Point", "coordinates": [2.391135, 6.355656499999999]}, "properties": {"poi_name": "Etrilabs Cotonou Cocotiers", "matched_quartier": "Haie-Vive-Cocotiers", "status": "VALID", "reason": "reached_X_network", "n_seeds": 18, "n_X_seeds": 9, "n_reassignable": 9, "target_color": "#d6ca4b"}}, {"type": "Feature", "geometry": {"type": "Point", "coordinates": [2.3988289, 6.353703299999999]}, "properties": {"poi_name": "UBA Cocotiers", "matched_quartier": "Haie-Vive-Cocotiers", "status": "VALID", "reason": "already_on_X_network", "n_seeds": 79, "n_X_seeds": 79, "n_reassignable": 0, "target_color": "#d6ca4b"}}, {"type": "Feature", "geometry": {"type": "Point", "coordinates": [2.3956399, 6.3538189]}, "properties": {"poi_name": "Lolo Andoche Cocotiers", "matched_quartier": "Haie-Vive-Cocotiers", "status": "VALID", "reason": "already_on_X_network", "n_seeds": 34, "n_X_seeds": 34, "n_reassignable": 0, "target_color": "#d6ca4b"}}, {"type": "Feature", "geometry": {"type": "Point", "coordinates": [2.1324767, 6.544537999999999]}, "properties": {"poi_name": "Bar Resto \"Sous les Cocotiers\"", "matched_quartier": "Haie-Vive-Cocotiers", "status": "INVALID", "reason": "no_road_within_150m", "n_seeds": 0, "n_X_seeds": 0, "n_reassignable": 0, "target_color": "#d6ca4b"}}, {"type": "Feature", "geometry": {"type": "Point", "coordinates": [2.4585602, 6.391913499999999]}, "properties": {"poi_name": "Yenawa", "matched_quartier": "Yénawa", "status": "VALID", "reason": "reached_X_network", "n_seeds": 5, "n_X_seeds": 0, "n_reassignable": 11, "target_color": "#de4ad4"}}, {"type": "Feature", "geometry": {"type": "Point", "coordinates": [2.4567058999999998, 6.3899279]}, "properties": {"poi_name": "Yenawa", "matched_quartier": "Yénawa", "status": "VALID", "reason": "reached_X_network", "n_seeds": 17, "n_X_seeds": 0, "n_reassignable": 13, "target_color": "#de4ad4"}}, {"type": "Feature", "geometry": {"type": "Point", "coordinates": [2.4621481999999997, 6.3879135]}, "properties": {"poi_name": "Bar restaurant 04H DU MATIN YENAWA", "matched_quartier": "Yénawa", "status": "VALID", "reason": "reached_X_network", "n_seeds": 15, "n_X_seeds": 0, "n_reassignable": 15, "target_color": "#de4ad4"}}, {"type": "Feature", "geometry": {"type": "Point", "coordinates": [2.394249, 6.369099599999999]}, "properties": {"poi_name": "STATION EWELL HOUEYIHO", "matched_quartier": "Houéyihô", "status": "VALID", "reason": "reached_X_network", "n_seeds": 77, "n_X_seeds": 59, "n_reassignable": 28, "target_color": "#3edc5e"}}, {"type": "Feature", "geometry": {"type": "Point", "coordinates": [2.3974086, 6.3715936]}, "properties": {"poi_name": "Houeyiho 1", "matched_quartier": "Houéyihô", "status": "VALID", "reason": "reached_X_network", "n_seeds": 9, "n_X_seeds": 0, "n_reassignable": 9, "target_color": "#3edc5e"}}, {"type": "Feature", "geometry": {"type": "Point", "coordinates": [2.4599484, 6.3903734000000005]}, "properties": {"poi_name": "AKPAKPA YENAWA vodoun hontô", "matched_quartier": "Yénawa-Fifadji", "status": "INVALID", "reason": "no_connection_to_X_network", "n_seeds": 15, "n_X_seeds": 0, "n_reassignable": 0, "target_color": "#b2c93f"}}, {"type": "Feature", "geometry": {"type": "Point", "coordinates": [2.462393, 6.390483]}, "properties": {"poi_name": "Impact Centre Chrétien Yenawa", "matched_quartier": "Yénawa-Fifadji", "status": "INVALID", "reason": "no_connection_to_X_network", "n_seeds": 18, "n_X_seeds": 0, "n_reassignable": 0, "target_color": "#b2c93f"}}, {"type": "Feature", "geometry": {"type": "Point", "coordinates": [2.2021493999999997, 6.3491978]}, "properties": {"poi_name": "Avlekete", "matched_quartier": "Avlékété-Joncquet", "status": "INVALID", "reason": "no_road_within_150m", "n_seeds": 0, "n_X_seeds": 0, "n_reassignable": 0, "target_color": "#c4d747"}}, {"type": "Feature", "geometry": {"type": "Point", "coordinates": [2.2021493999999997, 6.3491978]}, "properties": {"poi_name": "BAR RESTAURANT LE PAPILLON , AVLEKETE , OUIDAH,RUE DE LA SAGESSE", "matched_quartier": "Avlékété-Joncquet", "status": "INVALID", "reason": "no_road_within_150m", "n_seeds": 0, "n_X_seeds": 0, "n_reassignable": 0, "target_color": "#c4d747"}}, {"type": "Feature", "geometry": {"type": "Point", "coordinates": [2.6487087, 6.5607071]}, "properties": {"poi_name": "Paroisse Saint Laurent de Gbèdjèwin Avrankou Bénin", "matched_quartier": "Gbèdjèwin", "status": "INVALID", "reason": "no_road_within_150m", "n_seeds": 0, "n_X_seeds": 0, "n_reassignable": 0, "target_color": "#46df9f"}}, {"type": "Feature", "geometry": {"type": "Point", "coordinates": [2.4470558, 6.366358399999999]}, "properties": {"poi_name": "CDPA Gbèdjèwin (Akpakpa)", "matched_quartier": "Gbèdjèwin", "status": "VALID", "reason": "reached_X_network", "n_seeds": 16, "n_X_seeds": 0, "n_reassignable": 16, "target_color": "#46df9f"}}, {"type": "Feature", "geometry": {"type": "Point", "coordinates": [2.3788939, 6.3889616]}, "properties": {"poi_name": "Zogbohoue", "matched_quartier": "Zogbohouè", "status": "VALID", "reason": "already_on_X_network", "n_seeds": 8, "n_X_seeds": 8, "n_reassignable": 0, "target_color": "#d3455f"}}, {"type": "Feature", "geometry": {"type": "Point", "coordinates": [2.3778487, 6.3907472]}, "properties": {"poi_name": "Complexe Scolaire Universitaire Cle De La Réussite \"Zogbohoue\"", "matched_quartier": "Zogbohouè", "status": "VALID", "reason": "already_on_X_network", "n_seeds": 18, "n_X_seeds": 18, "n_reassignable": 0, "target_color": "#d3455f"}}, {"type": "Feature", "geometry": {"type": "Point", "coordinates": [2.3795707999999998, 6.3926623]}, "properties": {"poi_name": "EEAD ZOGBOHOUE", "matched_quartier": "Zogbohouè", "status": "VALID", "reason": "already_on_X_network", "n_seeds": 14, "n_X_seeds": 14, "n_reassignable": 0, "target_color": "#d3455f"}}, {"type": "Feature", "geometry": {"type": "Point", "coordinates": [2.3792716, 6.3955695]}, "properties": {"poi_name": "ECC Paroisse Bethelehem Zogbohoue", "matched_quartier": "Zogbohouè", "status": "VALID", "reason": "already_on_X_network", "n_seeds": 6, "n_X_seeds": 6, "n_reassignable": 0, "target_color": "#d3455f"}}, {"type": "Feature", "geometry": {"type": "Point", "coordinates": [2.3809161000000003, 6.3929924]}, "properties": {"poi_name": "Carrefour Tchitchi, Zogbohouè", "matched_quartier": "Zogbohouè", "status": "VALID", "reason": "already_on_X_network", "n_seeds": 19, "n_X_seeds": 19, "n_reassignable": 0, "target_color": "#d3455f"}}, {"type": "Feature", "geometry": {"type": "Point", "coordinates": [2.4026438, 6.3850378]}, "properties": {"poi_name": "Zogbohoue", "matched_quartier": "Zogbohouè", "status": "INVALID", "reason": "no_connection_to_X_network", "n_seeds": 7, "n_X_seeds": 0, "n_reassignable": 0, "target_color": "#d3455f"}}, {"type": "Feature", "geometry": {"type": "Point", "coordinates": [2.3789141, 6.3890034]}, "properties": {"poi_name": "Zogbohoue", "matched_quartier": "Zogbohouè", "status": "VALID", "reason": "already_on_X_network", "n_seeds": 8, "n_X_seeds": 8, "n_reassignable": 0, "target_color": "#d3455f"}}, {"type": "Feature", "geometry": {"type": "Point", "coordinates": [2.4289193000000004, 6.3831967]}, "properties": {"poi_name": "Eglise Catholique Ste Famille de Djidjè", "matched_quartier": "Djidjè", "status": "VALID", "reason": "reached_X_network", "n_seeds": 5, "n_X_seeds": 0, "n_reassignable": 5, "target_color": "#a5d441"}}, {"type": "Feature", "geometry": {"type": "Point", "coordinates": [2.4341577, 6.386412399999999]}, "properties": {"poi_name": "Église Évangélique JJC DJIDJE", "matched_quartier": "Djidjè-Aïchédji", "status": "VALID", "reason": "already_on_X_network", "n_seeds": 10, "n_X_seeds": 10, "n_reassignable": 0, "target_color": "#dbc944"}}, {"type": "Feature", "geometry": {"type": "Point", "coordinates": [2.4311339, 6.3825546]}, "properties": {"poi_name": "Mosquee kadjola de Djidje", "matched_quartier": "Djidjè", "status": "VALID", "reason": "reached_X_network", "n_seeds": 8, "n_X_seeds": 5, "n_reassignable": 3, "target_color": "#a5d441"}}, {"type": "Feature", "geometry": {"type": "Point", "coordinates": [2.4340948, 6.3858824]}, "properties": {"poi_name": "Eglise Méthodiste Restaurer Djidjè", "matched_quartier": "Djidjè", "status": "VALID", "reason": "reached_X_network", "n_seeds": 8, "n_X_seeds": 0, "n_reassignable": 10, "target_color": "#a5d441"}}, {"type": "Feature", "geometry": {"type": "Point", "coordinates": [2.4348262, 6.3583175999999995]}, "properties": {"poi_name": "MTN Guinkomey", "matched_quartier": "Guinkômey", "status": "VALID", "reason": "already_on_X_network", "n_seeds": 13, "n_X_seeds": 13, "n_reassignable": 0, "target_color": "#bfd743"}}, {"type": "Feature", "geometry": {"type": "Point", "coordinates": [2.4295185, 6.352837999999999]}, "properties": {"poi_name": "Guinkomey", "matched_quartier": "Guinkômey", "status": "VALID", "reason": "reached_X_network", "n_seeds": 18, "n_X_seeds": 0, "n_reassignable": 37, "target_color": "#bfd743"}}, {"type": "Feature", "geometry": {"type": "Point", "coordinates": [2.4334542, 6.359251899999999]}, "properties": {"poi_name": "TCV Guinkomey station, Cotonou", "matched_quartier": "Guinkômey", "status": "VALID", "reason": "reached_X_network", "n_seeds": 13, "n_X_seeds": 4, "n_reassignable": 9, "target_color": "#bfd743"}}, {"type": "Feature", "geometry": {"type": "Point", "coordinates": [2.3912362, 6.3702928]}, "properties": {"poi_name": "Akogbato", "matched_quartier": "Akôgbato", "status": "INVALID", "reason": "matched_name_not_in_propagation", "n_seeds": 0, "n_X_seeds": 0, "n_reassignable": 0, "target_color": "#666"}}, {"type": "Feature", "geometry": {"type": "Point", "coordinates": [2.3454053, 6.3589885]}, "properties": {"poi_name": "Paroisse Sainte Famille D'Akogbato", "matched_quartier": "Akôgbato", "status": "INVALID", "reason": "matched_name_not_in_propagation", "n_seeds": 0, "n_X_seeds": 0, "n_reassignable": 0, "target_color": "#666"}}, {"type": "Feature", "geometry": {"type": "Point", "coordinates": [2.4277995, 6.3562425]}, "properties": {"poi_name": "Akogbato", "matched_quartier": "Akôgbato", "status": "INVALID", "reason": "matched_name_not_in_propagation", "n_seeds": 0, "n_X_seeds": 0, "n_reassignable": 0, "target_color": "#666"}}, {"type": "Feature", "geometry": {"type": "Point", "coordinates": [2.3471154, 6.359601800000001]}, "properties": {"poi_name": "Maternity D'akogbato", "matched_quartier": "Akôgbato", "status": "INVALID", "reason": "matched_name_not_in_propagation", "n_seeds": 0, "n_X_seeds": 0, "n_reassignable": 0, "target_color": "#666"}}, {"type": "Feature", "geometry": {"type": "Point", "coordinates": [2.3470937, 6.3595847999999995]}, "properties": {"poi_name": "Health Center D'akogbato", "matched_quartier": "Akôgbato", "status": "INVALID", "reason": "matched_name_not_in_propagation", "n_seeds": 0, "n_X_seeds": 0, "n_reassignable": 0, "target_color": "#666"}}, {"type": "Feature", "geometry": {"type": "Point", "coordinates": [2.3581156, 6.358136]}, "properties": {"poi_name": "Nouvelle Pharmacie Akogbato", "matched_quartier": "Akôgbato", "status": "INVALID", "reason": "matched_name_not_in_propagation", "n_seeds": 0, "n_X_seeds": 0, "n_reassignable": 0, "target_color": "#666"}}, {"type": "Feature", "geometry": {"type": "Point", "coordinates": [2.3549731, 6.3596448]}, "properties": {"poi_name": "TERRAIN AKOGBATO", "matched_quartier": "Akôgbato", "status": "INVALID", "reason": "matched_name_not_in_propagation", "n_seeds": 0, "n_X_seeds": 0, "n_reassignable": 0, "target_color": "#666"}}, {"type": "Feature", "geometry": {"type": "Point", "coordinates": [2.3593802999999998, 6.379976]}, "properties": {"poi_name": "Agla Agongbomey", "matched_quartier": "Ayélawadjè-Agongbomè", "status": "INVALID", "reason": "no_connection_to_X_network", "n_seeds": 15, "n_X_seeds": 0, "n_reassignable": 0, "target_color": "#83ce4d"}}, {"type": "Feature", "geometry": {"type": "Point", "coordinates": [2.4468177, 6.3926339]}, "properties": {"poi_name": "Ayelawadje", "matched_quartier": "Ayélawadjè", "status": "INVALID", "reason": "no_connection_to_X_network", "n_seeds": 14, "n_X_seeds": 0, "n_reassignable": 0, "target_color": "#b24bc6"}}, {"type": "Feature", "geometry": {"type": "Point", "coordinates": [2.4467466, 6.388837]}, "properties": {"poi_name": "Mosquée Agongbomè", "matched_quartier": "Ayélawadjè-Agongbomè", "status": "VALID", "reason": "reached_X_network", "n_seeds": 19, "n_X_seeds": 0, "n_reassignable": 19, "target_color": "#83ce4d"}}, {"type": "Feature", "geometry": {"type": "Point", "coordinates": [2.4492895999999997, 6.3819859]}, "properties": {"poi_name": "Ayelawadje 1", "matched_quartier": "Ayélawadjè", "status": "VALID", "reason": "reached_X_network", "n_seeds": 13, "n_X_seeds": 0, "n_reassignable": 16, "target_color": "#b24bc6"}}, {"type": "Feature", "geometry": {"type": "Point", "coordinates": [2.3613367, 6.3793767]}, "properties": {"poi_name": "Agla Agongbomey ECC", "matched_quartier": "Ayélawadjè-Agongbomè", "status": "INVALID", "reason": "no_connection_to_X_network", "n_seeds": 13, "n_X_seeds": 0, "n_reassignable": 0, "target_color": "#83ce4d"}}, {"type": "Feature", "geometry": {"type": "Point", "coordinates": [2.4471556999999997, 6.3909861]}, "properties": {"poi_name": "Église adventiste du 7ème jour AGONGBOMEY", "matched_quartier": "Ayélawadjè-Agongbomè", "status": "VALID", "reason": "reached_X_network", "n_seeds": 15, "n_X_seeds": 0, "n_reassignable": 11, "target_color": "#83ce4d"}}, {"type": "Feature", "geometry": {"type": "Point", "coordinates": [2.4468525999999997, 6.3926905]}, "properties": {"poi_name": "Mosquée Ayelawadjè", "matched_quartier": "Ayélawadjè", "status": "INVALID", "reason": "no_connection_to_X_network", "n_seeds": 15, "n_X_seeds": 0, "n_reassignable": 0, "target_color": "#b24bc6"}}, {"type": "Feature", "geometry": {"type": "Point", "coordinates": [2.4496941, 6.3780787]}, "properties": {"poi_name": "Centre de santé Ayélawadjè Cotonou", "matched_quartier": "Ayélawadjè", "status": "VALID", "reason": "reached_X_network", "n_seeds": 8, "n_X_seeds": 5, "n_reassignable": 3, "target_color": "#b24bc6"}}, {"type": "Feature", "geometry": {"type": "Point", "coordinates": [2.3912362, 6.3702928]}, "properties": {"poi_name": "bonberge ayelawadje", "matched_quartier": "Ayélawadjè", "status": "INVALID", "reason": "no_connection_to_X_network", "n_seeds": 25, "n_X_seeds": 0, "n_reassignable": 0, "target_color": "#b24bc6"}}, {"type": "Feature", "geometry": {"type": "Point", "coordinates": [2.4736031, 6.375300999999999]}, "properties": {"poi_name": "Hotel Ayelawadje Cotonou", "matched_quartier": "Ayélawadjè", "status": "INVALID", "reason": "no_connection_to_X_network", "n_seeds": 10, "n_X_seeds": 0, "n_reassignable": 0, "target_color": "#b24bc6"}}, {"type": "Feature", "geometry": {"type": "Point", "coordinates": [2.4699549999999997, 6.3701276]}, "properties": {"poi_name": "Hôtel ayelawadje tanto", "matched_quartier": "Ayélawadjè-Agongbomè", "status": "INVALID", "reason": "no_connection_to_X_network", "n_seeds": 10, "n_X_seeds": 0, "n_reassignable": 0, "target_color": "#83ce4d"}}, {"type": "Feature", "geometry": {"type": "Point", "coordinates": [2.4499532000000004, 6.375006]}, "properties": {"poi_name": "AYELAWADJE AKPAKPA", "matched_quartier": "Ayélawadjè", "status": "VALID", "reason": "already_on_X_network", "n_seeds": 6, "n_X_seeds": 6, "n_reassignable": 0, "target_color": "#b24bc6"}}, {"type": "Feature", "geometry": {"type": "Point", "coordinates": [2.4466582, 6.3768671]}, "properties": {"poi_name": "Banque Of Africa, Agence Ayélawadjè", "matched_quartier": "Ayélawadjè-Agongbomè", "status": "VALID", "reason": "reached_X_network", "n_seeds": 12, "n_X_seeds": 0, "n_reassignable": 21, "target_color": "#83ce4d"}}, {"type": "Feature", "geometry": {"type": "Point", "coordinates": [2.4492753, 6.3717386000000005]}, "properties": {"poi_name": "Pharmacie Ayelawadje", "matched_quartier": "Ayélawadjè", "status": "VALID", "reason": "reached_X_network", "n_seeds": 5, "n_X_seeds": 1, "n_reassignable": 9, "target_color": "#b24bc6"}}, {"type": "Feature", "geometry": {"type": "Point", "coordinates": [2.4752331, 6.3752155]}, "properties": {"poi_name": "AYELAWADJE HAC", "matched_quartier": "Ayélawadjè-Agongbomè", "status": "INVALID", "reason": "no_connection_to_X_network", "n_seeds": 8, "n_X_seeds": 0, "n_reassignable": 0, "target_color": "#83ce4d"}}, {"type": "Feature", "geometry": {"type": "Point", "coordinates": [1.1756033000000001, 49.016350599999996]}, "properties": {"poi_name": "Ohé - Orthographe Héros", "matched_quartier": "Ohé", "status": "INVALID", "reason": "no_road_within_150m", "n_seeds": 0, "n_X_seeds": 0, "n_reassignable": 0, "target_color": "#d64d93"}}, {"type": "Feature", "geometry": {"type": "Point", "coordinates": [-76.9016973, 40.282683]}, "properties": {"poi_name": "Temple Ohev Sholom", "matched_quartier": "Ohé", "status": "INVALID", "reason": "no_road_within_150m", "n_seeds": 0, "n_X_seeds": 0, "n_reassignable": 0, "target_color": "#d64d93"}}, {"type": "Feature", "geometry": {"type": "Point", "coordinates": [0.34359989999999996, 46.5581082]}, "properties": {"poi_name": "Association OHÉ", "matched_quartier": "Ohé", "status": "INVALID", "reason": "no_road_within_150m", "n_seeds": 0, "n_X_seeds": 0, "n_reassignable": 0, "target_color": "#d64d93"}}, {"type": "Feature", "geometry": {"type": "Point", "coordinates": [5.1255133, 50.4329647]}, "properties": {"poi_name": "Intermarché Ohey", "matched_quartier": "Ohé", "status": "INVALID", "reason": "no_road_within_150m", "n_seeds": 0, "n_X_seeds": 0, "n_reassignable": 0, "target_color": "#d64d93"}}, {"type": "Feature", "geometry": {"type": "Point", "coordinates": [13.342370599999999, 48.823642]}, "properties": {"poi_name": "Hotel Landhaus zur Ohe GmbH", "matched_quartier": "Ohé", "status": "INVALID", "reason": "no_road_within_150m", "n_seeds": 0, "n_X_seeds": 0, "n_reassignable": 0, "target_color": "#d64d93"}}, {"type": "Feature", "geometry": {"type": "Point", "coordinates": [2.384408, 6.3862236]}, "properties": {"poi_name": "Mairie du 10ème arrondissement (kouhounou)", "matched_quartier": "Kouhounou", "status": "VALID", "reason": "reached_X_network", "n_seeds": 24, "n_X_seeds": 0, "n_reassignable": 25, "target_color": "#dcca40"}}, {"type": "Feature", "geometry": {"type": "Point", "coordinates": [2.3853904, 6.3766433]}, "properties": {"poi_name": "Commissariat de Kouhounou", "matched_quartier": "Kouhounou", "status": "VALID", "reason": "reached_X_network", "n_seeds": 19, "n_X_seeds": 0, "n_reassignable": 19, "target_color": "#dcca40"}}, {"type": "Feature", "geometry": {"type": "Point", "coordinates": [2.384505, 6.3863159]}, "properties": {"poi_name": "Poste Kouhounou", "matched_quartier": "Kouhounou", "status": "VALID", "reason": "reached_X_network", "n_seeds": 25, "n_X_seeds": 0, "n_reassignable": 27, "target_color": "#dcca40"}}, {"type": "Feature", "geometry": {"type": "Point", "coordinates": [2.3837412, 6.3860075]}, "properties": {"poi_name": "Station Ewell de Kouhounou", "matched_quartier": "Kouhounou", "status": "VALID", "reason": "reached_X_network", "n_seeds": 23, "n_X_seeds": 0, "n_reassignable": 23, "target_color": "#dcca40"}}, {"type": "Feature", "geometry": {"type": "Point", "coordinates": [2.3734837, 6.3855381]}, "properties": {"poi_name": "STATION EWELL KOUHOUNOU", "matched_quartier": "Kouhounou", "status": "VALID", "reason": "reached_X_network", "n_seeds": 38, "n_X_seeds": 4, "n_reassignable": 34, "target_color": "#dcca40"}}, {"type": "Feature", "geometry": {"type": "Point", "coordinates": [2.3788939, 6.3889616]}, "properties": {"poi_name": "kouhounou", "matched_quartier": "Kouhounou", "status": "INVALID", "reason": "no_connection_to_X_network", "n_seeds": 8, "n_X_seeds": 0, "n_reassignable": 0, "target_color": "#dcca40"}}, {"type": "Feature", "geometry": {"type": "Point", "coordinates": [2.3791922, 6.3795708]}, "properties": {"poi_name": "Pharmacie veterinaire de Kouhounou", "matched_quartier": "Kouhounou", "status": "VALID", "reason": "already_on_X_network", "n_seeds": 78, "n_X_seeds": 78, "n_reassignable": 0, "target_color": "#dcca40"}}, {"type": "Feature", "geometry": {"type": "Point", "coordinates": [2.4689161, 6.3886718]}, "properties": {"poi_name": "Pharmacie Suru-Léré", "matched_quartier": "Suru-Léré", "status": "INVALID", "reason": "no_connection_to_X_network", "n_seeds": 16, "n_X_seeds": 0, "n_reassignable": 0, "target_color": "#ca4c98"}}, {"type": "Feature", "geometry": {"type": "Point", "coordinates": [2.4656814, 6.3761756]}, "properties": {"poi_name": "Église Évangélique des Assemblées de Dieu Akpakpa Suru-Léré", "matched_quartier": "Suru-Léré", "status": "VALID", "reason": "reached_X_network", "n_seeds": 14, "n_X_seeds": 0, "n_reassignable": 14, "target_color": "#ca4c98"}}, {"type": "Feature", "geometry": {"type": "Point", "coordinates": [2.4636313999999997, 6.3808409]}, "properties": {"poi_name": "MINISTÈRE DE LA SANTÉ, CENTRE HOSPITALIER DE LA ZONE SURU-LERE", "matched_quartier": "Suru-Léré", "status": "VALID", "reason": "reached_X_network", "n_seeds": 8, "n_X_seeds": 7, "n_reassignable": 1, "target_color": "#ca4c98"}}, {"type": "Feature", "geometry": {"type": "Point", "coordinates": [2.4634981, 6.376413899999999]}, "properties": {"poi_name": "BENIN PETRO SURU-LERE ex SONACOP", "matched_quartier": "Suru-Léré", "status": "VALID", "reason": "already_on_X_network", "n_seeds": 8, "n_X_seeds": 8, "n_reassignable": 0, "target_color": "#ca4c98"}}, {"type": "Feature", "geometry": {"type": "Point", "coordinates": [2.4666315, 6.3819151]}, "properties": {"poi_name": "Akpakpa suru-lere", "matched_quartier": "Suru-Léré", "status": "VALID", "reason": "reached_X_network", "n_seeds": 12, "n_X_seeds": 0, "n_reassignable": 15, "target_color": "#ca4c98"}}, {"type": "Feature", "geometry": {"type": "Point", "coordinates": [2.4665961999999997, 6.381903899999999]}, "properties": {"poi_name": "Suru-Lere", "matched_quartier": "Suru-Léré", "status": "VALID", "reason": "reached_X_network", "n_seeds": 12, "n_X_seeds": 0, "n_reassignable": 15, "target_color": "#ca4c98"}}, {"type": "Feature", "geometry": {"type": "Point", "coordinates": [2.4663532999999997, 6.3768153]}, "properties": {"poi_name": "Poissonnerie Saint Paul suru-léré 2", "matched_quartier": "Suru-Léré", "status": "VALID", "reason": "reached_X_network", "n_seeds": 12, "n_X_seeds": 0, "n_reassignable": 12, "target_color": "#ca4c98"}}, {"type": "Feature", "geometry": {"type": "Point", "coordinates": [2.4625779999999997, 6.3782672]}, "properties": {"poi_name": "C.E.G Suru-Lere", "matched_quartier": "Suru-Léré", "status": "VALID", "reason": "already_on_X_network", "n_seeds": 13, "n_X_seeds": 13, "n_reassignable": 0, "target_color": "#ca4c98"}}, {"type": "Feature", "geometry": {"type": "Point", "coordinates": [2.086062, 7.187990999999999]}, "properties": {"poi_name": "Hôtel FIFATIN", "matched_quartier": "Fifatin", "status": "INVALID", "reason": "no_road_within_150m", "n_seeds": 0, "n_X_seeds": 0, "n_reassignable": 0, "target_color": "#4bd29e"}}, {"type": "Feature", "geometry": {"type": "Point", "coordinates": [2.4499074999999997, 6.3733423]}, "properties": {"poi_name": "Fifatin", "matched_quartier": "Fifatin", "status": "VALID", "reason": "reached_X_network", "n_seeds": 3, "n_X_seeds": 0, "n_reassignable": 3, "target_color": "#4bd29e"}}, {"type": "Feature", "geometry": {"type": "Point", "coordinates": [2.4465524, 6.3909119]}, "properties": {"poi_name": "3ème arrondissement d’Agbodjedo", "matched_quartier": "Agbodjèdo", "status": "VALID", "reason": "reached_X_network", "n_seeds": 16, "n_X_seeds": 10, "n_reassignable": 6, "target_color": "#88d040"}}, {"type": "Feature", "geometry": {"type": "Point", "coordinates": [2.4492895999999997, 6.392622299999999]}, "properties": {"poi_name": "Agbodjedo", "matched_quartier": "Agbodjèdo", "status": "VALID", "reason": "reached_X_network", "n_seeds": 19, "n_X_seeds": 1, "n_reassignable": 18, "target_color": "#88d040"}}, {"type": "Feature", "geometry": {"type": "Point", "coordinates": [2.4492895999999997, 6.392622299999999]}, "properties": {"poi_name": "Agbodjedo", "matched_quartier": "Agbodjèdo", "status": "VALID", "reason": "reached_X_network", "n_seeds": 19, "n_X_seeds": 1, "n_reassignable": 18, "target_color": "#88d040"}}, {"type": "Feature", "geometry": {"type": "Point", "coordinates": [2.4481216, 6.3928014]}, "properties": {"poi_name": "École Primaire Publique Du Lac Agbodjedo", "matched_quartier": "Agbodjèdo", "status": "VALID", "reason": "reached_X_network", "n_seeds": 18, "n_X_seeds": 11, "n_reassignable": 7, "target_color": "#88d040"}}, {"type": "Feature", "geometry": {"type": "Point", "coordinates": [2.4467072, 6.3935409]}, "properties": {"poi_name": "Église Évangélique des Assemblées de Dieu d'Agbodjèdo", "matched_quartier": "Agbodjèdo", "status": "VALID", "reason": "already_on_X_network", "n_seeds": 17, "n_X_seeds": 17, "n_reassignable": 0, "target_color": "#88d040"}}, {"type": "Feature", "geometry": {"type": "Point", "coordinates": [2.2541069, 6.6133584]}, "properties": {"poi_name": "Paroisse saint Michel Agbodjèdo", "matched_quartier": "Agbodjèdo", "status": "INVALID", "reason": "no_connection_to_X_network", "n_seeds": 26, "n_X_seeds": 0, "n_reassignable": 0, "target_color": "#88d040"}}, {"type": "Feature", "geometry": {"type": "Point", "coordinates": [2.4437314999999997, 6.393601599999999]}, "properties": {"poi_name": "Center Roqya D'agbodjedo", "matched_quartier": "Agbodjèdo", "status": "VALID", "reason": "reached_X_network", "n_seeds": 15, "n_X_seeds": 8, "n_reassignable": 7, "target_color": "#88d040"}}, {"type": "Feature", "geometry": {"type": "Point", "coordinates": [2.4492895999999997, 6.392622299999999]}, "properties": {"poi_name": "AGBODJEDO", "matched_quartier": "Agbodjèdo", "status": "VALID", "reason": "reached_X_network", "n_seeds": 19, "n_X_seeds": 1, "n_reassignable": 18, "target_color": "#88d040"}}, {"type": "Feature", "geometry": {"type": "Point", "coordinates": [2.4469767, 6.3928283]}, "properties": {"poi_name": "Carrefour agbodjedo", "matched_quartier": "Agbodjèdo", "status": "VALID", "reason": "already_on_X_network", "n_seeds": 15, "n_X_seeds": 15, "n_reassignable": 0, "target_color": "#88d040"}}, {"type": "Feature", "geometry": {"type": "Point", "coordinates": [2.4471803999999997, 6.3916245]}, "properties": {"poi_name": "Pharmacie Agbodjèdo", "matched_quartier": "Agbodjèdo", "status": "VALID", "reason": "already_on_X_network", "n_seeds": 13, "n_X_seeds": 13, "n_reassignable": 0, "target_color": "#88d040"}}, {"type": "Feature", "geometry": {"type": "Point", "coordinates": [2.3638516, 6.3810413]}, "properties": {"poi_name": "Ceg Les Pylônes", "matched_quartier": "Agla-Les-Pylônes", "status": "VALID", "reason": "reached_X_network", "n_seeds": 14, "n_X_seeds": 10, "n_reassignable": 6, "target_color": "#c74a93"}}, {"type": "Feature", "geometry": {"type": "Point", "coordinates": [2.3725663999999997, 6.3809223]}, "properties": {"poi_name": "Pharmacie Les Pylônes", "matched_quartier": "Agla-Les-Pylônes", "status": "VALID", "reason": "reached_X_network", "n_seeds": 23, "n_X_seeds": 0, "n_reassignable": 25, "target_color": "#c74a93"}}, {"type": "Feature", "geometry": {"type": "Point", "coordinates": [2.3921555, 6.3708649]}, "properties": {"poi_name": "carrefour Pharmacie Pylones Agla", "matched_quartier": "Agla-Les-Pylônes", "status": "INVALID", "reason": "no_connection_to_X_network", "n_seeds": 32, "n_X_seeds": 0, "n_reassignable": 0, "target_color": "#c74a93"}}, {"type": "Feature", "geometry": {"type": "Point", "coordinates": [2.3795631999999998, 6.379704599999999]}, "properties": {"poi_name": "Agla pylônes", "matched_quartier": "Agla-Les-Pylônes", "status": "INVALID", "reason": "no_connection_to_X_network", "n_seeds": 71, "n_X_seeds": 0, "n_reassignable": 0, "target_color": "#c74a93"}}, {"type": "Feature", "geometry": {"type": "Point", "coordinates": [29.6828708, -2.0898247]}, "properties": {"poi_name": "College Saint Jean Nyarusange", "matched_quartier": "Saint-Jean-Gbèdiga", "status": "INVALID", "reason": "no_road_within_150m", "n_seeds": 0, "n_X_seeds": 0, "n_reassignable": 0, "target_color": "#86d648"}}, {"type": "Feature", "geometry": {"type": "Point", "coordinates": [30.057713000000003, -2.3133112]}, "properties": {"poi_name": "Lycée de la Sainte Trinité - APED", "matched_quartier": "Saint-Jean-Gbèdiga", "status": "INVALID", "reason": "no_road_within_150m", "n_seeds": 0, "n_X_seeds": 0, "n_reassignable": 0, "target_color": "#86d648"}}, {"type": "Feature", "geometry": {"type": "Point", "coordinates": [11.5773808, 3.8782384]}, "properties": {"poi_name": "Université Saint Jean-Paul II", "matched_quartier": "Saint-Jean-Gbèdiga", "status": "INVALID", "reason": "no_road_within_150m", "n_seeds": 0, "n_X_seeds": 0, "n_reassignable": 0, "target_color": "#86d648"}}, {"type": "Feature", "geometry": {"type": "Point", "coordinates": [2.0721312, 6.3655686]}, "properties": {"poi_name": "Paroisse Saint Jean l'évangéliste de Gbenan", "matched_quartier": "Saint-Jean-Gbèdiga", "status": "INVALID", "reason": "no_road_within_150m", "n_seeds": 0, "n_X_seeds": 0, "n_reassignable": 0, "target_color": "#86d648"}}, {"type": "Feature", "geometry": {"type": "Point", "coordinates": [2.4168415999999997, 6.3650154]}, "properties": {"poi_name": "Mosquée Gbediga2", "matched_quartier": "Saint-Jean-Gbèdiga", "status": "VALID", "reason": "reached_X_network", "n_seeds": 10, "n_X_seeds": 5, "n_reassignable": 5, "target_color": "#86d648"}}, {"type": "Feature", "geometry": {"type": "Point", "coordinates": [29.3933529, -3.3599284]}, "properties": {"poi_name": "Paroisse Saint-Jean-Baptiste de Gihosha", "matched_quartier": "Saint-Jean-Gbèdiga", "status": "INVALID", "reason": "no_road_within_150m", "n_seeds": 0, "n_X_seeds": 0, "n_reassignable": 0, "target_color": "#86d648"}}, {"type": "Feature", "geometry": {"type": "Point", "coordinates": [2.3865699, 6.3657417]}, "properties": {"poi_name": "Paroisse Saint Louis de Gbedegbe", "matched_quartier": "Gbèdégbé", "status": "VALID", "reason": "reached_X_network", "n_seeds": 19, "n_X_seeds": 15, "n_reassignable": 7, "target_color": "#d443c3"}}, {"type": "Feature", "geometry": {"type": "Point", "coordinates": [29.6744908, -1.6828436999999998]}, "properties": {"poi_name": "Paroisse Saint Jerome de Janja", "matched_quartier": "Saint-Jean-Gbèdiga", "status": "INVALID", "reason": "no_road_within_150m", "n_seeds": 0, "n_X_seeds": 0, "n_reassignable": 0, "target_color": "#86d648"}}, {"type": "Feature", "geometry": {"type": "Point", "coordinates": [30.108622, -2.0162646]}, "properties": {"poi_name": "Paroisse Saint Joseph Gahanga", "matched_quartier": "Saint-Jean-Gbèdiga", "status": "INVALID", "reason": "no_road_within_150m", "n_seeds": 0, "n_X_seeds": 0, "n_reassignable": 0, "target_color": "#86d648"}}, {"type": "Feature", "geometry": {"type": "Point", "coordinates": [29.765455099999997, -2.0789744999999997]}, "properties": {"poi_name": "Paroisse Saint André Gitarama", "matched_quartier": "Saint-Jean-Gbèdiga", "status": "INVALID", "reason": "no_road_within_150m", "n_seeds": 0, "n_X_seeds": 0, "n_reassignable": 0, "target_color": "#86d648"}}, {"type": "Feature", "geometry": {"type": "Point", "coordinates": [30.048990600000003, -1.9781801]}, "properties": {"poi_name": "Polyclinique Saint Jean", "matched_quartier": "Saint-Jean-Gbèdiga", "status": "INVALID", "reason": "no_road_within_150m", "n_seeds": 0, "n_X_seeds": 0, "n_reassignable": 0, "target_color": "#86d648"}}, {"type": "Feature", "geometry": {"type": "Point", "coordinates": [2.414999, 6.3641]}, "properties": {"poi_name": "Csvh Saint Jean", "matched_quartier": "Saint-Jean-Gbèdiga", "status": "VALID", "reason": "reached_X_network", "n_seeds": 6, "n_X_seeds": 4, "n_reassignable": 2, "target_color": "#86d648"}}, {"type": "Feature", "geometry": {"type": "Point", "coordinates": [2.3899201, 6.367813]}, "properties": {"poi_name": "Health Center Saint Jean De Dieu", "matched_quartier": "Saint-Jean-Gbèdiga", "status": "INVALID", "reason": "no_connection_to_X_network", "n_seeds": 19, "n_X_seeds": 0, "n_reassignable": 0, "target_color": "#86d648"}}, {"type": "Feature", "geometry": {"type": "Point", "coordinates": [29.361662499999994, -3.3970436999999998]}, "properties": {"poi_name": "Clinique Saint jean", "matched_quartier": "Saint-Jean-Gbèdiga", "status": "INVALID", "reason": "no_road_within_150m", "n_seeds": 0, "n_X_seeds": 0, "n_reassignable": 0, "target_color": "#86d648"}}, {"type": "Feature", "geometry": {"type": "Point", "coordinates": [1.2681354999999999, 10.6244362]}, "properties": {"poi_name": "Saint Jean De Dieu Hospital", "matched_quartier": "Saint-Jean-Gbèdiga", "status": "INVALID", "reason": "no_road_within_150m", "n_seeds": 0, "n_X_seeds": 0, "n_reassignable": 0, "target_color": "#86d648"}}, {"type": "Feature", "geometry": {"type": "Point", "coordinates": [2.3013866999999997, 6.417323]}, "properties": {"poi_name": "Hospital Saint Jean Maria- Gléta", "matched_quartier": "Saint-Jean-Gbèdiga", "status": "INVALID", "reason": "no_connection_to_X_network", "n_seeds": 29, "n_X_seeds": 0, "n_reassignable": 0, "target_color": "#86d648"}}, {"type": "Feature", "geometry": {"type": "Point", "coordinates": [4.3603786, 50.8543172]}, "properties": {"poi_name": "Clinique Saint Jean", "matched_quartier": "Saint-Jean-Gbèdiga", "status": "INVALID", "reason": "no_road_within_150m", "n_seeds": 0, "n_X_seeds": 0, "n_reassignable": 0, "target_color": "#86d648"}}, {"type": "Feature", "geometry": {"type": "Point", "coordinates": [1.2662866, 10.626171099999999]}, "properties": {"poi_name": "Hospital Saint Jean De Tanguiéta", "matched_quartier": "Saint-Jean-Gbèdiga", "status": "INVALID", "reason": "no_road_within_150m", "n_seeds": 0, "n_X_seeds": 0, "n_reassignable": 0, "target_color": "#86d648"}}, {"type": "Feature", "geometry": {"type": "Point", "coordinates": [29.8279708, -2.9094290999999997]}, "properties": {"poi_name": "Medical Center Saint Jean", "matched_quartier": "Saint-Jean-Gbèdiga", "status": "INVALID", "reason": "no_road_within_150m", "n_seeds": 0, "n_X_seeds": 0, "n_reassignable": 0, "target_color": "#86d648"}}, {"type": "Feature", "geometry": {"type": "Point", "coordinates": [2.4459617, 6.381805900000001]}, "properties": {"poi_name": "Centre Medical Humanitaire Sainte Agnès", "matched_quartier": "Saint-Jean-Gbèdiga", "status": "INVALID", "reason": "no_connection_to_X_network", "n_seeds": 14, "n_X_seeds": 0, "n_reassignable": 0, "target_color": "#86d648"}}, {"type": "Feature", "geometry": {"type": "Point", "coordinates": [-0.5560482, 44.8264922]}, "properties": {"poi_name": "Bordeaux Saint-Jean", "matched_quartier": "Saint-Jean-Gbèdiga", "status": "INVALID", "reason": "no_road_within_150m", "n_seeds": 0, "n_X_seeds": 0, "n_reassignable": 0, "target_color": "#86d648"}}, {"type": "Feature", "geometry": {"type": "Point", "coordinates": [-73.297167, 45.329079899999996]}, "properties": {"poi_name": "Taxi Saint-Jean 2013 Inc.", "matched_quartier": "Saint-Jean-Gbèdiga", "status": "INVALID", "reason": "no_road_within_150m", "n_seeds": 0, "n_X_seeds": 0, "n_reassignable": 0, "target_color": "#86d648"}}, {"type": "Feature", "geometry": {"type": "Point", "coordinates": [2.4176755, 6.3678034]}, "properties": {"poi_name": "La Villa Saint Jean", "matched_quartier": "Saint-Jean-Gbèdiga", "status": "VALID", "reason": "reached_X_network", "n_seeds": 6, "n_X_seeds": 0, "n_reassignable": 7, "target_color": "#86d648"}}, {"type": "Feature", "geometry": {"type": "Point", "coordinates": [1.7054570000000002, 6.627657999999999]}, "properties": {"poi_name": "Garage Saint Jean de Dieu", "matched_quartier": "Saint-Jean-Gbèdiga", "status": "INVALID", "reason": "no_road_within_150m", "n_seeds": 0, "n_X_seeds": 0, "n_reassignable": 0, "target_color": "#86d648"}}, {"type": "Feature", "geometry": {"type": "Point", "coordinates": [2.4220395999999997, 6.360666]}, "properties": {"poi_name": "Pharmacie Saint Jean", "matched_quartier": "Saint-Jean-Gbèdiga", "status": "VALID", "reason": "reached_X_network", "n_seeds": 35, "n_X_seeds": 0, "n_reassignable": 36, "target_color": "#86d648"}}, {"type": "Feature", "geometry": {"type": "Point", "coordinates": [2.407173, 6.3577194]}, "properties": {"poi_name": "Pharmacie Saint Louis", "matched_quartier": "Saint-Jean-Gbèdiga", "status": "INVALID", "reason": "no_connection_to_X_network", "n_seeds": 13, "n_X_seeds": 0, "n_reassignable": 0, "target_color": "#86d648"}}, {"type": "Feature", "geometry": {"type": "Point", "coordinates": [1.5474820000000002, 9.8397437]}, "properties": {"poi_name": "Pharmacie Saint Jean", "matched_quartier": "Saint-Jean-Gbèdiga", "status": "INVALID", "reason": "no_road_within_150m", "n_seeds": 0, "n_X_seeds": 0, "n_reassignable": 0, "target_color": "#86d648"}}, {"type": "Feature", "geometry": {"type": "Point", "coordinates": [13.3906125, 52.523640699999994]}, "properties": {"poi_name": "BAR SAINT JEAN", "matched_quartier": "Saint-Jean-Gbèdiga", "status": "INVALID", "reason": "no_road_within_150m", "n_seeds": 0, "n_X_seeds": 0, "n_reassignable": 0, "target_color": "#86d648"}}, {"type": "Feature", "geometry": {"type": "Point", "coordinates": [4.6598273, 43.8034444]}, "properties": {"poi_name": "BAR LE SAINT JEAN", "matched_quartier": "Saint-Jean-Gbèdiga", "status": "INVALID", "reason": "no_road_within_150m", "n_seeds": 0, "n_X_seeds": 0, "n_reassignable": 0, "target_color": "#86d648"}}, {"type": "Feature", "geometry": {"type": "Point", "coordinates": [5.430896199999999, 45.5686836]}, "properties": {"poi_name": "Le Saint-Jean", "matched_quartier": "Saint-Jean-Gbèdiga", "status": "INVALID", "reason": "no_road_within_150m", "n_seeds": 0, "n_X_seeds": 0, "n_reassignable": 0, "target_color": "#86d648"}}, {"type": "Feature", "geometry": {"type": "Point", "coordinates": [2.4132411, 6.3663899]}, "properties": {"poi_name": "Hotel Saint Jean", "matched_quartier": "Saint-Jean-Gbèdiga", "status": "VALID", "reason": "already_on_X_network", "n_seeds": 12, "n_X_seeds": 12, "n_reassignable": 0, "target_color": "#86d648"}}, {"type": "Feature", "geometry": {"type": "Point", "coordinates": [30.132593999999997, -1.9612559999999999]}, "properties": {"poi_name": "Saint jean prestige hotel", "matched_quartier": "Saint-Jean-Gbèdiga", "status": "INVALID", "reason": "no_road_within_150m", "n_seeds": 0, "n_X_seeds": 0, "n_reassignable": 0, "target_color": "#86d648"}}, {"type": "Feature", "geometry": {"type": "Point", "coordinates": [30.120260799999997, -1.9400408]}, "properties": {"poi_name": "Hotel Saint Jean Leopold", "matched_quartier": "Saint-Jean-Gbèdiga", "status": "INVALID", "reason": "no_road_within_150m", "n_seeds": 0, "n_X_seeds": 0, "n_reassignable": 0, "target_color": "#86d648"}}, {"type": "Feature", "geometry": {"type": "Point", "coordinates": [29.356568499999998, -2.0670859999999998]}, "properties": {"poi_name": "Home Saint Jean.", "matched_quartier": "Saint-Jean-Gbèdiga", "status": "INVALID", "reason": "no_road_within_150m", "n_seeds": 0, "n_X_seeds": 0, "n_reassignable": 0, "target_color": "#86d648"}}, {"type": "Feature", "geometry": {"type": "Point", "coordinates": [29.464358999999998, -2.1769816]}, "properties": {"poi_name": "Home Saint Jean", "matched_quartier": "Saint-Jean-Gbèdiga", "status": "INVALID", "reason": "no_road_within_150m", "n_seeds": 0, "n_X_seeds": 0, "n_reassignable": 0, "target_color": "#86d648"}}, {"type": "Feature", "geometry": {"type": "Point", "coordinates": [29.752284999999997, -2.1005132]}, "properties": {"poi_name": "Hôtel Saint-André Kabgayi", "matched_quartier": "Saint-Jean-Gbèdiga", "status": "INVALID", "reason": "no_road_within_150m", "n_seeds": 0, "n_X_seeds": 0, "n_reassignable": 0, "target_color": "#86d648"}}, {"type": "Feature", "geometry": {"type": "Point", "coordinates": [3.6924281999999997, 10.9251602]}, "properties": {"poi_name": "Auberge saint jean", "matched_quartier": "Saint-Jean-Gbèdiga", "status": "INVALID", "reason": "no_road_within_150m", "n_seeds": 0, "n_X_seeds": 0, "n_reassignable": 0, "target_color": "#86d648"}}, {"type": "Feature", "geometry": {"type": "Point", "coordinates": [19.083389399999998, 50.2612671]}, "properties": {"poi_name": "TONATO Sp. z o.o.", "matched_quartier": "Tonato", "status": "INVALID", "reason": "no_road_within_150m", "n_seeds": 0, "n_X_seeds": 0, "n_reassignable": 0, "target_color": "#3ecd8a"}}, {"type": "Feature", "geometry": {"type": "Point", "coordinates": [2.3438319, 6.4436851]}, "properties": {"poi_name": "Calavi finafa", "matched_quartier": "Finafa", "status": "INVALID", "reason": "matched_name_not_in_propagation", "n_seeds": 0, "n_X_seeds": 0, "n_reassignable": 0, "target_color": "#666"}}, {"type": "Feature", "geometry": {"type": "Point", "coordinates": [2.4319894, 6.3740912]}, "properties": {"poi_name": "Ceg Dantokpa", "matched_quartier": "Dantôkpa", "status": "VALID", "reason": "reached_X_network", "n_seeds": 11, "n_X_seeds": 0, "n_reassignable": 17, "target_color": "#43df62"}}, {"type": "Feature", "geometry": {"type": "Point", "coordinates": [2.4340983, 6.3709036]}, "properties": {"poi_name": "Parking Payant Dantokpa", "matched_quartier": "Dantôkpa", "status": "VALID", "reason": "reached_X_network", "n_seeds": 55, "n_X_seeds": 52, "n_reassignable": 2, "target_color": "#43df62"}}, {"type": "Feature", "geometry": {"type": "Point", "coordinates": [2.4319894, 6.3740912]}, "properties": {"poi_name": "Dantokpa", "matched_quartier": "Dantôkpa", "status": "VALID", "reason": "reached_X_network", "n_seeds": 11, "n_X_seeds": 0, "n_reassignable": 17, "target_color": "#43df62"}}, {"type": "Feature", "geometry": {"type": "Point", "coordinates": [2.435089, 6.371352]}, "properties": {"poi_name": "X-pression Market Storm in Dantokpa market with Modeste", "matched_quartier": "Dantôkpa", "status": "VALID", "reason": "already_on_X_network", "n_seeds": 39, "n_X_seeds": 39, "n_reassignable": 0, "target_color": "#43df62"}}, {"type": "Feature", "geometry": {"type": "Point", "coordinates": [2.4707387, 6.362886199999999]}, "properties": {"poi_name": "Public Primary School De Donaten", "matched_quartier": "Donaten", "status": "VALID", "reason": "reached_X_network", "n_seeds": 32, "n_X_seeds": 21, "n_reassignable": 11, "target_color": "#a84ed5"}}, {"type": "Feature", "geometry": {"type": "Point", "coordinates": [2.4689399000000005, 6.3623159]}, "properties": {"poi_name": "Fraternité des frères mineurs Capucins/ Donaten/Cotonou", "matched_quartier": "Donaten", "status": "VALID", "reason": "already_on_X_network", "n_seeds": 23, "n_X_seeds": 23, "n_reassignable": 0, "target_color": "#a84ed5"}}, {"type": "Feature", "geometry": {"type": "Point", "coordinates": [2.4685463, 6.3624608]}, "properties": {"poi_name": "Fraternité Saint François d'Assise de Donaten", "matched_quartier": "Donaten", "status": "VALID", "reason": "already_on_X_network", "n_seeds": 18, "n_X_seeds": 18, "n_reassignable": 0, "target_color": "#a84ed5"}}, {"type": "Feature", "geometry": {"type": "Point", "coordinates": [2.3974086, 6.3662768]}, "properties": {"poi_name": "Vodje-Kpota", "matched_quartier": "Vodjè-Kpota", "status": "VALID", "reason": "already_on_X_network", "n_seeds": 5, "n_X_seeds": 5, "n_reassignable": 0, "target_color": "#cc4446"}}, {"type": "Feature", "geometry": {"type": "Point", "coordinates": [2.3801280000000005, 6.366356199999999]}, "properties": {"poi_name": "Gbedegbe", "matched_quartier": "Gbèdégbé", "status": "VALID", "reason": "already_on_X_network", "n_seeds": 11, "n_X_seeds": 11, "n_reassignable": 0, "target_color": "#d443c3"}}, {"type": "Feature", "geometry": {"type": "Point", "coordinates": [-8.8941649, 11.8931382]}, "properties": {"poi_name": "Station gbedegbe", "matched_quartier": "Gbèdégbé", "status": "INVALID", "reason": "no_road_within_150m", "n_seeds": 0, "n_X_seeds": 0, "n_reassignable": 0, "target_color": "#d443c3"}}, {"type": "Feature", "geometry": {"type": "Point", "coordinates": [2.4347692999999997, 6.3657708]}, "properties": {"poi_name": "Bokossi Tokpa", "matched_quartier": "Bocossi-Tokpa", "status": "VALID", "reason": "reached_X_network", "n_seeds": 7, "n_X_seeds": 1, "n_reassignable": 6, "target_color": "#ce4bda"}}, {"type": "Feature", "geometry": {"type": "Point", "coordinates": [2.3468166999999998, 6.4502938]}, "properties": {"poi_name": "Ouéga-Tokpa", "matched_quartier": "Ouéga-Tokpa", "status": "INVALID", "reason": "no_connection_to_X_network", "n_seeds": 20, "n_X_seeds": 0, "n_reassignable": 0, "target_color": "#d3487b"}}, {"type": "Feature", "geometry": {"type": "Point", "coordinates": [2.3218867, 6.4056866]}, "properties": {"poi_name": "Petit Tokpa Godomey Togoudo", "matched_quartier": "Tankpè-Togoudo", "status": "INVALID", "reason": "no_connection_to_X_network", "n_seeds": 23, "n_X_seeds": 0, "n_reassignable": 0, "target_color": "#76db47"}}, {"type": "Feature", "geometry": {"type": "Point", "coordinates": [2.3335787999999997, 6.404211]}, "properties": {"poi_name": "Marché de Togoudo", "matched_quartier": "Tankpè-Togoudo", "status": "INVALID", "reason": "no_connection_to_X_network", "n_seeds": 20, "n_X_seeds": 0, "n_reassignable": 0, "target_color": "#76db47"}}, {"type": "Feature", "geometry": {"type": "Point", "coordinates": [2.3228423, 6.4221382]}, "properties": {"poi_name": "Mosquée Centrale Ya-Allahou de Tankpè", "matched_quartier": "Tankpè-Togoudo", "status": "VALID", "reason": "reached_X_network", "n_seeds": 30, "n_X_seeds": 0, "n_reassignable": 50, "target_color": "#76db47"}}, {"type": "Feature", "geometry": {"type": "Point", "coordinates": [2.3419415999999997, 6.4052542]}, "properties": {"poi_name": "Pharmacie Togoudo", "matched_quartier": "Tankpè-Togoudo", "status": "INVALID", "reason": "no_connection_to_X_network", "n_seeds": 45, "n_X_seeds": 0, "n_reassignable": 0, "target_color": "#76db47"}}, {"type": "Feature", "geometry": {"type": "Point", "coordinates": [2.3178251999999997, 6.4297507]}, "properties": {"poi_name": "Ceg Tankpè", "matched_quartier": "Tankpè-Tanmè", "status": "VALID", "reason": "reached_X_network", "n_seeds": 48, "n_X_seeds": 26, "n_reassignable": 22, "target_color": "#ce4b74"}}, {"type": "Feature", "geometry": {"type": "Point", "coordinates": [2.1370228, 6.4945014]}, "properties": {"poi_name": "Epp Tori-Togoudo", "matched_quartier": "Tankpè-Togoudo", "status": "INVALID", "reason": "no_road_within_150m", "n_seeds": 0, "n_X_seeds": 0, "n_reassignable": 0, "target_color": "#76db47"}}, {"type": "Feature", "geometry": {"type": "Point", "coordinates": [2.3248987999999997, 6.4184613]}, "properties": {"poi_name": "Catholic Church Holy Family Tankpè", "matched_quartier": "Tankpè-Togoudo", "status": "VALID", "reason": "reached_X_network", "n_seeds": 35, "n_X_seeds": 0, "n_reassignable": 66, "target_color": "#76db47"}}, {"type": "Feature", "geometry": {"type": "Point", "coordinates": [2.3203765, 6.4303590999999996]}, "properties": {"poi_name": "Eglise Baptiste de Tankpè", "matched_quartier": "Tankpè-Togoudo", "status": "INVALID", "reason": "no_connection_to_X_network", "n_seeds": 17, "n_X_seeds": 0, "n_reassignable": 0, "target_color": "#76db47"}}, {"type": "Feature", "geometry": {"type": "Point", "coordinates": [2.3352198000000004, 6.4011306]}, "properties": {"poi_name": "Eglise Catholique Saint Michel De Godomey-Togoudo", "matched_quartier": "Godomey-Togoudo", "status": "VALID", "reason": "reached_X_network", "n_seeds": 22, "n_X_seeds": 0, "n_reassignable": 26, "target_color": "#c93d4b"}}, {"type": "Feature", "geometry": {"type": "Point", "coordinates": [2.3180501, 6.4229904]}, "properties": {"poi_name": "Eglise Pentecôte Tankpè Centre", "matched_quartier": "Tankpè-Togoudo", "status": "VALID", "reason": "reached_X_network", "n_seeds": 28, "n_X_seeds": 0, "n_reassignable": 34, "target_color": "#76db47"}}, {"type": "Feature", "geometry": {"type": "Point", "coordinates": [2.3190219000000005, 6.4234851]}, "properties": {"poi_name": "Bar Chicha Tankpè", "matched_quartier": "Tankpè-Togoudo", "status": "VALID", "reason": "reached_X_network", "n_seeds": 25, "n_X_seeds": 0, "n_reassignable": 32, "target_color": "#76db47"}}, {"type": "Feature", "geometry": {"type": "Point", "coordinates": [2.3376218, 6.428520100000001]}, "properties": {"poi_name": "Cave TOTO Tankpè", "matched_quartier": "Tankpè-Togoudo", "status": "INVALID", "reason": "no_connection_to_X_network", "n_seeds": 35, "n_X_seeds": 0, "n_reassignable": 0, "target_color": "#76db47"}}, {"type": "Feature", "geometry": {"type": "Point", "coordinates": [2.1699303, 6.6654059]}, "properties": {"poi_name": "Togoudo Centre de santé", "matched_quartier": "Tankpè-Togoudo", "status": "INVALID", "reason": "no_road_within_150m", "n_seeds": 0, "n_X_seeds": 0, "n_reassignable": 0, "target_color": "#76db47"}}, {"type": "Feature", "geometry": {"type": "Point", "coordinates": [2.4526993, 6.907889099999999]}, "properties": {"poi_name": "Attankpe Centre de santé", "matched_quartier": "Tankpè-Togoudo", "status": "INVALID", "reason": "no_road_within_150m", "n_seeds": 0, "n_X_seeds": 0, "n_reassignable": 0, "target_color": "#76db47"}}, {"type": "Feature", "geometry": {"type": "Point", "coordinates": [2.3184944, 6.4276]}, "properties": {"poi_name": "Clinical Power Of One De Tankpe", "matched_quartier": "Tankpè-Togoudo", "status": "INVALID", "reason": "no_connection_to_X_network", "n_seeds": 39, "n_X_seeds": 0, "n_reassignable": 0, "target_color": "#76db47"}}, {"type": "Feature", "geometry": {"type": "Point", "coordinates": [2.3468166999999998, 6.4502938]}, "properties": {"poi_name": "Tankpe fifonsi", "matched_quartier": "Tankpè-Tanmè", "status": "INVALID", "reason": "no_connection_to_X_network", "n_seeds": 20, "n_X_seeds": 0, "n_reassignable": 0, "target_color": "#ce4b74"}}, {"type": "Feature", "geometry": {"type": "Point", "coordinates": [2.3380009999999998, 6.407623399999999]}, "properties": {"poi_name": "Église Protestante Togoudo", "matched_quartier": "Godomey-Togoudo", "status": "INVALID", "reason": "no_connection_to_X_network", "n_seeds": 29, "n_X_seeds": 0, "n_reassignable": 0, "target_color": "#c93d4b"}}, {"type": "Feature", "geometry": {"type": "Point", "coordinates": [2.3280515, 6.402812]}, "properties": {"poi_name": "Public Primary School Togoudo", "matched_quartier": "Djoukpa-Togoudo", "status": "INVALID", "reason": "matched_name_not_in_propagation", "n_seeds": 0, "n_X_seeds": 0, "n_reassignable": 0, "target_color": "#666"}}, {"type": "Feature", "geometry": {"type": "Point", "coordinates": [2.341895, 6.4060979]}, "properties": {"poi_name": "BOA: Agence de Togoudo", "matched_quartier": "Djoukpa-Togoudo", "status": "INVALID", "reason": "matched_name_not_in_propagation", "n_seeds": 0, "n_X_seeds": 0, "n_reassignable": 0, "target_color": "#666"}}, {"type": "Feature", "geometry": {"type": "Point", "coordinates": [2.341323, 6.401383000000001]}, "properties": {"poi_name": "Carrefour Togoudo Godomey", "matched_quartier": "Djoukpa-Togoudo", "status": "INVALID", "reason": "matched_name_not_in_propagation", "n_seeds": 0, "n_X_seeds": 0, "n_reassignable": 0, "target_color": "#666"}}, {"type": "Feature", "geometry": {"type": "Point", "coordinates": [2.3895559, 6.3486578]}, "properties": {"poi_name": "Fifonsi", "matched_quartier": "Fifonsi", "status": "INVALID", "reason": "matched_name_not_in_propagation", "n_seeds": 0, "n_X_seeds": 0, "n_reassignable": 0, "target_color": "#666"}}, {"type": "Feature", "geometry": {"type": "Point", "coordinates": [2.3358021, 6.3887271000000005]}, "properties": {"poi_name": "Marché Ounvenoumede de Godomey", "matched_quartier": "Ounvènoumèdé", "status": "INVALID", "reason": "matched_name_not_in_propagation", "n_seeds": 0, "n_X_seeds": 0, "n_reassignable": 0, "target_color": "#666"}}, {"type": "Feature", "geometry": {"type": "Point", "coordinates": [2.2482675999999997, 6.408154]}, "properties": {"poi_name": "Public Primary School De Hevié Zoungo", "matched_quartier": "Zoungo", "status": "INVALID", "reason": "no_connection_to_X_network", "n_seeds": 46, "n_X_seeds": 0, "n_reassignable": 0, "target_color": "#c1d746"}}, {"type": "Feature", "geometry": {"type": "Point", "coordinates": [2.2493152, 6.4561031]}, "properties": {"poi_name": "Epp Zoungo", "matched_quartier": "Zoungo", "status": "VALID", "reason": "already_on_X_network", "n_seeds": 30, "n_X_seeds": 30, "n_reassignable": 0, "target_color": "#c1d746"}}, {"type": "Feature", "geometry": {"type": "Point", "coordinates": [2.2520048, 6.4606333]}, "properties": {"poi_name": "Hêvié zoungo", "matched_quartier": "Zoungo", "status": "VALID", "reason": "already_on_X_network", "n_seeds": 5, "n_X_seeds": 5, "n_reassignable": 0, "target_color": "#c1d746"}}, {"type": "Feature", "geometry": {"type": "Point", "coordinates": [2.3241665, 6.4234214]}, "properties": {"poi_name": "Epp Tankpe", "matched_quartier": "Tankpê-Yoho", "status": "VALID", "reason": "reached_X_network", "n_seeds": 31, "n_X_seeds": 0, "n_reassignable": 56, "target_color": "#df44d5"}}, {"type": "Feature", "geometry": {"type": "Point", "coordinates": [2.3158339999999997, 9.30769]}, "properties": {"poi_name": "Akossavié", "matched_quartier": "Akossavié", "status": "INVALID", "reason": "no_road_within_150m", "n_seeds": 0, "n_X_seeds": 0, "n_reassignable": 0, "target_color": "#d5ad4f"}}, {"type": "Feature", "geometry": {"type": "Point", "coordinates": [2.2991004, 6.4822644]}, "properties": {"poi_name": "Agonkèssa", "matched_quartier": "Agonkèssa", "status": "INVALID", "reason": "no_connection_to_X_network", "n_seeds": 41, "n_X_seeds": 0, "n_reassignable": 0, "target_color": "#d34452"}}, {"type": "Feature", "geometry": {"type": "Point", "coordinates": [2.2891125, 6.4771418]}, "properties": {"poi_name": "Carrefour Agonkèssa", "matched_quartier": "Agonkèssa", "status": "INVALID", "reason": "no_connection_to_X_network", "n_seeds": 25, "n_X_seeds": 0, "n_reassignable": 0, "target_color": "#d34452"}}, {"type": "Feature", "geometry": {"type": "Point", "coordinates": [2.0672842, 7.175191300000001]}, "properties": {"poi_name": "Pharmacie midokpo", "matched_quartier": "Gbègnigan-Midokpo", "status": "INVALID", "reason": "matched_name_not_in_propagation", "n_seeds": 0, "n_X_seeds": 0, "n_reassignable": 0, "target_color": "#666"}}, {"type": "Feature", "geometry": {"type": "Point", "coordinates": [2.4801989000000004, 7.0647999]}, "properties": {"poi_name": "Dépôt pharmacie Midokpo", "matched_quartier": "Gbègnigan-Midokpo", "status": "INVALID", "reason": "matched_name_not_in_propagation", "n_seeds": 0, "n_X_seeds": 0, "n_reassignable": 0, "target_color": "#666"}}, {"type": "Feature", "geometry": {"type": "Point", "coordinates": [2.3239625, 6.4019317]}, "properties": {"poi_name": "EGLISE URHC GBEGNIGAN", "matched_quartier": "Gbègnigan-Midokpo", "status": "INVALID", "reason": "matched_name_not_in_propagation", "n_seeds": 0, "n_X_seeds": 0, "n_reassignable": 0, "target_color": "#666"}}, {"type": "Feature", "geometry": {"type": "Point", "coordinates": [2.3208287999999997, 6.4030523]}, "properties": {"poi_name": "Salle de gym - Fitness Togoudo Gbègnigan", "matched_quartier": "Gbègnigan-Midokpo", "status": "INVALID", "reason": "matched_name_not_in_propagation", "n_seeds": 0, "n_X_seeds": 0, "n_reassignable": 0, "target_color": "#666"}}, {"type": "Feature", "geometry": {"type": "Point", "coordinates": [2.3244485999999998, 6.4023919]}, "properties": {"poi_name": "Carrefour Gbègnigan", "matched_quartier": "Gbègnigan-Midokpo", "status": "INVALID", "reason": "matched_name_not_in_propagation", "n_seeds": 0, "n_X_seeds": 0, "n_reassignable": 0, "target_color": "#666"}}, {"type": "Feature", "geometry": {"type": "Point", "coordinates": [2.1666670000000003, 6.6499999999999995]}, "properties": {"poi_name": "Gbègnigan", "matched_quartier": "Gbègnigan-Midokpo", "status": "INVALID", "reason": "matched_name_not_in_propagation", "n_seeds": 0, "n_X_seeds": 0, "n_reassignable": 0, "target_color": "#666"}}, {"type": "Feature", "geometry": {"type": "Point", "coordinates": [2.3468166999999998, 6.4502938]}, "properties": {"poi_name": "Tokpa-Zoungo Sud", "matched_quartier": "Tokpa-Zoungo-Sud", "status": "INVALID", "reason": "matched_name_not_in_propagation", "n_seeds": 0, "n_X_seeds": 0, "n_reassignable": 0, "target_color": "#666"}}, {"type": "Feature", "geometry": {"type": "Point", "coordinates": [2.4317195, 6.3685974000000005]}, "properties": {"poi_name": "Carrefour Tokpa", "matched_quartier": "Tokpa", "status": "INVALID", "reason": "matched_name_not_in_propagation", "n_seeds": 0, "n_X_seeds": 0, "n_reassignable": 0, "target_color": "#666"}}, {"type": "Feature", "geometry": {"type": "Point", "coordinates": [1.1800812, 6.201033]}, "properties": {"poi_name": "Clinical La Victoire", "matched_quartier": "Cité-la-Victoire", "status": "INVALID", "reason": "matched_name_not_in_propagation", "n_seeds": 0, "n_X_seeds": 0, "n_reassignable": 0, "target_color": "#666"}}, {"type": "Feature", "geometry": {"type": "Point", "coordinates": [2.3742624, 6.3612362]}, "properties": {"poi_name": "Nouvelle Pharmacie Sainte Victoire", "matched_quartier": "Cité-la-Victoire", "status": "INVALID", "reason": "matched_name_not_in_propagation", "n_seeds": 0, "n_X_seeds": 0, "n_reassignable": 0, "target_color": "#666"}}, {"type": "Feature", "geometry": {"type": "Point", "coordinates": [2.3468074, 6.4502967]}, "properties": {"poi_name": "cité la victoire", "matched_quartier": "Cité-la-Victoire", "status": "INVALID", "reason": "matched_name_not_in_propagation", "n_seeds": 0, "n_X_seeds": 0, "n_reassignable": 0, "target_color": "#666"}}, {"type": "Feature", "geometry": {"type": "Point", "coordinates": [28.8827954, -2.5022400000000005]}, "properties": {"poi_name": "Église cité de victoire nguba/Bukavu", "matched_quartier": "Cité-la-Victoire", "status": "INVALID", "reason": "matched_name_not_in_propagation", "n_seeds": 0, "n_X_seeds": 0, "n_reassignable": 0, "target_color": "#666"}}, {"type": "Feature", "geometry": {"type": "Point", "coordinates": [2.3348286, 6.417148699999999]}, "properties": {"poi_name": "Eglise Évangélique Internationale Foursquare de Cité la Victoire", "matched_quartier": "Cité-la-Victoire", "status": "INVALID", "reason": "matched_name_not_in_propagation", "n_seeds": 0, "n_X_seeds": 0, "n_reassignable": 0, "target_color": "#666"}}, {"type": "Feature", "geometry": {"type": "Point", "coordinates": [29.398009, -3.3515905999999998]}, "properties": {"poi_name": "Health Center \"The Victoire\"", "matched_quartier": "Cité-la-Victoire", "status": "INVALID", "reason": "matched_name_not_in_propagation", "n_seeds": 0, "n_X_seeds": 0, "n_reassignable": 0, "target_color": "#666"}}, {"type": "Feature", "geometry": {"type": "Point", "coordinates": [7.1122779, 43.7226496]}, "properties": {"poi_name": "Hôtel La Victoire", "matched_quartier": "Cité-la-Victoire", "status": "INVALID", "reason": "matched_name_not_in_propagation", "n_seeds": 0, "n_X_seeds": 0, "n_reassignable": 0, "target_color": "#666"}}, {"type": "Feature", "geometry": {"type": "Point", "coordinates": [2.3343221, 6.4623973]}, "properties": {"poi_name": "St Joseph De La Victoire", "matched_quartier": "Cité-la-Victoire", "status": "INVALID", "reason": "matched_name_not_in_propagation", "n_seeds": 0, "n_X_seeds": 0, "n_reassignable": 0, "target_color": "#666"}}, {"type": "Feature", "geometry": {"type": "Point", "coordinates": [2.3529366, 6.6117292999999995]}, "properties": {"poi_name": "Clinique Fènou Zinvié", "matched_quartier": "Zinvié-Agolèdji", "status": "INVALID", "reason": "no_connection_to_X_network", "n_seeds": 13, "n_X_seeds": 0, "n_reassignable": 0, "target_color": "#ce4c93"}}, {"type": "Feature", "geometry": {"type": "Point", "coordinates": [2.3566294, 6.610377499999999]}, "properties": {"poi_name": "Commissariat Zinvié", "matched_quartier": "Zinvié-Agolèdji", "status": "INVALID", "reason": "no_connection_to_X_network", "n_seeds": 23, "n_X_seeds": 0, "n_reassignable": 0, "target_color": "#ce4c93"}}, {"type": "Feature", "geometry": {"type": "Point", "coordinates": [2.341973, 6.603334599999999]}, "properties": {"poi_name": "Public Primary School De Zinvié Agolèdji", "matched_quartier": "Zinvié-Agolèdji", "status": "VALID", "reason": "already_on_X_network", "n_seeds": 15, "n_X_seeds": 15, "n_reassignable": 0, "target_color": "#ce4c93"}}, {"type": "Feature", "geometry": {"type": "Point", "coordinates": [2.3585941999999998, 6.609587599999999]}, "properties": {"poi_name": "Pharmacie Zinvié", "matched_quartier": "Zinvié-Agolèdji", "status": "INVALID", "reason": "no_connection_to_X_network", "n_seeds": 16, "n_X_seeds": 0, "n_reassignable": 0, "target_color": "#ce4c93"}}, {"type": "Feature", "geometry": {"type": "Point", "coordinates": [2.339706, 6.5951585999999995]}, "properties": {"poi_name": "Eglise Catholique de Zinvié", "matched_quartier": "Zinvié-Agolèdji", "status": "INVALID", "reason": "no_road_within_150m", "n_seeds": 0, "n_X_seeds": 0, "n_reassignable": 0, "target_color": "#ce4c93"}}, {"type": "Feature", "geometry": {"type": "Point", "coordinates": [2.3563652, 6.6132873000000005]}, "properties": {"poi_name": "Église catholique de Zinvié", "matched_quartier": "Zinvié-Agolèdji", "status": "INVALID", "reason": "no_connection_to_X_network", "n_seeds": 32, "n_X_seeds": 0, "n_reassignable": 0, "target_color": "#ce4c93"}}, {"type": "Feature", "geometry": {"type": "Point", "coordinates": [2.3567674999999997, 6.6136187]}, "properties": {"poi_name": "Eglise Saint jean l'évangéliste de zinvié", "matched_quartier": "Zinvié-Agolèdji", "status": "INVALID", "reason": "no_connection_to_X_network", "n_seeds": 35, "n_X_seeds": 0, "n_reassignable": 0, "target_color": "#ce4c93"}}, {"type": "Feature", "geometry": {"type": "Point", "coordinates": [2.347075, 6.6238917]}, "properties": {"poi_name": "Paroisse St Elohim De ZINVIE-ZOUNME KINDJI (ECC)", "matched_quartier": "Zinvié-Zounmè", "status": "VALID", "reason": "already_on_X_network", "n_seeds": 28, "n_X_seeds": 28, "n_reassignable": 0, "target_color": "#ac3bd1"}}, {"type": "Feature", "geometry": {"type": "Point", "coordinates": [2.3565457, 6.614781]}, "properties": {"poi_name": "Marché de Zinvié Abomey-Calavi", "matched_quartier": "Zinvié-Agolèdji", "status": "INVALID", "reason": "no_connection_to_X_network", "n_seeds": 42, "n_X_seeds": 0, "n_reassignable": 0, "target_color": "#ce4c93"}}, {"type": "Feature", "geometry": {"type": "Point", "coordinates": [2.3576836, 6.5983474]}, "properties": {"poi_name": "ADC ZINVIÉ", "matched_quartier": "Zinvié-Agolèdji", "status": "INVALID", "reason": "no_connection_to_X_network", "n_seeds": 16, "n_X_seeds": 0, "n_reassignable": 0, "target_color": "#ce4c93"}}, {"type": "Feature", "geometry": {"type": "Point", "coordinates": [2.3435798, 6.6237058]}, "properties": {"poi_name": "Zinvié", "matched_quartier": "Zinvié-Agolèdji", "status": "INVALID", "reason": "no_connection_to_X_network", "n_seeds": 31, "n_X_seeds": 0, "n_reassignable": 0, "target_color": "#ce4c93"}}, {"type": "Feature", "geometry": {"type": "Point", "coordinates": [2.431427, 6.546295]}, "properties": {"poi_name": "Zinvié", "matched_quartier": "Zinvié-Agolèdji", "status": "INVALID", "reason": "no_road_within_150m", "n_seeds": 0, "n_X_seeds": 0, "n_reassignable": 0, "target_color": "#ce4c93"}}, {"type": "Feature", "geometry": {"type": "Point", "coordinates": [2.3570846, 6.6136434]}, "properties": {"poi_name": "Health Center De Zinvié", "matched_quartier": "Zinvié-Agolèdji", "status": "INVALID", "reason": "no_connection_to_X_network", "n_seeds": 40, "n_X_seeds": 0, "n_reassignable": 0, "target_color": "#ce4c93"}}, {"type": "Feature", "geometry": {"type": "Point", "coordinates": [2.3644596, 6.598857799999999]}, "properties": {"poi_name": "Hôpital La Croix de Zinvié", "matched_quartier": "Zinvié-Agolèdji", "status": "INVALID", "reason": "no_connection_to_X_network", "n_seeds": 4, "n_X_seeds": 0, "n_reassignable": 0, "target_color": "#ce4c93"}}, {"type": "Feature", "geometry": {"type": "Point", "coordinates": [2.3606875, 6.5845625]}, "properties": {"poi_name": "Zinvie dokomey", "matched_quartier": "Zinvié-Agolèdji", "status": "INVALID", "reason": "no_road_within_150m", "n_seeds": 0, "n_X_seeds": 0, "n_reassignable": 0, "target_color": "#ce4c93"}}, {"type": "Feature", "geometry": {"type": "Point", "coordinates": [2.3436515, 6.6236942]}, "properties": {"poi_name": "Bureau Poste De Zinvie", "matched_quartier": "Zinvié-Agolèdji", "status": "INVALID", "reason": "no_connection_to_X_network", "n_seeds": 32, "n_X_seeds": 0, "n_reassignable": 0, "target_color": "#ce4c93"}}, {"type": "Feature", "geometry": {"type": "Point", "coordinates": [2.3580185, 6.6091967]}, "properties": {"poi_name": "Terrain de sport de Zinvié", "matched_quartier": "Zinvié-Agolèdji", "status": "INVALID", "reason": "no_connection_to_X_network", "n_seeds": 15, "n_X_seeds": 0, "n_reassignable": 0, "target_color": "#ce4c93"}}, {"type": "Feature", "geometry": {"type": "Point", "coordinates": [2.3433403, 6.622846699999999]}, "properties": {"poi_name": "EEAD Temple Victoire de Zinvié", "matched_quartier": "Zinvié-Agolèdji", "status": "INVALID", "reason": "no_connection_to_X_network", "n_seeds": 31, "n_X_seeds": 0, "n_reassignable": 0, "target_color": "#ce4c93"}}, {"type": "Feature", "geometry": {"type": "Point", "coordinates": [2.2510898999999998, 6.3900898]}, "properties": {"poi_name": "Djissoukpa", "matched_quartier": "Djissoukpa", "status": "INVALID", "reason": "no_connection_to_X_network", "n_seeds": 13, "n_X_seeds": 0, "n_reassignable": 0, "target_color": "#41cc61"}}, {"type": "Feature", "geometry": {"type": "Point", "coordinates": [2.3261914, 6.5406423]}, "properties": {"poi_name": "Église catholique DJISSOUKPA CACRE-COEUR", "matched_quartier": "Djissoukpa", "status": "INVALID", "reason": "no_connection_to_X_network", "n_seeds": 20, "n_X_seeds": 0, "n_reassignable": 0, "target_color": "#41cc61"}}, {"type": "Feature", "geometry": {"type": "Point", "coordinates": [2.2879161999999997, 6.5668969]}, "properties": {"poi_name": "Église catholique sacré-cœur de DJISSOUKPA", "matched_quartier": "Djissoukpa", "status": "VALID", "reason": "already_on_X_network", "n_seeds": 10, "n_X_seeds": 10, "n_reassignable": 0, "target_color": "#41cc61"}}, {"type": "Feature", "geometry": {"type": "Point", "coordinates": [-4.0214812, 5.3260833]}, "properties": {"poi_name": "Espace Médical Saint Paul - Partenaire AfriDoctor", "matched_quartier": "Espace-Saint", "status": "INVALID", "reason": "no_road_within_150m", "n_seeds": 0, "n_X_seeds": 0, "n_reassignable": 0, "target_color": "#c93fb6"}}, {"type": "Feature", "geometry": {"type": "Point", "coordinates": [2.3551219000000003, 48.8769631]}, "properties": {"poi_name": "Marché couvert Saint-Quentin", "matched_quartier": "Espace-Saint", "status": "INVALID", "reason": "no_road_within_150m", "n_seeds": 0, "n_X_seeds": 0, "n_reassignable": 0, "target_color": "#c93fb6"}}, {"type": "Feature", "geometry": {"type": "Point", "coordinates": [2.0448342, 48.784509199999995]}, "properties": {"poi_name": "Pharmacie SOCQUET Espace Saint Quentin - Elsie Santé", "matched_quartier": "Espace-Saint", "status": "INVALID", "reason": "no_road_within_150m", "n_seeds": 0, "n_X_seeds": 0, "n_reassignable": 0, "target_color": "#c93fb6"}}, {"type": "Feature", "geometry": {"type": "Point", "coordinates": [-2.7475474, 48.4980505]}, "properties": {"poi_name": "Pharmacie de l'Espace St Lambert à Saint-Brieuc", "matched_quartier": "Espace-Saint", "status": "INVALID", "reason": "no_road_within_150m", "n_seeds": 0, "n_X_seeds": 0, "n_reassignable": 0, "target_color": "#c93fb6"}}, {"type": "Feature", "geometry": {"type": "Point", "coordinates": [7.3406335, 47.746651899999996]}, "properties": {"poi_name": "Pharmacie Espace Santé", "matched_quartier": "Espace-Saint", "status": "INVALID", "reason": "no_road_within_150m", "n_seeds": 0, "n_X_seeds": 0, "n_reassignable": 0, "target_color": "#c93fb6"}}, {"type": "Feature", "geometry": {"type": "Point", "coordinates": [2.0448713, 48.784352899999995]}, "properties": {"poi_name": "Centre Commercial Espace Saint Quentin", "matched_quartier": "Espace-Saint", "status": "INVALID", "reason": "no_road_within_150m", "n_seeds": 0, "n_X_seeds": 0, "n_reassignable": 0, "target_color": "#c93fb6"}}, {"type": "Feature", "geometry": {"type": "Point", "coordinates": [30.098945800000003, -1.9847663]}, "properties": {"poi_name": "Groupe Scolaire Saint esprit", "matched_quartier": "Espace-Saint", "status": "INVALID", "reason": "no_road_within_150m", "n_seeds": 0, "n_X_seeds": 0, "n_reassignable": 0, "target_color": "#c93fb6"}}, {"type": "Feature", "geometry": {"type": "Point", "coordinates": [30.064409899999998, -1.9251558999999998]}, "properties": {"poi_name": "School Inclusive Saint-Louis Et Zélie", "matched_quartier": "Espace-Saint", "status": "INVALID", "reason": "no_road_within_150m", "n_seeds": 0, "n_X_seeds": 0, "n_reassignable": 0, "target_color": "#c93fb6"}}, {"type": "Feature", "geometry": {"type": "Point", "coordinates": [29.7499939, -2.3488754]}, "properties": {"poi_name": "Ecole Secondaire du Saint Esprit de Nyanza", "matched_quartier": "Espace-Saint", "status": "INVALID", "reason": "no_road_within_150m", "n_seeds": 0, "n_X_seeds": 0, "n_reassignable": 0, "target_color": "#c93fb6"}}, {"type": "Feature", "geometry": {"type": "Point", "coordinates": [30.045568900000003, -1.9800687]}, "properties": {"poi_name": "LUMIERE DU SAINT ESPRIT", "matched_quartier": "Espace-Saint", "status": "INVALID", "reason": "no_road_within_150m", "n_seeds": 0, "n_X_seeds": 0, "n_reassignable": 0, "target_color": "#c93fb6"}}, {"type": "Feature", "geometry": {"type": "Point", "coordinates": [-71.1559328, 46.878172799999994]}, "properties": {"poi_name": "Espace Saint-Grégoire", "matched_quartier": "Espace-Saint", "status": "INVALID", "reason": "no_road_within_150m", "n_seeds": 0, "n_X_seeds": 0, "n_reassignable": 0, "target_color": "#c93fb6"}}, {"type": "Feature", "geometry": {"type": "Point", "coordinates": [2.3521142, 48.8634376]}, "properties": {"poi_name": "Espace Saint Martin", "matched_quartier": "Espace-Saint", "status": "INVALID", "reason": "no_road_within_150m", "n_seeds": 0, "n_X_seeds": 0, "n_reassignable": 0, "target_color": "#c93fb6"}}, {"type": "Feature", "geometry": {"type": "Point", "coordinates": [30.064638199999997, -1.9774168]}, "properties": {"poi_name": "L’Espace", "matched_quartier": "Espace-Saint", "status": "INVALID", "reason": "no_road_within_150m", "n_seeds": 0, "n_X_seeds": 0, "n_reassignable": 0, "target_color": "#c93fb6"}}, {"type": "Feature", "geometry": {"type": "Point", "coordinates": [3.0690030999999998, 50.635068600000004]}, "properties": {"poi_name": "Espace Molinel Assurances Lille Centre - GROUPE EMA ASSURANCES", "matched_quartier": "Espace-Saint", "status": "INVALID", "reason": "no_road_within_150m", "n_seeds": 0, "n_X_seeds": 0, "n_reassignable": 0, "target_color": "#c93fb6"}}, {"type": "Feature", "geometry": {"type": "Point", "coordinates": [28.856511500000003, -2.491173]}, "properties": {"poi_name": "Espace Bar et Resto", "matched_quartier": "Espace-Saint", "status": "INVALID", "reason": "no_road_within_150m", "n_seeds": 0, "n_X_seeds": 0, "n_reassignable": 0, "target_color": "#c93fb6"}}, {"type": "Feature", "geometry": {"type": "Point", "coordinates": [-73.9872499, 40.7286979]}, "properties": {"poi_name": "SAINT RESTAURANT BAR & SPEAKEASY", "matched_quartier": "Espace-Saint", "status": "INVALID", "reason": "no_road_within_150m", "n_seeds": 0, "n_X_seeds": 0, "n_reassignable": 0, "target_color": "#c93fb6"}}, {"type": "Feature", "geometry": {"type": "Point", "coordinates": [28.855660999999998, -2.4962812]}, "properties": {"poi_name": "Resto & Bar Sainte Therèse | Bukavu", "matched_quartier": "Espace-Saint", "status": "INVALID", "reason": "no_road_within_150m", "n_seeds": 0, "n_X_seeds": 0, "n_reassignable": 0, "target_color": "#c93fb6"}}, {"type": "Feature", "geometry": {"type": "Point", "coordinates": [29.257243900000002, 0.8518858]}, "properties": {"poi_name": "ESPACE STYL HOUSE", "matched_quartier": "Espace-Saint", "status": "INVALID", "reason": "no_road_within_150m", "n_seeds": 0, "n_X_seeds": 0, "n_reassignable": 0, "target_color": "#c93fb6"}}, {"type": "Feature", "geometry": {"type": "Point", "coordinates": [30.0640608, -1.9436208]}, "properties": {"poi_name": "Centre Saint-Paul", "matched_quartier": "Espace-Saint", "status": "INVALID", "reason": "no_road_within_150m", "n_seeds": 0, "n_X_seeds": 0, "n_reassignable": 0, "target_color": "#c93fb6"}}, {"type": "Feature", "geometry": {"type": "Point", "coordinates": [29.2143966, -1.6709680999999998]}, "properties": {"poi_name": "Salle Polyvalente Saint Cyrille/Goma", "matched_quartier": "Espace-Saint", "status": "INVALID", "reason": "no_road_within_150m", "n_seeds": 0, "n_X_seeds": 0, "n_reassignable": 0, "target_color": "#c93fb6"}}, {"type": "Feature", "geometry": {"type": "Point", "coordinates": [29.3645279, -3.3871629]}, "properties": {"poi_name": "Espace Médical Ste Marie (EMSM)", "matched_quartier": "Espace-Saint", "status": "INVALID", "reason": "no_road_within_150m", "n_seeds": 0, "n_X_seeds": 0, "n_reassignable": 0, "target_color": "#c93fb6"}}, {"type": "Feature", "geometry": {"type": "Point", "coordinates": [4.066440399999999, 46.0334212]}, "properties": {"poi_name": "Espace Commercial Saint Louis", "matched_quartier": "Espace-Saint", "status": "INVALID", "reason": "no_road_within_150m", "n_seeds": 0, "n_X_seeds": 0, "n_reassignable": 0, "target_color": "#c93fb6"}}, {"type": "Feature", "geometry": {"type": "Point", "coordinates": [10.7354632, 36.4517121]}, "properties": {"poi_name": "Centre de formation Espace des Langues Vivantes et Informatique", "matched_quartier": "Espace-Saint", "status": "INVALID", "reason": "no_road_within_150m", "n_seeds": 0, "n_X_seeds": 0, "n_reassignable": 0, "target_color": "#c93fb6"}}, {"type": "Feature", "geometry": {"type": "Point", "coordinates": [4.391659, 45.4227427]}, "properties": {"poi_name": "Espace Coiffure Top Priority", "matched_quartier": "Espace-Saint", "status": "INVALID", "reason": "no_road_within_150m", "n_seeds": 0, "n_X_seeds": 0, "n_reassignable": 0, "target_color": "#c93fb6"}}, {"type": "Feature", "geometry": {"type": "Point", "coordinates": [4.296232100000001, 45.4345034]}, "properties": {"poi_name": "Espace Sun City", "matched_quartier": "Espace-Saint", "status": "INVALID", "reason": "no_road_within_150m", "n_seeds": 0, "n_X_seeds": 0, "n_reassignable": 0, "target_color": "#c93fb6"}}, {"type": "Feature", "geometry": {"type": "Point", "coordinates": [2.8522137, 47.340009099999996]}, "properties": {"poi_name": "Espace Coiffure", "matched_quartier": "Espace-Saint", "status": "INVALID", "reason": "no_road_within_150m", "n_seeds": 0, "n_X_seeds": 0, "n_reassignable": 0, "target_color": "#c93fb6"}}, {"type": "Feature", "geometry": {"type": "Point", "coordinates": [29.348795099999997, -2.0615988]}, "properties": {"poi_name": "College Sainte Marie Kibuye", "matched_quartier": "Espace-Saint", "status": "INVALID", "reason": "no_road_within_150m", "n_seeds": 0, "n_X_seeds": 0, "n_reassignable": 0, "target_color": "#c93fb6"}}, {"type": "Feature", "geometry": {"type": "Point", "coordinates": [2.3253114, 48.877243]}, "properties": {"poi_name": "Gare Saint-Lazare", "matched_quartier": "Espace-Saint", "status": "INVALID", "reason": "no_road_within_150m", "n_seeds": 0, "n_X_seeds": 0, "n_reassignable": 0, "target_color": "#c93fb6"}}, {"type": "Feature", "geometry": {"type": "Point", "coordinates": [2.3828658000000003, 48.8499413]}, "properties": {"poi_name": "Hospital Saint-Antoine - Ap-Hp Sorbonne University", "matched_quartier": "Espace-Saint", "status": "INVALID", "reason": "no_road_within_150m", "n_seeds": 0, "n_X_seeds": 0, "n_reassignable": 0, "target_color": "#c93fb6"}}, {"type": "Feature", "geometry": {"type": "Point", "coordinates": [28.8605383, -2.5030394]}, "properties": {"poi_name": "SAINT LUC", "matched_quartier": "Espace-Saint", "status": "INVALID", "reason": "no_road_within_150m", "n_seeds": 0, "n_X_seeds": 0, "n_reassignable": 0, "target_color": "#c93fb6"}}, {"type": "Feature", "geometry": {"type": "Point", "coordinates": [2.3697699, 48.873406499999994]}, "properties": {"poi_name": "Saint-Louis Hospital", "matched_quartier": "Espace-Saint", "status": "INVALID", "reason": "no_road_within_150m", "n_seeds": 0, "n_X_seeds": 0, "n_reassignable": 0, "target_color": "#c93fb6"}}, {"type": "Feature", "geometry": {"type": "Point", "coordinates": [-0.6552519, 45.746230499999996]}, "properties": {"poi_name": "Hospital Center De Saintonge", "matched_quartier": "Espace-Saint", "status": "INVALID", "reason": "no_road_within_150m", "n_seeds": 0, "n_X_seeds": 0, "n_reassignable": 0, "target_color": "#c93fb6"}}, {"type": "Feature", "geometry": {"type": "Point", "coordinates": [2.2667845, 48.8449247]}, "properties": {"poi_name": "Sainte-Perine Hospital (AP-HP)", "matched_quartier": "Espace-Saint", "status": "INVALID", "reason": "no_road_within_150m", "n_seeds": 0, "n_X_seeds": 0, "n_reassignable": 0, "target_color": "#c93fb6"}}, {"type": "Feature", "geometry": {"type": "Point", "coordinates": [30.0796957, -1.9713606000000001]}, "properties": {"poi_name": "Centre Saint Vincent Pallotti", "matched_quartier": "Espace-Saint", "status": "INVALID", "reason": "no_road_within_150m", "n_seeds": 0, "n_X_seeds": 0, "n_reassignable": 0, "target_color": "#c93fb6"}}, {"type": "Feature", "geometry": {"type": "Point", "coordinates": [6.4637953999999995, 48.182022499999995]}, "properties": {"poi_name": "Ouilab Espacebio Saint-Michel", "matched_quartier": "Espace-Saint", "status": "INVALID", "reason": "no_road_within_150m", "n_seeds": 0, "n_X_seeds": 0, "n_reassignable": 0, "target_color": "#c93fb6"}}, {"type": "Feature", "geometry": {"type": "Point", "coordinates": [4.9355103, 45.6943557]}, "properties": {"poi_name": "Mairie de Saint-Priest", "matched_quartier": "Espace-Saint", "status": "INVALID", "reason": "no_road_within_150m", "n_seeds": 0, "n_X_seeds": 0, "n_reassignable": 0, "target_color": "#c93fb6"}}, {"type": "Feature", "geometry": {"type": "Point", "coordinates": [2.346654, 48.860212]}, "properties": {"poi_name": "Parking Saint Eustache", "matched_quartier": "Espace-Saint", "status": "INVALID", "reason": "no_road_within_150m", "n_seeds": 0, "n_X_seeds": 0, "n_reassignable": 0, "target_color": "#c93fb6"}}, {"type": "Feature", "geometry": {"type": "Point", "coordinates": [30.0687882, -1.8855871]}, "properties": {"poi_name": "Saint Serena Kabuye", "matched_quartier": "Espace-Saint", "status": "INVALID", "reason": "no_road_within_150m", "n_seeds": 0, "n_X_seeds": 0, "n_reassignable": 0, "target_color": "#c93fb6"}}, {"type": "Feature", "geometry": {"type": "Point", "coordinates": [28.8774146, -2.4987711999999997]}, "properties": {"poi_name": "Paroisse Saint PIERRE CLAVER de NGUBA", "matched_quartier": "Espace-Saint", "status": "INVALID", "reason": "no_road_within_150m", "n_seeds": 0, "n_X_seeds": 0, "n_reassignable": 0, "target_color": "#c93fb6"}}, {"type": "Feature", "geometry": {"type": "Point", "coordinates": [-63.07961339999999, 18.069959]}, "properties": {"poi_name": "Prefecture of Saint-Barthélemy and Saint-Martin", "matched_quartier": "Espace-Saint", "status": "INVALID", "reason": "no_road_within_150m", "n_seeds": 0, "n_X_seeds": 0, "n_reassignable": 0, "target_color": "#c93fb6"}}, {"type": "Feature", "geometry": {"type": "Point", "coordinates": [30.4251005, -1.9505322]}, "properties": {"poi_name": "Saint Aloys Sports Complex", "matched_quartier": "Espace-Saint", "status": "INVALID", "reason": "no_road_within_150m", "n_seeds": 0, "n_X_seeds": 0, "n_reassignable": 0, "target_color": "#c93fb6"}}, {"type": "Feature", "geometry": {"type": "Point", "coordinates": [-73.6109123, 45.5492824]}, "properties": {"poi_name": "La Station: Espace Coiffure", "matched_quartier": "Espace-Saint", "status": "INVALID", "reason": "no_road_within_150m", "n_seeds": 0, "n_X_seeds": 0, "n_reassignable": 0, "target_color": "#c93fb6"}}, {"type": "Feature", "geometry": {"type": "Point", "coordinates": [-0.6747789, 45.7467803]}, "properties": {"poi_name": "Gas Station E Leclerc Saintes", "matched_quartier": "Espace-Saint", "status": "INVALID", "reason": "no_road_within_150m", "n_seeds": 0, "n_X_seeds": 0, "n_reassignable": 0, "target_color": "#c93fb6"}}, {"type": "Feature", "geometry": {"type": "Point", "coordinates": [2.3584430999999997, 48.8636961]}, "properties": {"poi_name": "ESPACE TEMPLE", "matched_quartier": "Espace-Saint", "status": "INVALID", "reason": "no_road_within_150m", "n_seeds": 0, "n_X_seeds": 0, "n_reassignable": 0, "target_color": "#c93fb6"}}, {"type": "Feature", "geometry": {"type": "Point", "coordinates": [-0.6341127999999999, 45.7476701]}, "properties": {"poi_name": "The Courthouse of Saintes", "matched_quartier": "Espace-Saint", "status": "INVALID", "reason": "no_road_within_150m", "n_seeds": 0, "n_X_seeds": 0, "n_reassignable": 0, "target_color": "#c93fb6"}}, {"type": "Feature", "geometry": {"type": "Point", "coordinates": [2.3017981, 6.4277714]}, "properties": {"poi_name": "Centre de Santé de Maria Gleta.", "matched_quartier": "Maria-Gléta", "status": "INVALID", "reason": "matched_name_not_in_propagation", "n_seeds": 0, "n_X_seeds": 0, "n_reassignable": 0, "target_color": "#666"}}, {"type": "Feature", "geometry": {"type": "Point", "coordinates": [2.3065599, 6.4254207]}, "properties": {"poi_name": "ТЕС Maria Gleta", "matched_quartier": "Maria-Gléta", "status": "INVALID", "reason": "matched_name_not_in_propagation", "n_seeds": 0, "n_X_seeds": 0, "n_reassignable": 0, "target_color": "#666"}}, {"type": "Feature", "geometry": {"type": "Point", "coordinates": [2.3056327999999997, 6.4305319999999995]}, "properties": {"poi_name": "Centrale SBEE Maria Gléta 2", "matched_quartier": "Togba_Maria-Gléta", "status": "INVALID", "reason": "no_connection_to_X_network", "n_seeds": 2, "n_X_seeds": 0, "n_reassignable": 0, "target_color": "#db47d1"}}, {"type": "Feature", "geometry": {"type": "Point", "coordinates": [2.3111523, 6.4176975]}, "properties": {"poi_name": "Mosquée JUMAT Maria gleta", "matched_quartier": "Maria-Gléta", "status": "INVALID", "reason": "matched_name_not_in_propagation", "n_seeds": 0, "n_X_seeds": 0, "n_reassignable": 0, "target_color": "#666"}}, {"type": "Feature", "geometry": {"type": "Point", "coordinates": [2.3118412, 6.4180873]}, "properties": {"poi_name": "Pharmacie Maria-Gléta", "matched_quartier": "Maria-Gléta", "status": "INVALID", "reason": "matched_name_not_in_propagation", "n_seeds": 0, "n_X_seeds": 0, "n_reassignable": 0, "target_color": "#666"}}, {"type": "Feature", "geometry": {"type": "Point", "coordinates": [2.3049523, 6.4238352]}, "properties": {"poi_name": "Public Primary School De Maria Gleta", "matched_quartier": "Maria-Gléta", "status": "INVALID", "reason": "matched_name_not_in_propagation", "n_seeds": 0, "n_X_seeds": 0, "n_reassignable": 0, "target_color": "#666"}}, {"type": "Feature", "geometry": {"type": "Point", "coordinates": [2.3290995, 6.429958399999999]}, "properties": {"poi_name": "Maria Gleta", "matched_quartier": "Maria-Gléta", "status": "INVALID", "reason": "matched_name_not_in_propagation", "n_seeds": 0, "n_X_seeds": 0, "n_reassignable": 0, "target_color": "#666"}}, {"type": "Feature", "geometry": {"type": "Point", "coordinates": [2.3034103999999997, 6.4213397]}, "properties": {"poi_name": "ADC Maria-Gléta", "matched_quartier": "Maria-Gléta", "status": "INVALID", "reason": "matched_name_not_in_propagation", "n_seeds": 0, "n_X_seeds": 0, "n_reassignable": 0, "target_color": "#666"}}, {"type": "Feature", "geometry": {"type": "Point", "coordinates": [2.3122453, 6.419833199999999]}, "properties": {"poi_name": "Hôtelier Monique CZ Maria Gleta", "matched_quartier": "Maria-Gléta", "status": "INVALID", "reason": "matched_name_not_in_propagation", "n_seeds": 0, "n_X_seeds": 0, "n_reassignable": 0, "target_color": "#666"}}, {"type": "Feature", "geometry": {"type": "Point", "coordinates": [2.305431, 6.416351400000001]}, "properties": {"poi_name": "Technical College Private Industrial Saint Barthélemy - Maria Gléta", "matched_quartier": "Maria-Gléta", "status": "INVALID", "reason": "matched_name_not_in_propagation", "n_seeds": 0, "n_X_seeds": 0, "n_reassignable": 0, "target_color": "#666"}}, {"type": "Feature", "geometry": {"type": "Point", "coordinates": [24.5728653, 46.5385987]}, "properties": {"poi_name": "Salonul Maria Târgu Mureș", "matched_quartier": "Maria-Gléta", "status": "INVALID", "reason": "matched_name_not_in_propagation", "n_seeds": 0, "n_X_seeds": 0, "n_reassignable": 0, "target_color": "#666"}}, {"type": "Feature", "geometry": {"type": "Point", "coordinates": [2.3106690999999997, 6.4189082]}, "properties": {"poi_name": "Espace sportif Maria - Gleta", "matched_quartier": "Maria-Gléta", "status": "INVALID", "reason": "matched_name_not_in_propagation", "n_seeds": 0, "n_X_seeds": 0, "n_reassignable": 0, "target_color": "#666"}}, {"type": "Feature", "geometry": {"type": "Point", "coordinates": [2.3258031999999997, 6.4277451]}, "properties": {"poi_name": "Mariagleta", "matched_quartier": "Maria-Gléta", "status": "INVALID", "reason": "matched_name_not_in_propagation", "n_seeds": 0, "n_X_seeds": 0, "n_reassignable": 0, "target_color": "#666"}}, {"type": "Feature", "geometry": {"type": "Point", "coordinates": [1.4411361999999999, 9.3449959]}, "properties": {"poi_name": "Commissariat de police de Aledjo", "matched_quartier": "Alédjo", "status": "INVALID", "reason": "matched_name_not_in_propagation", "n_seeds": 0, "n_X_seeds": 0, "n_reassignable": 0, "target_color": "#666"}}, {"type": "Feature", "geometry": {"type": "Point", "coordinates": [1.221549, 9.274713499999999]}, "properties": {"poi_name": "Faille d'Aledjo", "matched_quartier": "Alédjo", "status": "INVALID", "reason": "matched_name_not_in_propagation", "n_seeds": 0, "n_X_seeds": 0, "n_reassignable": 0, "target_color": "#666"}}, {"type": "Feature", "geometry": {"type": "Point", "coordinates": [1.2218339999999999, 9.2779894]}, "properties": {"poi_name": "Réserve de Faune d'Alédjo", "matched_quartier": "Alédjo", "status": "INVALID", "reason": "matched_name_not_in_propagation", "n_seeds": 0, "n_X_seeds": 0, "n_reassignable": 0, "target_color": "#666"}}, {"type": "Feature", "geometry": {"type": "Point", "coordinates": [1.440699, 9.344548399999999]}, "properties": {"poi_name": "Franchise AB ENTREPRISE ALEDJO", "matched_quartier": "Alédjo", "status": "INVALID", "reason": "matched_name_not_in_propagation", "n_seeds": 0, "n_X_seeds": 0, "n_reassignable": 0, "target_color": "#666"}}, {"type": "Feature", "geometry": {"type": "Point", "coordinates": [-5.2628201, 6.782078200000001]}, "properties": {"poi_name": "Mosquée ALEDJO", "matched_quartier": "Alédjo", "status": "INVALID", "reason": "matched_name_not_in_propagation", "n_seeds": 0, "n_X_seeds": 0, "n_reassignable": 0, "target_color": "#666"}}, {"type": "Feature", "geometry": {"type": "Point", "coordinates": [2.4554581000000004, 6.3623104]}, "properties": {"poi_name": "Pharmacie JAK Aledjo", "matched_quartier": "Alédjo", "status": "INVALID", "reason": "matched_name_not_in_propagation", "n_seeds": 0, "n_X_seeds": 0, "n_reassignable": 0, "target_color": "#666"}}, {"type": "Feature", "geometry": {"type": "Point", "coordinates": [1.210839, 9.2585477]}, "properties": {"poi_name": "Foyer de Charité Aledjo", "matched_quartier": "Alédjo", "status": "INVALID", "reason": "matched_name_not_in_propagation", "n_seeds": 0, "n_X_seeds": 0, "n_reassignable": 0, "target_color": "#666"}}, {"type": "Feature", "geometry": {"type": "Point", "coordinates": [1.4408128999999998, 9.3474135]}, "properties": {"poi_name": "Arrondissement d'Aledjo", "matched_quartier": "Alédjo", "status": "INVALID", "reason": "matched_name_not_in_propagation", "n_seeds": 0, "n_X_seeds": 0, "n_reassignable": 0, "target_color": "#666"}}, {"type": "Feature", "geometry": {"type": "Point", "coordinates": [1.1313395, 8.960281]}, "properties": {"poi_name": "AUBERGE ALEDJO", "matched_quartier": "Alédjo", "status": "INVALID", "reason": "matched_name_not_in_propagation", "n_seeds": 0, "n_X_seeds": 0, "n_reassignable": 0, "target_color": "#666"}}, {"type": "Feature", "geometry": {"type": "Point", "coordinates": [1.4429554, 9.34848]}, "properties": {"poi_name": "Aledjo", "matched_quartier": "Alédjo", "status": "INVALID", "reason": "matched_name_not_in_propagation", "n_seeds": 0, "n_X_seeds": 0, "n_reassignable": 0, "target_color": "#666"}}, {"type": "Feature", "geometry": {"type": "Point", "coordinates": [1.2061247, 9.2529852]}, "properties": {"poi_name": "School Alédjo-Kadara", "matched_quartier": "Alédjo", "status": "INVALID", "reason": "matched_name_not_in_propagation", "n_seeds": 0, "n_X_seeds": 0, "n_reassignable": 0, "target_color": "#666"}}, {"type": "Feature", "geometry": {"type": "Point", "coordinates": [1.4375463, 9.346099700000002]}, "properties": {"poi_name": "Maison des jeunes Aledjo koura", "matched_quartier": "Alédjo", "status": "INVALID", "reason": "matched_name_not_in_propagation", "n_seeds": 0, "n_X_seeds": 0, "n_reassignable": 0, "target_color": "#666"}}, {"type": "Feature", "geometry": {"type": "Point", "coordinates": [1.2061376, 9.2529936]}, "properties": {"poi_name": "Aledjo", "matched_quartier": "Alédjo", "status": "INVALID", "reason": "matched_name_not_in_propagation", "n_seeds": 0, "n_X_seeds": 0, "n_reassignable": 0, "target_color": "#666"}}, {"type": "Feature", "geometry": {"type": "Point", "coordinates": [29.212847999999997, -4.128627]}, "properties": {"poi_name": "Mosquée de some", "matched_quartier": "Somè", "status": "INVALID", "reason": "no_road_within_150m", "n_seeds": 0, "n_X_seeds": 0, "n_reassignable": 0, "target_color": "#3dcdbc"}}, {"type": "Feature", "geometry": {"type": "Point", "coordinates": [2.3376957, 6.476767000000001]}, "properties": {"poi_name": "Abomey-Calavi, Somè", "matched_quartier": "Somè", "status": "INVALID", "reason": "no_connection_to_X_network", "n_seeds": 16, "n_X_seeds": 0, "n_reassignable": 0, "target_color": "#3dcdbc"}}, {"type": "Feature", "geometry": {"type": "Point", "coordinates": [-6.439949299999999, 6.9187594]}, "properties": {"poi_name": "Terrain somé", "matched_quartier": "Somè", "status": "INVALID", "reason": "no_road_within_150m", "n_seeds": 0, "n_X_seeds": 0, "n_reassignable": 0, "target_color": "#3dcdbc"}}, {"type": "Feature", "geometry": {"type": "Point", "coordinates": [-6.6619031, 4.7797928999999995]}, "properties": {"poi_name": "Garage Somé", "matched_quartier": "Somè", "status": "INVALID", "reason": "no_road_within_150m", "n_seeds": 0, "n_X_seeds": 0, "n_reassignable": 0, "target_color": "#3dcdbc"}}, {"type": "Feature", "geometry": {"type": "Point", "coordinates": [2.35003, 6.3837474]}, "properties": {"poi_name": "Dekoungbe Centre de santé", "matched_quartier": "Dèkoungbé", "status": "INVALID", "reason": "matched_name_not_in_propagation", "n_seeds": 0, "n_X_seeds": 0, "n_reassignable": 0, "target_color": "#666"}}, {"type": "Feature", "geometry": {"type": "Point", "coordinates": [2.3223293, 6.3726176]}, "properties": {"poi_name": "Paroisse Saint Joseph de Dèkoungbé", "matched_quartier": "Dèkoungbé", "status": "INVALID", "reason": "matched_name_not_in_propagation", "n_seeds": 0, "n_X_seeds": 0, "n_reassignable": 0, "target_color": "#666"}}, {"type": "Feature", "geometry": {"type": "Point", "coordinates": [2.3308758, 6.3805914]}, "properties": {"poi_name": "Pharmacie Dekoungbe", "matched_quartier": "Dèkoungbé", "status": "INVALID", "reason": "matched_name_not_in_propagation", "n_seeds": 0, "n_X_seeds": 0, "n_reassignable": 0, "target_color": "#666"}}, {"type": "Feature", "geometry": {"type": "Point", "coordinates": [2.3185596, 6.3738226]}, "properties": {"poi_name": "Public Primary School Dekoungbé Hedomey", "matched_quartier": "Dèkoungbé", "status": "INVALID", "reason": "matched_name_not_in_propagation", "n_seeds": 0, "n_X_seeds": 0, "n_reassignable": 0, "target_color": "#666"}}, {"type": "Feature", "geometry": {"type": "Point", "coordinates": [2.3292615, 6.379834]}, "properties": {"poi_name": "Complexe Scolaire \"St GEORGES\" DEKOUNGBE", "matched_quartier": "Dèkoungbé", "status": "INVALID", "reason": "matched_name_not_in_propagation", "n_seeds": 0, "n_X_seeds": 0, "n_reassignable": 0, "target_color": "#666"}}, {"type": "Feature", "geometry": {"type": "Point", "coordinates": [2.3305732999999997, 6.379366999999999]}, "properties": {"poi_name": "Attieke Dekoungbe", "matched_quartier": "Dèkoungbé", "status": "INVALID", "reason": "matched_name_not_in_propagation", "n_seeds": 0, "n_X_seeds": 0, "n_reassignable": 0, "target_color": "#666"}}, {"type": "Feature", "geometry": {"type": "Point", "coordinates": [2.3306402, 6.3801435]}, "properties": {"poi_name": "Dèkoungbé", "matched_quartier": "Dèkoungbé", "status": "INVALID", "reason": "matched_name_not_in_propagation", "n_seeds": 0, "n_X_seeds": 0, "n_reassignable": 0, "target_color": "#666"}}, {"type": "Feature", "geometry": {"type": "Point", "coordinates": [2.3342541999999997, 6.3814877]}, "properties": {"poi_name": "BAR ESCALE DEKOUNGBE", "matched_quartier": "Dèkoungbé", "status": "INVALID", "reason": "matched_name_not_in_propagation", "n_seeds": 0, "n_X_seeds": 0, "n_reassignable": 0, "target_color": "#666"}}, {"type": "Feature", "geometry": {"type": "Point", "coordinates": [2.3225713999999997, 6.3737702]}, "properties": {"poi_name": "Health Center De Dèkoungbé", "matched_quartier": "Dèkoungbé", "status": "INVALID", "reason": "matched_name_not_in_propagation", "n_seeds": 0, "n_X_seeds": 0, "n_reassignable": 0, "target_color": "#666"}}, {"type": "Feature", "geometry": {"type": "Point", "coordinates": [2.3363834999999997, 6.382179]}, "properties": {"poi_name": "Dèkoungbé", "matched_quartier": "Dèkoungbé", "status": "INVALID", "reason": "matched_name_not_in_propagation", "n_seeds": 0, "n_X_seeds": 0, "n_reassignable": 0, "target_color": "#666"}}, {"type": "Feature", "geometry": {"type": "Point", "coordinates": [2.3304327, 6.3796364]}, "properties": {"poi_name": "Église de Pentécote de la Foi (Dèkoungbé)", "matched_quartier": "Dèkoungbé-Église", "status": "INVALID", "reason": "matched_name_not_in_propagation", "n_seeds": 0, "n_X_seeds": 0, "n_reassignable": 0, "target_color": "#666"}}, {"type": "Feature", "geometry": {"type": "Point", "coordinates": [2.3155229, 6.373569499999999]}, "properties": {"poi_name": "Terrain de sport de Dèkoungbé", "matched_quartier": "Dèkoungbé", "status": "INVALID", "reason": "matched_name_not_in_propagation", "n_seeds": 0, "n_X_seeds": 0, "n_reassignable": 0, "target_color": "#666"}}, {"type": "Feature", "geometry": {"type": "Point", "coordinates": [2.3187683, 6.3630583]}, "properties": {"poi_name": "Terrain synthétique dekoungbe", "matched_quartier": "Dèkoungbé", "status": "INVALID", "reason": "matched_name_not_in_propagation", "n_seeds": 0, "n_X_seeds": 0, "n_reassignable": 0, "target_color": "#666"}}, {"type": "Feature", "geometry": {"type": "Point", "coordinates": [2.3612439, 6.3933132]}, "properties": {"poi_name": "Finafa Building Group", "matched_quartier": "Finafa", "status": "INVALID", "reason": "matched_name_not_in_propagation", "n_seeds": 0, "n_X_seeds": 0, "n_reassignable": 0, "target_color": "#666"}}, {"type": "Feature", "geometry": {"type": "Point", "coordinates": [2.2717145, 6.38443]}, "properties": {"poi_name": "Cococodji", "matched_quartier": "Cococodji", "status": "VALID", "reason": "already_on_X_network", "n_seeds": 12, "n_X_seeds": 12, "n_reassignable": 0, "target_color": "#ad45c8"}}, {"type": "Feature", "geometry": {"type": "Point", "coordinates": [2.2758708999999997, 6.3880415]}, "properties": {"poi_name": "Commissariat de cococodji ( annexe commissariat de pk14)", "matched_quartier": "Cococodji", "status": "VALID", "reason": "already_on_X_network", "n_seeds": 14, "n_X_seeds": 14, "n_reassignable": 0, "target_color": "#ad45c8"}}, {"type": "Feature", "geometry": {"type": "Point", "coordinates": [2.2873929, 6.3860415999999995]}, "properties": {"poi_name": "Marché moderne cococodji", "matched_quartier": "Cococodji", "status": "VALID", "reason": "reached_X_network", "n_seeds": 29, "n_X_seeds": 0, "n_reassignable": 40, "target_color": "#ad45c8"}}, {"type": "Feature", "geometry": {"type": "Point", "coordinates": [2.2679632, 6.3867999]}, "properties": {"poi_name": "Cococodji Market", "matched_quartier": "Cococodji", "status": "VALID", "reason": "already_on_X_network", "n_seeds": 10, "n_X_seeds": 10, "n_reassignable": 0, "target_color": "#ad45c8"}}, {"type": "Feature", "geometry": {"type": "Point", "coordinates": [2.2679126, 6.3868398]}, "properties": {"poi_name": "Cococodji", "matched_quartier": "Cococodji", "status": "VALID", "reason": "already_on_X_network", "n_seeds": 10, "n_X_seeds": 10, "n_reassignable": 0, "target_color": "#ad45c8"}}, {"type": "Feature", "geometry": {"type": "Point", "coordinates": [2.2732479, 6.3903672]}, "properties": {"poi_name": "Public Primary School De Cococodji", "matched_quartier": "Cococodji", "status": "VALID", "reason": "already_on_X_network", "n_seeds": 19, "n_X_seeds": 19, "n_reassignable": 0, "target_color": "#ad45c8"}}, {"type": "Feature", "geometry": {"type": "Point", "coordinates": [2.2684973, 6.384107500000001]}, "properties": {"poi_name": "Epp Jardin, Cococodji", "matched_quartier": "Cococodji", "status": "VALID", "reason": "reached_X_network", "n_seeds": 29, "n_X_seeds": 26, "n_reassignable": 3, "target_color": "#ad45c8"}}, {"type": "Feature", "geometry": {"type": "Point", "coordinates": [2.2737753, 6.3809892999999995]}, "properties": {"poi_name": "Ceg Le Méridien De Cococodji", "matched_quartier": "Cococodji", "status": "VALID", "reason": "already_on_X_network", "n_seeds": 10, "n_X_seeds": 10, "n_reassignable": 0, "target_color": "#ad45c8"}}, {"type": "Feature", "geometry": {"type": "Point", "coordinates": [2.2757815999999997, 6.383825400000001]}, "properties": {"poi_name": "Epp Cococodji 2", "matched_quartier": "Cococodji", "status": "VALID", "reason": "already_on_X_network", "n_seeds": 18, "n_X_seeds": 18, "n_reassignable": 0, "target_color": "#ad45c8"}}, {"type": "Feature", "geometry": {"type": "Point", "coordinates": [2.2867601, 6.3850359]}, "properties": {"poi_name": "Epp Cococodji Gbodjè", "matched_quartier": "Cococodji", "status": "VALID", "reason": "reached_X_network", "n_seeds": 5, "n_X_seeds": 0, "n_reassignable": 14, "target_color": "#ad45c8"}}, {"type": "Feature", "geometry": {"type": "Point", "coordinates": [2.2758795, 6.3853358]}, "properties": {"poi_name": "ECC/ Paroisse Sainte Famille de cococodji", "matched_quartier": "Cococodji", "status": "VALID", "reason": "already_on_X_network", "n_seeds": 20, "n_X_seeds": 20, "n_reassignable": 0, "target_color": "#ad45c8"}}, {"type": "Feature", "geometry": {"type": "Point", "coordinates": [2.2728275000000004, 6.3897067]}, "properties": {"poi_name": "Eglise Catholique St Gabriel Cococodji", "matched_quartier": "Cococodji", "status": "VALID", "reason": "already_on_X_network", "n_seeds": 18, "n_X_seeds": 18, "n_reassignable": 0, "target_color": "#ad45c8"}}, {"type": "Feature", "geometry": {"type": "Point", "coordinates": [2.255908, 6.389513]}, "properties": {"poi_name": "Eglise de Jésus-Christ des saints des derniers jours pieu de Cococodji", "matched_quartier": "Cococodji", "status": "VALID", "reason": "already_on_X_network", "n_seeds": 15, "n_X_seeds": 15, "n_reassignable": 0, "target_color": "#ad45c8"}}, {"type": "Feature", "geometry": {"type": "Point", "coordinates": [2.2696899999999998, 6.3786822]}, "properties": {"poi_name": "ECC Paroisse Cite de Dieu cococodji tannou", "matched_quartier": "Cococodji", "status": "VALID", "reason": "already_on_X_network", "n_seeds": 16, "n_X_seeds": 16, "n_reassignable": 0, "target_color": "#ad45c8"}}, {"type": "Feature", "geometry": {"type": "Point", "coordinates": [2.2812211, 6.3904589]}, "properties": {"poi_name": "Achi diocèse de cococodji", "matched_quartier": "Cococodji", "status": "VALID", "reason": "reached_X_network", "n_seeds": 18, "n_X_seeds": 0, "n_reassignable": 33, "target_color": "#ad45c8"}}, {"type": "Feature", "geometry": {"type": "Point", "coordinates": [2.2679632, 6.3867999]}, "properties": {"poi_name": "Cococodji", "matched_quartier": "Cococodji", "status": "VALID", "reason": "already_on_X_network", "n_seeds": 10, "n_X_seeds": 10, "n_reassignable": 0, "target_color": "#ad45c8"}}, {"type": "Feature", "geometry": {"type": "Point", "coordinates": [2.3486645, 6.3685503]}, "properties": {"poi_name": "Cococodji", "matched_quartier": "Cococodji", "status": "INVALID", "reason": "no_connection_to_X_network", "n_seeds": 11, "n_X_seeds": 0, "n_reassignable": 0, "target_color": "#ad45c8"}}, {"type": "Feature", "geometry": {"type": "Point", "coordinates": [2.3588649999999998, 6.5128067]}, "properties": {"poi_name": "Sanlam Assurance Kotanle Cococodji", "matched_quartier": "Cococodji", "status": "INVALID", "reason": "no_connection_to_X_network", "n_seeds": 45, "n_X_seeds": 0, "n_reassignable": 0, "target_color": "#ad45c8"}}, {"type": "Feature", "geometry": {"type": "Point", "coordinates": [2.2720781, 6.3767875]}, "properties": {"poi_name": "Cococodji lieu public", "matched_quartier": "Cococodji", "status": "VALID", "reason": "already_on_X_network", "n_seeds": 18, "n_X_seeds": 18, "n_reassignable": 0, "target_color": "#ad45c8"}}, {"type": "Feature", "geometry": {"type": "Point", "coordinates": [2.2697268, 6.3888679]}, "properties": {"poi_name": "HOME SWEET HOME COCOCODJI", "matched_quartier": "Cococodji", "status": "VALID", "reason": "already_on_X_network", "n_seeds": 12, "n_X_seeds": 12, "n_reassignable": 0, "target_color": "#ad45c8"}}, {"type": "Feature", "geometry": {"type": "Point", "coordinates": [2.2751769, 6.3882517]}, "properties": {"poi_name": "CLCAM GUICHET COCOCODJI", "matched_quartier": "Cococodji", "status": "VALID", "reason": "already_on_X_network", "n_seeds": 18, "n_X_seeds": 18, "n_reassignable": 0, "target_color": "#ad45c8"}}, {"type": "Feature", "geometry": {"type": "Point", "coordinates": [2.2680008, 6.3867854]}, "properties": {"poi_name": "Cococodji", "matched_quartier": "Cococodji", "status": "VALID", "reason": "already_on_X_network", "n_seeds": 10, "n_X_seeds": 10, "n_reassignable": 0, "target_color": "#ad45c8"}}, {"type": "Feature", "geometry": {"type": "Point", "coordinates": [2.2641497999999998, 6.3992809]}, "properties": {"poi_name": "Cococodji", "matched_quartier": "Cococodji", "status": "VALID", "reason": "reached_X_network", "n_seeds": 36, "n_X_seeds": 0, "n_reassignable": 72, "target_color": "#ad45c8"}}, {"type": "Feature", "geometry": {"type": "Point", "coordinates": [2.2712755, 6.3835076]}, "properties": {"poi_name": "Hospital Area De Cococodji", "matched_quartier": "Cococodji", "status": "VALID", "reason": "already_on_X_network", "n_seeds": 11, "n_X_seeds": 11, "n_reassignable": 0, "target_color": "#ad45c8"}}, {"type": "Feature", "geometry": {"type": "Point", "coordinates": [2.3158339999999997, 9.30769]}, "properties": {"poi_name": "Cococodji", "matched_quartier": "Cococodji", "status": "INVALID", "reason": "no_road_within_150m", "n_seeds": 0, "n_X_seeds": 0, "n_reassignable": 0, "target_color": "#ad45c8"}}, {"type": "Feature", "geometry": {"type": "Point", "coordinates": [2.1979248, 6.3886978]}, "properties": {"poi_name": "Station cococodji", "matched_quartier": "Cococodji", "status": "INVALID", "reason": "no_connection_to_X_network", "n_seeds": 5, "n_X_seeds": 0, "n_reassignable": 0, "target_color": "#ad45c8"}}, {"type": "Feature", "geometry": {"type": "Point", "coordinates": [2.2675378, 6.388539499999999]}, "properties": {"poi_name": "Station Petrodis Cococodji", "matched_quartier": "Cococodji", "status": "VALID", "reason": "already_on_X_network", "n_seeds": 16, "n_X_seeds": 16, "n_reassignable": 0, "target_color": "#ad45c8"}}, {"type": "Feature", "geometry": {"type": "Point", "coordinates": [2.0618393999999998, 6.703175099999999]}, "properties": {"poi_name": "Tokpa-Avagoudo", "matched_quartier": "Tokpa", "status": "INVALID", "reason": "matched_name_not_in_propagation", "n_seeds": 0, "n_X_seeds": 0, "n_reassignable": 0, "target_color": "#666"}}, {"type": "Feature", "geometry": {"type": "Point", "coordinates": [2.3119251, 6.559072200000001]}, "properties": {"poi_name": "Paroisse Saint Joseph de Golo-Yêkon", "matched_quartier": "Yèkon-Do", "status": "VALID", "reason": "reached_X_network", "n_seeds": 19, "n_X_seeds": 0, "n_reassignable": 23, "target_color": "#85ce4d"}}, {"type": "Feature", "geometry": {"type": "Point", "coordinates": [2.367348, 6.4977639]}, "properties": {"poi_name": "Eglise Catholique HOUÈKÈ-HONOU", "matched_quartier": "Houèkè-Honou", "status": "VALID", "reason": "reached_X_network", "n_seeds": 47, "n_X_seeds": 0, "n_reassignable": 66, "target_color": "#4dd6af"}}, {"type": "Feature", "geometry": {"type": "Point", "coordinates": [2.3662459, 6.495849499999999]}, "properties": {"poi_name": "EEAD HOUÊKÊ-HONOU", "matched_quartier": "Houèkè-Honou", "status": "VALID", "reason": "reached_X_network", "n_seeds": 34, "n_X_seeds": 0, "n_reassignable": 39, "target_color": "#4dd6af"}}, {"type": "Feature", "geometry": {"type": "Point", "coordinates": [2.6410355, 6.442849700000001]}, "properties": {"poi_name": "Eglise Catholique StMichel de Houeke", "matched_quartier": "Houèkè-Honou", "status": "INVALID", "reason": "no_road_within_150m", "n_seeds": 0, "n_X_seeds": 0, "n_reassignable": 0, "target_color": "#4dd6af"}}, {"type": "Feature", "geometry": {"type": "Point", "coordinates": [-84.2366471, 38.2213275]}, "properties": {"poi_name": "Babatunde Olusegun Sokan, MD", "matched_quartier": "Sokan", "status": "INVALID", "reason": "no_road_within_150m", "n_seeds": 0, "n_X_seeds": 0, "n_reassignable": 0, "target_color": "#d040bd"}}, {"type": "Feature", "geometry": {"type": "Point", "coordinates": [2.6984736, 50.2378131]}, "properties": {"poi_name": "Isokan Formation", "matched_quartier": "Sokan", "status": "INVALID", "reason": "no_road_within_150m", "n_seeds": 0, "n_X_seeds": 0, "n_reassignable": 0, "target_color": "#d040bd"}}, {"type": "Feature", "geometry": {"type": "Point", "coordinates": [2.3364309, 6.448197599999999]}, "properties": {"poi_name": "PHARMACIE AITCHEDJI SEMINAIRE", "matched_quartier": "Aïtchédji", "status": "INVALID", "reason": "matched_name_not_in_propagation", "n_seeds": 0, "n_X_seeds": 0, "n_reassignable": 0, "target_color": "#666"}}, {"type": "Feature", "geometry": {"type": "Point", "coordinates": [2.3468059, 6.4502923999999995]}, "properties": {"poi_name": "Calavi Aïtchedji", "matched_quartier": "Aïtchédji", "status": "INVALID", "reason": "matched_name_not_in_propagation", "n_seeds": 0, "n_X_seeds": 0, "n_reassignable": 0, "target_color": "#666"}}, {"type": "Feature", "geometry": {"type": "Point", "coordinates": [2.3359452, 6.456288799999999]}, "properties": {"poi_name": "Public Primary School D'aïtchedji", "matched_quartier": "Aïtchédji", "status": "INVALID", "reason": "matched_name_not_in_propagation", "n_seeds": 0, "n_X_seeds": 0, "n_reassignable": 0, "target_color": "#666"}}, {"type": "Feature", "geometry": {"type": "Point", "coordinates": [2.3377037, 6.4530498]}, "properties": {"poi_name": "Carrefour Aitchedji", "matched_quartier": "Aïtchédji", "status": "INVALID", "reason": "matched_name_not_in_propagation", "n_seeds": 0, "n_X_seeds": 0, "n_reassignable": 0, "target_color": "#666"}}, {"type": "Feature", "geometry": {"type": "Point", "coordinates": [2.3364369, 6.4533171]}, "properties": {"poi_name": "Centre de jeu LNB Aïtchédji", "matched_quartier": "Aïtchédji", "status": "INVALID", "reason": "matched_name_not_in_propagation", "n_seeds": 0, "n_X_seeds": 0, "n_reassignable": 0, "target_color": "#666"}}, {"type": "Feature", "geometry": {"type": "Point", "coordinates": [2.6080725, 6.5092205]}, "properties": {"poi_name": "Pharmacie carrefour Gbodjè", "matched_quartier": "Gbodjè", "status": "INVALID", "reason": "matched_name_not_in_propagation", "n_seeds": 0, "n_X_seeds": 0, "n_reassignable": 0, "target_color": "#666"}}, {"type": "Feature", "geometry": {"type": "Point", "coordinates": [2.2935247, 6.4152597]}, "properties": {"poi_name": "Complex School Womey Sodo", "matched_quartier": "Gbodjè-Womey", "status": "INVALID", "reason": "matched_name_not_in_propagation", "n_seeds": 0, "n_X_seeds": 0, "n_reassignable": 0, "target_color": "#666"}}, {"type": "Feature", "geometry": {"type": "Point", "coordinates": [2.2966582, 6.4121654]}, "properties": {"poi_name": "Eglise Saint-Benoît de Womey", "matched_quartier": "Gbodjè-Womey", "status": "INVALID", "reason": "matched_name_not_in_propagation", "n_seeds": 0, "n_X_seeds": 0, "n_reassignable": 0, "target_color": "#666"}}, {"type": "Feature", "geometry": {"type": "Point", "coordinates": [2.2861126, 6.386082399999999]}, "properties": {"poi_name": "Paroisse St Joseph de Gbodjè", "matched_quartier": "Gbodjè", "status": "INVALID", "reason": "matched_name_not_in_propagation", "n_seeds": 0, "n_X_seeds": 0, "n_reassignable": 0, "target_color": "#666"}}, {"type": "Feature", "geometry": {"type": "Point", "coordinates": [2.3436515, 6.6236942]}, "properties": {"poi_name": "Gbodjè", "matched_quartier": "Gbodjè", "status": "INVALID", "reason": "matched_name_not_in_propagation", "n_seeds": 0, "n_X_seeds": 0, "n_reassignable": 0, "target_color": "#666"}}, {"type": "Feature", "geometry": {"type": "Point", "coordinates": [2.6082910999999998, 6.4878807]}, "properties": {"poi_name": "Gbodje", "matched_quartier": "Gbodjè", "status": "INVALID", "reason": "matched_name_not_in_propagation", "n_seeds": 0, "n_X_seeds": 0, "n_reassignable": 0, "target_color": "#666"}}, {"type": "Feature", "geometry": {"type": "Point", "coordinates": [2.2871733, 6.3867337]}, "properties": {"poi_name": "Carrefour Gbodjè", "matched_quartier": "Gbodjè", "status": "INVALID", "reason": "matched_name_not_in_propagation", "n_seeds": 0, "n_X_seeds": 0, "n_reassignable": 0, "target_color": "#666"}}, {"type": "Feature", "geometry": {"type": "Point", "coordinates": [2.2998467, 6.410905]}, "properties": {"poi_name": "Center Health L'arrondissement De Womey", "matched_quartier": "Womey-Centre", "status": "INVALID", "reason": "matched_name_not_in_propagation", "n_seeds": 0, "n_X_seeds": 0, "n_reassignable": 0, "target_color": "#666"}}, {"type": "Feature", "geometry": {"type": "Point", "coordinates": [2.3468217, 6.4316729]}, "properties": {"poi_name": "Womey Centre de santé", "matched_quartier": "Womey-Centre", "status": "INVALID", "reason": "matched_name_not_in_propagation", "n_seeds": 0, "n_X_seeds": 0, "n_reassignable": 0, "target_color": "#666"}}, {"type": "Feature", "geometry": {"type": "Point", "coordinates": [2.3116939999999997, 6.4368314]}, "properties": {"poi_name": "Carrefour Houèto", "matched_quartier": "Houèto", "status": "VALID", "reason": "reached_X_network", "n_seeds": 24, "n_X_seeds": 0, "n_reassignable": 26, "target_color": "#de47d2"}}, {"type": "Feature", "geometry": {"type": "Point", "coordinates": [2.3086785, 6.4390833999999995]}, "properties": {"poi_name": "Pharmacie Houeto", "matched_quartier": "Houèto", "status": "VALID", "reason": "already_on_X_network", "n_seeds": 16, "n_X_seeds": 16, "n_reassignable": 0, "target_color": "#de47d2"}}, {"type": "Feature", "geometry": {"type": "Point", "coordinates": [2.3045788, 6.4408286]}, "properties": {"poi_name": "Public Primary School De Houèto", "matched_quartier": "Houèto", "status": "VALID", "reason": "already_on_X_network", "n_seeds": 29, "n_X_seeds": 29, "n_reassignable": 0, "target_color": "#de47d2"}}, {"type": "Feature", "geometry": {"type": "Point", "coordinates": [2.3036936, 6.4402956]}, "properties": {"poi_name": "EGLISE CATHOLIQUE DE HOUETO", "matched_quartier": "Houèto", "status": "VALID", "reason": "already_on_X_network", "n_seeds": 24, "n_X_seeds": 24, "n_reassignable": 0, "target_color": "#de47d2"}}, {"type": "Feature", "geometry": {"type": "Point", "coordinates": [2.3020180999999997, 6.4401018]}, "properties": {"poi_name": "Eglise Catholique Saint michel De Houèto", "matched_quartier": "Houèto", "status": "VALID", "reason": "already_on_X_network", "n_seeds": 41, "n_X_seeds": 41, "n_reassignable": 0, "target_color": "#de47d2"}}, {"type": "Feature", "geometry": {"type": "Point", "coordinates": [2.3468166999999998, 6.4502938]}, "properties": {"poi_name": "HOUETO", "matched_quartier": "Houèto", "status": "INVALID", "reason": "no_connection_to_X_network", "n_seeds": 20, "n_X_seeds": 0, "n_reassignable": 0, "target_color": "#de47d2"}}, {"type": "Feature", "geometry": {"type": "Point", "coordinates": [2.3113422, 6.4460622]}, "properties": {"poi_name": "Stade Omnisport de Houeto", "matched_quartier": "Houèto", "status": "VALID", "reason": "reached_X_network", "n_seeds": 19, "n_X_seeds": 0, "n_reassignable": 21, "target_color": "#de47d2"}}, {"type": "Feature", "geometry": {"type": "Point", "coordinates": [2.3060652999999998, 6.4185314]}, "properties": {"poi_name": "ALEGLETA", "matched_quartier": "Alègléta", "status": "VALID", "reason": "reached_X_network", "n_seeds": 26, "n_X_seeds": 0, "n_reassignable": 38, "target_color": "#52ddac"}}, {"type": "Feature", "geometry": {"type": "Point", "coordinates": [2.3123867, 6.413489299999999]}, "properties": {"poi_name": "Clinique La Grâce Vie Godomey", "matched_quartier": "Godomey-Togoudo", "status": "INVALID", "reason": "no_connection_to_X_network", "n_seeds": 51, "n_X_seeds": 0, "n_reassignable": 0, "target_color": "#c93d4b"}}, {"type": "Feature", "geometry": {"type": "Point", "coordinates": [2.3297023, 6.3848587]}, "properties": {"poi_name": "Commissariat de Godomey", "matched_quartier": "Godomey-Togoudo", "status": "INVALID", "reason": "no_connection_to_X_network", "n_seeds": 18, "n_X_seeds": 0, "n_reassignable": 0, "target_color": "#c93d4b"}}, {"type": "Feature", "geometry": {"type": "Point", "coordinates": [2.2995862, 6.3936087]}, "properties": {"poi_name": "Commissariat d'arrondissement de Godomey Poste De Cocotomey", "matched_quartier": "Cocotomey", "status": "VALID", "reason": "reached_X_network", "n_seeds": 19, "n_X_seeds": 8, "n_reassignable": 11, "target_color": "#88d347"}}, {"type": "Feature", "geometry": {"type": "Point", "coordinates": [2.3453671, 6.3953893]}, "properties": {"poi_name": "Marché de Godomey", "matched_quartier": "Godomey-Togoudo", "status": "VALID", "reason": "reached_X_network", "n_seeds": 30, "n_X_seeds": 0, "n_reassignable": 36, "target_color": "#c93d4b"}}, {"type": "Feature", "geometry": {"type": "Point", "coordinates": [2.3312494999999998, 6.4061607]}, "properties": {"poi_name": "Mosquée de Togoudo", "matched_quartier": "Godomey-Togoudo", "status": "INVALID", "reason": "no_connection_to_X_network", "n_seeds": 8, "n_X_seeds": 0, "n_reassignable": 0, "target_color": "#c93d4b"}}, {"type": "Feature", "geometry": {"type": "Point", "coordinates": [2.3255304, 6.386743]}, "properties": {"poi_name": "Pharmacie Godomey PK 14", "matched_quartier": "Godomey-Togoudo", "status": "INVALID", "reason": "no_connection_to_X_network", "n_seeds": 28, "n_X_seeds": 0, "n_reassignable": 0, "target_color": "#c93d4b"}}, {"type": "Feature", "geometry": {"type": "Point", "coordinates": [2.3277357000000003, 6.4021554]}, "properties": {"poi_name": "Godomey togoudo", "matched_quartier": "Godomey-Togoudo", "status": "INVALID", "reason": "no_connection_to_X_network", "n_seeds": 29, "n_X_seeds": 0, "n_reassignable": 0, "target_color": "#c93d4b"}}, {"type": "Feature", "geometry": {"type": "Point", "coordinates": [2.3300028999999998, 6.3834177]}, "properties": {"poi_name": "Supermarché franc prix annexe godomey", "matched_quartier": "Godomey-Togoudo", "status": "INVALID", "reason": "no_connection_to_X_network", "n_seeds": 15, "n_X_seeds": 0, "n_reassignable": 0, "target_color": "#c93d4b"}}, {"type": "Feature", "geometry": {"type": "Point", "coordinates": [2.3429245, 6.379263]}, "properties": {"poi_name": "Magasin de GODOMEY", "matched_quartier": "Godomey-Togoudo", "status": "INVALID", "reason": "no_connection_to_X_network", "n_seeds": 27, "n_X_seeds": 0, "n_reassignable": 0, "target_color": "#c93d4b"}}, {"type": "Feature", "geometry": {"type": "Point", "coordinates": [2.3456265999999997, 6.4051881999999996]}, "properties": {"poi_name": "ECC LA GRÂCE DIVINE DE GODOMEY TOGOUDO", "matched_quartier": "Godomey-Togoudo", "status": "VALID", "reason": "reached_X_network", "n_seeds": 11, "n_X_seeds": 0, "n_reassignable": 18, "target_color": "#c93d4b"}}, {"type": "Feature", "geometry": {"type": "Point", "coordinates": [2.346125, 6.389755]}, "properties": {"poi_name": "Eglise catholique Sainte Thérèse GODOMEY", "matched_quartier": "Godomey-Togoudo", "status": "INVALID", "reason": "no_connection_to_X_network", "n_seeds": 38, "n_X_seeds": 0, "n_reassignable": 0, "target_color": "#c93d4b"}}, {"type": "Feature", "geometry": {"type": "Point", "coordinates": [2.3123057, 6.4132963]}, "properties": {"poi_name": "ADC TOGOUDO", "matched_quartier": "Godomey-Togoudo", "status": "INVALID", "reason": "no_connection_to_X_network", "n_seeds": 49, "n_X_seeds": 0, "n_reassignable": 0, "target_color": "#c93d4b"}}, {"type": "Feature", "geometry": {"type": "Point", "coordinates": [2.3465013999999997, 6.385606699999999]}, "properties": {"poi_name": "Arrondissement de Godomey", "matched_quartier": "Godomey-Togoudo", "status": "INVALID", "reason": "no_connection_to_X_network", "n_seeds": 33, "n_X_seeds": 0, "n_reassignable": 0, "target_color": "#c93d4b"}}, {"type": "Feature", "geometry": {"type": "Point", "coordinates": [2.3467, 6.3843875]}, "properties": {"poi_name": "La générale des assurances - Agences Azareel de Godomey", "matched_quartier": "Godomey-Togoudo", "status": "INVALID", "reason": "no_connection_to_X_network", "n_seeds": 34, "n_X_seeds": 0, "n_reassignable": 0, "target_color": "#c93d4b"}}, {"type": "Feature", "geometry": {"type": "Point", "coordinates": [2.3493924, 6.385590499999999]}, "properties": {"poi_name": "Hôtel les paillotes - Godomey, Calavi.", "matched_quartier": "Godomey-Togoudo", "status": "INVALID", "reason": "no_connection_to_X_network", "n_seeds": 41, "n_X_seeds": 0, "n_reassignable": 0, "target_color": "#c93d4b"}}, {"type": "Feature", "geometry": {"type": "Point", "coordinates": [2.3691383, 6.5459936999999995]}, "properties": {"poi_name": "Godomey Centre de Santé d’Arrondissement", "matched_quartier": "Godomey-Togoudo", "status": "INVALID", "reason": "no_connection_to_X_network", "n_seeds": 24, "n_X_seeds": 0, "n_reassignable": 0, "target_color": "#c93d4b"}}, {"type": "Feature", "geometry": {"type": "Point", "coordinates": [2.3408322, 6.3849602]}, "properties": {"poi_name": "CEFP Le Savoir-Faire - Godomey", "matched_quartier": "Godomey-Togoudo", "status": "INVALID", "reason": "no_connection_to_X_network", "n_seeds": 25, "n_X_seeds": 0, "n_reassignable": 0, "target_color": "#c93d4b"}}, {"type": "Feature", "geometry": {"type": "Point", "coordinates": [2.3458835, 6.3896736]}, "properties": {"poi_name": "CS Godomey", "matched_quartier": "Godomey-Togoudo", "status": "INVALID", "reason": "no_connection_to_X_network", "n_seeds": 40, "n_X_seeds": 0, "n_reassignable": 0, "target_color": "#c93d4b"}}, {"type": "Feature", "geometry": {"type": "Point", "coordinates": [2.3912362, 6.3702928]}, "properties": {"poi_name": "SALON DE COIFFURE \"LA MERVEILLE\"- GODOMEY TOGOUDO", "matched_quartier": "Godomey-Togoudo", "status": "INVALID", "reason": "no_connection_to_X_network", "n_seeds": 25, "n_X_seeds": 0, "n_reassignable": 0, "target_color": "#c93d4b"}}, {"type": "Feature", "geometry": {"type": "Point", "coordinates": [2.3404785, 6.381213499999999]}, "properties": {"poi_name": "Godomey College of General Teaching", "matched_quartier": "Godomey-Togoudo", "status": "INVALID", "reason": "no_connection_to_X_network", "n_seeds": 63, "n_X_seeds": 0, "n_reassignable": 0, "target_color": "#c93d4b"}}, {"type": "Feature", "geometry": {"type": "Point", "coordinates": [2.3396738, 6.3793638999999995]}, "properties": {"poi_name": "Godomey Gare Ferroviaire", "matched_quartier": "Godomey-Togoudo", "status": "INVALID", "reason": "no_connection_to_X_network", "n_seeds": 30, "n_X_seeds": 0, "n_reassignable": 0, "target_color": "#c93d4b"}}, {"type": "Feature", "geometry": {"type": "Point", "coordinates": [2.3244084, 6.3735523999999995]}, "properties": {"poi_name": "Clinique Mahoule De Godomey", "matched_quartier": "Godomey-Togoudo", "status": "INVALID", "reason": "no_connection_to_X_network", "n_seeds": 18, "n_X_seeds": 0, "n_reassignable": 0, "target_color": "#c93d4b"}}, {"type": "Feature", "geometry": {"type": "Point", "coordinates": [2.3274744, 6.4054997]}, "properties": {"poi_name": "St Benoit Togoudo", "matched_quartier": "Godomey-Togoudo", "status": "INVALID", "reason": "no_connection_to_X_network", "n_seeds": 24, "n_X_seeds": 0, "n_reassignable": 0, "target_color": "#c93d4b"}}, {"type": "Feature", "geometry": {"type": "Point", "coordinates": [2.3209695, 6.386652400000001]}, "properties": {"poi_name": "Htc Cetip Godomey", "matched_quartier": "Godomey-Togoudo", "status": "INVALID", "reason": "no_connection_to_X_network", "n_seeds": 18, "n_X_seeds": 0, "n_reassignable": 0, "target_color": "#c93d4b"}}, {"type": "Feature", "geometry": {"type": "Point", "coordinates": [2.3464886, 6.385592399999999]}, "properties": {"poi_name": "MAIRIE DE GODOMEY", "matched_quartier": "Godomey-Togoudo", "status": "INVALID", "reason": "no_connection_to_X_network", "n_seeds": 32, "n_X_seeds": 0, "n_reassignable": 0, "target_color": "#c93d4b"}}, {"type": "Feature", "geometry": {"type": "Point", "coordinates": [2.3420227, 6.3989961]}, "properties": {"poi_name": "ETS THE WORD OF GOD TOGOUDO", "matched_quartier": "Godomey-Togoudo", "status": "VALID", "reason": "already_on_X_network", "n_seeds": 17, "n_X_seeds": 17, "n_reassignable": 0, "target_color": "#c93d4b"}}, {"type": "Feature", "geometry": {"type": "Point", "coordinates": [2.32922, 6.405429799999999]}, "properties": {"poi_name": "Maquis La Temperature,Godomey-togoudo Assrossa", "matched_quartier": "Godomey-Togoudo", "status": "INVALID", "reason": "no_connection_to_X_network", "n_seeds": 15, "n_X_seeds": 0, "n_reassignable": 0, "target_color": "#c93d4b"}}, {"type": "Feature", "geometry": {"type": "Point", "coordinates": [2.3469246999999998, 6.3889917]}, "properties": {"poi_name": "Paroisse Sainte Thérèse de Godomey", "matched_quartier": "Godomey-Togoudo", "status": "INVALID", "reason": "no_connection_to_X_network", "n_seeds": 32, "n_X_seeds": 0, "n_reassignable": 0, "target_color": "#c93d4b"}}, {"type": "Feature", "geometry": {"type": "Point", "coordinates": [2.3390196999999997, 6.3755375]}, "properties": {"poi_name": "Paroisse Notre Dame de Charité Godomey", "matched_quartier": "Godomey-Togoudo", "status": "INVALID", "reason": "no_connection_to_X_network", "n_seeds": 20, "n_X_seeds": 0, "n_reassignable": 0, "target_color": "#c93d4b"}}, {"type": "Feature", "geometry": {"type": "Point", "coordinates": [2.3477585, 6.3860795999999995]}, "properties": {"poi_name": "La Poste - Agence Commercial de Godomey", "matched_quartier": "Godomey-Togoudo", "status": "INVALID", "reason": "no_connection_to_X_network", "n_seeds": 45, "n_X_seeds": 0, "n_reassignable": 0, "target_color": "#c93d4b"}}, {"type": "Feature", "geometry": {"type": "Point", "coordinates": [2.4028343, 6.344979599999999]}, "properties": {"poi_name": "Godomey", "matched_quartier": "Godomey-Togoudo", "status": "INVALID", "reason": "no_connection_to_X_network", "n_seeds": 14, "n_X_seeds": 0, "n_reassignable": 0, "target_color": "#c93d4b"}}, {"type": "Feature", "geometry": {"type": "Point", "coordinates": [2.3446162999999998, 6.3958454]}, "properties": {"poi_name": "Terrain de foot de Godomey", "matched_quartier": "Godomey-Togoudo", "status": "VALID", "reason": "reached_X_network", "n_seeds": 40, "n_X_seeds": 0, "n_reassignable": 44, "target_color": "#c93d4b"}}, {"type": "Feature", "geometry": {"type": "Point", "coordinates": [2.3410767, 6.4016912999999995]}, "properties": {"poi_name": "Station AK PETROLEUM SA Togoudo", "matched_quartier": "Godomey-Togoudo", "status": "VALID", "reason": "reached_X_network", "n_seeds": 35, "n_X_seeds": 34, "n_reassignable": 1, "target_color": "#c93d4b"}}, {"type": "Feature", "geometry": {"type": "Point", "coordinates": [2.3280612, 6.3844635]}, "properties": {"poi_name": "STATION ORYX GODOMEY", "matched_quartier": "Godomey-Togoudo", "status": "INVALID", "reason": "no_connection_to_X_network", "n_seeds": 21, "n_X_seeds": 0, "n_reassignable": 0, "target_color": "#c93d4b"}}, {"type": "Feature", "geometry": {"type": "Point", "coordinates": [2.3442859, 6.3883066]}, "properties": {"poi_name": "Benin Petro Godomey", "matched_quartier": "Godomey-Togoudo", "status": "INVALID", "reason": "no_connection_to_X_network", "n_seeds": 34, "n_X_seeds": 0, "n_reassignable": 0, "target_color": "#c93d4b"}}, {"type": "Feature", "geometry": {"type": "Point", "coordinates": [2.3349436999999997, 6.4036263]}, "properties": {"poi_name": "LAVAGE AUTO MOTO TOGOUDO", "matched_quartier": "Godomey-Togoudo", "status": "VALID", "reason": "reached_X_network", "n_seeds": 15, "n_X_seeds": 0, "n_reassignable": 20, "target_color": "#c93d4b"}}, {"type": "Feature", "geometry": {"type": "Point", "coordinates": [2.3123031, 6.413202399999999]}, "properties": {"poi_name": "Parc de Godomey (OCBN)", "matched_quartier": "Godomey-Togoudo", "status": "INVALID", "reason": "no_connection_to_X_network", "n_seeds": 49, "n_X_seeds": 0, "n_reassignable": 0, "target_color": "#c93d4b"}}, {"type": "Feature", "geometry": {"type": "Point", "coordinates": [2.3482545, 6.3859562]}, "properties": {"poi_name": "Petrodis Godomey", "matched_quartier": "Godomey-Togoudo", "status": "INVALID", "reason": "no_connection_to_X_network", "n_seeds": 41, "n_X_seeds": 0, "n_reassignable": 0, "target_color": "#c93d4b"}}, {"type": "Feature", "geometry": {"type": "Point", "coordinates": [2.291499, 6.4201878]}, "properties": {"poi_name": "Bénin taxi godomey", "matched_quartier": "Godomey-Togoudo", "status": "INVALID", "reason": "no_connection_to_X_network", "n_seeds": 54, "n_X_seeds": 0, "n_reassignable": 0, "target_color": "#c93d4b"}}, {"type": "Feature", "geometry": {"type": "Point", "coordinates": [2.337201, 6.4083217]}, "properties": {"poi_name": "EPMB Temple Cité d'Amour de Togoudo", "matched_quartier": "Godomey-Togoudo", "status": "INVALID", "reason": "no_connection_to_X_network", "n_seeds": 27, "n_X_seeds": 0, "n_reassignable": 0, "target_color": "#c93d4b"}}, {"type": "Feature", "geometry": {"type": "Point", "coordinates": [2.3436515, 6.6236942]}, "properties": {"poi_name": "YÈVIÉ", "matched_quartier": "Yèvié", "status": "INVALID", "reason": "no_connection_to_X_network", "n_seeds": 32, "n_X_seeds": 0, "n_reassignable": 0, "target_color": "#d1983b"}}, {"type": "Feature", "geometry": {"type": "Point", "coordinates": [175.05687029999999, -36.7825738]}, "properties": {"poi_name": "Wawata Estate", "matched_quartier": "Wawata", "status": "INVALID", "reason": "no_road_within_150m", "n_seeds": 0, "n_X_seeds": 0, "n_reassignable": 0, "target_color": "#d950b0"}}, {"type": "Feature", "geometry": {"type": "Point", "coordinates": [2.3187637999999997, 6.6264072]}, "properties": {"poi_name": "Centre de santé de wawata", "matched_quartier": "Wawata", "status": "VALID", "reason": "reached_X_network", "n_seeds": 35, "n_X_seeds": 0, "n_reassignable": 42, "target_color": "#d950b0"}}, {"type": "Feature", "geometry": {"type": "Point", "coordinates": [1.9115948999999999, 7.2841016]}, "properties": {"poi_name": "Agonmé", "matched_quartier": "Agonmé", "status": "INVALID", "reason": "no_road_within_150m", "n_seeds": 0, "n_X_seeds": 0, "n_reassignable": 0, "target_color": "#a1c746"}}, {"type": "Feature", "geometry": {"type": "Point", "coordinates": [2.3405372, 6.556139099999999]}, "properties": {"poi_name": "Agonmey", "matched_quartier": "Agonmé", "status": "VALID", "reason": "already_on_X_network", "n_seeds": 18, "n_X_seeds": 18, "n_reassignable": 0, "target_color": "#a1c746"}}, {"type": "Feature", "geometry": {"type": "Point", "coordinates": [2.3468153, 6.450289499999999]}, "properties": {"poi_name": "Togbin daho", "matched_quartier": "Togbin-Daho", "status": "INVALID", "reason": "no_connection_to_X_network", "n_seeds": 20, "n_X_seeds": 0, "n_reassignable": 0, "target_color": "#44d75a"}}, {"type": "Feature", "geometry": {"type": "Point", "coordinates": [2.3040355999999997, 6.348345999999999]}, "properties": {"poi_name": "Epp Togbin Daho", "matched_quartier": "Togbin-Daho", "status": "VALID", "reason": "reached_X_network", "n_seeds": 19, "n_X_seeds": 0, "n_reassignable": 55, "target_color": "#44d75a"}}, {"type": "Feature", "geometry": {"type": "Point", "coordinates": [2.3070212000000003, 6.356842899999999]}, "properties": {"poi_name": "Église Catholique Sainte Claire d'Assise de Togbin", "matched_quartier": "Togbin-Daho", "status": "VALID", "reason": "already_on_X_network", "n_seeds": 26, "n_X_seeds": 26, "n_reassignable": 0, "target_color": "#44d75a"}}, {"type": "Feature", "geometry": {"type": "Point", "coordinates": [2.3569370999999997, 6.4528818999999995]}, "properties": {"poi_name": "TOGBIN-DAHO zone militaire", "matched_quartier": "Togbin-Daho", "status": "INVALID", "reason": "no_connection_to_X_network", "n_seeds": 44, "n_X_seeds": 0, "n_reassignable": 0, "target_color": "#44d75a"}}, {"type": "Feature", "geometry": {"type": "Point", "coordinates": [2.3307919999999998, 6.350481599999999]}, "properties": {"poi_name": "Ewell Togbin carrefour club des rois", "matched_quartier": "Togbin-Daho", "status": "INVALID", "reason": "no_connection_to_X_network", "n_seeds": 21, "n_X_seeds": 0, "n_reassignable": 0, "target_color": "#44d75a"}}, {"type": "Feature", "geometry": {"type": "Point", "coordinates": [2.3104594, 6.351956599999999]}, "properties": {"poi_name": "Complexe Hôtelier le Privilège/ Togbin", "matched_quartier": "Togbin-Daho", "status": "VALID", "reason": "reached_X_network", "n_seeds": 5, "n_X_seeds": 0, "n_reassignable": 34, "target_color": "#44d75a"}}, {"type": "Feature", "geometry": {"type": "Point", "coordinates": [2.2675731, 6.4000281]}, "properties": {"poi_name": "Togbin dahoo ot", "matched_quartier": "Togbin-Daho", "status": "INVALID", "reason": "no_connection_to_X_network", "n_seeds": 36, "n_X_seeds": 0, "n_reassignable": 0, "target_color": "#44d75a"}}, {"type": "Feature", "geometry": {"type": "Point", "coordinates": [2.3468153, 6.450289499999999]}, "properties": {"poi_name": "FANDJI", "matched_quartier": "Fandji", "status": "INVALID", "reason": "matched_name_not_in_propagation", "n_seeds": 0, "n_X_seeds": 0, "n_reassignable": 0, "target_color": "#666"}}, {"type": "Feature", "geometry": {"type": "Point", "coordinates": [2.3584794, 6.6061282]}, "properties": {"poi_name": "Ceg Zinvié", "matched_quartier": "Zinvié-Fandji", "status": "VALID", "reason": "reached_X_network", "n_seeds": 9, "n_X_seeds": 5, "n_reassignable": 5, "target_color": "#53dc41"}}, {"type": "Feature", "geometry": {"type": "Point", "coordinates": [2.3436515, 6.6236942999999995]}, "properties": {"poi_name": "Wawata fandji", "matched_quartier": "Zinvié-Fandji", "status": "VALID", "reason": "reached_X_network", "n_seeds": 32, "n_X_seeds": 0, "n_reassignable": 56, "target_color": "#53dc41"}}, {"type": "Feature", "geometry": {"type": "Point", "coordinates": [2.3375122, 6.372227]}, "properties": {"poi_name": "Public Primary School Fignonhou", "matched_quartier": "Fignonhou", "status": "INVALID", "reason": "matched_name_not_in_propagation", "n_seeds": 0, "n_X_seeds": 0, "n_reassignable": 0, "target_color": "#666"}}, {"type": "Feature", "geometry": {"type": "Point", "coordinates": [2.6255170999999997, 6.5108682]}, "properties": {"poi_name": "Complex School De Gbodje", "matched_quartier": "Gbodjè", "status": "INVALID", "reason": "matched_name_not_in_propagation", "n_seeds": 0, "n_X_seeds": 0, "n_reassignable": 0, "target_color": "#666"}}, {"type": "Feature", "geometry": {"type": "Point", "coordinates": [2.624339, 6.5149703]}, "properties": {"poi_name": "Eglise Catholique Sainte Antoine de Padoue de Gbodjè", "matched_quartier": "Gbodjè", "status": "INVALID", "reason": "matched_name_not_in_propagation", "n_seeds": 0, "n_X_seeds": 0, "n_reassignable": 0, "target_color": "#666"}}, {"type": "Feature", "geometry": {"type": "Point", "coordinates": [2.6251216, 6.5161576]}, "properties": {"poi_name": "Église baptiste de Gbodjè Porto Novo", "matched_quartier": "Gbodjè", "status": "INVALID", "reason": "matched_name_not_in_propagation", "n_seeds": 0, "n_X_seeds": 0, "n_reassignable": 0, "target_color": "#666"}}, {"type": "Feature", "geometry": {"type": "Point", "coordinates": [2.3912362, 6.3702928]}, "properties": {"poi_name": "Eglise Catholique Sainte Antoine de Padoue de Gbodjè", "matched_quartier": "Gbodjè", "status": "INVALID", "reason": "matched_name_not_in_propagation", "n_seeds": 0, "n_X_seeds": 0, "n_reassignable": 0, "target_color": "#666"}}, {"type": "Feature", "geometry": {"type": "Point", "coordinates": [2.625311, 6.511162499999999]}, "properties": {"poi_name": "Gbodjè", "matched_quartier": "Gbodjè", "status": "INVALID", "reason": "matched_name_not_in_propagation", "n_seeds": 0, "n_X_seeds": 0, "n_reassignable": 0, "target_color": "#666"}}, {"type": "Feature", "geometry": {"type": "Point", "coordinates": [2.2838091, 6.3862407999999995]}, "properties": {"poi_name": "Leadership café bar restau Gbodjè", "matched_quartier": "Gbodjè", "status": "INVALID", "reason": "matched_name_not_in_propagation", "n_seeds": 0, "n_X_seeds": 0, "n_reassignable": 0, "target_color": "#666"}}, {"type": "Feature", "geometry": {"type": "Point", "coordinates": [2.6211073, 6.515402099999999]}, "properties": {"poi_name": "Place Publique de Gbodjè", "matched_quartier": "Gbodjè", "status": "INVALID", "reason": "matched_name_not_in_propagation", "n_seeds": 0, "n_X_seeds": 0, "n_reassignable": 0, "target_color": "#666"}}, {"type": "Feature", "geometry": {"type": "Point", "coordinates": [2.6288543, 6.4968729]}, "properties": {"poi_name": "Sètto Gbodjè", "matched_quartier": "Gbodjè", "status": "INVALID", "reason": "matched_name_not_in_propagation", "n_seeds": 0, "n_X_seeds": 0, "n_reassignable": 0, "target_color": "#666"}}, {"type": "Feature", "geometry": {"type": "Point", "coordinates": [2.318048, 6.5015667]}, "properties": {"poi_name": "Paroisse St Michel Archange de Gbodjè (Kanssounkpa)", "matched_quartier": "Gbodjè", "status": "INVALID", "reason": "matched_name_not_in_propagation", "n_seeds": 0, "n_X_seeds": 0, "n_reassignable": 0, "target_color": "#666"}}, {"type": "Feature", "geometry": {"type": "Point", "coordinates": [2.2637226, 6.4140009]}, "properties": {"poi_name": "Epp Hêvié Adovié", "matched_quartier": "Adovié", "status": "VALID", "reason": "reached_X_network", "n_seeds": 28, "n_X_seeds": 27, "n_reassignable": 1, "target_color": "#c24bda"}}, {"type": "Feature", "geometry": {"type": "Point", "coordinates": [2.1997385, 6.4142538]}, "properties": {"poi_name": "Ceg Adjarra Adovié", "matched_quartier": "Adovié", "status": "INVALID", "reason": "no_connection_to_X_network", "n_seeds": 11, "n_X_seeds": 0, "n_reassignable": 0, "target_color": "#c24bda"}}, {"type": "Feature", "geometry": {"type": "Point", "coordinates": [2.25679, 6.409057000000001]}, "properties": {"poi_name": "ADC Hêvié-Adovié", "matched_quartier": "Adovié", "status": "VALID", "reason": "reached_X_network", "n_seeds": 38, "n_X_seeds": 0, "n_reassignable": 56, "target_color": "#c24bda"}}, {"type": "Feature", "geometry": {"type": "Point", "coordinates": [2.3201655, 6.3719548999999995]}, "properties": {"poi_name": "Pharmacie Hedomey", "matched_quartier": "Domey-Gbo", "status": "INVALID", "reason": "no_connection_to_X_network", "n_seeds": 14, "n_X_seeds": 0, "n_reassignable": 0, "target_color": "#c6d840"}}, {"type": "Feature", "geometry": {"type": "Point", "coordinates": [-1.479868, 12.3390042]}, "properties": {"poi_name": "Pharmacie Aïmèvo", "matched_quartier": "Aïmèvo", "status": "INVALID", "reason": "matched_name_not_in_propagation", "n_seeds": 0, "n_X_seeds": 0, "n_reassignable": 0, "target_color": "#666"}}, {"type": "Feature", "geometry": {"type": "Point", "coordinates": [2.3468153, 6.450289499999999]}, "properties": {"poi_name": "KANSOUNKPA", "matched_quartier": "Kansounkpa", "status": "INVALID", "reason": "no_connection_to_X_network", "n_seeds": 20, "n_X_seeds": 0, "n_reassignable": 0, "target_color": "#c93e91"}}, {"type": "Feature", "geometry": {"type": "Point", "coordinates": [2.3161481999999998, 6.5057407]}, "properties": {"poi_name": "Mosquée Kansounkpa", "matched_quartier": "Kansounkpa", "status": "VALID", "reason": "already_on_X_network", "n_seeds": 98, "n_X_seeds": 98, "n_reassignable": 0, "target_color": "#c93e91"}}, {"type": "Feature", "geometry": {"type": "Point", "coordinates": [2.3222437, 6.4929314]}, "properties": {"poi_name": "Ceg Kansounkpa", "matched_quartier": "Kansounkpa", "status": "VALID", "reason": "already_on_X_network", "n_seeds": 42, "n_X_seeds": 42, "n_reassignable": 0, "target_color": "#c93e91"}}, {"type": "Feature", "geometry": {"type": "Point", "coordinates": [2.3055531, 6.405477100000001]}, "properties": {"poi_name": "Marché St Benoît de Womey,von,clcam", "matched_quartier": "Womey-Centre", "status": "INVALID", "reason": "matched_name_not_in_propagation", "n_seeds": 0, "n_X_seeds": 0, "n_reassignable": 0, "target_color": "#666"}}, {"type": "Feature", "geometry": {"type": "Point", "coordinates": [2.3468166999999998, 6.4502938]}, "properties": {"poi_name": "Marché de womey", "matched_quartier": "Womey-Centre", "status": "INVALID", "reason": "matched_name_not_in_propagation", "n_seeds": 0, "n_X_seeds": 0, "n_reassignable": 0, "target_color": "#666"}}, {"type": "Feature", "geometry": {"type": "Point", "coordinates": [2.2959022, 6.4031918]}, "properties": {"poi_name": "Pharmacie St Benoit de Womey", "matched_quartier": "Womey-Centre", "status": "INVALID", "reason": "matched_name_not_in_propagation", "n_seeds": 0, "n_X_seeds": 0, "n_reassignable": 0, "target_color": "#666"}}, {"type": "Feature", "geometry": {"type": "Point", "coordinates": [2.3137097, 6.4144423999999995]}, "properties": {"poi_name": "Cs Elitaire De Womey", "matched_quartier": "Womey-Centre", "status": "INVALID", "reason": "matched_name_not_in_propagation", "n_seeds": 0, "n_X_seeds": 0, "n_reassignable": 0, "target_color": "#666"}}, {"type": "Feature", "geometry": {"type": "Point", "coordinates": [2.2920625, 6.3951875]}, "properties": {"poi_name": "Cocotomey womey", "matched_quartier": "Womey-Centre", "status": "INVALID", "reason": "matched_name_not_in_propagation", "n_seeds": 0, "n_X_seeds": 0, "n_reassignable": 0, "target_color": "#666"}}, {"type": "Feature", "geometry": {"type": "Point", "coordinates": [2.3465718, 6.450891599999999]}, "properties": {"poi_name": "Hôtel Unique Palace de womey", "matched_quartier": "Womey-Centre", "status": "INVALID", "reason": "matched_name_not_in_propagation", "n_seeds": 0, "n_X_seeds": 0, "n_reassignable": 0, "target_color": "#666"}}, {"type": "Feature", "geometry": {"type": "Point", "coordinates": [-81.3780761, 28.515687399999997]}, "properties": {"poi_name": "SODO Shopping Center", "matched_quartier": "Sodo", "status": "INVALID", "reason": "matched_name_not_in_propagation", "n_seeds": 0, "n_X_seeds": 0, "n_reassignable": 0, "target_color": "#666"}}, {"type": "Feature", "geometry": {"type": "Point", "coordinates": [-81.3767841, 28.530290599999997]}, "properties": {"poi_name": "SoDo District", "matched_quartier": "Sodo", "status": "INVALID", "reason": "matched_name_not_in_propagation", "n_seeds": 0, "n_X_seeds": 0, "n_reassignable": 0, "target_color": "#666"}}, {"type": "Feature", "geometry": {"type": "Point", "coordinates": [-122.3273321, 47.581173299999996]}, "properties": {"poi_name": "SODO Station", "matched_quartier": "Sodo", "status": "INVALID", "reason": "matched_name_not_in_propagation", "n_seeds": 0, "n_X_seeds": 0, "n_reassignable": 0, "target_color": "#666"}}, {"type": "Feature", "geometry": {"type": "Point", "coordinates": [-122.3256811, 47.5800803]}, "properties": {"poi_name": "SODO Business Improvement Area", "matched_quartier": "Sodo", "status": "INVALID", "reason": "matched_name_not_in_propagation", "n_seeds": 0, "n_X_seeds": 0, "n_reassignable": 0, "target_color": "#666"}}, {"type": "Feature", "geometry": {"type": "Point", "coordinates": [-122.33455649999999, 47.5891914]}, "properties": {"poi_name": "Vinason Pho Kitchen - SODO", "matched_quartier": "Sodo", "status": "INVALID", "reason": "matched_name_not_in_propagation", "n_seeds": 0, "n_X_seeds": 0, "n_reassignable": 0, "target_color": "#666"}}, {"type": "Feature", "geometry": {"type": "Point", "coordinates": [-122.3339439, 47.5879112]}, "properties": {"poi_name": "Showbox SoDo", "matched_quartier": "Sodo", "status": "INVALID", "reason": "matched_name_not_in_propagation", "n_seeds": 0, "n_X_seeds": 0, "n_reassignable": 0, "target_color": "#666"}}, {"type": "Feature", "geometry": {"type": "Point", "coordinates": [-122.33567090000001, 47.589192999999995]}, "properties": {"poi_name": "Sodo (#37)", "matched_quartier": "Sodo", "status": "INVALID", "reason": "matched_name_not_in_propagation", "n_seeds": 0, "n_X_seeds": 0, "n_reassignable": 0, "target_color": "#666"}}, {"type": "Feature", "geometry": {"type": "Point", "coordinates": [-81.378757, 28.51674]}, "properties": {"poi_name": "SoDo Place", "matched_quartier": "Sodo", "status": "INVALID", "reason": "matched_name_not_in_propagation", "n_seeds": 0, "n_X_seeds": 0, "n_reassignable": 0, "target_color": "#666"}}, {"type": "Feature", "geometry": {"type": "Point", "coordinates": [-81.3752623, 28.509019499999997]}, "properties": {"poi_name": "SoDo Nails And Lash Bar", "matched_quartier": "Sodo", "status": "INVALID", "reason": "matched_name_not_in_propagation", "n_seeds": 0, "n_X_seeds": 0, "n_reassignable": 0, "target_color": "#666"}}, {"type": "Feature", "geometry": {"type": "Point", "coordinates": [-81.3777693, 28.5159371]}, "properties": {"poi_name": "Phenix Salon Suites SoDo Orlando", "matched_quartier": "Sodo", "status": "INVALID", "reason": "matched_name_not_in_propagation", "n_seeds": 0, "n_X_seeds": 0, "n_reassignable": 0, "target_color": "#666"}}, {"type": "Feature", "geometry": {"type": "Point", "coordinates": [-81.3602975, 28.512901499999998]}, "properties": {"poi_name": "SODO Salon", "matched_quartier": "Sodo", "status": "INVALID", "reason": "matched_name_not_in_propagation", "n_seeds": 0, "n_X_seeds": 0, "n_reassignable": 0, "target_color": "#666"}}, {"type": "Feature", "geometry": {"type": "Point", "coordinates": [139.9691094, 36.1538598]}, "properties": {"poi_name": "Shree Ram Mandir - Sodo, Ibaraki", "matched_quartier": "Sodo", "status": "INVALID", "reason": "matched_name_not_in_propagation", "n_seeds": 0, "n_X_seeds": 0, "n_reassignable": 0, "target_color": "#666"}}, {"type": "Feature", "geometry": {"type": "Point", "coordinates": [2.4198741999999998, 6.369590199999999]}, "properties": {"poi_name": "Clinique Coopérative de Sikècodji", "matched_quartier": "Atrokpo-Codji", "status": "INVALID", "reason": "no_connection_to_X_network", "n_seeds": 16, "n_X_seeds": 0, "n_reassignable": 0, "target_color": "#43c853"}}, {"type": "Feature", "geometry": {"type": "Point", "coordinates": [2.330267, 6.392366000000001]}, "properties": {"poi_name": "Pharmacie Zoé d'Atropocodji", "matched_quartier": "Atrokpo-Codji", "status": "VALID", "reason": "reached_X_network", "n_seeds": 29, "n_X_seeds": 0, "n_reassignable": 31, "target_color": "#43c853"}}, {"type": "Feature", "geometry": {"type": "Point", "coordinates": [2.3231045999999997, 6.3952706]}, "properties": {"poi_name": "Ceg Atropkocodji", "matched_quartier": "Atrokpo-Codji", "status": "VALID", "reason": "already_on_X_network", "n_seeds": 21, "n_X_seeds": 21, "n_reassignable": 0, "target_color": "#43c853"}}, {"type": "Feature", "geometry": {"type": "Point", "coordinates": [2.3225162999999998, 6.3868076]}, "properties": {"poi_name": "HECM atrokpokodji", "matched_quartier": "Atrokpo-Codji", "status": "VALID", "reason": "already_on_X_network", "n_seeds": 24, "n_X_seeds": 24, "n_reassignable": 0, "target_color": "#43c853"}}, {"type": "Feature", "geometry": {"type": "Point", "coordinates": [2.325424, 6.3928354]}, "properties": {"poi_name": "Ecole Primaire publique Atrokpokodji", "matched_quartier": "Atrokpo-Codji", "status": "VALID", "reason": "already_on_X_network", "n_seeds": 23, "n_X_seeds": 23, "n_reassignable": 0, "target_color": "#43c853"}}, {"type": "Feature", "geometry": {"type": "Point", "coordinates": [2.3214514, 6.3891826]}, "properties": {"poi_name": "Séminaire st Jean Eudes d'Atrokpocodji", "matched_quartier": "Atrokpo-Codji", "status": "VALID", "reason": "already_on_X_network", "n_seeds": 15, "n_X_seeds": 15, "n_reassignable": 0, "target_color": "#43c853"}}, {"type": "Feature", "geometry": {"type": "Point", "coordinates": [2.4151388, 6.3712351]}, "properties": {"poi_name": "Sikecodji Centre de Santé", "matched_quartier": "Atrokpo-Codji", "status": "INVALID", "reason": "no_connection_to_X_network", "n_seeds": 15, "n_X_seeds": 0, "n_reassignable": 0, "target_color": "#43c853"}}, {"type": "Feature", "geometry": {"type": "Point", "coordinates": [2.323979, 6.5902333]}, "properties": {"poi_name": "ADC GBODJOKO", "matched_quartier": "Gbodjoko", "status": "VALID", "reason": "already_on_X_network", "n_seeds": 16, "n_X_seeds": 16, "n_reassignable": 0, "target_color": "#42d0c2"}}, {"type": "Feature", "geometry": {"type": "Point", "coordinates": [2.3468153, 6.450289499999999]}, "properties": {"poi_name": "MOSQUÉE CENTRALE DE AHOUATO", "matched_quartier": "Ahouato", "status": "INVALID", "reason": "no_connection_to_X_network", "n_seeds": 20, "n_X_seeds": 0, "n_reassignable": 0, "target_color": "#7ae040"}}, {"type": "Feature", "geometry": {"type": "Point", "coordinates": [2.6765301, 6.492464099999999]}, "properties": {"poi_name": "Public Primary School D'anagbo", "matched_quartier": "Anagbo", "status": "INVALID", "reason": "no_road_within_150m", "n_seeds": 0, "n_X_seeds": 0, "n_reassignable": 0, "target_color": "#bc41cc"}}, {"type": "Feature", "geometry": {"type": "Point", "coordinates": [2.3630982, 6.515344]}, "properties": {"poi_name": "Carrefour missessinto Abomey calavi Cotonou", "matched_quartier": "Misséssinto", "status": "VALID", "reason": "already_on_X_network", "n_seeds": 42, "n_X_seeds": 42, "n_reassignable": 0, "target_color": "#dc3e51"}}, {"type": "Feature", "geometry": {"type": "Point", "coordinates": [-0.5538229, 35.7091834]}, "properties": {"poi_name": "Pharmacie les PALMIERS", "matched_quartier": "Cité-les-Palmiers", "status": "INVALID", "reason": "matched_name_not_in_propagation", "n_seeds": 0, "n_X_seeds": 0, "n_reassignable": 0, "target_color": "#666"}}, {"type": "Feature", "geometry": {"type": "Point", "coordinates": [-4.4779254, 48.3953899]}, "properties": {"poi_name": "Votre marché Les Palmiers", "matched_quartier": "Cité-les-Palmiers", "status": "INVALID", "reason": "matched_name_not_in_propagation", "n_seeds": 0, "n_X_seeds": 0, "n_reassignable": 0, "target_color": "#666"}}, {"type": "Feature", "geometry": {"type": "Point", "coordinates": [-7.537886899999999, 33.6093239]}, "properties": {"poi_name": "Institute School Les Palmiers", "matched_quartier": "Cité-les-Palmiers", "status": "INVALID", "reason": "matched_name_not_in_propagation", "n_seeds": 0, "n_X_seeds": 0, "n_reassignable": 0, "target_color": "#666"}}, {"type": "Feature", "geometry": {"type": "Point", "coordinates": [-0.6414774, 35.671750599999996]}, "properties": {"poi_name": "Lycée Les Palmiers", "matched_quartier": "Cité-les-Palmiers", "status": "INVALID", "reason": "matched_name_not_in_propagation", "n_seeds": 0, "n_X_seeds": 0, "n_reassignable": 0, "target_color": "#666"}}, {"type": "Feature", "geometry": {"type": "Point", "coordinates": [-8.0393432, 31.6363544]}, "properties": {"poi_name": "Institution Les Deux Palmiers Privée", "matched_quartier": "Cité-les-Palmiers", "status": "INVALID", "reason": "matched_name_not_in_propagation", "n_seeds": 0, "n_X_seeds": 0, "n_reassignable": 0, "target_color": "#666"}}, {"type": "Feature", "geometry": {"type": "Point", "coordinates": [-0.639959, 35.6724107]}, "properties": {"poi_name": "EGIC Ibn Sina Les Palmiers", "matched_quartier": "Cité-les-Palmiers", "status": "INVALID", "reason": "matched_name_not_in_propagation", "n_seeds": 0, "n_X_seeds": 0, "n_reassignable": 0, "target_color": "#666"}}, {"type": "Feature", "geometry": {"type": "Point", "coordinates": [15.227171799999999, -4.3547372]}, "properties": {"poi_name": "Eglise Evangélique Elim Cité des palmiers", "matched_quartier": "Cité-les-Palmiers", "status": "INVALID", "reason": "matched_name_not_in_propagation", "n_seeds": 0, "n_X_seeds": 0, "n_reassignable": 0, "target_color": "#666"}}, {"type": "Feature", "geometry": {"type": "Point", "coordinates": [2.3586337, 43.2052097]}, "properties": {"poi_name": "Les Palmiers de la Cité", "matched_quartier": "Cité-les-Palmiers", "status": "INVALID", "reason": "matched_name_not_in_propagation", "n_seeds": 0, "n_X_seeds": 0, "n_reassignable": 0, "target_color": "#666"}}, {"type": "Feature", "geometry": {"type": "Point", "coordinates": [-6.8498216, 34.007257700000004]}, "properties": {"poi_name": "Sanlam - Assurances Les Palmiers", "matched_quartier": "Cité-les-Palmiers", "status": "INVALID", "reason": "matched_name_not_in_propagation", "n_seeds": 0, "n_X_seeds": 0, "n_reassignable": 0, "target_color": "#666"}}, {"type": "Feature", "geometry": {"type": "Point", "coordinates": [-0.6393592, 35.672830499999996]}, "properties": {"poi_name": "Bnp Paribas Agence les Palmiers", "matched_quartier": "Cité-les-Palmiers", "status": "INVALID", "reason": "matched_name_not_in_propagation", "n_seeds": 0, "n_X_seeds": 0, "n_reassignable": 0, "target_color": "#666"}}, {"type": "Feature", "geometry": {"type": "Point", "coordinates": [8.7330595, 41.930863900000006]}, "properties": {"poi_name": "Cafe Des Palmiers \"CDP\"", "matched_quartier": "Cité-les-Palmiers", "status": "INVALID", "reason": "matched_name_not_in_propagation", "n_seeds": 0, "n_X_seeds": 0, "n_reassignable": 0, "target_color": "#666"}}, {"type": "Feature", "geometry": {"type": "Point", "coordinates": [-0.6429250999999999, 35.674801699999996]}, "properties": {"poi_name": "Clinique Les Palmiers", "matched_quartier": "Cité-les-Palmiers", "status": "INVALID", "reason": "matched_name_not_in_propagation", "n_seeds": 0, "n_X_seeds": 0, "n_reassignable": 0, "target_color": "#666"}}, {"type": "Feature", "geometry": {"type": "Point", "coordinates": [9.7618914, 4.0520816]}, "properties": {"poi_name": "Hospital District Of The Cité Des Palmiers", "matched_quartier": "Cité-les-Palmiers", "status": "INVALID", "reason": "matched_name_not_in_propagation", "n_seeds": 0, "n_X_seeds": 0, "n_reassignable": 0, "target_color": "#666"}}, {"type": "Feature", "geometry": {"type": "Point", "coordinates": [9.7656032, 4.0521867]}, "properties": {"poi_name": "Lycée de la Cité des Palmiers", "matched_quartier": "Cité-les-Palmiers", "status": "INVALID", "reason": "matched_name_not_in_propagation", "n_seeds": 0, "n_X_seeds": 0, "n_reassignable": 0, "target_color": "#666"}}, {"type": "Feature", "geometry": {"type": "Point", "coordinates": [6.629717299999999, 46.5183507]}, "properties": {"poi_name": "Parking Alpha-Palmiers", "matched_quartier": "Cité-les-Palmiers", "status": "INVALID", "reason": "matched_name_not_in_propagation", "n_seeds": 0, "n_X_seeds": 0, "n_reassignable": 0, "target_color": "#666"}}, {"type": "Feature", "geometry": {"type": "Point", "coordinates": [9.7636863, 4.0523674]}, "properties": {"poi_name": "Cite des Palmiers", "matched_quartier": "Cité-les-Palmiers", "status": "INVALID", "reason": "matched_name_not_in_propagation", "n_seeds": 0, "n_X_seeds": 0, "n_reassignable": 0, "target_color": "#666"}}, {"type": "Feature", "geometry": {"type": "Point", "coordinates": [-0.6447142, 35.674793799999996]}, "properties": {"poi_name": "Carter les palmiers oran", "matched_quartier": "Cité-les-Palmiers", "status": "INVALID", "reason": "matched_name_not_in_propagation", "n_seeds": 0, "n_X_seeds": 0, "n_reassignable": 0, "target_color": "#666"}}, {"type": "Feature", "geometry": {"type": "Point", "coordinates": [2.9414613, 36.677087799999995]}, "properties": {"poi_name": "Laverie Express Les Deux Palmiers", "matched_quartier": "Cité-les-Palmiers", "status": "INVALID", "reason": "matched_name_not_in_propagation", "n_seeds": 0, "n_X_seeds": 0, "n_reassignable": 0, "target_color": "#666"}}, {"type": "Feature", "geometry": {"type": "Point", "coordinates": [5.1847559, 43.393029999999996]}, "properties": {"poi_name": "Salle de mariage Les 4 Palmiers", "matched_quartier": "Cité-les-Palmiers", "status": "INVALID", "reason": "matched_name_not_in_propagation", "n_seeds": 0, "n_X_seeds": 0, "n_reassignable": 0, "target_color": "#666"}}, {"type": "Feature", "geometry": {"type": "Point", "coordinates": [0.1268202, 35.9487595]}, "properties": {"poi_name": "Résidence Les Palmiers", "matched_quartier": "Cité-les-Palmiers", "status": "INVALID", "reason": "matched_name_not_in_propagation", "n_seeds": 0, "n_X_seeds": 0, "n_reassignable": 0, "target_color": "#666"}}, {"type": "Feature", "geometry": {"type": "Point", "coordinates": [10.2642275, 36.8595019]}, "properties": {"poi_name": "Résidence les Palmiers", "matched_quartier": "Cité-les-Palmiers", "status": "INVALID", "reason": "matched_name_not_in_propagation", "n_seeds": 0, "n_X_seeds": 0, "n_reassignable": 0, "target_color": "#666"}}, {"type": "Feature", "geometry": {"type": "Point", "coordinates": [3.2202311, 36.6007497]}, "properties": {"poi_name": "Cité les palmiers", "matched_quartier": "Cité-les-Palmiers", "status": "INVALID", "reason": "matched_name_not_in_propagation", "n_seeds": 0, "n_X_seeds": 0, "n_reassignable": 0, "target_color": "#666"}}, {"type": "Feature", "geometry": {"type": "Point", "coordinates": [2.8582799999999997, 36.4976627]}, "properties": {"poi_name": "Cité Les Palmiers - O.Aich", "matched_quartier": "Cité-les-Palmiers", "status": "INVALID", "reason": "matched_name_not_in_propagation", "n_seeds": 0, "n_X_seeds": 0, "n_reassignable": 0, "target_color": "#666"}}, {"type": "Feature", "geometry": {"type": "Point", "coordinates": [-7.6833423, 33.473273899999995]}, "properties": {"poi_name": "Chemin Des Palmiers", "matched_quartier": "Cité-les-Palmiers", "status": "INVALID", "reason": "matched_name_not_in_propagation", "n_seeds": 0, "n_X_seeds": 0, "n_reassignable": 0, "target_color": "#666"}}, {"type": "Feature", "geometry": {"type": "Point", "coordinates": [2.5474126, 6.3939559]}, "properties": {"poi_name": "Pharmacie Ekpe", "matched_quartier": "Kpé", "status": "INVALID", "reason": "no_road_within_150m", "n_seeds": 0, "n_X_seeds": 0, "n_reassignable": 0, "target_color": "#49dad5"}}, {"type": "Feature", "geometry": {"type": "Point", "coordinates": [2.4128472, 6.3735189]}, "properties": {"poi_name": "Pharmacie Okpè Oluwa", "matched_quartier": "Kpé", "status": "INVALID", "reason": "no_connection_to_X_network", "n_seeds": 4, "n_X_seeds": 0, "n_reassignable": 0, "target_color": "#49dad5"}}, {"type": "Feature", "geometry": {"type": "Point", "coordinates": [2.543517, 6.383674200000001]}, "properties": {"poi_name": "Arrondissement d'Ekpè", "matched_quartier": "Kpé", "status": "INVALID", "reason": "no_road_within_150m", "n_seeds": 0, "n_X_seeds": 0, "n_reassignable": 0, "target_color": "#49dad5"}}, {"type": "Feature", "geometry": {"type": "Point", "coordinates": [2.331955, 6.3506091]}, "properties": {"poi_name": "ILÉOKPÊ Center", "matched_quartier": "Kpé", "status": "INVALID", "reason": "no_connection_to_X_network", "n_seeds": 15, "n_X_seeds": 0, "n_reassignable": 0, "target_color": "#49dad5"}}, {"type": "Feature", "geometry": {"type": "Point", "coordinates": [26.6814, 4.0948]}, "properties": {"poi_name": "Kpetele Centre de Santé", "matched_quartier": "Kpé", "status": "INVALID", "reason": "no_road_within_150m", "n_seeds": 0, "n_X_seeds": 0, "n_reassignable": 0, "target_color": "#49dad5"}}, {"type": "Feature", "geometry": {"type": "Point", "coordinates": [2.3261914, 6.5406423]}, "properties": {"poi_name": "Golo-Djigbé (agongbé", "matched_quartier": "Golo-Djigbé", "status": "INVALID", "reason": "no_connection_to_X_network", "n_seeds": 20, "n_X_seeds": 0, "n_reassignable": 0, "target_color": "#d36f48"}}, {"type": "Feature", "geometry": {"type": "Point", "coordinates": [2.3468166999999998, 6.4502938]}, "properties": {"poi_name": "Police Station Adjagbo", "matched_quartier": "Adjagbo", "status": "INVALID", "reason": "no_connection_to_X_network", "n_seeds": 20, "n_X_seeds": 0, "n_reassignable": 0, "target_color": "#cd3f8f"}}, {"type": "Feature", "geometry": {"type": "Point", "coordinates": [2.3468153, 6.450289499999999]}, "properties": {"poi_name": "Adjagbo - Aïdjedo", "matched_quartier": "Adjagbo", "status": "INVALID", "reason": "no_connection_to_X_network", "n_seeds": 20, "n_X_seeds": 0, "n_reassignable": 0, "target_color": "#cd3f8f"}}, {"type": "Feature", "geometry": {"type": "Point", "coordinates": [2.3523422, 6.5287529]}, "properties": {"poi_name": "Intermarché d'Adjagbo", "matched_quartier": "Adjagbo", "status": "VALID", "reason": "reached_X_network", "n_seeds": 66, "n_X_seeds": 53, "n_reassignable": 13, "target_color": "#cd3f8f"}}, {"type": "Feature", "geometry": {"type": "Point", "coordinates": [2.3586020999999997, 6.474844500000001]}, "properties": {"poi_name": "Public Primary School Adjagbo", "matched_quartier": "Adjagbo", "status": "INVALID", "reason": "no_connection_to_X_network", "n_seeds": 18, "n_X_seeds": 0, "n_reassignable": 0, "target_color": "#cd3f8f"}}, {"type": "Feature", "geometry": {"type": "Point", "coordinates": [2.2777670999999997, 6.4749056]}, "properties": {"poi_name": "Public Primary School De Ouèdo-Adjagbo Group A And B", "matched_quartier": "Adjagbo", "status": "VALID", "reason": "already_on_X_network", "n_seeds": 35, "n_X_seeds": 35, "n_reassignable": 0, "target_color": "#cd3f8f"}}, {"type": "Feature", "geometry": {"type": "Point", "coordinates": [2.3439198000000006, 6.5210455]}, "properties": {"poi_name": "École Rosa Parks Adjagbo", "matched_quartier": "Adjagbo", "status": "VALID", "reason": "reached_X_network", "n_seeds": 45, "n_X_seeds": 13, "n_reassignable": 32, "target_color": "#cd3f8f"}}, {"type": "Feature", "geometry": {"type": "Point", "coordinates": [2.3412547, 6.5377203999999995]}, "properties": {"poi_name": "Complex School Sainte Claire D'adjagbo", "matched_quartier": "Adjagbo", "status": "VALID", "reason": "reached_X_network", "n_seeds": 19, "n_X_seeds": 0, "n_reassignable": 40, "target_color": "#cd3f8f"}}, {"type": "Feature", "geometry": {"type": "Point", "coordinates": [2.280399, 6.4808533]}, "properties": {"poi_name": "Complexe Scolaire Saint Joseph d'Adjagbo-Ouèdo", "matched_quartier": "Adjagbo", "status": "VALID", "reason": "already_on_X_network", "n_seeds": 25, "n_X_seeds": 25, "n_reassignable": 0, "target_color": "#cd3f8f"}}, {"type": "Feature", "geometry": {"type": "Point", "coordinates": [2.3467822, 6.5341176]}, "properties": {"poi_name": "Citigems School Adjagbo", "matched_quartier": "Adjagbo", "status": "VALID", "reason": "reached_X_network", "n_seeds": 22, "n_X_seeds": 0, "n_reassignable": 28, "target_color": "#cd3f8f"}}, {"type": "Feature", "geometry": {"type": "Point", "coordinates": [2.3501067, 6.5263817]}, "properties": {"poi_name": "Église catholique Sainte Thérèse de l'enfant Jésus d'adjagbo", "matched_quartier": "Adjagbo", "status": "VALID", "reason": "already_on_X_network", "n_seeds": 18, "n_X_seeds": 18, "n_reassignable": 0, "target_color": "#cd3f8f"}}, {"type": "Feature", "geometry": {"type": "Point", "coordinates": [2.04262, 6.7309372]}, "properties": {"poi_name": "adjagbo", "matched_quartier": "Adjagbo", "status": "INVALID", "reason": "no_road_within_150m", "n_seeds": 0, "n_X_seeds": 0, "n_reassignable": 0, "target_color": "#cd3f8f"}}, {"type": "Feature", "geometry": {"type": "Point", "coordinates": [2.3284228, 6.5187138]}, "properties": {"poi_name": "Cimetière Adjagbo", "matched_quartier": "Adjagbo", "status": "INVALID", "reason": "no_road_within_150m", "n_seeds": 0, "n_X_seeds": 0, "n_reassignable": 0, "target_color": "#cd3f8f"}}, {"type": "Feature", "geometry": {"type": "Point", "coordinates": [2.279048, 6.4721899]}, "properties": {"poi_name": "Paroisse El-Bethel Ouèdo-Adjagbo Centre", "matched_quartier": "Adjagbo", "status": "VALID", "reason": "reached_X_network", "n_seeds": 56, "n_X_seeds": 0, "n_reassignable": 50, "target_color": "#cd3f8f"}}, {"type": "Feature", "geometry": {"type": "Point", "coordinates": [2.3489288, 6.534675099999999]}, "properties": {"poi_name": "BENIN PETRO ADJAGBO", "matched_quartier": "Adjagbo", "status": "VALID", "reason": "reached_X_network", "n_seeds": 15, "n_X_seeds": 0, "n_reassignable": 16, "target_color": "#cd3f8f"}}, {"type": "Feature", "geometry": {"type": "Point", "coordinates": [2.3486197, 6.5345618000000005]}, "properties": {"poi_name": "STATION EWELL ADJAGBO", "matched_quartier": "Adjagbo", "status": "VALID", "reason": "reached_X_network", "n_seeds": 14, "n_X_seeds": 0, "n_reassignable": 15, "target_color": "#cd3f8f"}}, {"type": "Feature", "geometry": {"type": "Point", "coordinates": [2.3505998, 6.3918528]}, "properties": {"poi_name": "Mosquée centrale DINA de Godomey", "matched_quartier": "Godomey-N'Gbèho", "status": "INVALID", "reason": "no_connection_to_X_network", "n_seeds": 30, "n_X_seeds": 0, "n_reassignable": 0, "target_color": "#cb7746"}}, {"type": "Feature", "geometry": {"type": "Point", "coordinates": [2.3528142, 6.396221799999999]}, "properties": {"poi_name": "Godomey Hlacomey", "matched_quartier": "Godomey-N'Gbèho", "status": "INVALID", "reason": "no_connection_to_X_network", "n_seeds": 16, "n_X_seeds": 0, "n_reassignable": 0, "target_color": "#cb7746"}}, {"type": "Feature", "geometry": {"type": "Point", "coordinates": [2.3123057, 6.4132963]}, "properties": {"poi_name": "Eglise Mont Horeb Ayimevo Godomey", "matched_quartier": "Godomey-N'Gbèho", "status": "INVALID", "reason": "no_connection_to_X_network", "n_seeds": 49, "n_X_seeds": 0, "n_reassignable": 0, "target_color": "#cb7746"}}, {"type": "Feature", "geometry": {"type": "Point", "coordinates": [2.3389455999999997, 6.3676086]}, "properties": {"poi_name": "Godomey N'gbeho", "matched_quartier": "Godomey-N'Gbèho", "status": "VALID", "reason": "already_on_X_network", "n_seeds": 16, "n_X_seeds": 16, "n_reassignable": 0, "target_color": "#cb7746"}}, {"type": "Feature", "geometry": {"type": "Point", "coordinates": [2.3499515, 6.387771]}, "properties": {"poi_name": "Ecobank Godomey Ouidah", "matched_quartier": "Godomey-N'Gbèho", "status": "INVALID", "reason": "no_connection_to_X_network", "n_seeds": 33, "n_X_seeds": 0, "n_reassignable": 0, "target_color": "#cb7746"}}, {"type": "Feature", "geometry": {"type": "Point", "coordinates": [2.3123001, 6.4132459]}, "properties": {"poi_name": "Prestige Esthétique est situé à 50 m du CEG Godomey en face de l'Eglise Union renaissance", "matched_quartier": "Godomey-N'Gbèho", "status": "INVALID", "reason": "no_connection_to_X_network", "n_seeds": 48, "n_X_seeds": 0, "n_reassignable": 0, "target_color": "#cb7746"}}, {"type": "Feature", "geometry": {"type": "Point", "coordinates": [2.3371405999999997, 6.392837500000001]}, "properties": {"poi_name": "Paroisse st jean Jesudegbe Godomey Ayimevo", "matched_quartier": "Godomey-N'Gbèho", "status": "INVALID", "reason": "no_connection_to_X_network", "n_seeds": 17, "n_X_seeds": 0, "n_reassignable": 0, "target_color": "#cb7746"}}, {"type": "Feature", "geometry": {"type": "Point", "coordinates": [2.3455732, 6.373048799999999]}, "properties": {"poi_name": "Station AK PETROLEUM SA Godomey NGBEHO", "matched_quartier": "Godomey-N'Gbèho", "status": "VALID", "reason": "already_on_X_network", "n_seeds": 18, "n_X_seeds": 18, "n_reassignable": 0, "target_color": "#cb7746"}}, {"type": "Feature", "geometry": {"type": "Point", "coordinates": [2.3074521, 6.5049351]}, "properties": {"poi_name": "Mosquée Centrale de Zoundja", "matched_quartier": "Zoundja", "status": "INVALID", "reason": "matched_name_not_in_propagation", "n_seeds": 0, "n_X_seeds": 0, "n_reassignable": 0, "target_color": "#666"}}, {"type": "Feature", "geometry": {"type": "Point", "coordinates": [2.3378012, 6.476769399999999]}, "properties": {"poi_name": "Pharmacie Zoundja", "matched_quartier": "Zoundja", "status": "INVALID", "reason": "matched_name_not_in_propagation", "n_seeds": 0, "n_X_seeds": 0, "n_reassignable": 0, "target_color": "#666"}}, {"type": "Feature", "geometry": {"type": "Point", "coordinates": [2.3381095999999997, 6.4719063]}, "properties": {"poi_name": "Pharmacie Zoundja Satellite", "matched_quartier": "Zoundja", "status": "INVALID", "reason": "matched_name_not_in_propagation", "n_seeds": 0, "n_X_seeds": 0, "n_reassignable": 0, "target_color": "#666"}}, {"type": "Feature", "geometry": {"type": "Point", "coordinates": [2.3327375999999997, 6.4746456]}, "properties": {"poi_name": "Supermarché Elefan Zoundja", "matched_quartier": "Zoundja", "status": "INVALID", "reason": "matched_name_not_in_propagation", "n_seeds": 0, "n_X_seeds": 0, "n_reassignable": 0, "target_color": "#666"}}, {"type": "Feature", "geometry": {"type": "Point", "coordinates": [2.3415033999999997, 6.4870608999999995]}, "properties": {"poi_name": "Epp Zoundja", "matched_quartier": "Zoundja", "status": "INVALID", "reason": "matched_name_not_in_propagation", "n_seeds": 0, "n_X_seeds": 0, "n_reassignable": 0, "target_color": "#666"}}, {"type": "Feature", "geometry": {"type": "Point", "coordinates": [2.3074521, 6.5049351]}, "properties": {"poi_name": "Eglise de Pentecôte au Bénin district de zoundja", "matched_quartier": "Zoundja", "status": "INVALID", "reason": "matched_name_not_in_propagation", "n_seeds": 0, "n_X_seeds": 0, "n_reassignable": 0, "target_color": "#666"}}, {"type": "Feature", "geometry": {"type": "Point", "coordinates": [2.3074521, 6.5049351]}, "properties": {"poi_name": "EEU temple Aifa-Zoundja", "matched_quartier": "Zoundja", "status": "INVALID", "reason": "matched_name_not_in_propagation", "n_seeds": 0, "n_X_seeds": 0, "n_reassignable": 0, "target_color": "#666"}}, {"type": "Feature", "geometry": {"type": "Point", "coordinates": [2.3074521, 6.5049351]}, "properties": {"poi_name": "Zoundja", "matched_quartier": "Zoundja", "status": "INVALID", "reason": "matched_name_not_in_propagation", "n_seeds": 0, "n_X_seeds": 0, "n_reassignable": 0, "target_color": "#666"}}, {"type": "Feature", "geometry": {"type": "Point", "coordinates": [2.3468195, 6.4503024]}, "properties": {"poi_name": "Zoundja", "matched_quartier": "Zoundja", "status": "INVALID", "reason": "matched_name_not_in_propagation", "n_seeds": 0, "n_X_seeds": 0, "n_reassignable": 0, "target_color": "#666"}}, {"type": "Feature", "geometry": {"type": "Point", "coordinates": [2.336256, 6.494065]}, "properties": {"poi_name": "Zoundja Daho", "matched_quartier": "Zoundja", "status": "INVALID", "reason": "matched_name_not_in_propagation", "n_seeds": 0, "n_X_seeds": 0, "n_reassignable": 0, "target_color": "#666"}}, {"type": "Feature", "geometry": {"type": "Point", "coordinates": [2.3468166999999998, 6.4502938]}, "properties": {"poi_name": "Garage Automobile Zoundja", "matched_quartier": "Zoundja", "status": "INVALID", "reason": "matched_name_not_in_propagation", "n_seeds": 0, "n_X_seeds": 0, "n_reassignable": 0, "target_color": "#666"}}, {"type": "Feature", "geometry": {"type": "Point", "coordinates": [2.3074521, 6.5049351]}, "properties": {"poi_name": "Chez hoonon zoundja", "matched_quartier": "Zoundja", "status": "INVALID", "reason": "matched_name_not_in_propagation", "n_seeds": 0, "n_X_seeds": 0, "n_reassignable": 0, "target_color": "#666"}}, {"type": "Feature", "geometry": {"type": "Point", "coordinates": [2.3074521, 6.5049351]}, "properties": {"poi_name": "Zoundja", "matched_quartier": "Zoundja", "status": "INVALID", "reason": "matched_name_not_in_propagation", "n_seeds": 0, "n_X_seeds": 0, "n_reassignable": 0, "target_color": "#666"}}, {"type": "Feature", "geometry": {"type": "Point", "coordinates": [2.3074521, 6.5049351]}, "properties": {"poi_name": "ZOUNDJA", "matched_quartier": "Zoundja", "status": "INVALID", "reason": "matched_name_not_in_propagation", "n_seeds": 0, "n_X_seeds": 0, "n_reassignable": 0, "target_color": "#666"}}, {"type": "Feature", "geometry": {"type": "Point", "coordinates": [2.307276, 6.4529551000000005]}, "properties": {"poi_name": "Aïdegnon", "matched_quartier": "Aïdégnon", "status": "INVALID", "reason": "matched_name_not_in_propagation", "n_seeds": 0, "n_X_seeds": 0, "n_reassignable": 0, "target_color": "#666"}}, {"type": "Feature", "geometry": {"type": "Point", "coordinates": [2.3276569, 6.456310299999999]}, "properties": {"poi_name": "Carrefour Aïdegnon", "matched_quartier": "Aïdégnon", "status": "INVALID", "reason": "matched_name_not_in_propagation", "n_seeds": 0, "n_X_seeds": 0, "n_reassignable": 0, "target_color": "#666"}}, {"type": "Feature", "geometry": {"type": "Point", "coordinates": [2.3232744999999997, 6.452478200000001]}, "properties": {"poi_name": "Tokan aidegnon, calavi chez Nado", "matched_quartier": "Aïdégnon", "status": "INVALID", "reason": "matched_name_not_in_propagation", "n_seeds": 0, "n_X_seeds": 0, "n_reassignable": 0, "target_color": "#666"}}, {"type": "Feature", "geometry": {"type": "Point", "coordinates": [2.2946405999999997, 6.381187499999999]}, "properties": {"poi_name": "Zounga", "matched_quartier": "Zounga", "status": "INVALID", "reason": "matched_name_not_in_propagation", "n_seeds": 0, "n_X_seeds": 0, "n_reassignable": 0, "target_color": "#666"}}, {"type": "Feature", "geometry": {"type": "Point", "coordinates": [2.3465078999999998, 6.3853501999999995]}, "properties": {"poi_name": "Togbin fandji", "matched_quartier": "Togbin-Fandji", "status": "INVALID", "reason": "no_connection_to_X_network", "n_seeds": 40, "n_X_seeds": 0, "n_reassignable": 0, "target_color": "#42cc67"}}, {"type": "Feature", "geometry": {"type": "Point", "coordinates": [2.3445470999999998, 6.4073546]}, "properties": {"poi_name": "Sèdomey", "matched_quartier": "Sèdomey", "status": "VALID", "reason": "already_on_X_network", "n_seeds": 12, "n_X_seeds": 12, "n_reassignable": 0, "target_color": "#dc4045"}}, {"type": "Feature", "geometry": {"type": "Point", "coordinates": [2.3580641, 6.4610007]}, "properties": {"poi_name": "Centre ECK Agamandin", "matched_quartier": "Agamandin", "status": "VALID", "reason": "already_on_X_network", "n_seeds": 16, "n_X_seeds": 16, "n_reassignable": 0, "target_color": "#d04077"}}, {"type": "Feature", "geometry": {"type": "Point", "coordinates": [2.4305464999999997, 6.3684875]}, "properties": {"poi_name": "Public Primary School Agamandin", "matched_quartier": "Agamandin", "status": "INVALID", "reason": "no_connection_to_X_network", "n_seeds": 10, "n_X_seeds": 0, "n_reassignable": 0, "target_color": "#d04077"}}, {"type": "Feature", "geometry": {"type": "Point", "coordinates": [2.3613687, 6.4530734999999995]}, "properties": {"poi_name": "Epp Agamandin-A", "matched_quartier": "Agamandin", "status": "VALID", "reason": "reached_X_network", "n_seeds": 29, "n_X_seeds": 20, "n_reassignable": 9, "target_color": "#d04077"}}, {"type": "Feature", "geometry": {"type": "Point", "coordinates": [2.3573036, 6.459891799999999]}, "properties": {"poi_name": "Église Baptiste Agamandin", "matched_quartier": "Agamandin", "status": "VALID", "reason": "already_on_X_network", "n_seeds": 39, "n_X_seeds": 39, "n_reassignable": 0, "target_color": "#d04077"}}, {"type": "Feature", "geometry": {"type": "Point", "coordinates": [2.35915, 6.4713581]}, "properties": {"poi_name": "Public Primary School Gbodjo", "matched_quartier": "Gbodjo", "status": "VALID", "reason": "already_on_X_network", "n_seeds": 22, "n_X_seeds": 22, "n_reassignable": 0, "target_color": "#a9d648"}}, {"type": "Feature", "geometry": {"type": "Point", "coordinates": [2.3593946, 6.4729746]}, "properties": {"poi_name": "Paroisse St Michel Archange De Gbodjo, Eglise Catholique Calavi", "matched_quartier": "Gbodjo", "status": "VALID", "reason": "already_on_X_network", "n_seeds": 25, "n_X_seeds": 25, "n_reassignable": 0, "target_color": "#a9d648"}}, {"type": "Feature", "geometry": {"type": "Point", "coordinates": [2.3468153, 6.450289499999999]}, "properties": {"poi_name": "Groupe Musical Siloé Gbodjo", "matched_quartier": "Gbodjo", "status": "INVALID", "reason": "no_connection_to_X_network", "n_seeds": 20, "n_X_seeds": 0, "n_reassignable": 0, "target_color": "#a9d648"}}, {"type": "Feature", "geometry": {"type": "Point", "coordinates": [2.3161304, 6.4124513]}, "properties": {"poi_name": "Carrefour Yénandjro", "matched_quartier": "Yénandjro", "status": "INVALID", "reason": "matched_name_not_in_propagation", "n_seeds": 0, "n_X_seeds": 0, "n_reassignable": 0, "target_color": "#666"}}, {"type": "Feature", "geometry": {"type": "Point", "coordinates": [2.3781624999999997, 6.7173952]}, "properties": {"poi_name": "Mosquée de Sèdjè Dénou", "matched_quartier": "Dénou", "status": "INVALID", "reason": "matched_name_not_in_propagation", "n_seeds": 0, "n_X_seeds": 0, "n_reassignable": 0, "target_color": "#666"}}, {"type": "Feature", "geometry": {"type": "Point", "coordinates": [2.2341566999999998, 6.3873332]}, "properties": {"poi_name": "carrefour Dénou", "matched_quartier": "Dénou", "status": "INVALID", "reason": "matched_name_not_in_propagation", "n_seeds": 0, "n_X_seeds": 0, "n_reassignable": 0, "target_color": "#666"}}, {"type": "Feature", "geometry": {"type": "Point", "coordinates": [-4.0171883, 5.350574]}, "properties": {"poi_name": "Medical Clinic Adjamé-Liberté", "matched_quartier": "Adjamè", "status": "INVALID", "reason": "matched_name_not_in_propagation", "n_seeds": 0, "n_X_seeds": 0, "n_reassignable": 0, "target_color": "#666"}}, {"type": "Feature", "geometry": {"type": "Point", "coordinates": [-4.027562200000001, 5.340798899999999]}, "properties": {"poi_name": "New Clinic Adjamé", "matched_quartier": "Adjamè", "status": "INVALID", "reason": "matched_name_not_in_propagation", "n_seeds": 0, "n_X_seeds": 0, "n_reassignable": 0, "target_color": "#666"}}, {"type": "Feature", "geometry": {"type": "Point", "coordinates": [-4.0220002, 5.3489428]}, "properties": {"poi_name": "Medical Center Adjamé Fraternité", "matched_quartier": "Adjamè", "status": "INVALID", "reason": "matched_name_not_in_propagation", "n_seeds": 0, "n_X_seeds": 0, "n_reassignable": 0, "target_color": "#666"}}, {"type": "Feature", "geometry": {"type": "Point", "coordinates": [-3.8745939, 5.3510157]}, "properties": {"poi_name": "Health Center Adjamé Bingerville", "matched_quartier": "Adjamè", "status": "INVALID", "reason": "matched_name_not_in_propagation", "n_seeds": 0, "n_X_seeds": 0, "n_reassignable": 0, "target_color": "#666"}}, {"type": "Feature", "geometry": {"type": "Point", "coordinates": [-4.0176897, 5.3559538]}, "properties": {"poi_name": "Centre Médico Social d'Adjamé", "matched_quartier": "Adjamè", "status": "INVALID", "reason": "matched_name_not_in_propagation", "n_seeds": 0, "n_X_seeds": 0, "n_reassignable": 0, "target_color": "#666"}}, {"type": "Feature", "geometry": {"type": "Point", "coordinates": [-4.0177486, 5.3493520000000006]}, "properties": {"poi_name": "Commissariat du District d'ADJAME", "matched_quartier": "Adjamè", "status": "INVALID", "reason": "matched_name_not_in_propagation", "n_seeds": 0, "n_X_seeds": 0, "n_reassignable": 0, "target_color": "#666"}}, {"type": "Feature", "geometry": {"type": "Point", "coordinates": [-4.0274269, 5.3426436]}, "properties": {"poi_name": "Marché adjamé Abidjan", "matched_quartier": "Adjamè", "status": "INVALID", "reason": "matched_name_not_in_propagation", "n_seeds": 0, "n_X_seeds": 0, "n_reassignable": 0, "target_color": "#666"}}, {"type": "Feature", "geometry": {"type": "Point", "coordinates": [-4.0273573, 5.3458383]}, "properties": {"poi_name": "Adjamé Dabananni Market", "matched_quartier": "Adjamè", "status": "INVALID", "reason": "matched_name_not_in_propagation", "n_seeds": 0, "n_X_seeds": 0, "n_reassignable": 0, "target_color": "#666"}}, {"type": "Feature", "geometry": {"type": "Point", "coordinates": [-4.0265949, 5.345769199999999]}, "properties": {"poi_name": "Marché forum adjame", "matched_quartier": "Adjamè", "status": "INVALID", "reason": "matched_name_not_in_propagation", "n_seeds": 0, "n_X_seeds": 0, "n_reassignable": 0, "target_color": "#666"}}, {"type": "Feature", "geometry": {"type": "Point", "coordinates": [-4.0236567999999995, 5.3482002]}, "properties": {"poi_name": "GRAND MARCHE DABANANI D'ADJAME", "matched_quartier": "Adjamè", "status": "INVALID", "reason": "matched_name_not_in_propagation", "n_seeds": 0, "n_X_seeds": 0, "n_reassignable": 0, "target_color": "#666"}}, {"type": "Feature", "geometry": {"type": "Point", "coordinates": [-4.022652, 5.346480199999999]}, "properties": {"poi_name": "Carrefour Marché d'Adjamé", "matched_quartier": "Adjamè", "status": "INVALID", "reason": "matched_name_not_in_propagation", "n_seeds": 0, "n_X_seeds": 0, "n_reassignable": 0, "target_color": "#666"}}, {"type": "Feature", "geometry": {"type": "Point", "coordinates": [-4.026492, 5.3534612]}, "properties": {"poi_name": "Grande Mosquée D'adjamé", "matched_quartier": "Adjamè", "status": "INVALID", "reason": "matched_name_not_in_propagation", "n_seeds": 0, "n_X_seeds": 0, "n_reassignable": 0, "target_color": "#666"}}, {"type": "Feature", "geometry": {"type": "Point", "coordinates": [-4.0280875, 5.3428352]}, "properties": {"poi_name": "Mosquée Adjamé Mairie 1", "matched_quartier": "Adjamè", "status": "INVALID", "reason": "matched_name_not_in_propagation", "n_seeds": 0, "n_X_seeds": 0, "n_reassignable": 0, "target_color": "#666"}}, {"type": "Feature", "geometry": {"type": "Point", "coordinates": [-4.0232700999999995, 5.3501435]}, "properties": {"poi_name": "Abidjan adjamé", "matched_quartier": "Adjamè", "status": "INVALID", "reason": "matched_name_not_in_propagation", "n_seeds": 0, "n_X_seeds": 0, "n_reassignable": 0, "target_color": "#666"}}, {"type": "Feature", "geometry": {"type": "Point", "coordinates": [-4.0200023, 5.358700499999999]}, "properties": {"poi_name": "Pharmacie Adjame Latin", "matched_quartier": "Adjamè", "status": "INVALID", "reason": "matched_name_not_in_propagation", "n_seeds": 0, "n_X_seeds": 0, "n_reassignable": 0, "target_color": "#666"}}, {"type": "Feature", "geometry": {"type": "Point", "coordinates": [-4.0283068, 5.3538556]}, "properties": {"poi_name": "Pharmacie de la grande mosqueé d'Adjamé", "matched_quartier": "Adjamè", "status": "INVALID", "reason": "matched_name_not_in_propagation", "n_seeds": 0, "n_X_seeds": 0, "n_reassignable": 0, "target_color": "#666"}}, {"type": "Feature", "geometry": {"type": "Point", "coordinates": [-4.0310261999999994, 5.3534046]}, "properties": {"poi_name": "Centre commercial adjamé château", "matched_quartier": "Adjamè", "status": "INVALID", "reason": "matched_name_not_in_propagation", "n_seeds": 0, "n_X_seeds": 0, "n_reassignable": 0, "target_color": "#666"}}, {"type": "Feature", "geometry": {"type": "Point", "coordinates": [-4.0253118, 5.3491374]}, "properties": {"poi_name": "Adjamé ROXY", "matched_quartier": "Adjamè", "status": "INVALID", "reason": "matched_name_not_in_propagation", "n_seeds": 0, "n_X_seeds": 0, "n_reassignable": 0, "target_color": "#666"}}, {"type": "Feature", "geometry": {"type": "Point", "coordinates": [-4.0215955999999995, 5.355738199999999]}, "properties": {"poi_name": "BON PRIX ADJAMÉ RENAULT", "matched_quartier": "Adjamè", "status": "INVALID", "reason": "matched_name_not_in_propagation", "n_seeds": 0, "n_X_seeds": 0, "n_reassignable": 0, "target_color": "#666"}}, {"type": "Feature", "geometry": {"type": "Point", "coordinates": [-4.0149719, 5.353301999999999]}, "properties": {"poi_name": "Adjamé Liberté Gare ( Treichville, Marcory, Plateau, Koumassi, Bingerville)", "matched_quartier": "Adjamè", "status": "INVALID", "reason": "matched_name_not_in_propagation", "n_seeds": 0, "n_X_seeds": 0, "n_reassignable": 0, "target_color": "#666"}}, {"type": "Feature", "geometry": {"type": "Point", "coordinates": [-4.0256482, 5.3477912]}, "properties": {"poi_name": "Foire De Chine Adjamé", "matched_quartier": "Adjamè", "status": "INVALID", "reason": "matched_name_not_in_propagation", "n_seeds": 0, "n_X_seeds": 0, "n_reassignable": 0, "target_color": "#666"}}, {"type": "Feature", "geometry": {"type": "Point", "coordinates": [-4.0184831999999995, 5.352382599999999]}, "properties": {"poi_name": "School Victor Schoelcher Adjame", "matched_quartier": "Adjamè", "status": "INVALID", "reason": "matched_name_not_in_propagation", "n_seeds": 0, "n_X_seeds": 0, "n_reassignable": 0, "target_color": "#666"}}, {"type": "Feature", "geometry": {"type": "Point", "coordinates": [-4.0207057, 5.352701199999999]}, "properties": {"poi_name": "College Montherland Adjame", "matched_quartier": "Adjamè", "status": "INVALID", "reason": "matched_name_not_in_propagation", "n_seeds": 0, "n_X_seeds": 0, "n_reassignable": 0, "target_color": "#666"}}, {"type": "Feature", "geometry": {"type": "Point", "coordinates": [-4.0179995, 5.3491479]}, "properties": {"poi_name": "IFSM ADJAME", "matched_quartier": "Adjamè", "status": "INVALID", "reason": "matched_name_not_in_propagation", "n_seeds": 0, "n_X_seeds": 0, "n_reassignable": 0, "target_color": "#666"}}, {"type": "Feature", "geometry": {"type": "Point", "coordinates": [-4.0235718, 5.3650727]}, "properties": {"poi_name": "Complex School Technique General D'adjamé", "matched_quartier": "Adjamè", "status": "INVALID", "reason": "matched_name_not_in_propagation", "n_seeds": 0, "n_X_seeds": 0, "n_reassignable": 0, "target_color": "#666"}}, {"type": "Feature", "geometry": {"type": "Point", "coordinates": [-4.021933499999999, 5.375785]}, "properties": {"poi_name": "COLLEGE LE PANTHEON 2 ADJAME - WILLIAMSVILLE", "matched_quartier": "Adjamè", "status": "INVALID", "reason": "matched_name_not_in_propagation", "n_seeds": 0, "n_X_seeds": 0, "n_reassignable": 0, "target_color": "#666"}}, {"type": "Feature", "geometry": {"type": "Point", "coordinates": [-4.022552, 5.3771654]}, "properties": {"poi_name": "Lycée municipal d'Adjamé williamsville", "matched_quartier": "Adjamè", "status": "INVALID", "reason": "matched_name_not_in_propagation", "n_seeds": 0, "n_X_seeds": 0, "n_reassignable": 0, "target_color": "#666"}}, {"type": "Feature", "geometry": {"type": "Point", "coordinates": [-4.0245349, 5.347459799999999]}, "properties": {"poi_name": "Lycée Moderne Nangui Abrogoua D'adjamé", "matched_quartier": "Adjamè", "status": "INVALID", "reason": "matched_name_not_in_propagation", "n_seeds": 0, "n_X_seeds": 0, "n_reassignable": 0, "target_color": "#666"}}, {"type": "Feature", "geometry": {"type": "Point", "coordinates": [-4.0242762, 5.3580799]}, "properties": {"poi_name": "Epp Adjame", "matched_quartier": "Adjamè", "status": "INVALID", "reason": "matched_name_not_in_propagation", "n_seeds": 0, "n_X_seeds": 0, "n_reassignable": 0, "target_color": "#666"}}, {"type": "Feature", "geometry": {"type": "Point", "coordinates": [-4.0236184999999995, 5.346124100000001]}, "properties": {"poi_name": "Lycee Mordene Adjame Harris", "matched_quartier": "Adjamè", "status": "INVALID", "reason": "matched_name_not_in_propagation", "n_seeds": 0, "n_X_seeds": 0, "n_reassignable": 0, "target_color": "#666"}}, {"type": "Feature", "geometry": {"type": "Point", "coordinates": [-4.1130027, 5.3337055]}, "properties": {"poi_name": "Epp Niangon Adjame", "matched_quartier": "Adjamè", "status": "INVALID", "reason": "matched_name_not_in_propagation", "n_seeds": 0, "n_X_seeds": 0, "n_reassignable": 0, "target_color": "#666"}}, {"type": "Feature", "geometry": {"type": "Point", "coordinates": [-4.0179781, 5.3518509]}, "properties": {"poi_name": "Course Loba Adjamé", "matched_quartier": "Adjamè", "status": "INVALID", "reason": "matched_name_not_in_propagation", "n_seeds": 0, "n_X_seeds": 0, "n_reassignable": 0, "target_color": "#666"}}, {"type": "Feature", "geometry": {"type": "Point", "coordinates": [-4.0245222, 5.3601562]}, "properties": {"poi_name": "School Group Les Moineaux D'adjamé", "matched_quartier": "Adjamè", "status": "INVALID", "reason": "matched_name_not_in_propagation", "n_seeds": 0, "n_X_seeds": 0, "n_reassignable": 0, "target_color": "#666"}}, {"type": "Feature", "geometry": {"type": "Point", "coordinates": [-4.0195953, 5.3530874]}, "properties": {"poi_name": "School Group Ba'houlehn Adjamé 220", "matched_quartier": "Adjamè", "status": "INVALID", "reason": "matched_name_not_in_propagation", "n_seeds": 0, "n_X_seeds": 0, "n_reassignable": 0, "target_color": "#666"}}, {"type": "Feature", "geometry": {"type": "Point", "coordinates": [-4.020468999999999, 5.3536114]}, "properties": {"poi_name": "Eglise des Assemblées de Dieu d'Adjamé", "matched_quartier": "Adjamè", "status": "INVALID", "reason": "matched_name_not_in_propagation", "n_seeds": 0, "n_X_seeds": 0, "n_reassignable": 0, "target_color": "#666"}}, {"type": "Feature", "geometry": {"type": "Point", "coordinates": [-4.0205874, 5.3485363]}, "properties": {"poi_name": "Église Centrale des Assemblées de Dieu d'Adjamé", "matched_quartier": "Adjamè", "status": "INVALID", "reason": "matched_name_not_in_propagation", "n_seeds": 0, "n_X_seeds": 0, "n_reassignable": 0, "target_color": "#666"}}, {"type": "Feature", "geometry": {"type": "Point", "coordinates": [-4.0238258, 5.3436257]}, "properties": {"poi_name": "Eglise Méthodiste - Ebenezer d'Adjamé", "matched_quartier": "Adjamè", "status": "INVALID", "reason": "matched_name_not_in_propagation", "n_seeds": 0, "n_X_seeds": 0, "n_reassignable": 0, "target_color": "#666"}}, {"type": "Feature", "geometry": {"type": "Point", "coordinates": [-4.0102823999999995, 5.3806294999999995]}, "properties": {"poi_name": "EGLISE BONNE NOUVELLE DE LA GRACE ADJAME", "matched_quartier": "Adjamè", "status": "INVALID", "reason": "matched_name_not_in_propagation", "n_seeds": 0, "n_X_seeds": 0, "n_reassignable": 0, "target_color": "#666"}}, {"type": "Feature", "geometry": {"type": "Point", "coordinates": [-4.0205481999999995, 5.352319]}, "properties": {"poi_name": "PREMIERE EGLISE BAPTISTE C.I - Adjamé", "matched_quartier": "Adjamè", "status": "INVALID", "reason": "matched_name_not_in_propagation", "n_seeds": 0, "n_X_seeds": 0, "n_reassignable": 0, "target_color": "#666"}}, {"type": "Feature", "geometry": {"type": "Point", "coordinates": [-4.017355, 5.3557632]}, "properties": {"poi_name": "METHODIST UNITED CHURCH ADJAME 220 LGTS TEMPLE JERUSALEM", "matched_quartier": "Adjamè", "status": "INVALID", "reason": "matched_name_not_in_propagation", "n_seeds": 0, "n_X_seeds": 0, "n_reassignable": 0, "target_color": "#666"}}, {"type": "Feature", "geometry": {"type": "Point", "coordinates": [-4.0205796, 5.3520562]}, "properties": {"poi_name": "first baptist church Adjamé", "matched_quartier": "Adjamè", "status": "INVALID", "reason": "matched_name_not_in_propagation", "n_seeds": 0, "n_X_seeds": 0, "n_reassignable": 0, "target_color": "#666"}}, {"type": "Feature", "geometry": {"type": "Point", "coordinates": [-4.0148899, 5.3514726]}, "properties": {"poi_name": "Eglise Protestante Baptiste Œuvre et Mission Internationale Adjamé", "matched_quartier": "Adjamè", "status": "INVALID", "reason": "matched_name_not_in_propagation", "n_seeds": 0, "n_X_seeds": 0, "n_reassignable": 0, "target_color": "#666"}}, {"type": "Feature", "geometry": {"type": "Point", "coordinates": [-3.8722575000000004, 5.3489768]}, "properties": {"poi_name": "Eglise Catholique Saint Anne d'Adjamé Bingerville", "matched_quartier": "Adjamè", "status": "INVALID", "reason": "matched_name_not_in_propagation", "n_seeds": 0, "n_X_seeds": 0, "n_reassignable": 0, "target_color": "#666"}}, {"type": "Feature", "geometry": {"type": "Point", "coordinates": [-4.0146459, 5.3520867]}, "properties": {"poi_name": "EPBOMI ADJAME", "matched_quartier": "Adjamè", "status": "INVALID", "reason": "matched_name_not_in_propagation", "n_seeds": 0, "n_X_seeds": 0, "n_reassignable": 0, "target_color": "#666"}}, {"type": "Feature", "geometry": {"type": "Point", "coordinates": [-4.0302652, 5.4390749]}, "properties": {"poi_name": "Eglise Apostolique du Christ, Adjame", "matched_quartier": "Adjamè", "status": "INVALID", "reason": "matched_name_not_in_propagation", "n_seeds": 0, "n_X_seeds": 0, "n_reassignable": 0, "target_color": "#666"}}, {"type": "Feature", "geometry": {"type": "Point", "coordinates": [-4.0264182, 5.342833199999999]}, "properties": {"poi_name": "MAIRIE D'ADJAMÉ", "matched_quartier": "Adjamè", "status": "INVALID", "reason": "matched_name_not_in_propagation", "n_seeds": 0, "n_X_seeds": 0, "n_reassignable": 0, "target_color": "#666"}}, {"type": "Feature", "geometry": {"type": "Point", "coordinates": [-4.0235718, 5.3650727]}, "properties": {"poi_name": "Adjamé", "matched_quartier": "Adjamè", "status": "INVALID", "reason": "matched_name_not_in_propagation", "n_seeds": 0, "n_X_seeds": 0, "n_reassignable": 0, "target_color": "#666"}}, {"type": "Feature", "geometry": {"type": "Point", "coordinates": [-4.0249082, 5.3466716]}, "properties": {"poi_name": "CENTRE COMMERCIAL D'ADJAME", "matched_quartier": "Adjamè", "status": "INVALID", "reason": "matched_name_not_in_propagation", "n_seeds": 0, "n_X_seeds": 0, "n_reassignable": 0, "target_color": "#666"}}, {"type": "Feature", "geometry": {"type": "Point", "coordinates": [-3.969, 5.2892]}, "properties": {"poi_name": "Adjame village", "matched_quartier": "Adjamè", "status": "INVALID", "reason": "matched_name_not_in_propagation", "n_seeds": 0, "n_X_seeds": 0, "n_reassignable": 0, "target_color": "#666"}}, {"type": "Feature", "geometry": {"type": "Point", "coordinates": [-4.0146049, 5.3512547]}, "properties": {"poi_name": "Club Municipal D'adjame", "matched_quartier": "Adjamè", "status": "INVALID", "reason": "matched_name_not_in_propagation", "n_seeds": 0, "n_X_seeds": 0, "n_reassignable": 0, "target_color": "#666"}}, {"type": "Feature", "geometry": {"type": "Point", "coordinates": [-4.0212582, 5.3552173]}, "properties": {"poi_name": "Gare Routiere d Adjame", "matched_quartier": "Adjamè", "status": "INVALID", "reason": "matched_name_not_in_propagation", "n_seeds": 0, "n_X_seeds": 0, "n_reassignable": 0, "target_color": "#666"}}, {"type": "Feature", "geometry": {"type": "Point", "coordinates": [-4.022938, 5.3549207]}, "properties": {"poi_name": "La Grande Gare routière d'Adjamé Gbêba", "matched_quartier": "Adjamè", "status": "INVALID", "reason": "matched_name_not_in_propagation", "n_seeds": 0, "n_X_seeds": 0, "n_reassignable": 0, "target_color": "#666"}}, {"type": "Feature", "geometry": {"type": "Point", "coordinates": [-4.0237212, 5.3552412]}, "properties": {"poi_name": "Gare GTI Abengourou d'Adjamé", "matched_quartier": "Adjamè", "status": "INVALID", "reason": "matched_name_not_in_propagation", "n_seeds": 0, "n_X_seeds": 0, "n_reassignable": 0, "target_color": "#666"}}, {"type": "Feature", "geometry": {"type": "Point", "coordinates": [-4.0211114, 5.3548459]}, "properties": {"poi_name": "Gare AVS adjamé renault", "matched_quartier": "Adjamè", "status": "INVALID", "reason": "matched_name_not_in_propagation", "n_seeds": 0, "n_X_seeds": 0, "n_reassignable": 0, "target_color": "#666"}}, {"type": "Feature", "geometry": {"type": "Point", "coordinates": [-4.0283774999999995, 5.360924]}, "properties": {"poi_name": "Gare GTI Man d'Adjamé", "matched_quartier": "Adjamè", "status": "INVALID", "reason": "matched_name_not_in_propagation", "n_seeds": 0, "n_X_seeds": 0, "n_reassignable": 0, "target_color": "#666"}}, {"type": "Feature", "geometry": {"type": "Point", "coordinates": [-4.022125300000001, 5.3553239]}, "properties": {"poi_name": "Gare GTI Adjamé KORHOGO ET BOUNDIALI", "matched_quartier": "Adjamè", "status": "INVALID", "reason": "matched_name_not_in_propagation", "n_seeds": 0, "n_X_seeds": 0, "n_reassignable": 0, "target_color": "#666"}}, {"type": "Feature", "geometry": {"type": "Point", "coordinates": [-4.0222152, 5.3504765999999995]}, "properties": {"poi_name": "Gare TSR Adjamé", "matched_quartier": "Adjamè", "status": "INVALID", "reason": "matched_name_not_in_propagation", "n_seeds": 0, "n_X_seeds": 0, "n_reassignable": 0, "target_color": "#666"}}, {"type": "Feature", "geometry": {"type": "Point", "coordinates": [-4.021211, 5.3534913]}, "properties": {"poi_name": "GARE MT (Adjamé)", "matched_quartier": "Adjamè", "status": "INVALID", "reason": "matched_name_not_in_propagation", "n_seeds": 0, "n_X_seeds": 0, "n_reassignable": 0, "target_color": "#666"}}, {"type": "Feature", "geometry": {"type": "Point", "coordinates": [-4.0216994999999995, 5.3537722]}, "properties": {"poi_name": "Gare Ocean Transport Adjamé", "matched_quartier": "Adjamè", "status": "INVALID", "reason": "matched_name_not_in_propagation", "n_seeds": 0, "n_X_seeds": 0, "n_reassignable": 0, "target_color": "#666"}}, {"type": "Feature", "geometry": {"type": "Point", "coordinates": [-4.0242109, 5.3546567]}, "properties": {"poi_name": "Gare nord adjamé", "matched_quartier": "Adjamè", "status": "INVALID", "reason": "matched_name_not_in_propagation", "n_seeds": 0, "n_X_seeds": 0, "n_reassignable": 0, "target_color": "#666"}}, {"type": "Feature", "geometry": {"type": "Point", "coordinates": [-4.030663, 5.3580974999999995]}, "properties": {"poi_name": "Adjame gare nord", "matched_quartier": "Adjamè", "status": "INVALID", "reason": "matched_name_not_in_propagation", "n_seeds": 0, "n_X_seeds": 0, "n_reassignable": 0, "target_color": "#666"}}, {"type": "Feature", "geometry": {"type": "Point", "coordinates": [-4.0197397, 5.3481399]}, "properties": {"poi_name": "Adjame liberté", "matched_quartier": "Adjamè", "status": "INVALID", "reason": "matched_name_not_in_propagation", "n_seeds": 0, "n_X_seeds": 0, "n_reassignable": 0, "target_color": "#666"}}, {"type": "Feature", "geometry": {"type": "Point", "coordinates": [-4.0227827, 5.3511634]}, "properties": {"poi_name": "GARE CA TRANS ADJAME 1", "matched_quartier": "Adjamè", "status": "INVALID", "reason": "matched_name_not_in_propagation", "n_seeds": 0, "n_X_seeds": 0, "n_reassignable": 0, "target_color": "#666"}}, {"type": "Feature", "geometry": {"type": "Point", "coordinates": [-4.0157123, 5.356808]}, "properties": {"poi_name": "SanlamAllianz - Adjamé 220 Lgts", "matched_quartier": "Adjamè", "status": "INVALID", "reason": "matched_name_not_in_propagation", "n_seeds": 0, "n_X_seeds": 0, "n_reassignable": 0, "target_color": "#666"}}, {"type": "Feature", "geometry": {"type": "Point", "coordinates": [-4.0250536, 5.3466761]}, "properties": {"poi_name": "Sib Adjame Forum", "matched_quartier": "Adjamè", "status": "INVALID", "reason": "matched_name_not_in_propagation", "n_seeds": 0, "n_X_seeds": 0, "n_reassignable": 0, "target_color": "#666"}}, {"type": "Feature", "geometry": {"type": "Point", "coordinates": [-4.0208368, 5.3550021999999995]}, "properties": {"poi_name": "Gare adjame", "matched_quartier": "Adjamè", "status": "INVALID", "reason": "matched_name_not_in_propagation", "n_seeds": 0, "n_X_seeds": 0, "n_reassignable": 0, "target_color": "#666"}}, {"type": "Feature", "geometry": {"type": "Point", "coordinates": [-4.025443, 5.3532418]}, "properties": {"poi_name": "GTBANK adjamé", "matched_quartier": "Adjamè", "status": "INVALID", "reason": "matched_name_not_in_propagation", "n_seeds": 0, "n_X_seeds": 0, "n_reassignable": 0, "target_color": "#666"}}, {"type": "Feature", "geometry": {"type": "Point", "coordinates": [-4.0253344, 5.3527917]}, "properties": {"poi_name": "NSIA Banque - Agence Adjamé Mosqué", "matched_quartier": "Adjamè", "status": "INVALID", "reason": "matched_name_not_in_propagation", "n_seeds": 0, "n_X_seeds": 0, "n_reassignable": 0, "target_color": "#666"}}, {"type": "Feature", "geometry": {"type": "Point", "coordinates": [-4.0237478, 5.3480099]}, "properties": {"poi_name": "Banque BHCI Adjamé", "matched_quartier": "Adjamè", "status": "INVALID", "reason": "matched_name_not_in_propagation", "n_seeds": 0, "n_X_seeds": 0, "n_reassignable": 0, "target_color": "#666"}}, {"type": "Feature", "geometry": {"type": "Point", "coordinates": [-4.0228378, 5.3462087]}, "properties": {"poi_name": "BSIC ADJAME", "matched_quartier": "Adjamè", "status": "INVALID", "reason": "matched_name_not_in_propagation", "n_seeds": 0, "n_X_seeds": 0, "n_reassignable": 0, "target_color": "#666"}}, {"type": "Feature", "geometry": {"type": "Point", "coordinates": [-4.0227033, 5.3477618]}, "properties": {"poi_name": "Afriland First Bank, agence Adjamé", "matched_quartier": "Adjamè", "status": "INVALID", "reason": "matched_name_not_in_propagation", "n_seeds": 0, "n_X_seeds": 0, "n_reassignable": 0, "target_color": "#666"}}, {"type": "Feature", "geometry": {"type": "Point", "coordinates": [-4.0226627, 5.3491544]}, "properties": {"poi_name": "Orabank adjamé", "matched_quartier": "Adjamè", "status": "INVALID", "reason": "matched_name_not_in_propagation", "n_seeds": 0, "n_X_seeds": 0, "n_reassignable": 0, "target_color": "#666"}}, {"type": "Feature", "geometry": {"type": "Point", "coordinates": [-4.0169942, 5.3510725]}, "properties": {"poi_name": "SIB Adjamé", "matched_quartier": "Adjamè", "status": "INVALID", "reason": "matched_name_not_in_propagation", "n_seeds": 0, "n_X_seeds": 0, "n_reassignable": 0, "target_color": "#666"}}, {"type": "Feature", "geometry": {"type": "Point", "coordinates": [-4.0252931, 5.3466197]}, "properties": {"poi_name": "BANK COFIPA ADJAME", "matched_quartier": "Adjamè", "status": "INVALID", "reason": "matched_name_not_in_propagation", "n_seeds": 0, "n_X_seeds": 0, "n_reassignable": 0, "target_color": "#666"}}, {"type": "Feature", "geometry": {"type": "Point", "coordinates": [-4.0308044999999995, 5.3533529]}, "properties": {"poi_name": "ADVANS IVORY COAST - Adjamé Agency Water Tower", "matched_quartier": "Adjamè", "status": "INVALID", "reason": "matched_name_not_in_propagation", "n_seeds": 0, "n_X_seeds": 0, "n_reassignable": 0, "target_color": "#666"}}, {"type": "Feature", "geometry": {"type": "Point", "coordinates": [-4.0266759, 5.3436131]}, "properties": {"poi_name": "NSIA Banque - Agence Adjamé Marché", "matched_quartier": "Adjamè", "status": "INVALID", "reason": "matched_name_not_in_propagation", "n_seeds": 0, "n_X_seeds": 0, "n_reassignable": 0, "target_color": "#666"}}, {"type": "Feature", "geometry": {"type": "Point", "coordinates": [-4.0169315999999995, 5.353705199999999]}, "properties": {"poi_name": "Agence SGCI Adjame Liberté", "matched_quartier": "Adjamè", "status": "INVALID", "reason": "matched_name_not_in_propagation", "n_seeds": 0, "n_X_seeds": 0, "n_reassignable": 0, "target_color": "#666"}}, {"type": "Feature", "geometry": {"type": "Point", "coordinates": [-4.0172026999999995, 5.3525488]}, "properties": {"poi_name": "AFG BANK CI - ADJAMÉ LIBERTÉ", "matched_quartier": "Adjamè", "status": "INVALID", "reason": "matched_name_not_in_propagation", "n_seeds": 0, "n_X_seeds": 0, "n_reassignable": 0, "target_color": "#666"}}, {"type": "Feature", "geometry": {"type": "Point", "coordinates": [-4.025017399999999, 5.3567316]}, "properties": {"poi_name": "Nsia Bank - Adjamé Mirador Agency", "matched_quartier": "Adjamè", "status": "INVALID", "reason": "matched_name_not_in_propagation", "n_seeds": 0, "n_X_seeds": 0, "n_reassignable": 0, "target_color": "#666"}}, {"type": "Feature", "geometry": {"type": "Point", "coordinates": [-4.0251022, 5.346538799999999]}, "properties": {"poi_name": "Agence BDU-CI Adjamé", "matched_quartier": "Adjamè", "status": "INVALID", "reason": "matched_name_not_in_propagation", "n_seeds": 0, "n_X_seeds": 0, "n_reassignable": 0, "target_color": "#666"}}, {"type": "Feature", "geometry": {"type": "Point", "coordinates": [-4.022863399999999, 5.3450353999999995]}, "properties": {"poi_name": "AGENCE MICROCRED ADJAME SAINT MICHEL", "matched_quartier": "Adjamè", "status": "INVALID", "reason": "matched_name_not_in_propagation", "n_seeds": 0, "n_X_seeds": 0, "n_reassignable": 0, "target_color": "#666"}}, {"type": "Feature", "geometry": {"type": "Point", "coordinates": [-4.024805800000001, 5.348306099999999]}, "properties": {"poi_name": "BNI Adjamé Banfora", "matched_quartier": "Adjamè", "status": "INVALID", "reason": "matched_name_not_in_propagation", "n_seeds": 0, "n_X_seeds": 0, "n_reassignable": 0, "target_color": "#666"}}, {"type": "Feature", "geometry": {"type": "Point", "coordinates": [-4.0209635, 5.3480891]}, "properties": {"poi_name": "Bar CINOCHE ADJAMÉ", "matched_quartier": "Adjamè", "status": "INVALID", "reason": "matched_name_not_in_propagation", "n_seeds": 0, "n_X_seeds": 0, "n_reassignable": 0, "target_color": "#666"}}, {"type": "Feature", "geometry": {"type": "Point", "coordinates": [-4.0204724, 5.3512306999999995]}, "properties": {"poi_name": "Maquis Bourgeois Adjamé", "matched_quartier": "Adjamè", "status": "INVALID", "reason": "matched_name_not_in_propagation", "n_seeds": 0, "n_X_seeds": 0, "n_reassignable": 0, "target_color": "#666"}}, {"type": "Feature", "geometry": {"type": "Point", "coordinates": [-4.0168051, 5.3485685]}, "properties": {"poi_name": "Espace détente d’Adjameé", "matched_quartier": "Adjamè", "status": "INVALID", "reason": "matched_name_not_in_propagation", "n_seeds": 0, "n_X_seeds": 0, "n_reassignable": 0, "target_color": "#666"}}, {"type": "Feature", "geometry": {"type": "Point", "coordinates": [-4.0246527, 5.3488009]}, "properties": {"poi_name": "Public Institution County Hospital D'adjamé", "matched_quartier": "Adjamè", "status": "INVALID", "reason": "matched_name_not_in_propagation", "n_seeds": 0, "n_X_seeds": 0, "n_reassignable": 0, "target_color": "#666"}}, {"type": "Feature", "geometry": {"type": "Point", "coordinates": [-4.029137899999999, 5.3530678]}, "properties": {"poi_name": "Adjamé cité Fairmont", "matched_quartier": "Adjamè", "status": "INVALID", "reason": "matched_name_not_in_propagation", "n_seeds": 0, "n_X_seeds": 0, "n_reassignable": 0, "target_color": "#666"}}, {"type": "Feature", "geometry": {"type": "Point", "coordinates": [-4.0169057, 5.353313099999999]}, "properties": {"poi_name": "Rond Point ADJAME 220", "matched_quartier": "Adjamè", "status": "INVALID", "reason": "matched_name_not_in_propagation", "n_seeds": 0, "n_X_seeds": 0, "n_reassignable": 0, "target_color": "#666"}}, {"type": "Feature", "geometry": {"type": "Point", "coordinates": [-4.0287041, 5.34955]}, "properties": {"poi_name": "M siaka adjamé", "matched_quartier": "Adjamè", "status": "INVALID", "reason": "matched_name_not_in_propagation", "n_seeds": 0, "n_X_seeds": 0, "n_reassignable": 0, "target_color": "#666"}}, {"type": "Feature", "geometry": {"type": "Point", "coordinates": [-4.0191042999999995, 5.3892554]}, "properties": {"poi_name": "Université d'Abobo-Adjamé", "matched_quartier": "Adjamè", "status": "INVALID", "reason": "matched_name_not_in_propagation", "n_seeds": 0, "n_X_seeds": 0, "n_reassignable": 0, "target_color": "#666"}}, {"type": "Feature", "geometry": {"type": "Point", "coordinates": [-4.0187816, 5.349192599999999]}, "properties": {"poi_name": "RED CROSS OF ADJAME", "matched_quartier": "Adjamè", "status": "INVALID", "reason": "matched_name_not_in_propagation", "n_seeds": 0, "n_X_seeds": 0, "n_reassignable": 0, "target_color": "#666"}}, {"type": "Feature", "geometry": {"type": "Point", "coordinates": [-4.0223740999999995, 5.3652671]}, "properties": {"poi_name": "Private Middle School Le Panthéon 1 Adjamé Williamsville", "matched_quartier": "Adjamè", "status": "INVALID", "reason": "matched_name_not_in_propagation", "n_seeds": 0, "n_X_seeds": 0, "n_reassignable": 0, "target_color": "#666"}}, {"type": "Feature", "geometry": {"type": "Point", "coordinates": [-4.0180091, 5.3537855]}, "properties": {"poi_name": "Labo photo VTCI Adjamé 220", "matched_quartier": "Adjamè", "status": "INVALID", "reason": "matched_name_not_in_propagation", "n_seeds": 0, "n_X_seeds": 0, "n_reassignable": 0, "target_color": "#666"}}, {"type": "Feature", "geometry": {"type": "Point", "coordinates": [-4.0179004, 5.3559526]}, "properties": {"poi_name": "L'église Chrétienne Rachetée de Dieu Paroisse de la Victoire d'Adjamé", "matched_quartier": "Adjamè", "status": "INVALID", "reason": "matched_name_not_in_propagation", "n_seeds": 0, "n_X_seeds": 0, "n_reassignable": 0, "target_color": "#666"}}, {"type": "Feature", "geometry": {"type": "Point", "coordinates": [-4.0169809, 5.3492409]}, "properties": {"poi_name": "Post Office Ci Adjame 220", "matched_quartier": "Adjamè", "status": "INVALID", "reason": "matched_name_not_in_propagation", "n_seeds": 0, "n_X_seeds": 0, "n_reassignable": 0, "target_color": "#666"}}, {"type": "Feature", "geometry": {"type": "Point", "coordinates": [-4.024450799999999, 5.3460012]}, "properties": {"poi_name": "Harris Adjamé Stadium", "matched_quartier": "Adjamè", "status": "INVALID", "reason": "matched_name_not_in_propagation", "n_seeds": 0, "n_X_seeds": 0, "n_reassignable": 0, "target_color": "#666"}}, {"type": "Feature", "geometry": {"type": "Point", "coordinates": [-4.0096036, 5.3821335]}, "properties": {"poi_name": "TERRAIN D'ENTRAINEMENT CF. ETOILE D'OR D'ADJAME", "matched_quartier": "Adjamè", "status": "INVALID", "reason": "matched_name_not_in_propagation", "n_seeds": 0, "n_X_seeds": 0, "n_reassignable": 0, "target_color": "#666"}}, {"type": "Feature", "geometry": {"type": "Point", "coordinates": [-4.0304442, 5.3457963]}, "properties": {"poi_name": ".A Adjamé Bramakoté", "matched_quartier": "Adjamè", "status": "INVALID", "reason": "matched_name_not_in_propagation", "n_seeds": 0, "n_X_seeds": 0, "n_reassignable": 0, "target_color": "#666"}}, {"type": "Feature", "geometry": {"type": "Point", "coordinates": [-4.0285006999999995, 5.3601405]}, "properties": {"poi_name": "Gare ST d'Adjamé", "matched_quartier": "Adjamè", "status": "INVALID", "reason": "matched_name_not_in_propagation", "n_seeds": 0, "n_X_seeds": 0, "n_reassignable": 0, "target_color": "#666"}}, {"type": "Feature", "geometry": {"type": "Point", "coordinates": [-4.0296569, 5.362523599999999]}, "properties": {"poi_name": "TotalEnergies ADJAME GARE", "matched_quartier": "Adjamè", "status": "INVALID", "reason": "matched_name_not_in_propagation", "n_seeds": 0, "n_X_seeds": 0, "n_reassignable": 0, "target_color": "#666"}}, {"type": "Feature", "geometry": {"type": "Point", "coordinates": [-4.0218467, 5.3552582]}, "properties": {"poi_name": "Gare AVS ADJAMÉ", "matched_quartier": "Adjamè", "status": "INVALID", "reason": "matched_name_not_in_propagation", "n_seeds": 0, "n_X_seeds": 0, "n_reassignable": 0, "target_color": "#666"}}, {"type": "Feature", "geometry": {"type": "Point", "coordinates": [-4.0279658, 5.3740907]}, "properties": {"poi_name": "TotalEnergies ADJAME MACACI", "matched_quartier": "Adjamè", "status": "INVALID", "reason": "matched_name_not_in_propagation", "n_seeds": 0, "n_X_seeds": 0, "n_reassignable": 0, "target_color": "#666"}}, {"type": "Feature", "geometry": {"type": "Point", "coordinates": [-4.0294246, 5.360290099999999]}, "properties": {"poi_name": "TRANSPORT STATION KS ADJAME", "matched_quartier": "Adjamè", "status": "INVALID", "reason": "matched_name_not_in_propagation", "n_seeds": 0, "n_X_seeds": 0, "n_reassignable": 0, "target_color": "#666"}}, {"type": "Feature", "geometry": {"type": "Point", "coordinates": [-4.0167836, 5.3585218999999995]}, "properties": {"poi_name": "TotalEnergies ADJAME CHICANE", "matched_quartier": "Adjamè", "status": "INVALID", "reason": "matched_name_not_in_propagation", "n_seeds": 0, "n_X_seeds": 0, "n_reassignable": 0, "target_color": "#666"}}, {"type": "Feature", "geometry": {"type": "Point", "coordinates": [-4.0260036, 5.339025599999999]}, "properties": {"poi_name": "TotalEnergies ADJAMÉ SUD", "matched_quartier": "Adjamè", "status": "INVALID", "reason": "matched_name_not_in_propagation", "n_seeds": 0, "n_X_seeds": 0, "n_reassignable": 0, "target_color": "#666"}}, {"type": "Feature", "geometry": {"type": "Point", "coordinates": [-3.9986435000000005, 5.3700084]}, "properties": {"poi_name": "Shared Taxis for Adjame", "matched_quartier": "Adjamè", "status": "INVALID", "reason": "matched_name_not_in_propagation", "n_seeds": 0, "n_X_seeds": 0, "n_reassignable": 0, "target_color": "#666"}}, {"type": "Feature", "geometry": {"type": "Point", "coordinates": [-4.0293735999999996, 5.3645201]}, "properties": {"poi_name": "Pont Ferraille Adjamé", "matched_quartier": "Adjamè", "status": "INVALID", "reason": "matched_name_not_in_propagation", "n_seeds": 0, "n_X_seeds": 0, "n_reassignable": 0, "target_color": "#666"}}, {"type": "Feature", "geometry": {"type": "Point", "coordinates": [-4.029398200000001, 5.360948]}, "properties": {"poi_name": "BINKADI TRANSPORT ADJAME", "matched_quartier": "Adjamè", "status": "INVALID", "reason": "matched_name_not_in_propagation", "n_seeds": 0, "n_X_seeds": 0, "n_reassignable": 0, "target_color": "#666"}}, {"type": "Feature", "geometry": {"type": "Point", "coordinates": [-4.0267925, 5.3619581]}, "properties": {"poi_name": "AD Adjamé Nord-Est TEMPLE DU SAINT - ESPRIT", "matched_quartier": "Adjamè", "status": "INVALID", "reason": "matched_name_not_in_propagation", "n_seeds": 0, "n_X_seeds": 0, "n_reassignable": 0, "target_color": "#666"}}, {"type": "Feature", "geometry": {"type": "Point", "coordinates": [-4.0182582, 5.352738899999999]}, "properties": {"poi_name": "UEESO-CI Adjamé temple Jérusalem", "matched_quartier": "Adjamè", "status": "INVALID", "reason": "matched_name_not_in_propagation", "n_seeds": 0, "n_X_seeds": 0, "n_reassignable": 0, "target_color": "#666"}}, {"type": "Feature", "geometry": {"type": "Point", "coordinates": [-4.0267038, 5.3408096]}, "properties": {"poi_name": "EEADCI TEMPLE LA COMMUNION ADJAMÉ DALLAS", "matched_quartier": "Adjamè", "status": "INVALID", "reason": "matched_name_not_in_propagation", "n_seeds": 0, "n_X_seeds": 0, "n_reassignable": 0, "target_color": "#666"}}, {"type": "Feature", "geometry": {"type": "Point", "coordinates": [-4.0235718, 5.3650727]}, "properties": {"poi_name": "adjame gare nord", "matched_quartier": "Adjamè", "status": "INVALID", "reason": "matched_name_not_in_propagation", "n_seeds": 0, "n_X_seeds": 0, "n_reassignable": 0, "target_color": "#666"}}, {"type": "Feature", "geometry": {"type": "Point", "coordinates": [-4.0166773, 5.3478644]}, "properties": {"poi_name": "Cité universitaire d’Adjamé 220 logements", "matched_quartier": "Adjamè", "status": "INVALID", "reason": "matched_name_not_in_propagation", "n_seeds": 0, "n_X_seeds": 0, "n_reassignable": 0, "target_color": "#666"}}, {"type": "Feature", "geometry": {"type": "Point", "coordinates": [2.301214, 6.4632308]}, "properties": {"poi_name": "Carrefour Assrossa", "matched_quartier": "Assrossa", "status": "INVALID", "reason": "matched_name_not_in_propagation", "n_seeds": 0, "n_X_seeds": 0, "n_reassignable": 0, "target_color": "#666"}}, {"type": "Feature", "geometry": {"type": "Point", "coordinates": [2.366667, 6.55]}, "properties": {"poi_name": "Agassa Godomey", "matched_quartier": "Agassa-Godomey", "status": "VALID", "reason": "already_on_X_network", "n_seeds": 13, "n_X_seeds": 13, "n_reassignable": 0, "target_color": "#7acc44"}}, {"type": "Feature", "geometry": {"type": "Point", "coordinates": [2.366667, 6.55]}, "properties": {"poi_name": "Mosquée d'Agassa godomey", "matched_quartier": "Agassa-Godomey", "status": "VALID", "reason": "already_on_X_network", "n_seeds": 13, "n_X_seeds": 13, "n_reassignable": 0, "target_color": "#7acc44"}}, {"type": "Feature", "geometry": {"type": "Point", "coordinates": [2.3673465, 6.5419382]}, "properties": {"poi_name": "Epp Agassa Godomey", "matched_quartier": "Agassa-Godomey", "status": "VALID", "reason": "already_on_X_network", "n_seeds": 39, "n_X_seeds": 39, "n_reassignable": 0, "target_color": "#7acc44"}}, {"type": "Feature", "geometry": {"type": "Point", "coordinates": [2.3691033999999997, 6.539295399999999]}, "properties": {"poi_name": "Eglise Évangélique Internationale FOURSQUARE d'agassa-godomey", "matched_quartier": "Agassa-Godomey", "status": "VALID", "reason": "reached_X_network", "n_seeds": 49, "n_X_seeds": 47, "n_reassignable": 2, "target_color": "#7acc44"}}, {"type": "Feature", "geometry": {"type": "Point", "coordinates": [2.3666663, 6.5432033]}, "properties": {"poi_name": "Eglise Catholique Notre Dame du Rosaire (Agassa-Godomey)", "matched_quartier": "Agassa-Godomey", "status": "VALID", "reason": "already_on_X_network", "n_seeds": 25, "n_X_seeds": 25, "n_reassignable": 0, "target_color": "#7acc44"}}, {"type": "Feature", "geometry": {"type": "Point", "coordinates": [2.3379166, 6.4721317]}, "properties": {"poi_name": "AGASSA GODOMEY", "matched_quartier": "Agassa-Godomey", "status": "INVALID", "reason": "no_connection_to_X_network", "n_seeds": 13, "n_X_seeds": 0, "n_reassignable": 0, "target_color": "#7acc44"}}, {"type": "Feature", "geometry": {"type": "Point", "coordinates": [2.3658737999999997, 6.5411265]}, "properties": {"poi_name": "Ceg Agassa Godomey", "matched_quartier": "Agassa-Godomey", "status": "VALID", "reason": "already_on_X_network", "n_seeds": 24, "n_X_seeds": 24, "n_reassignable": 0, "target_color": "#7acc44"}}, {"type": "Feature", "geometry": {"type": "Point", "coordinates": [2.366667, 6.55]}, "properties": {"poi_name": "Agassa godomey", "matched_quartier": "Agassa-Godomey", "status": "VALID", "reason": "already_on_X_network", "n_seeds": 13, "n_X_seeds": 13, "n_reassignable": 0, "target_color": "#7acc44"}}, {"type": "Feature", "geometry": {"type": "Point", "coordinates": [2.3647082, 6.5426934]}, "properties": {"poi_name": "EEAD AGASSA GODOMEY Temple Carmel de feu", "matched_quartier": "Agassa-Godomey", "status": "VALID", "reason": "already_on_X_network", "n_seeds": 19, "n_X_seeds": 19, "n_reassignable": 0, "target_color": "#7acc44"}}, {"type": "Feature", "geometry": {"type": "Point", "coordinates": [2.3123057, 6.4132963]}, "properties": {"poi_name": "School Supérieure Sainte Felicité De Godomey", "matched_quartier": "Agassa-Godomey", "status": "INVALID", "reason": "no_connection_to_X_network", "n_seeds": 49, "n_X_seeds": 0, "n_reassignable": 0, "target_color": "#7acc44"}}, {"type": "Feature", "geometry": {"type": "Point", "coordinates": [2.3235989999999997, 6.4265425]}, "properties": {"poi_name": "Mosqué de Tankpe Atinkanmey", "matched_quartier": "Tankpè-Tanmè", "status": "VALID", "reason": "already_on_X_network", "n_seeds": 24, "n_X_seeds": 24, "n_reassignable": 0, "target_color": "#ce4b74"}}, {"type": "Feature", "geometry": {"type": "Point", "coordinates": [2.3218213, 6.4306537]}, "properties": {"poi_name": "EEPCM TANKPÈ", "matched_quartier": "Tankpè-Tanmè", "status": "VALID", "reason": "already_on_X_network", "n_seeds": 15, "n_X_seeds": 15, "n_reassignable": 0, "target_color": "#ce4b74"}}, {"type": "Feature", "geometry": {"type": "Point", "coordinates": [2.3143642, 6.424773999999999]}, "properties": {"poi_name": "Tankpê Tanmey", "matched_quartier": "Tankpè-Tanmè", "status": "VALID", "reason": "reached_X_network", "n_seeds": 39, "n_X_seeds": 0, "n_reassignable": 59, "target_color": "#ce4b74"}}, {"type": "Feature", "geometry": {"type": "Point", "coordinates": [2.3218262999999997, 6.4288836]}, "properties": {"poi_name": "HairwigsbyGNH(annexe tankpè)", "matched_quartier": "Tankpè-Tanmè", "status": "VALID", "reason": "already_on_X_network", "n_seeds": 39, "n_X_seeds": 39, "n_reassignable": 0, "target_color": "#ce4b74"}}, {"type": "Feature", "geometry": {"type": "Point", "coordinates": [2.6203212, 6.478623799999999]}, "properties": {"poi_name": "Houinmè", "matched_quartier": "Houinmè", "status": "INVALID", "reason": "no_road_within_150m", "n_seeds": 0, "n_X_seeds": 0, "n_reassignable": 0, "target_color": "#dbd647"}}, {"type": "Feature", "geometry": {"type": "Point", "coordinates": [2.6259044, 6.4954203]}, "properties": {"poi_name": "Public Primary School Houinme Ganto", "matched_quartier": "Houinmè", "status": "INVALID", "reason": "no_road_within_150m", "n_seeds": 0, "n_X_seeds": 0, "n_reassignable": 0, "target_color": "#dbd647"}}, {"type": "Feature", "geometry": {"type": "Point", "coordinates": [2.6261372, 6.498029799999999]}, "properties": {"poi_name": "Arrondissement de HOUINMÈ", "matched_quartier": "Houinmè", "status": "INVALID", "reason": "no_road_within_150m", "n_seeds": 0, "n_X_seeds": 0, "n_reassignable": 0, "target_color": "#dbd647"}}, {"type": "Feature", "geometry": {"type": "Point", "coordinates": [2.6211216999999998, 6.4963353999999995]}, "properties": {"poi_name": "Place publique HOUINMÈ", "matched_quartier": "Houinmè", "status": "INVALID", "reason": "no_road_within_150m", "n_seeds": 0, "n_X_seeds": 0, "n_reassignable": 0, "target_color": "#dbd647"}}, {"type": "Feature", "geometry": {"type": "Point", "coordinates": [2.6219375, 6.4964257000000005]}, "properties": {"poi_name": "Houinmè place publique fusion", "matched_quartier": "Houinmè", "status": "INVALID", "reason": "no_road_within_150m", "n_seeds": 0, "n_X_seeds": 0, "n_reassignable": 0, "target_color": "#dbd647"}}, {"type": "Feature", "geometry": {"type": "Point", "coordinates": [2.6207002999999998, 6.3811048999999995]}, "properties": {"poi_name": "Carrefour Sèmè", "matched_quartier": "Sèmè", "status": "INVALID", "reason": "no_road_within_150m", "n_seeds": 0, "n_X_seeds": 0, "n_reassignable": 0, "target_color": "#44df9e"}}, {"type": "Feature", "geometry": {"type": "Point", "coordinates": [2.6042874, 6.379129799999999]}, "properties": {"poi_name": "MOSQUÉE SÈME", "matched_quartier": "Sèmè", "status": "INVALID", "reason": "no_road_within_150m", "n_seeds": 0, "n_X_seeds": 0, "n_reassignable": 0, "target_color": "#44df9e"}}, {"type": "Feature", "geometry": {"type": "Point", "coordinates": [2.6975803999999997, 6.3803195]}, "properties": {"poi_name": "Église Catholique St Michel De Sèmè Kraké.", "matched_quartier": "Sèmè", "status": "INVALID", "reason": "no_road_within_150m", "n_seeds": 0, "n_X_seeds": 0, "n_reassignable": 0, "target_color": "#44df9e"}}, {"type": "Feature", "geometry": {"type": "Point", "coordinates": [2.6034797, 6.3822386]}, "properties": {"poi_name": "Mairie de Sèmè Podji", "matched_quartier": "Sèmè", "status": "INVALID", "reason": "no_road_within_150m", "n_seeds": 0, "n_X_seeds": 0, "n_reassignable": 0, "target_color": "#44df9e"}}, {"type": "Feature", "geometry": {"type": "Point", "coordinates": [2.3939379, 6.3531261]}, "properties": {"poi_name": "Sèmè City Open Park (SCOP)", "matched_quartier": "Sèmè", "status": "INVALID", "reason": "no_connection_to_X_network", "n_seeds": 29, "n_X_seeds": 0, "n_reassignable": 0, "target_color": "#44df9e"}}, {"type": "Feature", "geometry": {"type": "Point", "coordinates": [2.0837404, 7.179971699999999]}, "properties": {"poi_name": "Health Center De Semè", "matched_quartier": "Sèmè", "status": "INVALID", "reason": "no_road_within_150m", "n_seeds": 0, "n_X_seeds": 0, "n_reassignable": 0, "target_color": "#44df9e"}}, {"type": "Feature", "geometry": {"type": "Point", "coordinates": [2.6073049999999998, 6.3823916999999994]}, "properties": {"poi_name": "Ceg Seme-Podji", "matched_quartier": "Sèmè", "status": "INVALID", "reason": "no_road_within_150m", "n_seeds": 0, "n_X_seeds": 0, "n_reassignable": 0, "target_color": "#44df9e"}}, {"type": "Feature", "geometry": {"type": "Point", "coordinates": [9.0541304, 4.0570274]}, "properties": {"poi_name": "Seme Beach Hotel, plage", "matched_quartier": "Sèmè", "status": "INVALID", "reason": "no_road_within_150m", "n_seeds": 0, "n_X_seeds": 0, "n_reassignable": 0, "target_color": "#44df9e"}}, {"type": "Feature", "geometry": {"type": "Point", "coordinates": [2.3949498, 6.352714499999999]}, "properties": {"poi_name": "Sèmè One", "matched_quartier": "Sèmè", "status": "INVALID", "reason": "no_connection_to_X_network", "n_seeds": 52, "n_X_seeds": 0, "n_reassignable": 0, "target_color": "#44df9e"}}, {"type": "Feature", "geometry": {"type": "Point", "coordinates": [2.6069218999999997, 6.380787499999999]}, "properties": {"poi_name": "STADE SEME PODJI", "matched_quartier": "Sèmè", "status": "INVALID", "reason": "no_road_within_150m", "n_seeds": 0, "n_X_seeds": 0, "n_reassignable": 0, "target_color": "#44df9e"}}, {"type": "Feature", "geometry": {"type": "Point", "coordinates": [2.317444, 6.4584265]}, "properties": {"poi_name": "Marché de TOKAN Abomey calavi", "matched_quartier": "Tokan", "status": "VALID", "reason": "reached_X_network", "n_seeds": 16, "n_X_seeds": 0, "n_reassignable": 20, "target_color": "#d344ad"}}, {"type": "Feature", "geometry": {"type": "Point", "coordinates": [2.3150288999999997, 6.447945700000001]}, "properties": {"poi_name": "Mosquée Tokan", "matched_quartier": "Tokan", "status": "VALID", "reason": "already_on_X_network", "n_seeds": 22, "n_X_seeds": 22, "n_reassignable": 0, "target_color": "#d344ad"}}, {"type": "Feature", "geometry": {"type": "Point", "coordinates": [2.3187233, 6.45937]}, "properties": {"poi_name": "Tokan Carrefour", "matched_quartier": "Tokan", "status": "VALID", "reason": "reached_X_network", "n_seeds": 13, "n_X_seeds": 0, "n_reassignable": 22, "target_color": "#d344ad"}}, {"type": "Feature", "geometry": {"type": "Point", "coordinates": [2.3161353, 6.4536449]}, "properties": {"poi_name": "Paroisse Saint Pierre de Tokan", "matched_quartier": "Tokan", "status": "VALID", "reason": "reached_X_network", "n_seeds": 23, "n_X_seeds": 21, "n_reassignable": 2, "target_color": "#d344ad"}}, {"type": "Feature", "geometry": {"type": "Point", "coordinates": [2.3496539999999997, 6.3724682999999995]}, "properties": {"poi_name": "Tokan", "matched_quartier": "Tokan", "status": "INVALID", "reason": "no_connection_to_X_network", "n_seeds": 15, "n_X_seeds": 0, "n_reassignable": 0, "target_color": "#d344ad"}}, {"type": "Feature", "geometry": {"type": "Point", "coordinates": [2.3244417, 6.457655]}, "properties": {"poi_name": "JNP Calavi, tokan", "matched_quartier": "Tokan", "status": "VALID", "reason": "reached_X_network", "n_seeds": 17, "n_X_seeds": 0, "n_reassignable": 42, "target_color": "#d344ad"}}, {"type": "Feature", "geometry": {"type": "Point", "coordinates": [2.3557503, 6.5724298999999995]}, "properties": {"poi_name": "Mosquée Attanmiya Agonsoudja", "matched_quartier": "Agonsoudja", "status": "VALID", "reason": "reached_X_network", "n_seeds": 8, "n_X_seeds": 0, "n_reassignable": 29, "target_color": "#ca9f3a"}}, {"type": "Feature", "geometry": {"type": "Point", "coordinates": [2.3486347999999997, 6.5657359]}, "properties": {"poi_name": "Complexe Scolaire d'Agonsoudja", "matched_quartier": "Agonsoudja", "status": "VALID", "reason": "already_on_X_network", "n_seeds": 19, "n_X_seeds": 19, "n_reassignable": 0, "target_color": "#ca9f3a"}}, {"type": "Feature", "geometry": {"type": "Point", "coordinates": [2.2233335999999997, 6.4796664999999996]}, "properties": {"poi_name": "Hêvié Dossounou", "matched_quartier": "Dossounou", "status": "VALID", "reason": "already_on_X_network", "n_seeds": 9, "n_X_seeds": 9, "n_reassignable": 0, "target_color": "#da914d"}}, {"type": "Feature", "geometry": {"type": "Point", "coordinates": [2.2217754999999997, 6.4890289]}, "properties": {"poi_name": "Public Primary School De Dossounou", "matched_quartier": "Dossounou", "status": "VALID", "reason": "reached_X_network", "n_seeds": 5, "n_X_seeds": 1, "n_reassignable": 4, "target_color": "#da914d"}}, {"type": "Feature", "geometry": {"type": "Point", "coordinates": [2.2480526999999997, 6.4537040999999995]}, "properties": {"poi_name": "Dossounou", "matched_quartier": "Dossounou", "status": "VALID", "reason": "reached_X_network", "n_seeds": 27, "n_X_seeds": 0, "n_reassignable": 65, "target_color": "#da914d"}}, {"type": "Feature", "geometry": {"type": "Point", "coordinates": [2.2269245, 6.4724242]}, "properties": {"poi_name": "Catholic church Saint-Benoit Dossounou", "matched_quartier": "Dossounou", "status": "VALID", "reason": "already_on_X_network", "n_seeds": 7, "n_X_seeds": 7, "n_reassignable": 0, "target_color": "#da914d"}}, {"type": "Feature", "geometry": {"type": "Point", "coordinates": [2.3687511999999997, 6.5284803]}, "properties": {"poi_name": "Glo-Tokpa", "matched_quartier": "Glo-Tokpa", "status": "VALID", "reason": "already_on_X_network", "n_seeds": 14, "n_X_seeds": 14, "n_reassignable": 0, "target_color": "#6dc843"}}, {"type": "Feature", "geometry": {"type": "Point", "coordinates": [2.3666798, 6.5255925999999995]}, "properties": {"poi_name": "Eglise Ste Cécile de Glo-Tokpa", "matched_quartier": "Glo-Tokpa", "status": "VALID", "reason": "already_on_X_network", "n_seeds": 11, "n_X_seeds": 11, "n_reassignable": 0, "target_color": "#6dc843"}}, {"type": "Feature", "geometry": {"type": "Point", "coordinates": [2.3468166999999998, 6.4502938]}, "properties": {"poi_name": "Houèkègbo", "matched_quartier": "Houèkè-Gbo", "status": "INVALID", "reason": "no_connection_to_X_network", "n_seeds": 20, "n_X_seeds": 0, "n_reassignable": 0, "target_color": "#c141d8"}}, {"type": "Feature", "geometry": {"type": "Point", "coordinates": [2.3377024, 6.542222]}, "properties": {"poi_name": "Adjogansa", "matched_quartier": "Adjogansa", "status": "INVALID", "reason": "no_connection_to_X_network", "n_seeds": 41, "n_X_seeds": 0, "n_reassignable": 0, "target_color": "#d2a04a"}}, {"type": "Feature", "geometry": {"type": "Point", "coordinates": [2.3346033, 6.3818633]}, "properties": {"poi_name": "Quartier Dekoungbe", "matched_quartier": "Dèkoungbé", "status": "INVALID", "reason": "matched_name_not_in_propagation", "n_seeds": 0, "n_X_seeds": 0, "n_reassignable": 0, "target_color": "#666"}}, {"type": "Feature", "geometry": {"type": "Point", "coordinates": [2.3258166, 6.361238999999999]}, "properties": {"poi_name": "Epp Togbinkpevi", "matched_quartier": "Togbin-Kpèvi", "status": "VALID", "reason": "already_on_X_network", "n_seeds": 11, "n_X_seeds": 11, "n_reassignable": 0, "target_color": "#d93da2"}}, {"type": "Feature", "geometry": {"type": "Point", "coordinates": [2.330588, 6.3559426]}, "properties": {"poi_name": "Camp Militaire Caserne Togbin", "matched_quartier": "Togbin-Kpèvi", "status": "VALID", "reason": "reached_X_network", "n_seeds": 22, "n_X_seeds": 0, "n_reassignable": 41, "target_color": "#d93da2"}}, {"type": "Feature", "geometry": {"type": "Point", "coordinates": [2.3721322000000002, 6.3577954]}, "properties": {"poi_name": "Togbin", "matched_quartier": "Togbin-Kpèvi", "status": "INVALID", "reason": "no_connection_to_X_network", "n_seeds": 31, "n_X_seeds": 0, "n_reassignable": 0, "target_color": "#d93da2"}}, {"type": "Feature", "geometry": {"type": "Point", "coordinates": [30.1116408, -1.9603523]}, "properties": {"poi_name": "Polyclinique du Plateau", "matched_quartier": "Plateau", "status": "INVALID", "reason": "matched_name_not_in_propagation", "n_seeds": 0, "n_X_seeds": 0, "n_reassignable": 0, "target_color": "#666"}}, {"type": "Feature", "geometry": {"type": "Point", "coordinates": [30.109847199999997, -1.9515417999999998]}, "properties": {"poi_name": "Polyclinique du Plateau", "matched_quartier": "Plateau", "status": "INVALID", "reason": "matched_name_not_in_propagation", "n_seeds": 0, "n_X_seeds": 0, "n_reassignable": 0, "target_color": "#666"}}, {"type": "Feature", "geometry": {"type": "Point", "coordinates": [2.2040949999999997, 48.9337599]}, "properties": {"poi_name": "Clinic Plateau Bezons - General Ramsay Health", "matched_quartier": "Plateau", "status": "INVALID", "reason": "matched_name_not_in_propagation", "n_seeds": 0, "n_X_seeds": 0, "n_reassignable": 0, "target_color": "#666"}}, {"type": "Feature", "geometry": {"type": "Point", "coordinates": [2.2618457, 48.7905577]}, "properties": {"poi_name": "Pole De Sante Du Plateau", "matched_quartier": "Plateau", "status": "INVALID", "reason": "matched_name_not_in_propagation", "n_seeds": 0, "n_X_seeds": 0, "n_reassignable": 0, "target_color": "#666"}}, {"type": "Feature", "geometry": {"type": "Point", "coordinates": [-17.437482, 14.6613409]}, "properties": {"poi_name": "Commissariat du Plateau", "matched_quartier": "Plateau", "status": "INVALID", "reason": "matched_name_not_in_propagation", "n_seeds": 0, "n_X_seeds": 0, "n_reassignable": 0, "target_color": "#666"}}, {"type": "Feature", "geometry": {"type": "Point", "coordinates": [15.265318899999999, -4.2596999]}, "properties": {"poi_name": "Marché Plateau", "matched_quartier": "Plateau", "status": "INVALID", "reason": "matched_name_not_in_propagation", "n_seeds": 0, "n_X_seeds": 0, "n_reassignable": 0, "target_color": "#666"}}, {"type": "Feature", "geometry": {"type": "Point", "coordinates": [-75.80026160000001, 45.4339996]}, "properties": {"poi_name": "Marché Public du Plateau", "matched_quartier": "Plateau", "status": "INVALID", "reason": "matched_name_not_in_propagation", "n_seeds": 0, "n_X_seeds": 0, "n_reassignable": 0, "target_color": "#666"}}, {"type": "Feature", "geometry": {"type": "Point", "coordinates": [-4.0177051, 5.3227318]}, "properties": {"poi_name": "Plateau Market Day", "matched_quartier": "Plateau", "status": "INVALID", "reason": "matched_name_not_in_propagation", "n_seeds": 0, "n_X_seeds": 0, "n_reassignable": 0, "target_color": "#666"}}, {"type": "Feature", "geometry": {"type": "Point", "coordinates": [-4.015661199999999, 5.319416299999999]}, "properties": {"poi_name": "Salam Mosque of Plateau", "matched_quartier": "Plateau", "status": "INVALID", "reason": "matched_name_not_in_propagation", "n_seeds": 0, "n_X_seeds": 0, "n_reassignable": 0, "target_color": "#666"}}, {"type": "Feature", "geometry": {"type": "Point", "coordinates": [9.6966734, 4.0289016]}, "properties": {"poi_name": "PHARMACIE DU PLATEAU", "matched_quartier": "Plateau", "status": "INVALID", "reason": "matched_name_not_in_propagation", "n_seeds": 0, "n_X_seeds": 0, "n_reassignable": 0, "target_color": "#666"}}, {"type": "Feature", "geometry": {"type": "Point", "coordinates": [4.7958064, 45.786608]}, "properties": {"poi_name": "GRANDE PHARMACIE DU PLATEAU", "matched_quartier": "Plateau", "status": "INVALID", "reason": "matched_name_not_in_propagation", "n_seeds": 0, "n_X_seeds": 0, "n_reassignable": 0, "target_color": "#666"}}, {"type": "Feature", "geometry": {"type": "Point", "coordinates": [55.2658462, -21.0243799]}, "properties": {"poi_name": "PHARMACIE DE PLATEAU CAILLOU", "matched_quartier": "Plateau", "status": "INVALID", "reason": "matched_name_not_in_propagation", "n_seeds": 0, "n_X_seeds": 0, "n_reassignable": 0, "target_color": "#666"}}, {"type": "Feature", "geometry": {"type": "Point", "coordinates": [-4.0160595, 5.318709]}, "properties": {"poi_name": "Supermarché BONPRIX Plateau Commerce", "matched_quartier": "Plateau", "status": "INVALID", "reason": "matched_name_not_in_propagation", "n_seeds": 0, "n_X_seeds": 0, "n_reassignable": 0, "target_color": "#666"}}, {"type": "Feature", "geometry": {"type": "Point", "coordinates": [-73.56729059999999, 45.52536680000001]}, "properties": {"poi_name": "Le Plateau Elementary School", "matched_quartier": "Plateau", "status": "INVALID", "reason": "matched_name_not_in_propagation", "n_seeds": 0, "n_X_seeds": 0, "n_reassignable": 0, "target_color": "#666"}}, {"type": "Feature", "geometry": {"type": "Point", "coordinates": [-75.7814942, 45.4395173]}, "properties": {"poi_name": "Plateau School", "matched_quartier": "Plateau", "status": "INVALID", "reason": "matched_name_not_in_propagation", "n_seeds": 0, "n_X_seeds": 0, "n_reassignable": 0, "target_color": "#666"}}, {"type": "Feature", "geometry": {"type": "Point", "coordinates": [6.1177237, 46.1962785]}, "properties": {"poi_name": "Ecole du Plateau", "matched_quartier": "Plateau", "status": "INVALID", "reason": "matched_name_not_in_propagation", "n_seeds": 0, "n_X_seeds": 0, "n_reassignable": 0, "target_color": "#666"}}, {"type": "Feature", "geometry": {"type": "Point", "coordinates": [-75.7753852, 45.4363607]}, "properties": {"poi_name": "Eglise Chretienne du Plateau", "matched_quartier": "Plateau", "status": "INVALID", "reason": "matched_name_not_in_propagation", "n_seeds": 0, "n_X_seeds": 0, "n_reassignable": 0, "target_color": "#666"}}, {"type": "Feature", "geometry": {"type": "Point", "coordinates": [30.0604431, -1.9398498000000002]}, "properties": {"poi_name": "Hauts plateaux Ltd", "matched_quartier": "Plateau", "status": "INVALID", "reason": "matched_name_not_in_propagation", "n_seeds": 0, "n_X_seeds": 0, "n_reassignable": 0, "target_color": "#666"}}, {"type": "Feature", "geometry": {"type": "Point", "coordinates": [-73.5863614, 45.537482399999995]}, "properties": {"poi_name": "Église du Plateau Mont-Royal", "matched_quartier": "Plateau", "status": "INVALID", "reason": "matched_name_not_in_propagation", "n_seeds": 0, "n_X_seeds": 0, "n_reassignable": 0, "target_color": "#666"}}, {"type": "Feature", "geometry": {"type": "Point", "coordinates": [-73.5879707, 45.526285099999996]}, "properties": {"poi_name": "Le Plateau-Mont-Royal", "matched_quartier": "Plateau", "status": "INVALID", "reason": "matched_name_not_in_propagation", "n_seeds": 0, "n_X_seeds": 0, "n_reassignable": 0, "target_color": "#666"}}, {"type": "Feature", "geometry": {"type": "Point", "coordinates": [-73.56872299999999, 45.514572]}, "properties": {"poi_name": "Auberge du Plateau", "matched_quartier": "Plateau", "status": "INVALID", "reason": "matched_name_not_in_propagation", "n_seeds": 0, "n_X_seeds": 0, "n_reassignable": 0, "target_color": "#666"}}, {"type": "Feature", "geometry": {"type": "Point", "coordinates": [-17.4377446, 14.668152]}, "properties": {"poi_name": "Auberge du plateau", "matched_quartier": "Plateau", "status": "INVALID", "reason": "matched_name_not_in_propagation", "n_seeds": 0, "n_X_seeds": 0, "n_reassignable": 0, "target_color": "#666"}}, {"type": "Feature", "geometry": {"type": "Point", "coordinates": [-4.0145789, 5.3178469999999995]}, "properties": {"poi_name": "BOA Plateau", "matched_quartier": "Plateau", "status": "INVALID", "reason": "matched_name_not_in_propagation", "n_seeds": 0, "n_X_seeds": 0, "n_reassignable": 0, "target_color": "#666"}}, {"type": "Feature", "geometry": {"type": "Point", "coordinates": [-4.0180516, 5.3208057]}, "properties": {"poi_name": "GT Bank, Plateau", "matched_quartier": "Plateau", "status": "INVALID", "reason": "matched_name_not_in_propagation", "n_seeds": 0, "n_X_seeds": 0, "n_reassignable": 0, "target_color": "#666"}}, {"type": "Feature", "geometry": {"type": "Point", "coordinates": [-75.7799751, 45.43314970000001]}, "properties": {"poi_name": "Centre Bancaire Du Plateau", "matched_quartier": "Plateau", "status": "INVALID", "reason": "matched_name_not_in_propagation", "n_seeds": 0, "n_X_seeds": 0, "n_reassignable": 0, "target_color": "#666"}}, {"type": "Feature", "geometry": {"type": "Point", "coordinates": [29.7557471, -2.0889875]}, "properties": {"poi_name": "PLATEAU BAR RESTO", "matched_quartier": "Plateau", "status": "INVALID", "reason": "matched_name_not_in_propagation", "n_seeds": 0, "n_X_seeds": 0, "n_reassignable": 0, "target_color": "#666"}}, {"type": "Feature", "geometry": {"type": "Point", "coordinates": [5.702984799999999, 50.6121236]}, "properties": {"poi_name": "Cabinet Medical du Plateau", "matched_quartier": "Plateau", "status": "INVALID", "reason": "matched_name_not_in_propagation", "n_seeds": 0, "n_X_seeds": 0, "n_reassignable": 0, "target_color": "#666"}}, {"type": "Feature", "geometry": {"type": "Point", "coordinates": [1.3550212, 44.0137347]}, "properties": {"poi_name": "Groupe Médical du Plateau", "matched_quartier": "Plateau", "status": "INVALID", "reason": "matched_name_not_in_propagation", "n_seeds": 0, "n_X_seeds": 0, "n_reassignable": 0, "target_color": "#666"}}, {"type": "Feature", "geometry": {"type": "Point", "coordinates": [-73.575897, 45.5397487]}, "properties": {"poi_name": "Centre du Plateau", "matched_quartier": "Plateau", "status": "INVALID", "reason": "matched_name_not_in_propagation", "n_seeds": 0, "n_X_seeds": 0, "n_reassignable": 0, "target_color": "#666"}}, {"type": "Feature", "geometry": {"type": "Point", "coordinates": [-75.7815525, 45.4394334]}, "properties": {"poi_name": "Centre communautaire du Plateau", "matched_quartier": "Plateau", "status": "INVALID", "reason": "matched_name_not_in_propagation", "n_seeds": 0, "n_X_seeds": 0, "n_reassignable": 0, "target_color": "#666"}}, {"type": "Feature", "geometry": {"type": "Point", "coordinates": [-17.4418869, 14.678575799999999]}, "properties": {"poi_name": "Center Health Dakar Plateau", "matched_quartier": "Plateau", "status": "INVALID", "reason": "matched_name_not_in_propagation", "n_seeds": 0, "n_X_seeds": 0, "n_reassignable": 0, "target_color": "#666"}}, {"type": "Feature", "geometry": {"type": "Point", "coordinates": [-73.5764506, 45.5199319]}, "properties": {"poi_name": "Loge 316 (Plateau)", "matched_quartier": "Plateau", "status": "INVALID", "reason": "matched_name_not_in_propagation", "n_seeds": 0, "n_X_seeds": 0, "n_reassignable": 0, "target_color": "#666"}}, {"type": "Feature", "geometry": {"type": "Point", "coordinates": [-73.5751919, 45.5331749]}, "properties": {"poi_name": "Origin Salon De Barbier | Coiffeur Hommes, Enfants & Barbe - Plateau Mont-Royal Montréal", "matched_quartier": "Plateau", "status": "INVALID", "reason": "matched_name_not_in_propagation", "n_seeds": 0, "n_X_seeds": 0, "n_reassignable": 0, "target_color": "#666"}}, {"type": "Feature", "geometry": {"type": "Point", "coordinates": [-73.569492, 45.5180167]}, "properties": {"poi_name": "Teck Studio | Salon de coiffure — Plateau-Mont-Royal", "matched_quartier": "Plateau", "status": "INVALID", "reason": "matched_name_not_in_propagation", "n_seeds": 0, "n_X_seeds": 0, "n_reassignable": 0, "target_color": "#666"}}, {"type": "Feature", "geometry": {"type": "Point", "coordinates": [5.7880059, 46.392939999999996]}, "properties": {"poi_name": "Middle School Du Plateau", "matched_quartier": "Plateau", "status": "INVALID", "reason": "matched_name_not_in_propagation", "n_seeds": 0, "n_X_seeds": 0, "n_reassignable": 0, "target_color": "#666"}}, {"type": "Feature", "geometry": {"type": "Point", "coordinates": [1.2017525, 6.153262]}, "properties": {"poi_name": "Middle School Plateau", "matched_quartier": "Plateau", "status": "INVALID", "reason": "matched_name_not_in_propagation", "n_seeds": 0, "n_X_seeds": 0, "n_reassignable": 0, "target_color": "#666"}}, {"type": "Feature", "geometry": {"type": "Point", "coordinates": [55.4195615, -21.2795958]}, "properties": {"poi_name": "Middle School Plateau Goyaves", "matched_quartier": "Plateau", "status": "INVALID", "reason": "matched_name_not_in_propagation", "n_seeds": 0, "n_X_seeds": 0, "n_reassignable": 0, "target_color": "#666"}}, {"type": "Feature", "geometry": {"type": "Point", "coordinates": [55.2666713, -21.0207203]}, "properties": {"poi_name": "Middle School Plateau Caillou", "matched_quartier": "Plateau", "status": "INVALID", "reason": "matched_name_not_in_propagation", "n_seeds": 0, "n_X_seeds": 0, "n_reassignable": 0, "target_color": "#666"}}, {"type": "Feature", "geometry": {"type": "Point", "coordinates": [-4.0176058, 5.3139378]}, "properties": {"poi_name": "lagoon station STL of the Plateau", "matched_quartier": "Plateau", "status": "INVALID", "reason": "matched_name_not_in_propagation", "n_seeds": 0, "n_X_seeds": 0, "n_reassignable": 0, "target_color": "#666"}}, {"type": "Feature", "geometry": {"type": "Point", "coordinates": [-4.0184027, 5.3146512]}, "properties": {"poi_name": "Gare Sud-Plateau", "matched_quartier": "Plateau", "status": "INVALID", "reason": "matched_name_not_in_propagation", "n_seeds": 0, "n_X_seeds": 0, "n_reassignable": 0, "target_color": "#666"}}, {"type": "Feature", "geometry": {"type": "Point", "coordinates": [-4.003143, 5.3491624]}, "properties": {"poi_name": "Gare Cocody Plateau Treichville", "matched_quartier": "Plateau", "status": "INVALID", "reason": "matched_name_not_in_propagation", "n_seeds": 0, "n_X_seeds": 0, "n_reassignable": 0, "target_color": "#666"}}, {"type": "Feature", "geometry": {"type": "Point", "coordinates": [29.821506499999998, -2.9108850000000004]}, "properties": {"poi_name": "Hôtel Des Plateaux", "matched_quartier": "Plateau", "status": "INVALID", "reason": "matched_name_not_in_propagation", "n_seeds": 0, "n_X_seeds": 0, "n_reassignable": 0, "target_color": "#666"}}, {"type": "Feature", "geometry": {"type": "Point", "coordinates": [-4.0176047, 5.322066899999999]}, "properties": {"poi_name": "LABORATOIRE CENTRAL PLATEAU", "matched_quartier": "Plateau", "status": "INVALID", "reason": "matched_name_not_in_propagation", "n_seeds": 0, "n_X_seeds": 0, "n_reassignable": 0, "target_color": "#666"}}, {"type": "Feature", "geometry": {"type": "Point", "coordinates": [2.1907676, 48.9428157]}, "properties": {"poi_name": "Laboratoire de Biologie Médicale - Sartrouville Plateau - Cerballiance", "matched_quartier": "Plateau", "status": "INVALID", "reason": "matched_name_not_in_propagation", "n_seeds": 0, "n_X_seeds": 0, "n_reassignable": 0, "target_color": "#666"}}, {"type": "Feature", "geometry": {"type": "Point", "coordinates": [-6.8061079, 34.0334408]}, "properties": {"poi_name": "Lycée Fkih Titouani - Plateau", "matched_quartier": "Plateau", "status": "INVALID", "reason": "matched_name_not_in_propagation", "n_seeds": 0, "n_X_seeds": 0, "n_reassignable": 0, "target_color": "#666"}}, {"type": "Feature", "geometry": {"type": "Point", "coordinates": [-4.0241852, 5.3238857]}, "properties": {"poi_name": "Mayor of the Plateau", "matched_quartier": "Plateau", "status": "INVALID", "reason": "matched_name_not_in_propagation", "n_seeds": 0, "n_X_seeds": 0, "n_reassignable": 0, "target_color": "#666"}}, {"type": "Feature", "geometry": {"type": "Point", "coordinates": [-17.4361717, 14.674863599999998]}, "properties": {"poi_name": "Mairie Dakar Plateau", "matched_quartier": "Plateau", "status": "INVALID", "reason": "matched_name_not_in_propagation", "n_seeds": 0, "n_X_seeds": 0, "n_reassignable": 0, "target_color": "#666"}}, {"type": "Feature", "geometry": {"type": "Point", "coordinates": [-73.58991329999999, 45.522365699999995]}, "properties": {"poi_name": "Plateau Mécanique", "matched_quartier": "Plateau", "status": "INVALID", "reason": "matched_name_not_in_propagation", "n_seeds": 0, "n_X_seeds": 0, "n_reassignable": 0, "target_color": "#666"}}, {"type": "Feature", "geometry": {"type": "Point", "coordinates": [-73.5825191, 45.520625100000004]}, "properties": {"poi_name": "Service Mécanique Plateau", "matched_quartier": "Plateau", "status": "INVALID", "reason": "matched_name_not_in_propagation", "n_seeds": 0, "n_X_seeds": 0, "n_reassignable": 0, "target_color": "#666"}}, {"type": "Feature", "geometry": {"type": "Point", "coordinates": [-4.0218894, 5.330142800000001]}, "properties": {"poi_name": "Poste plateau, retrait de colis", "matched_quartier": "Plateau", "status": "INVALID", "reason": "matched_name_not_in_propagation", "n_seeds": 0, "n_X_seeds": 0, "n_reassignable": 0, "target_color": "#666"}}, {"type": "Feature", "geometry": {"type": "Point", "coordinates": [28.883944099999997, -2.5036612]}, "properties": {"poi_name": "Club le plateau AC Rugby Bukavu", "matched_quartier": "Plateau", "status": "INVALID", "reason": "matched_name_not_in_propagation", "n_seeds": 0, "n_X_seeds": 0, "n_reassignable": 0, "target_color": "#666"}}, {"type": "Feature", "geometry": {"type": "Point", "coordinates": [29.751386099999994, -2.0843002]}, "properties": {"poi_name": "Le plateau Taxi park", "matched_quartier": "Plateau", "status": "INVALID", "reason": "matched_name_not_in_propagation", "n_seeds": 0, "n_X_seeds": 0, "n_reassignable": 0, "target_color": "#666"}}, {"type": "Feature", "geometry": {"type": "Point", "coordinates": [-71.365776, 46.7467117]}, "properties": {"poi_name": "Terrain de baseball | Parc du Plateau", "matched_quartier": "Plateau", "status": "INVALID", "reason": "matched_name_not_in_propagation", "n_seeds": 0, "n_X_seeds": 0, "n_reassignable": 0, "target_color": "#666"}}, {"type": "Feature", "geometry": {"type": "Point", "coordinates": [-4.0205985, 5.330006099999999]}, "properties": {"poi_name": "Tribunal de première instance du plateau", "matched_quartier": "Plateau", "status": "INVALID", "reason": "matched_name_not_in_propagation", "n_seeds": 0, "n_X_seeds": 0, "n_reassignable": 0, "target_color": "#666"}}, {"type": "Feature", "geometry": {"type": "Point", "coordinates": [-4.0214392, 5.330723]}, "properties": {"poi_name": "TRIBUNAL DU TRAVAIL D'ABIDJAN - PLATEAU", "matched_quartier": "Plateau", "status": "INVALID", "reason": "matched_name_not_in_propagation", "n_seeds": 0, "n_X_seeds": 0, "n_reassignable": 0, "target_color": "#666"}}, {"type": "Feature", "geometry": {"type": "Point", "coordinates": [-4.0201415, 5.3316688999999995]}, "properties": {"poi_name": "Palais De justice Du Plateau", "matched_quartier": "Plateau", "status": "INVALID", "reason": "matched_name_not_in_propagation", "n_seeds": 0, "n_X_seeds": 0, "n_reassignable": 0, "target_color": "#666"}}, {"type": "Feature", "geometry": {"type": "Point", "coordinates": [2.3468195, 6.4503024]}, "properties": {"poi_name": "Terrain potentiel Ouedo Kpossidja GS", "matched_quartier": "Kpossidja", "status": "INVALID", "reason": "no_connection_to_X_network", "n_seeds": 20, "n_X_seeds": 0, "n_reassignable": 0, "target_color": "#cfb848"}}, {"type": "Feature", "geometry": {"type": "Point", "coordinates": [2.2673242, 6.4889950999999995]}, "properties": {"poi_name": "Kpossidja Public Primary School", "matched_quartier": "Kpossidja", "status": "VALID", "reason": "already_on_X_network", "n_seeds": 34, "n_X_seeds": 34, "n_reassignable": 0, "target_color": "#cfb848"}}, {"type": "Feature", "geometry": {"type": "Point", "coordinates": [2.2606612999999998, 6.4723169]}, "properties": {"poi_name": "CARREFOUR KPOSSIDJA CARRIERE", "matched_quartier": "Kpossidja", "status": "VALID", "reason": "reached_X_network", "n_seeds": 36, "n_X_seeds": 0, "n_reassignable": 37, "target_color": "#cfb848"}}, {"type": "Feature", "geometry": {"type": "Point", "coordinates": [3.8495171000000004, 43.602018]}, "properties": {"poi_name": "Paroisse Notre-Dame-de-la-Paix", "matched_quartier": "La-Paix", "status": "INVALID", "reason": "matched_name_not_in_propagation", "n_seeds": 0, "n_X_seeds": 0, "n_reassignable": 0, "target_color": "#666"}}, {"type": "Feature", "geometry": {"type": "Point", "coordinates": [2.6361322, 6.5077789]}, "properties": {"poi_name": "Pharmacie REHOBOTH Hounsa", "matched_quartier": "Hounsa-Agbodokpa", "status": "INVALID", "reason": "matched_name_not_in_propagation", "n_seeds": 0, "n_X_seeds": 0, "n_reassignable": 0, "target_color": "#666"}}, {"type": "Feature", "geometry": {"type": "Point", "coordinates": [2.6571107, 6.499813]}, "properties": {"poi_name": "Public Primary School De Hounsa", "matched_quartier": "Hounsa-Agbodokpa", "status": "INVALID", "reason": "matched_name_not_in_propagation", "n_seeds": 0, "n_X_seeds": 0, "n_reassignable": 0, "target_color": "#666"}}, {"type": "Feature", "geometry": {"type": "Point", "coordinates": [2.3293954, 6.400077700000001]}, "properties": {"poi_name": "Chef quartier Hounsa agbodokpa", "matched_quartier": "Hounsa-Agbodokpa", "status": "INVALID", "reason": "matched_name_not_in_propagation", "n_seeds": 0, "n_X_seeds": 0, "n_reassignable": 0, "target_color": "#666"}}, {"type": "Feature", "geometry": {"type": "Point", "coordinates": [1.787977, 6.805019499999999]}, "properties": {"poi_name": "HOUNSA", "matched_quartier": "Hounsa-Agbodokpa", "status": "INVALID", "reason": "matched_name_not_in_propagation", "n_seeds": 0, "n_X_seeds": 0, "n_reassignable": 0, "target_color": "#666"}}, {"type": "Feature", "geometry": {"type": "Point", "coordinates": [2.4277995, 6.3562425]}, "properties": {"poi_name": "HOUNSA AUGUSTIN", "matched_quartier": "Hounsa-Agbodokpa", "status": "INVALID", "reason": "matched_name_not_in_propagation", "n_seeds": 0, "n_X_seeds": 0, "n_reassignable": 0, "target_color": "#666"}}, {"type": "Feature", "geometry": {"type": "Point", "coordinates": [5.6985516, 45.1803968]}, "properties": {"poi_name": "Agori Groupe", "matched_quartier": "Agori", "status": "INVALID", "reason": "no_road_within_150m", "n_seeds": 0, "n_X_seeds": 0, "n_reassignable": 0, "target_color": "#c644d0"}}, {"type": "Feature", "geometry": {"type": "Point", "coordinates": [2.347485, 6.44219]}, "properties": {"poi_name": "Carrefour AGORI calavi", "matched_quartier": "Agori", "status": "VALID", "reason": "reached_X_network", "n_seeds": 31, "n_X_seeds": 0, "n_reassignable": 35, "target_color": "#c644d0"}}, {"type": "Feature", "geometry": {"type": "Point", "coordinates": [83.0554241, 24.5970387]}, "properties": {"poi_name": "Agori Khas", "matched_quartier": "Agori", "status": "INVALID", "reason": "no_road_within_150m", "n_seeds": 0, "n_X_seeds": 0, "n_reassignable": 0, "target_color": "#c644d0"}}, {"type": "Feature", "geometry": {"type": "Point", "coordinates": [2.3261653, 6.5406471999999996]}, "properties": {"poi_name": "Lohoussa", "matched_quartier": "Lohoussa", "status": "INVALID", "reason": "no_connection_to_X_network", "n_seeds": 20, "n_X_seeds": 0, "n_reassignable": 0, "target_color": "#de4cde"}}, {"type": "Feature", "geometry": {"type": "Point", "coordinates": [2.3345572, 6.4993384999999995]}, "properties": {"poi_name": "MARCHÉ DE GROS ZOPAH / Akassato", "matched_quartier": "Zopah-Akassato", "status": "VALID", "reason": "reached_X_network", "n_seeds": 14, "n_X_seeds": 0, "n_reassignable": 53, "target_color": "#c84244"}}, {"type": "Feature", "geometry": {"type": "Point", "coordinates": [2.3573692, 6.484756]}, "properties": {"poi_name": "Pharmacie Zopah Olouwatobi", "matched_quartier": "Zopah-Kokpo", "status": "VALID", "reason": "already_on_X_network", "n_seeds": 61, "n_X_seeds": 61, "n_reassignable": 0, "target_color": "#dada4a"}}, {"type": "Feature", "geometry": {"type": "Point", "coordinates": [2.343541, 6.496694]}, "properties": {"poi_name": "Paroisse Ste Trinité de la ZOPAH", "matched_quartier": "Zopah-Kokpo", "status": "VALID", "reason": "reached_X_network", "n_seeds": 7, "n_X_seeds": 0, "n_reassignable": 24, "target_color": "#dada4a"}}, {"type": "Feature", "geometry": {"type": "Point", "coordinates": [2.3428252, 6.4732994]}, "properties": {"poi_name": "Calavi Zopah", "matched_quartier": "Zopah-Kokpo", "status": "VALID", "reason": "reached_X_network", "n_seeds": 23, "n_X_seeds": 0, "n_reassignable": 50, "target_color": "#dada4a"}}, {"type": "Feature", "geometry": {"type": "Point", "coordinates": [2.3428252, 6.4732994]}, "properties": {"poi_name": "Calavi Zopah", "matched_quartier": "Zopah-Kokpo", "status": "VALID", "reason": "reached_X_network", "n_seeds": 23, "n_X_seeds": 0, "n_reassignable": 50, "target_color": "#dada4a"}}, {"type": "Feature", "geometry": {"type": "Point", "coordinates": [2.3341409, 6.4480435]}, "properties": {"poi_name": "Paroisse Saint Moïse de Zopah", "matched_quartier": "Zopah-Kokpo", "status": "INVALID", "reason": "no_connection_to_X_network", "n_seeds": 21, "n_X_seeds": 0, "n_reassignable": 0, "target_color": "#dada4a"}}, {"type": "Feature", "geometry": {"type": "Point", "coordinates": [2.3501005999999998, 6.5014487999999995]}, "properties": {"poi_name": "ZOPAH JC", "matched_quartier": "Zopah-Kokpo", "status": "VALID", "reason": "reached_X_network", "n_seeds": 14, "n_X_seeds": 0, "n_reassignable": 35, "target_color": "#dada4a"}}, {"type": "Feature", "geometry": {"type": "Point", "coordinates": [2.3612886, 6.570515400000001]}, "properties": {"poi_name": "Public Primary School of Kpodji-les-Monts", "matched_quartier": "Kpodji-Les-Monts", "status": "VALID", "reason": "reached_X_network", "n_seeds": 3, "n_X_seeds": 0, "n_reassignable": 3, "target_color": "#d83eb2"}}, {"type": "Feature", "geometry": {"type": "Point", "coordinates": [2.3670625, 6.5713124999999994]}, "properties": {"poi_name": "Eglise catholique Saint Jean de la croix de Kpodji-Les-Monts", "matched_quartier": "Kpodji-Les-Monts", "status": "VALID", "reason": "reached_X_network", "n_seeds": 22, "n_X_seeds": 0, "n_reassignable": 29, "target_color": "#d83eb2"}}, {"type": "Feature", "geometry": {"type": "Point", "coordinates": [2.3468153, 6.450289499999999]}, "properties": {"poi_name": "Catholic Church of Kpodji-les-monts", "matched_quartier": "Kpodji-Les-Monts", "status": "INVALID", "reason": "no_connection_to_X_network", "n_seeds": 20, "n_X_seeds": 0, "n_reassignable": 0, "target_color": "#d83eb2"}}, {"type": "Feature", "geometry": {"type": "Point", "coordinates": [2.3332460999999998, 6.4655362]}, "properties": {"poi_name": "Buvette sous les mangiiers de kpodji-les-monts", "matched_quartier": "Kpodji-Les-Monts", "status": "INVALID", "reason": "no_connection_to_X_network", "n_seeds": 3, "n_X_seeds": 0, "n_reassignable": 0, "target_color": "#d83eb2"}}, {"type": "Feature", "geometry": {"type": "Point", "coordinates": [1.8529129, 6.6661394]}, "properties": {"poi_name": "Centre de Santé GBAKPODJI", "matched_quartier": "Kpodji-Les-Monts", "status": "INVALID", "reason": "no_road_within_150m", "n_seeds": 0, "n_X_seeds": 0, "n_reassignable": 0, "target_color": "#d83eb2"}}, {"type": "Feature", "geometry": {"type": "Point", "coordinates": [2.3158339999999997, 9.30769]}, "properties": {"poi_name": "Primary school KPODJI les MONTS", "matched_quartier": "Kpodji-Les-Monts", "status": "INVALID", "reason": "no_road_within_150m", "n_seeds": 0, "n_X_seeds": 0, "n_reassignable": 0, "target_color": "#d83eb2"}}, {"type": "Feature", "geometry": {"type": "Point", "coordinates": [2.326466, 6.4552499]}, "properties": {"poi_name": "Zogbadjè", "matched_quartier": "Zogbadjè", "status": "INVALID", "reason": "no_connection_to_X_network", "n_seeds": 15, "n_X_seeds": 0, "n_reassignable": 0, "target_color": "#de47cf"}}, {"type": "Feature", "geometry": {"type": "Point", "coordinates": [2.3387291, 6.429066799999999]}, "properties": {"poi_name": "Eglise Catholique St Paul Zogbadjè", "matched_quartier": "Zogbadjè", "status": "VALID", "reason": "reached_X_network", "n_seeds": 35, "n_X_seeds": 20, "n_reassignable": 16, "target_color": "#de47cf"}}, {"type": "Feature", "geometry": {"type": "Point", "coordinates": [2.3419322, 6.424855699999999]}, "properties": {"poi_name": "M.E.F Zogbadjè", "matched_quartier": "Zogbadjè", "status": "VALID", "reason": "already_on_X_network", "n_seeds": 19, "n_X_seeds": 19, "n_reassignable": 0, "target_color": "#de47cf"}}, {"type": "Feature", "geometry": {"type": "Point", "coordinates": [2.3468166999999998, 6.4502938]}, "properties": {"poi_name": "Zogbadje", "matched_quartier": "Zogbadjè", "status": "INVALID", "reason": "no_connection_to_X_network", "n_seeds": 20, "n_X_seeds": 0, "n_reassignable": 0, "target_color": "#de47cf"}}, {"type": "Feature", "geometry": {"type": "Point", "coordinates": [2.3374170999999997, 6.420596799999999]}, "properties": {"poi_name": "Carrefour Zogbadjè, Calavi", "matched_quartier": "Zogbadjè", "status": "VALID", "reason": "already_on_X_network", "n_seeds": 27, "n_X_seeds": 27, "n_reassignable": 0, "target_color": "#de47cf"}}, {"type": "Feature", "geometry": {"type": "Point", "coordinates": [2.5771816999999997, 8.894565499999999]}, "properties": {"poi_name": "Calavi zogbadjè centre", "matched_quartier": "Zogbadjè", "status": "INVALID", "reason": "no_road_within_150m", "n_seeds": 0, "n_X_seeds": 0, "n_reassignable": 0, "target_color": "#de47cf"}}, {"type": "Feature", "geometry": {"type": "Point", "coordinates": [2.3468153, 6.450289499999999]}, "properties": {"poi_name": "CYBER ZOGBADJE", "matched_quartier": "Zogbadjè", "status": "INVALID", "reason": "no_connection_to_X_network", "n_seeds": 20, "n_X_seeds": 0, "n_reassignable": 0, "target_color": "#de47cf"}}, {"type": "Feature", "geometry": {"type": "Point", "coordinates": [2.3330625, 6.4218125]}, "properties": {"poi_name": "ECC PAROISSE SAINT TRINITÉ ZOGBADJÈ", "matched_quartier": "Zogbadjè", "status": "VALID", "reason": "already_on_X_network", "n_seeds": 30, "n_X_seeds": 30, "n_reassignable": 0, "target_color": "#de47cf"}}, {"type": "Feature", "geometry": {"type": "Point", "coordinates": [2.3158339999999997, 9.30769]}, "properties": {"poi_name": "Calavi Zogbadjè", "matched_quartier": "Zogbadjè", "status": "INVALID", "reason": "no_road_within_150m", "n_seeds": 0, "n_X_seeds": 0, "n_reassignable": 0, "target_color": "#de47cf"}}, {"type": "Feature", "geometry": {"type": "Point", "coordinates": [2.3468195, 6.4503024]}, "properties": {"poi_name": "Terrain de Zogbadjè", "matched_quartier": "Zogbadjè", "status": "INVALID", "reason": "no_connection_to_X_network", "n_seeds": 20, "n_X_seeds": 0, "n_reassignable": 0, "target_color": "#de47cf"}}, {"type": "Feature", "geometry": {"type": "Point", "coordinates": [2.3359809, 6.421717699999999]}, "properties": {"poi_name": "EEAD-Zogbadjè, Abomey-Calavi", "matched_quartier": "Zogbadjè", "status": "VALID", "reason": "already_on_X_network", "n_seeds": 23, "n_X_seeds": 23, "n_reassignable": 0, "target_color": "#de47cf"}}, {"type": "Feature", "geometry": {"type": "Point", "coordinates": [2.3094213, 6.389315]}, "properties": {"poi_name": "Clinique HEALTH de Cocotomey", "matched_quartier": "Cocotomey", "status": "VALID", "reason": "reached_X_network", "n_seeds": 34, "n_X_seeds": 0, "n_reassignable": 37, "target_color": "#88d347"}}, {"type": "Feature", "geometry": {"type": "Point", "coordinates": [2.3032079, 6.3918801]}, "properties": {"poi_name": "Marché de Cocotomey", "matched_quartier": "Cocotomey", "status": "VALID", "reason": "reached_X_network", "n_seeds": 20, "n_X_seeds": 1, "n_reassignable": 19, "target_color": "#88d347"}}, {"type": "Feature", "geometry": {"type": "Point", "coordinates": [2.3015204, 6.388841]}, "properties": {"poi_name": "Cocotomey Public Primary School", "matched_quartier": "Cocotomey", "status": "VALID", "reason": "reached_X_network", "n_seeds": 35, "n_X_seeds": 26, "n_reassignable": 9, "target_color": "#88d347"}}, {"type": "Feature", "geometry": {"type": "Point", "coordinates": [2.3002906, 6.397784199999999]}, "properties": {"poi_name": "Ceg Cocotomey", "matched_quartier": "Cocotomey", "status": "VALID", "reason": "reached_X_network", "n_seeds": 22, "n_X_seeds": 0, "n_reassignable": 25, "target_color": "#88d347"}}, {"type": "Feature", "geometry": {"type": "Point", "coordinates": [2.2976255, 6.3875505]}, "properties": {"poi_name": "Centre Formation Professionnelle La Tulipe - Cocotomey", "matched_quartier": "Cocotomey", "status": "VALID", "reason": "reached_X_network", "n_seeds": 21, "n_X_seeds": 0, "n_reassignable": 20, "target_color": "#88d347"}}, {"type": "Feature", "geometry": {"type": "Point", "coordinates": [2.2989474999999997, 6.388445000000001]}, "properties": {"poi_name": "College Martin Luther King Cocotomey", "matched_quartier": "Cocotomey", "status": "VALID", "reason": "reached_X_network", "n_seeds": 31, "n_X_seeds": 5, "n_reassignable": 25, "target_color": "#88d347"}}, {"type": "Feature", "geometry": {"type": "Point", "coordinates": [2.2917598, 6.3839036]}, "properties": {"poi_name": "Middle School Martin Luther King Annexe De Cocotomey", "matched_quartier": "Cocotomey", "status": "VALID", "reason": "reached_X_network", "n_seeds": 11, "n_X_seeds": 0, "n_reassignable": 21, "target_color": "#88d347"}}, {"type": "Feature", "geometry": {"type": "Point", "coordinates": [2.3025699, 6.3880526]}, "properties": {"poi_name": "Paroisse saint Antoine de Padoue de cocotomey", "matched_quartier": "Cocotomey", "status": "VALID", "reason": "reached_X_network", "n_seeds": 44, "n_X_seeds": 29, "n_reassignable": 15, "target_color": "#88d347"}}, {"type": "Feature", "geometry": {"type": "Point", "coordinates": [2.3052667000000002, 6.3948849999999995]}, "properties": {"poi_name": "Eglise Catholique St Pio de cocotomey", "matched_quartier": "Cocotomey", "status": "VALID", "reason": "reached_X_network", "n_seeds": 11, "n_X_seeds": 0, "n_reassignable": 13, "target_color": "#88d347"}}, {"type": "Feature", "geometry": {"type": "Point", "coordinates": [2.3017909, 6.3881165]}, "properties": {"poi_name": "Eglise Catholique de Cocotomey", "matched_quartier": "Cocotomey", "status": "VALID", "reason": "reached_X_network", "n_seeds": 47, "n_X_seeds": 40, "n_reassignable": 7, "target_color": "#88d347"}}, {"type": "Feature", "geometry": {"type": "Point", "coordinates": [2.2975157, 6.386607499999999]}, "properties": {"poi_name": "Eglise Catholique Saint Antoine de Padoue de Cocotomey", "matched_quartier": "Cocotomey", "status": "VALID", "reason": "reached_X_network", "n_seeds": 23, "n_X_seeds": 7, "n_reassignable": 16, "target_color": "#88d347"}}, {"type": "Feature", "geometry": {"type": "Point", "coordinates": [2.2990209999999998, 6.393873999999999]}, "properties": {"poi_name": "Église évangélique MEA de Cocotomey", "matched_quartier": "Cocotomey", "status": "VALID", "reason": "reached_X_network", "n_seeds": 23, "n_X_seeds": 4, "n_reassignable": 19, "target_color": "#88d347"}}, {"type": "Feature", "geometry": {"type": "Point", "coordinates": [2.2975157, 6.386607499999999]}, "properties": {"poi_name": "Cocotomey", "matched_quartier": "Cocotomey", "status": "VALID", "reason": "reached_X_network", "n_seeds": 23, "n_X_seeds": 7, "n_reassignable": 16, "target_color": "#88d347"}}, {"type": "Feature", "geometry": {"type": "Point", "coordinates": [2.3041036, 6.3865092]}, "properties": {"poi_name": "EGLISE APOSTOLIQUE DU BENIN \"Assemblée de Cocotomey FIGNONHOU\"", "matched_quartier": "Cocotomey", "status": "VALID", "reason": "reached_X_network", "n_seeds": 26, "n_X_seeds": 9, "n_reassignable": 17, "target_color": "#88d347"}}, {"type": "Feature", "geometry": {"type": "Point", "coordinates": [2.2940247, 6.3824857999999995]}, "properties": {"poi_name": "Église FOURSQUARE Zounga-Cocotomey", "matched_quartier": "Cocotomey", "status": "VALID", "reason": "reached_X_network", "n_seeds": 17, "n_X_seeds": 0, "n_reassignable": 23, "target_color": "#88d347"}}, {"type": "Feature", "geometry": {"type": "Point", "coordinates": [2.3004894, 6.388534099999999]}, "properties": {"poi_name": "ORABANK , Agence Cocotomey", "matched_quartier": "Cocotomey", "status": "VALID", "reason": "reached_X_network", "n_seeds": 22, "n_X_seeds": 21, "n_reassignable": 1, "target_color": "#88d347"}}, {"type": "Feature", "geometry": {"type": "Point", "coordinates": [2.3267436, 6.386892]}, "properties": {"poi_name": "Bank Of Africa Cocotomey", "matched_quartier": "Cocotomey", "status": "INVALID", "reason": "no_connection_to_X_network", "n_seeds": 23, "n_X_seeds": 0, "n_reassignable": 0, "target_color": "#88d347"}}, {"type": "Feature", "geometry": {"type": "Point", "coordinates": [2.3004678, 6.3885385999999995]}, "properties": {"poi_name": "FINADEV , Agence Cocotomey", "matched_quartier": "Cocotomey", "status": "VALID", "reason": "reached_X_network", "n_seeds": 23, "n_X_seeds": 21, "n_reassignable": 2, "target_color": "#88d347"}}, {"type": "Feature", "geometry": {"type": "Point", "coordinates": [2.2956719, 6.3869625]}, "properties": {"poi_name": "Agence De La Poste De Cocotomey", "matched_quartier": "Cocotomey", "status": "VALID", "reason": "reached_X_network", "n_seeds": 26, "n_X_seeds": 0, "n_reassignable": 29, "target_color": "#88d347"}}, {"type": "Feature", "geometry": {"type": "Point", "coordinates": [2.3126794, 6.3896953]}, "properties": {"poi_name": "Maquis de Cocotomey", "matched_quartier": "Cocotomey", "status": "INVALID", "reason": "no_connection_to_X_network", "n_seeds": 36, "n_X_seeds": 0, "n_reassignable": 0, "target_color": "#88d347"}}, {"type": "Feature", "geometry": {"type": "Point", "coordinates": [2.3007778, 6.3883491999999995]}, "properties": {"poi_name": "Carrefour Cocotomey", "matched_quartier": "Cocotomey", "status": "VALID", "reason": "already_on_X_network", "n_seeds": 29, "n_X_seeds": 29, "n_reassignable": 0, "target_color": "#88d347"}}, {"type": "Feature", "geometry": {"type": "Point", "coordinates": [2.2975157, 6.386607499999999]}, "properties": {"poi_name": "Hb Technology Cocotomey", "matched_quartier": "Cocotomey", "status": "VALID", "reason": "reached_X_network", "n_seeds": 23, "n_X_seeds": 7, "n_reassignable": 16, "target_color": "#88d347"}}, {"type": "Feature", "geometry": {"type": "Point", "coordinates": [2.2975157, 6.386607499999999]}, "properties": {"poi_name": "Creuset Josué Caleb Centre de Cocotomey Hedomey", "matched_quartier": "Cocotomey", "status": "VALID", "reason": "reached_X_network", "n_seeds": 23, "n_X_seeds": 7, "n_reassignable": 16, "target_color": "#88d347"}}, {"type": "Feature", "geometry": {"type": "Point", "coordinates": [2.3063115, 6.3870928]}, "properties": {"poi_name": "Pathesthey institut de beauté Cocotomey", "matched_quartier": "Cocotomey", "status": "VALID", "reason": "reached_X_network", "n_seeds": 18, "n_X_seeds": 0, "n_reassignable": 21, "target_color": "#88d347"}}, {"type": "Feature", "geometry": {"type": "Point", "coordinates": [2.3099496999999998, 6.3889175]}, "properties": {"poi_name": "ISCG COCOTOMEY UNIVERSITY", "matched_quartier": "Cocotomey", "status": "VALID", "reason": "reached_X_network", "n_seeds": 40, "n_X_seeds": 0, "n_reassignable": 32, "target_color": "#88d347"}}, {"type": "Feature", "geometry": {"type": "Point", "coordinates": [2.3142389999999997, 6.3883469999999996]}, "properties": {"poi_name": "Cocotomey", "matched_quartier": "Cocotomey", "status": "INVALID", "reason": "no_connection_to_X_network", "n_seeds": 29, "n_X_seeds": 0, "n_reassignable": 0, "target_color": "#88d347"}}, {"type": "Feature", "geometry": {"type": "Point", "coordinates": [2.3041522999999997, 6.3883389]}, "properties": {"poi_name": "Mission de la Bonne Nouvelle cocotomey", "matched_quartier": "Cocotomey", "status": "VALID", "reason": "reached_X_network", "n_seeds": 37, "n_X_seeds": 1, "n_reassignable": 36, "target_color": "#88d347"}}, {"type": "Feature", "geometry": {"type": "Point", "coordinates": [2.2994276, 6.3940765]}, "properties": {"poi_name": "Terrain de football de Cocotomey", "matched_quartier": "Cocotomey", "status": "VALID", "reason": "reached_X_network", "n_seeds": 23, "n_X_seeds": 7, "n_reassignable": 16, "target_color": "#88d347"}}, {"type": "Feature", "geometry": {"type": "Point", "coordinates": [2.3111348, 6.3893438]}, "properties": {"poi_name": "SBPL COCOTOMEY", "matched_quartier": "Cocotomey", "status": "VALID", "reason": "reached_X_network", "n_seeds": 42, "n_X_seeds": 0, "n_reassignable": 28, "target_color": "#88d347"}}, {"type": "Feature", "geometry": {"type": "Point", "coordinates": [2.4559393, 6.4996773999999995]}, "properties": {"poi_name": "Dassekomey", "matched_quartier": "Dassèkomey", "status": "INVALID", "reason": "no_connection_to_X_network", "n_seeds": 21, "n_X_seeds": 0, "n_reassignable": 0, "target_color": "#d13bc2"}}, {"type": "Feature", "geometry": {"type": "Point", "coordinates": [2.3158339999999997, 9.30769]}, "properties": {"poi_name": "Dassèkomey", "matched_quartier": "Dassèkomey", "status": "INVALID", "reason": "no_road_within_150m", "n_seeds": 0, "n_X_seeds": 0, "n_reassignable": 0, "target_color": "#d13bc2"}}, {"type": "Feature", "geometry": {"type": "Point", "coordinates": [-11.3812234, 13.0871211]}, "properties": {"poi_name": "Private School \"A Drabo\"", "matched_quartier": "Drabo", "status": "INVALID", "reason": "no_road_within_150m", "n_seeds": 0, "n_X_seeds": 0, "n_reassignable": 0, "target_color": "#d744c9"}}, {"type": "Feature", "geometry": {"type": "Point", "coordinates": [16.364471299999998, 48.1787944]}, "properties": {"poi_name": "Dr.med.univ.PETRA DRABO", "matched_quartier": "Drabo", "status": "INVALID", "reason": "no_road_within_150m", "n_seeds": 0, "n_X_seeds": 0, "n_reassignable": 0, "target_color": "#d744c9"}}, {"type": "Feature", "geometry": {"type": "Point", "coordinates": [2.2872399999999997, 6.5301146]}, "properties": {"poi_name": "Drabo", "matched_quartier": "Drabo", "status": "INVALID", "reason": "no_road_within_150m", "n_seeds": 0, "n_X_seeds": 0, "n_reassignable": 0, "target_color": "#d744c9"}}, {"type": "Feature", "geometry": {"type": "Point", "coordinates": [2.3500625, 6.5261762999999995]}, "properties": {"poi_name": "Presbytère Paroisse Adjagbo", "matched_quartier": "Adjagbo-Aïdjèdo", "status": "INVALID", "reason": "no_connection_to_X_network", "n_seeds": 18, "n_X_seeds": 0, "n_reassignable": 0, "target_color": "#cd4ddd"}}, {"type": "Feature", "geometry": {"type": "Point", "coordinates": [2.2894132, 6.488507599999999]}, "properties": {"poi_name": "Ouedo adjagbo", "matched_quartier": "Adjagbo-Aïdjèdo", "status": "VALID", "reason": "reached_X_network", "n_seeds": 20, "n_X_seeds": 0, "n_reassignable": 33, "target_color": "#cd4ddd"}}, {"type": "Feature", "geometry": {"type": "Point", "coordinates": [2.3511849000000002, 6.5461278]}, "properties": {"poi_name": "Gbétagbo", "matched_quartier": "Gbétagbo", "status": "VALID", "reason": "reached_X_network", "n_seeds": 49, "n_X_seeds": 43, "n_reassignable": 6, "target_color": "#dc4191"}}, {"type": "Feature", "geometry": {"type": "Point", "coordinates": [2.3546964999999997, 6.543091899999999]}, "properties": {"poi_name": "Public Primary School Gbetagbo", "matched_quartier": "Gbétagbo", "status": "VALID", "reason": "reached_X_network", "n_seeds": 38, "n_X_seeds": 7, "n_reassignable": 31, "target_color": "#dc4191"}}, {"type": "Feature", "geometry": {"type": "Point", "coordinates": [2.3620096, 6.545433699999999]}, "properties": {"poi_name": "Orphanage Claudio Migneco De Gbétagbo", "matched_quartier": "Gbétagbo", "status": "VALID", "reason": "reached_X_network", "n_seeds": 34, "n_X_seeds": 0, "n_reassignable": 53, "target_color": "#dc4191"}}, {"type": "Feature", "geometry": {"type": "Point", "coordinates": [2.3493342, 6.5393053]}, "properties": {"poi_name": "Paroisse Sainte Rita de Gbétagbo", "matched_quartier": "Gbétagbo", "status": "VALID", "reason": "reached_X_network", "n_seeds": 44, "n_X_seeds": 43, "n_reassignable": 2, "target_color": "#dc4191"}}, {"type": "Feature", "geometry": {"type": "Point", "coordinates": [2.2877761, 6.375719]}, "properties": {"poi_name": "Djèkpota", "matched_quartier": "Djèkpota", "status": "VALID", "reason": "reached_X_network", "n_seeds": 7, "n_X_seeds": 0, "n_reassignable": 11, "target_color": "#39ca56"}}, {"type": "Feature", "geometry": {"type": "Point", "coordinates": [2.2867478, 6.3693408]}, "properties": {"poi_name": "Église Catholique Notre Dame de Rosaire de Djêkpota", "matched_quartier": "Djèkpota", "status": "VALID", "reason": "already_on_X_network", "n_seeds": 14, "n_X_seeds": 14, "n_reassignable": 0, "target_color": "#39ca56"}}, {"type": "Feature", "geometry": {"type": "Point", "coordinates": [2.2752589, 6.3719152999999995]}, "properties": {"poi_name": "Carrefour T CQ DJEKPOTA", "matched_quartier": "Djèkpota", "status": "VALID", "reason": "already_on_X_network", "n_seeds": 15, "n_X_seeds": 15, "n_reassignable": 0, "target_color": "#39ca56"}}, {"type": "Feature", "geometry": {"type": "Point", "coordinates": [2.3632142, 6.5081815]}, "properties": {"poi_name": "Health Center Akassato", "matched_quartier": "Akassato", "status": "VALID", "reason": "already_on_X_network", "n_seeds": 44, "n_X_seeds": 44, "n_reassignable": 0, "target_color": "#d553dc"}}, {"type": "Feature", "geometry": {"type": "Point", "coordinates": [2.3609725999999998, 6.4995201]}, "properties": {"poi_name": "Commissariat de police de AKASSATO", "matched_quartier": "Akassato", "status": "VALID", "reason": "reached_X_network", "n_seeds": 16, "n_X_seeds": 0, "n_reassignable": 17, "target_color": "#d553dc"}}, {"type": "Feature", "geometry": {"type": "Point", "coordinates": [2.3528036, 6.507867699999999]}, "properties": {"poi_name": "Pharmacie Lycée Technique d'Akassato", "matched_quartier": "Akassato", "status": "VALID", "reason": "reached_X_network", "n_seeds": 44, "n_X_seeds": 0, "n_reassignable": 46, "target_color": "#d553dc"}}, {"type": "Feature", "geometry": {"type": "Point", "coordinates": [2.3639124, 6.5019583]}, "properties": {"poi_name": "Champion Supermarché Akassato", "matched_quartier": "Akassato", "status": "VALID", "reason": "already_on_X_network", "n_seeds": 39, "n_X_seeds": 39, "n_reassignable": 0, "target_color": "#d553dc"}}, {"type": "Feature", "geometry": {"type": "Point", "coordinates": [2.3550904999999998, 6.5021317]}, "properties": {"poi_name": "Nouveau marché Akassato", "matched_quartier": "Akassato", "status": "VALID", "reason": "reached_X_network", "n_seeds": 3, "n_X_seeds": 0, "n_reassignable": 6, "target_color": "#d553dc"}}, {"type": "Feature", "geometry": {"type": "Point", "coordinates": [2.3552219, 6.5042393]}, "properties": {"poi_name": "Ceg Akassato", "matched_quartier": "Akassato", "status": "VALID", "reason": "reached_X_network", "n_seeds": 5, "n_X_seeds": 0, "n_reassignable": 7, "target_color": "#d553dc"}}, {"type": "Feature", "geometry": {"type": "Point", "coordinates": [2.3519942, 6.5083205]}, "properties": {"poi_name": "Technical College D'akassato", "matched_quartier": "Akassato", "status": "VALID", "reason": "reached_X_network", "n_seeds": 48, "n_X_seeds": 0, "n_reassignable": 51, "target_color": "#d553dc"}}, {"type": "Feature", "geometry": {"type": "Point", "coordinates": [2.3664221999999997, 6.5044718]}, "properties": {"poi_name": "Paroisse notre dame de l'immaculée conception d'akassato", "matched_quartier": "Akassato", "status": "VALID", "reason": "already_on_X_network", "n_seeds": 21, "n_X_seeds": 21, "n_reassignable": 0, "target_color": "#d553dc"}}, {"type": "Feature", "geometry": {"type": "Point", "coordinates": [2.3629558, 6.5094002]}, "properties": {"poi_name": "Arrondissement d'Akassato", "matched_quartier": "Akassato", "status": "VALID", "reason": "already_on_X_network", "n_seeds": 43, "n_X_seeds": 43, "n_reassignable": 0, "target_color": "#d553dc"}}, {"type": "Feature", "geometry": {"type": "Point", "coordinates": [2.3645585, 6.5051345]}, "properties": {"poi_name": "Akassato", "matched_quartier": "Akassato", "status": "VALID", "reason": "already_on_X_network", "n_seeds": 50, "n_X_seeds": 50, "n_reassignable": 0, "target_color": "#d553dc"}}, {"type": "Feature", "geometry": {"type": "Point", "coordinates": [2.3468059, 6.4502923999999995]}, "properties": {"poi_name": "Akassato", "matched_quartier": "Akassato", "status": "INVALID", "reason": "no_connection_to_X_network", "n_seeds": 20, "n_X_seeds": 0, "n_reassignable": 0, "target_color": "#d553dc"}}, {"type": "Feature", "geometry": {"type": "Point", "coordinates": [2.3603453, 6.4916623]}, "properties": {"poi_name": "Arrêt bus d'Akassato", "matched_quartier": "Akassato", "status": "VALID", "reason": "reached_X_network", "n_seeds": 35, "n_X_seeds": 0, "n_reassignable": 62, "target_color": "#d553dc"}}, {"type": "Feature", "geometry": {"type": "Point", "coordinates": [2.3638828999999997, 6.503562199999999]}, "properties": {"poi_name": "CHEZ ADÉ Akassato calavi", "matched_quartier": "Akassato", "status": "VALID", "reason": "reached_X_network", "n_seeds": 50, "n_X_seeds": 45, "n_reassignable": 5, "target_color": "#d553dc"}}, {"type": "Feature", "geometry": {"type": "Point", "coordinates": [2.3617345, 6.4920756]}, "properties": {"poi_name": "Centre Formation Professionnelle Des Personnes Handicapées D'akassato", "matched_quartier": "Akassato", "status": "VALID", "reason": "reached_X_network", "n_seeds": 41, "n_X_seeds": 0, "n_reassignable": 67, "target_color": "#d553dc"}}, {"type": "Feature", "geometry": {"type": "Point", "coordinates": [2.3408677, 6.4780983999999995]}, "properties": {"poi_name": "Complexe Scolaire Adventiste à Abomey-Calavi Zopah (CSAC-Z)", "matched_quartier": "Zopah-Akassato", "status": "VALID", "reason": "reached_X_network", "n_seeds": 9, "n_X_seeds": 0, "n_reassignable": 16, "target_color": "#c84244"}}, {"type": "Feature", "geometry": {"type": "Point", "coordinates": [2.3607583, 6.491588999999999]}, "properties": {"poi_name": "Parking de Akassato", "matched_quartier": "Akassato", "status": "VALID", "reason": "reached_X_network", "n_seeds": 41, "n_X_seeds": 0, "n_reassignable": 66, "target_color": "#d553dc"}}, {"type": "Feature", "geometry": {"type": "Point", "coordinates": [2.353231, 6.506269]}, "properties": {"poi_name": "Domicile AKB Zopah", "matched_quartier": "Zopah-Akassato", "status": "VALID", "reason": "reached_X_network", "n_seeds": 5, "n_X_seeds": 0, "n_reassignable": 25, "target_color": "#c84244"}}, {"type": "Feature", "geometry": {"type": "Point", "coordinates": [2.3544866, 6.501158600000001]}, "properties": {"poi_name": "Terraindefootd’akassato", "matched_quartier": "Akassato", "status": "VALID", "reason": "reached_X_network", "n_seeds": 3, "n_X_seeds": 0, "n_reassignable": 13, "target_color": "#d553dc"}}, {"type": "Feature", "geometry": {"type": "Point", "coordinates": [2.3207192, 6.462784200000001]}, "properties": {"poi_name": "Ahossougbéta", "matched_quartier": "Ahossougbéta", "status": "VALID", "reason": "already_on_X_network", "n_seeds": 8, "n_X_seeds": 8, "n_reassignable": 0, "target_color": "#a0d041"}}, {"type": "Feature", "geometry": {"type": "Point", "coordinates": [2.3130778, 6.4647127]}, "properties": {"poi_name": "Ceg Ahossougbeta", "matched_quartier": "Ahossougbéta", "status": "VALID", "reason": "reached_X_network", "n_seeds": 42, "n_X_seeds": 40, "n_reassignable": 2, "target_color": "#a0d041"}}, {"type": "Feature", "geometry": {"type": "Point", "coordinates": [2.31488, 6.468486700000001]}, "properties": {"poi_name": "Public Primary School Ahossougbeta", "matched_quartier": "Ahossougbéta", "status": "VALID", "reason": "reached_X_network", "n_seeds": 14, "n_X_seeds": 13, "n_reassignable": 1, "target_color": "#a0d041"}}, {"type": "Feature", "geometry": {"type": "Point", "coordinates": [2.3216759, 6.4765491]}, "properties": {"poi_name": "Cité administrative d'Ahossougbeta", "matched_quartier": "Ahossougbéta", "status": "VALID", "reason": "reached_X_network", "n_seeds": 60, "n_X_seeds": 0, "n_reassignable": 49, "target_color": "#a0d041"}}, {"type": "Feature", "geometry": {"type": "Point", "coordinates": [2.3137147, 6.4746039]}, "properties": {"poi_name": "Paroisse Saint-Esprit Ahossougbeta", "matched_quartier": "Ahossougbéta", "status": "VALID", "reason": "reached_X_network", "n_seeds": 15, "n_X_seeds": 0, "n_reassignable": 37, "target_color": "#a0d041"}}, {"type": "Feature", "geometry": {"type": "Point", "coordinates": [2.3535164, 6.4472344999999995]}, "properties": {"poi_name": "Ouega", "matched_quartier": "Ouéga-Agué", "status": "INVALID", "reason": "no_connection_to_X_network", "n_seeds": 54, "n_X_seeds": 0, "n_reassignable": 0, "target_color": "#c3de49"}}, {"type": "Feature", "geometry": {"type": "Point", "coordinates": [2.3468166999999998, 6.4502938]}, "properties": {"poi_name": "Ouega", "matched_quartier": "Ouéga-Agué", "status": "INVALID", "reason": "no_connection_to_X_network", "n_seeds": 20, "n_X_seeds": 0, "n_reassignable": 0, "target_color": "#c3de49"}}, {"type": "Feature", "geometry": {"type": "Point", "coordinates": [2.3651581999999998, 6.6749677]}, "properties": {"poi_name": "Health Center Kpanroun", "matched_quartier": "Kpanroun", "status": "VALID", "reason": "already_on_X_network", "n_seeds": 3, "n_X_seeds": 3, "n_reassignable": 0, "target_color": "#cd3fbe"}}, {"type": "Feature", "geometry": {"type": "Point", "coordinates": [2.3704874, 6.6977853]}, "properties": {"poi_name": "Arrondissement de KPANROUN", "matched_quartier": "Kpanroun", "status": "VALID", "reason": "reached_X_network", "n_seeds": 1, "n_X_seeds": 0, "n_reassignable": 10, "target_color": "#cd3fbe"}}, {"type": "Feature", "geometry": {"type": "Point", "coordinates": [2.3631851, 6.673207199999999]}, "properties": {"poi_name": "ARRONDISSEMENT DE KPANROUN", "matched_quartier": "Kpanroun", "status": "VALID", "reason": "already_on_X_network", "n_seeds": 2, "n_X_seeds": 2, "n_reassignable": 0, "target_color": "#cd3fbe"}}, {"type": "Feature", "geometry": {"type": "Point", "coordinates": [2.3272668, 6.5079156]}, "properties": {"poi_name": "Kpanroun", "matched_quartier": "Kpanroun", "status": "INVALID", "reason": "no_connection_to_X_network", "n_seeds": 22, "n_X_seeds": 0, "n_reassignable": 0, "target_color": "#cd3fbe"}}, {"type": "Feature", "geometry": {"type": "Point", "coordinates": [2.3636071999999997, 6.6738335]}, "properties": {"poi_name": "MARCHE DE KPANROUN", "matched_quartier": "Kpanroun", "status": "INVALID", "reason": "no_road_within_150m", "n_seeds": 0, "n_X_seeds": 0, "n_reassignable": 0, "target_color": "#cd3fbe"}}, {"type": "Feature", "geometry": {"type": "Point", "coordinates": [2.3656503, 6.6763461]}, "properties": {"poi_name": "MOSQUÉE DE KPANROUN", "matched_quartier": "Kpanroun", "status": "VALID", "reason": "already_on_X_network", "n_seeds": 7, "n_X_seeds": 7, "n_reassignable": 0, "target_color": "#cd3fbe"}}, {"type": "Feature", "geometry": {"type": "Point", "coordinates": [2.3620560999999998, 6.6713637]}, "properties": {"poi_name": "Ceg Kpanroun", "matched_quartier": "Kpanroun", "status": "VALID", "reason": "already_on_X_network", "n_seeds": 4, "n_X_seeds": 4, "n_reassignable": 0, "target_color": "#cd3fbe"}}, {"type": "Feature", "geometry": {"type": "Point", "coordinates": [2.269228, 6.4013203]}, "properties": {"poi_name": "Clinical Bethesda Annexe Hêvié", "matched_quartier": "Hêvié", "status": "INVALID", "reason": "no_connection_to_X_network", "n_seeds": 33, "n_X_seeds": 0, "n_reassignable": 0, "target_color": "#d47f3e"}}, {"type": "Feature", "geometry": {"type": "Point", "coordinates": [2.2537023, 6.433528099999999]}, "properties": {"poi_name": "Commissariat D'arrondissement De Hevie", "matched_quartier": "Hêvié", "status": "VALID", "reason": "reached_X_network", "n_seeds": 29, "n_X_seeds": 0, "n_reassignable": 32, "target_color": "#d47f3e"}}, {"type": "Feature", "geometry": {"type": "Point", "coordinates": [2.2482705, 6.4081646]}, "properties": {"poi_name": "Hêvié Djêganto", "matched_quartier": "Hêvié", "status": "INVALID", "reason": "no_connection_to_X_network", "n_seeds": 46, "n_X_seeds": 0, "n_reassignable": 0, "target_color": "#d47f3e"}}, {"type": "Feature", "geometry": {"type": "Point", "coordinates": [2.2530809, 6.433776]}, "properties": {"poi_name": "Arrondissement De Hêvié", "matched_quartier": "Hêvié", "status": "VALID", "reason": "reached_X_network", "n_seeds": 23, "n_X_seeds": 0, "n_reassignable": 25, "target_color": "#d47f3e"}}, {"type": "Feature", "geometry": {"type": "Point", "coordinates": [2.2658909, 6.407167]}, "properties": {"poi_name": "Pharmacie De Hevié", "matched_quartier": "Hêvié", "status": "INVALID", "reason": "no_connection_to_X_network", "n_seeds": 28, "n_X_seeds": 0, "n_reassignable": 0, "target_color": "#d47f3e"}}, {"type": "Feature", "geometry": {"type": "Point", "coordinates": [2.2719443999999998, 6.3880417]}, "properties": {"poi_name": "Carrefour Hevié", "matched_quartier": "Hêvié", "status": "INVALID", "reason": "no_connection_to_X_network", "n_seeds": 27, "n_X_seeds": 0, "n_reassignable": 0, "target_color": "#d47f3e"}}, {"type": "Feature", "geometry": {"type": "Point", "coordinates": [2.2482677, 6.408153899999999]}, "properties": {"poi_name": "Complex School Les Elites De Hevie", "matched_quartier": "Hêvié", "status": "INVALID", "reason": "no_connection_to_X_network", "n_seeds": 46, "n_X_seeds": 0, "n_reassignable": 0, "target_color": "#d47f3e"}}, {"type": "Feature", "geometry": {"type": "Point", "coordinates": [2.2367958, 6.426673]}, "properties": {"poi_name": "Ceg Hêvié", "matched_quartier": "Hêvié", "status": "VALID", "reason": "reached_X_network", "n_seeds": 28, "n_X_seeds": 0, "n_reassignable": 47, "target_color": "#d47f3e"}}, {"type": "Feature", "geometry": {"type": "Point", "coordinates": [2.2600271, 6.421214099999999]}, "properties": {"poi_name": "Église Baptiste de Hêvié-Hêssa", "matched_quartier": "Hêvié", "status": "VALID", "reason": "reached_X_network", "n_seeds": 36, "n_X_seeds": 0, "n_reassignable": 64, "target_color": "#d47f3e"}}, {"type": "Feature", "geometry": {"type": "Point", "coordinates": [2.2473531, 6.4589137999999995]}, "properties": {"poi_name": "Église Baptiste de Hêvié-Dénou", "matched_quartier": "Hêvié", "status": "VALID", "reason": "reached_X_network", "n_seeds": 30, "n_X_seeds": 0, "n_reassignable": 43, "target_color": "#d47f3e"}}, {"type": "Feature", "geometry": {"type": "Point", "coordinates": [2.2435663, 6.410232000000001]}, "properties": {"poi_name": "Eglise catholique Saint-Michel Archange de Hêvié -Houinme", "matched_quartier": "Hêvié", "status": "INVALID", "reason": "no_connection_to_X_network", "n_seeds": 32, "n_X_seeds": 0, "n_reassignable": 0, "target_color": "#d47f3e"}}, {"type": "Feature", "geometry": {"type": "Point", "coordinates": [2.2655582, 6.4076471999999995]}, "properties": {"poi_name": "Eglise Protestante Méthodiste de Hêvié", "matched_quartier": "Hêvié", "status": "INVALID", "reason": "no_connection_to_X_network", "n_seeds": 26, "n_X_seeds": 0, "n_reassignable": 0, "target_color": "#d47f3e"}}, {"type": "Feature", "geometry": {"type": "Point", "coordinates": [2.2657507999999997, 6.4045064]}, "properties": {"poi_name": "PRESBYTERE DE LA PAROISSE Ste BERNADETTE SOUBIROUS de Hêvié", "matched_quartier": "Hêvié", "status": "INVALID", "reason": "no_connection_to_X_network", "n_seeds": 32, "n_X_seeds": 0, "n_reassignable": 0, "target_color": "#d47f3e"}}, {"type": "Feature", "geometry": {"type": "Point", "coordinates": [2.2482677, 6.408153899999999]}, "properties": {"poi_name": "Hêvié", "matched_quartier": "Hêvié", "status": "INVALID", "reason": "no_connection_to_X_network", "n_seeds": 46, "n_X_seeds": 0, "n_reassignable": 0, "target_color": "#d47f3e"}}, {"type": "Feature", "geometry": {"type": "Point", "coordinates": [2.2249707, 6.4197929]}, "properties": {"poi_name": "Église Apostolique de Hévié Houinmin (Maison SOSSOUKPE)", "matched_quartier": "Hêvié", "status": "INVALID", "reason": "no_connection_to_X_network", "n_seeds": 36, "n_X_seeds": 0, "n_reassignable": 0, "target_color": "#d47f3e"}}, {"type": "Feature", "geometry": {"type": "Point", "coordinates": [2.253701, 6.4347854]}, "properties": {"poi_name": "Église baptiste de Hêvié-Arrondissement", "matched_quartier": "Hêvié", "status": "VALID", "reason": "reached_X_network", "n_seeds": 26, "n_X_seeds": 0, "n_reassignable": 27, "target_color": "#d47f3e"}}, {"type": "Feature", "geometry": {"type": "Point", "coordinates": [2.2407893999999997, 6.4417401]}, "properties": {"poi_name": "Paroisse Saint Pierre Claver De Hèvié Djeganto", "matched_quartier": "Hêvié", "status": "VALID", "reason": "already_on_X_network", "n_seeds": 6, "n_X_seeds": 6, "n_reassignable": 0, "target_color": "#d47f3e"}}, {"type": "Feature", "geometry": {"type": "Point", "coordinates": [2.2377137, 6.4193304]}, "properties": {"poi_name": "Eglise Pentecôte de la Foi de Hêvié Houinmin", "matched_quartier": "Hêvié", "status": "VALID", "reason": "reached_X_network", "n_seeds": 10, "n_X_seeds": 0, "n_reassignable": 45, "target_color": "#d47f3e"}}, {"type": "Feature", "geometry": {"type": "Point", "coordinates": [2.2284943999999998, 6.4111747999999995]}, "properties": {"poi_name": "Église Évangélique des Assemblées de Dieu Temple Siloé de Hêvié Dodji", "matched_quartier": "Hêvié", "status": "INVALID", "reason": "no_connection_to_X_network", "n_seeds": 35, "n_X_seeds": 0, "n_reassignable": 0, "target_color": "#d47f3e"}}, {"type": "Feature", "geometry": {"type": "Point", "coordinates": [2.2561602, 6.4037329]}, "properties": {"poi_name": "Eglise Apostolique du Christ Hèvié Akossavié/Christ Apostolic Church.", "matched_quartier": "Hêvié", "status": "INVALID", "reason": "no_connection_to_X_network", "n_seeds": 42, "n_X_seeds": 0, "n_reassignable": 0, "target_color": "#d47f3e"}}, {"type": "Feature", "geometry": {"type": "Point", "coordinates": [2.2482677, 6.408153899999999]}, "properties": {"poi_name": "Christ Embassy Hêvié Adovié", "matched_quartier": "Hêvié", "status": "INVALID", "reason": "no_connection_to_X_network", "n_seeds": 46, "n_X_seeds": 0, "n_reassignable": 0, "target_color": "#d47f3e"}}, {"type": "Feature", "geometry": {"type": "Point", "coordinates": [2.2482705, 6.4081646]}, "properties": {"poi_name": "Hévié", "matched_quartier": "Hêvié", "status": "INVALID", "reason": "no_connection_to_X_network", "n_seeds": 46, "n_X_seeds": 0, "n_reassignable": 0, "target_color": "#d47f3e"}}, {"type": "Feature", "geometry": {"type": "Point", "coordinates": [2.263128, 6.399029199999999]}, "properties": {"poi_name": "TORQ BAR ( HÊVIÉ)", "matched_quartier": "Hêvié", "status": "INVALID", "reason": "no_connection_to_X_network", "n_seeds": 35, "n_X_seeds": 0, "n_reassignable": 0, "target_color": "#d47f3e"}}, {"type": "Feature", "geometry": {"type": "Point", "coordinates": [2.2475383, 6.4086174]}, "properties": {"poi_name": "Hévié New Gate", "matched_quartier": "Hêvié", "status": "INVALID", "reason": "no_connection_to_X_network", "n_seeds": 51, "n_X_seeds": 0, "n_reassignable": 0, "target_color": "#d47f3e"}}, {"type": "Feature", "geometry": {"type": "Point", "coordinates": [2.2482677, 6.408153899999999]}, "properties": {"poi_name": "CAFE LA RECADE LOISIRS HÊVIÉ", "matched_quartier": "Hêvié", "status": "INVALID", "reason": "no_connection_to_X_network", "n_seeds": 46, "n_X_seeds": 0, "n_reassignable": 0, "target_color": "#d47f3e"}}, {"type": "Feature", "geometry": {"type": "Point", "coordinates": [2.2476882, 6.4405943]}, "properties": {"poi_name": "Center Health L'arrondissement De Hêvié", "matched_quartier": "Hêvié", "status": "VALID", "reason": "already_on_X_network", "n_seeds": 37, "n_X_seeds": 37, "n_reassignable": 0, "target_color": "#d47f3e"}}, {"type": "Feature", "geometry": {"type": "Point", "coordinates": [2.2632795, 6.415476399999999]}, "properties": {"poi_name": "Vendeuse d'Ablo Hevié Adovié", "matched_quartier": "Hêvié", "status": "INVALID", "reason": "no_connection_to_X_network", "n_seeds": 50, "n_X_seeds": 0, "n_reassignable": 0, "target_color": "#d47f3e"}}, {"type": "Feature", "geometry": {"type": "Point", "coordinates": [2.2695133000000003, 6.3987567]}, "properties": {"poi_name": "BENIN PETRO du PONT Hêvié", "matched_quartier": "Hêvié", "status": "INVALID", "reason": "no_connection_to_X_network", "n_seeds": 51, "n_X_seeds": 0, "n_reassignable": 0, "target_color": "#d47f3e"}}, {"type": "Feature", "geometry": {"type": "Point", "coordinates": [2.2551067, 6.4326833]}, "properties": {"poi_name": "STATION JNP HÊVIÉ", "matched_quartier": "Hêvié", "status": "VALID", "reason": "reached_X_network", "n_seeds": 48, "n_X_seeds": 0, "n_reassignable": 52, "target_color": "#d47f3e"}}, {"type": "Feature", "geometry": {"type": "Point", "coordinates": [2.2685337999999997, 6.4025327]}, "properties": {"poi_name": "EWELL Hêvié Dodji", "matched_quartier": "Hêvié", "status": "INVALID", "reason": "no_connection_to_X_network", "n_seeds": 36, "n_X_seeds": 0, "n_reassignable": 0, "target_color": "#d47f3e"}}, {"type": "Feature", "geometry": {"type": "Point", "coordinates": [2.2625233, 6.417927300000001]}, "properties": {"poi_name": "Yatt &. CO ENERGY HEVIE", "matched_quartier": "Hêvié", "status": "INVALID", "reason": "no_connection_to_X_network", "n_seeds": 66, "n_X_seeds": 0, "n_reassignable": 0, "target_color": "#d47f3e"}}, {"type": "Feature", "geometry": {"type": "Point", "coordinates": [2.2593232, 6.425585000000001]}, "properties": {"poi_name": "TEMPLE DE CULTES VODOUN DE HEVIE", "matched_quartier": "Hêvié", "status": "VALID", "reason": "reached_X_network", "n_seeds": 41, "n_X_seeds": 0, "n_reassignable": 60, "target_color": "#d47f3e"}}, {"type": "Feature", "geometry": {"type": "Point", "coordinates": [2.3624582, 6.5148782999999995]}, "properties": {"poi_name": "Marché De Akassato", "matched_quartier": "Akassato", "status": "VALID", "reason": "reached_X_network", "n_seeds": 50, "n_X_seeds": 0, "n_reassignable": 62, "target_color": "#d553dc"}}, {"type": "Feature", "geometry": {"type": "Point", "coordinates": [2.3561264, 6.5084821999999996]}, "properties": {"poi_name": "Complex School Saint Romaric D'akassato", "matched_quartier": "Akassato", "status": "VALID", "reason": "reached_X_network", "n_seeds": 7, "n_X_seeds": 4, "n_reassignable": 3, "target_color": "#d553dc"}}, {"type": "Feature", "geometry": {"type": "Point", "coordinates": [2.3582042, 6.5048412]}, "properties": {"poi_name": "School Primary Ste Romaric D'akassato", "matched_quartier": "Akassato", "status": "VALID", "reason": "reached_X_network", "n_seeds": 6, "n_X_seeds": 5, "n_reassignable": 1, "target_color": "#d553dc"}}, {"type": "Feature", "geometry": {"type": "Point", "coordinates": [2.3418337, 6.5302748]}, "properties": {"poi_name": "Akassato", "matched_quartier": "Akassato", "status": "INVALID", "reason": "no_connection_to_X_network", "n_seeds": 50, "n_X_seeds": 0, "n_reassignable": 0, "target_color": "#d553dc"}}, {"type": "Feature", "geometry": {"type": "Point", "coordinates": [2.3645585, 6.5051345]}, "properties": {"poi_name": "Pré-Maternelle Et Maternelle St Romaic D'akassato", "matched_quartier": "Akassato", "status": "VALID", "reason": "already_on_X_network", "n_seeds": 50, "n_X_seeds": 50, "n_reassignable": 0, "target_color": "#d553dc"}}, {"type": "Feature", "geometry": {"type": "Point", "coordinates": [2.3628644999999997, 6.5035267999999995]}, "properties": {"poi_name": "PAROISSE BÉTHEL ( CITÉ DE BONHEUR ) AKASSATO-CENTRE", "matched_quartier": "Akassato", "status": "VALID", "reason": "already_on_X_network", "n_seeds": 36, "n_X_seeds": 36, "n_reassignable": 0, "target_color": "#d553dc"}}, {"type": "Feature", "geometry": {"type": "Point", "coordinates": [2.3552994, 6.509669499999999]}, "properties": {"poi_name": "Église Évangélique Foursquare Akassato", "matched_quartier": "Akassato", "status": "VALID", "reason": "reached_X_network", "n_seeds": 9, "n_X_seeds": 3, "n_reassignable": 9, "target_color": "#d553dc"}}, {"type": "Feature", "geometry": {"type": "Point", "coordinates": [2.3664153, 6.4986368]}, "properties": {"poi_name": "Mission Évangélique le Réservoir de Siloé de Akassato", "matched_quartier": "Akassato", "status": "VALID", "reason": "reached_X_network", "n_seeds": 45, "n_X_seeds": 0, "n_reassignable": 51, "target_color": "#d553dc"}}, {"type": "Feature", "geometry": {"type": "Point", "coordinates": [2.3565780999999997, 6.5134053]}, "properties": {"poi_name": "Eglise protestante méthodiste Temple Bethel d'akassato", "matched_quartier": "Akassato", "status": "VALID", "reason": "reached_X_network", "n_seeds": 50, "n_X_seeds": 0, "n_reassignable": 50, "target_color": "#d553dc"}}, {"type": "Feature", "geometry": {"type": "Point", "coordinates": [2.3645585, 6.5051345]}, "properties": {"poi_name": "Eglise Assemblée de Dieu (Akassato)", "matched_quartier": "Akassato", "status": "VALID", "reason": "already_on_X_network", "n_seeds": 50, "n_X_seeds": 50, "n_reassignable": 0, "target_color": "#d553dc"}}, {"type": "Feature", "geometry": {"type": "Point", "coordinates": [2.3674112, 6.5356136]}, "properties": {"poi_name": "ICC AKASSATO", "matched_quartier": "Akassato", "status": "INVALID", "reason": "no_connection_to_X_network", "n_seeds": 18, "n_X_seeds": 0, "n_reassignable": 0, "target_color": "#d553dc"}}, {"type": "Feature", "geometry": {"type": "Point", "coordinates": [2.3646199, 6.5017419]}, "properties": {"poi_name": "Eglise pentecote akassato centre", "matched_quartier": "Akassato", "status": "VALID", "reason": "reached_X_network", "n_seeds": 41, "n_X_seeds": 38, "n_reassignable": 3, "target_color": "#d553dc"}}, {"type": "Feature", "geometry": {"type": "Point", "coordinates": [2.3642643, 6.503400500000001]}, "properties": {"poi_name": "Arrêt bus akassato", "matched_quartier": "Akassato", "status": "VALID", "reason": "reached_X_network", "n_seeds": 44, "n_X_seeds": 39, "n_reassignable": 5, "target_color": "#d553dc"}}, {"type": "Feature", "geometry": {"type": "Point", "coordinates": [2.3629567, 6.5107317]}, "properties": {"poi_name": "CLCAM AGENCE AKASSATO", "matched_quartier": "Akassato", "status": "VALID", "reason": "reached_X_network", "n_seeds": 40, "n_X_seeds": 22, "n_reassignable": 18, "target_color": "#d553dc"}}, {"type": "Feature", "geometry": {"type": "Point", "coordinates": [2.3645585, 6.5051345]}, "properties": {"poi_name": "Akassato", "matched_quartier": "Akassato", "status": "VALID", "reason": "already_on_X_network", "n_seeds": 50, "n_X_seeds": 50, "n_reassignable": 0, "target_color": "#d553dc"}}, {"type": "Feature", "geometry": {"type": "Point", "coordinates": [2.3582453, 6.5142222]}, "properties": {"poi_name": "Centre Socio-Éducatif d'Akassato", "matched_quartier": "Akassato", "status": "VALID", "reason": "reached_X_network", "n_seeds": 52, "n_X_seeds": 0, "n_reassignable": 63, "target_color": "#d553dc"}}, {"type": "Feature", "geometry": {"type": "Point", "coordinates": [2.3624216, 6.5055133]}, "properties": {"poi_name": "Akassato", "matched_quartier": "Akassato", "status": "VALID", "reason": "reached_X_network", "n_seeds": 60, "n_X_seeds": 58, "n_reassignable": 2, "target_color": "#d553dc"}}, {"type": "Feature", "geometry": {"type": "Point", "coordinates": [2.3625127999999997, 6.497459600000001]}, "properties": {"poi_name": "Origine Terre AKASSATO", "matched_quartier": "Akassato", "status": "VALID", "reason": "reached_X_network", "n_seeds": 32, "n_X_seeds": 0, "n_reassignable": 35, "target_color": "#d553dc"}}, {"type": "Feature", "geometry": {"type": "Point", "coordinates": [2.3468195, 6.4503024]}, "properties": {"poi_name": "Terrain de sport CEG Akassato", "matched_quartier": "Akassato", "status": "INVALID", "reason": "no_connection_to_X_network", "n_seeds": 20, "n_X_seeds": 0, "n_reassignable": 0, "target_color": "#d553dc"}}, {"type": "Feature", "geometry": {"type": "Point", "coordinates": [2.3579781, 6.5218251]}, "properties": {"poi_name": "STATION SOMAYAF AKASSATO", "matched_quartier": "Akassato", "status": "VALID", "reason": "reached_X_network", "n_seeds": 26, "n_X_seeds": 0, "n_reassignable": 46, "target_color": "#d553dc"}}, {"type": "Feature", "geometry": {"type": "Point", "coordinates": [2.3618145, 6.4948879]}, "properties": {"poi_name": "STATION EWELL AKASSATO", "matched_quartier": "Akassato", "status": "VALID", "reason": "reached_X_network", "n_seeds": 51, "n_X_seeds": 0, "n_reassignable": 58, "target_color": "#d553dc"}}, {"type": "Feature", "geometry": {"type": "Point", "coordinates": [2.3607741, 6.4938785999999995]}, "properties": {"poi_name": "BENIN PETRO AKASSATO PAVE KEREKOU", "matched_quartier": "Akassato", "status": "VALID", "reason": "reached_X_network", "n_seeds": 54, "n_X_seeds": 0, "n_reassignable": 66, "target_color": "#d553dc"}}, {"type": "Feature", "geometry": {"type": "Point", "coordinates": [2.3544773000000006, 6.5108114]}, "properties": {"poi_name": "Terrain Akassato 2000m2", "matched_quartier": "Akassato", "status": "VALID", "reason": "reached_X_network", "n_seeds": 8, "n_X_seeds": 0, "n_reassignable": 11, "target_color": "#d553dc"}}, {"type": "Feature", "geometry": {"type": "Point", "coordinates": [2.2612926, 6.4539456]}, "properties": {"poi_name": "Commissariat de ouedo", "matched_quartier": "Ouèdo", "status": "VALID", "reason": "already_on_X_network", "n_seeds": 24, "n_X_seeds": 24, "n_reassignable": 0, "target_color": "#49cb90"}}, {"type": "Feature", "geometry": {"type": "Point", "coordinates": [2.2613100999999998, 6.4557563]}, "properties": {"poi_name": "Marché OUEDO", "matched_quartier": "Ouèdo", "status": "VALID", "reason": "already_on_X_network", "n_seeds": 32, "n_X_seeds": 32, "n_reassignable": 0, "target_color": "#49cb90"}}, {"type": "Feature", "geometry": {"type": "Point", "coordinates": [2.2602131, 6.4558149]}, "properties": {"poi_name": "MOSQUEE OUEDO", "matched_quartier": "Ouèdo", "status": "VALID", "reason": "already_on_X_network", "n_seeds": 26, "n_X_seeds": 26, "n_reassignable": 0, "target_color": "#49cb90"}}, {"type": "Feature", "geometry": {"type": "Point", "coordinates": [2.2762538, 6.4559044]}, "properties": {"poi_name": "Pharmacie Les Graces Divines de Ouedo", "matched_quartier": "Ouèdo", "status": "VALID", "reason": "reached_X_network", "n_seeds": 35, "n_X_seeds": 0, "n_reassignable": 34, "target_color": "#49cb90"}}, {"type": "Feature", "geometry": {"type": "Point", "coordinates": [2.2636795999999997, 6.4554154]}, "properties": {"poi_name": "Public Primary School Ouèdo", "matched_quartier": "Ouèdo", "status": "VALID", "reason": "already_on_X_network", "n_seeds": 34, "n_X_seeds": 34, "n_reassignable": 0, "target_color": "#49cb90"}}, {"type": "Feature", "geometry": {"type": "Point", "coordinates": [2.2600062, 6.4492227]}, "properties": {"poi_name": "Eglise catholique ouèdo", "matched_quartier": "Ouèdo", "status": "VALID", "reason": "already_on_X_network", "n_seeds": 29, "n_X_seeds": 29, "n_reassignable": 0, "target_color": "#49cb90"}}, {"type": "Feature", "geometry": {"type": "Point", "coordinates": [2.2713563, 6.4507164]}, "properties": {"poi_name": "Eglise christianiste céleste St Michel de Ouèdo", "matched_quartier": "Ouèdo", "status": "VALID", "reason": "already_on_X_network", "n_seeds": 14, "n_X_seeds": 14, "n_reassignable": 0, "target_color": "#49cb90"}}, {"type": "Feature", "geometry": {"type": "Point", "coordinates": [2.2722005, 6.456097499999999]}, "properties": {"poi_name": "Eglise Catholique St Luc Ouèdo", "matched_quartier": "Ouèdo", "status": "VALID", "reason": "reached_X_network", "n_seeds": 6, "n_X_seeds": 2, "n_reassignable": 15, "target_color": "#49cb90"}}, {"type": "Feature", "geometry": {"type": "Point", "coordinates": [2.2630897, 6.4548407999999995]}, "properties": {"poi_name": "Arrondissement de Ouedo", "matched_quartier": "Ouèdo", "status": "VALID", "reason": "already_on_X_network", "n_seeds": 34, "n_X_seeds": 34, "n_reassignable": 0, "target_color": "#49cb90"}}, {"type": "Feature", "geometry": {"type": "Point", "coordinates": [2.4559393, 6.4996773999999995]}, "properties": {"poi_name": "Arrondissement ouedo", "matched_quartier": "Ouèdo", "status": "INVALID", "reason": "no_connection_to_X_network", "n_seeds": 21, "n_X_seeds": 0, "n_reassignable": 0, "target_color": "#49cb90"}}, {"type": "Feature", "geometry": {"type": "Point", "coordinates": [2.2862969, 6.4447874999999994]}, "properties": {"poi_name": "Cité de Ouèdo", "matched_quartier": "Ouèdo", "status": "INVALID", "reason": "no_connection_to_X_network", "n_seeds": 21, "n_X_seeds": 0, "n_reassignable": 0, "target_color": "#49cb90"}}, {"type": "Feature", "geometry": {"type": "Point", "coordinates": [2.4559393, 6.4996773999999995]}, "properties": {"poi_name": "Health Center Ouedo", "matched_quartier": "Ouèdo", "status": "INVALID", "reason": "no_connection_to_X_network", "n_seeds": 21, "n_X_seeds": 0, "n_reassignable": 0, "target_color": "#49cb90"}}, {"type": "Feature", "geometry": {"type": "Point", "coordinates": [2.2732985, 6.4553046]}, "properties": {"poi_name": "Centre de Santé Anastasis de Ouèdo", "matched_quartier": "Ouèdo", "status": "VALID", "reason": "reached_X_network", "n_seeds": 4, "n_X_seeds": 2, "n_reassignable": 2, "target_color": "#49cb90"}}, {"type": "Feature", "geometry": {"type": "Point", "coordinates": [2.2863086, 6.4447852]}, "properties": {"poi_name": "Programme de logements Economique Ouèdo", "matched_quartier": "Ouèdo", "status": "INVALID", "reason": "no_connection_to_X_network", "n_seeds": 21, "n_X_seeds": 0, "n_reassignable": 0, "target_color": "#49cb90"}}, {"type": "Feature", "geometry": {"type": "Point", "coordinates": [2.4559393, 6.4996773999999995]}, "properties": {"poi_name": "RESTAURANT DÊGUÈ D&S OUEDO", "matched_quartier": "Ouèdo", "status": "INVALID", "reason": "no_connection_to_X_network", "n_seeds": 21, "n_X_seeds": 0, "n_reassignable": 0, "target_color": "#49cb90"}}, {"type": "Feature", "geometry": {"type": "Point", "coordinates": [2.270822, 6.4555945]}, "properties": {"poi_name": "Nouveau site Paroisse Saint Luc de Ouèdo", "matched_quartier": "Ouèdo", "status": "VALID", "reason": "reached_X_network", "n_seeds": 18, "n_X_seeds": 6, "n_reassignable": 12, "target_color": "#49cb90"}}, {"type": "Feature", "geometry": {"type": "Point", "coordinates": [2.4559393, 6.4996773999999995]}, "properties": {"poi_name": "Ouédo", "matched_quartier": "Ouèdo", "status": "INVALID", "reason": "no_connection_to_X_network", "n_seeds": 21, "n_X_seeds": 0, "n_reassignable": 0, "target_color": "#49cb90"}}, {"type": "Feature", "geometry": {"type": "Point", "coordinates": [2.4559393, 6.4996773999999995]}, "properties": {"poi_name": "Ouédo", "matched_quartier": "Ouèdo", "status": "INVALID", "reason": "no_connection_to_X_network", "n_seeds": 21, "n_X_seeds": 0, "n_reassignable": 0, "target_color": "#49cb90"}}, {"type": "Feature", "geometry": {"type": "Point", "coordinates": [2.3030868000000004, 6.5584853]}, "properties": {"poi_name": "Health Center De Golo Djigbé", "matched_quartier": "Golo-Djigbé", "status": "VALID", "reason": "already_on_X_network", "n_seeds": 14, "n_X_seeds": 14, "n_reassignable": 0, "target_color": "#d36f48"}}, {"type": "Feature", "geometry": {"type": "Point", "coordinates": [2.3318103, 6.5497292]}, "properties": {"poi_name": "Glo-Djigbe Centre de Santé d’Arrondissement", "matched_quartier": "Golo-Djigbé", "status": "INVALID", "reason": "no_connection_to_X_network", "n_seeds": 7, "n_X_seeds": 0, "n_reassignable": 0, "target_color": "#d36f48"}}, {"type": "Feature", "geometry": {"type": "Point", "coordinates": [2.3018844, 6.5586069]}, "properties": {"poi_name": "Commissariat de Police de Golo-Djigbé", "matched_quartier": "Golo-Djigbé", "status": "VALID", "reason": "already_on_X_network", "n_seeds": 12, "n_X_seeds": 12, "n_reassignable": 0, "target_color": "#d36f48"}}, {"type": "Feature", "geometry": {"type": "Point", "coordinates": [2.3033061, 6.5587621]}, "properties": {"poi_name": "Pharmacie Ste Marie Elise de Glo-Djigbe", "matched_quartier": "Golo-Djigbé", "status": "VALID", "reason": "already_on_X_network", "n_seeds": 13, "n_X_seeds": 13, "n_reassignable": 0, "target_color": "#d36f48"}}, {"type": "Feature", "geometry": {"type": "Point", "coordinates": [2.3261572, 6.5405600999999995]}, "properties": {"poi_name": "Golo-Djigbé", "matched_quartier": "Golo-Djigbé", "status": "INVALID", "reason": "no_connection_to_X_network", "n_seeds": 20, "n_X_seeds": 0, "n_reassignable": 0, "target_color": "#d36f48"}}, {"type": "Feature", "geometry": {"type": "Point", "coordinates": [2.3261914, 6.5406423]}, "properties": {"poi_name": "Église catholique saint Pierre et Paul de Golo-Djigbé Aga", "matched_quartier": "Golo-Djigbé", "status": "INVALID", "reason": "no_connection_to_X_network", "n_seeds": 20, "n_X_seeds": 0, "n_reassignable": 0, "target_color": "#d36f48"}}, {"type": "Feature", "geometry": {"type": "Point", "coordinates": [2.3257137, 6.5400307]}, "properties": {"poi_name": "Arrondissement de Golo-Djigbé", "matched_quartier": "Golo-Djigbé", "status": "INVALID", "reason": "no_connection_to_X_network", "n_seeds": 12, "n_X_seeds": 0, "n_reassignable": 0, "target_color": "#d36f48"}}, {"type": "Feature", "geometry": {"type": "Point", "coordinates": [2.2594849999999997, 6.61153]}, "properties": {"poi_name": "Glo-Djigbé Industrial Zone (GDIZ)", "matched_quartier": "Golo-Djigbé", "status": "INVALID", "reason": "no_road_within_150m", "n_seeds": 0, "n_X_seeds": 0, "n_reassignable": 0, "target_color": "#d36f48"}}, {"type": "Feature", "geometry": {"type": "Point", "coordinates": [2.5588824999999997, 6.5352220999999995]}, "properties": {"poi_name": "Djigbe Centre de Santé d’Arrondissement", "matched_quartier": "Golo-Djigbé", "status": "INVALID", "reason": "no_road_within_150m", "n_seeds": 0, "n_X_seeds": 0, "n_reassignable": 0, "target_color": "#d36f48"}}, {"type": "Feature", "geometry": {"type": "Point", "coordinates": [2.3829823, 6.833400999999999]}, "properties": {"poi_name": "Djigbe Centre de santé", "matched_quartier": "Golo-Djigbé", "status": "INVALID", "reason": "no_road_within_150m", "n_seeds": 0, "n_X_seeds": 0, "n_reassignable": 0, "target_color": "#d36f48"}}, {"type": "Feature", "geometry": {"type": "Point", "coordinates": [2.3261914, 6.5406423]}, "properties": {"poi_name": "Golo Djigbe Tokpakomey", "matched_quartier": "Golo-Djigbé", "status": "INVALID", "reason": "no_connection_to_X_network", "n_seeds": 20, "n_X_seeds": 0, "n_reassignable": 0, "target_color": "#d36f48"}}, {"type": "Feature", "geometry": {"type": "Point", "coordinates": [2.3359058, 6.5436556999999995]}, "properties": {"poi_name": "Station JNP Golo djigbe", "matched_quartier": "Golo-Djigbé", "status": "INVALID", "reason": "no_connection_to_X_network", "n_seeds": 13, "n_X_seeds": 0, "n_reassignable": 0, "target_color": "#d36f48"}}, {"type": "Feature", "geometry": {"type": "Point", "coordinates": [2.300772, 6.4298014]}, "properties": {"poi_name": "Pharmacie de la Centrale de Maria Gleta2 - PHARMACIE CAMP GUEZO 2", "matched_quartier": "Togba_Maria-Gléta", "status": "INVALID", "reason": "no_connection_to_X_network", "n_seeds": 26, "n_X_seeds": 0, "n_reassignable": 0, "target_color": "#db47d1"}}, {"type": "Feature", "geometry": {"type": "Point", "coordinates": [2.2997661, 6.408828199999999]}, "properties": {"poi_name": "Mosquée centrale womey yenawa", "matched_quartier": "Womey-Yénawa", "status": "VALID", "reason": "reached_X_network", "n_seeds": 41, "n_X_seeds": 0, "n_reassignable": 20, "target_color": "#c93e43"}}, {"type": "Feature", "geometry": {"type": "Point", "coordinates": [2.2956515, 6.4033337999999995]}, "properties": {"poi_name": "Public Primary School Womey Yenawa", "matched_quartier": "Womey-Yénawa", "status": "VALID", "reason": "reached_X_network", "n_seeds": 58, "n_X_seeds": 0, "n_reassignable": 71, "target_color": "#c93e43"}}, {"type": "Feature", "geometry": {"type": "Point", "coordinates": [2.470894, 6.3777629]}, "properties": {"poi_name": "Womey", "matched_quartier": "Womey-Yénawa", "status": "INVALID", "reason": "no_connection_to_X_network", "n_seeds": 7, "n_X_seeds": 0, "n_reassignable": 0, "target_color": "#c93e43"}}, {"type": "Feature", "geometry": {"type": "Point", "coordinates": [2.2953041, 6.409339999999999]}, "properties": {"poi_name": "Hôpital centre de santé de womey", "matched_quartier": "Womey-Yénawa", "status": "VALID", "reason": "reached_X_network", "n_seeds": 42, "n_X_seeds": 0, "n_reassignable": 52, "target_color": "#c93e43"}}, {"type": "Feature", "geometry": {"type": "Point", "coordinates": [2.2921218999999997, 6.4158823]}, "properties": {"poi_name": "Womey, yenawa", "matched_quartier": "Womey-Yénawa", "status": "VALID", "reason": "reached_X_network", "n_seeds": 50, "n_X_seeds": 36, "n_reassignable": 14, "target_color": "#c93e43"}}]}