{"type": "FeatureCollection", "features": [{"type": "Feature", "geometry": {"type": "Point", "coordinates": [2.2236156, 6.3865353]}, "properties": {"kind": "OUT_OF_SCOPE"}}, {"type": "Feature", "geometry": {"type": "Point", "coordinates": [2.2100128, 6.3852958]}, "properties": {"kind": "OUT_OF_SCOPE"}}, {"type": "Feature", "geometry": {"type": "Point", "coordinates": [2.2067606, 6.3853292]}, "properties": {"kind": "OUT_OF_SCOPE"}}, {"type": "Feature", "geometry": {"type": "Point", "coordinates": [2.1893943, 6.3836533]}, "properties": {"kind": "OUT_OF_SCOPE"}}, {"type": "Feature", "geometry": {"type": "Point", "coordinates": [2.1710591, 6.3817866]}, "properties": {"kind": "OUT_OF_SCOPE"}}, {"type": "Feature", "geometry": {"type": "Point", "coordinates": [2.1469259, 6.373967]}, "properties": {"kind": "OUT_OF_SCOPE"}}, {"type": "Feature", "geometry": {"type": "Point", "coordinates": [2.1434444, 6.3731247]}, "properties": {"kind": "OUT_OF_SCOPE"}}, {"type": "Feature", "geometry": {"type": "Point", "coordinates": [2.138725, 6.37142]}, "properties": {"kind": "OUT_OF_SCOPE"}}, {"type": "Feature", "geometry": {"type": "Point", "coordinates": [2.123826, 6.3665032]}, "properties": {"kind": "OUT_OF_SCOPE"}}, {"type": "Feature", "geometry": {"type": "Point", "coordinates": [2.2770033, 6.3450646]}, "properties": {"kind": "OUT_OF_SCOPE"}}, {"type": "Feature", "geometry": {"type": "Point", "coordinates": [2.2724728, 6.3447838]}, "properties": {"kind": "OUT_OF_SCOPE"}}, {"type": "Feature", "geometry": {"type": "Point", "coordinates": [2.2672018, 6.3449624]}, "properties": {"kind": "OUT_OF_SCOPE"}}, {"type": "Feature", "geometry": {"type": "Point", "coordinates": [2.2610198, 6.3448829]}, "properties": {"kind": "OUT_OF_SCOPE"}}, {"type": "Feature", "geometry": {"type": "Point", "coordinates": [2.2498632, 6.3437362]}, "properties": {"kind": "OUT_OF_SCOPE"}}, {"type": "Feature", "geometry": {"type": "Point", "coordinates": [2.2410508, 6.3425857]}, "properties": {"kind": "OUT_OF_SCOPE"}}, {"type": "Feature", "geometry": {"type": "Point", "coordinates": [2.2342586, 6.3417599]}, "properties": {"kind": "OUT_OF_SCOPE"}}, {"type": "Feature", "geometry": {"type": "Point", "coordinates": [2.228509, 6.3413232]}, "properties": {"kind": "OUT_OF_SCOPE"}}, {"type": "Feature", "geometry": {"type": "Point", "coordinates": [2.2204453, 6.3402671]}, "properties": {"kind": "OUT_OF_SCOPE"}}, {"type": "Feature", "geometry": {"type": "Point", "coordinates": [2.2146987, 6.3399192]}, "properties": {"kind": "OUT_OF_SCOPE"}}, {"type": "Feature", "geometry": {"type": "Point", "coordinates": [2.2080288, 6.3390891]}, "properties": {"kind": "OUT_OF_SCOPE"}}, {"type": "Feature", "geometry": {"type": "Point", "coordinates": [2.200352, 6.3380844]}, "properties": {"kind": "OUT_OF_SCOPE"}}, {"type": "Feature", "geometry": {"type": "Point", "coordinates": [2.1935373, 6.3370308]}, "properties": {"kind": "OUT_OF_SCOPE"}}, {"type": "Feature", "geometry": {"type": "Point", "coordinates": [2.1864531, 6.3365493]}, "properties": {"kind": "OUT_OF_SCOPE"}}, {"type": "Feature", "geometry": {"type": "Point", "coordinates": [2.1788388, 6.3355699]}, "properties": {"kind": "OUT_OF_SCOPE"}}, {"type": "Feature", "geometry": {"type": "Point", "coordinates": [2.1715835, 6.3348874]}, "properties": {"kind": "OUT_OF_SCOPE"}}, {"type": "Feature", "geometry": {"type": "Point", "coordinates": [2.1646057, 6.3339715]}, "properties": {"kind": "OUT_OF_SCOPE"}}, {"type": "Feature", "geometry": {"type": "Point", "coordinates": [2.1601491, 6.3335317]}, "properties": {"kind": "OUT_OF_SCOPE"}}, {"type": "Feature", "geometry": {"type": "Point", "coordinates": [2.1484979, 6.3321614]}, "properties": {"kind": "OUT_OF_SCOPE"}}, {"type": "Feature", "geometry": {"type": "Point", "coordinates": [2.1280398, 6.3295504]}, "properties": {"kind": "OUT_OF_SCOPE"}}, {"type": "Feature", "geometry": {"type": "Point", "coordinates": [2.1155119, 6.3277963]}, "properties": {"kind": "OUT_OF_SCOPE"}}, {"type": "Feature", "geometry": {"type": "Point", "coordinates": [2.1074429, 6.3266557]}, "properties": {"kind": "OUT_OF_SCOPE"}}, {"type": "Feature", "geometry": {"type": "Point", "coordinates": [2.0978485, 6.3252838]}, "properties": {"kind": "OUT_OF_SCOPE"}}, {"type": "Feature", "geometry": {"type": "Point", "coordinates": [2.0937292, 6.3255325]}, "properties": {"kind": "OUT_OF_SCOPE"}}, {"type": "Feature", "geometry": {"type": "Point", "coordinates": [2.0894294, 6.3248174]}, "properties": {"kind": "OUT_OF_SCOPE"}}, {"type": "Feature", "geometry": {"type": "Point", "coordinates": [2.4827946, 6.7198593]}, "properties": {"kind": "OUT_OF_SCOPE"}}, {"type": "Feature", "geometry": {"type": "Point", "coordinates": [2.4834456, 6.7243345]}, "properties": {"kind": "OUT_OF_SCOPE"}}, {"type": "Feature", "geometry": {"type": "Point", "coordinates": [2.4871949, 6.7321639]}, "properties": {"kind": "OUT_OF_SCOPE"}}, {"type": "Feature", "geometry": {"type": "Point", "coordinates": [2.4863479, 6.7371371]}, "properties": {"kind": "OUT_OF_SCOPE"}}, {"type": "Feature", "geometry": {"type": "Point", "coordinates": [2.4850531, 6.7380575]}, "properties": {"kind": "OUT_OF_SCOPE"}}, {"type": "Feature", "geometry": {"type": "Point", "coordinates": [2.4826081, 6.7379622]}, "properties": {"kind": "OUT_OF_SCOPE"}}, {"type": "Feature", "geometry": {"type": "Point", "coordinates": [2.4797958, 6.7416028]}, "properties": {"kind": "OUT_OF_SCOPE"}}, {"type": "Feature", "geometry": {"type": "Point", "coordinates": [2.3730366, 6.7073267]}, "properties": {"kind": "OUT_OF_SCOPE"}}, {"type": "Feature", "geometry": {"type": "Point", "coordinates": [2.4954928, 6.3630405]}, "properties": {"kind": "OUT_OF_SCOPE"}}, {"type": "Feature", "geometry": {"type": "Point", "coordinates": [2.4951754, 6.3664585]}, "properties": {"kind": "OUT_OF_SCOPE"}}, {"type": "Feature", "geometry": {"type": "Point", "coordinates": [2.4949077, 6.3695861]}, "properties": {"kind": "OUT_OF_SCOPE"}}, {"type": "Feature", "geometry": {"type": "Point", "coordinates": [2.2927438, 6.7324972]}, "properties": {"kind": "OUT_OF_SCOPE"}}, {"type": "Feature", "geometry": {"type": "Point", "coordinates": [2.2907279, 6.7213049]}, "properties": {"kind": "OUT_OF_SCOPE"}}, {"type": "Feature", "geometry": {"type": "Point", "coordinates": [2.2779493, 6.7877178]}, "properties": {"kind": "OUT_OF_SCOPE"}}, {"type": "Feature", "geometry": {"type": "Point", "coordinates": [2.2822247, 6.7828224]}, "properties": {"kind": "OUT_OF_SCOPE"}}, {"type": "Feature", "geometry": {"type": "Point", "coordinates": [2.2858725, 6.7791392]}, "properties": {"kind": "OUT_OF_SCOPE"}}, {"type": "Feature", "geometry": {"type": "Point", "coordinates": [2.2885412, 6.7744147]}, "properties": {"kind": "OUT_OF_SCOPE"}}, {"type": "Feature", "geometry": {"type": "Point", "coordinates": [2.2857604, 6.7573774]}, "properties": {"kind": "OUT_OF_SCOPE"}}, {"type": "Feature", "geometry": {"type": "Point", "coordinates": [2.2221193, 6.6364903]}, "properties": {"kind": "OUT_OF_SCOPE"}}, {"type": "Feature", "geometry": {"type": "Point", "coordinates": [2.224195, 6.6508714]}, "properties": {"kind": "OUT_OF_SCOPE"}}, {"type": "Feature", "geometry": {"type": "Point", "coordinates": [2.2315979, 6.667261]}, "properties": {"kind": "OUT_OF_SCOPE"}}, {"type": "Feature", "geometry": {"type": "Point", "coordinates": [2.242208, 6.6783078]}, "properties": {"kind": "OUT_OF_SCOPE"}}, {"type": "Feature", "geometry": {"type": "Point", "coordinates": [2.2477483, 6.6876819]}, "properties": {"kind": "OUT_OF_SCOPE"}}, {"type": "Feature", "geometry": {"type": "Point", "coordinates": [2.2577298, 6.6954401]}, "properties": {"kind": "OUT_OF_SCOPE"}}, {"type": "Feature", "geometry": {"type": "Point", "coordinates": [2.267585, 6.7048714]}, "properties": {"kind": "OUT_OF_SCOPE"}}, {"type": "Feature", "geometry": {"type": "Point", "coordinates": [2.272347, 6.7124457]}, "properties": {"kind": "OUT_OF_SCOPE"}}, {"type": "Feature", "geometry": {"type": "Point", "coordinates": [2.2771839, 6.7200867]}, "properties": {"kind": "OUT_OF_SCOPE"}}, {"type": "Feature", "geometry": {"type": "Point", "coordinates": [2.283919, 6.8020299]}, "properties": {"kind": "OUT_OF_SCOPE"}}, {"type": "Feature", "geometry": {"type": "Point", "coordinates": [2.2929885, 6.8111372]}, "properties": {"kind": "OUT_OF_SCOPE"}}, {"type": "Feature", "geometry": {"type": "Point", "coordinates": [2.3000126, 6.8218198]}, "properties": {"kind": "OUT_OF_SCOPE"}}, {"type": "Feature", "geometry": {"type": "Point", "coordinates": [2.3795405, 6.7208458]}, "properties": {"kind": "OUT_OF_SCOPE"}}, {"type": "Feature", "geometry": {"type": "Point", "coordinates": [2.2791901, 6.5950646]}, "properties": {"kind": "OUT_OF_SCOPE"}}, {"type": "Feature", "geometry": {"type": "Point", "coordinates": [2.2799025, 6.6034576]}, "properties": {"kind": "OUT_OF_SCOPE"}}, {"type": "Feature", "geometry": {"type": "Point", "coordinates": [2.2814014, 6.6191852]}, "properties": {"kind": "OUT_OF_SCOPE"}}, {"type": "Feature", "geometry": {"type": "Point", "coordinates": [2.2820985, 6.6267641]}, "properties": {"kind": "OUT_OF_SCOPE"}}, {"type": "Feature", "geometry": {"type": "Point", "coordinates": [2.2828027, 6.6343477]}, "properties": {"kind": "OUT_OF_SCOPE"}}, {"type": "Feature", "geometry": {"type": "Point", "coordinates": [2.2832371, 6.6389797]}, "properties": {"kind": "OUT_OF_SCOPE"}}, {"type": "Feature", "geometry": {"type": "Point", "coordinates": [2.2839184, 6.6463156]}, "properties": {"kind": "OUT_OF_SCOPE"}}, {"type": "Feature", "geometry": {"type": "Point", "coordinates": [2.2850614, 6.6585266]}, "properties": {"kind": "OUT_OF_SCOPE"}}, {"type": "Feature", "geometry": {"type": "Point", "coordinates": [2.2873188, 6.6809423]}, "properties": {"kind": "OUT_OF_SCOPE"}}, {"type": "Feature", "geometry": {"type": "Point", "coordinates": [2.2879558, 6.6897664]}, "properties": {"kind": "OUT_OF_SCOPE"}}, {"type": "Feature", "geometry": {"type": "Point", "coordinates": [2.2912068, 6.7087331]}, "properties": {"kind": "OUT_OF_SCOPE"}}, {"type": "Feature", "geometry": {"type": "Point", "coordinates": [2.2935669, 6.7213671]}, "properties": {"kind": "OUT_OF_SCOPE"}}, {"type": "Feature", "geometry": {"type": "Point", "coordinates": [2.3050977, 6.721226]}, "properties": {"kind": "OUT_OF_SCOPE"}}, {"type": "Feature", "geometry": {"type": "Point", "coordinates": [2.3151882, 6.7141136]}, "properties": {"kind": "OUT_OF_SCOPE"}}, {"type": "Feature", "geometry": {"type": "Point", "coordinates": [2.3221888, 6.7118164]}, "properties": {"kind": "OUT_OF_SCOPE"}}, {"type": "Feature", "geometry": {"type": "Point", "coordinates": [2.3253965, 6.7122915]}, "properties": {"kind": "OUT_OF_SCOPE"}}, {"type": "Feature", "geometry": {"type": "Point", "coordinates": [2.3307641, 6.7091356]}, "properties": {"kind": "OUT_OF_SCOPE"}}, {"type": "Feature", "geometry": {"type": "Point", "coordinates": [2.3330114, 6.7071276]}, "properties": {"kind": "OUT_OF_SCOPE"}}, {"type": "Feature", "geometry": {"type": "Point", "coordinates": [2.3364477, 6.7069055]}, "properties": {"kind": "OUT_OF_SCOPE"}}, {"type": "Feature", "geometry": {"type": "Point", "coordinates": [2.2896132, 6.7213242]}, "properties": {"kind": "OUT_OF_SCOPE"}}, {"type": "Feature", "geometry": {"type": "Point", "coordinates": [2.2865433, 6.7277461]}, "properties": {"kind": "OUT_OF_SCOPE"}}, {"type": "Feature", "geometry": {"type": "Point", "coordinates": [2.2818075, 6.732321]}, "properties": {"kind": "OUT_OF_SCOPE"}}, {"type": "Feature", "geometry": {"type": "Point", "coordinates": [2.2811827, 6.7369002]}, "properties": {"kind": "OUT_OF_SCOPE"}}, {"type": "Feature", "geometry": {"type": "Point", "coordinates": [2.2790327, 6.7440086]}, "properties": {"kind": "OUT_OF_SCOPE"}}, {"type": "Feature", "geometry": {"type": "Point", "coordinates": [2.3193913, 6.7820711]}, "properties": {"kind": "OUT_OF_SCOPE"}}, {"type": "Feature", "geometry": {"type": "Point", "coordinates": [2.3198427, 6.7946701]}, "properties": {"kind": "OUT_OF_SCOPE"}}, {"type": "Feature", "geometry": {"type": "Point", "coordinates": [2.3245364, 6.8032282]}, "properties": {"kind": "OUT_OF_SCOPE"}}, {"type": "Feature", "geometry": {"type": "Point", "coordinates": [2.3297289, 6.8134436]}, "properties": {"kind": "OUT_OF_SCOPE"}}, {"type": "Feature", "geometry": {"type": "Point", "coordinates": [2.3327782, 6.8217816]}, "properties": {"kind": "OUT_OF_SCOPE"}}, {"type": "Feature", "geometry": {"type": "Point", "coordinates": [2.3318325, 6.8298907]}, "properties": {"kind": "OUT_OF_SCOPE"}}, {"type": "Feature", "geometry": {"type": "Point", "coordinates": [2.314218, 6.8284558]}, "properties": {"kind": "OUT_OF_SCOPE"}}, {"type": "Feature", "geometry": {"type": "Point", "coordinates": [2.3080301, 6.8260163]}, "properties": {"kind": "OUT_OF_SCOPE"}}, {"type": "Feature", "geometry": {"type": "Point", "coordinates": [2.3792589, 6.7274093]}, "properties": {"kind": "OUT_OF_SCOPE"}}, {"type": "Feature", "geometry": {"type": "Point", "coordinates": [2.3738715, 6.7376176]}, "properties": {"kind": "OUT_OF_SCOPE"}}, {"type": "Feature", "geometry": {"type": "Point", "coordinates": [2.3715744, 6.7459914]}, "properties": {"kind": "OUT_OF_SCOPE"}}, {"type": "Feature", "geometry": {"type": "Point", "coordinates": [2.3623086, 6.7478291]}, "properties": {"kind": "OUT_OF_SCOPE"}}, {"type": "Feature", "geometry": {"type": "Point", "coordinates": [2.3577797, 6.7488759]}, "properties": {"kind": "OUT_OF_SCOPE"}}, {"type": "Feature", "geometry": {"type": "Point", "coordinates": [2.3541574, 6.7501398]}, "properties": {"kind": "OUT_OF_SCOPE"}}, {"type": "Feature", "geometry": {"type": "Point", "coordinates": [2.3489512, 6.7523397]}, "properties": {"kind": "OUT_OF_SCOPE"}}, {"type": "Feature", "geometry": {"type": "Point", "coordinates": [2.3466781, 6.7525184]}, "properties": {"kind": "OUT_OF_SCOPE"}}, {"type": "Feature", "geometry": {"type": "Point", "coordinates": [2.3458238, 6.7552513]}, "properties": {"kind": "OUT_OF_SCOPE"}}, {"type": "Feature", "geometry": {"type": "Point", "coordinates": [2.3433776, 6.758321]}, "properties": {"kind": "OUT_OF_SCOPE"}}, {"type": "Feature", "geometry": {"type": "Point", "coordinates": [2.3413011, 6.7605625]}, "properties": {"kind": "OUT_OF_SCOPE"}}, {"type": "Feature", "geometry": {"type": "Point", "coordinates": [2.334142, 6.7692551]}, "properties": {"kind": "OUT_OF_SCOPE"}}, {"type": "Feature", "geometry": {"type": "Point", "coordinates": [2.3298229, 6.7730225]}, "properties": {"kind": "OUT_OF_SCOPE"}}, {"type": "Feature", "geometry": {"type": "Point", "coordinates": [2.3261055, 6.776979]}, "properties": {"kind": "OUT_OF_SCOPE"}}, {"type": "Feature", "geometry": {"type": "Point", "coordinates": [2.2994435, 6.7676022]}, "properties": {"kind": "OUT_OF_SCOPE"}}, {"type": "Feature", "geometry": {"type": "Point", "coordinates": [2.301121, 6.7757535]}, "properties": {"kind": "OUT_OF_SCOPE"}}, {"type": "Feature", "geometry": {"type": "Point", "coordinates": [2.3031139, 6.7837268]}, "properties": {"kind": "OUT_OF_SCOPE"}}, {"type": "Feature", "geometry": {"type": "Point", "coordinates": [2.2799694, 6.7897325]}, "properties": {"kind": "OUT_OF_SCOPE"}}, {"type": "Feature", "geometry": {"type": "Point", "coordinates": [2.248757, 6.7524184]}, "properties": {"kind": "OUT_OF_SCOPE"}}, {"type": "Feature", "geometry": {"type": "Point", "coordinates": [2.2560915, 6.7616633]}, "properties": {"kind": "OUT_OF_SCOPE"}}, {"type": "Feature", "geometry": {"type": "Point", "coordinates": [2.2603403, 6.7682026]}, "properties": {"kind": "OUT_OF_SCOPE"}}, {"type": "Feature", "geometry": {"type": "Point", "coordinates": [2.2682045, 6.7801325]}, "properties": {"kind": "OUT_OF_SCOPE"}}, {"type": "Feature", "geometry": {"type": "Point", "coordinates": [2.2726932, 6.7869842]}, "properties": {"kind": "OUT_OF_SCOPE"}}, {"type": "Feature", "geometry": {"type": "Point", "coordinates": [2.2764002, 6.7217497]}, "properties": {"kind": "OUT_OF_SCOPE"}}, {"type": "Feature", "geometry": {"type": "Point", "coordinates": [2.2760354, 6.7254021]}, "properties": {"kind": "OUT_OF_SCOPE"}}, {"type": "Feature", "geometry": {"type": "Point", "coordinates": [2.2717235, 6.7259781]}, "properties": {"kind": "OUT_OF_SCOPE"}}, {"type": "Feature", "geometry": {"type": "Point", "coordinates": [2.2612266, 6.7267686]}, "properties": {"kind": "OUT_OF_SCOPE"}}, {"type": "Feature", "geometry": {"type": "Point", "coordinates": [2.2512187, 6.7330808]}, "properties": {"kind": "OUT_OF_SCOPE"}}, {"type": "Feature", "geometry": {"type": "Point", "coordinates": [2.2479162, 6.7430704]}, "properties": {"kind": "OUT_OF_SCOPE"}}, {"type": "Feature", "geometry": {"type": "Point", "coordinates": [2.2814575, 6.7210776]}, "properties": {"kind": "OUT_OF_SCOPE"}}, {"type": "Feature", "geometry": {"type": "Point", "coordinates": [2.2865592, 6.7207797]}, "properties": {"kind": "OUT_OF_SCOPE"}}, {"type": "Feature", "geometry": {"type": "Point", "coordinates": [2.3465013, 6.7303844]}, "properties": {"kind": "OUT_OF_SCOPE"}}, {"type": "Feature", "geometry": {"type": "Point", "coordinates": [2.3217522, 6.7391391]}, "properties": {"kind": "OUT_OF_SCOPE"}}, {"type": "Feature", "geometry": {"type": "Point", "coordinates": [2.2893516, 6.6664166]}, "properties": {"kind": "OUT_OF_SCOPE"}}, {"type": "Feature", "geometry": {"type": "Point", "coordinates": [2.3042261, 6.6649047]}, "properties": {"kind": "OUT_OF_SCOPE"}}, {"type": "Feature", "geometry": {"type": "Point", "coordinates": [2.3180087, 6.6635441]}, "properties": {"kind": "OUT_OF_SCOPE"}}, {"type": "Feature", "geometry": {"type": "Point", "coordinates": [2.2640689, 6.7061783]}, "properties": {"kind": "OUT_OF_SCOPE"}}, {"type": "Feature", "geometry": {"type": "Point", "coordinates": [2.2527896, 6.7062196]}, "properties": {"kind": "OUT_OF_SCOPE"}}, {"type": "Feature", "geometry": {"type": "Point", "coordinates": [2.2490805, 6.7057113]}, "properties": {"kind": "OUT_OF_SCOPE"}}, {"type": "Feature", "geometry": {"type": "Point", "coordinates": [2.24473, 6.7088826]}, "properties": {"kind": "OUT_OF_SCOPE"}}, {"type": "Feature", "geometry": {"type": "Point", "coordinates": [2.2367691, 6.7203093]}, "properties": {"kind": "OUT_OF_SCOPE"}}, {"type": "Feature", "geometry": {"type": "Point", "coordinates": [2.2325957, 6.7239411]}, "properties": {"kind": "OUT_OF_SCOPE"}}, {"type": "Feature", "geometry": {"type": "Point", "coordinates": [2.227529, 6.7316846]}, "properties": {"kind": "OUT_OF_SCOPE"}}, {"type": "Feature", "geometry": {"type": "Point", "coordinates": [2.2205633, 6.733701]}, "properties": {"kind": "OUT_OF_SCOPE"}}, {"type": "Feature", "geometry": {"type": "Point", "coordinates": [2.2170979, 6.7341911]}, "properties": {"kind": "OUT_OF_SCOPE"}}, {"type": "Feature", "geometry": {"type": "Point", "coordinates": [2.2132757, 6.7339514]}, "properties": {"kind": "OUT_OF_SCOPE"}}, {"type": "Feature", "geometry": {"type": "Point", "coordinates": [2.2063583, 6.7276038]}, "properties": {"kind": "OUT_OF_SCOPE"}}, {"type": "Feature", "geometry": {"type": "Point", "coordinates": [2.1966702, 6.7213386]}, "properties": {"kind": "OUT_OF_SCOPE"}}, {"type": "Feature", "geometry": {"type": "Point", "coordinates": [2.1846244, 6.7188187]}, "properties": {"kind": "OUT_OF_SCOPE"}}, {"type": "Feature", "geometry": {"type": "Point", "coordinates": [2.1692027, 6.7242287]}, "properties": {"kind": "OUT_OF_SCOPE"}}, {"type": "Feature", "geometry": {"type": "Point", "coordinates": [2.2656957, 6.7499225]}, "properties": {"kind": "OUT_OF_SCOPE"}}, {"type": "Feature", "geometry": {"type": "Point", "coordinates": [2.2371769, 6.7441413]}, "properties": {"kind": "OUT_OF_SCOPE"}}, {"type": "Feature", "geometry": {"type": "Point", "coordinates": [2.3765895, 6.7242628]}, "properties": {"kind": "OUT_OF_SCOPE"}}, {"type": "Feature", "geometry": {"type": "Point", "coordinates": [2.2623172, 6.5819927]}, "properties": {"kind": "OUT_OF_SCOPE"}}, {"type": "Feature", "geometry": {"type": "Point", "coordinates": [2.2675941, 6.5822015]}, "properties": {"kind": "OUT_OF_SCOPE"}}, {"type": "Feature", "geometry": {"type": "Point", "coordinates": [2.2748592, 6.5808923]}, "properties": {"kind": "OUT_OF_SCOPE"}}, {"type": "Feature", "geometry": {"type": "Point", "coordinates": [2.2826688, 6.5806102]}, "properties": {"kind": "OUT_OF_SCOPE"}}, {"type": "Feature", "geometry": {"type": "Point", "coordinates": [2.2871894, 6.5847745]}, "properties": {"kind": "OUT_OF_SCOPE"}}, {"type": "Feature", "geometry": {"type": "Point", "coordinates": [2.2836301, 6.581204]}, "properties": {"kind": "OUT_OF_SCOPE"}}, {"type": "Feature", "geometry": {"type": "Point", "coordinates": [2.2769158, 6.5906771]}, "properties": {"kind": "OUT_OF_SCOPE"}}, {"type": "Feature", "geometry": {"type": "Point", "coordinates": [2.3146512, 6.5825762]}, "properties": {"kind": "OUT_OF_SCOPE"}}, {"type": "Feature", "geometry": {"type": "Point", "coordinates": [2.3147947, 6.5856911]}, "properties": {"kind": "OUT_OF_SCOPE"}}, {"type": "Feature", "geometry": {"type": "Point", "coordinates": [2.3156302, 6.5893388]}, "properties": {"kind": "OUT_OF_SCOPE"}}, {"type": "Feature", "geometry": {"type": "Point", "coordinates": [2.3164342, 6.5925122]}, "properties": {"kind": "OUT_OF_SCOPE"}}, {"type": "Feature", "geometry": {"type": "Point", "coordinates": [2.3162511, 6.5947756]}, "properties": {"kind": "OUT_OF_SCOPE"}}, {"type": "Feature", "geometry": {"type": "Point", "coordinates": [2.3175251, 6.598398]}, "properties": {"kind": "OUT_OF_SCOPE"}}, {"type": "Feature", "geometry": {"type": "Point", "coordinates": [2.3216987, 6.6018297]}, "properties": {"kind": "OUT_OF_SCOPE"}}, {"type": "Feature", "geometry": {"type": "Point", "coordinates": [2.2495639, 6.5230025]}, "properties": {"kind": "OUT_OF_SCOPE"}}, {"type": "Feature", "geometry": {"type": "Point", "coordinates": [2.1909634, 6.5544527]}, "properties": {"kind": "OUT_OF_SCOPE"}}, {"type": "Feature", "geometry": {"type": "Point", "coordinates": [2.1941113, 6.5553067]}, "properties": {"kind": "OUT_OF_SCOPE"}}, {"type": "Feature", "geometry": {"type": "Point", "coordinates": [2.1983278, 6.5565245]}, "properties": {"kind": "OUT_OF_SCOPE"}}, {"type": "Feature", "geometry": {"type": "Point", "coordinates": [2.203027, 6.5573132]}, "properties": {"kind": "OUT_OF_SCOPE"}}, {"type": "Feature", "geometry": {"type": "Point", "coordinates": [2.2047758, 6.5594183]}, "properties": {"kind": "OUT_OF_SCOPE"}}, {"type": "Feature", "geometry": {"type": "Point", "coordinates": [2.2103548, 6.5636231]}, "properties": {"kind": "OUT_OF_SCOPE"}}, {"type": "Feature", "geometry": {"type": "Point", "coordinates": [2.2264882, 6.5649058]}, "properties": {"kind": "OUT_OF_SCOPE"}}, {"type": "Feature", "geometry": {"type": "Point", "coordinates": [2.239286, 6.5658713]}, "properties": {"kind": "OUT_OF_SCOPE"}}, {"type": "Feature", "geometry": {"type": "Point", "coordinates": [2.2641492, 6.561518]}, "properties": {"kind": "OUT_OF_SCOPE"}}, {"type": "Feature", "geometry": {"type": "Point", "coordinates": [2.2777037, 6.5596052]}, "properties": {"kind": "OUT_OF_SCOPE"}}, {"type": "Feature", "geometry": {"type": "Point", "coordinates": [2.2795089, 6.5675401]}, "properties": {"kind": "OUT_OF_SCOPE"}}, {"type": "Feature", "geometry": {"type": "Point", "coordinates": [2.2868608, 6.5657362]}, "properties": {"kind": "OUT_OF_SCOPE"}}, {"type": "Feature", "geometry": {"type": "Point", "coordinates": [2.2908331, 6.5678945]}, "properties": {"kind": "OUT_OF_SCOPE"}}, {"type": "Feature", "geometry": {"type": "Point", "coordinates": [2.297619, 6.5742391]}, "properties": {"kind": "OUT_OF_SCOPE"}}, {"type": "Feature", "geometry": {"type": "Point", "coordinates": [2.2988784, 6.5800263]}, "properties": {"kind": "OUT_OF_SCOPE"}}, {"type": "Feature", "geometry": {"type": "Point", "coordinates": [2.299812, 6.5831388]}, "properties": {"kind": "OUT_OF_SCOPE"}}, {"type": "Feature", "geometry": {"type": "Point", "coordinates": [2.3010818, 6.5872075]}, "properties": {"kind": "OUT_OF_SCOPE"}}, {"type": "Feature", "geometry": {"type": "Point", "coordinates": [2.3028065, 6.5902646]}, "properties": {"kind": "OUT_OF_SCOPE"}}, {"type": "Feature", "geometry": {"type": "Point", "coordinates": [2.3064463, 6.5930943]}, "properties": {"kind": "OUT_OF_SCOPE"}}, {"type": "Feature", "geometry": {"type": "Point", "coordinates": [2.30836, 6.5953231]}, "properties": {"kind": "OUT_OF_SCOPE"}}, {"type": "Feature", "geometry": {"type": "Point", "coordinates": [2.3093001, 6.5978264]}, "properties": {"kind": "OUT_OF_SCOPE"}}, {"type": "Feature", "geometry": {"type": "Point", "coordinates": [2.3106365, 6.5991845]}, "properties": {"kind": "OUT_OF_SCOPE"}}, {"type": "Feature", "geometry": {"type": "Point", "coordinates": [2.3145652, 6.5977455]}, "properties": {"kind": "OUT_OF_SCOPE"}}, {"type": "Feature", "geometry": {"type": "Point", "coordinates": [2.290142, 6.5743887]}, "properties": {"kind": "OUT_OF_SCOPE"}}, {"type": "Feature", "geometry": {"type": "Point", "coordinates": [2.2972101, 6.5736407]}, "properties": {"kind": "OUT_OF_SCOPE"}}, {"type": "Feature", "geometry": {"type": "Point", "coordinates": [2.2920347, 6.5750252]}, "properties": {"kind": "OUT_OF_SCOPE"}}, {"type": "Feature", "geometry": {"type": "Point", "coordinates": [2.2940357, 6.5771249]}, "properties": {"kind": "OUT_OF_SCOPE"}}, {"type": "Feature", "geometry": {"type": "Point", "coordinates": [2.2946284, 6.5797229]}, "properties": {"kind": "OUT_OF_SCOPE"}}, {"type": "Feature", "geometry": {"type": "Point", "coordinates": [2.2940826, 6.5826245]}, "properties": {"kind": "OUT_OF_SCOPE"}}, {"type": "Feature", "geometry": {"type": "Point", "coordinates": [2.2942476, 6.5842189]}, "properties": {"kind": "OUT_OF_SCOPE"}}, {"type": "Feature", "geometry": {"type": "Point", "coordinates": [2.2944661, 6.5853047]}, "properties": {"kind": "OUT_OF_SCOPE"}}, {"type": "Feature", "geometry": {"type": "Point", "coordinates": [2.2954305, 6.5872964]}, "properties": {"kind": "OUT_OF_SCOPE"}}, {"type": "Feature", "geometry": {"type": "Point", "coordinates": [2.2975011, 6.5907573]}, "properties": {"kind": "OUT_OF_SCOPE"}}, {"type": "Feature", "geometry": {"type": "Point", "coordinates": [2.3012412, 6.5915984]}, "properties": {"kind": "OUT_OF_SCOPE"}}, {"type": "Feature", "geometry": {"type": "Point", "coordinates": [2.3029614, 6.5916138]}, "properties": {"kind": "OUT_OF_SCOPE"}}, {"type": "Feature", "geometry": {"type": "Point", "coordinates": [2.2842523, 6.6103505]}, "properties": {"kind": "OUT_OF_SCOPE"}}, {"type": "Feature", "geometry": {"type": "Point", "coordinates": [2.294826, 6.6090648]}, "properties": {"kind": "OUT_OF_SCOPE"}}, {"type": "Feature", "geometry": {"type": "Point", "coordinates": [2.30111, 6.6083043]}, "properties": {"kind": "OUT_OF_SCOPE"}}, {"type": "Feature", "geometry": {"type": "Point", "coordinates": [2.3103962, 6.6071548]}, "properties": {"kind": "OUT_OF_SCOPE"}}, {"type": "Feature", "geometry": {"type": "Point", "coordinates": [2.3215565, 6.6057278]}, "properties": {"kind": "OUT_OF_SCOPE"}}, {"type": "Feature", "geometry": {"type": "Point", "coordinates": [2.2847794, 6.6331157]}, "properties": {"kind": "OUT_OF_SCOPE"}}, {"type": "Feature", "geometry": {"type": "Point", "coordinates": [2.286895, 6.6343553]}, "properties": {"kind": "OUT_OF_SCOPE"}}, {"type": "Feature", "geometry": {"type": "Point", "coordinates": [2.2898548, 6.6356768]}, "properties": {"kind": "OUT_OF_SCOPE"}}, {"type": "Feature", "geometry": {"type": "Point", "coordinates": [2.2942629, 6.6379536]}, "properties": {"kind": "OUT_OF_SCOPE"}}, {"type": "Feature", "geometry": {"type": "Point", "coordinates": [2.2953325, 6.639105]}, "properties": {"kind": "OUT_OF_SCOPE"}}, {"type": "Feature", "geometry": {"type": "Point", "coordinates": [2.2972208, 6.6395306]}, "properties": {"kind": "OUT_OF_SCOPE"}}, {"type": "Feature", "geometry": {"type": "Point", "coordinates": [2.2992332, 6.6373073]}, "properties": {"kind": "OUT_OF_SCOPE"}}, {"type": "Feature", "geometry": {"type": "Point", "coordinates": [2.3005957, 6.6353597]}, "properties": {"kind": "OUT_OF_SCOPE"}}, {"type": "Feature", "geometry": {"type": "Point", "coordinates": [2.3030895, 6.6340556]}, "properties": {"kind": "OUT_OF_SCOPE"}}, {"type": "Feature", "geometry": {"type": "Point", "coordinates": [2.3054854, 6.6331124]}, "properties": {"kind": "OUT_OF_SCOPE"}}, {"type": "Feature", "geometry": {"type": "Point", "coordinates": [2.3085257, 6.6323498]}, "properties": {"kind": "OUT_OF_SCOPE"}}, {"type": "Feature", "geometry": {"type": "Point", "coordinates": [2.3113471, 6.6313223]}, "properties": {"kind": "OUT_OF_SCOPE"}}, {"type": "Feature", "geometry": {"type": "Point", "coordinates": [2.3142247, 6.6299479]}, "properties": {"kind": "OUT_OF_SCOPE"}}, {"type": "Feature", "geometry": {"type": "Point", "coordinates": [2.3160157, 6.6300652]}, "properties": {"kind": "OUT_OF_SCOPE"}}, {"type": "Feature", "geometry": {"type": "Point", "coordinates": [2.3181149, 6.6290553]}, "properties": {"kind": "OUT_OF_SCOPE"}}, {"type": "Feature", "geometry": {"type": "Point", "coordinates": [2.3197391, 6.6270424]}, "properties": {"kind": "OUT_OF_SCOPE"}}, {"type": "Feature", "geometry": {"type": "Point", "coordinates": [2.3214653, 6.6257743]}, "properties": {"kind": "OUT_OF_SCOPE"}}, {"type": "Feature", "geometry": {"type": "Point", "coordinates": [2.3247685, 6.6249369]}, "properties": {"kind": "OUT_OF_SCOPE"}}, {"type": "Feature", "geometry": {"type": "Point", "coordinates": [2.3277652, 6.624251]}, "properties": {"kind": "OUT_OF_SCOPE"}}, {"type": "Feature", "geometry": {"type": "Point", "coordinates": [2.2792552, 6.644904]}, "properties": {"kind": "OUT_OF_SCOPE"}}, {"type": "Feature", "geometry": {"type": "Point", "coordinates": [2.2735162, 6.6425527]}, "properties": {"kind": "OUT_OF_SCOPE"}}, {"type": "Feature", "geometry": {"type": "Point", "coordinates": [2.2668029, 6.6398221]}, "properties": {"kind": "OUT_OF_SCOPE"}}, {"type": "Feature", "geometry": {"type": "Point", "coordinates": [2.2624323, 6.6381828]}, "properties": {"kind": "OUT_OF_SCOPE"}}, {"type": "Feature", "geometry": {"type": "Point", "coordinates": [2.2595442, 6.6365672]}, "properties": {"kind": "OUT_OF_SCOPE"}}, {"type": "Feature", "geometry": {"type": "Point", "coordinates": [2.2501274, 6.6309415]}, "properties": {"kind": "OUT_OF_SCOPE"}}, {"type": "Feature", "geometry": {"type": "Point", "coordinates": [2.2468163, 6.6290243]}, "properties": {"kind": "OUT_OF_SCOPE"}}, {"type": "Feature", "geometry": {"type": "Point", "coordinates": [2.2494534, 6.619324]}, "properties": {"kind": "OUT_OF_SCOPE"}}, {"type": "Feature", "geometry": {"type": "Point", "coordinates": [2.249283, 6.6226095]}, "properties": {"kind": "OUT_OF_SCOPE"}}, {"type": "Feature", "geometry": {"type": "Point", "coordinates": [2.2492293, 6.6266166]}, "properties": {"kind": "OUT_OF_SCOPE"}}, {"type": "Feature", "geometry": {"type": "Point", "coordinates": [2.2489584, 6.6285269]}, "properties": {"kind": "OUT_OF_SCOPE"}}, {"type": "Feature", "geometry": {"type": "Point", "coordinates": [2.2708211, 6.6669469]}, "properties": {"kind": "OUT_OF_SCOPE"}}, {"type": "Feature", "geometry": {"type": "Point", "coordinates": [2.3014681, 6.666185]}, "properties": {"kind": "OUT_OF_SCOPE"}}, {"type": "Feature", "geometry": {"type": "Point", "coordinates": [2.2926621, 6.670712]}, "properties": {"kind": "OUT_OF_SCOPE"}}, {"type": "Feature", "geometry": {"type": "Point", "coordinates": [2.2835187, 6.6792388]}, "properties": {"kind": "OUT_OF_SCOPE"}}, {"type": "Feature", "geometry": {"type": "Point", "coordinates": [2.2780846, 6.6870549]}, "properties": {"kind": "OUT_OF_SCOPE"}}, {"type": "Feature", "geometry": {"type": "Point", "coordinates": [2.2739861, 6.6950468]}, "properties": {"kind": "OUT_OF_SCOPE"}}, {"type": "Feature", "geometry": {"type": "Point", "coordinates": [2.2703263, 6.7020929]}, "properties": {"kind": "OUT_OF_SCOPE"}}, {"type": "Feature", "geometry": {"type": "Point", "coordinates": [2.4827027, 6.7124841]}, "properties": {"kind": "OUT_OF_SCOPE"}}, {"type": "Feature", "geometry": {"type": "Point", "coordinates": [2.4781187, 6.714289]}, "properties": {"kind": "OUT_OF_SCOPE"}}, {"type": "Feature", "geometry": {"type": "Point", "coordinates": [2.4758377, 6.7180043]}, "properties": {"kind": "OUT_OF_SCOPE"}}, {"type": "Feature", "geometry": {"type": "Point", "coordinates": [2.4783379, 6.7115408]}, "properties": {"kind": "OUT_OF_SCOPE"}}, {"type": "Feature", "geometry": {"type": "Point", "coordinates": [2.475616, 6.7144206]}, "properties": {"kind": "OUT_OF_SCOPE"}}, {"type": "Feature", "geometry": {"type": "Point", "coordinates": [2.4794484, 6.7178138]}, "properties": {"kind": "OUT_OF_SCOPE"}}, {"type": "Feature", "geometry": {"type": "Point", "coordinates": [2.4783012, 6.718946]}, "properties": {"kind": "OUT_OF_SCOPE"}}, {"type": "Feature", "geometry": {"type": "Point", "coordinates": [2.4786754, 6.7234905]}, "properties": {"kind": "OUT_OF_SCOPE"}}, {"type": "Feature", "geometry": {"type": "Point", "coordinates": [2.4796781, 6.7275159]}, "properties": {"kind": "OUT_OF_SCOPE"}}, {"type": "Feature", "geometry": {"type": "Point", "coordinates": [2.4797521, 6.7315004]}, "properties": {"kind": "OUT_OF_SCOPE"}}, {"type": "Feature", "geometry": {"type": "Point", "coordinates": [2.4808569, 6.7351797]}, "properties": {"kind": "OUT_OF_SCOPE"}}, {"type": "Feature", "geometry": {"type": "Point", "coordinates": [2.4944941, 6.3629414]}, "properties": {"kind": "OUT_OF_SCOPE"}}, {"type": "Feature", "geometry": {"type": "Point", "coordinates": [2.4876625, 6.3664908]}, "properties": {"kind": "OUT_OF_SCOPE"}}, {"type": "Feature", "geometry": {"type": "Point", "coordinates": [2.4882192, 6.3609705]}, "properties": {"kind": "OUT_OF_SCOPE"}}, {"type": "Feature", "geometry": {"type": "Point", "coordinates": [2.4895667, 6.364819]}, "properties": {"kind": "OUT_OF_SCOPE"}}, {"type": "Feature", "geometry": {"type": "Point", "coordinates": [2.491409, 6.362497]}, "properties": {"kind": "OUT_OF_SCOPE"}}, {"type": "Feature", "geometry": {"type": "Point", "coordinates": [2.4924212, 6.3681204]}, "properties": {"kind": "OUT_OF_SCOPE"}}, {"type": "Feature", "geometry": {"type": "Point", "coordinates": [2.4929412, 6.3626368]}, "properties": {"kind": "OUT_OF_SCOPE"}}, {"type": "Feature", "geometry": {"type": "Point", "coordinates": [2.4940955, 6.3671161]}, "properties": {"kind": "OUT_OF_SCOPE"}}, {"type": "Feature", "geometry": {"type": "Point", "coordinates": [2.4946247, 6.3615741]}, "properties": {"kind": "OUT_OF_SCOPE"}}, {"type": "Feature", "geometry": {"type": "Point", "coordinates": [2.5009011, 6.3668191]}, "properties": {"kind": "OUT_OF_SCOPE"}}, {"type": "Feature", "geometry": {"type": "Point", "coordinates": [2.4909712, 6.366808]}, "properties": {"kind": "OUT_OF_SCOPE"}}, {"type": "Feature", "geometry": {"type": "Point", "coordinates": [2.4900735, 6.3605581]}, "properties": {"kind": "OUT_OF_SCOPE"}}, {"type": "Feature", "geometry": {"type": "Point", "coordinates": [2.5036782, 6.3676844]}, "properties": {"kind": "OUT_OF_SCOPE"}}, {"type": "Feature", "geometry": {"type": "Point", "coordinates": [2.5385378, 6.3957634]}, "properties": {"kind": "OUT_OF_SCOPE"}}, {"type": "Feature", "geometry": {"type": "Point", "coordinates": [2.5354372, 6.3980811]}, "properties": {"kind": "OUT_OF_SCOPE"}}, {"type": "Feature", "geometry": {"type": "Point", "coordinates": [2.5293794, 6.4002122]}, "properties": {"kind": "OUT_OF_SCOPE"}}, {"type": "Feature", "geometry": {"type": "Point", "coordinates": [2.5252632, 6.4010269]}, "properties": {"kind": "OUT_OF_SCOPE"}}, {"type": "Feature", "geometry": {"type": "Point", "coordinates": [2.5210847, 6.402066]}, "properties": {"kind": "OUT_OF_SCOPE"}}, {"type": "Feature", "geometry": {"type": "Point", "coordinates": [2.5166698, 6.4041264]}, "properties": {"kind": "OUT_OF_SCOPE"}}, {"type": "Feature", "geometry": {"type": "Point", "coordinates": [2.5107273, 6.4069331]}, "properties": {"kind": "OUT_OF_SCOPE"}}, {"type": "Feature", "geometry": {"type": "Point", "coordinates": [2.5091019, 6.4076382]}, "properties": {"kind": "OUT_OF_SCOPE"}}, {"type": "Feature", "geometry": {"type": "Point", "coordinates": [2.5077394, 6.4079327]}, "properties": {"kind": "OUT_OF_SCOPE"}}, {"type": "Feature", "geometry": {"type": "Point", "coordinates": [2.5043745, 6.4074702]}, "properties": {"kind": "OUT_OF_SCOPE"}}, {"type": "Feature", "geometry": {"type": "Point", "coordinates": [2.5017326, 6.4069465]}, "properties": {"kind": "OUT_OF_SCOPE"}}, {"type": "Feature", "geometry": {"type": "Point", "coordinates": [2.4991389, 6.4069918]}, "properties": {"kind": "OUT_OF_SCOPE"}}, {"type": "Feature", "geometry": {"type": "Point", "coordinates": [2.2389257, 6.8292401]}, "properties": {"kind": "OUT_OF_SCOPE"}}, {"type": "Feature", "geometry": {"type": "Point", "coordinates": [2.2480895, 6.8226566]}, "properties": {"kind": "OUT_OF_SCOPE"}}, {"type": "Feature", "geometry": {"type": "Point", "coordinates": [2.2538273, 6.8176942]}, "properties": {"kind": "OUT_OF_SCOPE"}}, {"type": "Feature", "geometry": {"type": "Point", "coordinates": [2.2582643, 6.8154688]}, "properties": {"kind": "OUT_OF_SCOPE"}}, {"type": "Feature", "geometry": {"type": "Point", "coordinates": [2.2631846, 6.8122598]}, "properties": {"kind": "OUT_OF_SCOPE"}}, {"type": "Feature", "geometry": {"type": "Point", "coordinates": [2.2702378, 6.8099942]}, "properties": {"kind": "OUT_OF_SCOPE"}}, {"type": "Feature", "geometry": {"type": "Point", "coordinates": [2.2725874, 6.8060232]}, "properties": {"kind": "OUT_OF_SCOPE"}}, {"type": "Feature", "geometry": {"type": "Point", "coordinates": [2.2749476, 6.7970824]}, "properties": {"kind": "OUT_OF_SCOPE"}}, {"type": "Feature", "geometry": {"type": "Point", "coordinates": [2.2735734, 6.7939504]}, "properties": {"kind": "OUT_OF_SCOPE"}}, {"type": "Feature", "geometry": {"type": "Point", "coordinates": [2.2790746, 6.7932706]}, "properties": {"kind": "OUT_OF_SCOPE"}}, {"type": "Feature", "geometry": {"type": "Point", "coordinates": [2.2818621, 6.7947858]}, "properties": {"kind": "OUT_OF_SCOPE"}}, {"type": "Feature", "geometry": {"type": "Point", "coordinates": [2.2868083, 6.7962728]}, "properties": {"kind": "OUT_OF_SCOPE"}}, {"type": "Feature", "geometry": {"type": "Point", "coordinates": [2.2892989, 6.7986804]}, "properties": {"kind": "OUT_OF_SCOPE"}}, {"type": "Feature", "geometry": {"type": "Point", "coordinates": [2.2908756, 6.8009952]}, "properties": {"kind": "OUT_OF_SCOPE"}}, {"type": "Feature", "geometry": {"type": "Point", "coordinates": [2.2934282, 6.5669539]}, "properties": {"kind": "OUT_OF_SCOPE"}}, {"type": "Feature", "geometry": {"type": "Point", "coordinates": [2.2909273, 6.5706122]}, "properties": {"kind": "OUT_OF_SCOPE"}}, {"type": "Feature", "geometry": {"type": "Point", "coordinates": [2.2871867, 6.5760521]}, "properties": {"kind": "OUT_OF_SCOPE"}}, {"type": "Feature", "geometry": {"type": "Point", "coordinates": [2.2770855, 6.5908202]}, "properties": {"kind": "OUT_OF_SCOPE"}}, {"type": "Feature", "geometry": {"type": "Point", "coordinates": [2.2733524, 6.5967725]}, "properties": {"kind": "OUT_OF_SCOPE"}}, {"type": "Feature", "geometry": {"type": "Point", "coordinates": [2.2678091, 6.6058197]}, "properties": {"kind": "OUT_OF_SCOPE"}}, {"type": "Feature", "geometry": {"type": "Point", "coordinates": [2.2651577, 6.6100254]}, "properties": {"kind": "OUT_OF_SCOPE"}}, {"type": "Feature", "geometry": {"type": "Point", "coordinates": [2.260827, 6.6129825]}, "properties": {"kind": "OUT_OF_SCOPE"}}, {"type": "Feature", "geometry": {"type": "Point", "coordinates": [2.2470406, 6.6205466]}, "properties": {"kind": "OUT_OF_SCOPE"}}, {"type": "Feature", "geometry": {"type": "Point", "coordinates": [2.2328654, 6.6282937]}, "properties": {"kind": "OUT_OF_SCOPE"}}, {"type": "Feature", "geometry": {"type": "Point", "coordinates": [2.2251716, 6.6324809]}, "properties": {"kind": "OUT_OF_SCOPE"}}, {"type": "Feature", "geometry": {"type": "Point", "coordinates": [2.2173944, 6.6367077]}, "properties": {"kind": "OUT_OF_SCOPE"}}, {"type": "Feature", "geometry": {"type": "Point", "coordinates": [2.4857426, 6.3765207]}, "properties": {"kind": "OUT_OF_SCOPE"}}, {"type": "Feature", "geometry": {"type": "Point", "coordinates": [2.4852222, 6.3798074]}, "properties": {"kind": "OUT_OF_SCOPE"}}, {"type": "Feature", "geometry": {"type": "Point", "coordinates": [2.4875068, 6.3776548]}, "properties": {"kind": "OUT_OF_SCOPE"}}, {"type": "Feature", "geometry": {"type": "Point", "coordinates": [2.4927672, 6.3783758]}, "properties": {"kind": "OUT_OF_SCOPE"}}, {"type": "Feature", "geometry": {"type": "Point", "coordinates": [2.487181, 6.3770256]}, "properties": {"kind": "OUT_OF_SCOPE"}}, {"type": "Feature", "geometry": {"type": "Point", "coordinates": [2.4847881, 6.3782257]}, "properties": {"kind": "OUT_OF_SCOPE"}}, {"type": "Feature", "geometry": {"type": "Point", "coordinates": [2.4878951, 6.3791958]}, "properties": {"kind": "OUT_OF_SCOPE"}}, {"type": "Feature", "geometry": {"type": "Point", "coordinates": [2.4925165, 6.3717879]}, "properties": {"kind": "OUT_OF_SCOPE"}}, {"type": "Feature", "geometry": {"type": "Point", "coordinates": [2.4948116, 6.3700243]}, "properties": {"kind": "OUT_OF_SCOPE"}}, {"type": "Feature", "geometry": {"type": "Point", "coordinates": [2.4938482, 6.3733753]}, "properties": {"kind": "OUT_OF_SCOPE"}}, {"type": "Feature", "geometry": {"type": "Point", "coordinates": [2.4997907, 6.3726516]}, "properties": {"kind": "OUT_OF_SCOPE"}}, {"type": "Feature", "geometry": {"type": "Point", "coordinates": [2.5055104, 6.3731958]}, "properties": {"kind": "OUT_OF_SCOPE"}}, {"type": "Feature", "geometry": {"type": "Point", "coordinates": [2.5006889, 6.3727962]}, "properties": {"kind": "OUT_OF_SCOPE"}}, {"type": "Feature", "geometry": {"type": "Point", "coordinates": [2.4977879, 6.3730826]}, "properties": {"kind": "OUT_OF_SCOPE"}}, {"type": "Feature", "geometry": {"type": "Point", "coordinates": [2.4890608, 6.372408]}, "properties": {"kind": "OUT_OF_SCOPE"}}, {"type": "Feature", "geometry": {"type": "Point", "coordinates": [2.4908897, 6.3728315]}, "properties": {"kind": "OUT_OF_SCOPE"}}, {"type": "Feature", "geometry": {"type": "Point", "coordinates": [2.4898894, 6.3751601]}, "properties": {"kind": "OUT_OF_SCOPE"}}, {"type": "Feature", "geometry": {"type": "Point", "coordinates": [2.4931951, 6.3713814]}, "properties": {"kind": "OUT_OF_SCOPE"}}, {"type": "Feature", "geometry": {"type": "Point", "coordinates": [2.4989364, 6.3772897]}, "properties": {"kind": "OUT_OF_SCOPE"}}, {"type": "Feature", "geometry": {"type": "Point", "coordinates": [2.4908079, 6.3798794]}, "properties": {"kind": "OUT_OF_SCOPE"}}, {"type": "Feature", "geometry": {"type": "Point", "coordinates": [2.4907844, 6.3738516]}, "properties": {"kind": "OUT_OF_SCOPE"}}, {"type": "Feature", "geometry": {"type": "Point", "coordinates": [2.5008819, 6.3816889]}, "properties": {"kind": "OUT_OF_SCOPE"}}, {"type": "Feature", "geometry": {"type": "Point", "coordinates": [2.4936417, 6.3769025]}, "properties": {"kind": "OUT_OF_SCOPE"}}, {"type": "Feature", "geometry": {"type": "Point", "coordinates": [2.4899854, 6.382293]}, "properties": {"kind": "OUT_OF_SCOPE"}}, {"type": "Feature", "geometry": {"type": "Point", "coordinates": [2.4860175, 6.3818612]}, "properties": {"kind": "OUT_OF_SCOPE"}}, {"type": "Feature", "geometry": {"type": "Point", "coordinates": [2.4992287, 6.3819345]}, "properties": {"kind": "OUT_OF_SCOPE"}}, {"type": "Feature", "geometry": {"type": "Point", "coordinates": [2.4998939, 6.3820958]}, "properties": {"kind": "OUT_OF_SCOPE"}}, {"type": "Feature", "geometry": {"type": "Point", "coordinates": [2.5020598, 6.3825357]}, "properties": {"kind": "OUT_OF_SCOPE"}}, {"type": "Feature", "geometry": {"type": "Point", "coordinates": [2.504634, 6.3828515]}, "properties": {"kind": "OUT_OF_SCOPE"}}, {"type": "Feature", "geometry": {"type": "Point", "coordinates": [2.506641, 6.3826969]}, "properties": {"kind": "OUT_OF_SCOPE"}}, {"type": "Feature", "geometry": {"type": "Point", "coordinates": [2.2819481, 6.7636695]}, "properties": {"kind": "OUT_OF_SCOPE"}}, {"type": "Feature", "geometry": {"type": "Point", "coordinates": [2.2852662, 6.7742273]}, "properties": {"kind": "OUT_OF_SCOPE"}}, {"type": "Feature", "geometry": {"type": "Point", "coordinates": [2.2683802, 6.7701219]}, "properties": {"kind": "OUT_OF_SCOPE"}}, {"type": "Feature", "geometry": {"type": "Point", "coordinates": [2.2852337, 6.7762438]}, "properties": {"kind": "OUT_OF_SCOPE"}}, {"type": "Feature", "geometry": {"type": "Point", "coordinates": [2.2852228, 6.7787543]}, "properties": {"kind": "OUT_OF_SCOPE"}}, {"type": "Feature", "geometry": {"type": "Point", "coordinates": [2.2971445, 6.767999]}, "properties": {"kind": "OUT_OF_SCOPE"}}, {"type": "Feature", "geometry": {"type": "Point", "coordinates": [2.269327, 6.7680922]}, "properties": {"kind": "OUT_OF_SCOPE"}}, {"type": "Feature", "geometry": {"type": "Point", "coordinates": [2.2659919, 6.7514726]}, "properties": {"kind": "OUT_OF_SCOPE"}}, {"type": "Feature", "geometry": {"type": "Point", "coordinates": [2.2963505, 6.7794105]}, "properties": {"kind": "OUT_OF_SCOPE"}}, {"type": "Feature", "geometry": {"type": "Point", "coordinates": [2.2864468, 6.7806594]}, "properties": {"kind": "OUT_OF_SCOPE"}}, {"type": "Feature", "geometry": {"type": "Point", "coordinates": [2.2835275, 6.7607466]}, "properties": {"kind": "OUT_OF_SCOPE"}}, {"type": "Feature", "geometry": {"type": "Point", "coordinates": [2.3078861, 6.7903881]}, "properties": {"kind": "OUT_OF_SCOPE"}}, {"type": "Feature", "geometry": {"type": "Point", "coordinates": [2.3168909, 6.793688]}, "properties": {"kind": "OUT_OF_SCOPE"}}, {"type": "Feature", "geometry": {"type": "Point", "coordinates": [2.29849, 6.8017937]}, "properties": {"kind": "OUT_OF_SCOPE"}}, {"type": "Feature", "geometry": {"type": "Point", "coordinates": [2.3042082, 6.7964483]}, "properties": {"kind": "OUT_OF_SCOPE"}}, {"type": "Feature", "geometry": {"type": "Point", "coordinates": [2.3121843, 6.7877611]}, "properties": {"kind": "OUT_OF_SCOPE"}}, {"type": "Feature", "geometry": {"type": "Point", "coordinates": [2.3023258, 6.7843594]}, "properties": {"kind": "OUT_OF_SCOPE"}}, {"type": "Feature", "geometry": {"type": "Point", "coordinates": [2.2920629, 6.7804388]}, "properties": {"kind": "OUT_OF_SCOPE"}}, {"type": "Feature", "geometry": {"type": "Point", "coordinates": [2.2906761, 6.7772807]}, "properties": {"kind": "OUT_OF_SCOPE"}}, {"type": "Feature", "geometry": {"type": "Point", "coordinates": [2.2893279, 6.7751778]}, "properties": {"kind": "OUT_OF_SCOPE"}}, {"type": "Feature", "geometry": {"type": "Point", "coordinates": [2.2938407, 6.7655392]}, "properties": {"kind": "OUT_OF_SCOPE"}}, {"type": "Feature", "geometry": {"type": "Point", "coordinates": [2.2943615, 6.7636851]}, "properties": {"kind": "OUT_OF_SCOPE"}}, {"type": "Feature", "geometry": {"type": "Point", "coordinates": [2.3232379, 6.6196255]}, "properties": {"kind": "OUT_OF_SCOPE"}}, {"type": "Feature", "geometry": {"type": "Point", "coordinates": [2.323047, 6.6208578]}, "properties": {"kind": "OUT_OF_SCOPE"}}, {"type": "Feature", "geometry": {"type": "Point", "coordinates": [2.2908989, 6.6340762]}, "properties": {"kind": "OUT_OF_SCOPE"}}, {"type": "Feature", "geometry": {"type": "Point", "coordinates": [2.2956544, 6.6322965]}, "properties": {"kind": "OUT_OF_SCOPE"}}, {"type": "Feature", "geometry": {"type": "Point", "coordinates": [2.2977251, 6.6308205]}, "properties": {"kind": "OUT_OF_SCOPE"}}, {"type": "Feature", "geometry": {"type": "Point", "coordinates": [2.299207, 6.6294977]}, "properties": {"kind": "OUT_OF_SCOPE"}}, {"type": "Feature", "geometry": {"type": "Point", "coordinates": [2.2991145, 6.6287637]}, "properties": {"kind": "OUT_OF_SCOPE"}}, {"type": "Feature", "geometry": {"type": "Point", "coordinates": [2.2998346, 6.6272077]}, "properties": {"kind": "OUT_OF_SCOPE"}}, {"type": "Feature", "geometry": {"type": "Point", "coordinates": [2.3018145, 6.6257386]}, "properties": {"kind": "OUT_OF_SCOPE"}}, {"type": "Feature", "geometry": {"type": "Point", "coordinates": [2.3039247, 6.6246603]}, "properties": {"kind": "OUT_OF_SCOPE"}}, {"type": "Feature", "geometry": {"type": "Point", "coordinates": [2.3062858, 6.6230653]}, "properties": {"kind": "OUT_OF_SCOPE"}}, {"type": "Feature", "geometry": {"type": "Point", "coordinates": [2.3089283, 6.6220924]}, "properties": {"kind": "OUT_OF_SCOPE"}}, {"type": "Feature", "geometry": {"type": "Point", "coordinates": [2.3112064, 6.6208487]}, "properties": {"kind": "OUT_OF_SCOPE"}}, {"type": "Feature", "geometry": {"type": "Point", "coordinates": [2.3146263, 6.6193766]}, "properties": {"kind": "OUT_OF_SCOPE"}}, {"type": "Feature", "geometry": {"type": "Point", "coordinates": [2.3195827, 6.6172675]}, "properties": {"kind": "OUT_OF_SCOPE"}}, {"type": "Feature", "geometry": {"type": "Point", "coordinates": [2.3233713, 6.6157587]}, "properties": {"kind": "OUT_OF_SCOPE"}}, {"type": "Feature", "geometry": {"type": "Point", "coordinates": [2.3215753, 6.6213728]}, "properties": {"kind": "OUT_OF_SCOPE"}}, {"type": "Feature", "geometry": {"type": "Point", "coordinates": [2.3197789, 6.6177474]}, "properties": {"kind": "OUT_OF_SCOPE"}}, {"type": "Feature", "geometry": {"type": "Point", "coordinates": [2.3250502, 6.6231261]}, "properties": {"kind": "OUT_OF_SCOPE"}}, {"type": "Feature", "geometry": {"type": "Point", "coordinates": [2.3114578, 6.6302012]}, "properties": {"kind": "OUT_OF_SCOPE"}}, {"type": "Feature", "geometry": {"type": "Point", "coordinates": [2.310646, 6.6283588]}, "properties": {"kind": "OUT_OF_SCOPE"}}, {"type": "Feature", "geometry": {"type": "Point", "coordinates": [2.3092535, 6.6245493]}, "properties": {"kind": "OUT_OF_SCOPE"}}, {"type": "Feature", "geometry": {"type": "Point", "coordinates": [2.3058816, 6.6209827]}, "properties": {"kind": "OUT_OF_SCOPE"}}, {"type": "Feature", "geometry": {"type": "Point", "coordinates": [2.3016867, 6.6150691]}, "properties": {"kind": "OUT_OF_SCOPE"}}, {"type": "Feature", "geometry": {"type": "Point", "coordinates": [2.3021521, 6.6098989]}, "properties": {"kind": "OUT_OF_SCOPE"}}, {"type": "Feature", "geometry": {"type": "Point", "coordinates": [2.3189412, 6.6286086]}, "properties": {"kind": "OUT_OF_SCOPE"}}, {"type": "Feature", "geometry": {"type": "Point", "coordinates": [2.3210442, 6.630951]}, "properties": {"kind": "OUT_OF_SCOPE"}}, {"type": "Feature", "geometry": {"type": "Point", "coordinates": [2.3225409, 6.6334022]}, "properties": {"kind": "OUT_OF_SCOPE"}}, {"type": "Feature", "geometry": {"type": "Point", "coordinates": [2.3238257, 6.6389624]}, "properties": {"kind": "OUT_OF_SCOPE"}}, {"type": "Feature", "geometry": {"type": "Point", "coordinates": [2.3244122, 6.6430653]}, "properties": {"kind": "OUT_OF_SCOPE"}}, {"type": "Feature", "geometry": {"type": "Point", "coordinates": [2.3209949, 6.648301]}, "properties": {"kind": "OUT_OF_SCOPE"}}, {"type": "Feature", "geometry": {"type": "Point", "coordinates": [2.3215233, 6.6548492]}, "properties": {"kind": "OUT_OF_SCOPE"}}, {"type": "Feature", "geometry": {"type": "Point", "coordinates": [2.3228348, 6.6700528]}, "properties": {"kind": "OUT_OF_SCOPE"}}, {"type": "Feature", "geometry": {"type": "Point", "coordinates": [2.3052919, 6.6319831]}, "properties": {"kind": "OUT_OF_SCOPE"}}, {"type": "Feature", "geometry": {"type": "Point", "coordinates": [2.3055692, 6.6308138]}, "properties": {"kind": "OUT_OF_SCOPE"}}, {"type": "Feature", "geometry": {"type": "Point", "coordinates": [2.304629, 6.6291817]}, "properties": {"kind": "OUT_OF_SCOPE"}}, {"type": "Feature", "geometry": {"type": "Point", "coordinates": [2.3040933, 6.6293405]}, "properties": {"kind": "OUT_OF_SCOPE"}}, {"type": "Feature", "geometry": {"type": "Point", "coordinates": [2.3030758, 6.6294737]}, "properties": {"kind": "OUT_OF_SCOPE"}}, {"type": "Feature", "geometry": {"type": "Point", "coordinates": [2.3025638, 6.629178]}, "properties": {"kind": "OUT_OF_SCOPE"}}, {"type": "Feature", "geometry": {"type": "Point", "coordinates": [2.3015372, 6.629099]}, "properties": {"kind": "OUT_OF_SCOPE"}}, {"type": "Feature", "geometry": {"type": "Point", "coordinates": [2.3003054, 6.6290794]}, "properties": {"kind": "OUT_OF_SCOPE"}}, {"type": "Feature", "geometry": {"type": "Point", "coordinates": [2.3203752, 6.7478706]}, "properties": {"kind": "OUT_OF_SCOPE"}}, {"type": "Feature", "geometry": {"type": "Point", "coordinates": [2.3049366, 6.7480348]}, "properties": {"kind": "OUT_OF_SCOPE"}}, {"type": "Feature", "geometry": {"type": "Point", "coordinates": [2.3287664, 6.7433806]}, "properties": {"kind": "OUT_OF_SCOPE"}}, {"type": "Feature", "geometry": {"type": "Point", "coordinates": [2.3105953, 6.7441416]}, "properties": {"kind": "OUT_OF_SCOPE"}}, {"type": "Feature", "geometry": {"type": "Point", "coordinates": [2.3290997, 6.7734265]}, "properties": {"kind": "OUT_OF_SCOPE"}}, {"type": "Feature", "geometry": {"type": "Point", "coordinates": [2.3305183, 6.7762321]}, "properties": {"kind": "OUT_OF_SCOPE"}}, {"type": "Feature", "geometry": {"type": "Point", "coordinates": [2.3179342, 6.7732785]}, "properties": {"kind": "OUT_OF_SCOPE"}}, {"type": "Feature", "geometry": {"type": "Point", "coordinates": [2.3193517, 6.7779352]}, "properties": {"kind": "OUT_OF_SCOPE"}}, {"type": "Feature", "geometry": {"type": "Point", "coordinates": [2.3189979, 6.7508998]}, "properties": {"kind": "OUT_OF_SCOPE"}}, {"type": "Feature", "geometry": {"type": "Point", "coordinates": [2.3213277, 6.750423]}, "properties": {"kind": "OUT_OF_SCOPE"}}, {"type": "Feature", "geometry": {"type": "Point", "coordinates": [2.3162959, 6.765354]}, "properties": {"kind": "OUT_OF_SCOPE"}}, {"type": "Feature", "geometry": {"type": "Point", "coordinates": [2.3114472, 6.7663164]}, "properties": {"kind": "OUT_OF_SCOPE"}}, {"type": "Feature", "geometry": {"type": "Point", "coordinates": [2.3072727, 6.7600017]}, "properties": {"kind": "OUT_OF_SCOPE"}}, {"type": "Feature", "geometry": {"type": "Point", "coordinates": [2.3217462, 6.7693592]}, "properties": {"kind": "OUT_OF_SCOPE"}}, {"type": "Feature", "geometry": {"type": "Point", "coordinates": [2.3261988, 6.7714443]}, "properties": {"kind": "OUT_OF_SCOPE"}}, {"type": "Feature", "geometry": {"type": "Point", "coordinates": [2.3214693, 6.7532143]}, "properties": {"kind": "OUT_OF_SCOPE"}}, {"type": "Feature", "geometry": {"type": "Point", "coordinates": [2.3149557, 6.7544625]}, "properties": {"kind": "OUT_OF_SCOPE"}}, {"type": "Feature", "geometry": {"type": "Point", "coordinates": [2.3148388, 6.7563517]}, "properties": {"kind": "OUT_OF_SCOPE"}}, {"type": "Feature", "geometry": {"type": "Point", "coordinates": [2.3152304, 6.7579696]}, "properties": {"kind": "OUT_OF_SCOPE"}}, {"type": "Feature", "geometry": {"type": "Point", "coordinates": [2.3237344, 6.749222]}, "properties": {"kind": "OUT_OF_SCOPE"}}, {"type": "Feature", "geometry": {"type": "Point", "coordinates": [2.3237204, 6.752787]}, "properties": {"kind": "OUT_OF_SCOPE"}}, {"type": "Feature", "geometry": {"type": "Point", "coordinates": [2.3155104, 6.7543817]}, "properties": {"kind": "OUT_OF_SCOPE"}}, {"type": "Feature", "geometry": {"type": "Point", "coordinates": [2.3097834, 6.7543764]}, "properties": {"kind": "OUT_OF_SCOPE"}}, {"type": "Feature", "geometry": {"type": "Point", "coordinates": [2.3124156, 6.7493517]}, "properties": {"kind": "OUT_OF_SCOPE"}}, {"type": "Feature", "geometry": {"type": "Point", "coordinates": [2.3203352, 6.7478367]}, "properties": {"kind": "OUT_OF_SCOPE"}}, {"type": "Feature", "geometry": {"type": "Point", "coordinates": [2.3275097, 6.7469707]}, "properties": {"kind": "OUT_OF_SCOPE"}}, {"type": "Feature", "geometry": {"type": "Point", "coordinates": [2.3282549, 6.7492406]}, "properties": {"kind": "OUT_OF_SCOPE"}}, {"type": "Feature", "geometry": {"type": "Point", "coordinates": [2.3257821, 6.7523335]}, "properties": {"kind": "OUT_OF_SCOPE"}}, {"type": "Feature", "geometry": {"type": "Point", "coordinates": [2.3110007, 6.7580492]}, "properties": {"kind": "OUT_OF_SCOPE"}}, {"type": "Feature", "geometry": {"type": "Point", "coordinates": [2.3152787, 6.7582414]}, "properties": {"kind": "OUT_OF_SCOPE"}}, {"type": "Feature", "geometry": {"type": "Point", "coordinates": [2.3167697, 6.7653024]}, "properties": {"kind": "OUT_OF_SCOPE"}}, {"type": "Feature", "geometry": {"type": "Point", "coordinates": [2.3120544, 6.7419643]}, "properties": {"kind": "OUT_OF_SCOPE"}}, {"type": "Feature", "geometry": {"type": "Point", "coordinates": [2.3101942, 6.7554094]}, "properties": {"kind": "OUT_OF_SCOPE"}}, {"type": "Feature", "geometry": {"type": "Point", "coordinates": [2.3142067, 6.7546178]}, "properties": {"kind": "OUT_OF_SCOPE"}}, {"type": "Feature", "geometry": {"type": "Point", "coordinates": [2.3268893, 6.757749]}, "properties": {"kind": "OUT_OF_SCOPE"}}, {"type": "Feature", "geometry": {"type": "Point", "coordinates": [2.3177947, 6.7587066]}, "properties": {"kind": "OUT_OF_SCOPE"}}, {"type": "Feature", "geometry": {"type": "Point", "coordinates": [2.3225575, 6.7577246]}, "properties": {"kind": "OUT_OF_SCOPE"}}, {"type": "Feature", "geometry": {"type": "Point", "coordinates": [2.3259543, 6.7552401]}, "properties": {"kind": "OUT_OF_SCOPE"}}, {"type": "Feature", "geometry": {"type": "Point", "coordinates": [2.3258275, 6.7529179]}, "properties": {"kind": "OUT_OF_SCOPE"}}, {"type": "Feature", "geometry": {"type": "Point", "coordinates": [2.3252767, 6.7569417]}, "properties": {"kind": "OUT_OF_SCOPE"}}, {"type": "Feature", "geometry": {"type": "Point", "coordinates": [2.3237778, 6.7530516]}, "properties": {"kind": "OUT_OF_SCOPE"}}, {"type": "Feature", "geometry": {"type": "Point", "coordinates": [2.3268129, 6.7538771]}, "properties": {"kind": "OUT_OF_SCOPE"}}, {"type": "Feature", "geometry": {"type": "Point", "coordinates": [2.33179, 6.7550605]}, "properties": {"kind": "OUT_OF_SCOPE"}}, {"type": "Feature", "geometry": {"type": "Point", "coordinates": [2.3282332, 6.7639728]}, "properties": {"kind": "OUT_OF_SCOPE"}}, {"type": "Feature", "geometry": {"type": "Point", "coordinates": [2.323406, 6.7686887]}, "properties": {"kind": "OUT_OF_SCOPE"}}, {"type": "Feature", "geometry": {"type": "Point", "coordinates": [2.3296303, 6.7668519]}, "properties": {"kind": "OUT_OF_SCOPE"}}, {"type": "Feature", "geometry": {"type": "Point", "coordinates": [2.3330647, 6.7657496]}, "properties": {"kind": "OUT_OF_SCOPE"}}, {"type": "Feature", "geometry": {"type": "Point", "coordinates": [2.3342229, 6.7670011]}, "properties": {"kind": "OUT_OF_SCOPE"}}, {"type": "Feature", "geometry": {"type": "Point", "coordinates": [2.3343891, 6.768863]}, "properties": {"kind": "OUT_OF_SCOPE"}}, {"type": "Feature", "geometry": {"type": "Point", "coordinates": [2.3387681, 6.7713422]}, "properties": {"kind": "OUT_OF_SCOPE"}}, {"type": "Feature", "geometry": {"type": "Point", "coordinates": [2.3233667, 6.7685187]}, "properties": {"kind": "OUT_OF_SCOPE"}}, {"type": "Feature", "geometry": {"type": "Point", "coordinates": [2.3044896, 6.7677437]}, "properties": {"kind": "OUT_OF_SCOPE"}}, {"type": "Feature", "geometry": {"type": "Point", "coordinates": [2.3088053, 6.7681908]}, "properties": {"kind": "OUT_OF_SCOPE"}}, {"type": "Feature", "geometry": {"type": "Point", "coordinates": [2.3113677, 6.7647675]}, "properties": {"kind": "OUT_OF_SCOPE"}}, {"type": "Feature", "geometry": {"type": "Point", "coordinates": [2.3132114, 6.7646104]}, "properties": {"kind": "OUT_OF_SCOPE"}}, {"type": "Feature", "geometry": {"type": "Point", "coordinates": [2.3125462, 6.7627024]}, "properties": {"kind": "OUT_OF_SCOPE"}}, {"type": "Feature", "geometry": {"type": "Point", "coordinates": [2.3111296, 6.7615262]}, "properties": {"kind": "OUT_OF_SCOPE"}}, {"type": "Feature", "geometry": {"type": "Point", "coordinates": [2.3104921, 6.7593372]}, "properties": {"kind": "OUT_OF_SCOPE"}}, {"type": "Feature", "geometry": {"type": "Point", "coordinates": [2.3093432, 6.7378002]}, "properties": {"kind": "OUT_OF_SCOPE"}}, {"type": "Feature", "geometry": {"type": "Point", "coordinates": [2.307359, 6.7324189]}, "properties": {"kind": "OUT_OF_SCOPE"}}, {"type": "Feature", "geometry": {"type": "Point", "coordinates": [2.3063908, 6.7298093]}, "properties": {"kind": "OUT_OF_SCOPE"}}, {"type": "Feature", "geometry": {"type": "Point", "coordinates": [2.3055282, 6.7265429]}, "properties": {"kind": "OUT_OF_SCOPE"}}, {"type": "Feature", "geometry": {"type": "Point", "coordinates": [2.300044, 6.7266208]}, "properties": {"kind": "OUT_OF_SCOPE"}}, {"type": "Feature", "geometry": {"type": "Point", "coordinates": [2.2972865, 6.7233278]}, "properties": {"kind": "OUT_OF_SCOPE"}}, {"type": "Feature", "geometry": {"type": "Point", "coordinates": [2.3058103, 6.7309858]}, "properties": {"kind": "OUT_OF_SCOPE"}}, {"type": "Feature", "geometry": {"type": "Point", "coordinates": [2.3149962, 6.7286826]}, "properties": {"kind": "OUT_OF_SCOPE"}}, {"type": "Feature", "geometry": {"type": "Point", "coordinates": [2.3085658, 6.7235533]}, "properties": {"kind": "OUT_OF_SCOPE"}}, {"type": "Feature", "geometry": {"type": "Point", "coordinates": [2.3195846, 6.727168]}, "properties": {"kind": "OUT_OF_SCOPE"}}, {"type": "Feature", "geometry": {"type": "Point", "coordinates": [2.322282, 6.7280042]}, "properties": {"kind": "OUT_OF_SCOPE"}}, {"type": "Feature", "geometry": {"type": "Point", "coordinates": [2.3270053, 6.7290954]}, "properties": {"kind": "OUT_OF_SCOPE"}}, {"type": "Feature", "geometry": {"type": "Point", "coordinates": [2.3265831, 6.7293995]}, "properties": {"kind": "OUT_OF_SCOPE"}}, {"type": "Feature", "geometry": {"type": "Point", "coordinates": [2.3259306, 6.735485]}, "properties": {"kind": "OUT_OF_SCOPE"}}, {"type": "Feature", "geometry": {"type": "Point", "coordinates": [2.3266344, 6.7353388]}, "properties": {"kind": "OUT_OF_SCOPE"}}, {"type": "Feature", "geometry": {"type": "Point", "coordinates": [2.3018715, 6.7370329]}, "properties": {"kind": "OUT_OF_SCOPE"}}, {"type": "Feature", "geometry": {"type": "Point", "coordinates": [2.3092957, 6.7359251]}, "properties": {"kind": "OUT_OF_SCOPE"}}, {"type": "Feature", "geometry": {"type": "Point", "coordinates": [2.3207363, 6.7337029]}, "properties": {"kind": "OUT_OF_SCOPE"}}, {"type": "Feature", "geometry": {"type": "Point", "coordinates": [2.3195952, 6.7281574]}, "properties": {"kind": "OUT_OF_SCOPE"}}, {"type": "Feature", "geometry": {"type": "Point", "coordinates": [2.3132884, 6.7379201]}, "properties": {"kind": "OUT_OF_SCOPE"}}, {"type": "Feature", "geometry": {"type": "Point", "coordinates": [2.3135697, 6.7369949]}, "properties": {"kind": "OUT_OF_SCOPE"}}, {"type": "Feature", "geometry": {"type": "Point", "coordinates": [2.3109918, 6.7189247]}, "properties": {"kind": "OUT_OF_SCOPE"}}, {"type": "Feature", "geometry": {"type": "Point", "coordinates": [2.3210423, 6.7182837]}, "properties": {"kind": "OUT_OF_SCOPE"}}, {"type": "Feature", "geometry": {"type": "Point", "coordinates": [2.3220843, 6.7212217]}, "properties": {"kind": "OUT_OF_SCOPE"}}, {"type": "Feature", "geometry": {"type": "Point", "coordinates": [2.3217097, 6.7259186]}, "properties": {"kind": "OUT_OF_SCOPE"}}, {"type": "Feature", "geometry": {"type": "Point", "coordinates": [2.3379221, 6.7373713]}, "properties": {"kind": "OUT_OF_SCOPE"}}, {"type": "Feature", "geometry": {"type": "Point", "coordinates": [2.3430346, 6.7377664]}, "properties": {"kind": "OUT_OF_SCOPE"}}, {"type": "Feature", "geometry": {"type": "Point", "coordinates": [2.3475724, 6.7388996]}, "properties": {"kind": "OUT_OF_SCOPE"}}, {"type": "Feature", "geometry": {"type": "Point", "coordinates": [2.3549295, 6.7474918]}, "properties": {"kind": "OUT_OF_SCOPE"}}, {"type": "Feature", "geometry": {"type": "Point", "coordinates": [2.338465, 6.7499054]}, "properties": {"kind": "OUT_OF_SCOPE"}}, {"type": "Feature", "geometry": {"type": "Point", "coordinates": [2.3389003, 6.7484118]}, "properties": {"kind": "OUT_OF_SCOPE"}}, {"type": "Feature", "geometry": {"type": "Point", "coordinates": [2.3372408, 6.7442888]}, "properties": {"kind": "OUT_OF_SCOPE"}}, {"type": "Feature", "geometry": {"type": "Point", "coordinates": [2.3443668, 6.7394991]}, "properties": {"kind": "OUT_OF_SCOPE"}}, {"type": "Feature", "geometry": {"type": "Point", "coordinates": [2.3040107, 6.8233325]}, "properties": {"kind": "OUT_OF_SCOPE"}}, {"type": "Feature", "geometry": {"type": "Point", "coordinates": [2.3076972, 6.818202]}, "properties": {"kind": "OUT_OF_SCOPE"}}, {"type": "Feature", "geometry": {"type": "Point", "coordinates": [2.3113561, 6.8140292]}, "properties": {"kind": "OUT_OF_SCOPE"}}, {"type": "Feature", "geometry": {"type": "Point", "coordinates": [2.3148468, 6.807879]}, "properties": {"kind": "OUT_OF_SCOPE"}}, {"type": "Feature", "geometry": {"type": "Point", "coordinates": [2.3177388, 6.8041149]}, "properties": {"kind": "OUT_OF_SCOPE"}}, {"type": "Feature", "geometry": {"type": "Point", "coordinates": [2.3198378, 6.8002166]}, "properties": {"kind": "OUT_OF_SCOPE"}}, {"type": "Feature", "geometry": {"type": "Point", "coordinates": [2.3119809, 6.8006655]}, "properties": {"kind": "OUT_OF_SCOPE"}}, {"type": "Feature", "geometry": {"type": "Point", "coordinates": [2.314039, 6.8000319]}, "properties": {"kind": "OUT_OF_SCOPE"}}, {"type": "Feature", "geometry": {"type": "Point", "coordinates": [2.3160013, 6.8021035]}, "properties": {"kind": "OUT_OF_SCOPE"}}, {"type": "Feature", "geometry": {"type": "Point", "coordinates": [2.2797085, 6.7111089]}, "properties": {"kind": "OUT_OF_SCOPE"}}, {"type": "Feature", "geometry": {"type": "Point", "coordinates": [2.3000047, 6.7618825]}, "properties": {"kind": "OUT_OF_SCOPE"}}, {"type": "Feature", "geometry": {"type": "Point", "coordinates": [2.3046872, 6.7599101]}, "properties": {"kind": "OUT_OF_SCOPE"}}, {"type": "Feature", "geometry": {"type": "Point", "coordinates": [2.4778868, 6.7219654]}, "properties": {"kind": "OUT_OF_SCOPE"}}, {"type": "Feature", "geometry": {"type": "Point", "coordinates": [2.4796777, 6.7467164]}, "properties": {"kind": "OUT_OF_SCOPE"}}, {"type": "Feature", "geometry": {"type": "Point", "coordinates": [2.4803377, 6.7558414]}, "properties": {"kind": "OUT_OF_SCOPE"}}, {"type": "Feature", "geometry": {"type": "Point", "coordinates": [2.4790172, 6.7619209]}, "properties": {"kind": "OUT_OF_SCOPE"}}, {"type": "Feature", "geometry": {"type": "Point", "coordinates": [2.4784722, 6.7711992]}, "properties": {"kind": "OUT_OF_SCOPE"}}, {"type": "Feature", "geometry": {"type": "Point", "coordinates": [2.481244, 6.7793478]}, "properties": {"kind": "OUT_OF_SCOPE"}}, {"type": "Feature", "geometry": {"type": "Point", "coordinates": [2.4837635, 6.786345]}, "properties": {"kind": "OUT_OF_SCOPE"}}, {"type": "Feature", "geometry": {"type": "Point", "coordinates": [2.4805151, 6.7973789]}, "properties": {"kind": "OUT_OF_SCOPE"}}, {"type": "Feature", "geometry": {"type": "Point", "coordinates": [2.4787078, 6.805482]}, "properties": {"kind": "OUT_OF_SCOPE"}}, {"type": "Feature", "geometry": {"type": "Point", "coordinates": [2.3868295, 6.6999216]}, "properties": {"kind": "OUT_OF_SCOPE"}}, {"type": "Feature", "geometry": {"type": "Point", "coordinates": [2.3881155, 6.69977]}, "properties": {"kind": "OUT_OF_SCOPE"}}, {"type": "Feature", "geometry": {"type": "Point", "coordinates": [2.368997, 6.7095789]}, "properties": {"kind": "OUT_OF_SCOPE"}}, {"type": "Feature", "geometry": {"type": "Point", "coordinates": [2.3746083, 6.7071218]}, "properties": {"kind": "OUT_OF_SCOPE"}}, {"type": "Feature", "geometry": {"type": "Point", "coordinates": [2.3769633, 6.7064055]}, "properties": {"kind": "OUT_OF_SCOPE"}}, {"type": "Feature", "geometry": {"type": "Point", "coordinates": [2.3885929, 6.6964562]}, "properties": {"kind": "OUT_OF_SCOPE"}}, {"type": "Feature", "geometry": {"type": "Point", "coordinates": [2.392973, 6.6950235]}, "properties": {"kind": "OUT_OF_SCOPE"}}, {"type": "Feature", "geometry": {"type": "Point", "coordinates": [2.3459529, 6.7171096]}, "properties": {"kind": "OUT_OF_SCOPE"}}, {"type": "Feature", "geometry": {"type": "Point", "coordinates": [2.3472809, 6.7123146]}, "properties": {"kind": "OUT_OF_SCOPE"}}, {"type": "Feature", "geometry": {"type": "Point", "coordinates": [2.3497163, 6.7057794]}, "properties": {"kind": "OUT_OF_SCOPE"}}, {"type": "Feature", "geometry": {"type": "Point", "coordinates": [2.3503103, 6.702357]}, "properties": {"kind": "OUT_OF_SCOPE"}}, {"type": "Feature", "geometry": {"type": "Point", "coordinates": [2.3532286, 6.6986287]}, "properties": {"kind": "OUT_OF_SCOPE"}}, {"type": "Feature", "geometry": {"type": "Point", "coordinates": [2.3792582, 6.6920102]}, "properties": {"kind": "OUT_OF_SCOPE"}}, {"type": "Feature", "geometry": {"type": "Point", "coordinates": [2.38666, 6.687646]}, "properties": {"kind": "OUT_OF_SCOPE"}}, {"type": "Feature", "geometry": {"type": "Point", "coordinates": [2.3887129, 6.6878603]}, "properties": {"kind": "OUT_OF_SCOPE"}}, {"type": "Feature", "geometry": {"type": "Point", "coordinates": [2.3917922, 6.6868562]}, "properties": {"kind": "OUT_OF_SCOPE"}}, {"type": "Feature", "geometry": {"type": "Point", "coordinates": [2.3812105, 6.6893359]}, "properties": {"kind": "OUT_OF_SCOPE"}}, {"type": "Feature", "geometry": {"type": "Point", "coordinates": [2.3816725, 6.6920072]}, "properties": {"kind": "OUT_OF_SCOPE"}}, {"type": "Feature", "geometry": {"type": "Point", "coordinates": [2.383159, 6.6926523]}, "properties": {"kind": "OUT_OF_SCOPE"}}, {"type": "Feature", "geometry": {"type": "Point", "coordinates": [2.3853692, 6.6970208]}, "properties": {"kind": "OUT_OF_SCOPE"}}, {"type": "Feature", "geometry": {"type": "Point", "coordinates": [2.3874137, 6.7010905]}, "properties": {"kind": "OUT_OF_SCOPE"}}, {"type": "Feature", "geometry": {"type": "Point", "coordinates": [2.3804018, 6.7181204]}, "properties": {"kind": "OUT_OF_SCOPE"}}, {"type": "Feature", "geometry": {"type": "Point", "coordinates": [2.3800135, 6.719877]}, "properties": {"kind": "OUT_OF_SCOPE"}}, {"type": "Feature", "geometry": {"type": "Point", "coordinates": [2.3800074, 6.7222342]}, "properties": {"kind": "OUT_OF_SCOPE"}}, {"type": "Feature", "geometry": {"type": "Point", "coordinates": [2.3810893, 6.7242148]}, "properties": {"kind": "OUT_OF_SCOPE"}}, {"type": "Feature", "geometry": {"type": "Point", "coordinates": [2.3849639, 6.7253842]}, "properties": {"kind": "OUT_OF_SCOPE"}}, {"type": "Feature", "geometry": {"type": "Point", "coordinates": [2.3885488, 6.7263209]}, "properties": {"kind": "OUT_OF_SCOPE"}}, {"type": "Feature", "geometry": {"type": "Point", "coordinates": [2.3899112, 6.7289933]}, "properties": {"kind": "OUT_OF_SCOPE"}}, {"type": "Feature", "geometry": {"type": "Point", "coordinates": [2.3917422, 6.7305515]}, "properties": {"kind": "OUT_OF_SCOPE"}}, {"type": "Feature", "geometry": {"type": "Point", "coordinates": [2.3796573, 6.7182486]}, "properties": {"kind": "OUT_OF_SCOPE"}}, {"type": "Feature", "geometry": {"type": "Point", "coordinates": [2.380995, 6.7164945]}, "properties": {"kind": "OUT_OF_SCOPE"}}, {"type": "Feature", "geometry": {"type": "Point", "coordinates": [2.3815283, 6.7135526]}, "properties": {"kind": "OUT_OF_SCOPE"}}, {"type": "Feature", "geometry": {"type": "Point", "coordinates": [2.3818982, 6.7111801]}, "properties": {"kind": "OUT_OF_SCOPE"}}, {"type": "Feature", "geometry": {"type": "Point", "coordinates": [2.3829123, 6.7081463]}, "properties": {"kind": "OUT_OF_SCOPE"}}, {"type": "Feature", "geometry": {"type": "Point", "coordinates": [2.3848666, 6.7057401]}, "properties": {"kind": "OUT_OF_SCOPE"}}, {"type": "Feature", "geometry": {"type": "Point", "coordinates": [2.3871044, 6.7030124]}, "properties": {"kind": "OUT_OF_SCOPE"}}, {"type": "Feature", "geometry": {"type": "Point", "coordinates": [2.3882819, 6.7006796]}, "properties": {"kind": "OUT_OF_SCOPE"}}, {"type": "Feature", "geometry": {"type": "Point", "coordinates": [2.3904705, 6.7006919]}, "properties": {"kind": "OUT_OF_SCOPE"}}, {"type": "Feature", "geometry": {"type": "Point", "coordinates": [2.3933173, 6.7002633]}, "properties": {"kind": "OUT_OF_SCOPE"}}, {"type": "Feature", "geometry": {"type": "Point", "coordinates": [2.3983611, 6.773015]}, "properties": {"kind": "OUT_OF_SCOPE"}}, {"type": "Feature", "geometry": {"type": "Point", "coordinates": [2.3956264, 6.7725148]}, "properties": {"kind": "OUT_OF_SCOPE"}}, {"type": "Feature", "geometry": {"type": "Point", "coordinates": [2.3927755, 6.771277]}, "properties": {"kind": "OUT_OF_SCOPE"}}, {"type": "Feature", "geometry": {"type": "Point", "coordinates": [2.3896327, 6.7725207]}, "properties": {"kind": "OUT_OF_SCOPE"}}, {"type": "Feature", "geometry": {"type": "Point", "coordinates": [2.3851617, 6.7749204]}, "properties": {"kind": "OUT_OF_SCOPE"}}, {"type": "Feature", "geometry": {"type": "Point", "coordinates": [2.382159, 6.7770649]}, "properties": {"kind": "OUT_OF_SCOPE"}}, {"type": "Feature", "geometry": {"type": "Point", "coordinates": [2.3740293, 6.777455]}, "properties": {"kind": "OUT_OF_SCOPE"}}, {"type": "Feature", "geometry": {"type": "Point", "coordinates": [2.3904172, 6.7920022]}, "properties": {"kind": "OUT_OF_SCOPE"}}, {"type": "Feature", "geometry": {"type": "Point", "coordinates": [2.3685975, 6.7864864]}, "properties": {"kind": "OUT_OF_SCOPE"}}, {"type": "Feature", "geometry": {"type": "Point", "coordinates": [2.3708073, 6.7875789]}, "properties": {"kind": "OUT_OF_SCOPE"}}, {"type": "Feature", "geometry": {"type": "Point", "coordinates": [2.3719404, 6.7895029]}, "properties": {"kind": "OUT_OF_SCOPE"}}, {"type": "Feature", "geometry": {"type": "Point", "coordinates": [2.3792539, 6.7944691]}, "properties": {"kind": "OUT_OF_SCOPE"}}, {"type": "Feature", "geometry": {"type": "Point", "coordinates": [2.38388, 6.7973882]}, "properties": {"kind": "OUT_OF_SCOPE"}}, {"type": "Feature", "geometry": {"type": "Point", "coordinates": [2.3872027, 6.7970986]}, "properties": {"kind": "OUT_OF_SCOPE"}}, {"type": "Feature", "geometry": {"type": "Point", "coordinates": [2.3901197, 6.7956865]}, "properties": {"kind": "OUT_OF_SCOPE"}}, {"type": "Feature", "geometry": {"type": "Point", "coordinates": [2.3906028, 6.7927991]}, "properties": {"kind": "OUT_OF_SCOPE"}}, {"type": "Feature", "geometry": {"type": "Point", "coordinates": [2.392941, 6.7913327]}, "properties": {"kind": "OUT_OF_SCOPE"}}, {"type": "Feature", "geometry": {"type": "Point", "coordinates": [2.3704125, 6.7882788]}, "properties": {"kind": "OUT_OF_SCOPE"}}, {"type": "Feature", "geometry": {"type": "Point", "coordinates": [2.3900968, 6.7754349]}, "properties": {"kind": "OUT_OF_SCOPE"}}, {"type": "Feature", "geometry": {"type": "Point", "coordinates": [2.3812317, 6.7831877]}, "properties": {"kind": "OUT_OF_SCOPE"}}, {"type": "Feature", "geometry": {"type": "Point", "coordinates": [2.3681779, 6.7433249]}, "properties": {"kind": "OUT_OF_SCOPE"}}, {"type": "Feature", "geometry": {"type": "Point", "coordinates": [2.3709946, 6.7440175]}, "properties": {"kind": "OUT_OF_SCOPE"}}, {"type": "Feature", "geometry": {"type": "Point", "coordinates": [2.3723957, 6.7859613]}, "properties": {"kind": "OUT_OF_SCOPE"}}, {"type": "Feature", "geometry": {"type": "Point", "coordinates": [2.372964, 6.746081]}, "properties": {"kind": "OUT_OF_SCOPE"}}, {"type": "Feature", "geometry": {"type": "Point", "coordinates": [2.3750717, 6.747182]}, "properties": {"kind": "OUT_OF_SCOPE"}}, {"type": "Feature", "geometry": {"type": "Point", "coordinates": [2.3772117, 6.7504657]}, "properties": {"kind": "OUT_OF_SCOPE"}}, {"type": "Feature", "geometry": {"type": "Point", "coordinates": [2.3669108, 6.7443343]}, "properties": {"kind": "OUT_OF_SCOPE"}}, {"type": "Feature", "geometry": {"type": "Point", "coordinates": [2.3690165, 6.7416412]}, "properties": {"kind": "OUT_OF_SCOPE"}}, {"type": "Feature", "geometry": {"type": "Point", "coordinates": [2.373547, 6.7408717]}, "properties": {"kind": "OUT_OF_SCOPE"}}, {"type": "Feature", "geometry": {"type": "Point", "coordinates": [2.3737116, 6.7916902]}, "properties": {"kind": "OUT_OF_SCOPE"}}, {"type": "Feature", "geometry": {"type": "Point", "coordinates": [2.370799, 6.7757665]}, "properties": {"kind": "OUT_OF_SCOPE"}}, {"type": "Feature", "geometry": {"type": "Point", "coordinates": [2.3729164, 6.7786119]}, "properties": {"kind": "OUT_OF_SCOPE"}}, {"type": "Feature", "geometry": {"type": "Point", "coordinates": [2.371662, 6.7467915]}, "properties": {"kind": "OUT_OF_SCOPE"}}, {"type": "Feature", "geometry": {"type": "Point", "coordinates": [2.3708111, 6.7509522]}, "properties": {"kind": "OUT_OF_SCOPE"}}, {"type": "Feature", "geometry": {"type": "Point", "coordinates": [2.3691804, 6.7562138]}, "properties": {"kind": "OUT_OF_SCOPE"}}, {"type": "Feature", "geometry": {"type": "Point", "coordinates": [2.366486, 6.768081]}, "properties": {"kind": "OUT_OF_SCOPE"}}, {"type": "Feature", "geometry": {"type": "Point", "coordinates": [2.3715219, 6.7793948]}, "properties": {"kind": "OUT_OF_SCOPE"}}, {"type": "Feature", "geometry": {"type": "Point", "coordinates": [2.3742402, 6.7804464]}, "properties": {"kind": "OUT_OF_SCOPE"}}, {"type": "Feature", "geometry": {"type": "Point", "coordinates": [2.3779046, 6.7820465]}, "properties": {"kind": "OUT_OF_SCOPE"}}, {"type": "Feature", "geometry": {"type": "Point", "coordinates": [2.3814208, 6.7821009]}, "properties": {"kind": "OUT_OF_SCOPE"}}, {"type": "Feature", "geometry": {"type": "Point", "coordinates": [2.3911292, 6.7975424]}, "properties": {"kind": "OUT_OF_SCOPE"}}, {"type": "Feature", "geometry": {"type": "Point", "coordinates": [2.3923575, 6.798658]}, "properties": {"kind": "OUT_OF_SCOPE"}}, {"type": "Feature", "geometry": {"type": "Point", "coordinates": [2.3932964, 6.8004095]}, "properties": {"kind": "OUT_OF_SCOPE"}}, {"type": "Feature", "geometry": {"type": "Point", "coordinates": [2.3939847, 6.8011743]}, "properties": {"kind": "OUT_OF_SCOPE"}}, {"type": "Feature", "geometry": {"type": "Point", "coordinates": [2.3687678, 6.7527381]}, "properties": {"kind": "OUT_OF_SCOPE"}}, {"type": "Feature", "geometry": {"type": "Point", "coordinates": [2.3762255, 6.7501904]}, "properties": {"kind": "OUT_OF_SCOPE"}}, {"type": "Feature", "geometry": {"type": "Point", "coordinates": [2.4121745, 6.7981372]}, "properties": {"kind": "OUT_OF_SCOPE"}}, {"type": "Feature", "geometry": {"type": "Point", "coordinates": [2.3831038, 6.8079556]}, "properties": {"kind": "OUT_OF_SCOPE"}}, {"type": "Feature", "geometry": {"type": "Point", "coordinates": [2.3849384, 6.8066263]}, "properties": {"kind": "OUT_OF_SCOPE"}}, {"type": "Feature", "geometry": {"type": "Point", "coordinates": [2.388348, 6.8055032]}, "properties": {"kind": "OUT_OF_SCOPE"}}, {"type": "Feature", "geometry": {"type": "Point", "coordinates": [2.3909359, 6.8054094]}, "properties": {"kind": "OUT_OF_SCOPE"}}, {"type": "Feature", "geometry": {"type": "Point", "coordinates": [2.3936938, 6.8020473]}, "properties": {"kind": "OUT_OF_SCOPE"}}, {"type": "Feature", "geometry": {"type": "Point", "coordinates": [2.3979015, 6.8006968]}, "properties": {"kind": "OUT_OF_SCOPE"}}, {"type": "Feature", "geometry": {"type": "Point", "coordinates": [2.403932, 6.7998668]}, "properties": {"kind": "OUT_OF_SCOPE"}}, {"type": "Feature", "geometry": {"type": "Point", "coordinates": [2.4081586, 6.797827]}, "properties": {"kind": "OUT_OF_SCOPE"}}, {"type": "Feature", "geometry": {"type": "Point", "coordinates": [2.4116012, 6.7940006]}, "properties": {"kind": "OUT_OF_SCOPE"}}, {"type": "Feature", "geometry": {"type": "Point", "coordinates": [2.4138775, 6.7898787]}, "properties": {"kind": "OUT_OF_SCOPE"}}, {"type": "Feature", "geometry": {"type": "Point", "coordinates": [2.3694772, 6.7285437]}, "properties": {"kind": "OUT_OF_SCOPE"}}, {"type": "Feature", "geometry": {"type": "Point", "coordinates": [2.3689767, 6.7211642]}, "properties": {"kind": "OUT_OF_SCOPE"}}, {"type": "Feature", "geometry": {"type": "Point", "coordinates": [2.3681837, 6.719676]}, "properties": {"kind": "OUT_OF_SCOPE"}}, {"type": "Feature", "geometry": {"type": "Point", "coordinates": [2.3560044, 6.7959738]}, "properties": {"kind": "OUT_OF_SCOPE"}}, {"type": "Feature", "geometry": {"type": "Point", "coordinates": [2.3581857, 6.7875014]}, "properties": {"kind": "OUT_OF_SCOPE"}}, {"type": "Feature", "geometry": {"type": "Point", "coordinates": [2.3225646, 6.7964911]}, "properties": {"kind": "OUT_OF_SCOPE"}}, {"type": "Feature", "geometry": {"type": "Point", "coordinates": [2.3243227, 6.7930031]}, "properties": {"kind": "OUT_OF_SCOPE"}}, {"type": "Feature", "geometry": {"type": "Point", "coordinates": [2.3220341, 6.7852337]}, "properties": {"kind": "OUT_OF_SCOPE"}}, {"type": "Feature", "geometry": {"type": "Point", "coordinates": [2.3459721, 6.7871256]}, "properties": {"kind": "OUT_OF_SCOPE"}}, {"type": "Feature", "geometry": {"type": "Point", "coordinates": [2.3476372, 6.7893257]}, "properties": {"kind": "OUT_OF_SCOPE"}}, {"type": "Feature", "geometry": {"type": "Point", "coordinates": [2.3548071, 6.7986385]}, "properties": {"kind": "OUT_OF_SCOPE"}}, {"type": "Feature", "geometry": {"type": "Point", "coordinates": [2.3386983, 6.7829656]}, "properties": {"kind": "OUT_OF_SCOPE"}}, {"type": "Feature", "geometry": {"type": "Point", "coordinates": [2.3390632, 6.791411]}, "properties": {"kind": "OUT_OF_SCOPE"}}, {"type": "Feature", "geometry": {"type": "Point", "coordinates": [2.340012, 6.7974744]}, "properties": {"kind": "OUT_OF_SCOPE"}}, {"type": "Feature", "geometry": {"type": "Point", "coordinates": [2.3384302, 6.8016943]}, "properties": {"kind": "OUT_OF_SCOPE"}}, {"type": "Feature", "geometry": {"type": "Point", "coordinates": [2.3466038, 6.7841953]}, "properties": {"kind": "OUT_OF_SCOPE"}}, {"type": "Feature", "geometry": {"type": "Point", "coordinates": [2.3513331, 6.786611]}, "properties": {"kind": "OUT_OF_SCOPE"}}, {"type": "Feature", "geometry": {"type": "Point", "coordinates": [2.3600424, 6.7894954]}, "properties": {"kind": "OUT_OF_SCOPE"}}, {"type": "Feature", "geometry": {"type": "Point", "coordinates": [2.3656865, 6.7888721]}, "properties": {"kind": "OUT_OF_SCOPE"}}, {"type": "Feature", "geometry": {"type": "Point", "coordinates": [2.3395036, 6.8136032]}, "properties": {"kind": "OUT_OF_SCOPE"}}, {"type": "Feature", "geometry": {"type": "Point", "coordinates": [2.3396584, 6.8073892]}, "properties": {"kind": "OUT_OF_SCOPE"}}, {"type": "Feature", "geometry": {"type": "Point", "coordinates": [2.3387605, 6.80248]}, "properties": {"kind": "OUT_OF_SCOPE"}}, {"type": "Feature", "geometry": {"type": "Point", "coordinates": [2.3358189, 6.7875326]}, "properties": {"kind": "OUT_OF_SCOPE"}}, {"type": "Feature", "geometry": {"type": "Point", "coordinates": [2.3353151, 6.7799841]}, "properties": {"kind": "OUT_OF_SCOPE"}}, {"type": "Feature", "geometry": {"type": "Point", "coordinates": [2.3336412, 6.7735043]}, "properties": {"kind": "OUT_OF_SCOPE"}}, {"type": "Feature", "geometry": {"type": "Point", "coordinates": [2.331759, 6.7744974]}, "properties": {"kind": "OUT_OF_SCOPE"}}, {"type": "Feature", "geometry": {"type": "Point", "coordinates": [2.3377763, 6.7749928]}, "properties": {"kind": "OUT_OF_SCOPE"}}, {"type": "Feature", "geometry": {"type": "Point", "coordinates": [2.3413923, 6.7779275]}, "properties": {"kind": "OUT_OF_SCOPE"}}, {"type": "Feature", "geometry": {"type": "Point", "coordinates": [2.3425207, 6.783363]}, "properties": {"kind": "OUT_OF_SCOPE"}}, {"type": "Feature", "geometry": {"type": "Point", "coordinates": [2.3429749, 6.7881869]}, "properties": {"kind": "OUT_OF_SCOPE"}}, {"type": "Feature", "geometry": {"type": "Point", "coordinates": [2.3432948, 6.7948179]}, "properties": {"kind": "OUT_OF_SCOPE"}}, {"type": "Feature", "geometry": {"type": "Point", "coordinates": [2.3662883, 6.8023492]}, "properties": {"kind": "OUT_OF_SCOPE"}}, {"type": "Feature", "geometry": {"type": "Point", "coordinates": [2.3663399, 6.7988988]}, "properties": {"kind": "OUT_OF_SCOPE"}}, {"type": "Feature", "geometry": {"type": "Point", "coordinates": [2.3660578, 6.7931321]}, "properties": {"kind": "OUT_OF_SCOPE"}}, {"type": "Feature", "geometry": {"type": "Point", "coordinates": [2.3654489, 6.787625]}, "properties": {"kind": "OUT_OF_SCOPE"}}, {"type": "Feature", "geometry": {"type": "Point", "coordinates": [2.3623181, 6.7780455]}, "properties": {"kind": "OUT_OF_SCOPE"}}, {"type": "Feature", "geometry": {"type": "Point", "coordinates": [2.3641415, 6.7729892]}, "properties": {"kind": "OUT_OF_SCOPE"}}, {"type": "Feature", "geometry": {"type": "Point", "coordinates": [2.3645862, 6.8040079]}, "properties": {"kind": "OUT_OF_SCOPE"}}, {"type": "Feature", "geometry": {"type": "Point", "coordinates": [2.3566116, 6.8004424]}, "properties": {"kind": "OUT_OF_SCOPE"}}, {"type": "Feature", "geometry": {"type": "Point", "coordinates": [2.3540398, 6.8009116]}, "properties": {"kind": "OUT_OF_SCOPE"}}, {"type": "Feature", "geometry": {"type": "Point", "coordinates": [2.3528735, 6.8052332]}, "properties": {"kind": "OUT_OF_SCOPE"}}, {"type": "Feature", "geometry": {"type": "Point", "coordinates": [2.3500455, 6.8091925]}, "properties": {"kind": "OUT_OF_SCOPE"}}, {"type": "Feature", "geometry": {"type": "Point", "coordinates": [2.3472105, 6.8148634]}, "properties": {"kind": "OUT_OF_SCOPE"}}, {"type": "Feature", "geometry": {"type": "Point", "coordinates": [2.3460717, 6.8167457]}, "properties": {"kind": "OUT_OF_SCOPE"}}, {"type": "Feature", "geometry": {"type": "Point", "coordinates": [2.3279371, 6.7601651]}, "properties": {"kind": "OUT_OF_SCOPE"}}, {"type": "Feature", "geometry": {"type": "Point", "coordinates": [2.3485616, 6.7342271]}, "properties": {"kind": "OUT_OF_SCOPE"}}, {"type": "Feature", "geometry": {"type": "Point", "coordinates": [2.3476497, 6.7383563]}, "properties": {"kind": "OUT_OF_SCOPE"}}, {"type": "Feature", "geometry": {"type": "Point", "coordinates": [2.3595126, 6.7367975]}, "properties": {"kind": "OUT_OF_SCOPE"}}, {"type": "Feature", "geometry": {"type": "Point", "coordinates": [2.3516611, 6.731379]}, "properties": {"kind": "OUT_OF_SCOPE"}}, {"type": "Feature", "geometry": {"type": "Point", "coordinates": [2.3426227, 6.768171]}, "properties": {"kind": "OUT_OF_SCOPE"}}, {"type": "Feature", "geometry": {"type": "Point", "coordinates": [2.3486906, 6.7719885]}, "properties": {"kind": "OUT_OF_SCOPE"}}, {"type": "Feature", "geometry": {"type": "Point", "coordinates": [2.3505585, 6.7790543]}, "properties": {"kind": "OUT_OF_SCOPE"}}, {"type": "Feature", "geometry": {"type": "Point", "coordinates": [2.3427588, 6.7534476]}, "properties": {"kind": "OUT_OF_SCOPE"}}, {"type": "Feature", "geometry": {"type": "Point", "coordinates": [2.3385834, 6.7571013]}, "properties": {"kind": "OUT_OF_SCOPE"}}, {"type": "Feature", "geometry": {"type": "Point", "coordinates": [2.3331257, 6.7609804]}, "properties": {"kind": "OUT_OF_SCOPE"}}, {"type": "Feature", "geometry": {"type": "Point", "coordinates": [2.3314171, 6.7640512]}, "properties": {"kind": "OUT_OF_SCOPE"}}, {"type": "Feature", "geometry": {"type": "Point", "coordinates": [2.3504289, 6.7534987]}, "properties": {"kind": "OUT_OF_SCOPE"}}, {"type": "Feature", "geometry": {"type": "Point", "coordinates": [2.3510441, 6.7582242]}, "properties": {"kind": "OUT_OF_SCOPE"}}, {"type": "Feature", "geometry": {"type": "Point", "coordinates": [2.3518229, 6.7614462]}, "properties": {"kind": "OUT_OF_SCOPE"}}, {"type": "Feature", "geometry": {"type": "Point", "coordinates": [2.3605301, 6.762526]}, "properties": {"kind": "OUT_OF_SCOPE"}}, {"type": "Feature", "geometry": {"type": "Point", "coordinates": [2.3380615, 6.7686484]}, "properties": {"kind": "OUT_OF_SCOPE"}}, {"type": "Feature", "geometry": {"type": "Point", "coordinates": [2.3531891, 6.7416761]}, "properties": {"kind": "OUT_OF_SCOPE"}}, {"type": "Feature", "geometry": {"type": "Point", "coordinates": [2.3475728, 6.7376346]}, "properties": {"kind": "OUT_OF_SCOPE"}}, {"type": "Feature", "geometry": {"type": "Point", "coordinates": [2.2493609, 6.8017759]}, "properties": {"kind": "OUT_OF_SCOPE"}}, {"type": "Feature", "geometry": {"type": "Point", "coordinates": [2.2735294, 6.7923044]}, "properties": {"kind": "OUT_OF_SCOPE"}}, {"type": "Feature", "geometry": {"type": "Point", "coordinates": [2.2609643, 6.7992105]}, "properties": {"kind": "OUT_OF_SCOPE"}}, {"type": "Feature", "geometry": {"type": "Point", "coordinates": [2.2423747, 6.7968425]}, "properties": {"kind": "OUT_OF_SCOPE"}}, {"type": "Feature", "geometry": {"type": "Point", "coordinates": [2.246919, 6.7947596]}, "properties": {"kind": "OUT_OF_SCOPE"}}, {"type": "Feature", "geometry": {"type": "Point", "coordinates": [2.2484846, 6.7935882]}, "properties": {"kind": "OUT_OF_SCOPE"}}, {"type": "Feature", "geometry": {"type": "Point", "coordinates": [2.2521733, 6.798818]}, "properties": {"kind": "OUT_OF_SCOPE"}}, {"type": "Feature", "geometry": {"type": "Point", "coordinates": [2.2507467, 6.7981064]}, "properties": {"kind": "OUT_OF_SCOPE"}}, {"type": "Feature", "geometry": {"type": "Point", "coordinates": [2.2580505, 6.798524]}, "properties": {"kind": "OUT_OF_SCOPE"}}, {"type": "Feature", "geometry": {"type": "Point", "coordinates": [2.2536365, 6.7954846]}, "properties": {"kind": "OUT_OF_SCOPE"}}, {"type": "Feature", "geometry": {"type": "Point", "coordinates": [2.2549885, 6.7933367]}, "properties": {"kind": "OUT_OF_SCOPE"}}, {"type": "Feature", "geometry": {"type": "Point", "coordinates": [2.2547716, 6.7986909]}, "properties": {"kind": "OUT_OF_SCOPE"}}, {"type": "Feature", "geometry": {"type": "Point", "coordinates": [2.2595862, 6.7946809]}, "properties": {"kind": "OUT_OF_SCOPE"}}, {"type": "Feature", "geometry": {"type": "Point", "coordinates": [2.2426874, 6.806013]}, "properties": {"kind": "OUT_OF_SCOPE"}}, {"type": "Feature", "geometry": {"type": "Point", "coordinates": [2.241386, 6.7990009]}, "properties": {"kind": "OUT_OF_SCOPE"}}, {"type": "Feature", "geometry": {"type": "Point", "coordinates": [2.2395789, 6.789092]}, "properties": {"kind": "OUT_OF_SCOPE"}}, {"type": "Feature", "geometry": {"type": "Point", "coordinates": [2.2640782, 6.7762684]}, "properties": {"kind": "OUT_OF_SCOPE"}}, {"type": "Feature", "geometry": {"type": "Point", "coordinates": [2.2470531, 6.7608901]}, "properties": {"kind": "OUT_OF_SCOPE"}}, {"type": "Feature", "geometry": {"type": "Point", "coordinates": [2.2587913, 6.76218]}, "properties": {"kind": "OUT_OF_SCOPE"}}, {"type": "Feature", "geometry": {"type": "Point", "coordinates": [2.248798, 6.7738093]}, "properties": {"kind": "OUT_OF_SCOPE"}}, {"type": "Feature", "geometry": {"type": "Point", "coordinates": [2.2444838, 6.7574609]}, "properties": {"kind": "OUT_OF_SCOPE"}}, {"type": "Feature", "geometry": {"type": "Point", "coordinates": [2.2604809, 6.770299]}, "properties": {"kind": "OUT_OF_SCOPE"}}, {"type": "Feature", "geometry": {"type": "Point", "coordinates": [2.2601889, 6.775807]}, "properties": {"kind": "OUT_OF_SCOPE"}}, {"type": "Feature", "geometry": {"type": "Point", "coordinates": [2.2461132, 6.7742079]}, "properties": {"kind": "OUT_OF_SCOPE"}}, {"type": "Feature", "geometry": {"type": "Point", "coordinates": [2.2468948, 6.7612899]}, "properties": {"kind": "OUT_OF_SCOPE"}}, {"type": "Feature", "geometry": {"type": "Point", "coordinates": [2.2527711, 6.7637782]}, "properties": {"kind": "OUT_OF_SCOPE"}}, {"type": "Feature", "geometry": {"type": "Point", "coordinates": [2.2490864, 6.7664157]}, "properties": {"kind": "OUT_OF_SCOPE"}}, {"type": "Feature", "geometry": {"type": "Point", "coordinates": [2.2787968, 6.8000523]}, "properties": {"kind": "OUT_OF_SCOPE"}}, {"type": "Feature", "geometry": {"type": "Point", "coordinates": [2.2758397, 6.7994767]}, "properties": {"kind": "OUT_OF_SCOPE"}}, {"type": "Feature", "geometry": {"type": "Point", "coordinates": [2.261057, 6.7771204]}, "properties": {"kind": "OUT_OF_SCOPE"}}, {"type": "Feature", "geometry": {"type": "Point", "coordinates": [2.2591097, 6.7793206]}, "properties": {"kind": "OUT_OF_SCOPE"}}, {"type": "Feature", "geometry": {"type": "Point", "coordinates": [2.2729053, 6.7921726]}, "properties": {"kind": "OUT_OF_SCOPE"}}, {"type": "Feature", "geometry": {"type": "Point", "coordinates": [2.2693307, 6.7917626]}, "properties": {"kind": "OUT_OF_SCOPE"}}, {"type": "Feature", "geometry": {"type": "Point", "coordinates": [2.2654085, 6.7920325]}, "properties": {"kind": "OUT_OF_SCOPE"}}, {"type": "Feature", "geometry": {"type": "Point", "coordinates": [2.2677625, 6.7809149]}, "properties": {"kind": "OUT_OF_SCOPE"}}, {"type": "Feature", "geometry": {"type": "Point", "coordinates": [2.2579126, 6.7766313]}, "properties": {"kind": "OUT_OF_SCOPE"}}, {"type": "Feature", "geometry": {"type": "Point", "coordinates": [2.2537724, 6.7754713]}, "properties": {"kind": "OUT_OF_SCOPE"}}, {"type": "Feature", "geometry": {"type": "Point", "coordinates": [2.2469952, 6.774028]}, "properties": {"kind": "OUT_OF_SCOPE"}}, {"type": "Feature", "geometry": {"type": "Point", "coordinates": [2.2543631, 6.7650564]}, "properties": {"kind": "OUT_OF_SCOPE"}}, {"type": "Feature", "geometry": {"type": "Point", "coordinates": [2.2516118, 6.7631493]}, "properties": {"kind": "OUT_OF_SCOPE"}}, {"type": "Feature", "geometry": {"type": "Point", "coordinates": [2.2468776, 6.7577619]}, "properties": {"kind": "OUT_OF_SCOPE"}}, {"type": "Feature", "geometry": {"type": "Point", "coordinates": [2.2447453, 6.7539486]}, "properties": {"kind": "OUT_OF_SCOPE"}}, {"type": "Feature", "geometry": {"type": "Point", "coordinates": [2.2575189, 6.7762451]}, "properties": {"kind": "OUT_OF_SCOPE"}}, {"type": "Feature", "geometry": {"type": "Point", "coordinates": [2.2535486, 6.7719353]}, "properties": {"kind": "OUT_OF_SCOPE"}}, {"type": "Feature", "geometry": {"type": "Point", "coordinates": [2.2514077, 6.7704544]}, "properties": {"kind": "OUT_OF_SCOPE"}}, {"type": "Feature", "geometry": {"type": "Point", "coordinates": [2.2459788, 6.7669113]}, "properties": {"kind": "OUT_OF_SCOPE"}}, {"type": "Feature", "geometry": {"type": "Point", "coordinates": [2.257946, 6.7788456]}, "properties": {"kind": "OUT_OF_SCOPE"}}, {"type": "Feature", "geometry": {"type": "Point", "coordinates": [2.294363, 6.7529902]}, "properties": {"kind": "OUT_OF_SCOPE"}}, {"type": "Feature", "geometry": {"type": "Point", "coordinates": [2.2882614, 6.7477603]}, "properties": {"kind": "OUT_OF_SCOPE"}}, {"type": "Feature", "geometry": {"type": "Point", "coordinates": [2.2545955, 6.7564316]}, "properties": {"kind": "OUT_OF_SCOPE"}}, {"type": "Feature", "geometry": {"type": "Point", "coordinates": [2.2570589, 6.753507]}, "properties": {"kind": "OUT_OF_SCOPE"}}, {"type": "Feature", "geometry": {"type": "Point", "coordinates": [2.2925287, 6.7511396]}, "properties": {"kind": "OUT_OF_SCOPE"}}, {"type": "Feature", "geometry": {"type": "Point", "coordinates": [2.286922, 6.7500191]}, "properties": {"kind": "OUT_OF_SCOPE"}}, {"type": "Feature", "geometry": {"type": "Point", "coordinates": [2.3040685, 6.7587606]}, "properties": {"kind": "OUT_OF_SCOPE"}}, {"type": "Feature", "geometry": {"type": "Point", "coordinates": [2.2996742, 6.7555084]}, "properties": {"kind": "OUT_OF_SCOPE"}}, {"type": "Feature", "geometry": {"type": "Point", "coordinates": [2.2530024, 6.7560244]}, "properties": {"kind": "OUT_OF_SCOPE"}}, {"type": "Feature", "geometry": {"type": "Point", "coordinates": [2.2532873, 6.6109565]}, "properties": {"kind": "OUT_OF_SCOPE"}}, {"type": "Feature", "geometry": {"type": "Point", "coordinates": [2.2543363, 6.6101853]}, "properties": {"kind": "OUT_OF_SCOPE"}}, {"type": "Feature", "geometry": {"type": "Point", "coordinates": [2.2533694, 6.6054747]}, "properties": {"kind": "OUT_OF_SCOPE"}}, {"type": "Feature", "geometry": {"type": "Point", "coordinates": [2.2556332, 6.6038627]}, "properties": {"kind": "OUT_OF_SCOPE"}}, {"type": "Feature", "geometry": {"type": "Point", "coordinates": [2.2542223, 6.6140806]}, "properties": {"kind": "OUT_OF_SCOPE"}}, {"type": "Feature", "geometry": {"type": "Point", "coordinates": [2.2507851, 6.6099955]}, "properties": {"kind": "OUT_OF_SCOPE"}}, {"type": "Feature", "geometry": {"type": "Point", "coordinates": [2.2483929, 6.6047318]}, "properties": {"kind": "OUT_OF_SCOPE"}}, {"type": "Feature", "geometry": {"type": "Point", "coordinates": [2.2400127, 6.6071619]}, "properties": {"kind": "OUT_OF_SCOPE"}}, {"type": "Feature", "geometry": {"type": "Point", "coordinates": [2.290239, 6.6066776]}, "properties": {"kind": "OUT_OF_SCOPE"}}, {"type": "Feature", "geometry": {"type": "Point", "coordinates": [2.3065455, 6.6219577]}, "properties": {"kind": "OUT_OF_SCOPE"}}, {"type": "Feature", "geometry": {"type": "Point", "coordinates": [2.3003145, 6.6051227]}, "properties": {"kind": "OUT_OF_SCOPE"}}, {"type": "Feature", "geometry": {"type": "Point", "coordinates": [2.2972986, 6.6058397]}, "properties": {"kind": "OUT_OF_SCOPE"}}, {"type": "Feature", "geometry": {"type": "Point", "coordinates": [2.2543942, 6.6437424]}, "properties": {"kind": "OUT_OF_SCOPE"}}, {"type": "Feature", "geometry": {"type": "Point", "coordinates": [2.2409626, 6.6673282]}, "properties": {"kind": "OUT_OF_SCOPE"}}, {"type": "Feature", "geometry": {"type": "Point", "coordinates": [2.3229852, 6.613402]}, "properties": {"kind": "OUT_OF_SCOPE"}}, {"type": "Feature", "geometry": {"type": "Point", "coordinates": [2.2920106, 6.620142]}, "properties": {"kind": "OUT_OF_SCOPE"}}, {"type": "Feature", "geometry": {"type": "Point", "coordinates": [2.2560104, 6.6316432]}, "properties": {"kind": "OUT_OF_SCOPE"}}, {"type": "Feature", "geometry": {"type": "Point", "coordinates": [2.2618982, 6.6296352]}, "properties": {"kind": "OUT_OF_SCOPE"}}, {"type": "Feature", "geometry": {"type": "Point", "coordinates": [2.241743, 6.6603608]}, "properties": {"kind": "OUT_OF_SCOPE"}}, {"type": "Feature", "geometry": {"type": "Point", "coordinates": [2.2402211, 6.6628751]}, "properties": {"kind": "OUT_OF_SCOPE"}}, {"type": "Feature", "geometry": {"type": "Point", "coordinates": [2.2580555, 6.6478946]}, "properties": {"kind": "OUT_OF_SCOPE"}}, {"type": "Feature", "geometry": {"type": "Point", "coordinates": [2.254632, 6.6492116]}, "properties": {"kind": "OUT_OF_SCOPE"}}, {"type": "Feature", "geometry": {"type": "Point", "coordinates": [2.2510122, 6.6507556]}, "properties": {"kind": "OUT_OF_SCOPE"}}, {"type": "Feature", "geometry": {"type": "Point", "coordinates": [2.2402196, 6.6665648]}, "properties": {"kind": "OUT_OF_SCOPE"}}, {"type": "Feature", "geometry": {"type": "Point", "coordinates": [2.2397276, 6.669471]}, "properties": {"kind": "OUT_OF_SCOPE"}}, {"type": "Feature", "geometry": {"type": "Point", "coordinates": [2.2406188, 6.662991]}, "properties": {"kind": "OUT_OF_SCOPE"}}, {"type": "Feature", "geometry": {"type": "Point", "coordinates": [2.244514, 6.6632213]}, "properties": {"kind": "OUT_OF_SCOPE"}}, {"type": "Feature", "geometry": {"type": "Point", "coordinates": [2.2585934, 6.6451054]}, "properties": {"kind": "OUT_OF_SCOPE"}}, {"type": "Feature", "geometry": {"type": "Point", "coordinates": [2.2494158, 6.6349261]}, "properties": {"kind": "OUT_OF_SCOPE"}}, {"type": "Feature", "geometry": {"type": "Point", "coordinates": [2.2480365, 6.6346144]}, "properties": {"kind": "OUT_OF_SCOPE"}}, {"type": "Feature", "geometry": {"type": "Point", "coordinates": [2.246625, 6.6347196]}, "properties": {"kind": "OUT_OF_SCOPE"}}, {"type": "Feature", "geometry": {"type": "Point", "coordinates": [2.2449392, 6.6351046]}, "properties": {"kind": "OUT_OF_SCOPE"}}, {"type": "Feature", "geometry": {"type": "Point", "coordinates": [2.2417664, 6.6351199]}, "properties": {"kind": "OUT_OF_SCOPE"}}, {"type": "Feature", "geometry": {"type": "Point", "coordinates": [2.2402301, 6.6351271]}, "properties": {"kind": "OUT_OF_SCOPE"}}, {"type": "Feature", "geometry": {"type": "Point", "coordinates": [2.3198023, 6.613625]}, "properties": {"kind": "OUT_OF_SCOPE"}}, {"type": "Feature", "geometry": {"type": "Point", "coordinates": [2.3219746, 6.6112197]}, "properties": {"kind": "OUT_OF_SCOPE"}}, {"type": "Feature", "geometry": {"type": "Point", "coordinates": [2.2598054, 6.6505155]}, "properties": {"kind": "OUT_OF_SCOPE"}}, {"type": "Feature", "geometry": {"type": "Point", "coordinates": [2.264236, 6.6512611]}, "properties": {"kind": "OUT_OF_SCOPE"}}, {"type": "Feature", "geometry": {"type": "Point", "coordinates": [2.2667283, 6.6513903]}, "properties": {"kind": "OUT_OF_SCOPE"}}, {"type": "Feature", "geometry": {"type": "Point", "coordinates": [2.2907826, 6.612644]}, "properties": {"kind": "OUT_OF_SCOPE"}}, {"type": "Feature", "geometry": {"type": "Point", "coordinates": [2.2457961, 6.6509641]}, "properties": {"kind": "OUT_OF_SCOPE"}}, {"type": "Feature", "geometry": {"type": "Point", "coordinates": [2.3185578, 6.6103945]}, "properties": {"kind": "OUT_OF_SCOPE"}}, {"type": "Feature", "geometry": {"type": "Point", "coordinates": [2.3176594, 6.6079837]}, "properties": {"kind": "OUT_OF_SCOPE"}}, {"type": "Feature", "geometry": {"type": "Point", "coordinates": [2.2594634, 6.6457277]}, "properties": {"kind": "OUT_OF_SCOPE"}}, {"type": "Feature", "geometry": {"type": "Point", "coordinates": [2.2597965, 6.6503901]}, "properties": {"kind": "OUT_OF_SCOPE"}}, {"type": "Feature", "geometry": {"type": "Point", "coordinates": [2.2603087, 6.6580654]}, "properties": {"kind": "OUT_OF_SCOPE"}}, {"type": "Feature", "geometry": {"type": "Point", "coordinates": [2.2474492, 6.6815061]}, "properties": {"kind": "OUT_OF_SCOPE"}}, {"type": "Feature", "geometry": {"type": "Point", "coordinates": [2.2517418, 6.6671413]}, "properties": {"kind": "OUT_OF_SCOPE"}}, {"type": "Feature", "geometry": {"type": "Point", "coordinates": [2.2509229, 6.653861]}, "properties": {"kind": "OUT_OF_SCOPE"}}, {"type": "Feature", "geometry": {"type": "Point", "coordinates": [2.2487736, 6.6442282]}, "properties": {"kind": "OUT_OF_SCOPE"}}, {"type": "Feature", "geometry": {"type": "Point", "coordinates": [2.25999, 6.6189286]}, "properties": {"kind": "OUT_OF_SCOPE"}}, {"type": "Feature", "geometry": {"type": "Point", "coordinates": [2.2617374, 6.6229059]}, "properties": {"kind": "OUT_OF_SCOPE"}}, {"type": "Feature", "geometry": {"type": "Point", "coordinates": [2.264472, 6.6267769]}, "properties": {"kind": "OUT_OF_SCOPE"}}, {"type": "Feature", "geometry": {"type": "Point", "coordinates": [2.2664401, 6.6298359]}, "properties": {"kind": "OUT_OF_SCOPE"}}, {"type": "Feature", "geometry": {"type": "Point", "coordinates": [2.2409042, 6.6584156]}, "properties": {"kind": "OUT_OF_SCOPE"}}, {"type": "Feature", "geometry": {"type": "Point", "coordinates": [2.2444987, 6.6618203]}, "properties": {"kind": "OUT_OF_SCOPE"}}, {"type": "Feature", "geometry": {"type": "Point", "coordinates": [2.2482438, 6.6649238]}, "properties": {"kind": "OUT_OF_SCOPE"}}, {"type": "Feature", "geometry": {"type": "Point", "coordinates": [2.2510238, 6.6651528]}, "properties": {"kind": "OUT_OF_SCOPE"}}, {"type": "Feature", "geometry": {"type": "Point", "coordinates": [2.2879071, 6.6197294]}, "properties": {"kind": "OUT_OF_SCOPE"}}, {"type": "Feature", "geometry": {"type": "Point", "coordinates": [2.2546175, 6.6591499]}, "properties": {"kind": "OUT_OF_SCOPE"}}, {"type": "Feature", "geometry": {"type": "Point", "coordinates": [2.3154444, 6.6037203]}, "properties": {"kind": "OUT_OF_SCOPE"}}, {"type": "Feature", "geometry": {"type": "Point", "coordinates": [2.3116069, 6.6001325]}, "properties": {"kind": "OUT_OF_SCOPE"}}, {"type": "Feature", "geometry": {"type": "Point", "coordinates": [2.2876537, 6.6146422]}, "properties": {"kind": "OUT_OF_SCOPE"}}, {"type": "Feature", "geometry": {"type": "Point", "coordinates": [2.2868525, 6.6162522]}, "properties": {"kind": "OUT_OF_SCOPE"}}, {"type": "Feature", "geometry": {"type": "Point", "coordinates": [2.2863418, 6.6169301]}, "properties": {"kind": "OUT_OF_SCOPE"}}, {"type": "Feature", "geometry": {"type": "Point", "coordinates": [2.2895551, 6.5995597]}, "properties": {"kind": "OUT_OF_SCOPE"}}, {"type": "Feature", "geometry": {"type": "Point", "coordinates": [2.2917907, 6.6016979]}, "properties": {"kind": "OUT_OF_SCOPE"}}, {"type": "Feature", "geometry": {"type": "Point", "coordinates": [2.2945869, 6.6026877]}, "properties": {"kind": "OUT_OF_SCOPE"}}, {"type": "Feature", "geometry": {"type": "Point", "coordinates": [2.2972383, 6.6076715]}, "properties": {"kind": "OUT_OF_SCOPE"}}, {"type": "Feature", "geometry": {"type": "Point", "coordinates": [2.2826725, 6.6096231]}, "properties": {"kind": "OUT_OF_SCOPE"}}, {"type": "Feature", "geometry": {"type": "Point", "coordinates": [2.2803926, 6.6032565]}, "properties": {"kind": "OUT_OF_SCOPE"}}, {"type": "Feature", "geometry": {"type": "Point", "coordinates": [2.280968, 6.6018271]}, "properties": {"kind": "OUT_OF_SCOPE"}}, {"type": "Feature", "geometry": {"type": "Point", "coordinates": [2.2675321, 6.6246961]}, "properties": {"kind": "OUT_OF_SCOPE"}}, {"type": "Feature", "geometry": {"type": "Point", "coordinates": [2.2697025, 6.6209241]}, "properties": {"kind": "OUT_OF_SCOPE"}}, {"type": "Feature", "geometry": {"type": "Point", "coordinates": [2.2730327, 6.6162654]}, "properties": {"kind": "OUT_OF_SCOPE"}}, {"type": "Feature", "geometry": {"type": "Point", "coordinates": [2.2772464, 6.6148133]}, "properties": {"kind": "OUT_OF_SCOPE"}}, {"type": "Feature", "geometry": {"type": "Point", "coordinates": [2.2821621, 6.6128976]}, "properties": {"kind": "OUT_OF_SCOPE"}}, {"type": "Feature", "geometry": {"type": "Point", "coordinates": [2.2829701, 6.6111087]}, "properties": {"kind": "OUT_OF_SCOPE"}}, {"type": "Feature", "geometry": {"type": "Point", "coordinates": [2.2582397, 6.6377737]}, "properties": {"kind": "OUT_OF_SCOPE"}}, {"type": "Feature", "geometry": {"type": "Point", "coordinates": [2.2586247, 6.6407623]}, "properties": {"kind": "OUT_OF_SCOPE"}}, {"type": "Feature", "geometry": {"type": "Point", "coordinates": [2.2599794, 6.6447698]}, "properties": {"kind": "OUT_OF_SCOPE"}}, {"type": "Feature", "geometry": {"type": "Point", "coordinates": [2.2584527, 6.6475791]}, "properties": {"kind": "OUT_OF_SCOPE"}}, {"type": "Feature", "geometry": {"type": "Point", "coordinates": [2.2511984, 6.6483138]}, "properties": {"kind": "OUT_OF_SCOPE"}}, {"type": "Feature", "geometry": {"type": "Point", "coordinates": [2.2313565, 6.6293844]}, "properties": {"kind": "OUT_OF_SCOPE"}}, {"type": "Feature", "geometry": {"type": "Point", "coordinates": [2.2416324, 6.6380137]}, "properties": {"kind": "OUT_OF_SCOPE"}}, {"type": "Feature", "geometry": {"type": "Point", "coordinates": [2.2465296, 6.641277]}, "properties": {"kind": "OUT_OF_SCOPE"}}, {"type": "Feature", "geometry": {"type": "Point", "coordinates": [2.2491675, 6.6413561]}, "properties": {"kind": "OUT_OF_SCOPE"}}, {"type": "Feature", "geometry": {"type": "Point", "coordinates": [2.2525772, 6.6410898]}, "properties": {"kind": "OUT_OF_SCOPE"}}, {"type": "Feature", "geometry": {"type": "Point", "coordinates": [2.2564797, 6.6412482]}, "properties": {"kind": "OUT_OF_SCOPE"}}, {"type": "Feature", "geometry": {"type": "Point", "coordinates": [2.2796326, 6.6087302]}, "properties": {"kind": "OUT_OF_SCOPE"}}, {"type": "Feature", "geometry": {"type": "Point", "coordinates": [2.2614534, 6.658193]}, "properties": {"kind": "OUT_OF_SCOPE"}}, {"type": "Feature", "geometry": {"type": "Point", "coordinates": [2.3132256, 6.619031]}, "properties": {"kind": "OUT_OF_SCOPE"}}, {"type": "Feature", "geometry": {"type": "Point", "coordinates": [2.3114406, 6.6176022]}, "properties": {"kind": "OUT_OF_SCOPE"}}, {"type": "Feature", "geometry": {"type": "Point", "coordinates": [2.309512, 6.6171939]}, "properties": {"kind": "OUT_OF_SCOPE"}}, {"type": "Feature", "geometry": {"type": "Point", "coordinates": [2.3081736, 6.6167316]}, "properties": {"kind": "OUT_OF_SCOPE"}}, {"type": "Feature", "geometry": {"type": "Point", "coordinates": [2.3077787, 6.6162834]}, "properties": {"kind": "OUT_OF_SCOPE"}}, {"type": "Feature", "geometry": {"type": "Point", "coordinates": [2.3068332, 6.6154574]}, "properties": {"kind": "OUT_OF_SCOPE"}}, {"type": "Feature", "geometry": {"type": "Point", "coordinates": [2.3062793, 6.61478]}, "properties": {"kind": "OUT_OF_SCOPE"}}, {"type": "Feature", "geometry": {"type": "Point", "coordinates": [2.3048108, 6.6139627]}, "properties": {"kind": "OUT_OF_SCOPE"}}, {"type": "Feature", "geometry": {"type": "Point", "coordinates": [2.3029044, 6.6135477]}, "properties": {"kind": "OUT_OF_SCOPE"}}, {"type": "Feature", "geometry": {"type": "Point", "coordinates": [2.3020193, 6.612482]}, "properties": {"kind": "OUT_OF_SCOPE"}}, {"type": "Feature", "geometry": {"type": "Point", "coordinates": [2.2932628, 6.6076938]}, "properties": {"kind": "OUT_OF_SCOPE"}}, {"type": "Feature", "geometry": {"type": "Point", "coordinates": [2.257458, 6.6793656]}, "properties": {"kind": "OUT_OF_SCOPE"}}, {"type": "Feature", "geometry": {"type": "Point", "coordinates": [2.2393126, 6.7044943]}, "properties": {"kind": "OUT_OF_SCOPE"}}, {"type": "Feature", "geometry": {"type": "Point", "coordinates": [2.2589734, 6.6821094]}, "properties": {"kind": "OUT_OF_SCOPE"}}, {"type": "Feature", "geometry": {"type": "Point", "coordinates": [2.2543241, 6.6892174]}, "properties": {"kind": "OUT_OF_SCOPE"}}, {"type": "Feature", "geometry": {"type": "Point", "coordinates": [2.2630645, 6.6603145]}, "properties": {"kind": "OUT_OF_SCOPE"}}, {"type": "Feature", "geometry": {"type": "Point", "coordinates": [2.2617092, 6.659162]}, "properties": {"kind": "OUT_OF_SCOPE"}}, {"type": "Feature", "geometry": {"type": "Point", "coordinates": [2.2781258, 6.6561728]}, "properties": {"kind": "OUT_OF_SCOPE"}}, {"type": "Feature", "geometry": {"type": "Point", "coordinates": [2.2785549, 6.6645579]}, "properties": {"kind": "OUT_OF_SCOPE"}}, {"type": "Feature", "geometry": {"type": "Point", "coordinates": [2.2574218, 6.675049]}, "properties": {"kind": "OUT_OF_SCOPE"}}, {"type": "Feature", "geometry": {"type": "Point", "coordinates": [2.2620311, 6.6812521]}, "properties": {"kind": "OUT_OF_SCOPE"}}, {"type": "Feature", "geometry": {"type": "Point", "coordinates": [2.2547886, 6.6831019]}, "properties": {"kind": "OUT_OF_SCOPE"}}, {"type": "Feature", "geometry": {"type": "Point", "coordinates": [2.2531817, 6.6804843]}, "properties": {"kind": "OUT_OF_SCOPE"}}, {"type": "Feature", "geometry": {"type": "Point", "coordinates": [2.2750241, 6.6587095]}, "properties": {"kind": "OUT_OF_SCOPE"}}, {"type": "Feature", "geometry": {"type": "Point", "coordinates": [2.279517, 6.6641719]}, "properties": {"kind": "OUT_OF_SCOPE"}}, {"type": "Feature", "geometry": {"type": "Point", "coordinates": [2.2517572, 6.7051742]}, "properties": {"kind": "OUT_OF_SCOPE"}}, {"type": "Feature", "geometry": {"type": "Point", "coordinates": [2.2530983, 6.7040282]}, "properties": {"kind": "OUT_OF_SCOPE"}}, {"type": "Feature", "geometry": {"type": "Point", "coordinates": [2.2552435, 6.702108]}, "properties": {"kind": "OUT_OF_SCOPE"}}, {"type": "Feature", "geometry": {"type": "Point", "coordinates": [2.282394, 6.6631317]}, "properties": {"kind": "OUT_OF_SCOPE"}}, {"type": "Feature", "geometry": {"type": "Point", "coordinates": [2.280059, 6.6636921]}, "properties": {"kind": "OUT_OF_SCOPE"}}, {"type": "Feature", "geometry": {"type": "Point", "coordinates": [2.2573376, 6.6811737]}, "properties": {"kind": "OUT_OF_SCOPE"}}, {"type": "Feature", "geometry": {"type": "Point", "coordinates": [2.2679243, 6.682689]}, "properties": {"kind": "OUT_OF_SCOPE"}}, {"type": "Feature", "geometry": {"type": "Point", "coordinates": [2.2844211, 6.6596806]}, "properties": {"kind": "OUT_OF_SCOPE"}}, {"type": "Feature", "geometry": {"type": "Point", "coordinates": [2.2808468, 6.6556321]}, "properties": {"kind": "OUT_OF_SCOPE"}}, {"type": "Feature", "geometry": {"type": "Point", "coordinates": [2.2785789, 6.6539982]}, "properties": {"kind": "OUT_OF_SCOPE"}}, {"type": "Feature", "geometry": {"type": "Point", "coordinates": [2.246845, 6.7024756]}, "properties": {"kind": "OUT_OF_SCOPE"}}, {"type": "Feature", "geometry": {"type": "Point", "coordinates": [2.2464976, 6.6977089]}, "properties": {"kind": "OUT_OF_SCOPE"}}, {"type": "Feature", "geometry": {"type": "Point", "coordinates": [2.2438851, 6.6918329]}, "properties": {"kind": "OUT_OF_SCOPE"}}, {"type": "Feature", "geometry": {"type": "Point", "coordinates": [2.2835389, 6.6497204]}, "properties": {"kind": "OUT_OF_SCOPE"}}, {"type": "Feature", "geometry": {"type": "Point", "coordinates": [2.2777263, 6.65384]}, "properties": {"kind": "OUT_OF_SCOPE"}}, {"type": "Feature", "geometry": {"type": "Point", "coordinates": [2.2732733, 6.6576163]}, "properties": {"kind": "OUT_OF_SCOPE"}}, {"type": "Feature", "geometry": {"type": "Point", "coordinates": [2.2641908, 6.6623912]}, "properties": {"kind": "OUT_OF_SCOPE"}}, {"type": "Feature", "geometry": {"type": "Point", "coordinates": [2.2520879, 6.7038417]}, "properties": {"kind": "OUT_OF_SCOPE"}}, {"type": "Feature", "geometry": {"type": "Point", "coordinates": [2.251545, 6.7045604]}, "properties": {"kind": "OUT_OF_SCOPE"}}, {"type": "Feature", "geometry": {"type": "Point", "coordinates": [2.2630982, 6.7026883]}, "properties": {"kind": "OUT_OF_SCOPE"}}, {"type": "Feature", "geometry": {"type": "Point", "coordinates": [2.2431351, 6.6834545]}, "properties": {"kind": "OUT_OF_SCOPE"}}, {"type": "Feature", "geometry": {"type": "Point", "coordinates": [2.2831836, 6.7076926]}, "properties": {"kind": "OUT_OF_SCOPE"}}, {"type": "Feature", "geometry": {"type": "Point", "coordinates": [2.2820362, 6.6767274]}, "properties": {"kind": "OUT_OF_SCOPE"}}, {"type": "Feature", "geometry": {"type": "Point", "coordinates": [2.2783484, 6.7063966]}, "properties": {"kind": "OUT_OF_SCOPE"}}, {"type": "Feature", "geometry": {"type": "Point", "coordinates": [2.2776844, 6.7054656]}, "properties": {"kind": "OUT_OF_SCOPE"}}, {"type": "Feature", "geometry": {"type": "Point", "coordinates": [2.2866749, 6.7167229]}, "properties": {"kind": "OUT_OF_SCOPE"}}, {"type": "Feature", "geometry": {"type": "Point", "coordinates": [2.2826549, 6.6889254]}, "properties": {"kind": "OUT_OF_SCOPE"}}, {"type": "Feature", "geometry": {"type": "Point", "coordinates": [2.2892588, 6.713564]}, "properties": {"kind": "OUT_OF_SCOPE"}}, {"type": "Feature", "geometry": {"type": "Point", "coordinates": [2.2828224, 6.7150749]}, "properties": {"kind": "OUT_OF_SCOPE"}}, {"type": "Feature", "geometry": {"type": "Point", "coordinates": [2.2839384, 6.6865624]}, "properties": {"kind": "OUT_OF_SCOPE"}}, {"type": "Feature", "geometry": {"type": "Point", "coordinates": [2.2735185, 6.7011279]}, "properties": {"kind": "OUT_OF_SCOPE"}}, {"type": "Feature", "geometry": {"type": "Point", "coordinates": [2.2727989, 6.6986528]}, "properties": {"kind": "OUT_OF_SCOPE"}}, {"type": "Feature", "geometry": {"type": "Point", "coordinates": [2.2900113, 6.7173408]}, "properties": {"kind": "OUT_OF_SCOPE"}}, {"type": "Feature", "geometry": {"type": "Point", "coordinates": [2.2801722, 6.6996457]}, "properties": {"kind": "OUT_OF_SCOPE"}}, {"type": "Feature", "geometry": {"type": "Point", "coordinates": [2.2816131, 6.7085684]}, "properties": {"kind": "OUT_OF_SCOPE"}}, {"type": "Feature", "geometry": {"type": "Point", "coordinates": [2.2804998, 6.7148539]}, "properties": {"kind": "OUT_OF_SCOPE"}}, {"type": "Feature", "geometry": {"type": "Point", "coordinates": [2.2849399, 6.7202923]}, "properties": {"kind": "OUT_OF_SCOPE"}}, {"type": "Feature", "geometry": {"type": "Point", "coordinates": [2.2842672, 6.717844]}, "properties": {"kind": "OUT_OF_SCOPE"}}, {"type": "Feature", "geometry": {"type": "Point", "coordinates": [2.2855606, 6.7199948]}, "properties": {"kind": "OUT_OF_SCOPE"}}, {"type": "Feature", "geometry": {"type": "Point", "coordinates": [2.2840016, 6.7064714]}, "properties": {"kind": "OUT_OF_SCOPE"}}, {"type": "Feature", "geometry": {"type": "Point", "coordinates": [2.2891482, 6.7051333]}, "properties": {"kind": "OUT_OF_SCOPE"}}, {"type": "Feature", "geometry": {"type": "Point", "coordinates": [2.2895495, 6.7135486]}, "properties": {"kind": "OUT_OF_SCOPE"}}, {"type": "Feature", "geometry": {"type": "Point", "coordinates": [2.2812272, 6.7108367]}, "properties": {"kind": "OUT_OF_SCOPE"}}, {"type": "Feature", "geometry": {"type": "Point", "coordinates": [2.2824363, 6.7141285]}, "properties": {"kind": "OUT_OF_SCOPE"}}, {"type": "Feature", "geometry": {"type": "Point", "coordinates": [2.2764314, 6.7067056]}, "properties": {"kind": "OUT_OF_SCOPE"}}, {"type": "Feature", "geometry": {"type": "Point", "coordinates": [2.2787484, 6.7099528]}, "properties": {"kind": "OUT_OF_SCOPE"}}, {"type": "Feature", "geometry": {"type": "Point", "coordinates": [2.2808322, 6.7104435]}, "properties": {"kind": "OUT_OF_SCOPE"}}, {"type": "Feature", "geometry": {"type": "Point", "coordinates": [2.2875657, 6.7176414]}, "properties": {"kind": "OUT_OF_SCOPE"}}, {"type": "Feature", "geometry": {"type": "Point", "coordinates": [2.2885159, 6.7098729]}, "properties": {"kind": "OUT_OF_SCOPE"}}, {"type": "Feature", "geometry": {"type": "Point", "coordinates": [2.2769163, 6.7068]}, "properties": {"kind": "OUT_OF_SCOPE"}}, {"type": "Feature", "geometry": {"type": "Point", "coordinates": [2.2796493, 6.706242]}, "properties": {"kind": "OUT_OF_SCOPE"}}, {"type": "Feature", "geometry": {"type": "Point", "coordinates": [2.2811735, 6.7052392]}, "properties": {"kind": "OUT_OF_SCOPE"}}, {"type": "Feature", "geometry": {"type": "Point", "coordinates": [2.2765064, 6.6979479]}, "properties": {"kind": "OUT_OF_SCOPE"}}, {"type": "Feature", "geometry": {"type": "Point", "coordinates": [2.2808379, 6.6987884]}, "properties": {"kind": "OUT_OF_SCOPE"}}, {"type": "Feature", "geometry": {"type": "Point", "coordinates": [2.2838456, 6.6989263]}, "properties": {"kind": "OUT_OF_SCOPE"}}, {"type": "Feature", "geometry": {"type": "Point", "coordinates": [2.2981035, 6.6961962]}, "properties": {"kind": "OUT_OF_SCOPE"}}, {"type": "Feature", "geometry": {"type": "Point", "coordinates": [2.3078693, 6.6988276]}, "properties": {"kind": "OUT_OF_SCOPE"}}, {"type": "Feature", "geometry": {"type": "Point", "coordinates": [2.2853123, 6.681901]}, "properties": {"kind": "OUT_OF_SCOPE"}}, {"type": "Feature", "geometry": {"type": "Point", "coordinates": [2.2931792, 6.6820564]}, "properties": {"kind": "OUT_OF_SCOPE"}}, {"type": "Feature", "geometry": {"type": "Point", "coordinates": [2.3016265, 6.6825513]}, "properties": {"kind": "OUT_OF_SCOPE"}}, {"type": "Feature", "geometry": {"type": "Point", "coordinates": [2.3116445, 6.6806862]}, "properties": {"kind": "OUT_OF_SCOPE"}}, {"type": "Feature", "geometry": {"type": "Point", "coordinates": [2.3204714, 6.6804563]}, "properties": {"kind": "OUT_OF_SCOPE"}}, {"type": "Feature", "geometry": {"type": "Point", "coordinates": [2.3422842, 6.6918236]}, "properties": {"kind": "OUT_OF_SCOPE"}}, {"type": "Feature", "geometry": {"type": "Point", "coordinates": [2.2843154, 6.6872526]}, "properties": {"kind": "OUT_OF_SCOPE"}}, {"type": "Feature", "geometry": {"type": "Point", "coordinates": [2.2819125, 6.7077173]}, "properties": {"kind": "OUT_OF_SCOPE"}}, {"type": "Feature", "geometry": {"type": "Point", "coordinates": [2.2804096, 6.6781784]}, "properties": {"kind": "OUT_OF_SCOPE"}}, {"type": "Feature", "geometry": {"type": "Point", "coordinates": [2.2906879, 6.7151166]}, "properties": {"kind": "OUT_OF_SCOPE"}}, {"type": "Feature", "geometry": {"type": "Point", "coordinates": [2.2742454, 6.7154546]}, "properties": {"kind": "OUT_OF_SCOPE"}}, {"type": "Feature", "geometry": {"type": "Point", "coordinates": [2.2692443, 6.708589]}, "properties": {"kind": "OUT_OF_SCOPE"}}, {"type": "Feature", "geometry": {"type": "Point", "coordinates": [2.2478813, 6.7375365]}, "properties": {"kind": "OUT_OF_SCOPE"}}, {"type": "Feature", "geometry": {"type": "Point", "coordinates": [2.2464915, 6.7339379]}, "properties": {"kind": "OUT_OF_SCOPE"}}, {"type": "Feature", "geometry": {"type": "Point", "coordinates": [2.2324454, 6.7358413]}, "properties": {"kind": "OUT_OF_SCOPE"}}, {"type": "Feature", "geometry": {"type": "Point", "coordinates": [2.2521085, 6.7254359]}, "properties": {"kind": "OUT_OF_SCOPE"}}, {"type": "Feature", "geometry": {"type": "Point", "coordinates": [2.252399, 6.7292217]}, "properties": {"kind": "OUT_OF_SCOPE"}}, {"type": "Feature", "geometry": {"type": "Point", "coordinates": [2.2514589, 6.709669]}, "properties": {"kind": "OUT_OF_SCOPE"}}, {"type": "Feature", "geometry": {"type": "Point", "coordinates": [2.2539185, 6.7112625]}, "properties": {"kind": "OUT_OF_SCOPE"}}, {"type": "Feature", "geometry": {"type": "Point", "coordinates": [2.2468857, 6.726254]}, "properties": {"kind": "OUT_OF_SCOPE"}}, {"type": "Feature", "geometry": {"type": "Point", "coordinates": [2.2425971, 6.7196921]}, "properties": {"kind": "OUT_OF_SCOPE"}}, {"type": "Feature", "geometry": {"type": "Point", "coordinates": [2.2669788, 6.718644]}, "properties": {"kind": "OUT_OF_SCOPE"}}, {"type": "Feature", "geometry": {"type": "Point", "coordinates": [2.2716913, 6.7187946]}, "properties": {"kind": "OUT_OF_SCOPE"}}, {"type": "Feature", "geometry": {"type": "Point", "coordinates": [2.2769943, 6.7147138]}, "properties": {"kind": "OUT_OF_SCOPE"}}, {"type": "Feature", "geometry": {"type": "Point", "coordinates": [2.2496878, 6.7119628]}, "properties": {"kind": "OUT_OF_SCOPE"}}, {"type": "Feature", "geometry": {"type": "Point", "coordinates": [2.2480508, 6.725236]}, "properties": {"kind": "OUT_OF_SCOPE"}}, {"type": "Feature", "geometry": {"type": "Point", "coordinates": [2.2530944, 6.7221984]}, "properties": {"kind": "OUT_OF_SCOPE"}}, {"type": "Feature", "geometry": {"type": "Point", "coordinates": [2.2517773, 6.717133]}, "properties": {"kind": "OUT_OF_SCOPE"}}, {"type": "Feature", "geometry": {"type": "Point", "coordinates": [2.2501486, 6.7114611]}, "properties": {"kind": "OUT_OF_SCOPE"}}, {"type": "Feature", "geometry": {"type": "Point", "coordinates": [2.2496378, 6.7062116]}, "properties": {"kind": "OUT_OF_SCOPE"}}, {"type": "Feature", "geometry": {"type": "Point", "coordinates": [2.2617713, 6.7247777]}, "properties": {"kind": "OUT_OF_SCOPE"}}, {"type": "Feature", "geometry": {"type": "Point", "coordinates": [2.2624113, 6.7189605]}, "properties": {"kind": "OUT_OF_SCOPE"}}, {"type": "Feature", "geometry": {"type": "Point", "coordinates": [2.2626845, 6.7143778]}, "properties": {"kind": "OUT_OF_SCOPE"}}, {"type": "Feature", "geometry": {"type": "Point", "coordinates": [2.2612548, 6.7119213]}, "properties": {"kind": "OUT_OF_SCOPE"}}, {"type": "Feature", "geometry": {"type": "Point", "coordinates": [2.2571629, 6.708701]}, "properties": {"kind": "OUT_OF_SCOPE"}}, {"type": "Feature", "geometry": {"type": "Point", "coordinates": [2.2538583, 6.7080543]}, "properties": {"kind": "OUT_OF_SCOPE"}}, {"type": "Feature", "geometry": {"type": "Point", "coordinates": [2.2620893, 6.7226645]}, "properties": {"kind": "OUT_OF_SCOPE"}}, {"type": "Feature", "geometry": {"type": "Point", "coordinates": [2.2412386, 6.74087]}, "properties": {"kind": "OUT_OF_SCOPE"}}, {"type": "Feature", "geometry": {"type": "Point", "coordinates": [2.2573809, 6.7312334]}, "properties": {"kind": "OUT_OF_SCOPE"}}, {"type": "Feature", "geometry": {"type": "Point", "coordinates": [2.2917907, 6.7425767]}, "properties": {"kind": "OUT_OF_SCOPE"}}, {"type": "Feature", "geometry": {"type": "Point", "coordinates": [2.2888371, 6.7417261]}, "properties": {"kind": "OUT_OF_SCOPE"}}, {"type": "Feature", "geometry": {"type": "Point", "coordinates": [2.2708894, 6.7277061]}, "properties": {"kind": "OUT_OF_SCOPE"}}, {"type": "Feature", "geometry": {"type": "Point", "coordinates": [2.290178, 6.7334743]}, "properties": {"kind": "OUT_OF_SCOPE"}}, {"type": "Feature", "geometry": {"type": "Point", "coordinates": [2.2894739, 6.7339017]}, "properties": {"kind": "OUT_OF_SCOPE"}}, {"type": "Feature", "geometry": {"type": "Point", "coordinates": [2.2872985, 6.7345037]}, "properties": {"kind": "OUT_OF_SCOPE"}}, {"type": "Feature", "geometry": {"type": "Point", "coordinates": [2.2750821, 6.7271905]}, "properties": {"kind": "OUT_OF_SCOPE"}}, {"type": "Feature", "geometry": {"type": "Point", "coordinates": [2.2753764, 6.7314196]}, "properties": {"kind": "OUT_OF_SCOPE"}}, {"type": "Feature", "geometry": {"type": "Point", "coordinates": [2.2751035, 6.7354285]}, "properties": {"kind": "OUT_OF_SCOPE"}}, {"type": "Feature", "geometry": {"type": "Point", "coordinates": [2.2738006, 6.738959]}, "properties": {"kind": "OUT_OF_SCOPE"}}, {"type": "Feature", "geometry": {"type": "Point", "coordinates": [2.2741552, 6.7448721]}, "properties": {"kind": "OUT_OF_SCOPE"}}, {"type": "Feature", "geometry": {"type": "Point", "coordinates": [2.2491918, 6.7476933]}, "properties": {"kind": "OUT_OF_SCOPE"}}, {"type": "Feature", "geometry": {"type": "Point", "coordinates": [2.2634402, 6.7555229]}, "properties": {"kind": "OUT_OF_SCOPE"}}, {"type": "Feature", "geometry": {"type": "Point", "coordinates": [2.2621381, 6.7483879]}, "properties": {"kind": "OUT_OF_SCOPE"}}, {"type": "Feature", "geometry": {"type": "Point", "coordinates": [2.2617537, 6.7453898]}, "properties": {"kind": "OUT_OF_SCOPE"}}, {"type": "Feature", "geometry": {"type": "Point", "coordinates": [2.2578201, 6.7414309]}, "properties": {"kind": "OUT_OF_SCOPE"}}, {"type": "Feature", "geometry": {"type": "Point", "coordinates": [2.2536234, 6.7362068]}, "properties": {"kind": "OUT_OF_SCOPE"}}, {"type": "Feature", "geometry": {"type": "Point", "coordinates": [2.3320384, 6.6782554]}, "properties": {"kind": "OUT_OF_SCOPE"}}, {"type": "Feature", "geometry": {"type": "Point", "coordinates": [2.3259701, 6.6412924]}, "properties": {"kind": "OUT_OF_SCOPE"}}, {"type": "Feature", "geometry": {"type": "Point", "coordinates": [2.3356931, 6.634673]}, "properties": {"kind": "OUT_OF_SCOPE"}}, {"type": "Feature", "geometry": {"type": "Point", "coordinates": [2.3335741, 6.6365273]}, "properties": {"kind": "OUT_OF_SCOPE"}}, {"type": "Feature", "geometry": {"type": "Point", "coordinates": [2.3308745, 6.6389464]}, "properties": {"kind": "OUT_OF_SCOPE"}}, {"type": "Feature", "geometry": {"type": "Point", "coordinates": [2.3457714, 6.6940561]}, "properties": {"kind": "OUT_OF_SCOPE"}}, {"type": "Feature", "geometry": {"type": "Point", "coordinates": [2.323762, 6.6488391]}, "properties": {"kind": "OUT_OF_SCOPE"}}, {"type": "Feature", "geometry": {"type": "Point", "coordinates": [2.3064975, 6.6604939]}, "properties": {"kind": "OUT_OF_SCOPE"}}, {"type": "Feature", "geometry": {"type": "Point", "coordinates": [2.3097708, 6.6577093]}, "properties": {"kind": "OUT_OF_SCOPE"}}, {"type": "Feature", "geometry": {"type": "Point", "coordinates": [2.3293937, 6.6416161]}, "properties": {"kind": "OUT_OF_SCOPE"}}, {"type": "Feature", "geometry": {"type": "Point", "coordinates": [2.3293893, 6.646938]}, "properties": {"kind": "OUT_OF_SCOPE"}}, {"type": "Feature", "geometry": {"type": "Point", "coordinates": [2.3313901, 6.6499483]}, "properties": {"kind": "OUT_OF_SCOPE"}}, {"type": "Feature", "geometry": {"type": "Point", "coordinates": [2.306348, 6.6582574]}, "properties": {"kind": "OUT_OF_SCOPE"}}, {"type": "Feature", "geometry": {"type": "Point", "coordinates": [2.3154047, 6.6444178]}, "properties": {"kind": "OUT_OF_SCOPE"}}, {"type": "Feature", "geometry": {"type": "Point", "coordinates": [2.3220226, 6.6432477]}, "properties": {"kind": "OUT_OF_SCOPE"}}, {"type": "Feature", "geometry": {"type": "Point", "coordinates": [2.3045238, 6.633616]}, "properties": {"kind": "OUT_OF_SCOPE"}}, {"type": "Feature", "geometry": {"type": "Point", "coordinates": [2.3043193, 6.635062]}, "properties": {"kind": "OUT_OF_SCOPE"}}, {"type": "Feature", "geometry": {"type": "Point", "coordinates": [2.3055679, 6.64012]}, "properties": {"kind": "OUT_OF_SCOPE"}}, {"type": "Feature", "geometry": {"type": "Point", "coordinates": [2.3083922, 6.6436901]}, "properties": {"kind": "OUT_OF_SCOPE"}}, {"type": "Feature", "geometry": {"type": "Point", "coordinates": [2.324759, 6.6452543]}, "properties": {"kind": "OUT_OF_SCOPE"}}, {"type": "Feature", "geometry": {"type": "Point", "coordinates": [2.3261099, 6.650859]}, "properties": {"kind": "OUT_OF_SCOPE"}}, {"type": "Feature", "geometry": {"type": "Point", "coordinates": [2.2962163, 6.6405863]}, "properties": {"kind": "OUT_OF_SCOPE"}}, {"type": "Feature", "geometry": {"type": "Point", "coordinates": [2.2935496, 6.6428445]}, "properties": {"kind": "OUT_OF_SCOPE"}}, {"type": "Feature", "geometry": {"type": "Point", "coordinates": [2.289649, 6.6465221]}, "properties": {"kind": "OUT_OF_SCOPE"}}, {"type": "Feature", "geometry": {"type": "Point", "coordinates": [2.2868413, 6.6488033]}, "properties": {"kind": "OUT_OF_SCOPE"}}, {"type": "Feature", "geometry": {"type": "Point", "coordinates": [2.2845343, 6.6493341]}, "properties": {"kind": "OUT_OF_SCOPE"}}, {"type": "Feature", "geometry": {"type": "Point", "coordinates": [2.3287023, 6.650951]}, "properties": {"kind": "OUT_OF_SCOPE"}}, {"type": "Feature", "geometry": {"type": "Point", "coordinates": [2.328804, 6.6548077]}, "properties": {"kind": "OUT_OF_SCOPE"}}, {"type": "Feature", "geometry": {"type": "Point", "coordinates": [2.3287894, 6.6571058]}, "properties": {"kind": "OUT_OF_SCOPE"}}, {"type": "Feature", "geometry": {"type": "Point", "coordinates": [2.3065459, 6.661091]}, "properties": {"kind": "OUT_OF_SCOPE"}}, {"type": "Feature", "geometry": {"type": "Point", "coordinates": [2.3010524, 6.6450475]}, "properties": {"kind": "OUT_OF_SCOPE"}}, {"type": "Feature", "geometry": {"type": "Point", "coordinates": [2.3056725, 6.6454364]}, "properties": {"kind": "OUT_OF_SCOPE"}}, {"type": "Feature", "geometry": {"type": "Point", "coordinates": [2.3102617, 6.6449649]}, "properties": {"kind": "OUT_OF_SCOPE"}}, {"type": "Feature", "geometry": {"type": "Point", "coordinates": [2.3160128, 6.6424677]}, "properties": {"kind": "OUT_OF_SCOPE"}}, {"type": "Feature", "geometry": {"type": "Point", "coordinates": [2.321699, 6.6424082]}, "properties": {"kind": "OUT_OF_SCOPE"}}, {"type": "Feature", "geometry": {"type": "Point", "coordinates": [2.3031365, 6.6634682]}, "properties": {"kind": "OUT_OF_SCOPE"}}, {"type": "Feature", "geometry": {"type": "Point", "coordinates": [2.3373426, 6.6371561]}, "properties": {"kind": "OUT_OF_SCOPE"}}, {"type": "Feature", "geometry": {"type": "Point", "coordinates": [2.3247454, 6.6429434]}, "properties": {"kind": "OUT_OF_SCOPE"}}, {"type": "Feature", "geometry": {"type": "Point", "coordinates": [2.331525, 6.652585]}, "properties": {"kind": "OUT_OF_SCOPE"}}, {"type": "Feature", "geometry": {"type": "Point", "coordinates": [2.3024082, 6.6468338]}, "properties": {"kind": "OUT_OF_SCOPE"}}, {"type": "Feature", "geometry": {"type": "Point", "coordinates": [2.3033269, 6.6566741]}, "properties": {"kind": "OUT_OF_SCOPE"}}, {"type": "Feature", "geometry": {"type": "Point", "coordinates": [2.3230643, 6.7179063]}, "properties": {"kind": "OUT_OF_SCOPE"}}, {"type": "Feature", "geometry": {"type": "Point", "coordinates": [2.3217822, 6.6765569]}, "properties": {"kind": "OUT_OF_SCOPE"}}, {"type": "Feature", "geometry": {"type": "Point", "coordinates": [2.2969615, 6.6801282]}, "properties": {"kind": "OUT_OF_SCOPE"}}, {"type": "Feature", "geometry": {"type": "Point", "coordinates": [2.3329928, 6.7268828]}, "properties": {"kind": "OUT_OF_SCOPE"}}, {"type": "Feature", "geometry": {"type": "Point", "coordinates": [2.2964296, 6.7358562]}, "properties": {"kind": "OUT_OF_SCOPE"}}, {"type": "Feature", "geometry": {"type": "Point", "coordinates": [2.3426979, 6.7259135]}, "properties": {"kind": "OUT_OF_SCOPE"}}, {"type": "Feature", "geometry": {"type": "Point", "coordinates": [2.3263069, 6.6807556]}, "properties": {"kind": "OUT_OF_SCOPE"}}, {"type": "Feature", "geometry": {"type": "Point", "coordinates": [2.3443552, 6.7137447]}, "properties": {"kind": "OUT_OF_SCOPE"}}, {"type": "Feature", "geometry": {"type": "Point", "coordinates": [2.3429776, 6.7166694]}, "properties": {"kind": "OUT_OF_SCOPE"}}, {"type": "Feature", "geometry": {"type": "Point", "coordinates": [2.3221213, 6.6731691]}, "properties": {"kind": "OUT_OF_SCOPE"}}, {"type": "Feature", "geometry": {"type": "Point", "coordinates": [2.3005762, 6.7406364]}, "properties": {"kind": "OUT_OF_SCOPE"}}, {"type": "Feature", "geometry": {"type": "Point", "coordinates": [2.2906192, 6.6696128]}, "properties": {"kind": "OUT_OF_SCOPE"}}, {"type": "Feature", "geometry": {"type": "Point", "coordinates": [2.3091368, 6.6760761]}, "properties": {"kind": "OUT_OF_SCOPE"}}, {"type": "Feature", "geometry": {"type": "Point", "coordinates": [2.3251533, 6.6752624]}, "properties": {"kind": "OUT_OF_SCOPE"}}, {"type": "Feature", "geometry": {"type": "Point", "coordinates": [2.3313981, 6.6750211]}, "properties": {"kind": "OUT_OF_SCOPE"}}, {"type": "Feature", "geometry": {"type": "Point", "coordinates": [2.3300218, 6.6825386]}, "properties": {"kind": "OUT_OF_SCOPE"}}, {"type": "Feature", "geometry": {"type": "Point", "coordinates": [2.3406862, 6.6956219]}, "properties": {"kind": "OUT_OF_SCOPE"}}, {"type": "Feature", "geometry": {"type": "Point", "coordinates": [2.3403856, 6.6973385]}, "properties": {"kind": "OUT_OF_SCOPE"}}, {"type": "Feature", "geometry": {"type": "Point", "coordinates": [2.2940259, 6.6805767]}, "properties": {"kind": "OUT_OF_SCOPE"}}, {"type": "Feature", "geometry": {"type": "Point", "coordinates": [2.2960781, 6.6776937]}, "properties": {"kind": "OUT_OF_SCOPE"}}, {"type": "Feature", "geometry": {"type": "Point", "coordinates": [2.332719, 6.7213854]}, "properties": {"kind": "OUT_OF_SCOPE"}}, {"type": "Feature", "geometry": {"type": "Point", "coordinates": [2.3378648, 6.7216235]}, "properties": {"kind": "OUT_OF_SCOPE"}}, {"type": "Feature", "geometry": {"type": "Point", "coordinates": [2.3205575, 6.6745212]}, "properties": {"kind": "OUT_OF_SCOPE"}}, {"type": "Feature", "geometry": {"type": "Point", "coordinates": [2.3203804, 6.6799245]}, "properties": {"kind": "OUT_OF_SCOPE"}}, {"type": "Feature", "geometry": {"type": "Point", "coordinates": [2.3447495, 6.7019834]}, "properties": {"kind": "OUT_OF_SCOPE"}}, {"type": "Feature", "geometry": {"type": "Point", "coordinates": [2.3488132, 6.7051825]}, "properties": {"kind": "OUT_OF_SCOPE"}}, {"type": "Feature", "geometry": {"type": "Point", "coordinates": [2.3068314, 6.6772673]}, "properties": {"kind": "OUT_OF_SCOPE"}}, {"type": "Feature", "geometry": {"type": "Point", "coordinates": [2.3086492, 6.677118]}, "properties": {"kind": "OUT_OF_SCOPE"}}, {"type": "Feature", "geometry": {"type": "Point", "coordinates": [2.3280562, 6.6853948]}, "properties": {"kind": "OUT_OF_SCOPE"}}, {"type": "Feature", "geometry": {"type": "Point", "coordinates": [2.323623, 6.6928486]}, "properties": {"kind": "OUT_OF_SCOPE"}}, {"type": "Feature", "geometry": {"type": "Point", "coordinates": [2.3072192, 6.669498]}, "properties": {"kind": "OUT_OF_SCOPE"}}, {"type": "Feature", "geometry": {"type": "Point", "coordinates": [2.305367, 6.6778317]}, "properties": {"kind": "OUT_OF_SCOPE"}}, {"type": "Feature", "geometry": {"type": "Point", "coordinates": [2.303707, 6.6801631]}, "properties": {"kind": "OUT_OF_SCOPE"}}, {"type": "Feature", "geometry": {"type": "Point", "coordinates": [2.3274514, 6.719072]}, "properties": {"kind": "OUT_OF_SCOPE"}}, {"type": "Feature", "geometry": {"type": "Point", "coordinates": [2.3316453, 6.7233899]}, "properties": {"kind": "OUT_OF_SCOPE"}}, {"type": "Feature", "geometry": {"type": "Point", "coordinates": [2.2963956, 6.6692156]}, "properties": {"kind": "OUT_OF_SCOPE"}}, {"type": "Feature", "geometry": {"type": "Point", "coordinates": [2.2984401, 6.6705225]}, "properties": {"kind": "OUT_OF_SCOPE"}}, {"type": "Feature", "geometry": {"type": "Point", "coordinates": [2.2995343, 6.6716809]}, "properties": {"kind": "OUT_OF_SCOPE"}}, {"type": "Feature", "geometry": {"type": "Point", "coordinates": [2.3010424, 6.672842]}, "properties": {"kind": "OUT_OF_SCOPE"}}, {"type": "Feature", "geometry": {"type": "Point", "coordinates": [2.3045785, 6.6767088]}, "properties": {"kind": "OUT_OF_SCOPE"}}, {"type": "Feature", "geometry": {"type": "Point", "coordinates": [2.2963947, 6.6765343]}, "properties": {"kind": "OUT_OF_SCOPE"}}, {"type": "Feature", "geometry": {"type": "Point", "coordinates": [2.2975283, 6.67856]}, "properties": {"kind": "OUT_OF_SCOPE"}}, {"type": "Feature", "geometry": {"type": "Point", "coordinates": [2.2981812, 6.681239]}, "properties": {"kind": "OUT_OF_SCOPE"}}, {"type": "Feature", "geometry": {"type": "Point", "coordinates": [2.3408203, 6.6958038]}, "properties": {"kind": "OUT_OF_SCOPE"}}, {"type": "Feature", "geometry": {"type": "Point", "coordinates": [2.3422016, 6.7004737]}, "properties": {"kind": "OUT_OF_SCOPE"}}, {"type": "Feature", "geometry": {"type": "Point", "coordinates": [2.34062, 6.7115763]}, "properties": {"kind": "OUT_OF_SCOPE"}}, {"type": "Feature", "geometry": {"type": "Point", "coordinates": [2.3187837, 6.6679038]}, "properties": {"kind": "OUT_OF_SCOPE"}}, {"type": "Feature", "geometry": {"type": "Point", "coordinates": [2.3233965, 6.6724979]}, "properties": {"kind": "OUT_OF_SCOPE"}}, {"type": "Feature", "geometry": {"type": "Point", "coordinates": [2.3251222, 6.6808718]}, "properties": {"kind": "OUT_OF_SCOPE"}}, {"type": "Feature", "geometry": {"type": "Point", "coordinates": [2.301684, 6.6683561]}, "properties": {"kind": "OUT_OF_SCOPE"}}, {"type": "Feature", "geometry": {"type": "Point", "coordinates": [2.3009147, 6.6741012]}, "properties": {"kind": "OUT_OF_SCOPE"}}, {"type": "Feature", "geometry": {"type": "Point", "coordinates": [2.3025947, 6.6790032]}, "properties": {"kind": "OUT_OF_SCOPE"}}, {"type": "Feature", "geometry": {"type": "Point", "coordinates": [2.3029185, 6.6811746]}, "properties": {"kind": "OUT_OF_SCOPE"}}, {"type": "Feature", "geometry": {"type": "Point", "coordinates": [2.3324914, 6.6807442]}, "properties": {"kind": "OUT_OF_SCOPE"}}, {"type": "Feature", "geometry": {"type": "Point", "coordinates": [2.3080653, 6.6998359]}, "properties": {"kind": "OUT_OF_SCOPE"}}, {"type": "Feature", "geometry": {"type": "Point", "coordinates": [2.3249512, 6.6966871]}, "properties": {"kind": "OUT_OF_SCOPE"}}, {"type": "Feature", "geometry": {"type": "Point", "coordinates": [2.3322678, 6.7051259]}, "properties": {"kind": "OUT_OF_SCOPE"}}, {"type": "Feature", "geometry": {"type": "Point", "coordinates": [2.3408331, 6.7131045]}, "properties": {"kind": "OUT_OF_SCOPE"}}, {"type": "Feature", "geometry": {"type": "Point", "coordinates": [2.3443972, 6.718215]}, "properties": {"kind": "OUT_OF_SCOPE"}}, {"type": "Feature", "geometry": {"type": "Point", "coordinates": [2.3397558, 6.6974913]}, "properties": {"kind": "OUT_OF_SCOPE"}}, {"type": "Feature", "geometry": {"type": "Point", "coordinates": [2.3388345, 6.7233507]}, "properties": {"kind": "OUT_OF_SCOPE"}}, {"type": "Feature", "geometry": {"type": "Point", "coordinates": [2.3222776, 6.6815271]}, "properties": {"kind": "OUT_OF_SCOPE"}}, {"type": "Feature", "geometry": {"type": "Point", "coordinates": [2.3164409, 6.695443]}, "properties": {"kind": "OUT_OF_SCOPE"}}, {"type": "Feature", "geometry": {"type": "Point", "coordinates": [2.3204119, 6.7154963]}, "properties": {"kind": "OUT_OF_SCOPE"}}, {"type": "Feature", "geometry": {"type": "Point", "coordinates": [2.3215491, 6.7182122]}, "properties": {"kind": "OUT_OF_SCOPE"}}, {"type": "Feature", "geometry": {"type": "Point", "coordinates": [2.2940631, 6.693354]}, "properties": {"kind": "OUT_OF_SCOPE"}}, {"type": "Feature", "geometry": {"type": "Point", "coordinates": [2.308519, 6.7030591]}, "properties": {"kind": "OUT_OF_SCOPE"}}, {"type": "Feature", "geometry": {"type": "Point", "coordinates": [2.3036677, 6.6850174]}, "properties": {"kind": "OUT_OF_SCOPE"}}, {"type": "Feature", "geometry": {"type": "Point", "coordinates": [2.311807, 6.7130994]}, "properties": {"kind": "OUT_OF_SCOPE"}}, {"type": "Feature", "geometry": {"type": "Point", "coordinates": [2.2944932, 6.6931187]}, "properties": {"kind": "OUT_OF_SCOPE"}}, {"type": "Feature", "geometry": {"type": "Point", "coordinates": [2.2915278, 6.6874475]}, "properties": {"kind": "OUT_OF_SCOPE"}}, {"type": "Feature", "geometry": {"type": "Point", "coordinates": [2.3028006, 6.6835068]}, "properties": {"kind": "OUT_OF_SCOPE"}}, {"type": "Feature", "geometry": {"type": "Point", "coordinates": [2.2925252, 6.6916471]}, "properties": {"kind": "OUT_OF_SCOPE"}}, {"type": "Feature", "geometry": {"type": "Point", "coordinates": [2.2937357, 6.7152715]}, "properties": {"kind": "OUT_OF_SCOPE"}}, {"type": "Feature", "geometry": {"type": "Point", "coordinates": [2.314792, 6.6853983]}, "properties": {"kind": "OUT_OF_SCOPE"}}, {"type": "Feature", "geometry": {"type": "Point", "coordinates": [2.3132723, 6.6860422]}, "properties": {"kind": "OUT_OF_SCOPE"}}, {"type": "Feature", "geometry": {"type": "Point", "coordinates": [2.3139634, 6.6877584]}, "properties": {"kind": "OUT_OF_SCOPE"}}, {"type": "Feature", "geometry": {"type": "Point", "coordinates": [2.3120839, 6.6892444]}, "properties": {"kind": "OUT_OF_SCOPE"}}, {"type": "Feature", "geometry": {"type": "Point", "coordinates": [2.3059188, 6.6975897]}, "properties": {"kind": "OUT_OF_SCOPE"}}, {"type": "Feature", "geometry": {"type": "Point", "coordinates": [2.3207044, 6.717268]}, "properties": {"kind": "OUT_OF_SCOPE"}}, {"type": "Feature", "geometry": {"type": "Point", "coordinates": [2.3237252, 6.7164111]}, "properties": {"kind": "OUT_OF_SCOPE"}}, {"type": "Feature", "geometry": {"type": "Point", "coordinates": [2.3391026, 6.7140066]}, "properties": {"kind": "OUT_OF_SCOPE"}}, {"type": "Feature", "geometry": {"type": "Point", "coordinates": [2.3420958, 6.7167034]}, "properties": {"kind": "OUT_OF_SCOPE"}}, {"type": "Feature", "geometry": {"type": "Point", "coordinates": [2.3310346, 6.711125]}, "properties": {"kind": "OUT_OF_SCOPE"}}, {"type": "Feature", "geometry": {"type": "Point", "coordinates": [2.3304517, 6.71284]}, "properties": {"kind": "OUT_OF_SCOPE"}}, {"type": "Feature", "geometry": {"type": "Point", "coordinates": [2.3290958, 6.7113603]}, "properties": {"kind": "OUT_OF_SCOPE"}}, {"type": "Feature", "geometry": {"type": "Point", "coordinates": [2.3369413, 6.7131294]}, "properties": {"kind": "OUT_OF_SCOPE"}}, {"type": "Feature", "geometry": {"type": "Point", "coordinates": [2.3329203, 6.7135783]}, "properties": {"kind": "OUT_OF_SCOPE"}}, {"type": "Feature", "geometry": {"type": "Point", "coordinates": [2.328145, 6.7140922]}, "properties": {"kind": "OUT_OF_SCOPE"}}, {"type": "Feature", "geometry": {"type": "Point", "coordinates": [2.3248534, 6.7134483]}, "properties": {"kind": "OUT_OF_SCOPE"}}, {"type": "Feature", "geometry": {"type": "Point", "coordinates": [2.3369112, 6.716352]}, "properties": {"kind": "OUT_OF_SCOPE"}}, {"type": "Feature", "geometry": {"type": "Point", "coordinates": [2.3348526, 6.7166103]}, "properties": {"kind": "OUT_OF_SCOPE"}}, {"type": "Feature", "geometry": {"type": "Point", "coordinates": [2.3325383, 6.7184096]}, "properties": {"kind": "OUT_OF_SCOPE"}}, {"type": "Feature", "geometry": {"type": "Point", "coordinates": [2.3311938, 6.7207868]}, "properties": {"kind": "OUT_OF_SCOPE"}}, {"type": "Feature", "geometry": {"type": "Point", "coordinates": [2.3212049, 6.7129538]}, "properties": {"kind": "OUT_OF_SCOPE"}}, {"type": "Feature", "geometry": {"type": "Point", "coordinates": [2.3377405, 6.7214272]}, "properties": {"kind": "OUT_OF_SCOPE"}}, {"type": "Feature", "geometry": {"type": "Point", "coordinates": [2.3427811, 6.7988931]}, "properties": {"kind": "OUT_OF_SCOPE"}}, {"type": "Feature", "geometry": {"type": "Point", "coordinates": [2.3418007, 6.8002287]}, "properties": {"kind": "OUT_OF_SCOPE"}}, {"type": "Feature", "geometry": {"type": "Point", "coordinates": [2.3456431, 6.7993771]}, "properties": {"kind": "OUT_OF_SCOPE"}}, {"type": "Feature", "geometry": {"type": "Point", "coordinates": [2.3481496, 6.8007842]}, "properties": {"kind": "OUT_OF_SCOPE"}}, {"type": "Feature", "geometry": {"type": "Point", "coordinates": [2.3497586, 6.8015598]}, "properties": {"kind": "OUT_OF_SCOPE"}}, {"type": "Feature", "geometry": {"type": "Point", "coordinates": [2.3521396, 6.8013131]}, "properties": {"kind": "OUT_OF_SCOPE"}}, {"type": "Feature", "geometry": {"type": "Point", "coordinates": [2.5154261, 6.7841701]}, "properties": {"kind": "OUT_OF_SCOPE"}}, {"type": "Feature", "geometry": {"type": "Point", "coordinates": [2.5022106, 6.7943568]}, "properties": {"kind": "OUT_OF_SCOPE"}}, {"type": "Feature", "geometry": {"type": "Point", "coordinates": [2.4961173, 6.7799275]}, "properties": {"kind": "OUT_OF_SCOPE"}}, {"type": "Feature", "geometry": {"type": "Point", "coordinates": [2.5097685, 6.6509779]}, "properties": {"kind": "OUT_OF_SCOPE"}}, {"type": "Feature", "geometry": {"type": "Point", "coordinates": [2.504679, 6.6563808]}, "properties": {"kind": "OUT_OF_SCOPE"}}, {"type": "Feature", "geometry": {"type": "Point", "coordinates": [2.5008447, 6.6618782]}, "properties": {"kind": "OUT_OF_SCOPE"}}, {"type": "Feature", "geometry": {"type": "Point", "coordinates": [2.4974906, 6.6687636]}, "properties": {"kind": "OUT_OF_SCOPE"}}, {"type": "Feature", "geometry": {"type": "Point", "coordinates": [2.4976095, 6.6713692]}, "properties": {"kind": "OUT_OF_SCOPE"}}, {"type": "Feature", "geometry": {"type": "Point", "coordinates": [2.4999462, 6.6741569]}, "properties": {"kind": "OUT_OF_SCOPE"}}, {"type": "Feature", "geometry": {"type": "Point", "coordinates": [2.5014489, 6.6767129]}, "properties": {"kind": "OUT_OF_SCOPE"}}, {"type": "Feature", "geometry": {"type": "Point", "coordinates": [2.5015596, 6.678783]}, "properties": {"kind": "OUT_OF_SCOPE"}}, {"type": "Feature", "geometry": {"type": "Point", "coordinates": [2.4994513, 6.6812498]}, "properties": {"kind": "OUT_OF_SCOPE"}}, {"type": "Feature", "geometry": {"type": "Point", "coordinates": [2.5004183, 6.6841362]}, "properties": {"kind": "OUT_OF_SCOPE"}}, {"type": "Feature", "geometry": {"type": "Point", "coordinates": [2.4970992, 6.6977665]}, "properties": {"kind": "OUT_OF_SCOPE"}}, {"type": "Feature", "geometry": {"type": "Point", "coordinates": [2.4891114, 6.7081581]}, "properties": {"kind": "OUT_OF_SCOPE"}}, {"type": "Feature", "geometry": {"type": "Point", "coordinates": [2.4839676, 6.7118248]}, "properties": {"kind": "OUT_OF_SCOPE"}}, {"type": "Feature", "geometry": {"type": "Point", "coordinates": [2.5295672, 6.6627487]}, "properties": {"kind": "OUT_OF_SCOPE"}}, {"type": "Feature", "geometry": {"type": "Point", "coordinates": [2.5257022, 6.6641784]}, "properties": {"kind": "OUT_OF_SCOPE"}}, {"type": "Feature", "geometry": {"type": "Point", "coordinates": [2.5189631, 6.6665536]}, "properties": {"kind": "OUT_OF_SCOPE"}}, {"type": "Feature", "geometry": {"type": "Point", "coordinates": [2.5153528, 6.6669873]}, "properties": {"kind": "OUT_OF_SCOPE"}}, {"type": "Feature", "geometry": {"type": "Point", "coordinates": [2.5091904, 6.666567]}, "properties": {"kind": "OUT_OF_SCOPE"}}, {"type": "Feature", "geometry": {"type": "Point", "coordinates": [2.5045422, 6.6662193]}, "properties": {"kind": "OUT_OF_SCOPE"}}, {"type": "Feature", "geometry": {"type": "Point", "coordinates": [2.4992634, 6.7086978]}, "properties": {"kind": "OUT_OF_SCOPE"}}, {"type": "Feature", "geometry": {"type": "Point", "coordinates": [2.5231212, 6.7171075]}, "properties": {"kind": "OUT_OF_SCOPE"}}, {"type": "Feature", "geometry": {"type": "Point", "coordinates": [2.5361376, 6.7162019]}, "properties": {"kind": "OUT_OF_SCOPE"}}, {"type": "Feature", "geometry": {"type": "Point", "coordinates": [2.5301358, 6.6848529]}, "properties": {"kind": "OUT_OF_SCOPE"}}, {"type": "Feature", "geometry": {"type": "Point", "coordinates": [2.5245649, 6.6794756]}, "properties": {"kind": "OUT_OF_SCOPE"}}, {"type": "Feature", "geometry": {"type": "Point", "coordinates": [2.5076884, 6.6727729]}, "properties": {"kind": "OUT_OF_SCOPE"}}, {"type": "Feature", "geometry": {"type": "Point", "coordinates": [2.4989498, 6.6698371]}, "properties": {"kind": "OUT_OF_SCOPE"}}, {"type": "Feature", "geometry": {"type": "Point", "coordinates": [2.5045324, 6.701178]}, "properties": {"kind": "OUT_OF_SCOPE"}}, {"type": "Feature", "geometry": {"type": "Point", "coordinates": [2.520555, 6.6449036]}, "properties": {"kind": "OUT_OF_SCOPE"}}, {"type": "Feature", "geometry": {"type": "Point", "coordinates": [2.5175918, 6.6397803]}, "properties": {"kind": "OUT_OF_SCOPE"}}, {"type": "Feature", "geometry": {"type": "Point", "coordinates": [2.5157176, 6.6359079]}, "properties": {"kind": "OUT_OF_SCOPE"}}, {"type": "Feature", "geometry": {"type": "Point", "coordinates": [2.5109453, 6.6322845]}, "properties": {"kind": "OUT_OF_SCOPE"}}, {"type": "Feature", "geometry": {"type": "Point", "coordinates": [2.5082168, 6.631412]}, "properties": {"kind": "OUT_OF_SCOPE"}}, {"type": "Feature", "geometry": {"type": "Point", "coordinates": [2.5060733, 6.63251]}, "properties": {"kind": "OUT_OF_SCOPE"}}, {"type": "Feature", "geometry": {"type": "Point", "coordinates": [2.5043859, 6.6372935]}, "properties": {"kind": "OUT_OF_SCOPE"}}, {"type": "Feature", "geometry": {"type": "Point", "coordinates": [2.5038912, 6.6426259]}, "properties": {"kind": "OUT_OF_SCOPE"}}, {"type": "Feature", "geometry": {"type": "Point", "coordinates": [2.5031555, 6.6478902]}, "properties": {"kind": "OUT_OF_SCOPE"}}, {"type": "Feature", "geometry": {"type": "Point", "coordinates": [2.5016776, 6.6505916]}, "properties": {"kind": "OUT_OF_SCOPE"}}, {"type": "Feature", "geometry": {"type": "Point", "coordinates": [2.5000732, 6.6536241]}, "properties": {"kind": "OUT_OF_SCOPE"}}, {"type": "Feature", "geometry": {"type": "Point", "coordinates": [2.4972117, 6.6572839]}, "properties": {"kind": "OUT_OF_SCOPE"}}, {"type": "Feature", "geometry": {"type": "Point", "coordinates": [2.2884554, 6.5978278]}, "properties": {"kind": "OUT_OF_SCOPE"}}, {"type": "Feature", "geometry": {"type": "Point", "coordinates": [2.2851884, 6.5969405]}, "properties": {"kind": "OUT_OF_SCOPE"}}, {"type": "Feature", "geometry": {"type": "Point", "coordinates": [2.2822401, 6.5973293]}, "properties": {"kind": "OUT_OF_SCOPE"}}, {"type": "Feature", "geometry": {"type": "Point", "coordinates": [2.3191412, 6.593578]}, "properties": {"kind": "OUT_OF_SCOPE"}}, {"type": "Feature", "geometry": {"type": "Point", "coordinates": [2.3172824, 6.5939576]}, "properties": {"kind": "OUT_OF_SCOPE"}}, {"type": "Feature", "geometry": {"type": "Point", "coordinates": [2.3088455, 6.5995796]}, "properties": {"kind": "OUT_OF_SCOPE"}}, {"type": "Feature", "geometry": {"type": "Point", "coordinates": [2.305704, 6.5996462]}, "properties": {"kind": "OUT_OF_SCOPE"}}, {"type": "Feature", "geometry": {"type": "Point", "coordinates": [2.3031914, 6.6014627]}, "properties": {"kind": "OUT_OF_SCOPE"}}, {"type": "Feature", "geometry": {"type": "Point", "coordinates": [2.3025262, 6.6033924]}, "properties": {"kind": "OUT_OF_SCOPE"}}, {"type": "Feature", "geometry": {"type": "Point", "coordinates": [2.2749424, 6.597087]}, "properties": {"kind": "OUT_OF_SCOPE"}}, {"type": "Feature", "geometry": {"type": "Point", "coordinates": [2.3107097, 6.6004149]}, "properties": {"kind": "OUT_OF_SCOPE"}}, {"type": "Feature", "geometry": {"type": "Point", "coordinates": [2.3111249, 6.6041113]}, "properties": {"kind": "OUT_OF_SCOPE"}}, {"type": "Feature", "geometry": {"type": "Point", "coordinates": [2.2832344, 6.5960945]}, "properties": {"kind": "OUT_OF_SCOPE"}}, {"type": "Feature", "geometry": {"type": "Point", "coordinates": [2.280744, 6.5940069]}, "properties": {"kind": "OUT_OF_SCOPE"}}, {"type": "Feature", "geometry": {"type": "Point", "coordinates": [2.2778901, 6.5913838]}, "properties": {"kind": "OUT_OF_SCOPE"}}, {"type": "Feature", "geometry": {"type": "Point", "coordinates": [2.3051135, 6.690643]}, "properties": {"kind": "OUT_OF_SCOPE"}}, {"type": "Feature", "geometry": {"type": "Point", "coordinates": [2.3046146, 6.6869055]}, "properties": {"kind": "OUT_OF_SCOPE"}}, {"type": "Feature", "geometry": {"type": "Point", "coordinates": [2.2366671, 6.6498088]}, "properties": {"kind": "OUT_OF_SCOPE"}}, {"type": "Feature", "geometry": {"type": "Point", "coordinates": [2.2341916, 6.6518677]}, "properties": {"kind": "OUT_OF_SCOPE"}}, {"type": "Feature", "geometry": {"type": "Point", "coordinates": [2.2320592, 6.6486681]}, "properties": {"kind": "OUT_OF_SCOPE"}}, {"type": "Feature", "geometry": {"type": "Point", "coordinates": [2.2356749, 6.6489212]}, "properties": {"kind": "OUT_OF_SCOPE"}}, {"type": "Feature", "geometry": {"type": "Point", "coordinates": [2.238296, 6.649143]}, "properties": {"kind": "OUT_OF_SCOPE"}}, {"type": "Feature", "geometry": {"type": "Point", "coordinates": [2.2916799, 6.6724798]}, "properties": {"kind": "OUT_OF_SCOPE"}}, {"type": "Feature", "geometry": {"type": "Point", "coordinates": [2.2445502, 6.7043938]}, "properties": {"kind": "OUT_OF_SCOPE"}}, {"type": "Feature", "geometry": {"type": "Point", "coordinates": [2.2617262, 6.7619596]}, "properties": {"kind": "OUT_OF_SCOPE"}}, {"type": "Feature", "geometry": {"type": "Point", "coordinates": [2.2566105, 6.7048786]}, "properties": {"kind": "OUT_OF_SCOPE"}}, {"type": "Feature", "geometry": {"type": "Point", "coordinates": [2.2806564, 6.7520249]}, "properties": {"kind": "OUT_OF_SCOPE"}}, {"type": "Feature", "geometry": {"type": "Point", "coordinates": [2.2461052, 6.7023865]}, "properties": {"kind": "OUT_OF_SCOPE"}}, {"type": "Feature", "geometry": {"type": "Point", "coordinates": [2.2415022, 6.6929847]}, "properties": {"kind": "OUT_OF_SCOPE"}}, {"type": "Feature", "geometry": {"type": "Point", "coordinates": [2.2663313, 6.7623071]}, "properties": {"kind": "OUT_OF_SCOPE"}}, {"type": "Feature", "geometry": {"type": "Point", "coordinates": [2.2670177, 6.7248952]}, "properties": {"kind": "OUT_OF_SCOPE"}}, {"type": "Feature", "geometry": {"type": "Point", "coordinates": [2.4967047, 6.6700529]}, "properties": {"kind": "OUT_OF_SCOPE"}}, {"type": "Feature", "geometry": {"type": "Point", "coordinates": [2.492888, 6.6703088]}, "properties": {"kind": "OUT_OF_SCOPE"}}, {"type": "Feature", "geometry": {"type": "Point", "coordinates": [2.4907239, 6.6708509]}, "properties": {"kind": "OUT_OF_SCOPE"}}, {"type": "Feature", "geometry": {"type": "Point", "coordinates": [2.4898884, 6.6695028]}, "properties": {"kind": "OUT_OF_SCOPE"}}, {"type": "Feature", "geometry": {"type": "Point", "coordinates": [2.4886581, 6.6679283]}, "properties": {"kind": "OUT_OF_SCOPE"}}, {"type": "Feature", "geometry": {"type": "Point", "coordinates": [2.5044667, 6.7357866]}, "properties": {"kind": "OUT_OF_SCOPE"}}, {"type": "Feature", "geometry": {"type": "Point", "coordinates": [2.5020987, 6.7367616]}, "properties": {"kind": "OUT_OF_SCOPE"}}, {"type": "Feature", "geometry": {"type": "Point", "coordinates": [2.4991509, 6.7368708]}, "properties": {"kind": "OUT_OF_SCOPE"}}, {"type": "Feature", "geometry": {"type": "Point", "coordinates": [2.4956617, 6.7380234]}, "properties": {"kind": "OUT_OF_SCOPE"}}, {"type": "Feature", "geometry": {"type": "Point", "coordinates": [2.4933967, 6.7384954]}, "properties": {"kind": "OUT_OF_SCOPE"}}, {"type": "Feature", "geometry": {"type": "Point", "coordinates": [2.4839869, 6.6936678]}, "properties": {"kind": "OUT_OF_SCOPE"}}, {"type": "Feature", "geometry": {"type": "Point", "coordinates": [2.4975604, 6.6914608]}, "properties": {"kind": "OUT_OF_SCOPE"}}, {"type": "Feature", "geometry": {"type": "Point", "coordinates": [2.4801207, 6.6806637]}, "properties": {"kind": "OUT_OF_SCOPE"}}, {"type": "Feature", "geometry": {"type": "Point", "coordinates": [2.4778758, 6.6966606]}, "properties": {"kind": "OUT_OF_SCOPE"}}, {"type": "Feature", "geometry": {"type": "Point", "coordinates": [2.5044429, 6.6787377]}, "properties": {"kind": "OUT_OF_SCOPE"}}, {"type": "Feature", "geometry": {"type": "Point", "coordinates": [2.5070071, 6.6816414]}, "properties": {"kind": "OUT_OF_SCOPE"}}, {"type": "Feature", "geometry": {"type": "Point", "coordinates": [2.5067322, 6.6855268]}, "properties": {"kind": "OUT_OF_SCOPE"}}, {"type": "Feature", "geometry": {"type": "Point", "coordinates": [2.505861, 6.6883322]}, "properties": {"kind": "OUT_OF_SCOPE"}}, {"type": "Feature", "geometry": {"type": "Point", "coordinates": [2.5032923, 6.6901968]}, "properties": {"kind": "OUT_OF_SCOPE"}}, {"type": "Feature", "geometry": {"type": "Point", "coordinates": [2.5000441, 6.6919962]}, "properties": {"kind": "OUT_OF_SCOPE"}}, {"type": "Feature", "geometry": {"type": "Point", "coordinates": [2.4939904, 6.6673538]}, "properties": {"kind": "OUT_OF_SCOPE"}}, {"type": "Feature", "geometry": {"type": "Point", "coordinates": [2.4918406, 6.6668307]}, "properties": {"kind": "OUT_OF_SCOPE"}}, {"type": "Feature", "geometry": {"type": "Point", "coordinates": [2.4940386, 6.6637071]}, "properties": {"kind": "OUT_OF_SCOPE"}}, {"type": "Feature", "geometry": {"type": "Point", "coordinates": [2.496694, 6.6606567]}, "properties": {"kind": "OUT_OF_SCOPE"}}, {"type": "Feature", "geometry": {"type": "Point", "coordinates": [2.5006772, 6.6566752]}, "properties": {"kind": "OUT_OF_SCOPE"}}, {"type": "Feature", "geometry": {"type": "Point", "coordinates": [2.5051483, 6.6534662]}, "properties": {"kind": "OUT_OF_SCOPE"}}, {"type": "Feature", "geometry": {"type": "Point", "coordinates": [2.4810514, 6.6929992]}, "properties": {"kind": "OUT_OF_SCOPE"}}, {"type": "Feature", "geometry": {"type": "Point", "coordinates": [2.4830503, 6.7055502]}, "properties": {"kind": "OUT_OF_SCOPE"}}, {"type": "Feature", "geometry": {"type": "Point", "coordinates": [2.4850908, 6.6690139]}, "properties": {"kind": "OUT_OF_SCOPE"}}, {"type": "Feature", "geometry": {"type": "Point", "coordinates": [2.481211, 6.6715927]}, "properties": {"kind": "OUT_OF_SCOPE"}}, {"type": "Feature", "geometry": {"type": "Point", "coordinates": [2.479517, 6.6741304]}, "properties": {"kind": "OUT_OF_SCOPE"}}, {"type": "Feature", "geometry": {"type": "Point", "coordinates": [2.4795544, 6.6771212]}, "properties": {"kind": "OUT_OF_SCOPE"}}, {"type": "Feature", "geometry": {"type": "Point", "coordinates": [2.4800831, 6.6799884]}, "properties": {"kind": "OUT_OF_SCOPE"}}, {"type": "Feature", "geometry": {"type": "Point", "coordinates": [2.4781815, 6.6731829]}, "properties": {"kind": "OUT_OF_SCOPE"}}, {"type": "Feature", "geometry": {"type": "Point", "coordinates": [2.4742372, 6.671329]}, "properties": {"kind": "OUT_OF_SCOPE"}}, {"type": "Feature", "geometry": {"type": "Point", "coordinates": [2.4708511, 6.6689658]}, "properties": {"kind": "OUT_OF_SCOPE"}}, {"type": "Feature", "geometry": {"type": "Point", "coordinates": [2.4690606, 6.6681237]}, "properties": {"kind": "OUT_OF_SCOPE"}}, {"type": "Feature", "geometry": {"type": "Point", "coordinates": [2.468217, 6.6664551]}, "properties": {"kind": "OUT_OF_SCOPE"}}, {"type": "Feature", "geometry": {"type": "Point", "coordinates": [2.4704336, 6.66445]}, "properties": {"kind": "OUT_OF_SCOPE"}}, {"type": "Feature", "geometry": {"type": "Point", "coordinates": [2.4728546, 6.6635872]}, "properties": {"kind": "OUT_OF_SCOPE"}}, {"type": "Feature", "geometry": {"type": "Point", "coordinates": [2.4752499, 6.6633232]}, "properties": {"kind": "OUT_OF_SCOPE"}}, {"type": "Feature", "geometry": {"type": "Point", "coordinates": [2.4768537, 6.6626761]}, "properties": {"kind": "OUT_OF_SCOPE"}}, {"type": "Feature", "geometry": {"type": "Point", "coordinates": [2.4822976, 6.6624206]}, "properties": {"kind": "OUT_OF_SCOPE"}}, {"type": "Feature", "geometry": {"type": "Point", "coordinates": [2.4777254, 6.6591062]}, "properties": {"kind": "OUT_OF_SCOPE"}}, {"type": "Feature", "geometry": {"type": "Point", "coordinates": [2.4755864, 6.6552752]}, "properties": {"kind": "OUT_OF_SCOPE"}}, {"type": "Feature", "geometry": {"type": "Point", "coordinates": [2.4760732, 6.65306]}, "properties": {"kind": "OUT_OF_SCOPE"}}, {"type": "Feature", "geometry": {"type": "Point", "coordinates": [2.4781304, 6.6479797]}, "properties": {"kind": "OUT_OF_SCOPE"}}, {"type": "Feature", "geometry": {"type": "Point", "coordinates": [2.4776423, 6.6432571]}, "properties": {"kind": "OUT_OF_SCOPE"}}, {"type": "Feature", "geometry": {"type": "Point", "coordinates": [2.4767759, 6.6364181]}, "properties": {"kind": "OUT_OF_SCOPE"}}, {"type": "Feature", "geometry": {"type": "Point", "coordinates": [2.4775994, 6.6326189]}, "properties": {"kind": "OUT_OF_SCOPE"}}, {"type": "Feature", "geometry": {"type": "Point", "coordinates": [2.4765768, 6.6296732]}, "properties": {"kind": "OUT_OF_SCOPE"}}, {"type": "Feature", "geometry": {"type": "Point", "coordinates": [2.4707953, 6.6276787]}, "properties": {"kind": "OUT_OF_SCOPE"}}, {"type": "Feature", "geometry": {"type": "Point", "coordinates": [2.4678737, 6.6266576]}, "properties": {"kind": "OUT_OF_SCOPE"}}, {"type": "Feature", "geometry": {"type": "Point", "coordinates": [2.4864131, 6.7381973]}, "properties": {"kind": "OUT_OF_SCOPE"}}, {"type": "Feature", "geometry": {"type": "Point", "coordinates": [2.4780285, 6.7253369]}, "properties": {"kind": "OUT_OF_SCOPE"}}, {"type": "Feature", "geometry": {"type": "Point", "coordinates": [2.489448, 6.6671584]}, "properties": {"kind": "OUT_OF_SCOPE"}}, {"type": "Feature", "geometry": {"type": "Point", "coordinates": [2.4816773, 6.6745926]}, "properties": {"kind": "OUT_OF_SCOPE"}}, {"type": "Feature", "geometry": {"type": "Point", "coordinates": [2.4984602, 6.6516773]}, "properties": {"kind": "OUT_OF_SCOPE"}}, {"type": "Feature", "geometry": {"type": "Point", "coordinates": [2.4749413, 6.6539564]}, "properties": {"kind": "OUT_OF_SCOPE"}}, {"type": "Feature", "geometry": {"type": "Point", "coordinates": [2.4734568, 6.6533129]}, "properties": {"kind": "OUT_OF_SCOPE"}}, {"type": "Feature", "geometry": {"type": "Point", "coordinates": [2.4818718, 6.7221066]}, "properties": {"kind": "OUT_OF_SCOPE"}}, {"type": "Feature", "geometry": {"type": "Point", "coordinates": [2.5070929, 6.734327]}, "properties": {"kind": "OUT_OF_SCOPE"}}, {"type": "Feature", "geometry": {"type": "Point", "coordinates": [2.5172142, 6.7375841]}, "properties": {"kind": "OUT_OF_SCOPE"}}, {"type": "Feature", "geometry": {"type": "Point", "coordinates": [2.5219873, 6.7386928]}, "properties": {"kind": "OUT_OF_SCOPE"}}, {"type": "Feature", "geometry": {"type": "Point", "coordinates": [2.4955326, 6.6671411]}, "properties": {"kind": "OUT_OF_SCOPE"}}, {"type": "Feature", "geometry": {"type": "Point", "coordinates": [2.4879021, 6.7185474]}, "properties": {"kind": "OUT_OF_SCOPE"}}, {"type": "Feature", "geometry": {"type": "Point", "coordinates": [2.4838032, 6.7398335]}, "properties": {"kind": "OUT_OF_SCOPE"}}, {"type": "Feature", "geometry": {"type": "Point", "coordinates": [2.4763508, 6.6742488]}, "properties": {"kind": "OUT_OF_SCOPE"}}, {"type": "Feature", "geometry": {"type": "Point", "coordinates": [2.4752927, 6.6764413]}, "properties": {"kind": "OUT_OF_SCOPE"}}, {"type": "Feature", "geometry": {"type": "Point", "coordinates": [2.3976939, 6.6875705]}, "properties": {"kind": "OUT_OF_SCOPE"}}, {"type": "Feature", "geometry": {"type": "Point", "coordinates": [2.3937331, 6.7001569]}, "properties": {"kind": "OUT_OF_SCOPE"}}, {"type": "Feature", "geometry": {"type": "Point", "coordinates": [2.4054024, 6.694551]}, "properties": {"kind": "OUT_OF_SCOPE"}}, {"type": "Feature", "geometry": {"type": "Point", "coordinates": [2.4075347, 6.6943272]}, "properties": {"kind": "OUT_OF_SCOPE"}}, {"type": "Feature", "geometry": {"type": "Point", "coordinates": [2.4093908, 6.6942926]}, "properties": {"kind": "OUT_OF_SCOPE"}}, {"type": "Feature", "geometry": {"type": "Point", "coordinates": [2.3987311, 6.6865109]}, "properties": {"kind": "OUT_OF_SCOPE"}}, {"type": "Feature", "geometry": {"type": "Point", "coordinates": [2.4737236, 6.7687435]}, "properties": {"kind": "OUT_OF_SCOPE"}}, {"type": "Feature", "geometry": {"type": "Point", "coordinates": [2.4780956, 6.7681921]}, "properties": {"kind": "OUT_OF_SCOPE"}}, {"type": "Feature", "geometry": {"type": "Point", "coordinates": [2.4833286, 6.7685064]}, "properties": {"kind": "OUT_OF_SCOPE"}}, {"type": "Feature", "geometry": {"type": "Point", "coordinates": [2.5007318, 6.7708933]}, "properties": {"kind": "OUT_OF_SCOPE"}}, {"type": "Feature", "geometry": {"type": "Point", "coordinates": [2.5158772, 6.7664577]}, "properties": {"kind": "OUT_OF_SCOPE"}}, {"type": "Feature", "geometry": {"type": "Point", "coordinates": [2.483369, 6.7561008]}, "properties": {"kind": "OUT_OF_SCOPE"}}, {"type": "Feature", "geometry": {"type": "Point", "coordinates": [2.4985303, 6.7612881]}, "properties": {"kind": "OUT_OF_SCOPE"}}, {"type": "Feature", "geometry": {"type": "Point", "coordinates": [2.5047759, 6.7657813]}, "properties": {"kind": "OUT_OF_SCOPE"}}, {"type": "Feature", "geometry": {"type": "Point", "coordinates": [2.5053215, 6.771512]}, "properties": {"kind": "OUT_OF_SCOPE"}}, {"type": "Feature", "geometry": {"type": "Point", "coordinates": [2.4756506, 6.7916039]}, "properties": {"kind": "OUT_OF_SCOPE"}}, {"type": "Feature", "geometry": {"type": "Point", "coordinates": [2.4784405, 6.7521835]}, "properties": {"kind": "OUT_OF_SCOPE"}}, {"type": "Feature", "geometry": {"type": "Point", "coordinates": [2.4967651, 6.3742336]}, "properties": {"kind": "OUT_OF_SCOPE"}}, {"type": "Feature", "geometry": {"type": "Point", "coordinates": [2.4957217, 6.3759663]}, "properties": {"kind": "OUT_OF_SCOPE"}}, {"type": "Feature", "geometry": {"type": "Point", "coordinates": [2.4985608, 6.374992]}, "properties": {"kind": "OUT_OF_SCOPE"}}, {"type": "Feature", "geometry": {"type": "Point", "coordinates": [2.4989565, 6.3726889]}, "properties": {"kind": "OUT_OF_SCOPE"}}, {"type": "Feature", "geometry": {"type": "Point", "coordinates": [2.4961882, 6.3783304]}, "properties": {"kind": "OUT_OF_SCOPE"}}, {"type": "Feature", "geometry": {"type": "Point", "coordinates": [2.4924908, 6.3777906]}, "properties": {"kind": "OUT_OF_SCOPE"}}, {"type": "Feature", "geometry": {"type": "Point", "coordinates": [2.4960235, 6.3752692]}, "properties": {"kind": "OUT_OF_SCOPE"}}, {"type": "Feature", "geometry": {"type": "Point", "coordinates": [2.4921745, 6.3760809]}, "properties": {"kind": "OUT_OF_SCOPE"}}, {"type": "Feature", "geometry": {"type": "Point", "coordinates": [2.4933306, 6.3747102]}, "properties": {"kind": "OUT_OF_SCOPE"}}, {"type": "Feature", "geometry": {"type": "Point", "coordinates": [2.4954828, 6.3809706]}, "properties": {"kind": "OUT_OF_SCOPE"}}, {"type": "Feature", "geometry": {"type": "Point", "coordinates": [2.5009615, 6.3759817]}, "properties": {"kind": "OUT_OF_SCOPE"}}, {"type": "Feature", "geometry": {"type": "Point", "coordinates": [2.5054407, 6.3757071]}, "properties": {"kind": "OUT_OF_SCOPE"}}, {"type": "Feature", "geometry": {"type": "Point", "coordinates": [2.5105074, 6.3764887]}, "properties": {"kind": "OUT_OF_SCOPE"}}, {"type": "Feature", "geometry": {"type": "Point", "coordinates": [2.5149148, 6.376972]}, "properties": {"kind": "OUT_OF_SCOPE"}}, {"type": "Feature", "geometry": {"type": "Point", "coordinates": [2.4948956, 6.3813042]}, "properties": {"kind": "OUT_OF_SCOPE"}}, {"type": "Feature", "geometry": {"type": "Point", "coordinates": [2.4938912, 6.3797109]}, "properties": {"kind": "OUT_OF_SCOPE"}}, {"type": "Feature", "geometry": {"type": "Point", "coordinates": [2.4933198, 6.3793203]}, "properties": {"kind": "OUT_OF_SCOPE"}}, {"type": "Feature", "geometry": {"type": "Point", "coordinates": [2.4990869, 6.5814446]}, "properties": {"kind": "OUT_OF_SCOPE"}}, {"type": "Feature", "geometry": {"type": "Point", "coordinates": [2.4994409, 6.5818803]}, "properties": {"kind": "OUT_OF_SCOPE"}}, {"type": "Feature", "geometry": {"type": "Point", "coordinates": [2.4997038, 6.5823485]}, "properties": {"kind": "OUT_OF_SCOPE"}}, {"type": "Feature", "geometry": {"type": "Point", "coordinates": [2.5000049, 6.582627]}, "properties": {"kind": "OUT_OF_SCOPE"}}, {"type": "Feature", "geometry": {"type": "Point", "coordinates": [2.500424, 6.5828701]}, "properties": {"kind": "OUT_OF_SCOPE"}}, {"type": "Feature", "geometry": {"type": "Point", "coordinates": [2.5007787, 6.5830633]}, "properties": {"kind": "OUT_OF_SCOPE"}}, {"type": "Feature", "geometry": {"type": "Point", "coordinates": [2.5011716, 6.583068]}, "properties": {"kind": "OUT_OF_SCOPE"}}, {"type": "Feature", "geometry": {"type": "Point", "coordinates": [2.5015049, 6.5831139]}, "properties": {"kind": "OUT_OF_SCOPE"}}, {"type": "Feature", "geometry": {"type": "Point", "coordinates": [2.5017409, 6.5833298]}, "properties": {"kind": "OUT_OF_SCOPE"}}, {"type": "Feature", "geometry": {"type": "Point", "coordinates": [2.5019522, 6.5835762]}, "properties": {"kind": "OUT_OF_SCOPE"}}, {"type": "Feature", "geometry": {"type": "Point", "coordinates": [2.5021527, 6.583902]}, "properties": {"kind": "OUT_OF_SCOPE"}}, {"type": "Feature", "geometry": {"type": "Point", "coordinates": [2.5021372, 6.584279]}, "properties": {"kind": "OUT_OF_SCOPE"}}, {"type": "Feature", "geometry": {"type": "Point", "coordinates": [2.5019951, 6.5846827]}, "properties": {"kind": "OUT_OF_SCOPE"}}, {"type": "Feature", "geometry": {"type": "Point", "coordinates": [2.501873, 6.5849758]}, "properties": {"kind": "OUT_OF_SCOPE"}}, {"type": "Feature", "geometry": {"type": "Point", "coordinates": [2.5016015, 6.5853235]}, "properties": {"kind": "OUT_OF_SCOPE"}}, {"type": "Feature", "geometry": {"type": "Point", "coordinates": [2.5013802, 6.5857571]}, "properties": {"kind": "OUT_OF_SCOPE"}}, {"type": "Feature", "geometry": {"type": "Point", "coordinates": [2.5006734, 6.5855032]}, "properties": {"kind": "OUT_OF_SCOPE"}}, {"type": "Feature", "geometry": {"type": "Point", "coordinates": [2.4990111, 6.5847211]}, "properties": {"kind": "OUT_OF_SCOPE"}}, {"type": "Feature", "geometry": {"type": "Point", "coordinates": [2.4976935, 6.5841669]}, "properties": {"kind": "OUT_OF_SCOPE"}}, {"type": "Feature", "geometry": {"type": "Point", "coordinates": [2.4872151, 6.5790164]}, "properties": {"kind": "OUT_OF_SCOPE"}}, {"type": "Feature", "geometry": {"type": "Point", "coordinates": [2.476678, 6.57278]}, "properties": {"kind": "OUT_OF_SCOPE"}}, {"type": "Feature", "geometry": {"type": "Point", "coordinates": [2.4697137, 6.5664742]}, "properties": {"kind": "OUT_OF_SCOPE"}}, {"type": "Feature", "geometry": {"type": "Point", "coordinates": [2.4667887, 6.5633993]}, "properties": {"kind": "OUT_OF_SCOPE"}}, {"type": "Feature", "geometry": {"type": "Point", "coordinates": [2.4621566, 6.5579208]}, "properties": {"kind": "OUT_OF_SCOPE"}}, {"type": "Feature", "geometry": {"type": "Point", "coordinates": [2.4596715, 6.5562034]}, "properties": {"kind": "OUT_OF_SCOPE"}}, {"type": "Feature", "geometry": {"type": "Point", "coordinates": [2.4589634, 6.5550389]}, "properties": {"kind": "OUT_OF_SCOPE"}}, {"type": "Feature", "geometry": {"type": "Point", "coordinates": [2.4973176, 6.583387]}, "properties": {"kind": "OUT_OF_SCOPE"}}, {"type": "Feature", "geometry": {"type": "Point", "coordinates": [2.1780363, 6.3823457]}, "properties": {"kind": "OUT_OF_SCOPE"}}, {"type": "Feature", "geometry": {"type": "Point", "coordinates": [2.1897387, 6.3835178]}, "properties": {"kind": "OUT_OF_SCOPE"}}, {"type": "Feature", "geometry": {"type": "Point", "coordinates": [2.2033109, 6.3847881]}, "properties": {"kind": "OUT_OF_SCOPE"}}, {"type": "Feature", "geometry": {"type": "Point", "coordinates": [2.2084598, 6.3852346]}, "properties": {"kind": "OUT_OF_SCOPE"}}, {"type": "Feature", "geometry": {"type": "Point", "coordinates": [2.2156607, 6.3855286]}, "properties": {"kind": "OUT_OF_SCOPE"}}, {"type": "Feature", "geometry": {"type": "Point", "coordinates": [2.2073038, 6.3951277]}, "properties": {"kind": "OUT_OF_SCOPE"}}, {"type": "Feature", "geometry": {"type": "Point", "coordinates": [2.4128468, 6.3438564]}, "properties": {"kind": "OUT_OF_SCOPE"}}, {"type": "Feature", "geometry": {"type": "Point", "coordinates": [2.4879136, 6.370363]}, "properties": {"kind": "OUT_OF_SCOPE"}}, {"type": "Feature", "geometry": {"type": "Point", "coordinates": [2.4910633, 6.3712986]}, "properties": {"kind": "OUT_OF_SCOPE"}}, {"type": "Feature", "geometry": {"type": "Point", "coordinates": [2.4980204, 6.3651851]}, "properties": {"kind": "OUT_OF_SCOPE"}}, {"type": "Feature", "geometry": {"type": "Point", "coordinates": [2.5009695, 6.3639135]}, "properties": {"kind": "OUT_OF_SCOPE"}}, {"type": "Feature", "geometry": {"type": "Point", "coordinates": [2.4997611, 6.3658388]}, "properties": {"kind": "OUT_OF_SCOPE"}}, {"type": "Feature", "geometry": {"type": "Point", "coordinates": [2.498878, 6.3613004]}, "properties": {"kind": "OUT_OF_SCOPE"}}, {"type": "Feature", "geometry": {"type": "Point", "coordinates": [2.4991362, 6.3661136]}, "properties": {"kind": "OUT_OF_SCOPE"}}, {"type": "Feature", "geometry": {"type": "Point", "coordinates": [2.4978765, 6.3624003]}, "properties": {"kind": "OUT_OF_SCOPE"}}, {"type": "Feature", "geometry": {"type": "Point", "coordinates": [2.4995868, 6.3629109]}, "properties": {"kind": "OUT_OF_SCOPE"}}, {"type": "Feature", "geometry": {"type": "Point", "coordinates": [2.4946099, 6.3700011]}, "properties": {"kind": "OUT_OF_SCOPE"}}, {"type": "Feature", "geometry": {"type": "Point", "coordinates": [2.4918829, 6.3799659]}, "properties": {"kind": "OUT_OF_SCOPE"}}, {"type": "Feature", "geometry": {"type": "Point", "coordinates": [2.4985827, 6.3718565]}, "properties": {"kind": "OUT_OF_SCOPE"}}, {"type": "Feature", "geometry": {"type": "Point", "coordinates": [2.4825687, 6.3786087]}, "properties": {"kind": "OUT_OF_SCOPE"}}, {"type": "Feature", "geometry": {"type": "Point", "coordinates": [2.5001544, 6.3708969]}, "properties": {"kind": "OUT_OF_SCOPE"}}, {"type": "Feature", "geometry": {"type": "Point", "coordinates": [2.4882828, 6.3771862]}, "properties": {"kind": "OUT_OF_SCOPE"}}, {"type": "Feature", "geometry": {"type": "Point", "coordinates": [2.492833, 6.3797314]}, "properties": {"kind": "OUT_OF_SCOPE"}}, {"type": "Feature", "geometry": {"type": "Point", "coordinates": [2.4936631, 6.3787532]}, "properties": {"kind": "OUT_OF_SCOPE"}}, {"type": "Feature", "geometry": {"type": "Point", "coordinates": [2.494323, 6.377515]}, "properties": {"kind": "OUT_OF_SCOPE"}}, {"type": "Feature", "geometry": {"type": "Point", "coordinates": [2.4885614, 6.3712812]}, "properties": {"kind": "OUT_OF_SCOPE"}}, {"type": "Feature", "geometry": {"type": "Point", "coordinates": [2.4969523, 6.3764954]}, "properties": {"kind": "OUT_OF_SCOPE"}}, {"type": "Feature", "geometry": {"type": "Point", "coordinates": [2.4948031, 6.3776669]}, "properties": {"kind": "OUT_OF_SCOPE"}}, {"type": "Feature", "geometry": {"type": "Point", "coordinates": [2.5006498, 6.3733539]}, "properties": {"kind": "OUT_OF_SCOPE"}}, {"type": "Feature", "geometry": {"type": "Point", "coordinates": [2.4844612, 6.3836684]}, "properties": {"kind": "OUT_OF_SCOPE"}}, {"type": "Feature", "geometry": {"type": "Point", "coordinates": [2.4913249, 6.3787265]}, "properties": {"kind": "OUT_OF_SCOPE"}}, {"type": "Feature", "geometry": {"type": "Point", "coordinates": [2.4888995, 6.3790117]}, "properties": {"kind": "OUT_OF_SCOPE"}}, {"type": "Feature", "geometry": {"type": "Point", "coordinates": [2.4838756, 6.383357]}, "properties": {"kind": "OUT_OF_SCOPE"}}, {"type": "Feature", "geometry": {"type": "Point", "coordinates": [2.481656, 6.3805531]}, "properties": {"kind": "OUT_OF_SCOPE"}}, {"type": "Feature", "geometry": {"type": "Point", "coordinates": [2.482985, 6.3801809]}, "properties": {"kind": "OUT_OF_SCOPE"}}, {"type": "Feature", "geometry": {"type": "Point", "coordinates": [2.4829348, 6.3791189]}, "properties": {"kind": "OUT_OF_SCOPE"}}, {"type": "Feature", "geometry": {"type": "Point", "coordinates": [2.4903963, 6.3801022]}, "properties": {"kind": "OUT_OF_SCOPE"}}, {"type": "Feature", "geometry": {"type": "Point", "coordinates": [2.499108, 6.3779322]}, "properties": {"kind": "OUT_OF_SCOPE"}}, {"type": "Feature", "geometry": {"type": "Point", "coordinates": [2.4868753, 6.3804618]}, "properties": {"kind": "OUT_OF_SCOPE"}}, {"type": "Feature", "geometry": {"type": "Point", "coordinates": [2.4993762, 6.377483]}, "properties": {"kind": "OUT_OF_SCOPE"}}, {"type": "Feature", "geometry": {"type": "Point", "coordinates": [2.4987848, 6.3751479]}, "properties": {"kind": "OUT_OF_SCOPE"}}, {"type": "Feature", "geometry": {"type": "Point", "coordinates": [2.4863403, 6.3794662]}, "properties": {"kind": "OUT_OF_SCOPE"}}, {"type": "Feature", "geometry": {"type": "Point", "coordinates": [2.4879822, 6.3820065]}, "properties": {"kind": "OUT_OF_SCOPE"}}, {"type": "Feature", "geometry": {"type": "Point", "coordinates": [2.5023052, 6.3784159]}, "properties": {"kind": "OUT_OF_SCOPE"}}, {"type": "Feature", "geometry": {"type": "Point", "coordinates": [2.4987532, 6.3795588]}, "properties": {"kind": "OUT_OF_SCOPE"}}, {"type": "Feature", "geometry": {"type": "Point", "coordinates": [2.4891946, 6.380903]}, "properties": {"kind": "OUT_OF_SCOPE"}}, {"type": "Feature", "geometry": {"type": "Point", "coordinates": [2.2017763, 6.793884]}, "properties": {"kind": "OUT_OF_SCOPE"}}, {"type": "Feature", "geometry": {"type": "Point", "coordinates": [2.2001177, 6.7942376]}, "properties": {"kind": "OUT_OF_SCOPE"}}, {"type": "Feature", "geometry": {"type": "Point", "coordinates": [2.1988215, 6.7944956]}, "properties": {"kind": "OUT_OF_SCOPE"}}, {"type": "Feature", "geometry": {"type": "Point", "coordinates": [2.1974427, 6.7947183]}, "properties": {"kind": "OUT_OF_SCOPE"}}, {"type": "Feature", "geometry": {"type": "Point", "coordinates": [2.1922927, 6.7956713]}, "properties": {"kind": "OUT_OF_SCOPE"}}, {"type": "Feature", "geometry": {"type": "Point", "coordinates": [2.2009173, 6.7964623]}, "properties": {"kind": "OUT_OF_SCOPE"}}, {"type": "Feature", "geometry": {"type": "Point", "coordinates": [2.1982324, 6.7969817]}, "properties": {"kind": "OUT_OF_SCOPE"}}, {"type": "Feature", "geometry": {"type": "Point", "coordinates": [2.1959673, 6.7973805]}, "properties": {"kind": "OUT_OF_SCOPE"}}, {"type": "Feature", "geometry": {"type": "Point", "coordinates": [2.1946289, 6.7976329]}, "properties": {"kind": "OUT_OF_SCOPE"}}, {"type": "Feature", "geometry": {"type": "Point", "coordinates": [2.1931811, 6.7979085]}, "properties": {"kind": "OUT_OF_SCOPE"}}, {"type": "Feature", "geometry": {"type": "Point", "coordinates": [2.1926997, 6.7979984]}, "properties": {"kind": "OUT_OF_SCOPE"}}, {"type": "Feature", "geometry": {"type": "Point", "coordinates": [2.1921639, 6.7980883]}, "properties": {"kind": "OUT_OF_SCOPE"}}, {"type": "Feature", "geometry": {"type": "Point", "coordinates": [2.1901067, 6.7984639]}, "properties": {"kind": "OUT_OF_SCOPE"}}, {"type": "Feature", "geometry": {"type": "Point", "coordinates": [2.1891652, 6.7986183]}, "properties": {"kind": "OUT_OF_SCOPE"}}, {"type": "Feature", "geometry": {"type": "Point", "coordinates": [2.1881875, 6.7988274]}, "properties": {"kind": "OUT_OF_SCOPE"}}, {"type": "Feature", "geometry": {"type": "Point", "coordinates": [2.1862371, 6.7991763]}, "properties": {"kind": "OUT_OF_SCOPE"}}, {"type": "Feature", "geometry": {"type": "Point", "coordinates": [2.1849907, 6.799321]}, "properties": {"kind": "OUT_OF_SCOPE"}}, {"type": "Feature", "geometry": {"type": "Point", "coordinates": [2.2044397, 6.7750757]}, "properties": {"kind": "OUT_OF_SCOPE"}}, {"type": "Feature", "geometry": {"type": "Point", "coordinates": [2.2069956, 6.7760639]}, "properties": {"kind": "OUT_OF_SCOPE"}}, {"type": "Feature", "geometry": {"type": "Point", "coordinates": [2.2076368, 6.7758301]}, "properties": {"kind": "OUT_OF_SCOPE"}}, {"type": "Feature", "geometry": {"type": "Point", "coordinates": [2.2043521, 6.7778595]}, "properties": {"kind": "OUT_OF_SCOPE"}}, {"type": "Feature", "geometry": {"type": "Point", "coordinates": [2.2047113, 6.7794332]}, "properties": {"kind": "OUT_OF_SCOPE"}}, {"type": "Feature", "geometry": {"type": "Point", "coordinates": [2.2036766, 6.7799179]}, "properties": {"kind": "OUT_OF_SCOPE"}}, {"type": "Feature", "geometry": {"type": "Point", "coordinates": [2.2016363, 6.7738365]}, "properties": {"kind": "OUT_OF_SCOPE"}}, {"type": "Feature", "geometry": {"type": "Point", "coordinates": [2.2023307, 6.7745994]}, "properties": {"kind": "OUT_OF_SCOPE"}}, {"type": "Feature", "geometry": {"type": "Point", "coordinates": [2.2033259, 6.7750091]}, "properties": {"kind": "OUT_OF_SCOPE"}}, {"type": "Feature", "geometry": {"type": "Point", "coordinates": [2.2040083, 6.7756816]}, "properties": {"kind": "OUT_OF_SCOPE"}}, {"type": "Feature", "geometry": {"type": "Point", "coordinates": [2.2024205, 6.7824214]}, "properties": {"kind": "OUT_OF_SCOPE"}}, {"type": "Feature", "geometry": {"type": "Point", "coordinates": [2.2033826, 6.7823984]}, "properties": {"kind": "OUT_OF_SCOPE"}}, {"type": "Feature", "geometry": {"type": "Point", "coordinates": [2.2026298, 6.7760571]}, "properties": {"kind": "OUT_OF_SCOPE"}}, {"type": "Feature", "geometry": {"type": "Point", "coordinates": [2.2029908, 6.7771734]}, "properties": {"kind": "OUT_OF_SCOPE"}}, {"type": "Feature", "geometry": {"type": "Point", "coordinates": [2.2039172, 6.7778305]}, "properties": {"kind": "OUT_OF_SCOPE"}}, {"type": "Feature", "geometry": {"type": "Point", "coordinates": [2.2062101, 6.7777895]}, "properties": {"kind": "OUT_OF_SCOPE"}}, {"type": "Feature", "geometry": {"type": "Point", "coordinates": [2.204866, 6.7797029]}, "properties": {"kind": "OUT_OF_SCOPE"}}, {"type": "Feature", "geometry": {"type": "Point", "coordinates": [2.2051771, 6.7743963]}, "properties": {"kind": "OUT_OF_SCOPE"}}, {"type": "Feature", "geometry": {"type": "Point", "coordinates": [2.2084577, 6.7817153]}, "properties": {"kind": "OUT_OF_SCOPE"}}, {"type": "Feature", "geometry": {"type": "Point", "coordinates": [2.201507, 6.7845737]}, "properties": {"kind": "OUT_OF_SCOPE"}}, {"type": "Feature", "geometry": {"type": "Point", "coordinates": [2.2347807, 6.7559147]}, "properties": {"kind": "OUT_OF_SCOPE"}}, {"type": "Feature", "geometry": {"type": "Point", "coordinates": [2.2259133, 6.757638]}, "properties": {"kind": "OUT_OF_SCOPE"}}, {"type": "Feature", "geometry": {"type": "Point", "coordinates": [2.2218444, 6.7583785]}, "properties": {"kind": "OUT_OF_SCOPE"}}, {"type": "Feature", "geometry": {"type": "Point", "coordinates": [2.2115125, 6.7603908]}, "properties": {"kind": "OUT_OF_SCOPE"}}, {"type": "Feature", "geometry": {"type": "Point", "coordinates": [2.2038897, 6.7618025]}, "properties": {"kind": "OUT_OF_SCOPE"}}, {"type": "Feature", "geometry": {"type": "Point", "coordinates": [2.1969464, 6.763097]}, "properties": {"kind": "OUT_OF_SCOPE"}}, {"type": "Feature", "geometry": {"type": "Point", "coordinates": [2.1932359, 6.7639427]}, "properties": {"kind": "OUT_OF_SCOPE"}}, {"type": "Feature", "geometry": {"type": "Point", "coordinates": [2.1904428, 6.7651861]}, "properties": {"kind": "OUT_OF_SCOPE"}}, {"type": "Feature", "geometry": {"type": "Point", "coordinates": [2.1858804, 6.7660868]}, "properties": {"kind": "OUT_OF_SCOPE"}}, {"type": "Feature", "geometry": {"type": "Point", "coordinates": [2.1844303, 6.7653989]}, "properties": {"kind": "OUT_OF_SCOPE"}}, {"type": "Feature", "geometry": {"type": "Point", "coordinates": [2.1814875, 6.7658949]}, "properties": {"kind": "OUT_OF_SCOPE"}}, {"type": "Feature", "geometry": {"type": "Point", "coordinates": [2.1787346, 6.7663745]}, "properties": {"kind": "OUT_OF_SCOPE"}}, {"type": "Feature", "geometry": {"type": "Point", "coordinates": [2.1770441, 6.7666917]}, "properties": {"kind": "OUT_OF_SCOPE"}}, {"type": "Feature", "geometry": {"type": "Point", "coordinates": [2.1752581, 6.7670097]}, "properties": {"kind": "OUT_OF_SCOPE"}}, {"type": "Feature", "geometry": {"type": "Point", "coordinates": [2.1706456, 6.7677934]}, "properties": {"kind": "OUT_OF_SCOPE"}}, {"type": "Feature", "geometry": {"type": "Point", "coordinates": [2.1995531, 6.7833776]}, "properties": {"kind": "OUT_OF_SCOPE"}}, {"type": "Feature", "geometry": {"type": "Point", "coordinates": [2.1976538, 6.7837463]}, "properties": {"kind": "OUT_OF_SCOPE"}}, {"type": "Feature", "geometry": {"type": "Point", "coordinates": [2.2043895, 6.7831856]}, "properties": {"kind": "OUT_OF_SCOPE"}}, {"type": "Feature", "geometry": {"type": "Point", "coordinates": [2.1984441, 6.7897874]}, "properties": {"kind": "OUT_OF_SCOPE"}}, {"type": "Feature", "geometry": {"type": "Point", "coordinates": [2.1843254, 6.7923763]}, "properties": {"kind": "OUT_OF_SCOPE"}}, {"type": "Feature", "geometry": {"type": "Point", "coordinates": [2.191775, 6.7886314]}, "properties": {"kind": "OUT_OF_SCOPE"}}, {"type": "Feature", "geometry": {"type": "Point", "coordinates": [2.2002476, 6.7871068]}, "properties": {"kind": "OUT_OF_SCOPE"}}, {"type": "Feature", "geometry": {"type": "Point", "coordinates": [2.2033166, 6.7970496]}, "properties": {"kind": "OUT_OF_SCOPE"}}, {"type": "Feature", "geometry": {"type": "Point", "coordinates": [2.1988852, 6.8015996]}, "properties": {"kind": "OUT_OF_SCOPE"}}, {"type": "Feature", "geometry": {"type": "Point", "coordinates": [2.2045903, 6.8005716]}, "properties": {"kind": "OUT_OF_SCOPE"}}, {"type": "Feature", "geometry": {"type": "Point", "coordinates": [2.20966, 6.7996477]}, "properties": {"kind": "OUT_OF_SCOPE"}}, {"type": "Feature", "geometry": {"type": "Point", "coordinates": [2.212015, 6.8012031]}, "properties": {"kind": "OUT_OF_SCOPE"}}, {"type": "Feature", "geometry": {"type": "Point", "coordinates": [2.2044387, 6.8005223]}, "properties": {"kind": "OUT_OF_SCOPE"}}, {"type": "Feature", "geometry": {"type": "Point", "coordinates": [2.2040488, 6.7982708]}, "properties": {"kind": "OUT_OF_SCOPE"}}, {"type": "Feature", "geometry": {"type": "Point", "coordinates": [2.2045916, 6.7965992]}, "properties": {"kind": "OUT_OF_SCOPE"}}, {"type": "Feature", "geometry": {"type": "Point", "coordinates": [2.1997184, 6.7990658]}, "properties": {"kind": "OUT_OF_SCOPE"}}, {"type": "Feature", "geometry": {"type": "Point", "coordinates": [2.2012942, 6.7987435]}, "properties": {"kind": "OUT_OF_SCOPE"}}, {"type": "Feature", "geometry": {"type": "Point", "coordinates": [2.2028646, 6.7984399]}, "properties": {"kind": "OUT_OF_SCOPE"}}, {"type": "Feature", "geometry": {"type": "Point", "coordinates": [2.2056176, 6.7979295]}, "properties": {"kind": "OUT_OF_SCOPE"}}, {"type": "Feature", "geometry": {"type": "Point", "coordinates": [2.2077633, 6.798377]}, "properties": {"kind": "OUT_OF_SCOPE"}}, {"type": "Feature", "geometry": {"type": "Point", "coordinates": [2.2114061, 6.7978846]}, "properties": {"kind": "OUT_OF_SCOPE"}}, {"type": "Feature", "geometry": {"type": "Point", "coordinates": [2.2121162, 6.7989566]}, "properties": {"kind": "OUT_OF_SCOPE"}}, {"type": "Feature", "geometry": {"type": "Point", "coordinates": [2.2129021, 6.7988847]}, "properties": {"kind": "OUT_OF_SCOPE"}}, {"type": "Feature", "geometry": {"type": "Point", "coordinates": [2.2130058, 6.7958668]}, "properties": {"kind": "OUT_OF_SCOPE"}}, {"type": "Feature", "geometry": {"type": "Point", "coordinates": [2.2134533, 6.7983507]}, "properties": {"kind": "OUT_OF_SCOPE"}}, {"type": "Feature", "geometry": {"type": "Point", "coordinates": [2.2140018, 6.8013482]}, "properties": {"kind": "OUT_OF_SCOPE"}}, {"type": "Feature", "geometry": {"type": "Point", "coordinates": [2.2145584, 6.8044617]}, "properties": {"kind": "OUT_OF_SCOPE"}}, {"type": "Feature", "geometry": {"type": "Point", "coordinates": [2.2139428, 6.7956474]}, "properties": {"kind": "OUT_OF_SCOPE"}}, {"type": "Feature", "geometry": {"type": "Point", "coordinates": [2.219318, 6.7975037]}, "properties": {"kind": "OUT_OF_SCOPE"}}, {"type": "Feature", "geometry": {"type": "Point", "coordinates": [2.1979009, 6.7922714]}, "properties": {"kind": "OUT_OF_SCOPE"}}, {"type": "Feature", "geometry": {"type": "Point", "coordinates": [2.2010601, 6.7916869]}, "properties": {"kind": "OUT_OF_SCOPE"}}, {"type": "Feature", "geometry": {"type": "Point", "coordinates": [2.1960536, 6.7859563]}, "properties": {"kind": "OUT_OF_SCOPE"}}, {"type": "Feature", "geometry": {"type": "Point", "coordinates": [2.2068152, 6.7930218]}, "properties": {"kind": "OUT_OF_SCOPE"}}, {"type": "Feature", "geometry": {"type": "Point", "coordinates": [2.2043564, 6.7846129]}, "properties": {"kind": "OUT_OF_SCOPE"}}, {"type": "Feature", "geometry": {"type": "Point", "coordinates": [2.203785, 6.7860767]}, "properties": {"kind": "OUT_OF_SCOPE"}}, {"type": "Feature", "geometry": {"type": "Point", "coordinates": [2.2068552, 6.793848]}, "properties": {"kind": "OUT_OF_SCOPE"}}, {"type": "Feature", "geometry": {"type": "Point", "coordinates": [2.2071586, 6.7952865]}, "properties": {"kind": "OUT_OF_SCOPE"}}, {"type": "Feature", "geometry": {"type": "Point", "coordinates": [2.2047143, 6.7851721]}, "properties": {"kind": "OUT_OF_SCOPE"}}, {"type": "Feature", "geometry": {"type": "Point", "coordinates": [2.2049904, 6.786139]}, "properties": {"kind": "OUT_OF_SCOPE"}}, {"type": "Feature", "geometry": {"type": "Point", "coordinates": [2.2069969, 6.7953019]}, "properties": {"kind": "OUT_OF_SCOPE"}}, {"type": "Feature", "geometry": {"type": "Point", "coordinates": [2.2081886, 6.7951287]}, "properties": {"kind": "OUT_OF_SCOPE"}}, {"type": "Feature", "geometry": {"type": "Point", "coordinates": [2.2003638, 6.7943639]}, "properties": {"kind": "OUT_OF_SCOPE"}}, {"type": "Feature", "geometry": {"type": "Point", "coordinates": [2.2061491, 6.3420345]}, "properties": {"kind": "OUT_OF_SCOPE"}}, {"type": "Feature", "geometry": {"type": "Point", "coordinates": [2.205921, 6.3469526]}, "properties": {"kind": "OUT_OF_SCOPE"}}, {"type": "Feature", "geometry": {"type": "Point", "coordinates": [2.4584739, 6.4984964]}, "properties": {"kind": "OUT_OF_SCOPE"}}, {"type": "Feature", "geometry": {"type": "Point", "coordinates": [2.4945798, 6.3697307]}, "properties": {"kind": "OUT_OF_SCOPE"}}, {"type": "Feature", "geometry": {"type": "Point", "coordinates": [2.4950244, 6.3698987]}, "properties": {"kind": "OUT_OF_SCOPE"}}, {"type": "Feature", "geometry": {"type": "Point", "coordinates": [2.4948869, 6.3700178]}, "properties": {"kind": "OUT_OF_SCOPE"}}, {"type": "Feature", "geometry": {"type": "Point", "coordinates": [2.4946699, 6.3699502]}, "properties": {"kind": "OUT_OF_SCOPE"}}, {"type": "Feature", "geometry": {"type": "Point", "coordinates": [2.4946471, 6.3697156]}, "properties": {"kind": "OUT_OF_SCOPE"}}, {"type": "Feature", "geometry": {"type": "Point", "coordinates": [2.4947914, 6.3696113]}, "properties": {"kind": "OUT_OF_SCOPE"}}, {"type": "Feature", "geometry": {"type": "Point", "coordinates": [2.4950045, 6.369698]}, "properties": {"kind": "OUT_OF_SCOPE"}}, {"type": "Feature", "geometry": {"type": "Point", "coordinates": [2.5066852, 6.3699473]}, "properties": {"kind": "OUT_OF_SCOPE"}}, {"type": "Feature", "geometry": {"type": "Point", "coordinates": [2.5062038, 6.3700939]}, "properties": {"kind": "OUT_OF_SCOPE"}}, {"type": "Feature", "geometry": {"type": "Point", "coordinates": [2.1091221, 6.3616837]}, "properties": {"kind": "OUT_OF_SCOPE"}}, {"type": "Feature", "geometry": {"type": "Point", "coordinates": [2.1401165, 6.3716243]}, "properties": {"kind": "OUT_OF_SCOPE"}}, {"type": "Feature", "geometry": {"type": "Point", "coordinates": [2.1446594, 6.373338]}, "properties": {"kind": "OUT_OF_SCOPE"}}, {"type": "Feature", "geometry": {"type": "Point", "coordinates": [2.1631278, 6.3791543]}, "properties": {"kind": "OUT_OF_SCOPE"}}, {"type": "Feature", "geometry": {"type": "Point", "coordinates": [2.1718395, 6.3818199]}, "properties": {"kind": "OUT_OF_SCOPE"}}, {"type": "Feature", "geometry": {"type": "Point", "coordinates": [2.1897303, 6.3835973]}, "properties": {"kind": "OUT_OF_SCOPE"}}, {"type": "Feature", "geometry": {"type": "Point", "coordinates": [2.2078844, 6.3853332]}, "properties": {"kind": "OUT_OF_SCOPE"}}, {"type": "Feature", "geometry": {"type": "Point", "coordinates": [2.2111131, 6.3852166]}, "properties": {"kind": "OUT_OF_SCOPE"}}, {"type": "Feature", "geometry": {"type": "Point", "coordinates": [2.206294, 6.3716682]}, "properties": {"kind": "OUT_OF_SCOPE"}}, {"type": "Feature", "geometry": {"type": "Point", "coordinates": [2.2054946, 6.3674255]}, "properties": {"kind": "OUT_OF_SCOPE"}}, {"type": "Feature", "geometry": {"type": "Point", "coordinates": [2.2052118, 6.3621091]}, "properties": {"kind": "OUT_OF_SCOPE"}}, {"type": "Feature", "geometry": {"type": "Point", "coordinates": [2.2055919, 6.3576116]}, "properties": {"kind": "OUT_OF_SCOPE"}}, {"type": "Feature", "geometry": {"type": "Point", "coordinates": [2.2056543, 6.3552807]}, "properties": {"kind": "OUT_OF_SCOPE"}}, {"type": "Feature", "geometry": {"type": "Point", "coordinates": [2.2059935, 6.3540864]}, "properties": {"kind": "OUT_OF_SCOPE"}}, {"type": "Feature", "geometry": {"type": "Point", "coordinates": [2.2847486, 6.7230241]}, "properties": {"kind": "OUT_OF_SCOPE"}}, {"type": "Feature", "geometry": {"type": "Point", "coordinates": [2.2856498, 6.7221018]}, "properties": {"kind": "OUT_OF_SCOPE"}}, {"type": "Feature", "geometry": {"type": "Point", "coordinates": [2.286035, 6.7266971]}, "properties": {"kind": "OUT_OF_SCOPE"}}, {"type": "Feature", "geometry": {"type": "Point", "coordinates": [2.2855224, 6.7219166]}, "properties": {"kind": "OUT_OF_SCOPE"}}, {"type": "Feature", "geometry": {"type": "Point", "coordinates": [2.2844605, 6.7246088]}, "properties": {"kind": "OUT_OF_SCOPE"}}, {"type": "Feature", "geometry": {"type": "Point", "coordinates": [2.2853993, 6.7262976]}, "properties": {"kind": "OUT_OF_SCOPE"}}, {"type": "Feature", "geometry": {"type": "Point", "coordinates": [2.2913645, 6.726785]}, "properties": {"kind": "OUT_OF_SCOPE"}}, {"type": "Feature", "geometry": {"type": "Point", "coordinates": [2.2892278, 6.7277503]}, "properties": {"kind": "OUT_OF_SCOPE"}}, {"type": "Feature", "geometry": {"type": "Point", "coordinates": [2.2931133, 6.7233728]}, "properties": {"kind": "OUT_OF_SCOPE"}}, {"type": "Feature", "geometry": {"type": "Point", "coordinates": [2.2924964, 6.7236498]}, "properties": {"kind": "OUT_OF_SCOPE"}}, {"type": "Feature", "geometry": {"type": "Point", "coordinates": [2.2933628, 6.7222886]}, "properties": {"kind": "OUT_OF_SCOPE"}}, {"type": "Feature", "geometry": {"type": "Point", "coordinates": [2.2865848, 6.7278026]}, "properties": {"kind": "OUT_OF_SCOPE"}}, {"type": "Feature", "geometry": {"type": "Point", "coordinates": [2.2880413, 6.7260605]}, "properties": {"kind": "OUT_OF_SCOPE"}}, {"type": "Feature", "geometry": {"type": "Point", "coordinates": [2.2889023, 6.7255491]}, "properties": {"kind": "OUT_OF_SCOPE"}}, {"type": "Feature", "geometry": {"type": "Point", "coordinates": [2.291209, 6.7246833]}, "properties": {"kind": "OUT_OF_SCOPE"}}, {"type": "Feature", "geometry": {"type": "Point", "coordinates": [2.2895728, 6.7236365]}, "properties": {"kind": "OUT_OF_SCOPE"}}, {"type": "Feature", "geometry": {"type": "Point", "coordinates": [2.2899483, 6.7229386]}, "properties": {"kind": "OUT_OF_SCOPE"}}, {"type": "Feature", "geometry": {"type": "Point", "coordinates": [2.2866073, 6.7213866]}, "properties": {"kind": "OUT_OF_SCOPE"}}, {"type": "Feature", "geometry": {"type": "Point", "coordinates": [2.2239724, 6.6317929]}, "properties": {"kind": "OUT_OF_SCOPE"}}, {"type": "Feature", "geometry": {"type": "Point", "coordinates": [2.2217057, 6.6304236]}, "properties": {"kind": "OUT_OF_SCOPE"}}, {"type": "Feature", "geometry": {"type": "Point", "coordinates": [2.2178355, 6.626515]}, "properties": {"kind": "OUT_OF_SCOPE"}}, {"type": "Feature", "geometry": {"type": "Point", "coordinates": [2.2128839, 6.6180426]}, "properties": {"kind": "OUT_OF_SCOPE"}}, {"type": "Feature", "geometry": {"type": "Point", "coordinates": [2.2076393, 6.6013937]}, "properties": {"kind": "OUT_OF_SCOPE"}}, {"type": "Feature", "geometry": {"type": "Point", "coordinates": [2.2026915, 6.5894375]}, "properties": {"kind": "OUT_OF_SCOPE"}}, {"type": "Feature", "geometry": {"type": "Point", "coordinates": [2.1962249, 6.5829626]}, "properties": {"kind": "OUT_OF_SCOPE"}}, {"type": "Feature", "geometry": {"type": "Point", "coordinates": [2.1830978, 6.5802143]}, "properties": {"kind": "OUT_OF_SCOPE"}}, {"type": "Feature", "geometry": {"type": "Point", "coordinates": [2.1829726, 6.6696481]}, "properties": {"kind": "OUT_OF_SCOPE"}}, {"type": "Feature", "geometry": {"type": "Point", "coordinates": [2.1973537, 6.6755578]}, "properties": {"kind": "OUT_OF_SCOPE"}}, {"type": "Feature", "geometry": {"type": "Point", "coordinates": [2.201101, 6.6855973]}, "properties": {"kind": "OUT_OF_SCOPE"}}, {"type": "Feature", "geometry": {"type": "Point", "coordinates": [2.1996114, 6.6704306]}, "properties": {"kind": "OUT_OF_SCOPE"}}, {"type": "Feature", "geometry": {"type": "Point", "coordinates": [2.2037645, 6.6623503]}, "properties": {"kind": "OUT_OF_SCOPE"}}, {"type": "Feature", "geometry": {"type": "Point", "coordinates": [2.2098224, 6.6574172]}, "properties": {"kind": "OUT_OF_SCOPE"}}, {"type": "Feature", "geometry": {"type": "Point", "coordinates": [2.2131757, 6.6504338]}, "properties": {"kind": "OUT_OF_SCOPE"}}, {"type": "Feature", "geometry": {"type": "Point", "coordinates": [2.2189656, 6.6475699]}, "properties": {"kind": "OUT_OF_SCOPE"}}, {"type": "Feature", "geometry": {"type": "Point", "coordinates": [2.217865, 6.6441283]}, "properties": {"kind": "OUT_OF_SCOPE"}}, {"type": "Feature", "geometry": {"type": "Point", "coordinates": [2.2138739, 6.6389438]}, "properties": {"kind": "OUT_OF_SCOPE"}}, {"type": "Feature", "geometry": {"type": "Point", "coordinates": [2.1911037, 6.474085]}, "properties": {"kind": "OUT_OF_SCOPE"}}, {"type": "Feature", "geometry": {"type": "Point", "coordinates": [2.2067915, 6.4803732]}, "properties": {"kind": "OUT_OF_SCOPE"}}, {"type": "Feature", "geometry": {"type": "Point", "coordinates": [2.2107142, 6.4458074]}, "properties": {"kind": "OUT_OF_SCOPE"}}, {"type": "Feature", "geometry": {"type": "Point", "coordinates": [2.2111165, 6.4482181]}, "properties": {"kind": "OUT_OF_SCOPE"}}, {"type": "Feature", "geometry": {"type": "Point", "coordinates": [2.2113821, 6.450145]}, "properties": {"kind": "OUT_OF_SCOPE"}}, {"type": "Feature", "geometry": {"type": "Point", "coordinates": [2.2120754, 6.4525198]}, "properties": {"kind": "OUT_OF_SCOPE"}}, {"type": "Feature", "geometry": {"type": "Point", "coordinates": [2.2138886, 6.4540589]}, "properties": {"kind": "OUT_OF_SCOPE"}}, {"type": "Feature", "geometry": {"type": "Point", "coordinates": [2.21389, 6.4578155]}, "properties": {"kind": "OUT_OF_SCOPE"}}, {"type": "Feature", "geometry": {"type": "Point", "coordinates": [2.2148475, 6.46178]}, "properties": {"kind": "OUT_OF_SCOPE"}}, {"type": "Feature", "geometry": {"type": "Point", "coordinates": [2.2141099, 6.4653499]}, "properties": {"kind": "OUT_OF_SCOPE"}}, {"type": "Feature", "geometry": {"type": "Point", "coordinates": [2.2122069, 6.4691131]}, "properties": {"kind": "OUT_OF_SCOPE"}}, {"type": "Feature", "geometry": {"type": "Point", "coordinates": [2.2109529, 6.471589]}, "properties": {"kind": "OUT_OF_SCOPE"}}, {"type": "Feature", "geometry": {"type": "Point", "coordinates": [2.2083431, 6.4764515]}, "properties": {"kind": "OUT_OF_SCOPE"}}, {"type": "Feature", "geometry": {"type": "Point", "coordinates": [2.2081433, 6.4788248]}, "properties": {"kind": "OUT_OF_SCOPE"}}, {"type": "Feature", "geometry": {"type": "Point", "coordinates": [2.2056261, 6.4820628]}, "properties": {"kind": "OUT_OF_SCOPE"}}, {"type": "Feature", "geometry": {"type": "Point", "coordinates": [2.201647, 6.4884403]}, "properties": {"kind": "OUT_OF_SCOPE"}}, {"type": "Feature", "geometry": {"type": "Point", "coordinates": [2.1984538, 6.4917756]}, "properties": {"kind": "OUT_OF_SCOPE"}}, {"type": "Feature", "geometry": {"type": "Point", "coordinates": [2.1949844, 6.494763]}, "properties": {"kind": "OUT_OF_SCOPE"}}, {"type": "Feature", "geometry": {"type": "Point", "coordinates": [2.191637, 6.4962408]}, "properties": {"kind": "OUT_OF_SCOPE"}}, {"type": "Feature", "geometry": {"type": "Point", "coordinates": [2.1895033, 6.4985633]}, "properties": {"kind": "OUT_OF_SCOPE"}}, {"type": "Feature", "geometry": {"type": "Point", "coordinates": [2.1865515, 6.5034975]}, "properties": {"kind": "OUT_OF_SCOPE"}}, {"type": "Feature", "geometry": {"type": "Point", "coordinates": [2.1847746, 6.5066408]}, "properties": {"kind": "OUT_OF_SCOPE"}}, {"type": "Feature", "geometry": {"type": "Point", "coordinates": [2.1837553, 6.5085768]}, "properties": {"kind": "OUT_OF_SCOPE"}}, {"type": "Feature", "geometry": {"type": "Point", "coordinates": [2.2278106, 6.7384037]}, "properties": {"kind": "OUT_OF_SCOPE"}}, {"type": "Feature", "geometry": {"type": "Point", "coordinates": [2.2257212, 6.7519471]}, "properties": {"kind": "OUT_OF_SCOPE"}}, {"type": "Feature", "geometry": {"type": "Point", "coordinates": [2.1626665, 6.3666658]}, "properties": {"kind": "OUT_OF_SCOPE"}}, {"type": "Feature", "geometry": {"type": "Point", "coordinates": [2.1695182, 6.3673402]}, "properties": {"kind": "OUT_OF_SCOPE"}}, {"type": "Feature", "geometry": {"type": "Point", "coordinates": [2.1740238, 6.3678495]}, "properties": {"kind": "OUT_OF_SCOPE"}}, {"type": "Feature", "geometry": {"type": "Point", "coordinates": [2.1798916, 6.3685558]}, "properties": {"kind": "OUT_OF_SCOPE"}}, {"type": "Feature", "geometry": {"type": "Point", "coordinates": [2.1821862, 6.3692995]}, "properties": {"kind": "OUT_OF_SCOPE"}}, {"type": "Feature", "geometry": {"type": "Point", "coordinates": [2.1852918, 6.3694904]}, "properties": {"kind": "OUT_OF_SCOPE"}}, {"type": "Feature", "geometry": {"type": "Point", "coordinates": [2.1897514, 6.3699433]}, "properties": {"kind": "OUT_OF_SCOPE"}}, {"type": "Feature", "geometry": {"type": "Point", "coordinates": [2.1919146, 6.3698433]}, "properties": {"kind": "OUT_OF_SCOPE"}}, {"type": "Feature", "geometry": {"type": "Point", "coordinates": [2.1955034, 6.3698859]}, "properties": {"kind": "OUT_OF_SCOPE"}}, {"type": "Feature", "geometry": {"type": "Point", "coordinates": [2.1990547, 6.36983]}, "properties": {"kind": "OUT_OF_SCOPE"}}, {"type": "Feature", "geometry": {"type": "Point", "coordinates": [2.2023538, 6.3710841]}, "properties": {"kind": "OUT_OF_SCOPE"}}, {"type": "Feature", "geometry": {"type": "Point", "coordinates": [2.2393112, 6.3631905]}, "properties": {"kind": "OUT_OF_SCOPE"}}, {"type": "Feature", "geometry": {"type": "Point", "coordinates": [2.2352256, 6.3586355]}, "properties": {"kind": "OUT_OF_SCOPE"}}, {"type": "Feature", "geometry": {"type": "Point", "coordinates": [2.2343042, 6.3587407]}, "properties": {"kind": "OUT_OF_SCOPE"}}, {"type": "Feature", "geometry": {"type": "Point", "coordinates": [2.2327888, 6.359066]}, "properties": {"kind": "OUT_OF_SCOPE"}}, {"type": "Feature", "geometry": {"type": "Point", "coordinates": [2.2308442, 6.3594098]}, "properties": {"kind": "OUT_OF_SCOPE"}}, {"type": "Feature", "geometry": {"type": "Point", "coordinates": [2.2300543, 6.359799]}, "properties": {"kind": "OUT_OF_SCOPE"}}, {"type": "Feature", "geometry": {"type": "Point", "coordinates": [2.2284651, 6.3603628]}, "properties": {"kind": "OUT_OF_SCOPE"}}, {"type": "Feature", "geometry": {"type": "Point", "coordinates": [2.225968, 6.3620209]}, "properties": {"kind": "OUT_OF_SCOPE"}}, {"type": "Feature", "geometry": {"type": "Point", "coordinates": [2.2253886, 6.3632458]}, "properties": {"kind": "OUT_OF_SCOPE"}}, {"type": "Feature", "geometry": {"type": "Point", "coordinates": [2.2241011, 6.3653623]}, "properties": {"kind": "OUT_OF_SCOPE"}}, {"type": "Feature", "geometry": {"type": "Point", "coordinates": [2.2221512, 6.3667538]}, "properties": {"kind": "OUT_OF_SCOPE"}}, {"type": "Feature", "geometry": {"type": "Point", "coordinates": [2.2215154, 6.3681746]}, "properties": {"kind": "OUT_OF_SCOPE"}}, {"type": "Feature", "geometry": {"type": "Point", "coordinates": [2.1996154, 6.7160926]}, "properties": {"kind": "OUT_OF_SCOPE"}}, {"type": "Feature", "geometry": {"type": "Point", "coordinates": [2.1981974, 6.717431]}, "properties": {"kind": "OUT_OF_SCOPE"}}, {"type": "Feature", "geometry": {"type": "Point", "coordinates": [2.486625, 6.3789517]}, "properties": {"kind": "OUT_OF_SCOPE"}}, {"type": "Feature", "geometry": {"type": "Point", "coordinates": [2.4941407, 6.3788232]}, "properties": {"kind": "OUT_OF_SCOPE"}}, {"type": "Feature", "geometry": {"type": "Point", "coordinates": [2.2122726, 6.3709176]}, "properties": {"kind": "OUT_OF_SCOPE"}}, {"type": "Feature", "geometry": {"type": "Point", "coordinates": [2.4793527, 6.7100072]}, "properties": {"kind": "OUT_OF_SCOPE"}}, {"type": "Feature", "geometry": {"type": "Point", "coordinates": [2.4809312, 6.7120611]}, "properties": {"kind": "OUT_OF_SCOPE"}}, {"type": "Feature", "geometry": {"type": "Point", "coordinates": [2.4829925, 6.711808]}, "properties": {"kind": "OUT_OF_SCOPE"}}, {"type": "Feature", "geometry": {"type": "Point", "coordinates": [2.4825955, 6.7107584]}, "properties": {"kind": "OUT_OF_SCOPE"}}, {"type": "Feature", "geometry": {"type": "Point", "coordinates": [2.4777514, 6.7091069]}, "properties": {"kind": "OUT_OF_SCOPE"}}, {"type": "Feature", "geometry": {"type": "Point", "coordinates": [2.4791489, 6.7091308]}, "properties": {"kind": "OUT_OF_SCOPE"}}, {"type": "Feature", "geometry": {"type": "Point", "coordinates": [2.4811578, 6.7093253]}, "properties": {"kind": "OUT_OF_SCOPE"}}, {"type": "Feature", "geometry": {"type": "Point", "coordinates": [2.4786567, 6.7115949]}, "properties": {"kind": "OUT_OF_SCOPE"}}, {"type": "Feature", "geometry": {"type": "Point", "coordinates": [2.4850303, 6.7106012]}, "properties": {"kind": "OUT_OF_SCOPE"}}, {"type": "Feature", "geometry": {"type": "Point", "coordinates": [2.4826324, 6.7127922]}, "properties": {"kind": "OUT_OF_SCOPE"}}, {"type": "Feature", "geometry": {"type": "Point", "coordinates": [2.4787296, 6.7160394]}, "properties": {"kind": "OUT_OF_SCOPE"}}, {"type": "Feature", "geometry": {"type": "Point", "coordinates": [2.4752896, 6.7166295]}, "properties": {"kind": "OUT_OF_SCOPE"}}, {"type": "Feature", "geometry": {"type": "Point", "coordinates": [2.1987382, 6.3659595]}, "properties": {"kind": "OUT_OF_SCOPE"}}, {"type": "Feature", "geometry": {"type": "Point", "coordinates": [2.201069, 6.3685371]}, "properties": {"kind": "OUT_OF_SCOPE"}}, {"type": "Feature", "geometry": {"type": "Point", "coordinates": [2.2487024, 6.3505249]}, "properties": {"kind": "OUT_OF_SCOPE"}}, {"type": "Feature", "geometry": {"type": "Point", "coordinates": [2.2489223, 6.3517539]}, "properties": {"kind": "OUT_OF_SCOPE"}}, {"type": "Feature", "geometry": {"type": "Point", "coordinates": [2.2499067, 6.3522577]}, "properties": {"kind": "OUT_OF_SCOPE"}}, {"type": "Feature", "geometry": {"type": "Point", "coordinates": [2.2525192, 6.352227]}, "properties": {"kind": "OUT_OF_SCOPE"}}, {"type": "Feature", "geometry": {"type": "Point", "coordinates": [2.4226463, 6.6288489]}, "properties": {"kind": "OUT_OF_SCOPE"}}, {"type": "Feature", "geometry": {"type": "Point", "coordinates": [2.3300028, 6.6674954]}, "properties": {"kind": "OUT_OF_SCOPE"}}, {"type": "Feature", "geometry": {"type": "Point", "coordinates": [2.3364454, 6.6536927]}, "properties": {"kind": "OUT_OF_SCOPE"}}, {"type": "Feature", "geometry": {"type": "Point", "coordinates": [2.4399264, 6.6390125]}, "properties": {"kind": "OUT_OF_SCOPE"}}, {"type": "Feature", "geometry": {"type": "Point", "coordinates": [2.4437901, 6.6335993]}, "properties": {"kind": "OUT_OF_SCOPE"}}, {"type": "Feature", "geometry": {"type": "Point", "coordinates": [2.4412005, 6.6381946]}, "properties": {"kind": "OUT_OF_SCOPE"}}, {"type": "Feature", "geometry": {"type": "Point", "coordinates": [2.4409349, 6.6413517]}, "properties": {"kind": "OUT_OF_SCOPE"}}, {"type": "Feature", "geometry": {"type": "Point", "coordinates": [2.4483284, 6.6289289]}, "properties": {"kind": "OUT_OF_SCOPE"}}, {"type": "Feature", "geometry": {"type": "Point", "coordinates": [2.4459675, 6.6330354]}, "properties": {"kind": "OUT_OF_SCOPE"}}, {"type": "Feature", "geometry": {"type": "Point", "coordinates": [2.4444138, 6.6324291]}, "properties": {"kind": "OUT_OF_SCOPE"}}, {"type": "Feature", "geometry": {"type": "Point", "coordinates": [2.4453713, 6.6327802]}, "properties": {"kind": "OUT_OF_SCOPE"}}, {"type": "Feature", "geometry": {"type": "Point", "coordinates": [2.3107485, 6.6022494]}, "properties": {"kind": "OUT_OF_SCOPE"}}, {"type": "Feature", "geometry": {"type": "Point", "coordinates": [2.2684005, 6.3468516]}, "properties": {"kind": "OUT_OF_SCOPE"}}, {"type": "Feature", "geometry": {"type": "Point", "coordinates": [2.427923, 6.3433162]}, "properties": {"kind": "OUT_OF_SCOPE"}}, {"type": "Feature", "geometry": {"type": "Point", "coordinates": [2.4323477, 6.3424291]}, "properties": {"kind": "OUT_OF_SCOPE"}}, {"type": "Feature", "geometry": {"type": "Point", "coordinates": [2.4326777, 6.3415813]}, "properties": {"kind": "OUT_OF_SCOPE"}}, {"type": "Feature", "geometry": {"type": "Point", "coordinates": [2.4190988, 6.3436364]}, "properties": {"kind": "OUT_OF_SCOPE"}}, {"type": "Feature", "geometry": {"type": "Point", "coordinates": [2.2175527, 6.3809705]}, "properties": {"kind": "OUT_OF_SCOPE"}}, {"type": "Feature", "geometry": {"type": "Point", "coordinates": [2.2211909, 6.3825983]}, "properties": {"kind": "OUT_OF_SCOPE"}}, {"type": "Feature", "geometry": {"type": "Point", "coordinates": [2.2222155, 6.3792103]}, "properties": {"kind": "OUT_OF_SCOPE"}}, {"type": "Feature", "geometry": {"type": "Point", "coordinates": [2.4302745, 6.6838685]}, "properties": {"kind": "OUT_OF_SCOPE"}}, {"type": "Feature", "geometry": {"type": "Point", "coordinates": [2.4306393, 6.6854456]}, "properties": {"kind": "OUT_OF_SCOPE"}}, {"type": "Feature", "geometry": {"type": "Point", "coordinates": [2.4318489, 6.6872371]}, "properties": {"kind": "OUT_OF_SCOPE"}}, {"type": "Feature", "geometry": {"type": "Point", "coordinates": [2.4339062, 6.6893949]}, "properties": {"kind": "OUT_OF_SCOPE"}}, {"type": "Feature", "geometry": {"type": "Point", "coordinates": [2.4356791, 6.692208]}, "properties": {"kind": "OUT_OF_SCOPE"}}, {"type": "Feature", "geometry": {"type": "Point", "coordinates": [2.4392733, 6.6933189]}, "properties": {"kind": "OUT_OF_SCOPE"}}, {"type": "Feature", "geometry": {"type": "Point", "coordinates": [2.4435943, 6.6938264]}, "properties": {"kind": "OUT_OF_SCOPE"}}, {"type": "Feature", "geometry": {"type": "Point", "coordinates": [2.4462229, 6.6955952]}, "properties": {"kind": "OUT_OF_SCOPE"}}, {"type": "Feature", "geometry": {"type": "Point", "coordinates": [2.451067, 6.6994419]}, "properties": {"kind": "OUT_OF_SCOPE"}}, {"type": "Feature", "geometry": {"type": "Point", "coordinates": [2.4586549, 6.7010349]}, "properties": {"kind": "OUT_OF_SCOPE"}}, {"type": "Feature", "geometry": {"type": "Point", "coordinates": [2.2080092, 6.3790443]}, "properties": {"kind": "OUT_OF_SCOPE"}}, {"type": "Feature", "geometry": {"type": "Point", "coordinates": [2.2127344, 6.3771081]}, "properties": {"kind": "OUT_OF_SCOPE"}}, {"type": "Feature", "geometry": {"type": "Point", "coordinates": [2.2115463, 6.3811556]}, "properties": {"kind": "OUT_OF_SCOPE"}}, {"type": "Feature", "geometry": {"type": "Point", "coordinates": [2.4292311, 6.6853017]}, "properties": {"kind": "OUT_OF_SCOPE"}}, {"type": "Feature", "geometry": {"type": "Point", "coordinates": [2.4286035, 6.6867802]}, "properties": {"kind": "OUT_OF_SCOPE"}}, {"type": "Feature", "geometry": {"type": "Point", "coordinates": [2.2704619, 6.7162718]}, "properties": {"kind": "OUT_OF_SCOPE"}}, {"type": "Feature", "geometry": {"type": "Point", "coordinates": [2.2957503, 6.7229242]}, "properties": {"kind": "OUT_OF_SCOPE"}}, {"type": "Feature", "geometry": {"type": "Point", "coordinates": [2.2957912, 6.7242648]}, "properties": {"kind": "OUT_OF_SCOPE"}}, {"type": "Feature", "geometry": {"type": "Point", "coordinates": [2.2206431, 6.4220021]}, "properties": {"kind": "OUT_OF_SCOPE"}}, {"type": "Feature", "geometry": {"type": "Point", "coordinates": [2.2189432, 6.4211378]}, "properties": {"kind": "OUT_OF_SCOPE"}}, {"type": "Feature", "geometry": {"type": "Point", "coordinates": [2.2197975, 6.4202763]}, "properties": {"kind": "OUT_OF_SCOPE"}}, {"type": "Feature", "geometry": {"type": "Point", "coordinates": [2.3053519, 6.6232959]}, "properties": {"kind": "OUT_OF_SCOPE"}}, {"type": "Feature", "geometry": {"type": "Point", "coordinates": [2.2617002, 6.6360029]}, "properties": {"kind": "OUT_OF_SCOPE"}}, {"type": "Feature", "geometry": {"type": "Point", "coordinates": [2.2646347, 6.634276]}, "properties": {"kind": "OUT_OF_SCOPE"}}, {"type": "Feature", "geometry": {"type": "Point", "coordinates": [2.2695528, 6.63391]}, "properties": {"kind": "OUT_OF_SCOPE"}}, {"type": "Feature", "geometry": {"type": "Point", "coordinates": [2.2739473, 6.6343506]}, "properties": {"kind": "OUT_OF_SCOPE"}}, {"type": "Feature", "geometry": {"type": "Point", "coordinates": [2.2779174, 6.6344686]}, "properties": {"kind": "OUT_OF_SCOPE"}}, {"type": "Feature", "geometry": {"type": "Point", "coordinates": [2.282242, 6.6334355]}, "properties": {"kind": "OUT_OF_SCOPE"}}, {"type": "Feature", "geometry": {"type": "Point", "coordinates": [2.467753, 6.6686836]}, "properties": {"kind": "OUT_OF_SCOPE"}}, {"type": "Feature", "geometry": {"type": "Point", "coordinates": [2.4689305, 6.6682227]}, "properties": {"kind": "OUT_OF_SCOPE"}}, {"type": "Feature", "geometry": {"type": "Point", "coordinates": [2.4780419, 6.6258064]}, "properties": {"kind": "OUT_OF_SCOPE"}}, {"type": "Feature", "geometry": {"type": "Point", "coordinates": [2.4796646, 6.6199049]}, "properties": {"kind": "OUT_OF_SCOPE"}}, {"type": "Feature", "geometry": {"type": "Point", "coordinates": [2.4786588, 6.6177335]}, "properties": {"kind": "OUT_OF_SCOPE"}}, {"type": "Feature", "geometry": {"type": "Point", "coordinates": [2.476859, 6.6161216]}, "properties": {"kind": "OUT_OF_SCOPE"}}, {"type": "Feature", "geometry": {"type": "Point", "coordinates": [2.4681204, 6.6283454]}, "properties": {"kind": "OUT_OF_SCOPE"}}, {"type": "Feature", "geometry": {"type": "Point", "coordinates": [2.4775726, 6.6182583]}, "properties": {"kind": "OUT_OF_SCOPE"}}, {"type": "Feature", "geometry": {"type": "Point", "coordinates": [2.4735144, 6.6297601]}, "properties": {"kind": "OUT_OF_SCOPE"}}, {"type": "Feature", "geometry": {"type": "Point", "coordinates": [2.4741688, 6.6374731]}, "properties": {"kind": "OUT_OF_SCOPE"}}, {"type": "Feature", "geometry": {"type": "Point", "coordinates": [2.4754925, 6.6378901]}, "properties": {"kind": "OUT_OF_SCOPE"}}, {"type": "Feature", "geometry": {"type": "Point", "coordinates": [2.472927, 6.6381405]}, "properties": {"kind": "OUT_OF_SCOPE"}}, {"type": "Feature", "geometry": {"type": "Point", "coordinates": [2.4723677, 6.6379127]}, "properties": {"kind": "OUT_OF_SCOPE"}}, {"type": "Feature", "geometry": {"type": "Point", "coordinates": [2.4759606, 6.6392368]}, "properties": {"kind": "OUT_OF_SCOPE"}}, {"type": "Feature", "geometry": {"type": "Point", "coordinates": [2.4748528, 6.6379953]}, "properties": {"kind": "OUT_OF_SCOPE"}}, {"type": "Feature", "geometry": {"type": "Point", "coordinates": [2.4973351, 6.398281]}, "properties": {"kind": "OUT_OF_SCOPE"}}, {"type": "Feature", "geometry": {"type": "Point", "coordinates": [2.4997705, 6.3975067]}, "properties": {"kind": "OUT_OF_SCOPE"}}, {"type": "Feature", "geometry": {"type": "Point", "coordinates": [2.5010526, 6.3976413]}, "properties": {"kind": "OUT_OF_SCOPE"}}, {"type": "Feature", "geometry": {"type": "Point", "coordinates": [2.4698773, 6.6693256]}, "properties": {"kind": "OUT_OF_SCOPE"}}, {"type": "Feature", "geometry": {"type": "Point", "coordinates": [2.4695608, 6.6677072]}, "properties": {"kind": "OUT_OF_SCOPE"}}, {"type": "Feature", "geometry": {"type": "Point", "coordinates": [2.4699497, 6.6669453]}, "properties": {"kind": "OUT_OF_SCOPE"}}, {"type": "Feature", "geometry": {"type": "Point", "coordinates": [2.4713257, 6.6657651]}, "properties": {"kind": "OUT_OF_SCOPE"}}, {"type": "Feature", "geometry": {"type": "Point", "coordinates": [2.4735787, 6.6648047]}, "properties": {"kind": "OUT_OF_SCOPE"}}, {"type": "Feature", "geometry": {"type": "Point", "coordinates": [2.4739999, 6.670338]}, "properties": {"kind": "OUT_OF_SCOPE"}}, {"type": "Feature", "geometry": {"type": "Point", "coordinates": [2.4713069, 6.6700316]}, "properties": {"kind": "OUT_OF_SCOPE"}}, {"type": "Feature", "geometry": {"type": "Point", "coordinates": [2.4798491, 6.6757732]}, "properties": {"kind": "OUT_OF_SCOPE"}}, {"type": "Feature", "geometry": {"type": "Point", "coordinates": [2.4749118, 6.6704925]}, "properties": {"kind": "OUT_OF_SCOPE"}}, {"type": "Feature", "geometry": {"type": "Point", "coordinates": [2.4751505, 6.67841]}, "properties": {"kind": "OUT_OF_SCOPE"}}, {"type": "Feature", "geometry": {"type": "Point", "coordinates": [2.4887305, 6.6717846]}, "properties": {"kind": "OUT_OF_SCOPE"}}, {"type": "Feature", "geometry": {"type": "Point", "coordinates": [2.4899429, 6.6722028]}, "properties": {"kind": "OUT_OF_SCOPE"}}, {"type": "Feature", "geometry": {"type": "Point", "coordinates": [2.4907174, 6.6710233]}, "properties": {"kind": "OUT_OF_SCOPE"}}, {"type": "Feature", "geometry": {"type": "Point", "coordinates": [2.4893327, 6.670298]}, "properties": {"kind": "OUT_OF_SCOPE"}}, {"type": "Feature", "geometry": {"type": "Point", "coordinates": [2.4903855, 6.6709747]}, "properties": {"kind": "OUT_OF_SCOPE"}}, {"type": "Feature", "geometry": {"type": "Point", "coordinates": [2.4810889, 6.6734363]}, "properties": {"kind": "OUT_OF_SCOPE"}}, {"type": "Feature", "geometry": {"type": "Point", "coordinates": [2.4800831, 6.6747629]}, "properties": {"kind": "OUT_OF_SCOPE"}}, {"type": "Feature", "geometry": {"type": "Point", "coordinates": [2.4818855, 6.6769901]}, "properties": {"kind": "OUT_OF_SCOPE"}}, {"type": "Feature", "geometry": {"type": "Point", "coordinates": [2.4899758, 6.6714702]}, "properties": {"kind": "OUT_OF_SCOPE"}}, {"type": "Feature", "geometry": {"type": "Point", "coordinates": [2.4974182, 6.6817427]}, "properties": {"kind": "OUT_OF_SCOPE"}}, {"type": "Feature", "geometry": {"type": "Point", "coordinates": [2.4957526, 6.6862767]}, "properties": {"kind": "OUT_OF_SCOPE"}}, {"type": "Feature", "geometry": {"type": "Point", "coordinates": [2.4980003, 6.6832958]}, "properties": {"kind": "OUT_OF_SCOPE"}}, {"type": "Feature", "geometry": {"type": "Point", "coordinates": [2.4995506, 6.6839751]}, "properties": {"kind": "OUT_OF_SCOPE"}}, {"type": "Feature", "geometry": {"type": "Point", "coordinates": [2.4999945, 6.6721282]}, "properties": {"kind": "OUT_OF_SCOPE"}}, {"type": "Feature", "geometry": {"type": "Point", "coordinates": [2.4966028, 6.6719764]}, "properties": {"kind": "OUT_OF_SCOPE"}}, {"type": "Feature", "geometry": {"type": "Point", "coordinates": [2.4951169, 6.6720163]}, "properties": {"kind": "OUT_OF_SCOPE"}}, {"type": "Feature", "geometry": {"type": "Point", "coordinates": [2.4931642, 6.6713716]}, "properties": {"kind": "OUT_OF_SCOPE"}}, {"type": "Feature", "geometry": {"type": "Point", "coordinates": [2.4930918, 6.6735109]}, "properties": {"kind": "OUT_OF_SCOPE"}}, {"type": "Feature", "geometry": {"type": "Point", "coordinates": [2.4927565, 6.6698425]}, "properties": {"kind": "OUT_OF_SCOPE"}}, {"type": "Feature", "geometry": {"type": "Point", "coordinates": [2.4905437, 6.6725145]}, "properties": {"kind": "OUT_OF_SCOPE"}}, {"type": "Feature", "geometry": {"type": "Point", "coordinates": [2.4941821, 6.6714995]}, "properties": {"kind": "OUT_OF_SCOPE"}}, {"type": "Feature", "geometry": {"type": "Point", "coordinates": [2.496804, 6.6718418]}, "properties": {"kind": "OUT_OF_SCOPE"}}, {"type": "Feature", "geometry": {"type": "Point", "coordinates": [2.4992093, 6.6739264]}, "properties": {"kind": "OUT_OF_SCOPE"}}, {"type": "Feature", "geometry": {"type": "Point", "coordinates": [2.4930918, 6.6683346]}, "properties": {"kind": "OUT_OF_SCOPE"}}, {"type": "Feature", "geometry": {"type": "Point", "coordinates": [2.4964875, 6.4065893]}, "properties": {"kind": "OUT_OF_SCOPE"}}, {"type": "Feature", "geometry": {"type": "Point", "coordinates": [2.4948701, 6.4056297]}, "properties": {"kind": "OUT_OF_SCOPE"}}, {"type": "Feature", "geometry": {"type": "Point", "coordinates": [2.4963802, 6.4063054]}, "properties": {"kind": "OUT_OF_SCOPE"}}, {"type": "Feature", "geometry": {"type": "Point", "coordinates": [2.494276, 6.4029989]}, "properties": {"kind": "OUT_OF_SCOPE"}}, {"type": "Feature", "geometry": {"type": "Point", "coordinates": [2.4993977, 6.6600813]}, "properties": {"kind": "OUT_OF_SCOPE"}}, {"type": "Feature", "geometry": {"type": "Point", "coordinates": [2.5002516, 6.6591376]}, "properties": {"kind": "OUT_OF_SCOPE"}}, {"type": "Feature", "geometry": {"type": "Point", "coordinates": [2.4978648, 6.6607073]}, "properties": {"kind": "OUT_OF_SCOPE"}}, {"type": "Feature", "geometry": {"type": "Point", "coordinates": [2.2855747, 6.5963437]}, "properties": {"kind": "OUT_OF_SCOPE"}}, {"type": "Feature", "geometry": {"type": "Point", "coordinates": [2.2855371, 6.5924855]}, "properties": {"kind": "OUT_OF_SCOPE"}}, {"type": "Feature", "geometry": {"type": "Point", "coordinates": [2.2862707, 6.5904738]}, "properties": {"kind": "OUT_OF_SCOPE"}}, {"type": "Feature", "geometry": {"type": "Point", "coordinates": [2.2876856, 6.5898157]}, "properties": {"kind": "OUT_OF_SCOPE"}}, {"type": "Feature", "geometry": {"type": "Point", "coordinates": [2.2886243, 6.5890617]}, "properties": {"kind": "OUT_OF_SCOPE"}}, {"type": "Feature", "geometry": {"type": "Point", "coordinates": [2.2894183, 6.5880705]}, "properties": {"kind": "OUT_OF_SCOPE"}}, {"type": "Feature", "geometry": {"type": "Point", "coordinates": [2.2908976, 6.5871899]}, "properties": {"kind": "OUT_OF_SCOPE"}}, {"type": "Feature", "geometry": {"type": "Point", "coordinates": [2.2924894, 6.5869607]}, "properties": {"kind": "OUT_OF_SCOPE"}}, {"type": "Feature", "geometry": {"type": "Point", "coordinates": [2.289661, 6.5954497]}, "properties": {"kind": "OUT_OF_SCOPE"}}, {"type": "Feature", "geometry": {"type": "Point", "coordinates": [2.2876802, 6.5957095]}, "properties": {"kind": "OUT_OF_SCOPE"}}, {"type": "Feature", "geometry": {"type": "Point", "coordinates": [2.2842282, 6.5960985]}, "properties": {"kind": "OUT_OF_SCOPE"}}, {"type": "Feature", "geometry": {"type": "Point", "coordinates": [2.2845997, 6.5984419]}, "properties": {"kind": "OUT_OF_SCOPE"}}, {"type": "Feature", "geometry": {"type": "Point", "coordinates": [2.2828831, 6.5983433]}, "properties": {"kind": "OUT_OF_SCOPE"}}, {"type": "Feature", "geometry": {"type": "Point", "coordinates": [2.2823607, 6.5969039]}, "properties": {"kind": "OUT_OF_SCOPE"}}, {"type": "Feature", "geometry": {"type": "Point", "coordinates": [2.2800091, 6.6007786]}, "properties": {"kind": "OUT_OF_SCOPE"}}, {"type": "Feature", "geometry": {"type": "Point", "coordinates": [2.2813207, 6.6007413]}, "properties": {"kind": "OUT_OF_SCOPE"}}, {"type": "Feature", "geometry": {"type": "Point", "coordinates": [2.2826752, 6.6000686]}, "properties": {"kind": "OUT_OF_SCOPE"}}, {"type": "Feature", "geometry": {"type": "Point", "coordinates": [2.2808352, 6.5909828]}, "properties": {"kind": "OUT_OF_SCOPE"}}, {"type": "Feature", "geometry": {"type": "Point", "coordinates": [2.2834021, 6.591132]}, "properties": {"kind": "OUT_OF_SCOPE"}}, {"type": "Feature", "geometry": {"type": "Point", "coordinates": [2.2829488, 6.5952819]}, "properties": {"kind": "OUT_OF_SCOPE"}}, {"type": "Feature", "geometry": {"type": "Point", "coordinates": [2.2841142, 6.5944226]}, "properties": {"kind": "OUT_OF_SCOPE"}}, {"type": "Feature", "geometry": {"type": "Point", "coordinates": [2.2840297, 6.5946451]}, "properties": {"kind": "OUT_OF_SCOPE"}}, {"type": "Feature", "geometry": {"type": "Point", "coordinates": [2.2942838, 6.6037401]}, "properties": {"kind": "OUT_OF_SCOPE"}}, {"type": "Feature", "geometry": {"type": "Point", "coordinates": [2.2900808, 6.5984565]}, "properties": {"kind": "OUT_OF_SCOPE"}}, {"type": "Feature", "geometry": {"type": "Point", "coordinates": [2.2911966, 6.5988563]}, "properties": {"kind": "OUT_OF_SCOPE"}}, {"type": "Feature", "geometry": {"type": "Point", "coordinates": [2.2899641, 6.5984726]}, "properties": {"kind": "OUT_OF_SCOPE"}}, {"type": "Feature", "geometry": {"type": "Point", "coordinates": [2.2827195, 6.5960865]}, "properties": {"kind": "OUT_OF_SCOPE"}}, {"type": "Feature", "geometry": {"type": "Point", "coordinates": [2.280355, 6.5994451]}, "properties": {"kind": "OUT_OF_SCOPE"}}, {"type": "Feature", "geometry": {"type": "Point", "coordinates": [2.4866733, 6.6676393]}, "properties": {"kind": "OUT_OF_SCOPE"}}, {"type": "Feature", "geometry": {"type": "Point", "coordinates": [2.4884865, 6.6666536]}, "properties": {"kind": "OUT_OF_SCOPE"}}, {"type": "Feature", "geometry": {"type": "Point", "coordinates": [2.4901092, 6.6683239]}, "properties": {"kind": "OUT_OF_SCOPE"}}, {"type": "Feature", "geometry": {"type": "Point", "coordinates": [2.4975336, 6.6580965]}, "properties": {"kind": "OUT_OF_SCOPE"}}, {"type": "Feature", "geometry": {"type": "Point", "coordinates": [2.4910641, 6.6653189]}, "properties": {"kind": "OUT_OF_SCOPE"}}, {"type": "Feature", "geometry": {"type": "Point", "coordinates": [2.4945496, 6.6626202]}, "properties": {"kind": "OUT_OF_SCOPE"}}, {"type": "Feature", "geometry": {"type": "Point", "coordinates": [2.4942894, 6.6629265]}, "properties": {"kind": "OUT_OF_SCOPE"}}, {"type": "Feature", "geometry": {"type": "Point", "coordinates": [2.4928504, 6.663831]}, "properties": {"kind": "OUT_OF_SCOPE"}}, {"type": "Feature", "geometry": {"type": "Point", "coordinates": [2.493816, 6.6617064]}, "properties": {"kind": "OUT_OF_SCOPE"}}, {"type": "Feature", "geometry": {"type": "Point", "coordinates": [2.4978903, 6.6625669]}, "properties": {"kind": "OUT_OF_SCOPE"}}, {"type": "Feature", "geometry": {"type": "Point", "coordinates": [2.4950016, 6.6616105]}, "properties": {"kind": "OUT_OF_SCOPE"}}, {"type": "Feature", "geometry": {"type": "Point", "coordinates": [2.4973311, 6.6649019]}, "properties": {"kind": "OUT_OF_SCOPE"}}, {"type": "Feature", "geometry": {"type": "Point", "coordinates": [2.4961066, 6.6658224]}, "properties": {"kind": "OUT_OF_SCOPE"}}, {"type": "Feature", "geometry": {"type": "Point", "coordinates": [2.4974772, 6.6673329]}, "properties": {"kind": "OUT_OF_SCOPE"}}, {"type": "Feature", "geometry": {"type": "Point", "coordinates": [2.4989806, 6.6622445]}, "properties": {"kind": "OUT_OF_SCOPE"}}, {"type": "Feature", "geometry": {"type": "Point", "coordinates": [2.5001192, 6.6622871]}, "properties": {"kind": "OUT_OF_SCOPE"}}, {"type": "Feature", "geometry": {"type": "Point", "coordinates": [2.2845568, 6.6415787]}, "properties": {"kind": "OUT_OF_SCOPE"}}, {"type": "Feature", "geometry": {"type": "Point", "coordinates": [2.2859126, 6.6483098]}, "properties": {"kind": "OUT_OF_SCOPE"}}, {"type": "Feature", "geometry": {"type": "Point", "coordinates": [2.3143373, 6.5794254]}, "properties": {"kind": "OUT_OF_SCOPE"}}, {"type": "Feature", "geometry": {"type": "Point", "coordinates": [2.3150803, 6.5789824]}, "properties": {"kind": "OUT_OF_SCOPE"}}, {"type": "Feature", "geometry": {"type": "Point", "coordinates": [2.3076774, 6.5885561]}, "properties": {"kind": "OUT_OF_SCOPE"}}, {"type": "Feature", "geometry": {"type": "Point", "coordinates": [2.3085799, 6.5878973]}, "properties": {"kind": "OUT_OF_SCOPE"}}, {"type": "Feature", "geometry": {"type": "Point", "coordinates": [2.3055772, 6.5891949]}, "properties": {"kind": "OUT_OF_SCOPE"}}, {"type": "Feature", "geometry": {"type": "Point", "coordinates": [2.3061914, 6.5885647]}, "properties": {"kind": "OUT_OF_SCOPE"}}, {"type": "Feature", "geometry": {"type": "Point", "coordinates": [2.3075835, 6.5885368]}, "properties": {"kind": "OUT_OF_SCOPE"}}, {"type": "Feature", "geometry": {"type": "Point", "coordinates": [2.3051883, 6.5892402]}, "properties": {"kind": "OUT_OF_SCOPE"}}, {"type": "Feature", "geometry": {"type": "Point", "coordinates": [2.3028333, 6.5907856]}, "properties": {"kind": "OUT_OF_SCOPE"}}, {"type": "Feature", "geometry": {"type": "Point", "coordinates": [2.3098178, 6.5870899]}, "properties": {"kind": "OUT_OF_SCOPE"}}, {"type": "Feature", "geometry": {"type": "Point", "coordinates": [2.3111039, 6.5863505]}, "properties": {"kind": "OUT_OF_SCOPE"}}, {"type": "Feature", "geometry": {"type": "Point", "coordinates": [2.3124075, 6.5850343]}, "properties": {"kind": "OUT_OF_SCOPE"}}, {"type": "Feature", "geometry": {"type": "Point", "coordinates": [2.3133213, 6.5839613]}, "properties": {"kind": "OUT_OF_SCOPE"}}, {"type": "Feature", "geometry": {"type": "Point", "coordinates": [2.3104951, 6.5844627]}, "properties": {"kind": "OUT_OF_SCOPE"}}, {"type": "Feature", "geometry": {"type": "Point", "coordinates": [2.3143561, 6.582844]}, "properties": {"kind": "OUT_OF_SCOPE"}}, {"type": "Feature", "geometry": {"type": "Point", "coordinates": [2.3122935, 6.584091]}, "properties": {"kind": "OUT_OF_SCOPE"}}, {"type": "Feature", "geometry": {"type": "Point", "coordinates": [2.3165113, 6.5871112]}, "properties": {"kind": "OUT_OF_SCOPE"}}, {"type": "Feature", "geometry": {"type": "Point", "coordinates": [2.3155557, 6.585352]}, "properties": {"kind": "OUT_OF_SCOPE"}}, {"type": "Feature", "geometry": {"type": "Point", "coordinates": [2.3151722, 6.5852048]}, "properties": {"kind": "OUT_OF_SCOPE"}}, {"type": "Feature", "geometry": {"type": "Point", "coordinates": [2.2316187, 6.3707273]}, "properties": {"kind": "OUT_OF_SCOPE"}}, {"type": "Feature", "geometry": {"type": "Point", "coordinates": [2.230816, 6.370721]}, "properties": {"kind": "OUT_OF_SCOPE"}}, {"type": "Feature", "geometry": {"type": "Point", "coordinates": [2.2300999, 6.3705644]}, "properties": {"kind": "OUT_OF_SCOPE"}}, {"type": "Feature", "geometry": {"type": "Point", "coordinates": [2.2322558, 6.3675676]}, "properties": {"kind": "OUT_OF_SCOPE"}}, {"type": "Feature", "geometry": {"type": "Point", "coordinates": [2.2326262, 6.3665568]}, "properties": {"kind": "OUT_OF_SCOPE"}}, {"type": "Feature", "geometry": {"type": "Point", "coordinates": [2.2338835, 6.3669223]}, "properties": {"kind": "OUT_OF_SCOPE"}}, {"type": "Feature", "geometry": {"type": "Point", "coordinates": [2.2320646, 6.370587]}, "properties": {"kind": "OUT_OF_SCOPE"}}, {"type": "Feature", "geometry": {"type": "Point", "coordinates": [2.2312103, 6.3702871]}, "properties": {"kind": "OUT_OF_SCOPE"}}, {"type": "Feature", "geometry": {"type": "Point", "coordinates": [2.3097467, 6.645868]}, "properties": {"kind": "OUT_OF_SCOPE"}}, {"type": "Feature", "geometry": {"type": "Point", "coordinates": [2.2307409, 6.3751639]}, "properties": {"kind": "OUT_OF_SCOPE"}}, {"type": "Feature", "geometry": {"type": "Point", "coordinates": [2.308942, 6.5941255]}, "properties": {"kind": "OUT_OF_SCOPE"}}, {"type": "Feature", "geometry": {"type": "Point", "coordinates": [2.3105675, 6.5932116]}, "properties": {"kind": "OUT_OF_SCOPE"}}, {"type": "Feature", "geometry": {"type": "Point", "coordinates": [2.3148121, 6.5913984]}, "properties": {"kind": "OUT_OF_SCOPE"}}, {"type": "Feature", "geometry": {"type": "Point", "coordinates": [2.230238, 6.3754065]}, "properties": {"kind": "OUT_OF_SCOPE"}}, {"type": "Feature", "geometry": {"type": "Point", "coordinates": [2.320607, 6.5919939]}, "properties": {"kind": "OUT_OF_SCOPE"}}, {"type": "Feature", "geometry": {"type": "Point", "coordinates": [2.3124189, 6.5978944]}, "properties": {"kind": "OUT_OF_SCOPE"}}, {"type": "Feature", "geometry": {"type": "Point", "coordinates": [2.3156073, 6.5940709]}, "properties": {"kind": "OUT_OF_SCOPE"}}, {"type": "Feature", "geometry": {"type": "Point", "coordinates": [2.3146136, 6.592768]}, "properties": {"kind": "OUT_OF_SCOPE"}}, {"type": "Feature", "geometry": {"type": "Point", "coordinates": [2.3163383, 6.593614]}, "properties": {"kind": "OUT_OF_SCOPE"}}, {"type": "Feature", "geometry": {"type": "Point", "coordinates": [2.3131183, 6.5926827]}, "properties": {"kind": "OUT_OF_SCOPE"}}, {"type": "Feature", "geometry": {"type": "Point", "coordinates": [2.3114111, 6.5926867]}, "properties": {"kind": "OUT_OF_SCOPE"}}, {"type": "Feature", "geometry": {"type": "Point", "coordinates": [2.2294012, 6.3752226]}, "properties": {"kind": "OUT_OF_SCOPE"}}, {"type": "Feature", "geometry": {"type": "Point", "coordinates": [2.3013501, 6.5753647]}, "properties": {"kind": "OUT_OF_SCOPE"}}, {"type": "Feature", "geometry": {"type": "Point", "coordinates": [2.3007573, 6.5744853]}, "properties": {"kind": "OUT_OF_SCOPE"}}, {"type": "Feature", "geometry": {"type": "Point", "coordinates": [2.3072818, 6.5782783]}, "properties": {"kind": "OUT_OF_SCOPE"}}, {"type": "Feature", "geometry": {"type": "Point", "coordinates": [2.307815, 6.5768387]}, "properties": {"kind": "OUT_OF_SCOPE"}}, {"type": "Feature", "geometry": {"type": "Point", "coordinates": [2.3088668, 6.5767324]}, "properties": {"kind": "OUT_OF_SCOPE"}}, {"type": "Feature", "geometry": {"type": "Point", "coordinates": [2.2848932, 6.6186881]}, "properties": {"kind": "OUT_OF_SCOPE"}}, {"type": "Feature", "geometry": {"type": "Point", "coordinates": [2.2881965, 6.6203258]}, "properties": {"kind": "OUT_OF_SCOPE"}}, {"type": "Feature", "geometry": {"type": "Point", "coordinates": [2.2899266, 6.6213056]}, "properties": {"kind": "OUT_OF_SCOPE"}}, {"type": "Feature", "geometry": {"type": "Point", "coordinates": [2.2905904, 6.6219058]}, "properties": {"kind": "OUT_OF_SCOPE"}}, {"type": "Feature", "geometry": {"type": "Point", "coordinates": [2.2918296, 6.6226758]}, "properties": {"kind": "OUT_OF_SCOPE"}}, {"type": "Feature", "geometry": {"type": "Point", "coordinates": [2.2748364, 6.6103212]}, "properties": {"kind": "OUT_OF_SCOPE"}}, {"type": "Feature", "geometry": {"type": "Point", "coordinates": [2.2759925, 6.6106596]}, "properties": {"kind": "OUT_OF_SCOPE"}}, {"type": "Feature", "geometry": {"type": "Point", "coordinates": [2.2766872, 6.6094739]}, "properties": {"kind": "OUT_OF_SCOPE"}}, {"type": "Feature", "geometry": {"type": "Point", "coordinates": [2.2767113, 6.5757377]}, "properties": {"kind": "OUT_OF_SCOPE"}}, {"type": "Feature", "geometry": {"type": "Point", "coordinates": [2.279887, 6.5752867]}, "properties": {"kind": "OUT_OF_SCOPE"}}, {"type": "Feature", "geometry": {"type": "Point", "coordinates": [2.2826464, 6.5745613]}, "properties": {"kind": "OUT_OF_SCOPE"}}, {"type": "Feature", "geometry": {"type": "Point", "coordinates": [2.281656, 6.5747331]}, "properties": {"kind": "OUT_OF_SCOPE"}}, {"type": "Feature", "geometry": {"type": "Point", "coordinates": [2.2858804, 6.5759668]}, "properties": {"kind": "OUT_OF_SCOPE"}}, {"type": "Feature", "geometry": {"type": "Point", "coordinates": [2.2783676, 6.5755418]}, "properties": {"kind": "OUT_OF_SCOPE"}}, {"type": "Feature", "geometry": {"type": "Point", "coordinates": [2.2740653, 6.5798824]}, "properties": {"kind": "OUT_OF_SCOPE"}}, {"type": "Feature", "geometry": {"type": "Point", "coordinates": [2.2650094, 6.6277605]}, "properties": {"kind": "OUT_OF_SCOPE"}}, {"type": "Feature", "geometry": {"type": "Point", "coordinates": [2.2683985, 6.6273919]}, "properties": {"kind": "OUT_OF_SCOPE"}}, {"type": "Feature", "geometry": {"type": "Point", "coordinates": [2.3193651, 6.6167236]}, "properties": {"kind": "OUT_OF_SCOPE"}}, {"type": "Feature", "geometry": {"type": "Point", "coordinates": [2.3216973, 6.6136929]}, "properties": {"kind": "OUT_OF_SCOPE"}}, {"type": "Feature", "geometry": {"type": "Point", "coordinates": [2.2133506, 6.4106119]}, "properties": {"kind": "OUT_OF_SCOPE"}}, {"type": "Feature", "geometry": {"type": "Point", "coordinates": [2.3011395, 6.591934]}, "properties": {"kind": "OUT_OF_SCOPE"}}, {"type": "Feature", "geometry": {"type": "Point", "coordinates": [2.2987993, 6.5915476]}, "properties": {"kind": "OUT_OF_SCOPE"}}, {"type": "Feature", "geometry": {"type": "Point", "coordinates": [2.2922011, 6.589821]}, "properties": {"kind": "OUT_OF_SCOPE"}}, {"type": "Feature", "geometry": {"type": "Point", "coordinates": [2.2093726, 6.3955351]}, "properties": {"kind": "OUT_OF_SCOPE"}}, {"type": "Feature", "geometry": {"type": "Point", "coordinates": [2.2170791, 6.3887144]}, "properties": {"kind": "OUT_OF_SCOPE"}}, {"type": "Feature", "geometry": {"type": "Point", "coordinates": [2.2170858, 6.386514]}, "properties": {"kind": "OUT_OF_SCOPE"}}, {"type": "Feature", "geometry": {"type": "Point", "coordinates": [2.2147188, 6.3892128]}, "properties": {"kind": "OUT_OF_SCOPE"}}, {"type": "Feature", "geometry": {"type": "Point", "coordinates": [2.2140234, 6.3902824]}, "properties": {"kind": "OUT_OF_SCOPE"}}, {"type": "Feature", "geometry": {"type": "Point", "coordinates": [2.2079784, 6.3937083]}, "properties": {"kind": "OUT_OF_SCOPE"}}, {"type": "Feature", "geometry": {"type": "Point", "coordinates": [2.2108403, 6.3936017]}, "properties": {"kind": "OUT_OF_SCOPE"}}, {"type": "Feature", "geometry": {"type": "Point", "coordinates": [2.2103333, 6.3953236]}, "properties": {"kind": "OUT_OF_SCOPE"}}, {"type": "Feature", "geometry": {"type": "Point", "coordinates": [2.4971084, 6.3632284]}, "properties": {"kind": "OUT_OF_SCOPE"}}, {"type": "Feature", "geometry": {"type": "Point", "coordinates": [2.2906011, 6.5862813]}, "properties": {"kind": "OUT_OF_SCOPE"}}, {"type": "Feature", "geometry": {"type": "Point", "coordinates": [2.2819778, 6.5856484]}, "properties": {"kind": "OUT_OF_SCOPE"}}, {"type": "Feature", "geometry": {"type": "Point", "coordinates": [2.2861634, 6.5851915]}, "properties": {"kind": "OUT_OF_SCOPE"}}, {"type": "Feature", "geometry": {"type": "Point", "coordinates": [2.2805817, 6.5824324]}, "properties": {"kind": "OUT_OF_SCOPE"}}, {"type": "Feature", "geometry": {"type": "Point", "coordinates": [2.3140748, 6.5777517]}, "properties": {"kind": "OUT_OF_SCOPE"}}, {"type": "Feature", "geometry": {"type": "Point", "coordinates": [2.311656, 6.5772505]}, "properties": {"kind": "OUT_OF_SCOPE"}}, {"type": "Feature", "geometry": {"type": "Point", "coordinates": [2.2569441, 6.5819035]}, "properties": {"kind": "OUT_OF_SCOPE"}}, {"type": "Feature", "geometry": {"type": "Point", "coordinates": [2.2569763, 6.582842]}, "properties": {"kind": "OUT_OF_SCOPE"}}, {"type": "Feature", "geometry": {"type": "Point", "coordinates": [2.25808, 6.5831571]}, "properties": {"kind": "OUT_OF_SCOPE"}}, {"type": "Feature", "geometry": {"type": "Point", "coordinates": [2.2596531, 6.5823584]}, "properties": {"kind": "OUT_OF_SCOPE"}}, {"type": "Feature", "geometry": {"type": "Point", "coordinates": [2.2111595, 6.3614758]}, "properties": {"kind": "OUT_OF_SCOPE"}}, {"type": "Feature", "geometry": {"type": "Point", "coordinates": [2.2050709, 6.3630139]}, "properties": {"kind": "OUT_OF_SCOPE"}}, {"type": "Feature", "geometry": {"type": "Point", "coordinates": [2.209243, 6.365433]}, "properties": {"kind": "OUT_OF_SCOPE"}}, {"type": "Feature", "geometry": {"type": "Point", "coordinates": [2.2113406, 6.3649486]}, "properties": {"kind": "OUT_OF_SCOPE"}}, {"type": "Feature", "geometry": {"type": "Point", "coordinates": [2.2144327, 6.366219]}, "properties": {"kind": "OUT_OF_SCOPE"}}, {"type": "Feature", "geometry": {"type": "Point", "coordinates": [2.2049877, 6.3647093]}, "properties": {"kind": "OUT_OF_SCOPE"}}, {"type": "Feature", "geometry": {"type": "Point", "coordinates": [2.2031772, 6.3700539]}, "properties": {"kind": "OUT_OF_SCOPE"}}, {"type": "Feature", "geometry": {"type": "Point", "coordinates": [2.2073427, 6.3631578]}, "properties": {"kind": "OUT_OF_SCOPE"}}, {"type": "Feature", "geometry": {"type": "Point", "coordinates": [2.2069833, 6.3612412]}, "properties": {"kind": "OUT_OF_SCOPE"}}, {"type": "Feature", "geometry": {"type": "Point", "coordinates": [2.2079086, 6.3650078]}, "properties": {"kind": "OUT_OF_SCOPE"}}, {"type": "Feature", "geometry": {"type": "Point", "coordinates": [2.2055456, 6.3644293]}, "properties": {"kind": "OUT_OF_SCOPE"}}, {"type": "Feature", "geometry": {"type": "Point", "coordinates": [2.2032228, 6.3596924]}, "properties": {"kind": "OUT_OF_SCOPE"}}, {"type": "Feature", "geometry": {"type": "Point", "coordinates": [2.2043976, 6.3605241]}, "properties": {"kind": "OUT_OF_SCOPE"}}, {"type": "Feature", "geometry": {"type": "Point", "coordinates": [2.2010502, 6.3622648]}, "properties": {"kind": "OUT_OF_SCOPE"}}, {"type": "Feature", "geometry": {"type": "Point", "coordinates": [2.2018415, 6.367876]}, "properties": {"kind": "OUT_OF_SCOPE"}}, {"type": "Feature", "geometry": {"type": "Point", "coordinates": [2.2058085, 6.3604868]}, "properties": {"kind": "OUT_OF_SCOPE"}}, {"type": "Feature", "geometry": {"type": "Point", "coordinates": [2.2001007, 6.3572746]}, "properties": {"kind": "OUT_OF_SCOPE"}}, {"type": "Feature", "geometry": {"type": "Point", "coordinates": [2.2017771, 6.3564029]}, "properties": {"kind": "OUT_OF_SCOPE"}}, {"type": "Feature", "geometry": {"type": "Point", "coordinates": [2.206015, 6.3616943]}, "properties": {"kind": "OUT_OF_SCOPE"}}, {"type": "Feature", "geometry": {"type": "Point", "coordinates": [2.1993899, 6.3612305]}, "properties": {"kind": "OUT_OF_SCOPE"}}, {"type": "Feature", "geometry": {"type": "Point", "coordinates": [2.2100252, 6.3622558]}, "properties": {"kind": "OUT_OF_SCOPE"}}, {"type": "Feature", "geometry": {"type": "Point", "coordinates": [2.2106096, 6.3644213]}, "properties": {"kind": "OUT_OF_SCOPE"}}, {"type": "Feature", "geometry": {"type": "Point", "coordinates": [2.2079006, 6.3646453]}, "properties": {"kind": "OUT_OF_SCOPE"}}, {"type": "Feature", "geometry": {"type": "Point", "coordinates": [2.2056046, 6.3649651]}, "properties": {"kind": "OUT_OF_SCOPE"}}, {"type": "Feature", "geometry": {"type": "Point", "coordinates": [2.2075251, 6.365453]}, "properties": {"kind": "OUT_OF_SCOPE"}}, {"type": "Feature", "geometry": {"type": "Point", "coordinates": [2.2029841, 6.362562]}, "properties": {"kind": "OUT_OF_SCOPE"}}, {"type": "Feature", "geometry": {"type": "Point", "coordinates": [2.2036074, 6.3665673]}, "properties": {"kind": "OUT_OF_SCOPE"}}, {"type": "Feature", "geometry": {"type": "Point", "coordinates": [2.2010341, 6.3676308]}, "properties": {"kind": "OUT_OF_SCOPE"}}, {"type": "Feature", "geometry": {"type": "Point", "coordinates": [2.2267243, 6.4376156]}, "properties": {"kind": "OUT_OF_SCOPE"}}, {"type": "Feature", "geometry": {"type": "Point", "coordinates": [2.293461, 6.5856125]}, "properties": {"kind": "OUT_OF_SCOPE"}}, {"type": "Feature", "geometry": {"type": "Point", "coordinates": [2.2932579, 6.5852208]}, "properties": {"kind": "OUT_OF_SCOPE"}}, {"type": "Feature", "geometry": {"type": "Point", "coordinates": [2.2959521, 6.5881078]}, "properties": {"kind": "OUT_OF_SCOPE"}}, {"type": "Feature", "geometry": {"type": "Point", "coordinates": [2.2968426, 6.588205]}, "properties": {"kind": "OUT_OF_SCOPE"}}, {"type": "Feature", "geometry": {"type": "Point", "coordinates": [2.2977184, 6.5880518]}, "properties": {"kind": "OUT_OF_SCOPE"}}, {"type": "Feature", "geometry": {"type": "Point", "coordinates": [2.2986276, 6.5880079]}, "properties": {"kind": "OUT_OF_SCOPE"}}, {"type": "Feature", "geometry": {"type": "Point", "coordinates": [2.2991547, 6.5878113]}, "properties": {"kind": "OUT_OF_SCOPE"}}, {"type": "Feature", "geometry": {"type": "Point", "coordinates": [2.2998608, 6.5876388]}, "properties": {"kind": "OUT_OF_SCOPE"}}, {"type": "Feature", "geometry": {"type": "Point", "coordinates": [2.3007506, 6.5875895]}, "properties": {"kind": "OUT_OF_SCOPE"}}, {"type": "Feature", "geometry": {"type": "Point", "coordinates": [2.2926638, 6.5872671]}, "properties": {"kind": "OUT_OF_SCOPE"}}, {"type": "Feature", "geometry": {"type": "Point", "coordinates": [2.2908908, 6.5854193]}, "properties": {"kind": "OUT_OF_SCOPE"}}, {"type": "Feature", "geometry": {"type": "Point", "coordinates": [2.2910893, 6.5844641]}, "properties": {"kind": "OUT_OF_SCOPE"}}, {"type": "Feature", "geometry": {"type": "Point", "coordinates": [2.2907192, 6.5835714]}, "properties": {"kind": "OUT_OF_SCOPE"}}, {"type": "Feature", "geometry": {"type": "Point", "coordinates": [2.2904322, 6.5822592]}, "properties": {"kind": "OUT_OF_SCOPE"}}, {"type": "Feature", "geometry": {"type": "Point", "coordinates": [2.2910692, 6.5813759]}, "properties": {"kind": "OUT_OF_SCOPE"}}, {"type": "Feature", "geometry": {"type": "Point", "coordinates": [2.2919315, 6.5803061]}, "properties": {"kind": "OUT_OF_SCOPE"}}, {"type": "Feature", "geometry": {"type": "Point", "coordinates": [2.2934537, 6.5778947]}, "properties": {"kind": "OUT_OF_SCOPE"}}, {"type": "Feature", "geometry": {"type": "Point", "coordinates": [2.296966, 6.5867915]}, "properties": {"kind": "OUT_OF_SCOPE"}}, {"type": "Feature", "geometry": {"type": "Point", "coordinates": [2.2988342, 6.5862346]}, "properties": {"kind": "OUT_OF_SCOPE"}}, {"type": "Feature", "geometry": {"type": "Point", "coordinates": [2.2699843, 6.6133373]}, "properties": {"kind": "OUT_OF_SCOPE"}}, {"type": "Feature", "geometry": {"type": "Point", "coordinates": [2.2690442, 6.6133866]}, "properties": {"kind": "OUT_OF_SCOPE"}}, {"type": "Feature", "geometry": {"type": "Point", "coordinates": [2.263771, 6.619777]}, "properties": {"kind": "OUT_OF_SCOPE"}}, {"type": "Feature", "geometry": {"type": "Point", "coordinates": [2.2648331, 6.6183755]}, "properties": {"kind": "OUT_OF_SCOPE"}}, {"type": "Feature", "geometry": {"type": "Point", "coordinates": [2.1976512, 6.4165724]}, "properties": {"kind": "OUT_OF_SCOPE"}}, {"type": "Feature", "geometry": {"type": "Point", "coordinates": [2.198824, 6.4176215]}, "properties": {"kind": "OUT_OF_SCOPE"}}, {"type": "Feature", "geometry": {"type": "Point", "coordinates": [2.1999291, 6.418657]}, "properties": {"kind": "OUT_OF_SCOPE"}}, {"type": "Feature", "geometry": {"type": "Point", "coordinates": [2.2003341, 6.4150587]}, "properties": {"kind": "OUT_OF_SCOPE"}}, {"type": "Feature", "geometry": {"type": "Point", "coordinates": [2.19987, 6.4101597]}, "properties": {"kind": "OUT_OF_SCOPE"}}, {"type": "Feature", "geometry": {"type": "Point", "coordinates": [2.2700393, 6.601518]}, "properties": {"kind": "OUT_OF_SCOPE"}}, {"type": "Feature", "geometry": {"type": "Point", "coordinates": [2.2668944, 6.6053175]}, "properties": {"kind": "OUT_OF_SCOPE"}}, {"type": "Feature", "geometry": {"type": "Point", "coordinates": [2.2627317, 6.6061754]}, "properties": {"kind": "OUT_OF_SCOPE"}}, {"type": "Feature", "geometry": {"type": "Point", "coordinates": [2.2244619, 6.4683349]}, "properties": {"kind": "OUT_OF_SCOPE"}}, {"type": "Feature", "geometry": {"type": "Point", "coordinates": [2.2262281, 6.4618]}, "properties": {"kind": "OUT_OF_SCOPE"}}, {"type": "Feature", "geometry": {"type": "Point", "coordinates": [2.2259894, 6.4651354]}, "properties": {"kind": "OUT_OF_SCOPE"}}, {"type": "Feature", "geometry": {"type": "Point", "coordinates": [2.2228646, 6.4704817]}, "properties": {"kind": "OUT_OF_SCOPE"}}, {"type": "Feature", "geometry": {"type": "Point", "coordinates": [2.2252679, 6.4668344]}, "properties": {"kind": "OUT_OF_SCOPE"}}, {"type": "Feature", "geometry": {"type": "Point", "coordinates": [2.2261316, 6.4615288]}, "properties": {"kind": "OUT_OF_SCOPE"}}, {"type": "Feature", "geometry": {"type": "Point", "coordinates": [2.2248374, 6.4651407]}, "properties": {"kind": "OUT_OF_SCOPE"}}, {"type": "Feature", "geometry": {"type": "Point", "coordinates": [2.2245745, 6.4633071]}, "properties": {"kind": "OUT_OF_SCOPE"}}, {"type": "Feature", "geometry": {"type": "Point", "coordinates": [2.2271079, 6.462974]}, "properties": {"kind": "OUT_OF_SCOPE"}}, {"type": "Feature", "geometry": {"type": "Point", "coordinates": [2.2266009, 6.4614535]}, "properties": {"kind": "OUT_OF_SCOPE"}}, {"type": "Feature", "geometry": {"type": "Point", "coordinates": [2.2305277, 6.361861]}, "properties": {"kind": "OUT_OF_SCOPE"}}, {"type": "Feature", "geometry": {"type": "Point", "coordinates": [2.3225427, 6.6213127]}, "properties": {"kind": "OUT_OF_SCOPE"}}, {"type": "Feature", "geometry": {"type": "Point", "coordinates": [2.3243514, 6.6260301]}, "properties": {"kind": "OUT_OF_SCOPE"}}, {"type": "Feature", "geometry": {"type": "Point", "coordinates": [2.3231873, 6.6244608]}, "properties": {"kind": "OUT_OF_SCOPE"}}, {"type": "Feature", "geometry": {"type": "Point", "coordinates": [2.3203079, 6.6243922]}, "properties": {"kind": "OUT_OF_SCOPE"}}, {"type": "Feature", "geometry": {"type": "Point", "coordinates": [2.3200626, 6.6250909]}, "properties": {"kind": "OUT_OF_SCOPE"}}, {"type": "Feature", "geometry": {"type": "Point", "coordinates": [2.3192847, 6.6257383]}, "properties": {"kind": "OUT_OF_SCOPE"}}, {"type": "Feature", "geometry": {"type": "Point", "coordinates": [2.3197983, 6.626106]}, "properties": {"kind": "OUT_OF_SCOPE"}}, {"type": "Feature", "geometry": {"type": "Point", "coordinates": [2.3205514, 6.6251589]}, "properties": {"kind": "OUT_OF_SCOPE"}}, {"type": "Feature", "geometry": {"type": "Point", "coordinates": [2.225579, 6.368665]}, "properties": {"kind": "OUT_OF_SCOPE"}}, {"type": "Feature", "geometry": {"type": "Point", "coordinates": [2.2267029, 6.368004]}, "properties": {"kind": "OUT_OF_SCOPE"}}, {"type": "Feature", "geometry": {"type": "Point", "coordinates": [2.2252893, 6.3693901]}, "properties": {"kind": "OUT_OF_SCOPE"}}, {"type": "Feature", "geometry": {"type": "Point", "coordinates": [2.2287561, 6.3703178]}, "properties": {"kind": "OUT_OF_SCOPE"}}, {"type": "Feature", "geometry": {"type": "Point", "coordinates": [2.2201845, 6.3621483]}, "properties": {"kind": "OUT_OF_SCOPE"}}, {"type": "Feature", "geometry": {"type": "Point", "coordinates": [2.2224791, 6.3654503]}, "properties": {"kind": "OUT_OF_SCOPE"}}, {"type": "Feature", "geometry": {"type": "Point", "coordinates": [2.2228695, 6.3644988]}, "properties": {"kind": "OUT_OF_SCOPE"}}, {"type": "Feature", "geometry": {"type": "Point", "coordinates": [2.2278777, 6.368901]}, "properties": {"kind": "OUT_OF_SCOPE"}}, {"type": "Feature", "geometry": {"type": "Point", "coordinates": [2.2264842, 6.3669098]}, "properties": {"kind": "OUT_OF_SCOPE"}}, {"type": "Feature", "geometry": {"type": "Point", "coordinates": [2.2275612, 6.3670137]}, "properties": {"kind": "OUT_OF_SCOPE"}}, {"type": "Feature", "geometry": {"type": "Point", "coordinates": [2.2268397, 6.3667312]}, "properties": {"kind": "OUT_OF_SCOPE"}}, {"type": "Feature", "geometry": {"type": "Point", "coordinates": [2.3358554, 6.6357227]}, "properties": {"kind": "OUT_OF_SCOPE"}}, {"type": "Feature", "geometry": {"type": "Point", "coordinates": [2.3348013, 6.6349288]}, "properties": {"kind": "OUT_OF_SCOPE"}}, {"type": "Feature", "geometry": {"type": "Point", "coordinates": [2.333782, 6.6348036]}, "properties": {"kind": "OUT_OF_SCOPE"}}, {"type": "Feature", "geometry": {"type": "Point", "coordinates": [2.2267619, 6.3658488]}, "properties": {"kind": "OUT_OF_SCOPE"}}, {"type": "Feature", "geometry": {"type": "Point", "coordinates": [2.2245906, 6.3661661]}, "properties": {"kind": "OUT_OF_SCOPE"}}, {"type": "Feature", "geometry": {"type": "Point", "coordinates": [2.2121226, 6.3606064]}, "properties": {"kind": "OUT_OF_SCOPE"}}, {"type": "Feature", "geometry": {"type": "Point", "coordinates": [2.212935, 6.3621765]}, "properties": {"kind": "OUT_OF_SCOPE"}}, {"type": "Feature", "geometry": {"type": "Point", "coordinates": [2.2142417, 6.3634306]}, "properties": {"kind": "OUT_OF_SCOPE"}}, {"type": "Feature", "geometry": {"type": "Point", "coordinates": [2.2153089, 6.3637922]}, "properties": {"kind": "OUT_OF_SCOPE"}}, {"type": "Feature", "geometry": {"type": "Point", "coordinates": [2.2171743, 6.3644925]}, "properties": {"kind": "OUT_OF_SCOPE"}}, {"type": "Feature", "geometry": {"type": "Point", "coordinates": [2.2182459, 6.3649905]}, "properties": {"kind": "OUT_OF_SCOPE"}}, {"type": "Feature", "geometry": {"type": "Point", "coordinates": [2.2194328, 6.3662127]}, "properties": {"kind": "OUT_OF_SCOPE"}}, {"type": "Feature", "geometry": {"type": "Point", "coordinates": [2.2202267, 6.3666885]}, "properties": {"kind": "OUT_OF_SCOPE"}}, {"type": "Feature", "geometry": {"type": "Point", "coordinates": [2.2178824, 6.4178454]}, "properties": {"kind": "OUT_OF_SCOPE"}}, {"type": "Feature", "geometry": {"type": "Point", "coordinates": [2.2195186, 6.4188516]}, "properties": {"kind": "OUT_OF_SCOPE"}}, {"type": "Feature", "geometry": {"type": "Point", "coordinates": [2.2191485, 6.4188129]}, "properties": {"kind": "OUT_OF_SCOPE"}}, {"type": "Feature", "geometry": {"type": "Point", "coordinates": [2.2180903, 6.4188742]}, "properties": {"kind": "OUT_OF_SCOPE"}}, {"type": "Feature", "geometry": {"type": "Point", "coordinates": [2.2158365, 6.4155778]}, "properties": {"kind": "OUT_OF_SCOPE"}}, {"type": "Feature", "geometry": {"type": "Point", "coordinates": [2.2148012, 6.4152999]}, "properties": {"kind": "OUT_OF_SCOPE"}}, {"type": "Feature", "geometry": {"type": "Point", "coordinates": [2.2157487, 6.4156905]}, "properties": {"kind": "OUT_OF_SCOPE"}}, {"type": "Feature", "geometry": {"type": "Point", "coordinates": [2.2146698, 6.4135551]}, "properties": {"kind": "OUT_OF_SCOPE"}}, {"type": "Feature", "geometry": {"type": "Point", "coordinates": [2.2160089, 6.4167299]}, "properties": {"kind": "OUT_OF_SCOPE"}}, {"type": "Feature", "geometry": {"type": "Point", "coordinates": [2.2142829, 6.4165753]}, "properties": {"kind": "OUT_OF_SCOPE"}}, {"type": "Feature", "geometry": {"type": "Point", "coordinates": [2.216304, 6.4182333]}, "properties": {"kind": "OUT_OF_SCOPE"}}, {"type": "Feature", "geometry": {"type": "Point", "coordinates": [2.2169034, 6.4180653]}, "properties": {"kind": "OUT_OF_SCOPE"}}, {"type": "Feature", "geometry": {"type": "Point", "coordinates": [2.2185208, 6.415909]}, "properties": {"kind": "OUT_OF_SCOPE"}}, {"type": "Feature", "geometry": {"type": "Point", "coordinates": [2.2184496, 6.4167423]}, "properties": {"kind": "OUT_OF_SCOPE"}}, {"type": "Feature", "geometry": {"type": "Point", "coordinates": [2.2177604, 6.4176268]}, "properties": {"kind": "OUT_OF_SCOPE"}}, {"type": "Feature", "geometry": {"type": "Point", "coordinates": [2.2165923, 6.4161956]}, "properties": {"kind": "OUT_OF_SCOPE"}}, {"type": "Feature", "geometry": {"type": "Point", "coordinates": [2.218148, 6.4176615]}, "properties": {"kind": "OUT_OF_SCOPE"}}, {"type": "Feature", "geometry": {"type": "Point", "coordinates": [2.2141394, 6.4118256]}, "properties": {"kind": "OUT_OF_SCOPE"}}, {"type": "Feature", "geometry": {"type": "Point", "coordinates": [2.2139543, 6.4123987]}, "properties": {"kind": "OUT_OF_SCOPE"}}, {"type": "Feature", "geometry": {"type": "Point", "coordinates": [2.2195226, 6.4172684]}, "properties": {"kind": "OUT_OF_SCOPE"}}, {"type": "Feature", "geometry": {"type": "Point", "coordinates": [2.2176055, 6.4157764]}, "properties": {"kind": "OUT_OF_SCOPE"}}, {"type": "Feature", "geometry": {"type": "Point", "coordinates": [2.2185114, 6.4184118]}, "properties": {"kind": "OUT_OF_SCOPE"}}, {"type": "Feature", "geometry": {"type": "Point", "coordinates": [2.2140214, 6.4096772]}, "properties": {"kind": "OUT_OF_SCOPE"}}, {"type": "Feature", "geometry": {"type": "Point", "coordinates": [2.2188883, 6.417255]}, "properties": {"kind": "OUT_OF_SCOPE"}}, {"type": "Feature", "geometry": {"type": "Point", "coordinates": [2.2148328, 6.4169325]}, "properties": {"kind": "OUT_OF_SCOPE"}}, {"type": "Feature", "geometry": {"type": "Point", "coordinates": [2.2164521, 6.4177804]}, "properties": {"kind": "OUT_OF_SCOPE"}}, {"type": "Feature", "geometry": {"type": "Point", "coordinates": [2.2172829, 6.4151227]}, "properties": {"kind": "OUT_OF_SCOPE"}}, {"type": "Feature", "geometry": {"type": "Point", "coordinates": [2.2702767, 6.589476]}, "properties": {"kind": "OUT_OF_SCOPE"}}, {"type": "Feature", "geometry": {"type": "Point", "coordinates": [2.2751194, 6.5887792]}, "properties": {"kind": "OUT_OF_SCOPE"}}, {"type": "Feature", "geometry": {"type": "Point", "coordinates": [2.2717506, 6.5832504]}, "properties": {"kind": "OUT_OF_SCOPE"}}, {"type": "Feature", "geometry": {"type": "Point", "coordinates": [2.2697886, 6.5854806]}, "properties": {"kind": "OUT_OF_SCOPE"}}, {"type": "Feature", "geometry": {"type": "Point", "coordinates": [2.2148958, 6.3566109]}, "properties": {"kind": "OUT_OF_SCOPE"}}, {"type": "Feature", "geometry": {"type": "Point", "coordinates": [2.2165212, 6.3568801]}, "properties": {"kind": "OUT_OF_SCOPE"}}, {"type": "Feature", "geometry": {"type": "Point", "coordinates": [2.2120595, 6.3605045]}, "properties": {"kind": "OUT_OF_SCOPE"}}, {"type": "Feature", "geometry": {"type": "Point", "coordinates": [2.2149226, 6.359871]}, "properties": {"kind": "OUT_OF_SCOPE"}}, {"type": "Feature", "geometry": {"type": "Point", "coordinates": [2.2124684, 6.356115]}, "properties": {"kind": "OUT_OF_SCOPE"}}, {"type": "Feature", "geometry": {"type": "Point", "coordinates": [2.2109583, 6.3564242]}, "properties": {"kind": "OUT_OF_SCOPE"}}, {"type": "Feature", "geometry": {"type": "Point", "coordinates": [2.21297, 6.3561417]}, "properties": {"kind": "OUT_OF_SCOPE"}}, {"type": "Feature", "geometry": {"type": "Point", "coordinates": [2.210564, 6.3553952]}, "properties": {"kind": "OUT_OF_SCOPE"}}, {"type": "Feature", "geometry": {"type": "Point", "coordinates": [2.2077075, 6.3554966]}, "properties": {"kind": "OUT_OF_SCOPE"}}, {"type": "Feature", "geometry": {"type": "Point", "coordinates": [2.2109985, 6.3594738]}, "properties": {"kind": "OUT_OF_SCOPE"}}, {"type": "Feature", "geometry": {"type": "Point", "coordinates": [2.2152252, 6.3630748]}, "properties": {"kind": "OUT_OF_SCOPE"}}, {"type": "Feature", "geometry": {"type": "Point", "coordinates": [2.2273942, 6.3681766]}, "properties": {"kind": "OUT_OF_SCOPE"}}, {"type": "Feature", "geometry": {"type": "Point", "coordinates": [2.2257909, 6.3680373]}, "properties": {"kind": "OUT_OF_SCOPE"}}, {"type": "Feature", "geometry": {"type": "Point", "coordinates": [2.2255749, 6.3685852]}, "properties": {"kind": "OUT_OF_SCOPE"}}, {"type": "Feature", "geometry": {"type": "Point", "coordinates": [2.2282961, 6.36613]}, "properties": {"kind": "OUT_OF_SCOPE"}}, {"type": "Feature", "geometry": {"type": "Point", "coordinates": [2.2264843, 6.3661674]}, "properties": {"kind": "OUT_OF_SCOPE"}}, {"type": "Feature", "geometry": {"type": "Point", "coordinates": [2.2254281, 6.3681006]}, "properties": {"kind": "OUT_OF_SCOPE"}}, {"type": "Feature", "geometry": {"type": "Point", "coordinates": [2.2270931, 6.3680853]}, "properties": {"kind": "OUT_OF_SCOPE"}}, {"type": "Feature", "geometry": {"type": "Point", "coordinates": [2.2272393, 6.3685611]}, "properties": {"kind": "OUT_OF_SCOPE"}}, {"type": "Feature", "geometry": {"type": "Point", "coordinates": [2.2277181, 6.3690343]}, "properties": {"kind": "OUT_OF_SCOPE"}}, {"type": "Feature", "geometry": {"type": "Point", "coordinates": [2.2272286, 6.3665978]}, "properties": {"kind": "OUT_OF_SCOPE"}}, {"type": "Feature", "geometry": {"type": "Point", "coordinates": [2.2278602, 6.3666179]}, "properties": {"kind": "OUT_OF_SCOPE"}}, {"type": "Feature", "geometry": {"type": "Point", "coordinates": [2.2288808, 6.3695847]}, "properties": {"kind": "OUT_OF_SCOPE"}}, {"type": "Feature", "geometry": {"type": "Point", "coordinates": [2.2302246, 6.3665432]}, "properties": {"kind": "OUT_OF_SCOPE"}}, {"type": "Feature", "geometry": {"type": "Point", "coordinates": [2.2298564, 6.3673909]}, "properties": {"kind": "OUT_OF_SCOPE"}}, {"type": "Feature", "geometry": {"type": "Point", "coordinates": [2.2280339, 6.3664706]}, "properties": {"kind": "OUT_OF_SCOPE"}}, {"type": "Feature", "geometry": {"type": "Point", "coordinates": [2.2276327, 6.3652667]}, "properties": {"kind": "OUT_OF_SCOPE"}}, {"type": "Feature", "geometry": {"type": "Point", "coordinates": [2.2275307, 6.3637446]}, "properties": {"kind": "OUT_OF_SCOPE"}}, {"type": "Feature", "geometry": {"type": "Point", "coordinates": [2.2307223, 6.3655778]}, "properties": {"kind": "OUT_OF_SCOPE"}}, {"type": "Feature", "geometry": {"type": "Point", "coordinates": [2.2284235, 6.3677974]}, "properties": {"kind": "OUT_OF_SCOPE"}}, {"type": "Feature", "geometry": {"type": "Point", "coordinates": [2.2250996, 6.3672243]}, "properties": {"kind": "OUT_OF_SCOPE"}}, {"type": "Feature", "geometry": {"type": "Point", "coordinates": [2.3123512, 6.6304368]}, "properties": {"kind": "OUT_OF_SCOPE"}}, {"type": "Feature", "geometry": {"type": "Point", "coordinates": [2.3106587, 6.6329759]}, "properties": {"kind": "OUT_OF_SCOPE"}}, {"type": "Feature", "geometry": {"type": "Point", "coordinates": [2.3110503, 6.6322778]}, "properties": {"kind": "OUT_OF_SCOPE"}}, {"type": "Feature", "geometry": {"type": "Point", "coordinates": [2.3107445, 6.6310763]}, "properties": {"kind": "OUT_OF_SCOPE"}}, {"type": "Feature", "geometry": {"type": "Point", "coordinates": [2.2835724, 6.6349381]}, "properties": {"kind": "OUT_OF_SCOPE"}}, {"type": "Feature", "geometry": {"type": "Point", "coordinates": [2.2814199, 6.6355322]}, "properties": {"kind": "OUT_OF_SCOPE"}}, {"type": "Feature", "geometry": {"type": "Point", "coordinates": [2.2889449, 6.5644918]}, "properties": {"kind": "OUT_OF_SCOPE"}}, {"type": "Feature", "geometry": {"type": "Point", "coordinates": [2.2911912, 6.5693893]}, "properties": {"kind": "OUT_OF_SCOPE"}}, {"type": "Feature", "geometry": {"type": "Point", "coordinates": [2.2870284, 6.5674868]}, "properties": {"kind": "OUT_OF_SCOPE"}}, {"type": "Feature", "geometry": {"type": "Point", "coordinates": [2.2860092, 6.5669779]}, "properties": {"kind": "OUT_OF_SCOPE"}}, {"type": "Feature", "geometry": {"type": "Point", "coordinates": [2.2858134, 6.5640881]}, "properties": {"kind": "OUT_OF_SCOPE"}}, {"type": "Feature", "geometry": {"type": "Point", "coordinates": [2.2867025, 6.5626652]}, "properties": {"kind": "OUT_OF_SCOPE"}}, {"type": "Feature", "geometry": {"type": "Point", "coordinates": [2.2865765, 6.5654497]}, "properties": {"kind": "OUT_OF_SCOPE"}}, {"type": "Feature", "geometry": {"type": "Point", "coordinates": [2.2945091, 6.6378454]}, "properties": {"kind": "OUT_OF_SCOPE"}}, {"type": "Feature", "geometry": {"type": "Point", "coordinates": [2.2991098, 6.6373113]}, "properties": {"kind": "OUT_OF_SCOPE"}}, {"type": "Feature", "geometry": {"type": "Point", "coordinates": [2.2982072, 6.6374998]}, "properties": {"kind": "OUT_OF_SCOPE"}}, {"type": "Feature", "geometry": {"type": "Point", "coordinates": [2.2973288, 6.637631]}, "properties": {"kind": "OUT_OF_SCOPE"}}, {"type": "Feature", "geometry": {"type": "Point", "coordinates": [2.2966066, 6.6377662]}, "properties": {"kind": "OUT_OF_SCOPE"}}, {"type": "Feature", "geometry": {"type": "Point", "coordinates": [2.2992908, 6.6375684]}, "properties": {"kind": "OUT_OF_SCOPE"}}, {"type": "Feature", "geometry": {"type": "Point", "coordinates": [2.2215611, 6.4757732]}, "properties": {"kind": "OUT_OF_SCOPE"}}, {"type": "Feature", "geometry": {"type": "Point", "coordinates": [2.2230229, 6.4750403]}, "properties": {"kind": "OUT_OF_SCOPE"}}, {"type": "Feature", "geometry": {"type": "Point", "coordinates": [2.2229196, 6.4724512]}, "properties": {"kind": "OUT_OF_SCOPE"}}, {"type": "Feature", "geometry": {"type": "Point", "coordinates": [2.2225052, 6.4793764]}, "properties": {"kind": "OUT_OF_SCOPE"}}, {"type": "Feature", "geometry": {"type": "Point", "coordinates": [2.3027985, 6.6156539]}, "properties": {"kind": "OUT_OF_SCOPE"}}, {"type": "Feature", "geometry": {"type": "Point", "coordinates": [2.3043079, 6.622406]}, "properties": {"kind": "OUT_OF_SCOPE"}}, {"type": "Feature", "geometry": {"type": "Point", "coordinates": [2.3038003, 6.6215947]}, "properties": {"kind": "OUT_OF_SCOPE"}}, {"type": "Feature", "geometry": {"type": "Point", "coordinates": [2.3032799, 6.621213]}, "properties": {"kind": "OUT_OF_SCOPE"}}, {"type": "Feature", "geometry": {"type": "Point", "coordinates": [2.4947712, 6.36905]}, "properties": {"kind": "OUT_OF_SCOPE"}}, {"type": "Feature", "geometry": {"type": "Point", "coordinates": [2.4955607, 6.36056]}, "properties": {"kind": "OUT_OF_SCOPE"}}, {"type": "Feature", "geometry": {"type": "Point", "coordinates": [2.5022344, 6.3692294]}, "properties": {"kind": "OUT_OF_SCOPE"}}, {"type": "Feature", "geometry": {"type": "Point", "coordinates": [2.4975657, 6.3648798]}, "properties": {"kind": "OUT_OF_SCOPE"}}, {"type": "Feature", "geometry": {"type": "Point", "coordinates": [2.2541285, 6.3597444]}, "properties": {"kind": "OUT_OF_SCOPE"}}, {"type": "Feature", "geometry": {"type": "Point", "coordinates": [2.2534981, 6.3523723]}, "properties": {"kind": "OUT_OF_SCOPE"}}, {"type": "Feature", "geometry": {"type": "Point", "coordinates": [2.2544389, 6.3583386]}, "properties": {"kind": "OUT_OF_SCOPE"}}, {"type": "Feature", "geometry": {"type": "Point", "coordinates": [2.2554387, 6.3585035]}, "properties": {"kind": "OUT_OF_SCOPE"}}, {"type": "Feature", "geometry": {"type": "Point", "coordinates": [2.2537914, 6.3578146]}, "properties": {"kind": "OUT_OF_SCOPE"}}, {"type": "Feature", "geometry": {"type": "Point", "coordinates": [2.4972558, 6.3666422]}, "properties": {"kind": "OUT_OF_SCOPE"}}, {"type": "Feature", "geometry": {"type": "Point", "coordinates": [2.1982098, 6.3572053]}, "properties": {"kind": "OUT_OF_SCOPE"}}, {"type": "Feature", "geometry": {"type": "Point", "coordinates": [2.1994959, 6.4012197]}, "properties": {"kind": "OUT_OF_SCOPE"}}, {"type": "Feature", "geometry": {"type": "Point", "coordinates": [2.1996776, 6.4015196]}, "properties": {"kind": "OUT_OF_SCOPE"}}, {"type": "Feature", "geometry": {"type": "Point", "coordinates": [2.2020058, 6.4016269]}, "properties": {"kind": "OUT_OF_SCOPE"}}, {"type": "Feature", "geometry": {"type": "Point", "coordinates": [2.2004212, 6.4017008]}, "properties": {"kind": "OUT_OF_SCOPE"}}, {"type": "Feature", "geometry": {"type": "Point", "coordinates": [2.2009235, 6.4032395]}, "properties": {"kind": "OUT_OF_SCOPE"}}, {"type": "Feature", "geometry": {"type": "Point", "coordinates": [2.2008202, 6.4037572]}, "properties": {"kind": "OUT_OF_SCOPE"}}, {"type": "Feature", "geometry": {"type": "Point", "coordinates": [2.2009892, 6.4099291]}, "properties": {"kind": "OUT_OF_SCOPE"}}, {"type": "Feature", "geometry": {"type": "Point", "coordinates": [2.2016832, 6.4094327]}, "properties": {"kind": "OUT_OF_SCOPE"}}, {"type": "Feature", "geometry": {"type": "Point", "coordinates": [2.2015062, 6.4023659]}, "properties": {"kind": "OUT_OF_SCOPE"}}, {"type": "Feature", "geometry": {"type": "Point", "coordinates": [2.2028191, 6.4026164]}, "properties": {"kind": "OUT_OF_SCOPE"}}, {"type": "Feature", "geometry": {"type": "Point", "coordinates": [2.2008792, 6.4038379]}, "properties": {"kind": "OUT_OF_SCOPE"}}, {"type": "Feature", "geometry": {"type": "Point", "coordinates": [2.2020125, 6.4082939]}, "properties": {"kind": "OUT_OF_SCOPE"}}, {"type": "Feature", "geometry": {"type": "Point", "coordinates": [2.1997802, 6.4082552]}, "properties": {"kind": "OUT_OF_SCOPE"}}, {"type": "Feature", "geometry": {"type": "Point", "coordinates": [2.2027266, 6.4084005]}, "properties": {"kind": "OUT_OF_SCOPE"}}, {"type": "Feature", "geometry": {"type": "Point", "coordinates": [2.203367, 6.4094147]}, "properties": {"kind": "OUT_OF_SCOPE"}}, {"type": "Feature", "geometry": {"type": "Point", "coordinates": [2.2030666, 6.4103836]}, "properties": {"kind": "OUT_OF_SCOPE"}}, {"type": "Feature", "geometry": {"type": "Point", "coordinates": [2.2009295, 6.4051659]}, "properties": {"kind": "OUT_OF_SCOPE"}}, {"type": "Feature", "geometry": {"type": "Point", "coordinates": [2.2001759, 6.4051379]}, "properties": {"kind": "OUT_OF_SCOPE"}}, {"type": "Feature", "geometry": {"type": "Point", "coordinates": [2.1997172, 6.4061775]}, "properties": {"kind": "OUT_OF_SCOPE"}}, {"type": "Feature", "geometry": {"type": "Point", "coordinates": [2.19917, 6.4066013]}, "properties": {"kind": "OUT_OF_SCOPE"}}, {"type": "Feature", "geometry": {"type": "Point", "coordinates": [2.1985477, 6.4061135]}, "properties": {"kind": "OUT_OF_SCOPE"}}, {"type": "Feature", "geometry": {"type": "Point", "coordinates": [2.1983533, 6.4074609]}, "properties": {"kind": "OUT_OF_SCOPE"}}, {"type": "Feature", "geometry": {"type": "Point", "coordinates": [2.198883, 6.4078794]}, "properties": {"kind": "OUT_OF_SCOPE"}}, {"type": "Feature", "geometry": {"type": "Point", "coordinates": [2.1992746, 6.4083578]}, "properties": {"kind": "OUT_OF_SCOPE"}}, {"type": "Feature", "geometry": {"type": "Point", "coordinates": [2.2033556, 6.4058376]}, "properties": {"kind": "OUT_OF_SCOPE"}}, {"type": "Feature", "geometry": {"type": "Point", "coordinates": [2.2030404, 6.3999496]}, "properties": {"kind": "OUT_OF_SCOPE"}}, {"type": "Feature", "geometry": {"type": "Point", "coordinates": [2.2051319, 6.4001775]}, "properties": {"kind": "OUT_OF_SCOPE"}}, {"type": "Feature", "geometry": {"type": "Point", "coordinates": [2.2056804, 6.4016175]}, "properties": {"kind": "OUT_OF_SCOPE"}}, {"type": "Feature", "geometry": {"type": "Point", "coordinates": [2.2056019, 6.400588]}, "properties": {"kind": "OUT_OF_SCOPE"}}, {"type": "Feature", "geometry": {"type": "Point", "coordinates": [2.2048932, 6.4011124]}, "properties": {"kind": "OUT_OF_SCOPE"}}, {"type": "Feature", "geometry": {"type": "Point", "coordinates": [2.2001598, 6.4032708]}, "properties": {"kind": "OUT_OF_SCOPE"}}, {"type": "Feature", "geometry": {"type": "Point", "coordinates": [2.2031839, 6.4051073]}, "properties": {"kind": "OUT_OF_SCOPE"}}, {"type": "Feature", "geometry": {"type": "Point", "coordinates": [2.2027648, 6.4094647]}, "properties": {"kind": "OUT_OF_SCOPE"}}, {"type": "Feature", "geometry": {"type": "Point", "coordinates": [2.2116144, 6.3636065]}, "properties": {"kind": "OUT_OF_SCOPE"}}, {"type": "Feature", "geometry": {"type": "Point", "coordinates": [2.2118145, 6.3616977]}, "properties": {"kind": "OUT_OF_SCOPE"}}, {"type": "Feature", "geometry": {"type": "Point", "coordinates": [2.2156844, 6.3664379]}, "properties": {"kind": "OUT_OF_SCOPE"}}, {"type": "Feature", "geometry": {"type": "Point", "coordinates": [2.2174862, 6.3676263]}, "properties": {"kind": "OUT_OF_SCOPE"}}, {"type": "Feature", "geometry": {"type": "Point", "coordinates": [2.2185302, 6.3684278]}, "properties": {"kind": "OUT_OF_SCOPE"}}, {"type": "Feature", "geometry": {"type": "Point", "coordinates": [2.2009939, 6.4097359]}, "properties": {"kind": "OUT_OF_SCOPE"}}, {"type": "Feature", "geometry": {"type": "Point", "coordinates": [2.2058862, 6.4011091]}, "properties": {"kind": "OUT_OF_SCOPE"}}, {"type": "Feature", "geometry": {"type": "Point", "coordinates": [2.2107923, 6.3627319]}, "properties": {"kind": "OUT_OF_SCOPE"}}, {"type": "Feature", "geometry": {"type": "Point", "coordinates": [2.2138007, 6.3684358]}, "properties": {"kind": "OUT_OF_SCOPE"}}, {"type": "Feature", "geometry": {"type": "Point", "coordinates": [2.219161, 6.3624637]}, "properties": {"kind": "OUT_OF_SCOPE"}}, {"type": "Feature", "geometry": {"type": "Point", "coordinates": [2.2823051, 6.5773977]}, "properties": {"kind": "OUT_OF_SCOPE"}}, {"type": "Feature", "geometry": {"type": "Point", "coordinates": [2.2832365, 6.57613]}, "properties": {"kind": "OUT_OF_SCOPE"}}, {"type": "Feature", "geometry": {"type": "Point", "coordinates": [2.2828563, 6.5788885]}, "properties": {"kind": "OUT_OF_SCOPE"}}, {"type": "Feature", "geometry": {"type": "Point", "coordinates": [2.280457, 6.5766676]}, "properties": {"kind": "OUT_OF_SCOPE"}}, {"type": "Feature", "geometry": {"type": "Point", "coordinates": [2.2875059, 6.5783343]}, "properties": {"kind": "OUT_OF_SCOPE"}}, {"type": "Feature", "geometry": {"type": "Point", "coordinates": [2.2881871, 6.5715503]}, "properties": {"kind": "OUT_OF_SCOPE"}}, {"type": "Feature", "geometry": {"type": "Point", "coordinates": [2.2858965, 6.5708215]}, "properties": {"kind": "OUT_OF_SCOPE"}}, {"type": "Feature", "geometry": {"type": "Point", "coordinates": [2.2867776, 6.5712346]}, "properties": {"kind": "OUT_OF_SCOPE"}}, {"type": "Feature", "geometry": {"type": "Point", "coordinates": [2.2883601, 6.5729572]}, "properties": {"kind": "OUT_OF_SCOPE"}}, {"type": "Feature", "geometry": {"type": "Point", "coordinates": [2.2896248, 6.5707476]}, "properties": {"kind": "OUT_OF_SCOPE"}}, {"type": "Feature", "geometry": {"type": "Point", "coordinates": [2.2864759, 6.5779453]}, "properties": {"kind": "OUT_OF_SCOPE"}}, {"type": "Feature", "geometry": {"type": "Point", "coordinates": [2.2870673, 6.5797105]}, "properties": {"kind": "OUT_OF_SCOPE"}}, {"type": "Feature", "geometry": {"type": "Point", "coordinates": [2.2879947, 6.5758456]}, "properties": {"kind": "OUT_OF_SCOPE"}}, {"type": "Feature", "geometry": {"type": "Point", "coordinates": [2.2837628, 6.574484]}, "properties": {"kind": "OUT_OF_SCOPE"}}, {"type": "Feature", "geometry": {"type": "Point", "coordinates": [2.2827141, 6.5792989]}, "properties": {"kind": "OUT_OF_SCOPE"}}, {"type": "Feature", "geometry": {"type": "Point", "coordinates": [2.2864705, 6.5755978]}, "properties": {"kind": "OUT_OF_SCOPE"}}, {"type": "Feature", "geometry": {"type": "Point", "coordinates": [2.2863324, 6.5751168]}, "properties": {"kind": "OUT_OF_SCOPE"}}, {"type": "Feature", "geometry": {"type": "Point", "coordinates": [2.2845259, 6.5752314]}, "properties": {"kind": "OUT_OF_SCOPE"}}, {"type": "Feature", "geometry": {"type": "Point", "coordinates": [2.2810189, 6.5735767]}, "properties": {"kind": "OUT_OF_SCOPE"}}, {"type": "Feature", "geometry": {"type": "Point", "coordinates": [2.2843865, 6.5781065]}, "properties": {"kind": "OUT_OF_SCOPE"}}, {"type": "Feature", "geometry": {"type": "Point", "coordinates": [2.2812523, 6.5747558]}, "properties": {"kind": "OUT_OF_SCOPE"}}, {"type": "Feature", "geometry": {"type": "Point", "coordinates": [2.2813931, 6.5776149]}, "properties": {"kind": "OUT_OF_SCOPE"}}, {"type": "Feature", "geometry": {"type": "Point", "coordinates": [2.2869614, 6.5712459]}, "properties": {"kind": "OUT_OF_SCOPE"}}, {"type": "Feature", "geometry": {"type": "Point", "coordinates": [2.2876346, 6.5716929]}, "properties": {"kind": "OUT_OF_SCOPE"}}, {"type": "Feature", "geometry": {"type": "Point", "coordinates": [2.2869466, 6.5717721]}, "properties": {"kind": "OUT_OF_SCOPE"}}, {"type": "Feature", "geometry": {"type": "Point", "coordinates": [2.2879001, 6.5710334]}, "properties": {"kind": "OUT_OF_SCOPE"}}, {"type": "Feature", "geometry": {"type": "Point", "coordinates": [2.2839037, 6.575366]}, "properties": {"kind": "OUT_OF_SCOPE"}}, {"type": "Feature", "geometry": {"type": "Point", "coordinates": [2.2049421, 6.3989754]}, "properties": {"kind": "OUT_OF_SCOPE"}}, {"type": "Feature", "geometry": {"type": "Point", "coordinates": [2.2034615, 6.3980638]}, "properties": {"kind": "OUT_OF_SCOPE"}}, {"type": "Feature", "geometry": {"type": "Point", "coordinates": [2.2012541, 6.3975946]}, "properties": {"kind": "OUT_OF_SCOPE"}}, {"type": "Feature", "geometry": {"type": "Point", "coordinates": [2.2003877, 6.3992179]}, "properties": {"kind": "OUT_OF_SCOPE"}}, {"type": "Feature", "geometry": {"type": "Point", "coordinates": [2.1998244, 6.3985356]}, "properties": {"kind": "OUT_OF_SCOPE"}}, {"type": "Feature", "geometry": {"type": "Point", "coordinates": [2.2008759, 6.395998]}, "properties": {"kind": "OUT_OF_SCOPE"}}, {"type": "Feature", "geometry": {"type": "Point", "coordinates": [2.2000779, 6.3941281]}, "properties": {"kind": "OUT_OF_SCOPE"}}, {"type": "Feature", "geometry": {"type": "Point", "coordinates": [2.2005647, 6.3944893]}, "properties": {"kind": "OUT_OF_SCOPE"}}, {"type": "Feature", "geometry": {"type": "Point", "coordinates": [2.2016601, 6.3949715]}, "properties": {"kind": "OUT_OF_SCOPE"}}, {"type": "Feature", "geometry": {"type": "Point", "coordinates": [2.2039363, 6.3971122]}, "properties": {"kind": "OUT_OF_SCOPE"}}, {"type": "Feature", "geometry": {"type": "Point", "coordinates": [2.1996984, 6.3967443]}, "properties": {"kind": "OUT_OF_SCOPE"}}, {"type": "Feature", "geometry": {"type": "Point", "coordinates": [2.1975664, 6.3991063]}, "properties": {"kind": "OUT_OF_SCOPE"}}, {"type": "Feature", "geometry": {"type": "Point", "coordinates": [2.1963751, 6.4002041]}, "properties": {"kind": "OUT_OF_SCOPE"}}, {"type": "Feature", "geometry": {"type": "Point", "coordinates": [2.1954364, 6.4017355]}, "properties": {"kind": "OUT_OF_SCOPE"}}, {"type": "Feature", "geometry": {"type": "Point", "coordinates": [2.1957756, 6.402967]}, "properties": {"kind": "OUT_OF_SCOPE"}}, {"type": "Feature", "geometry": {"type": "Point", "coordinates": [2.1950904, 6.4036399]}, "properties": {"kind": "OUT_OF_SCOPE"}}, {"type": "Feature", "geometry": {"type": "Point", "coordinates": [2.194464, 6.4049394]}, "properties": {"kind": "OUT_OF_SCOPE"}}, {"type": "Feature", "geometry": {"type": "Point", "coordinates": [2.1940523, 6.4061095]}, "properties": {"kind": "OUT_OF_SCOPE"}}, {"type": "Feature", "geometry": {"type": "Point", "coordinates": [2.1931846, 6.4076608]}, "properties": {"kind": "OUT_OF_SCOPE"}}, {"type": "Feature", "geometry": {"type": "Point", "coordinates": [2.1925831, 6.4085824]}, "properties": {"kind": "OUT_OF_SCOPE"}}, {"type": "Feature", "geometry": {"type": "Point", "coordinates": [2.1938404, 6.4096186]}, "properties": {"kind": "OUT_OF_SCOPE"}}, {"type": "Feature", "geometry": {"type": "Point", "coordinates": [2.1950609, 6.4104476]}, "properties": {"kind": "OUT_OF_SCOPE"}}, {"type": "Feature", "geometry": {"type": "Point", "coordinates": [2.1962975, 6.4110815]}, "properties": {"kind": "OUT_OF_SCOPE"}}, {"type": "Feature", "geometry": {"type": "Point", "coordinates": [2.199285, 6.4106647]}, "properties": {"kind": "OUT_OF_SCOPE"}}, {"type": "Feature", "geometry": {"type": "Point", "coordinates": [2.2043601, 6.3963152]}, "properties": {"kind": "OUT_OF_SCOPE"}}, {"type": "Feature", "geometry": {"type": "Point", "coordinates": [2.2071885, 6.3953803]}, "properties": {"kind": "OUT_OF_SCOPE"}}, {"type": "Feature", "geometry": {"type": "Point", "coordinates": [2.2054571, 6.3947985]}, "properties": {"kind": "OUT_OF_SCOPE"}}, {"type": "Feature", "geometry": {"type": "Point", "coordinates": [2.2034347, 6.395297]}, "properties": {"kind": "OUT_OF_SCOPE"}}, {"type": "Feature", "geometry": {"type": "Point", "coordinates": [2.2815889, 6.6191642]}, "properties": {"kind": "OUT_OF_SCOPE"}}, {"type": "Feature", "geometry": {"type": "Point", "coordinates": [2.282698, 6.618562]}, "properties": {"kind": "OUT_OF_SCOPE"}}, {"type": "Feature", "geometry": {"type": "Point", "coordinates": [2.2887683, 6.6138493]}, "properties": {"kind": "OUT_OF_SCOPE"}}, {"type": "Feature", "geometry": {"type": "Point", "coordinates": [2.2862197, 6.6170278]}, "properties": {"kind": "OUT_OF_SCOPE"}}, {"type": "Feature", "geometry": {"type": "Point", "coordinates": [2.2849551, 6.6177001]}, "properties": {"kind": "OUT_OF_SCOPE"}}, {"type": "Feature", "geometry": {"type": "Point", "coordinates": [2.2841313, 6.6181418]}, "properties": {"kind": "OUT_OF_SCOPE"}}, {"type": "Feature", "geometry": {"type": "Point", "coordinates": [2.2857763, 6.6106912]}, "properties": {"kind": "OUT_OF_SCOPE"}}, {"type": "Feature", "geometry": {"type": "Point", "coordinates": [2.2871351, 6.6132036]}, "properties": {"kind": "OUT_OF_SCOPE"}}, {"type": "Feature", "geometry": {"type": "Point", "coordinates": [2.2080644, 6.3979861]}, "properties": {"kind": "OUT_OF_SCOPE"}}, {"type": "Feature", "geometry": {"type": "Point", "coordinates": [2.2074392, 6.393663]}, "properties": {"kind": "OUT_OF_SCOPE"}}, {"type": "Feature", "geometry": {"type": "Point", "coordinates": [2.2089147, 6.3960952]}, "properties": {"kind": "OUT_OF_SCOPE"}}, {"type": "Feature", "geometry": {"type": "Point", "coordinates": [2.2087911, 6.3965164]}, "properties": {"kind": "OUT_OF_SCOPE"}}, {"type": "Feature", "geometry": {"type": "Point", "coordinates": [2.2082396, 6.3973158]}, "properties": {"kind": "OUT_OF_SCOPE"}}, {"type": "Feature", "geometry": {"type": "Point", "coordinates": [2.2658604, 6.3520431]}, "properties": {"kind": "OUT_OF_SCOPE"}}, {"type": "Feature", "geometry": {"type": "Point", "coordinates": [2.2672927, 6.5887632]}, "properties": {"kind": "OUT_OF_SCOPE"}}, {"type": "Feature", "geometry": {"type": "Point", "coordinates": [2.270962, 6.5916222]}, "properties": {"kind": "OUT_OF_SCOPE"}}, {"type": "Feature", "geometry": {"type": "Point", "coordinates": [2.2727618, 6.5911826]}, "properties": {"kind": "OUT_OF_SCOPE"}}, {"type": "Feature", "geometry": {"type": "Point", "coordinates": [2.273034, 6.5909068]}, "properties": {"kind": "OUT_OF_SCOPE"}}, {"type": "Feature", "geometry": {"type": "Point", "coordinates": [2.2658564, 6.5874323]}, "properties": {"kind": "OUT_OF_SCOPE"}}, {"type": "Feature", "geometry": {"type": "Point", "coordinates": [2.2627008, 6.5856911]}, "properties": {"kind": "OUT_OF_SCOPE"}}, {"type": "Feature", "geometry": {"type": "Point", "coordinates": [2.2617888, 6.5853447]}, "properties": {"kind": "OUT_OF_SCOPE"}}, {"type": "Feature", "geometry": {"type": "Point", "coordinates": [2.261923, 6.5841163]}, "properties": {"kind": "OUT_OF_SCOPE"}}, {"type": "Feature", "geometry": {"type": "Point", "coordinates": [2.2621509, 6.5831811]}, "properties": {"kind": "OUT_OF_SCOPE"}}, {"type": "Feature", "geometry": {"type": "Point", "coordinates": [2.2660401, 6.5863998]}, "properties": {"kind": "OUT_OF_SCOPE"}}, {"type": "Feature", "geometry": {"type": "Point", "coordinates": [2.2675878, 6.58944]}, "properties": {"kind": "OUT_OF_SCOPE"}}, {"type": "Feature", "geometry": {"type": "Point", "coordinates": [2.2708628, 6.5916089]}, "properties": {"kind": "OUT_OF_SCOPE"}}, {"type": "Feature", "geometry": {"type": "Point", "coordinates": [2.2634954, 6.5898004]}, "properties": {"kind": "OUT_OF_SCOPE"}}, {"type": "Feature", "geometry": {"type": "Point", "coordinates": [2.2652824, 6.5871845]}, "properties": {"kind": "OUT_OF_SCOPE"}}, {"type": "Feature", "geometry": {"type": "Point", "coordinates": [2.2642082, 6.5872205]}, "properties": {"kind": "OUT_OF_SCOPE"}}, {"type": "Feature", "geometry": {"type": "Point", "coordinates": [2.2670299, 6.5892588]}, "properties": {"kind": "OUT_OF_SCOPE"}}, {"type": "Feature", "geometry": {"type": "Point", "coordinates": [2.2655788, 6.58944]}, "properties": {"kind": "OUT_OF_SCOPE"}}, {"type": "Feature", "geometry": {"type": "Point", "coordinates": [2.2999151, 6.6365486]}, "properties": {"kind": "OUT_OF_SCOPE"}}, {"type": "Feature", "geometry": {"type": "Point", "coordinates": [2.308983, 6.6314093]}, "properties": {"kind": "OUT_OF_SCOPE"}}, {"type": "Feature", "geometry": {"type": "Point", "coordinates": [2.3074615, 6.6325762]}, "properties": {"kind": "OUT_OF_SCOPE"}}, {"type": "Feature", "geometry": {"type": "Point", "coordinates": [2.3068231, 6.6315079]}, "properties": {"kind": "OUT_OF_SCOPE"}}, {"type": "Feature", "geometry": {"type": "Point", "coordinates": [2.304273, 6.6349807]}, "properties": {"kind": "OUT_OF_SCOPE"}}, {"type": "Feature", "geometry": {"type": "Point", "coordinates": [2.3050998, 6.6355336]}, "properties": {"kind": "OUT_OF_SCOPE"}}, {"type": "Feature", "geometry": {"type": "Point", "coordinates": [2.2011415, 6.3878255]}, "properties": {"kind": "OUT_OF_SCOPE"}}, {"type": "Feature", "geometry": {"type": "Point", "coordinates": [2.2011488, 6.3874543]}, "properties": {"kind": "OUT_OF_SCOPE"}}, {"type": "Feature", "geometry": {"type": "Point", "coordinates": [2.2052694, 6.3861902]}, "properties": {"kind": "OUT_OF_SCOPE"}}, {"type": "Feature", "geometry": {"type": "Point", "coordinates": [2.2039168, 6.3862894]}, "properties": {"kind": "OUT_OF_SCOPE"}}, {"type": "Feature", "geometry": {"type": "Point", "coordinates": [2.2072957, 6.3818719]}, "properties": {"kind": "OUT_OF_SCOPE"}}, {"type": "Feature", "geometry": {"type": "Point", "coordinates": [2.205836, 6.3816793]}, "properties": {"kind": "OUT_OF_SCOPE"}}, {"type": "Feature", "geometry": {"type": "Point", "coordinates": [2.2044298, 6.3809643]}, "properties": {"kind": "OUT_OF_SCOPE"}}, {"type": "Feature", "geometry": {"type": "Point", "coordinates": [2.201265, 6.378989]}, "properties": {"kind": "OUT_OF_SCOPE"}}, {"type": "Feature", "geometry": {"type": "Point", "coordinates": [2.1996059, 6.3777815]}, "properties": {"kind": "OUT_OF_SCOPE"}}, {"type": "Feature", "geometry": {"type": "Point", "coordinates": [2.1973743, 6.3765474]}, "properties": {"kind": "OUT_OF_SCOPE"}}, {"type": "Feature", "geometry": {"type": "Point", "coordinates": [2.2733116, 6.3550941]}, "properties": {"kind": "OUT_OF_SCOPE"}}, {"type": "Feature", "geometry": {"type": "Point", "coordinates": [2.2710934, 6.3524097]}, "properties": {"kind": "OUT_OF_SCOPE"}}, {"type": "Feature", "geometry": {"type": "Point", "coordinates": [2.2761494, 6.5975267]}, "properties": {"kind": "OUT_OF_SCOPE"}}, {"type": "Feature", "geometry": {"type": "Point", "coordinates": [2.2618049, 6.5943187]}, "properties": {"kind": "OUT_OF_SCOPE"}}, {"type": "Feature", "geometry": {"type": "Point", "coordinates": [2.2629422, 6.5955124]}, "properties": {"kind": "OUT_OF_SCOPE"}}, {"type": "Feature", "geometry": {"type": "Point", "coordinates": [2.2657531, 6.5954964]}, "properties": {"kind": "OUT_OF_SCOPE"}}, {"type": "Feature", "geometry": {"type": "Point", "coordinates": [2.2679365, 6.5966474]}, "properties": {"kind": "OUT_OF_SCOPE"}}, {"type": "Feature", "geometry": {"type": "Point", "coordinates": [2.2707501, 6.5957548]}, "properties": {"kind": "OUT_OF_SCOPE"}}, {"type": "Feature", "geometry": {"type": "Point", "coordinates": [2.270329, 6.5940762]}, "properties": {"kind": "OUT_OF_SCOPE"}}, {"type": "Feature", "geometry": {"type": "Point", "coordinates": [2.2714045, 6.5960719]}, "properties": {"kind": "OUT_OF_SCOPE"}}, {"type": "Feature", "geometry": {"type": "Point", "coordinates": [2.2699642, 6.5996809]}, "properties": {"kind": "OUT_OF_SCOPE"}}, {"type": "Feature", "geometry": {"type": "Point", "coordinates": [2.2748727, 6.5979796]}, "properties": {"kind": "OUT_OF_SCOPE"}}, {"type": "Feature", "geometry": {"type": "Point", "coordinates": [2.2783488, 6.5949195]}, "properties": {"kind": "OUT_OF_SCOPE"}}, {"type": "Feature", "geometry": {"type": "Point", "coordinates": [2.2777399, 6.5949795]}, "properties": {"kind": "OUT_OF_SCOPE"}}, {"type": "Feature", "geometry": {"type": "Point", "coordinates": [2.275916, 6.5955403]}, "properties": {"kind": "OUT_OF_SCOPE"}}, {"type": "Feature", "geometry": {"type": "Point", "coordinates": [2.2793687, 6.5899956]}, "properties": {"kind": "OUT_OF_SCOPE"}}, {"type": "Feature", "geometry": {"type": "Point", "coordinates": [2.2732975, 6.5938044]}, "properties": {"kind": "OUT_OF_SCOPE"}}, {"type": "Feature", "geometry": {"type": "Point", "coordinates": [2.2741511, 6.5933448]}, "properties": {"kind": "OUT_OF_SCOPE"}}, {"type": "Feature", "geometry": {"type": "Point", "coordinates": [2.2758953, 6.597404]}, "properties": {"kind": "OUT_OF_SCOPE"}}, {"type": "Feature", "geometry": {"type": "Point", "coordinates": [2.2795397, 6.6011876]}, "properties": {"kind": "OUT_OF_SCOPE"}}, {"type": "Feature", "geometry": {"type": "Point", "coordinates": [2.3052688, 6.600331]}, "properties": {"kind": "OUT_OF_SCOPE"}}, {"type": "Feature", "geometry": {"type": "Point", "coordinates": [2.3059005, 6.6002318]}, "properties": {"kind": "OUT_OF_SCOPE"}}, {"type": "Feature", "geometry": {"type": "Point", "coordinates": [2.309327, 6.5988496]}, "properties": {"kind": "OUT_OF_SCOPE"}}, {"type": "Feature", "geometry": {"type": "Point", "coordinates": [2.303528, 6.5904059]}, "properties": {"kind": "OUT_OF_SCOPE"}}, {"type": "Feature", "geometry": {"type": "Point", "coordinates": [2.3060131, 6.5929458]}, "properties": {"kind": "OUT_OF_SCOPE"}}, {"type": "Feature", "geometry": {"type": "Point", "coordinates": [2.3053258, 6.5940962]}, "properties": {"kind": "OUT_OF_SCOPE"}}, {"type": "Feature", "geometry": {"type": "Point", "coordinates": [2.3095872, 6.6002857]}, "properties": {"kind": "OUT_OF_SCOPE"}}, {"type": "Feature", "geometry": {"type": "Point", "coordinates": [2.3086839, 6.6004949]}, "properties": {"kind": "OUT_OF_SCOPE"}}, {"type": "Feature", "geometry": {"type": "Point", "coordinates": [2.308183, 6.6014594]}, "properties": {"kind": "OUT_OF_SCOPE"}}, {"type": "Feature", "geometry": {"type": "Point", "coordinates": [2.3071564, 6.5945412]}, "properties": {"kind": "OUT_OF_SCOPE"}}, {"type": "Feature", "geometry": {"type": "Point", "coordinates": [2.2005976, 6.3837004]}, "properties": {"kind": "OUT_OF_SCOPE"}}, {"type": "Feature", "geometry": {"type": "Point", "coordinates": [2.2240193, 6.4271462]}, "properties": {"kind": "OUT_OF_SCOPE"}}, {"type": "Feature", "geometry": {"type": "Point", "coordinates": [2.2253805, 6.4254431]}, "properties": {"kind": "OUT_OF_SCOPE"}}, {"type": "Feature", "geometry": {"type": "Point", "coordinates": [2.2235781, 6.426252]}, "properties": {"kind": "OUT_OF_SCOPE"}}, {"type": "Feature", "geometry": {"type": "Point", "coordinates": [2.2247207, 6.4288241]}, "properties": {"kind": "OUT_OF_SCOPE"}}, {"type": "Feature", "geometry": {"type": "Point", "coordinates": [2.2246885, 6.4283776]}, "properties": {"kind": "OUT_OF_SCOPE"}}, {"type": "Feature", "geometry": {"type": "Point", "coordinates": [2.2243117, 6.4265619]}, "properties": {"kind": "OUT_OF_SCOPE"}}, {"type": "Feature", "geometry": {"type": "Point", "coordinates": [2.2235506, 6.425659]}, "properties": {"kind": "OUT_OF_SCOPE"}}, {"type": "Feature", "geometry": {"type": "Point", "coordinates": [2.2229129, 6.4248141]}, "properties": {"kind": "OUT_OF_SCOPE"}}, {"type": "Feature", "geometry": {"type": "Point", "coordinates": [2.2236237, 6.4238585]}, "properties": {"kind": "OUT_OF_SCOPE"}}, {"type": "Feature", "geometry": {"type": "Point", "coordinates": [2.2226608, 6.4242343]}, "properties": {"kind": "OUT_OF_SCOPE"}}, {"type": "Feature", "geometry": {"type": "Point", "coordinates": [2.2216408, 6.4226291]}, "properties": {"kind": "OUT_OF_SCOPE"}}, {"type": "Feature", "geometry": {"type": "Point", "coordinates": [2.2243642, 6.4240493]}, "properties": {"kind": "OUT_OF_SCOPE"}}, {"type": "Feature", "geometry": {"type": "Point", "coordinates": [2.2224246, 6.4215002]}, "properties": {"kind": "OUT_OF_SCOPE"}}, {"type": "Feature", "geometry": {"type": "Point", "coordinates": [2.493476, 6.4009685]}, "properties": {"kind": "OUT_OF_SCOPE"}}, {"type": "Feature", "geometry": {"type": "Point", "coordinates": [2.4939371, 6.4003787]}, "properties": {"kind": "OUT_OF_SCOPE"}}, {"type": "Feature", "geometry": {"type": "Point", "coordinates": [2.4953556, 6.3987914]}, "properties": {"kind": "OUT_OF_SCOPE"}}, {"type": "Feature", "geometry": {"type": "Point", "coordinates": [2.4971889, 6.3983037]}, "properties": {"kind": "OUT_OF_SCOPE"}}, {"type": "Feature", "geometry": {"type": "Point", "coordinates": [2.2204842, 6.4205574]}, "properties": {"kind": "OUT_OF_SCOPE"}}, {"type": "Feature", "geometry": {"type": "Point", "coordinates": [2.2205754, 6.4204015]}, "properties": {"kind": "OUT_OF_SCOPE"}}, {"type": "Feature", "geometry": {"type": "Point", "coordinates": [2.2062537, 6.3595911]}, "properties": {"kind": "OUT_OF_SCOPE"}}, {"type": "Feature", "geometry": {"type": "Point", "coordinates": [2.2060914, 6.3575612]}, "properties": {"kind": "OUT_OF_SCOPE"}}, {"type": "Feature", "geometry": {"type": "Point", "coordinates": [2.2076029, 6.3580157]}, "properties": {"kind": "OUT_OF_SCOPE"}}, {"type": "Feature", "geometry": {"type": "Point", "coordinates": [2.2015733, 6.3575225]}, "properties": {"kind": "OUT_OF_SCOPE"}}, {"type": "Feature", "geometry": {"type": "Point", "coordinates": [2.203314, 6.3576131]}, "properties": {"kind": "OUT_OF_SCOPE"}}, {"type": "Feature", "geometry": {"type": "Point", "coordinates": [2.2047879, 6.3585821]}, "properties": {"kind": "OUT_OF_SCOPE"}}, {"type": "Feature", "geometry": {"type": "Point", "coordinates": [2.2055751, 6.349496]}, "properties": {"kind": "OUT_OF_SCOPE"}}, {"type": "Feature", "geometry": {"type": "Point", "coordinates": [2.2049448, 6.3487536]}, "properties": {"kind": "OUT_OF_SCOPE"}}, {"type": "Feature", "geometry": {"type": "Point", "coordinates": [2.2034454, 6.3839377]}, "properties": {"kind": "OUT_OF_SCOPE"}}, {"type": "Feature", "geometry": {"type": "Point", "coordinates": [2.205276, 6.3859582]}, "properties": {"kind": "OUT_OF_SCOPE"}}, {"type": "Feature", "geometry": {"type": "Point", "coordinates": [2.2070141, 6.3854358]}, "properties": {"kind": "OUT_OF_SCOPE"}}, {"type": "Feature", "geometry": {"type": "Point", "coordinates": [2.2089466, 6.3883772]}, "properties": {"kind": "OUT_OF_SCOPE"}}, {"type": "Feature", "geometry": {"type": "Point", "coordinates": [2.2085456, 6.3843789]}, "properties": {"kind": "OUT_OF_SCOPE"}}, {"type": "Feature", "geometry": {"type": "Point", "coordinates": [2.4934311, 6.3741203]}, "properties": {"kind": "OUT_OF_SCOPE"}}, {"type": "Feature", "geometry": {"type": "Point", "coordinates": [2.4970468, 6.3775923]}, "properties": {"kind": "OUT_OF_SCOPE"}}, {"type": "Feature", "geometry": {"type": "Point", "coordinates": [2.25117, 6.6072684]}, "properties": {"kind": "OUT_OF_SCOPE"}}, {"type": "Feature", "geometry": {"type": "Point", "coordinates": [2.2520028, 6.6059857]}, "properties": {"kind": "OUT_OF_SCOPE"}}, {"type": "Feature", "geometry": {"type": "Point", "coordinates": [2.2263098, 6.4321432]}, "properties": {"kind": "OUT_OF_SCOPE"}}, {"type": "Feature", "geometry": {"type": "Point", "coordinates": [2.2271964, 6.4329327]}, "properties": {"kind": "OUT_OF_SCOPE"}}, {"type": "Feature", "geometry": {"type": "Point", "coordinates": [2.2908324, 6.6121128]}, "properties": {"kind": "OUT_OF_SCOPE"}}, {"type": "Feature", "geometry": {"type": "Point", "coordinates": [2.2906643, 6.6097873]}, "properties": {"kind": "OUT_OF_SCOPE"}}, {"type": "Feature", "geometry": {"type": "Point", "coordinates": [2.207503, 6.3821945]}, "properties": {"kind": "OUT_OF_SCOPE"}}, {"type": "Feature", "geometry": {"type": "Point", "coordinates": [2.2069537, 6.3831967]}, "properties": {"kind": "OUT_OF_SCOPE"}}, {"type": "Feature", "geometry": {"type": "Point", "coordinates": [2.295932, 6.5766323]}, "properties": {"kind": "OUT_OF_SCOPE"}}, {"type": "Feature", "geometry": {"type": "Point", "coordinates": [2.297304, 6.5785421]}, "properties": {"kind": "OUT_OF_SCOPE"}}, {"type": "Feature", "geometry": {"type": "Point", "coordinates": [2.3000774, 6.5717582]}, "properties": {"kind": "OUT_OF_SCOPE"}}, {"type": "Feature", "geometry": {"type": "Point", "coordinates": [2.2923982, 6.5709641]}, "properties": {"kind": "OUT_OF_SCOPE"}}, {"type": "Feature", "geometry": {"type": "Point", "coordinates": [2.2951797, 6.5767462]}, "properties": {"kind": "OUT_OF_SCOPE"}}, {"type": "Feature", "geometry": {"type": "Point", "coordinates": [2.2913495, 6.5767955]}, "properties": {"kind": "OUT_OF_SCOPE"}}, {"type": "Feature", "geometry": {"type": "Point", "coordinates": [2.295059, 6.5794721]}, "properties": {"kind": "OUT_OF_SCOPE"}}, {"type": "Feature", "geometry": {"type": "Point", "coordinates": [2.29478, 6.5725149]}, "properties": {"kind": "OUT_OF_SCOPE"}}, {"type": "Feature", "geometry": {"type": "Point", "coordinates": [2.2977117, 6.5700768]}, "properties": {"kind": "OUT_OF_SCOPE"}}, {"type": "Feature", "geometry": {"type": "Point", "coordinates": [2.2957215, 6.5699915]}, "properties": {"kind": "OUT_OF_SCOPE"}}, {"type": "Feature", "geometry": {"type": "Point", "coordinates": [2.2937425, 6.5694963]}, "properties": {"kind": "OUT_OF_SCOPE"}}, {"type": "Feature", "geometry": {"type": "Point", "coordinates": [2.2993022, 6.5736047]}, "properties": {"kind": "OUT_OF_SCOPE"}}, {"type": "Feature", "geometry": {"type": "Point", "coordinates": [2.2071388, 6.3805578]}, "properties": {"kind": "OUT_OF_SCOPE"}}, {"type": "Feature", "geometry": {"type": "Point", "coordinates": [2.2075304, 6.3813174]}, "properties": {"kind": "OUT_OF_SCOPE"}}, {"type": "Feature", "geometry": {"type": "Point", "coordinates": [2.206585, 6.3802459]}, "properties": {"kind": "OUT_OF_SCOPE"}}, {"type": "Feature", "geometry": {"type": "Point", "coordinates": [2.2030545, 6.3805244]}, "properties": {"kind": "OUT_OF_SCOPE"}}, {"type": "Feature", "geometry": {"type": "Point", "coordinates": [2.2051929, 6.380723]}, "properties": {"kind": "OUT_OF_SCOPE"}}, {"type": "Feature", "geometry": {"type": "Point", "coordinates": [2.2037941, 6.3800146]}, "properties": {"kind": "OUT_OF_SCOPE"}}, {"type": "Feature", "geometry": {"type": "Point", "coordinates": [2.204702, 6.3790636]}, "properties": {"kind": "OUT_OF_SCOPE"}}, {"type": "Feature", "geometry": {"type": "Point", "coordinates": [2.204356, 6.3805431]}, "properties": {"kind": "OUT_OF_SCOPE"}}, {"type": "Feature", "geometry": {"type": "Point", "coordinates": [2.2060606, 6.3805444]}, "properties": {"kind": "OUT_OF_SCOPE"}}, {"type": "Feature", "geometry": {"type": "Point", "coordinates": [2.2703665, 6.5944079]}, "properties": {"kind": "OUT_OF_SCOPE"}}, {"type": "Feature", "geometry": {"type": "Point", "coordinates": [2.268151, 6.594721]}, "properties": {"kind": "OUT_OF_SCOPE"}}, {"type": "Feature", "geometry": {"type": "Point", "coordinates": [2.2676589, 6.5940016]}, "properties": {"kind": "OUT_OF_SCOPE"}}, {"type": "Feature", "geometry": {"type": "Point", "coordinates": [2.2675717, 6.5931103]}, "properties": {"kind": "OUT_OF_SCOPE"}}, {"type": "Feature", "geometry": {"type": "Point", "coordinates": [2.2676066, 6.59191]}, "properties": {"kind": "OUT_OF_SCOPE"}}, {"type": "Feature", "geometry": {"type": "Point", "coordinates": [2.2663996, 6.5916649]}, "properties": {"kind": "OUT_OF_SCOPE"}}, {"type": "Feature", "geometry": {"type": "Point", "coordinates": [2.306748, 6.6013022]}, "properties": {"kind": "OUT_OF_SCOPE"}}, {"type": "Feature", "geometry": {"type": "Point", "coordinates": [2.304381, 6.6017605]}, "properties": {"kind": "OUT_OF_SCOPE"}}, {"type": "Feature", "geometry": {"type": "Point", "coordinates": [2.3048276, 6.6025678]}, "properties": {"kind": "OUT_OF_SCOPE"}}, {"type": "Feature", "geometry": {"type": "Point", "coordinates": [2.3016954, 6.6080611]}, "properties": {"kind": "OUT_OF_SCOPE"}}, {"type": "Feature", "geometry": {"type": "Point", "coordinates": [2.3008064, 6.6046544]}, "properties": {"kind": "OUT_OF_SCOPE"}}, {"type": "Feature", "geometry": {"type": "Point", "coordinates": [2.2969087, 6.6015846]}, "properties": {"kind": "OUT_OF_SCOPE"}}, {"type": "Feature", "geometry": {"type": "Point", "coordinates": [2.3012334, 6.6025998]}, "properties": {"kind": "OUT_OF_SCOPE"}}, {"type": "Feature", "geometry": {"type": "Point", "coordinates": [2.2102444, 6.3805298]}, "properties": {"kind": "OUT_OF_SCOPE"}}, {"type": "Feature", "geometry": {"type": "Point", "coordinates": [2.2344496, 6.3635484]}, "properties": {"kind": "OUT_OF_SCOPE"}}, {"type": "Feature", "geometry": {"type": "Point", "coordinates": [2.2373857, 6.3648391]}, "properties": {"kind": "OUT_OF_SCOPE"}}, {"type": "Feature", "geometry": {"type": "Point", "coordinates": [2.2352924, 6.3646745]}, "properties": {"kind": "OUT_OF_SCOPE"}}, {"type": "Feature", "geometry": {"type": "Point", "coordinates": [2.2330859, 6.3645441]}, "properties": {"kind": "OUT_OF_SCOPE"}}, {"type": "Feature", "geometry": {"type": "Point", "coordinates": [2.2353805, 6.3666872]}, "properties": {"kind": "OUT_OF_SCOPE"}}, {"type": "Feature", "geometry": {"type": "Point", "coordinates": [2.2348794, 6.3663388]}, "properties": {"kind": "OUT_OF_SCOPE"}}, {"type": "Feature", "geometry": {"type": "Point", "coordinates": [2.233369, 6.3662282]}, "properties": {"kind": "OUT_OF_SCOPE"}}, {"type": "Feature", "geometry": {"type": "Point", "coordinates": [2.2324908, 6.3642648]}, "properties": {"kind": "OUT_OF_SCOPE"}}, {"type": "Feature", "geometry": {"type": "Point", "coordinates": [2.2348897, 6.3675979]}, "properties": {"kind": "OUT_OF_SCOPE"}}, {"type": "Feature", "geometry": {"type": "Point", "coordinates": [2.2313864, 6.3661033]}, "properties": {"kind": "OUT_OF_SCOPE"}}, {"type": "Feature", "geometry": {"type": "Point", "coordinates": [2.2326194, 6.3662165]}, "properties": {"kind": "OUT_OF_SCOPE"}}, {"type": "Feature", "geometry": {"type": "Point", "coordinates": [2.2880182, 6.6019283]}, "properties": {"kind": "OUT_OF_SCOPE"}}, {"type": "Feature", "geometry": {"type": "Point", "coordinates": [2.2320647, 6.3630829]}, "properties": {"kind": "OUT_OF_SCOPE"}}, {"type": "Feature", "geometry": {"type": "Point", "coordinates": [2.2359233, 6.3634353]}, "properties": {"kind": "OUT_OF_SCOPE"}}, {"type": "Feature", "geometry": {"type": "Point", "coordinates": [2.2352291, 6.3633613]}, "properties": {"kind": "OUT_OF_SCOPE"}}, {"type": "Feature", "geometry": {"type": "Point", "coordinates": [2.2332517, 6.362045]}, "properties": {"kind": "OUT_OF_SCOPE"}}, {"type": "Feature", "geometry": {"type": "Point", "coordinates": [2.2335369, 6.3636611]}, "properties": {"kind": "OUT_OF_SCOPE"}}, {"type": "Feature", "geometry": {"type": "Point", "coordinates": [2.2334822, 6.3604745]}, "properties": {"kind": "OUT_OF_SCOPE"}}, {"type": "Feature", "geometry": {"type": "Point", "coordinates": [2.2343777, 6.3620793]}, "properties": {"kind": "OUT_OF_SCOPE"}}, {"type": "Feature", "geometry": {"type": "Point", "coordinates": [2.2359239, 6.3655896]}, "properties": {"kind": "OUT_OF_SCOPE"}}, {"type": "Feature", "geometry": {"type": "Point", "coordinates": [2.2488282, 6.3580588]}, "properties": {"kind": "OUT_OF_SCOPE"}}, {"type": "Feature", "geometry": {"type": "Point", "coordinates": [2.2482008, 6.3523257]}, "properties": {"kind": "OUT_OF_SCOPE"}}, {"type": "Feature", "geometry": {"type": "Point", "coordinates": [2.2460885, 6.3518378]}, "properties": {"kind": "OUT_OF_SCOPE"}}, {"type": "Feature", "geometry": {"type": "Point", "coordinates": [2.2445879, 6.3518339]}, "properties": {"kind": "OUT_OF_SCOPE"}}, {"type": "Feature", "geometry": {"type": "Point", "coordinates": [2.2428524, 6.3519152]}, "properties": {"kind": "OUT_OF_SCOPE"}}, {"type": "Feature", "geometry": {"type": "Point", "coordinates": [2.2423093, 6.3522844]}, "properties": {"kind": "OUT_OF_SCOPE"}}, {"type": "Feature", "geometry": {"type": "Point", "coordinates": [2.2036037, 6.3823077]}, "properties": {"kind": "OUT_OF_SCOPE"}}, {"type": "Feature", "geometry": {"type": "Point", "coordinates": [2.2104821, 6.3817619]}, "properties": {"kind": "OUT_OF_SCOPE"}}, {"type": "Feature", "geometry": {"type": "Point", "coordinates": [2.207969, 6.380022]}, "properties": {"kind": "OUT_OF_SCOPE"}}, {"type": "Feature", "geometry": {"type": "Point", "coordinates": [2.2293194, 6.358265]}, "properties": {"kind": "OUT_OF_SCOPE"}}, {"type": "Feature", "geometry": {"type": "Point", "coordinates": [2.2229961, 6.3849787]}, "properties": {"kind": "OUT_OF_SCOPE"}}, {"type": "Feature", "geometry": {"type": "Point", "coordinates": [2.2231624, 6.388132]}, "properties": {"kind": "OUT_OF_SCOPE"}}, {"type": "Feature", "geometry": {"type": "Point", "coordinates": [2.2209193, 6.3838545]}, "properties": {"kind": "OUT_OF_SCOPE"}}, {"type": "Feature", "geometry": {"type": "Point", "coordinates": [2.2268102, 6.3828035]}, "properties": {"kind": "OUT_OF_SCOPE"}}, {"type": "Feature", "geometry": {"type": "Point", "coordinates": [2.2265781, 6.3817293]}, "properties": {"kind": "OUT_OF_SCOPE"}}, {"type": "Feature", "geometry": {"type": "Point", "coordinates": [2.2243747, 6.3858156]}, "properties": {"kind": "OUT_OF_SCOPE"}}, {"type": "Feature", "geometry": {"type": "Point", "coordinates": [2.2359709, 6.3633059]}, "properties": {"kind": "OUT_OF_SCOPE"}}, {"type": "Feature", "geometry": {"type": "Point", "coordinates": [2.223739, 6.3786372]}, "properties": {"kind": "OUT_OF_SCOPE"}}, {"type": "Feature", "geometry": {"type": "Point", "coordinates": [2.2258567, 6.379958]}, "properties": {"kind": "OUT_OF_SCOPE"}}, {"type": "Feature", "geometry": {"type": "Point", "coordinates": [2.2274096, 6.380034]}, "properties": {"kind": "OUT_OF_SCOPE"}}, {"type": "Feature", "geometry": {"type": "Point", "coordinates": [2.2011213, 6.3767726]}, "properties": {"kind": "OUT_OF_SCOPE"}}, {"type": "Feature", "geometry": {"type": "Point", "coordinates": [2.2006828, 6.3764967]}, "properties": {"kind": "OUT_OF_SCOPE"}}, {"type": "Feature", "geometry": {"type": "Point", "coordinates": [2.2055067, 6.3765754]}, "properties": {"kind": "OUT_OF_SCOPE"}}, {"type": "Feature", "geometry": {"type": "Point", "coordinates": [2.205264, 6.3794689]}, "properties": {"kind": "OUT_OF_SCOPE"}}, {"type": "Feature", "geometry": {"type": "Point", "coordinates": [2.208752, 6.3753441]}, "properties": {"kind": "OUT_OF_SCOPE"}}, {"type": "Feature", "geometry": {"type": "Point", "coordinates": [2.2059157, 6.3764647]}, "properties": {"kind": "OUT_OF_SCOPE"}}, {"type": "Feature", "geometry": {"type": "Point", "coordinates": [2.2041991, 6.3765527]}, "properties": {"kind": "OUT_OF_SCOPE"}}, {"type": "Feature", "geometry": {"type": "Point", "coordinates": [2.2064656, 6.3779015]}, "properties": {"kind": "OUT_OF_SCOPE"}}, {"type": "Feature", "geometry": {"type": "Point", "coordinates": [2.2034903, 6.3798374]}, "properties": {"kind": "OUT_OF_SCOPE"}}, {"type": "Feature", "geometry": {"type": "Point", "coordinates": [2.2005191, 6.3756144]}, "properties": {"kind": "OUT_OF_SCOPE"}}, {"type": "Feature", "geometry": {"type": "Point", "coordinates": [2.1979093, 6.3757956]}, "properties": {"kind": "OUT_OF_SCOPE"}}, {"type": "Feature", "geometry": {"type": "Point", "coordinates": [2.2034924, 6.3758157]}, "properties": {"kind": "OUT_OF_SCOPE"}}, {"type": "Feature", "geometry": {"type": "Point", "coordinates": [2.2027219, 6.3769532]}, "properties": {"kind": "OUT_OF_SCOPE"}}, {"type": "Feature", "geometry": {"type": "Point", "coordinates": [2.2020051, 6.3749773]}, "properties": {"kind": "OUT_OF_SCOPE"}}, {"type": "Feature", "geometry": {"type": "Point", "coordinates": [2.2435981, 6.3519058]}, "properties": {"kind": "OUT_OF_SCOPE"}}, {"type": "Feature", "geometry": {"type": "Point", "coordinates": [2.2005352, 6.3660767]}, "properties": {"kind": "OUT_OF_SCOPE"}}, {"type": "Feature", "geometry": {"type": "Point", "coordinates": [2.2268504, 6.3797807]}, "properties": {"kind": "OUT_OF_SCOPE"}}, {"type": "Feature", "geometry": {"type": "Point", "coordinates": [2.2036573, 6.3787758]}, "properties": {"kind": "OUT_OF_SCOPE"}}, {"type": "Feature", "geometry": {"type": "Point", "coordinates": [2.202791, 6.3721184]}, "properties": {"kind": "OUT_OF_SCOPE"}}, {"type": "Feature", "geometry": {"type": "Point", "coordinates": [2.2001946, 6.3712188]}, "properties": {"kind": "OUT_OF_SCOPE"}}, {"type": "Feature", "geometry": {"type": "Point", "coordinates": [2.2014311, 6.3719118]}, "properties": {"kind": "OUT_OF_SCOPE"}}, {"type": "Feature", "geometry": {"type": "Point", "coordinates": [2.2067955, 6.3797328]}, "properties": {"kind": "OUT_OF_SCOPE"}}, {"type": "Feature", "geometry": {"type": "Point", "coordinates": [2.2040731, 6.3792103]}, "properties": {"kind": "OUT_OF_SCOPE"}}, {"type": "Feature", "geometry": {"type": "Point", "coordinates": [2.200487, 6.3772098]}, "properties": {"kind": "OUT_OF_SCOPE"}}, {"type": "Feature", "geometry": {"type": "Point", "coordinates": [2.2030136, 6.410866]}, "properties": {"kind": "OUT_OF_SCOPE"}}, {"type": "Feature", "geometry": {"type": "Point", "coordinates": [2.2012836, 6.4107541]}, "properties": {"kind": "OUT_OF_SCOPE"}}, {"type": "Feature", "geometry": {"type": "Point", "coordinates": [2.2029036, 6.4107347]}, "properties": {"kind": "OUT_OF_SCOPE"}}, {"type": "Feature", "geometry": {"type": "Point", "coordinates": [2.2014985, 6.411487]}, "properties": {"kind": "OUT_OF_SCOPE"}}, {"type": "Feature", "geometry": {"type": "Point", "coordinates": [2.2019393, 6.4116496]}, "properties": {"kind": "OUT_OF_SCOPE"}}, {"type": "Feature", "geometry": {"type": "Point", "coordinates": [2.202394, 6.4125932]}, "properties": {"kind": "OUT_OF_SCOPE"}}, {"type": "Feature", "geometry": {"type": "Point", "coordinates": [2.2021312, 6.4141971]}, "properties": {"kind": "OUT_OF_SCOPE"}}, {"type": "Feature", "geometry": {"type": "Point", "coordinates": [2.2018911, 6.4160023]}, "properties": {"kind": "OUT_OF_SCOPE"}}, {"type": "Feature", "geometry": {"type": "Point", "coordinates": [2.2009523, 6.4189929]}, "properties": {"kind": "OUT_OF_SCOPE"}}, {"type": "Feature", "geometry": {"type": "Point", "coordinates": [2.201297, 6.4199644]}, "properties": {"kind": "OUT_OF_SCOPE"}}, {"type": "Feature", "geometry": {"type": "Point", "coordinates": [2.2012688, 6.4119482]}, "properties": {"kind": "OUT_OF_SCOPE"}}, {"type": "Feature", "geometry": {"type": "Point", "coordinates": [2.2013359, 6.4156984]}, "properties": {"kind": "OUT_OF_SCOPE"}}, {"type": "Feature", "geometry": {"type": "Point", "coordinates": [2.2005668, 6.4196692]}, "properties": {"kind": "OUT_OF_SCOPE"}}, {"type": "Feature", "geometry": {"type": "Point", "coordinates": [2.2012353, 6.4218741]}, "properties": {"kind": "OUT_OF_SCOPE"}}, {"type": "Feature", "geometry": {"type": "Point", "coordinates": [2.2041106, 6.4249447]}, "properties": {"kind": "OUT_OF_SCOPE"}}, {"type": "Feature", "geometry": {"type": "Point", "coordinates": [2.2043359, 6.4298569]}, "properties": {"kind": "OUT_OF_SCOPE"}}, {"type": "Feature", "geometry": {"type": "Point", "coordinates": [2.2068277, 6.4332712]}, "properties": {"kind": "OUT_OF_SCOPE"}}, {"type": "Feature", "geometry": {"type": "Point", "coordinates": [2.2174018, 6.3771422]}, "properties": {"kind": "OUT_OF_SCOPE"}}, {"type": "Feature", "geometry": {"type": "Point", "coordinates": [2.2131187, 6.3797405]}, "properties": {"kind": "OUT_OF_SCOPE"}}, {"type": "Feature", "geometry": {"type": "Point", "coordinates": [2.2135487, 6.3813026]}, "properties": {"kind": "OUT_OF_SCOPE"}}, {"type": "Feature", "geometry": {"type": "Point", "coordinates": [2.2921514, 6.6025465]}, "properties": {"kind": "OUT_OF_SCOPE"}}, {"type": "Feature", "geometry": {"type": "Point", "coordinates": [2.2193321, 6.3776683]}, "properties": {"kind": "OUT_OF_SCOPE"}}, {"type": "Feature", "geometry": {"type": "Point", "coordinates": [2.2116717, 6.3723997]}, "properties": {"kind": "OUT_OF_SCOPE"}}, {"type": "Feature", "geometry": {"type": "Point", "coordinates": [2.2155717, 6.3771738]}, "properties": {"kind": "OUT_OF_SCOPE"}}, {"type": "Feature", "geometry": {"type": "Point", "coordinates": [2.248705, 6.34755]}, "properties": {"kind": "OUT_OF_SCOPE"}}, {"type": "Feature", "geometry": {"type": "Point", "coordinates": [2.2486326, 6.3482991]}, "properties": {"kind": "OUT_OF_SCOPE"}}, {"type": "Feature", "geometry": {"type": "Point", "coordinates": [2.2195548, 6.3864393]}, "properties": {"kind": "OUT_OF_SCOPE"}}, {"type": "Feature", "geometry": {"type": "Point", "coordinates": [2.2185785, 6.3877308]}, "properties": {"kind": "OUT_OF_SCOPE"}}, {"type": "Feature", "geometry": {"type": "Point", "coordinates": [2.2156025, 6.3891369]}, "properties": {"kind": "OUT_OF_SCOPE"}}, {"type": "Feature", "geometry": {"type": "Point", "coordinates": [2.2167116, 6.3891542]}, "properties": {"kind": "OUT_OF_SCOPE"}}, {"type": "Feature", "geometry": {"type": "Point", "coordinates": [2.2147185, 6.3857111]}, "properties": {"kind": "OUT_OF_SCOPE"}}, {"type": "Feature", "geometry": {"type": "Point", "coordinates": [2.2139282, 6.387247]}, "properties": {"kind": "OUT_OF_SCOPE"}}, {"type": "Feature", "geometry": {"type": "Point", "coordinates": [2.2129364, 6.38804]}, "properties": {"kind": "OUT_OF_SCOPE"}}, {"type": "Feature", "geometry": {"type": "Point", "coordinates": [2.212624, 6.3894701]}, "properties": {"kind": "OUT_OF_SCOPE"}}, {"type": "Feature", "geometry": {"type": "Point", "coordinates": [2.2931667, 6.5682742]}, "properties": {"kind": "OUT_OF_SCOPE"}}, {"type": "Feature", "geometry": {"type": "Point", "coordinates": [2.29708, 6.5695612]}, "properties": {"kind": "OUT_OF_SCOPE"}}, {"type": "Feature", "geometry": {"type": "Point", "coordinates": [2.2973201, 6.5694453]}, "properties": {"kind": "OUT_OF_SCOPE"}}, {"type": "Feature", "geometry": {"type": "Point", "coordinates": [2.2003596, 6.3974427]}, "properties": {"kind": "OUT_OF_SCOPE"}}, {"type": "Feature", "geometry": {"type": "Point", "coordinates": [2.2007257, 6.3977226]}, "properties": {"kind": "OUT_OF_SCOPE"}}, {"type": "Feature", "geometry": {"type": "Point", "coordinates": [2.2112708, 6.3812775]}, "properties": {"kind": "OUT_OF_SCOPE"}}, {"type": "Feature", "geometry": {"type": "Point", "coordinates": [2.2103548, 6.3818545]}, "properties": {"kind": "OUT_OF_SCOPE"}}, {"type": "Feature", "geometry": {"type": "Point", "coordinates": [2.2141702, 6.3827649]}, "properties": {"kind": "OUT_OF_SCOPE"}}, {"type": "Feature", "geometry": {"type": "Point", "coordinates": [2.2149105, 6.383234]}, "properties": {"kind": "OUT_OF_SCOPE"}}, {"type": "Feature", "geometry": {"type": "Point", "coordinates": [2.254158, 6.3597964]}, "properties": {"kind": "OUT_OF_SCOPE"}}, {"type": "Feature", "geometry": {"type": "Point", "coordinates": [2.253922, 6.3564083]}, "properties": {"kind": "OUT_OF_SCOPE"}}, {"type": "Feature", "geometry": {"type": "Point", "coordinates": [2.213493, 6.3817386]}, "properties": {"kind": "OUT_OF_SCOPE"}}, {"type": "Feature", "geometry": {"type": "Point", "coordinates": [2.2142889, 6.3812888]}, "properties": {"kind": "OUT_OF_SCOPE"}}, {"type": "Feature", "geometry": {"type": "Point", "coordinates": [2.2154657, 6.3797448]}, "properties": {"kind": "OUT_OF_SCOPE"}}, {"type": "Feature", "geometry": {"type": "Point", "coordinates": [2.216253, 6.3799394]}, "properties": {"kind": "OUT_OF_SCOPE"}}, {"type": "Feature", "geometry": {"type": "Point", "coordinates": [2.2186992, 6.3870604]}, "properties": {"kind": "OUT_OF_SCOPE"}}, {"type": "Feature", "geometry": {"type": "Point", "coordinates": [2.2136968, 6.3884399]}, "properties": {"kind": "OUT_OF_SCOPE"}}, {"type": "Feature", "geometry": {"type": "Point", "coordinates": [2.2144606, 6.3813634]}, "properties": {"kind": "OUT_OF_SCOPE"}}, {"type": "Feature", "geometry": {"type": "Point", "coordinates": [2.2183865, 6.3835091]}, "properties": {"kind": "OUT_OF_SCOPE"}}, {"type": "Feature", "geometry": {"type": "Point", "coordinates": [2.2158909, 6.3827049]}, "properties": {"kind": "OUT_OF_SCOPE"}}, {"type": "Feature", "geometry": {"type": "Point", "coordinates": [2.2138336, 6.3844349]}, "properties": {"kind": "OUT_OF_SCOPE"}}, {"type": "Feature", "geometry": {"type": "Point", "coordinates": [2.2158399, 6.3843816]}, "properties": {"kind": "OUT_OF_SCOPE"}}, {"type": "Feature", "geometry": {"type": "Point", "coordinates": [2.2180206, 6.3845495]}, "properties": {"kind": "OUT_OF_SCOPE"}}, {"type": "Feature", "geometry": {"type": "Point", "coordinates": [2.218549, 6.3856397]}, "properties": {"kind": "OUT_OF_SCOPE"}}, {"type": "Feature", "geometry": {"type": "Point", "coordinates": [2.2181573, 6.3829115]}, "properties": {"kind": "OUT_OF_SCOPE"}}, {"type": "Feature", "geometry": {"type": "Point", "coordinates": [2.215457, 6.3843209]}, "properties": {"kind": "OUT_OF_SCOPE"}}, {"type": "Feature", "geometry": {"type": "Point", "coordinates": [2.2112171, 6.3869965]}, "properties": {"kind": "OUT_OF_SCOPE"}}, {"type": "Feature", "geometry": {"type": "Point", "coordinates": [2.2113942, 6.385713]}, "properties": {"kind": "OUT_OF_SCOPE"}}, {"type": "Feature", "geometry": {"type": "Point", "coordinates": [2.2413344, 6.3612039]}, "properties": {"kind": "OUT_OF_SCOPE"}}, {"type": "Feature", "geometry": {"type": "Point", "coordinates": [2.2282894, 6.3772777]}, "properties": {"kind": "OUT_OF_SCOPE"}}, {"type": "Feature", "geometry": {"type": "Point", "coordinates": [2.229192, 6.3788238]}, "properties": {"kind": "OUT_OF_SCOPE"}}, {"type": "Feature", "geometry": {"type": "Point", "coordinates": [2.2297056, 6.3747881]}, "properties": {"kind": "OUT_OF_SCOPE"}}, {"type": "Feature", "geometry": {"type": "Point", "coordinates": [2.2281057, 6.3789384]}, "properties": {"kind": "OUT_OF_SCOPE"}}, {"type": "Feature", "geometry": {"type": "Point", "coordinates": [2.2294025, 6.3757543]}, "properties": {"kind": "OUT_OF_SCOPE"}}, {"type": "Feature", "geometry": {"type": "Point", "coordinates": [2.2276443, 6.3752785]}, "properties": {"kind": "OUT_OF_SCOPE"}}, {"type": "Feature", "geometry": {"type": "Point", "coordinates": [2.2219339, 6.3736552]}, "properties": {"kind": "OUT_OF_SCOPE"}}, {"type": "Feature", "geometry": {"type": "Point", "coordinates": [2.2221109, 6.3730847]}, "properties": {"kind": "OUT_OF_SCOPE"}}, {"type": "Feature", "geometry": {"type": "Point", "coordinates": [2.2211279, 6.3739844]}, "properties": {"kind": "OUT_OF_SCOPE"}}, {"type": "Feature", "geometry": {"type": "Point", "coordinates": [2.2255361, 6.3775896]}, "properties": {"kind": "OUT_OF_SCOPE"}}, {"type": "Feature", "geometry": {"type": "Point", "coordinates": [2.2295232, 6.3701365]}, "properties": {"kind": "OUT_OF_SCOPE"}}, {"type": "Feature", "geometry": {"type": "Point", "coordinates": [2.2271421, 6.3760029]}, "properties": {"kind": "OUT_OF_SCOPE"}}, {"type": "Feature", "geometry": {"type": "Point", "coordinates": [2.2252236, 6.3757377]}, "properties": {"kind": "OUT_OF_SCOPE"}}, {"type": "Feature", "geometry": {"type": "Point", "coordinates": [2.2263408, 6.3760676]}, "properties": {"kind": "OUT_OF_SCOPE"}}, {"type": "Feature", "geometry": {"type": "Point", "coordinates": [2.4922737, 6.3805964]}, "properties": {"kind": "OUT_OF_SCOPE"}}, {"type": "Feature", "geometry": {"type": "Point", "coordinates": [2.4972976, 6.3802573]}, "properties": {"kind": "OUT_OF_SCOPE"}}, {"type": "Feature", "geometry": {"type": "Point", "coordinates": [2.4913578, 6.3763888]}, "properties": {"kind": "OUT_OF_SCOPE"}}, {"type": "Feature", "geometry": {"type": "Point", "coordinates": [2.2210944, 6.419366]}, "properties": {"kind": "OUT_OF_SCOPE"}}, {"type": "Feature", "geometry": {"type": "Point", "coordinates": [2.2057159, 6.3853158]}, "properties": {"kind": "OUT_OF_SCOPE"}}, {"type": "Feature", "geometry": {"type": "Point", "coordinates": [2.2167907, 6.4956785]}, "properties": {"kind": "OUT_OF_SCOPE"}}, {"type": "Feature", "geometry": {"type": "Point", "coordinates": [2.2215962, 6.5033577]}, "properties": {"kind": "OUT_OF_SCOPE"}}, {"type": "Feature", "geometry": {"type": "Point", "coordinates": [2.2229458, 6.5077331]}, "properties": {"kind": "OUT_OF_SCOPE"}}, {"type": "Feature", "geometry": {"type": "Point", "coordinates": [2.2261681, 6.5124101]}, "properties": {"kind": "OUT_OF_SCOPE"}}, {"type": "Feature", "geometry": {"type": "Point", "coordinates": [2.2284797, 6.515143]}, "properties": {"kind": "OUT_OF_SCOPE"}}, {"type": "Feature", "geometry": {"type": "Point", "coordinates": [2.2308054, 6.518479]}, "properties": {"kind": "OUT_OF_SCOPE"}}, {"type": "Feature", "geometry": {"type": "Point", "coordinates": [2.2251271, 6.5013185]}, "properties": {"kind": "OUT_OF_SCOPE"}}, {"type": "Feature", "geometry": {"type": "Point", "coordinates": [2.2294582, 6.5044442]}, "properties": {"kind": "OUT_OF_SCOPE"}}, {"type": "Feature", "geometry": {"type": "Point", "coordinates": [2.2317327, 6.505743]}, "properties": {"kind": "OUT_OF_SCOPE"}}, {"type": "Feature", "geometry": {"type": "Point", "coordinates": [2.2356629, 6.5056391]}, "properties": {"kind": "OUT_OF_SCOPE"}}, {"type": "Feature", "geometry": {"type": "Point", "coordinates": [2.4653417, 6.7044766]}, "properties": {"kind": "OUT_OF_SCOPE"}}, {"type": "Feature", "geometry": {"type": "Point", "coordinates": [2.4696761, 6.7083552]}, "properties": {"kind": "OUT_OF_SCOPE"}}, {"type": "Feature", "geometry": {"type": "Point", "coordinates": [2.2752455, 6.3540137]}, "properties": {"kind": "OUT_OF_SCOPE"}}, {"type": "Feature", "geometry": {"type": "Point", "coordinates": [2.2710745, 6.3534771]}, "properties": {"kind": "OUT_OF_SCOPE"}}, {"type": "Feature", "geometry": {"type": "Point", "coordinates": [2.2665176, 6.3530961]}, "properties": {"kind": "OUT_OF_SCOPE"}}, {"type": "Feature", "geometry": {"type": "Point", "coordinates": [2.2635202, 6.352463]}, "properties": {"kind": "OUT_OF_SCOPE"}}, {"type": "Feature", "geometry": {"type": "Point", "coordinates": [2.2621992, 6.3527244]}, "properties": {"kind": "OUT_OF_SCOPE"}}, {"type": "Feature", "geometry": {"type": "Point", "coordinates": [2.2603385, 6.3531289]}, "properties": {"kind": "OUT_OF_SCOPE"}}, {"type": "Feature", "geometry": {"type": "Point", "coordinates": [2.2583342, 6.3532574]}, "properties": {"kind": "OUT_OF_SCOPE"}}, {"type": "Feature", "geometry": {"type": "Point", "coordinates": [2.2569676, 6.3530774]}, "properties": {"kind": "OUT_OF_SCOPE"}}, {"type": "Feature", "geometry": {"type": "Point", "coordinates": [2.2547454, 6.352359]}, "properties": {"kind": "OUT_OF_SCOPE"}}, {"type": "Feature", "geometry": {"type": "Point", "coordinates": [2.2091507, 6.3893571]}, "properties": {"kind": "OUT_OF_SCOPE"}}, {"type": "Feature", "geometry": {"type": "Point", "coordinates": [2.2198632, 6.631721]}, "properties": {"kind": "OUT_OF_SCOPE"}}, {"type": "Feature", "geometry": {"type": "Point", "coordinates": [2.2185811, 6.6308471]}, "properties": {"kind": "OUT_OF_SCOPE"}}, {"type": "Feature", "geometry": {"type": "Point", "coordinates": [2.2164649, 6.6290487]}, "properties": {"kind": "OUT_OF_SCOPE"}}, {"type": "Feature", "geometry": {"type": "Point", "coordinates": [2.2147107, 6.6267362]}, "properties": {"kind": "OUT_OF_SCOPE"}}, {"type": "Feature", "geometry": {"type": "Point", "coordinates": [2.2132409, 6.6260834]}, "properties": {"kind": "OUT_OF_SCOPE"}}, {"type": "Feature", "geometry": {"type": "Point", "coordinates": [2.2124952, 6.6252761]}, "properties": {"kind": "OUT_OF_SCOPE"}}, {"type": "Feature", "geometry": {"type": "Point", "coordinates": [2.2117844, 6.6241305]}, "properties": {"kind": "OUT_OF_SCOPE"}}, {"type": "Feature", "geometry": {"type": "Point", "coordinates": [2.2108832, 6.6242717]}, "properties": {"kind": "OUT_OF_SCOPE"}}, {"type": "Feature", "geometry": {"type": "Point", "coordinates": [2.2083834, 6.6228969]}, "properties": {"kind": "OUT_OF_SCOPE"}}, {"type": "Feature", "geometry": {"type": "Point", "coordinates": [2.2067365, 6.621261]}, "properties": {"kind": "OUT_OF_SCOPE"}}, {"type": "Feature", "geometry": {"type": "Point", "coordinates": [2.2054866, 6.6184155]}, "properties": {"kind": "OUT_OF_SCOPE"}}, {"type": "Feature", "geometry": {"type": "Point", "coordinates": [2.2026435, 6.6160442]}, "properties": {"kind": "OUT_OF_SCOPE"}}, {"type": "Feature", "geometry": {"type": "Point", "coordinates": [2.201423, 6.6157538]}, "properties": {"kind": "OUT_OF_SCOPE"}}, {"type": "Feature", "geometry": {"type": "Point", "coordinates": [2.2007726, 6.6149279]}, "properties": {"kind": "OUT_OF_SCOPE"}}, {"type": "Feature", "geometry": {"type": "Point", "coordinates": [2.2000377, 6.6138102]}, "properties": {"kind": "OUT_OF_SCOPE"}}, {"type": "Feature", "geometry": {"type": "Point", "coordinates": [2.1987784, 6.6120823]}, "properties": {"kind": "OUT_OF_SCOPE"}}, {"type": "Feature", "geometry": {"type": "Point", "coordinates": [2.1982983, 6.6104704]}, "properties": {"kind": "OUT_OF_SCOPE"}}, {"type": "Feature", "geometry": {"type": "Point", "coordinates": [2.1974453, 6.6100627]}, "properties": {"kind": "OUT_OF_SCOPE"}}, {"type": "Feature", "geometry": {"type": "Point", "coordinates": [2.1963939, 6.6083389]}, "properties": {"kind": "OUT_OF_SCOPE"}}, {"type": "Feature", "geometry": {"type": "Point", "coordinates": [2.1939021, 6.6153622]}, "properties": {"kind": "OUT_OF_SCOPE"}}, {"type": "Feature", "geometry": {"type": "Point", "coordinates": [2.198651, 6.6160922]}, "properties": {"kind": "OUT_OF_SCOPE"}}, {"type": "Feature", "geometry": {"type": "Point", "coordinates": [2.1990386, 6.615923]}, "properties": {"kind": "OUT_OF_SCOPE"}}, {"type": "Feature", "geometry": {"type": "Point", "coordinates": [2.1999049, 6.6154954]}, "properties": {"kind": "OUT_OF_SCOPE"}}, {"type": "Feature", "geometry": {"type": "Point", "coordinates": [2.193642, 6.6156446]}, "properties": {"kind": "OUT_OF_SCOPE"}}, {"type": "Feature", "geometry": {"type": "Point", "coordinates": [2.1928185, 6.6221163]}, "properties": {"kind": "OUT_OF_SCOPE"}}, {"type": "Feature", "geometry": {"type": "Point", "coordinates": [2.192789, 6.6234537]}, "properties": {"kind": "OUT_OF_SCOPE"}}, {"type": "Feature", "geometry": {"type": "Point", "coordinates": [2.1937144, 6.6254067]}, "properties": {"kind": "OUT_OF_SCOPE"}}, {"type": "Feature", "geometry": {"type": "Point", "coordinates": [2.1938351, 6.6280603]}, "properties": {"kind": "OUT_OF_SCOPE"}}, {"type": "Feature", "geometry": {"type": "Point", "coordinates": [2.1943822, 6.6299093]}, "properties": {"kind": "OUT_OF_SCOPE"}}, {"type": "Feature", "geometry": {"type": "Point", "coordinates": [2.1981898, 6.6344196]}, "properties": {"kind": "OUT_OF_SCOPE"}}, {"type": "Feature", "geometry": {"type": "Point", "coordinates": [2.2136762, 6.6386397]}, "properties": {"kind": "OUT_OF_SCOPE"}}, {"type": "Feature", "geometry": {"type": "Point", "coordinates": [2.1969625, 6.6472348]}, "properties": {"kind": "OUT_OF_SCOPE"}}, {"type": "Feature", "geometry": {"type": "Point", "coordinates": [2.1949133, 6.6482046]}, "properties": {"kind": "OUT_OF_SCOPE"}}, {"type": "Feature", "geometry": {"type": "Point", "coordinates": [2.184459, 6.65203]}, "properties": {"kind": "OUT_OF_SCOPE"}}, {"type": "Feature", "geometry": {"type": "Point", "coordinates": [2.1726374, 6.6562619]}, "properties": {"kind": "OUT_OF_SCOPE"}}, {"type": "Feature", "geometry": {"type": "Point", "coordinates": [2.2125301, 6.6363248]}, "properties": {"kind": "OUT_OF_SCOPE"}}, {"type": "Feature", "geometry": {"type": "Point", "coordinates": [2.2194797, 6.6340576]}, "properties": {"kind": "OUT_OF_SCOPE"}}, {"type": "Feature", "geometry": {"type": "Point", "coordinates": [2.1987408, 6.6292646]}, "properties": {"kind": "OUT_OF_SCOPE"}}, {"type": "Feature", "geometry": {"type": "Point", "coordinates": [2.200951, 6.6303729]}, "properties": {"kind": "OUT_OF_SCOPE"}}, {"type": "Feature", "geometry": {"type": "Point", "coordinates": [2.2071281, 6.6315905]}, "properties": {"kind": "OUT_OF_SCOPE"}}, {"type": "Feature", "geometry": {"type": "Point", "coordinates": [2.2090593, 6.6319874]}, "properties": {"kind": "OUT_OF_SCOPE"}}, {"type": "Feature", "geometry": {"type": "Point", "coordinates": [2.2111997, 6.632499]}, "properties": {"kind": "OUT_OF_SCOPE"}}, {"type": "Feature", "geometry": {"type": "Point", "coordinates": [2.2133535, 6.6326615]}, "properties": {"kind": "OUT_OF_SCOPE"}}, {"type": "Feature", "geometry": {"type": "Point", "coordinates": [2.2165051, 6.6333462]}, "properties": {"kind": "OUT_OF_SCOPE"}}, {"type": "Feature", "geometry": {"type": "Point", "coordinates": [2.218321, 6.6332849]}, "properties": {"kind": "OUT_OF_SCOPE"}}, {"type": "Feature", "geometry": {"type": "Point", "coordinates": [2.2212124, 6.6336686]}, "properties": {"kind": "OUT_OF_SCOPE"}}, {"type": "Feature", "geometry": {"type": "Point", "coordinates": [2.2717438, 6.6757277]}, "properties": {"kind": "OUT_OF_SCOPE"}}, {"type": "Feature", "geometry": {"type": "Point", "coordinates": [2.2386561, 6.6424156]}, "properties": {"kind": "OUT_OF_SCOPE"}}, {"type": "Feature", "geometry": {"type": "Point", "coordinates": [2.2288142, 6.6348525]}, "properties": {"kind": "OUT_OF_SCOPE"}}, {"type": "Feature", "geometry": {"type": "Point", "coordinates": [2.2211292, 6.6319928]}, "properties": {"kind": "OUT_OF_SCOPE"}}, {"type": "Feature", "geometry": {"type": "Point", "coordinates": [2.2223886, 6.6338888]}, "properties": {"kind": "OUT_OF_SCOPE"}}, {"type": "Feature", "geometry": {"type": "Point", "coordinates": [2.2203219, 6.632443]}, "properties": {"kind": "OUT_OF_SCOPE"}}, {"type": "Feature", "geometry": {"type": "Point", "coordinates": [2.2211239, 6.6313347]}, "properties": {"kind": "OUT_OF_SCOPE"}}, {"type": "Feature", "geometry": {"type": "Point", "coordinates": [2.2216228, 6.6307406]}, "properties": {"kind": "OUT_OF_SCOPE"}}, {"type": "Feature", "geometry": {"type": "Point", "coordinates": [2.2298115, 6.6417892]}, "properties": {"kind": "OUT_OF_SCOPE"}}, {"type": "Feature", "geometry": {"type": "Point", "coordinates": [2.2312224, 6.6409659]}, "properties": {"kind": "OUT_OF_SCOPE"}}, {"type": "Feature", "geometry": {"type": "Point", "coordinates": [2.2262737, 6.6345238]}, "properties": {"kind": "OUT_OF_SCOPE"}}, {"type": "Feature", "geometry": {"type": "Point", "coordinates": [2.2276872, 6.6355815]}, "properties": {"kind": "OUT_OF_SCOPE"}}, {"type": "Feature", "geometry": {"type": "Point", "coordinates": [2.2297552, 6.6382218]}, "properties": {"kind": "OUT_OF_SCOPE"}}, {"type": "Feature", "geometry": {"type": "Point", "coordinates": [2.2295219, 6.6403265]}, "properties": {"kind": "OUT_OF_SCOPE"}}, {"type": "Feature", "geometry": {"type": "Point", "coordinates": [2.2292858, 6.6415014]}, "properties": {"kind": "OUT_OF_SCOPE"}}, {"type": "Feature", "geometry": {"type": "Point", "coordinates": [2.2285241, 6.6425431]}, "properties": {"kind": "OUT_OF_SCOPE"}}, {"type": "Feature", "geometry": {"type": "Point", "coordinates": [2.2289023, 6.644083]}, "properties": {"kind": "OUT_OF_SCOPE"}}, {"type": "Feature", "geometry": {"type": "Point", "coordinates": [2.2292805, 6.6451354]}, "properties": {"kind": "OUT_OF_SCOPE"}}, {"type": "Feature", "geometry": {"type": "Point", "coordinates": [2.2306162, 6.6460945]}, "properties": {"kind": "OUT_OF_SCOPE"}}, {"type": "Feature", "geometry": {"type": "Point", "coordinates": [2.2315255, 6.6457029]}, "properties": {"kind": "OUT_OF_SCOPE"}}, {"type": "Feature", "geometry": {"type": "Point", "coordinates": [2.234382, 6.641989]}, "properties": {"kind": "OUT_OF_SCOPE"}}, {"type": "Feature", "geometry": {"type": "Point", "coordinates": [2.2258258, 6.6346517]}, "properties": {"kind": "OUT_OF_SCOPE"}}, {"type": "Feature", "geometry": {"type": "Point", "coordinates": [2.2272822, 6.6336979]}, "properties": {"kind": "OUT_OF_SCOPE"}}, {"type": "Feature", "geometry": {"type": "Point", "coordinates": [2.2243506, 6.6363168]}, "properties": {"kind": "OUT_OF_SCOPE"}}, {"type": "Feature", "geometry": {"type": "Point", "coordinates": [2.2247046, 6.6350753]}, "properties": {"kind": "OUT_OF_SCOPE"}}, {"type": "Feature", "geometry": {"type": "Point", "coordinates": [2.2242755, 6.6347103]}, "properties": {"kind": "OUT_OF_SCOPE"}}, {"type": "Feature", "geometry": {"type": "Point", "coordinates": [2.2233447, 6.6349847]}, "properties": {"kind": "OUT_OF_SCOPE"}}, {"type": "Feature", "geometry": {"type": "Point", "coordinates": [2.2228458, 6.6341348]}, "properties": {"kind": "OUT_OF_SCOPE"}}, {"type": "Feature", "geometry": {"type": "Point", "coordinates": [2.21913, 6.6383184]}, "properties": {"kind": "OUT_OF_SCOPE"}}, {"type": "Feature", "geometry": {"type": "Point", "coordinates": [2.2158264, 6.6393528]}, "properties": {"kind": "OUT_OF_SCOPE"}}, {"type": "Feature", "geometry": {"type": "Point", "coordinates": [2.2168457, 6.6406675]}, "properties": {"kind": "OUT_OF_SCOPE"}}, {"type": "Feature", "geometry": {"type": "Point", "coordinates": [2.22817, 6.6233472]}, "properties": {"kind": "OUT_OF_SCOPE"}}, {"type": "Feature", "geometry": {"type": "Point", "coordinates": [2.2285563, 6.6245274]}, "properties": {"kind": "OUT_OF_SCOPE"}}, {"type": "Feature", "geometry": {"type": "Point", "coordinates": [2.2298786, 6.6269546]}, "properties": {"kind": "OUT_OF_SCOPE"}}, {"type": "Feature", "geometry": {"type": "Point", "coordinates": [2.2253081, 6.6251243]}, "properties": {"kind": "OUT_OF_SCOPE"}}, {"type": "Feature", "geometry": {"type": "Point", "coordinates": [2.2278428, 6.6279591]}, "properties": {"kind": "OUT_OF_SCOPE"}}, {"type": "Feature", "geometry": {"type": "Point", "coordinates": [2.2290632, 6.6277552]}, "properties": {"kind": "OUT_OF_SCOPE"}}, {"type": "Feature", "geometry": {"type": "Point", "coordinates": [2.2294173, 6.6284586]}, "properties": {"kind": "OUT_OF_SCOPE"}}, {"type": "Feature", "geometry": {"type": "Point", "coordinates": [2.2265553, 6.6312734]}, "properties": {"kind": "OUT_OF_SCOPE"}}, {"type": "Feature", "geometry": {"type": "Point", "coordinates": [2.2272769, 6.6295736]}, "properties": {"kind": "OUT_OF_SCOPE"}}, {"type": "Feature", "geometry": {"type": "Point", "coordinates": [2.2280145, 6.6282894]}, "properties": {"kind": "OUT_OF_SCOPE"}}, {"type": "Feature", "geometry": {"type": "Point", "coordinates": [2.2293824, 6.6271731]}, "properties": {"kind": "OUT_OF_SCOPE"}}, {"type": "Feature", "geometry": {"type": "Point", "coordinates": [2.2280198, 6.6332583]}, "properties": {"kind": "OUT_OF_SCOPE"}}, {"type": "Feature", "geometry": {"type": "Point", "coordinates": [2.228221, 6.6355229]}, "properties": {"kind": "OUT_OF_SCOPE"}}, {"type": "Feature", "geometry": {"type": "Point", "coordinates": [2.2297413, 6.630098]}, "properties": {"kind": "OUT_OF_SCOPE"}}, {"type": "Feature", "geometry": {"type": "Point", "coordinates": [2.2374773, 6.6310283]}, "properties": {"kind": "OUT_OF_SCOPE"}}, {"type": "Feature", "geometry": {"type": "Point", "coordinates": [2.2380835, 6.6323711]}, "properties": {"kind": "OUT_OF_SCOPE"}}, {"type": "Feature", "geometry": {"type": "Point", "coordinates": [2.2378823, 6.6340096]}, "properties": {"kind": "OUT_OF_SCOPE"}}, {"type": "Feature", "geometry": {"type": "Point", "coordinates": [2.2291785, 6.6199448]}, "properties": {"kind": "OUT_OF_SCOPE"}}, {"type": "Feature", "geometry": {"type": "Point", "coordinates": [2.2337598, 6.6170194]}, "properties": {"kind": "OUT_OF_SCOPE"}}, {"type": "Feature", "geometry": {"type": "Point", "coordinates": [2.2334111, 6.6159084]}, "properties": {"kind": "OUT_OF_SCOPE"}}, {"type": "Feature", "geometry": {"type": "Point", "coordinates": [2.2332019, 6.6149625]}, "properties": {"kind": "OUT_OF_SCOPE"}}, {"type": "Feature", "geometry": {"type": "Point", "coordinates": [2.2206706, 6.6348089]}, "properties": {"kind": "OUT_OF_SCOPE"}}, {"type": "Feature", "geometry": {"type": "Point", "coordinates": [2.2239187, 6.6315398]}, "properties": {"kind": "OUT_OF_SCOPE"}}, {"type": "Feature", "geometry": {"type": "Point", "coordinates": [2.2227332, 6.6284413]}, "properties": {"kind": "OUT_OF_SCOPE"}}, {"type": "Feature", "geometry": {"type": "Point", "coordinates": [2.221553, 6.6279537]}, "properties": {"kind": "OUT_OF_SCOPE"}}, {"type": "Feature", "geometry": {"type": "Point", "coordinates": [2.2211078, 6.6291926]}, "properties": {"kind": "OUT_OF_SCOPE"}}, {"type": "Feature", "geometry": {"type": "Point", "coordinates": [2.218211, 6.6331597]}, "properties": {"kind": "OUT_OF_SCOPE"}}, {"type": "Feature", "geometry": {"type": "Point", "coordinates": [2.2193134, 6.6324803]}, "properties": {"kind": "OUT_OF_SCOPE"}}, {"type": "Feature", "geometry": {"type": "Point", "coordinates": [2.2177845, 6.6354403]}, "properties": {"kind": "OUT_OF_SCOPE"}}, {"type": "Feature", "geometry": {"type": "Point", "coordinates": [2.2245571, 6.6296162]}, "properties": {"kind": "OUT_OF_SCOPE"}}, {"type": "Feature", "geometry": {"type": "Point", "coordinates": [2.2252572, 6.6297521]}, "properties": {"kind": "OUT_OF_SCOPE"}}, {"type": "Feature", "geometry": {"type": "Point", "coordinates": [2.2263193, 6.6306127]}, "properties": {"kind": "OUT_OF_SCOPE"}}, {"type": "Feature", "geometry": {"type": "Point", "coordinates": [2.229259, 6.6329546]}, "properties": {"kind": "OUT_OF_SCOPE"}}, {"type": "Feature", "geometry": {"type": "Point", "coordinates": [2.2292671, 6.6330585]}, "properties": {"kind": "OUT_OF_SCOPE"}}, {"type": "Feature", "geometry": {"type": "Point", "coordinates": [2.2281057, 6.633562]}, "properties": {"kind": "OUT_OF_SCOPE"}}, {"type": "Feature", "geometry": {"type": "Point", "coordinates": [2.237087, 6.6211944]}, "properties": {"kind": "OUT_OF_SCOPE"}}, {"type": "Feature", "geometry": {"type": "Point", "coordinates": [2.237128, 6.6213188]}, "properties": {"kind": "OUT_OF_SCOPE"}}, {"type": "Feature", "geometry": {"type": "Point", "coordinates": [2.2389516, 6.6247142]}, "properties": {"kind": "OUT_OF_SCOPE"}}, {"type": "Feature", "geometry": {"type": "Point", "coordinates": [2.2369328, 6.6287477]}, "properties": {"kind": "OUT_OF_SCOPE"}}, {"type": "Feature", "geometry": {"type": "Point", "coordinates": [2.2361496, 6.627317]}, "properties": {"kind": "OUT_OF_SCOPE"}}, {"type": "Feature", "geometry": {"type": "Point", "coordinates": [2.2303131, 6.6310922]}, "properties": {"kind": "OUT_OF_SCOPE"}}, {"type": "Feature", "geometry": {"type": "Point", "coordinates": [2.2311687, 6.6251003]}, "properties": {"kind": "OUT_OF_SCOPE"}}, {"type": "Feature", "geometry": {"type": "Point", "coordinates": [2.2366217, 6.6217166]}, "properties": {"kind": "OUT_OF_SCOPE"}}, {"type": "Feature", "geometry": {"type": "Point", "coordinates": [2.2372654, 6.6203498]}, "properties": {"kind": "OUT_OF_SCOPE"}}, {"type": "Feature", "geometry": {"type": "Point", "coordinates": [2.2294736, 6.6257757]}, "properties": {"kind": "OUT_OF_SCOPE"}}, {"type": "Feature", "geometry": {"type": "Point", "coordinates": [2.2303306, 6.6252841]}, "properties": {"kind": "OUT_OF_SCOPE"}}, {"type": "Feature", "geometry": {"type": "Point", "coordinates": [2.2357875, 6.6221775]}, "properties": {"kind": "OUT_OF_SCOPE"}}, {"type": "Feature", "geometry": {"type": "Point", "coordinates": [2.2236934, 6.6370229]}, "properties": {"kind": "OUT_OF_SCOPE"}}, {"type": "Feature", "geometry": {"type": "Point", "coordinates": [2.2237658, 6.6387093]}, "properties": {"kind": "OUT_OF_SCOPE"}}, {"type": "Feature", "geometry": {"type": "Point", "coordinates": [2.2229612, 6.6390104]}, "properties": {"kind": "OUT_OF_SCOPE"}}, {"type": "Feature", "geometry": {"type": "Point", "coordinates": [2.2182029, 6.641576]}, "properties": {"kind": "OUT_OF_SCOPE"}}, {"type": "Feature", "geometry": {"type": "Point", "coordinates": [2.219772, 6.64091]}, "properties": {"kind": "OUT_OF_SCOPE"}}, {"type": "Feature", "geometry": {"type": "Point", "coordinates": [2.220059, 6.640116]}, "properties": {"kind": "OUT_OF_SCOPE"}}, {"type": "Feature", "geometry": {"type": "Point", "coordinates": [2.2207564, 6.6402013]}, "properties": {"kind": "OUT_OF_SCOPE"}}, {"type": "Feature", "geometry": {"type": "Point", "coordinates": [2.2224006, 6.6396658]}, "properties": {"kind": "OUT_OF_SCOPE"}}, {"type": "Feature", "geometry": {"type": "Point", "coordinates": [2.2412807, 6.6310523]}, "properties": {"kind": "OUT_OF_SCOPE"}}, {"type": "Feature", "geometry": {"type": "Point", "coordinates": [2.2427545, 6.6300598]}, "properties": {"kind": "OUT_OF_SCOPE"}}, {"type": "Feature", "geometry": {"type": "Point", "coordinates": [2.2435471, 6.6275807]}, "properties": {"kind": "OUT_OF_SCOPE"}}, {"type": "Feature", "geometry": {"type": "Point", "coordinates": [2.2369301, 6.6259235]}, "properties": {"kind": "OUT_OF_SCOPE"}}, {"type": "Feature", "geometry": {"type": "Point", "coordinates": [2.2582671, 6.6143124]}, "properties": {"kind": "OUT_OF_SCOPE"}}, {"type": "Feature", "geometry": {"type": "Point", "coordinates": [2.2653374, 6.6096711]}, "properties": {"kind": "OUT_OF_SCOPE"}}, {"type": "Feature", "geometry": {"type": "Point", "coordinates": [2.2689235, 6.6037428]}, "properties": {"kind": "OUT_OF_SCOPE"}}, {"type": "Feature", "geometry": {"type": "Point", "coordinates": [2.2293046, 6.6295336]}, "properties": {"kind": "OUT_OF_SCOPE"}}, {"type": "Feature", "geometry": {"type": "Point", "coordinates": [2.2190814, 6.6382444]}, "properties": {"kind": "OUT_OF_SCOPE"}}, {"type": "Feature", "geometry": {"type": "Point", "coordinates": [2.2641546, 6.6128377]}, "properties": {"kind": "OUT_OF_SCOPE"}}, {"type": "Feature", "geometry": {"type": "Point", "coordinates": [2.267624, 6.6124327]}, "properties": {"kind": "OUT_OF_SCOPE"}}, {"type": "Feature", "geometry": {"type": "Point", "coordinates": [2.2743362, 6.6116453]}, "properties": {"kind": "OUT_OF_SCOPE"}}, {"type": "Feature", "geometry": {"type": "Point", "coordinates": [2.263256, 6.6118918]}, "properties": {"kind": "OUT_OF_SCOPE"}}, {"type": "Feature", "geometry": {"type": "Point", "coordinates": [2.2640526, 6.6128017]}, "properties": {"kind": "OUT_OF_SCOPE"}}, {"type": "Feature", "geometry": {"type": "Point", "coordinates": [2.2532541, 6.6145389]}, "properties": {"kind": "OUT_OF_SCOPE"}}, {"type": "Feature", "geometry": {"type": "Point", "coordinates": [2.2538683, 6.6145762]}, "properties": {"kind": "OUT_OF_SCOPE"}}, {"type": "Feature", "geometry": {"type": "Point", "coordinates": [2.2763801, 6.6037401]}, "properties": {"kind": "OUT_OF_SCOPE"}}, {"type": "Feature", "geometry": {"type": "Point", "coordinates": [2.2686902, 6.6046407]}, "properties": {"kind": "OUT_OF_SCOPE"}}, {"type": "Feature", "geometry": {"type": "Point", "coordinates": [2.2774529, 6.6040545]}, "properties": {"kind": "OUT_OF_SCOPE"}}, {"type": "Feature", "geometry": {"type": "Point", "coordinates": [2.2784936, 6.603916]}, "properties": {"kind": "OUT_OF_SCOPE"}}, {"type": "Feature", "geometry": {"type": "Point", "coordinates": [2.2796202, 6.6036069]}, "properties": {"kind": "OUT_OF_SCOPE"}}, {"type": "Feature", "geometry": {"type": "Point", "coordinates": [2.2658819, 6.604678]}, "properties": {"kind": "OUT_OF_SCOPE"}}, {"type": "Feature", "geometry": {"type": "Point", "coordinates": [2.2640996, 6.6114612]}, "properties": {"kind": "OUT_OF_SCOPE"}}, {"type": "Feature", "geometry": {"type": "Point", "coordinates": [2.2537516, 6.6146561]}, "properties": {"kind": "OUT_OF_SCOPE"}}, {"type": "Feature", "geometry": {"type": "Point", "coordinates": [2.2536376, 6.6153662]}, "properties": {"kind": "OUT_OF_SCOPE"}}, {"type": "Feature", "geometry": {"type": "Point", "coordinates": [2.2897743, 6.5858276]}, "properties": {"kind": "OUT_OF_SCOPE"}}, {"type": "Feature", "geometry": {"type": "Point", "coordinates": [2.419264, 6.538479]}, "properties": {"kind": "OUT_OF_SCOPE"}}, {"type": "Feature", "geometry": {"type": "Point", "coordinates": [2.4105763, 6.5411998]}, "properties": {"kind": "OUT_OF_SCOPE"}}, {"type": "Feature", "geometry": {"type": "Point", "coordinates": [2.4121723, 6.5406934]}, "properties": {"kind": "OUT_OF_SCOPE"}}, {"type": "Feature", "geometry": {"type": "Point", "coordinates": [2.414284, 6.5400194]}, "properties": {"kind": "OUT_OF_SCOPE"}}, {"type": "Feature", "geometry": {"type": "Point", "coordinates": [2.4163645, 6.5393744]}, "properties": {"kind": "OUT_OF_SCOPE"}}, {"type": "Feature", "geometry": {"type": "Point", "coordinates": [2.4176627, 6.5389534]}, "properties": {"kind": "OUT_OF_SCOPE"}}, {"type": "Feature", "geometry": {"type": "Point", "coordinates": [2.4993428, 6.3636031]}, "properties": {"kind": "OUT_OF_SCOPE"}}, {"type": "Feature", "geometry": {"type": "Point", "coordinates": [2.4988903, 6.3637282]}, "properties": {"kind": "OUT_OF_SCOPE"}}, {"type": "Feature", "geometry": {"type": "Point", "coordinates": [2.4988855, 6.363229]}, "properties": {"kind": "OUT_OF_SCOPE"}}, {"type": "Feature", "geometry": {"type": "Point", "coordinates": [2.4955662, 6.3604388]}, "properties": {"kind": "OUT_OF_SCOPE"}}, {"type": "Feature", "geometry": {"type": "Point", "coordinates": [2.4957428, 6.3604746]}, "properties": {"kind": "OUT_OF_SCOPE"}}, {"type": "Feature", "geometry": {"type": "Point", "coordinates": [2.2183397, 6.3860715]}, "properties": {"kind": "OUT_OF_SCOPE"}}, {"type": "Feature", "geometry": {"type": "Point", "coordinates": [2.2095615, 6.3854018]}, "properties": {"kind": "OUT_OF_SCOPE"}}, {"type": "Feature", "geometry": {"type": "Point", "coordinates": [2.2032832, 6.3850493]}, "properties": {"kind": "OUT_OF_SCOPE"}}, {"type": "Feature", "geometry": {"type": "Point", "coordinates": [2.1963719, 6.3843784]}, "properties": {"kind": "OUT_OF_SCOPE"}}, {"type": "Feature", "geometry": {"type": "Point", "coordinates": [2.1861794, 6.3833814]}, "properties": {"kind": "OUT_OF_SCOPE"}}, {"type": "Feature", "geometry": {"type": "Point", "coordinates": [2.1746373, 6.3822613]}, "properties": {"kind": "OUT_OF_SCOPE"}}, {"type": "Feature", "geometry": {"type": "Point", "coordinates": [2.2060176, 6.3448256]}, "properties": {"kind": "OUT_OF_SCOPE"}}, {"type": "Feature", "geometry": {"type": "Point", "coordinates": [2.2039657, 6.3492422]}, "properties": {"kind": "OUT_OF_SCOPE"}}, {"type": "Feature", "geometry": {"type": "Point", "coordinates": [2.199862, 6.3506263]}, "properties": {"kind": "OUT_OF_SCOPE"}}, {"type": "Feature", "geometry": {"type": "Point", "coordinates": [2.2024235, 6.350565]}, "properties": {"kind": "OUT_OF_SCOPE"}}, {"type": "Feature", "geometry": {"type": "Point", "coordinates": [2.2048389, 6.349308]}, "properties": {"kind": "OUT_OF_SCOPE"}}, {"type": "Feature", "geometry": {"type": "Point", "coordinates": [2.2063637, 6.3528975]}, "properties": {"kind": "OUT_OF_SCOPE"}}, {"type": "Feature", "geometry": {"type": "Point", "coordinates": [2.2677956, 6.346643]}, "properties": {"kind": "OUT_OF_SCOPE"}}, {"type": "Feature", "geometry": {"type": "Point", "coordinates": [2.214177, 6.3866846]}, "properties": {"kind": "OUT_OF_SCOPE"}}, {"type": "Feature", "geometry": {"type": "Point", "coordinates": [2.2222677, 6.3845153]}, "properties": {"kind": "OUT_OF_SCOPE"}}, {"type": "Feature", "geometry": {"type": "Point", "coordinates": [2.2218508, 6.3854504]}, "properties": {"kind": "OUT_OF_SCOPE"}}, {"type": "Feature", "geometry": {"type": "Point", "coordinates": [2.2190076, 6.3847307]}, "properties": {"kind": "OUT_OF_SCOPE"}}, {"type": "Feature", "geometry": {"type": "Point", "coordinates": [2.2217622, 6.3847041]}, "properties": {"kind": "OUT_OF_SCOPE"}}, {"type": "Feature", "geometry": {"type": "Point", "coordinates": [2.2125006, 6.3845948]}, "properties": {"kind": "OUT_OF_SCOPE"}}, {"type": "Feature", "geometry": {"type": "Point", "coordinates": [2.2033247, 6.3843256]}, "properties": {"kind": "OUT_OF_SCOPE"}}, {"type": "Feature", "geometry": {"type": "Point", "coordinates": [2.2074258, 6.3875749]}, "properties": {"kind": "OUT_OF_SCOPE"}}, {"type": "Feature", "geometry": {"type": "Point", "coordinates": [2.1935483, 6.382991]}, "properties": {"kind": "OUT_OF_SCOPE"}}, {"type": "Feature", "geometry": {"type": "Point", "coordinates": [2.2236076, 6.3753318]}, "properties": {"kind": "OUT_OF_SCOPE"}}, {"type": "Feature", "geometry": {"type": "Point", "coordinates": [2.4021596, 6.5675987]}, "properties": {"kind": "OUT_OF_SCOPE"}}, {"type": "Feature", "geometry": {"type": "Point", "coordinates": [2.4024332, 6.5655909]}, "properties": {"kind": "OUT_OF_SCOPE"}}, {"type": "Feature", "geometry": {"type": "Point", "coordinates": [2.4029656, 6.5629196]}, "properties": {"kind": "OUT_OF_SCOPE"}}, {"type": "Feature", "geometry": {"type": "Point", "coordinates": [2.4033733, 6.5609971]}, "properties": {"kind": "OUT_OF_SCOPE"}}, {"type": "Feature", "geometry": {"type": "Point", "coordinates": [2.4792852, 6.7417161]}, "properties": {"kind": "OUT_OF_SCOPE"}}, {"type": "Feature", "geometry": {"type": "Point", "coordinates": [2.4793843, 6.7439242]}, "properties": {"kind": "OUT_OF_SCOPE"}}, {"type": "Feature", "geometry": {"type": "Point", "coordinates": [2.4784791, 6.7446354]}, "properties": {"kind": "OUT_OF_SCOPE"}}, {"type": "Feature", "geometry": {"type": "Point", "coordinates": [2.4771541, 6.7438417]}, "properties": {"kind": "OUT_OF_SCOPE"}}, {"type": "Feature", "geometry": {"type": "Point", "coordinates": [2.4751854, 6.7427709]}, "properties": {"kind": "OUT_OF_SCOPE"}}, {"type": "Feature", "geometry": {"type": "Point", "coordinates": [2.4732408, 6.7415669]}, "properties": {"kind": "OUT_OF_SCOPE"}}, {"type": "Feature", "geometry": {"type": "Point", "coordinates": [2.4836129, 6.740917]}, "properties": {"kind": "OUT_OF_SCOPE"}}, {"type": "Feature", "geometry": {"type": "Point", "coordinates": [2.4869442, 6.741772]}, "properties": {"kind": "OUT_OF_SCOPE"}}, {"type": "Feature", "geometry": {"type": "Point", "coordinates": [2.4893957, 6.7422328]}, "properties": {"kind": "OUT_OF_SCOPE"}}, {"type": "Feature", "geometry": {"type": "Point", "coordinates": [2.4716342, 6.7090478]}, "properties": {"kind": "OUT_OF_SCOPE"}}, {"type": "Feature", "geometry": {"type": "Point", "coordinates": [2.4195805, 6.3426634]}, "properties": {"kind": "OUT_OF_SCOPE"}}, {"type": "Feature", "geometry": {"type": "Point", "coordinates": [2.4125786, 6.3435806]}, "properties": {"kind": "OUT_OF_SCOPE"}}, {"type": "Feature", "geometry": {"type": "Point", "coordinates": [2.4276379, 6.3428769]}, "properties": {"kind": "OUT_OF_SCOPE"}}, {"type": "Feature", "geometry": {"type": "Point", "coordinates": [2.4281059, 6.3427942]}, "properties": {"kind": "OUT_OF_SCOPE"}}, {"type": "Feature", "geometry": {"type": "Point", "coordinates": [2.4242529, 6.3422731]}, "properties": {"kind": "OUT_OF_SCOPE"}}, {"type": "Feature", "geometry": {"type": "Point", "coordinates": [2.4239432, 6.3421027]}, "properties": {"kind": "OUT_OF_SCOPE"}}, {"type": "Feature", "geometry": {"type": "Point", "coordinates": [2.4251018, 6.3432647]}, "properties": {"kind": "OUT_OF_SCOPE"}}, {"type": "Feature", "geometry": {"type": "Point", "coordinates": [2.4248537, 6.3426196]}, "properties": {"kind": "OUT_OF_SCOPE"}}, {"type": "Feature", "geometry": {"type": "Point", "coordinates": [2.4210174, 6.3430924]}, "properties": {"kind": "OUT_OF_SCOPE"}}, {"type": "Feature", "geometry": {"type": "Point", "coordinates": [2.4206105, 6.3428422]}, "properties": {"kind": "OUT_OF_SCOPE"}}, {"type": "Feature", "geometry": {"type": "Point", "coordinates": [2.5002869, 6.3702426]}, "properties": {"kind": "OUT_OF_SCOPE"}}, {"type": "Feature", "geometry": {"type": "Point", "coordinates": [2.4912465, 6.3746055]}, "properties": {"kind": "OUT_OF_SCOPE"}}, {"type": "Feature", "geometry": {"type": "Point", "coordinates": [2.4999047, 6.360828]}, "properties": {"kind": "OUT_OF_SCOPE"}}, {"type": "Feature", "geometry": {"type": "Point", "coordinates": [2.4903908, 6.3775923]}, "properties": {"kind": "OUT_OF_SCOPE"}}, {"type": "Feature", "geometry": {"type": "Point", "coordinates": [2.2198927, 6.4209653]}, "properties": {"kind": "OUT_OF_SCOPE"}}, {"type": "Feature", "geometry": {"type": "Point", "coordinates": [2.2135085, 6.4112671]}, "properties": {"kind": "OUT_OF_SCOPE"}}, {"type": "Feature", "geometry": {"type": "Point", "coordinates": [2.208783, 6.3946039]}, "properties": {"kind": "OUT_OF_SCOPE"}}, {"type": "Feature", "geometry": {"type": "Point", "coordinates": [2.2087052, 6.3934871]}, "properties": {"kind": "OUT_OF_SCOPE"}}, {"type": "Feature", "geometry": {"type": "Point", "coordinates": [2.2092698, 6.3957874]}, "properties": {"kind": "OUT_OF_SCOPE"}}, {"type": "Feature", "geometry": {"type": "Point", "coordinates": [2.2091706, 6.3955569]}, "properties": {"kind": "OUT_OF_SCOPE"}}, {"type": "Feature", "geometry": {"type": "Point", "coordinates": [2.1987757, 6.5383964]}, "properties": {"kind": "OUT_OF_SCOPE"}}, {"type": "Feature", "geometry": {"type": "Point", "coordinates": [2.1996233, 6.539401]}, "properties": {"kind": "OUT_OF_SCOPE"}}, {"type": "Feature", "geometry": {"type": "Point", "coordinates": [2.1969947, 6.5446852]}, "properties": {"kind": "OUT_OF_SCOPE"}}, {"type": "Feature", "geometry": {"type": "Point", "coordinates": [2.2171301, 6.5532683]}, "properties": {"kind": "OUT_OF_SCOPE"}}, {"type": "Feature", "geometry": {"type": "Point", "coordinates": [2.2208369, 6.5557357]}, "properties": {"kind": "OUT_OF_SCOPE"}}, {"type": "Feature", "geometry": {"type": "Point", "coordinates": [2.2062241, 6.5085901]}, "properties": {"kind": "OUT_OF_SCOPE"}}, {"type": "Feature", "geometry": {"type": "Point", "coordinates": [2.2044647, 6.5050485]}, "properties": {"kind": "OUT_OF_SCOPE"}}, {"type": "Feature", "geometry": {"type": "Point", "coordinates": [2.2040597, 6.5044595]}, "properties": {"kind": "OUT_OF_SCOPE"}}, {"type": "Feature", "geometry": {"type": "Point", "coordinates": [2.1966192, 6.5415648]}, "properties": {"kind": "OUT_OF_SCOPE"}}, {"type": "Feature", "geometry": {"type": "Point", "coordinates": [2.1965978, 6.5376503]}, "properties": {"kind": "OUT_OF_SCOPE"}}, {"type": "Feature", "geometry": {"type": "Point", "coordinates": [2.1958548, 6.5321155]}, "properties": {"kind": "OUT_OF_SCOPE"}}, {"type": "Feature", "geometry": {"type": "Point", "coordinates": [2.1957314, 6.5308711]}, "properties": {"kind": "OUT_OF_SCOPE"}}, {"type": "Feature", "geometry": {"type": "Point", "coordinates": [2.1983466, 6.5240278]}, "properties": {"kind": "OUT_OF_SCOPE"}}, {"type": "Feature", "geometry": {"type": "Point", "coordinates": [2.2001892, 6.5215868]}, "properties": {"kind": "OUT_OF_SCOPE"}}, {"type": "Feature", "geometry": {"type": "Point", "coordinates": [2.2001114, 6.519295]}, "properties": {"kind": "OUT_OF_SCOPE"}}, {"type": "Feature", "geometry": {"type": "Point", "coordinates": [2.2268397, 6.5541716]}, "properties": {"kind": "OUT_OF_SCOPE"}}, {"type": "Feature", "geometry": {"type": "Point", "coordinates": [2.2265781, 6.554045]}, "properties": {"kind": "OUT_OF_SCOPE"}}, {"type": "Feature", "geometry": {"type": "Point", "coordinates": [2.2243237, 6.5564579]}, "properties": {"kind": "OUT_OF_SCOPE"}}, {"type": "Feature", "geometry": {"type": "Point", "coordinates": [2.2252008, 6.5551548]}, "properties": {"kind": "OUT_OF_SCOPE"}}, {"type": "Feature", "geometry": {"type": "Point", "coordinates": [2.2278294, 6.5548484]}, "properties": {"kind": "OUT_OF_SCOPE"}}, {"type": "Feature", "geometry": {"type": "Point", "coordinates": [2.2300529, 6.5560742]}, "properties": {"kind": "OUT_OF_SCOPE"}}, {"type": "Feature", "geometry": {"type": "Point", "coordinates": [2.2319975, 6.5578382]}, "properties": {"kind": "OUT_OF_SCOPE"}}, {"type": "Feature", "geometry": {"type": "Point", "coordinates": [2.2333708, 6.5598553]}, "properties": {"kind": "OUT_OF_SCOPE"}}, {"type": "Feature", "geometry": {"type": "Point", "coordinates": [2.2372734, 6.5630955]}, "properties": {"kind": "OUT_OF_SCOPE"}}, {"type": "Feature", "geometry": {"type": "Point", "coordinates": [2.2028017, 6.5678252]}, "properties": {"kind": "OUT_OF_SCOPE"}}, {"type": "Feature", "geometry": {"type": "Point", "coordinates": [2.2012192, 6.5666181]}, "properties": {"kind": "OUT_OF_SCOPE"}}, {"type": "Feature", "geometry": {"type": "Point", "coordinates": [2.2011521, 6.5645131]}, "properties": {"kind": "OUT_OF_SCOPE"}}, {"type": "Feature", "geometry": {"type": "Point", "coordinates": [2.2011065, 6.5623014]}, "properties": {"kind": "OUT_OF_SCOPE"}}, {"type": "Feature", "geometry": {"type": "Point", "coordinates": [2.2000283, 6.5590932]}, "properties": {"kind": "OUT_OF_SCOPE"}}, {"type": "Feature", "geometry": {"type": "Point", "coordinates": [2.2021363, 6.3877909]}, "properties": {"kind": "OUT_OF_SCOPE"}}, {"type": "Feature", "geometry": {"type": "Point", "coordinates": [2.2003394, 6.3650078]}, "properties": {"kind": "OUT_OF_SCOPE"}}, {"type": "Feature", "geometry": {"type": "Point", "coordinates": [2.2021741, 6.369966]}, "properties": {"kind": "OUT_OF_SCOPE"}}, {"type": "Feature", "geometry": {"type": "Point", "coordinates": [2.2014579, 6.3401124]}, "properties": {"kind": "OUT_OF_SCOPE"}}, {"type": "Feature", "geometry": {"type": "Point", "coordinates": [2.2023216, 6.3398832]}, "properties": {"kind": "OUT_OF_SCOPE"}}, {"type": "Feature", "geometry": {"type": "Point", "coordinates": [2.2033864, 6.3404377]}, "properties": {"kind": "OUT_OF_SCOPE"}}, {"type": "Feature", "geometry": {"type": "Point", "coordinates": [2.205095, 6.3415067]}, "properties": {"kind": "OUT_OF_SCOPE"}}, {"type": "Feature", "geometry": {"type": "Point", "coordinates": [2.2060043, 6.3426849]}, "properties": {"kind": "OUT_OF_SCOPE"}}, {"type": "Feature", "geometry": {"type": "Point", "coordinates": [2.2126454, 6.3400778]}, "properties": {"kind": "OUT_OF_SCOPE"}}, {"type": "Feature", "geometry": {"type": "Point", "coordinates": [2.2114894, 6.3405976]}, "properties": {"kind": "OUT_OF_SCOPE"}}, {"type": "Feature", "geometry": {"type": "Point", "coordinates": [2.2096279, 6.3414373]}, "properties": {"kind": "OUT_OF_SCOPE"}}, {"type": "Feature", "geometry": {"type": "Point", "coordinates": [2.2082707, 6.3417706]}, "properties": {"kind": "OUT_OF_SCOPE"}}, {"type": "Feature", "geometry": {"type": "Point", "coordinates": [2.2070691, 6.3418879]}, "properties": {"kind": "OUT_OF_SCOPE"}}, {"type": "Feature", "geometry": {"type": "Point", "coordinates": [2.2340066, 6.3448784]}, "properties": {"kind": "OUT_OF_SCOPE"}}, {"type": "Feature", "geometry": {"type": "Point", "coordinates": [2.2338134, 6.3432767]}, "properties": {"kind": "OUT_OF_SCOPE"}}, {"type": "Feature", "geometry": {"type": "Point", "coordinates": [2.2343713, 6.3457106]}, "properties": {"kind": "OUT_OF_SCOPE"}}, {"type": "Feature", "geometry": {"type": "Point", "coordinates": [2.2345014, 6.3468036]}, "properties": {"kind": "OUT_OF_SCOPE"}}, {"type": "Feature", "geometry": {"type": "Point", "coordinates": [2.2511986, 6.3604404]}, "properties": {"kind": "OUT_OF_SCOPE"}}, {"type": "Feature", "geometry": {"type": "Point", "coordinates": [2.2496022, 6.3575678]}, "properties": {"kind": "OUT_OF_SCOPE"}}, {"type": "Feature", "geometry": {"type": "Point", "coordinates": [2.2458941, 6.3575785]}, "properties": {"kind": "OUT_OF_SCOPE"}}, {"type": "Feature", "geometry": {"type": "Point", "coordinates": [2.2459155, 6.3588634]}, "properties": {"kind": "OUT_OF_SCOPE"}}, {"type": "Feature", "geometry": {"type": "Point", "coordinates": [2.245135, 6.3573786]}, "properties": {"kind": "OUT_OF_SCOPE"}}, {"type": "Feature", "geometry": {"type": "Point", "coordinates": [2.2433084, 6.3577144]}, "properties": {"kind": "OUT_OF_SCOPE"}}, {"type": "Feature", "geometry": {"type": "Point", "coordinates": [2.241565, 6.3576638]}, "properties": {"kind": "OUT_OF_SCOPE"}}, {"type": "Feature", "geometry": {"type": "Point", "coordinates": [2.2408327, 6.3578264]}, "properties": {"kind": "OUT_OF_SCOPE"}}, {"type": "Feature", "geometry": {"type": "Point", "coordinates": [2.2395989, 6.3580263]}, "properties": {"kind": "OUT_OF_SCOPE"}}, {"type": "Feature", "geometry": {"type": "Point", "coordinates": [2.2489464, 6.356976]}, "properties": {"kind": "OUT_OF_SCOPE"}}, {"type": "Feature", "geometry": {"type": "Point", "coordinates": [2.2503197, 6.3593032]}, "properties": {"kind": "OUT_OF_SCOPE"}}, {"type": "Feature", "geometry": {"type": "Point", "coordinates": [2.2490939, 6.3574425]}, "properties": {"kind": "OUT_OF_SCOPE"}}, {"type": "Feature", "geometry": {"type": "Point", "coordinates": [2.2367048, 6.3585435]}, "properties": {"kind": "OUT_OF_SCOPE"}}, {"type": "Feature", "geometry": {"type": "Point", "coordinates": [2.2376865, 6.3583409]}, "properties": {"kind": "OUT_OF_SCOPE"}}, {"type": "Feature", "geometry": {"type": "Point", "coordinates": [2.2385649, 6.3582916]}, "properties": {"kind": "OUT_OF_SCOPE"}}, {"type": "Feature", "geometry": {"type": "Point", "coordinates": [2.239015, 6.3628108]}, "properties": {"kind": "OUT_OF_SCOPE"}}, {"type": "Feature", "geometry": {"type": "Point", "coordinates": [2.2361877, 6.3623621]}, "properties": {"kind": "OUT_OF_SCOPE"}}, {"type": "Feature", "geometry": {"type": "Point", "coordinates": [2.2345328, 6.3617629]}, "properties": {"kind": "OUT_OF_SCOPE"}}, {"type": "Feature", "geometry": {"type": "Point", "coordinates": [2.2332575, 6.3603345]}, "properties": {"kind": "OUT_OF_SCOPE"}}, {"type": "Feature", "geometry": {"type": "Point", "coordinates": [2.231731, 6.3596159]}, "properties": {"kind": "OUT_OF_SCOPE"}}, {"type": "Feature", "geometry": {"type": "Point", "coordinates": [2.2503895, 6.3558858]}, "properties": {"kind": "OUT_OF_SCOPE"}}, {"type": "Feature", "geometry": {"type": "Point", "coordinates": [2.2497833, 6.3534813]}, "properties": {"kind": "OUT_OF_SCOPE"}}, {"type": "Feature", "geometry": {"type": "Point", "coordinates": [2.2511137, 6.3574026]}, "properties": {"kind": "OUT_OF_SCOPE"}}, {"type": "Feature", "geometry": {"type": "Point", "coordinates": [2.2518298, 6.358161]}, "properties": {"kind": "OUT_OF_SCOPE"}}, {"type": "Feature", "geometry": {"type": "Point", "coordinates": [2.2346812, 6.3479683]}, "properties": {"kind": "OUT_OF_SCOPE"}}, {"type": "Feature", "geometry": {"type": "Point", "coordinates": [2.2302125, 6.3562589]}, "properties": {"kind": "OUT_OF_SCOPE"}}, {"type": "Feature", "geometry": {"type": "Point", "coordinates": [2.230293, 6.356067]}, "properties": {"kind": "OUT_OF_SCOPE"}}, {"type": "Feature", "geometry": {"type": "Point", "coordinates": [2.2330879, 6.3520831]}, "properties": {"kind": "OUT_OF_SCOPE"}}, {"type": "Feature", "geometry": {"type": "Point", "coordinates": [2.2334741, 6.3512221]}, "properties": {"kind": "OUT_OF_SCOPE"}}, {"type": "Feature", "geometry": {"type": "Point", "coordinates": [2.234083, 6.3506063]}, "properties": {"kind": "OUT_OF_SCOPE"}}, {"type": "Feature", "geometry": {"type": "Point", "coordinates": [2.2347186, 6.3498479]}, "properties": {"kind": "OUT_OF_SCOPE"}}, {"type": "Feature", "geometry": {"type": "Point", "coordinates": [2.2351491, 6.34944]}, "properties": {"kind": "OUT_OF_SCOPE"}}, {"type": "Feature", "geometry": {"type": "Point", "coordinates": [2.2354075, 6.3493156]}, "properties": {"kind": "OUT_OF_SCOPE"}}, {"type": "Feature", "geometry": {"type": "Point", "coordinates": [2.2291719, 6.3620662]}, "properties": {"kind": "OUT_OF_SCOPE"}}, {"type": "Feature", "geometry": {"type": "Point", "coordinates": [2.2196924, 6.3626475]}, "properties": {"kind": "OUT_OF_SCOPE"}}, {"type": "Feature", "geometry": {"type": "Point", "coordinates": [2.2235889, 6.3631671]}, "properties": {"kind": "OUT_OF_SCOPE"}}, {"type": "Feature", "geometry": {"type": "Point", "coordinates": [2.2319413, 6.3645178]}, "properties": {"kind": "OUT_OF_SCOPE"}}, {"type": "Feature", "geometry": {"type": "Point", "coordinates": [2.2266573, 6.3493081]}, "properties": {"kind": "OUT_OF_SCOPE"}}, {"type": "Feature", "geometry": {"type": "Point", "coordinates": [2.22712, 6.3494293]}, "properties": {"kind": "OUT_OF_SCOPE"}}, {"type": "Feature", "geometry": {"type": "Point", "coordinates": [2.2275612, 6.349544]}, "properties": {"kind": "OUT_OF_SCOPE"}}, {"type": "Feature", "geometry": {"type": "Point", "coordinates": [2.2282746, 6.3497412]}, "properties": {"kind": "OUT_OF_SCOPE"}}, {"type": "Feature", "geometry": {"type": "Point", "coordinates": [2.228913, 6.3500318]}, "properties": {"kind": "OUT_OF_SCOPE"}}, {"type": "Feature", "geometry": {"type": "Point", "coordinates": [2.2306001, 6.3504903]}, "properties": {"kind": "OUT_OF_SCOPE"}}, {"type": "Feature", "geometry": {"type": "Point", "coordinates": [2.2117469, 6.3546969]}, "properties": {"kind": "OUT_OF_SCOPE"}}, {"type": "Feature", "geometry": {"type": "Point", "coordinates": [2.2135735, 6.3548568]}, "properties": {"kind": "OUT_OF_SCOPE"}}, {"type": "Feature", "geometry": {"type": "Point", "coordinates": [2.2149736, 6.3547928]}, "properties": {"kind": "OUT_OF_SCOPE"}}, {"type": "Feature", "geometry": {"type": "Point", "coordinates": [2.2172508, 6.3542037]}, "properties": {"kind": "OUT_OF_SCOPE"}}, {"type": "Feature", "geometry": {"type": "Point", "coordinates": [2.2186831, 6.3540517]}, "properties": {"kind": "OUT_OF_SCOPE"}}, {"type": "Feature", "geometry": {"type": "Point", "coordinates": [2.2200778, 6.3544943]}, "properties": {"kind": "OUT_OF_SCOPE"}}, {"type": "Feature", "geometry": {"type": "Point", "coordinates": [2.2215208, 6.3545156]}, "properties": {"kind": "OUT_OF_SCOPE"}}, {"type": "Feature", "geometry": {"type": "Point", "coordinates": [2.2229022, 6.3548808]}, "properties": {"kind": "OUT_OF_SCOPE"}}, {"type": "Feature", "geometry": {"type": "Point", "coordinates": [2.2246242, 6.355342]}, "properties": {"kind": "OUT_OF_SCOPE"}}, {"type": "Feature", "geometry": {"type": "Point", "coordinates": [2.2259438, 6.3558804]}, "properties": {"kind": "OUT_OF_SCOPE"}}, {"type": "Feature", "geometry": {"type": "Point", "coordinates": [2.2150567, 6.3548235]}, "properties": {"kind": "OUT_OF_SCOPE"}}, {"type": "Feature", "geometry": {"type": "Point", "coordinates": [2.2166835, 6.3548968]}, "properties": {"kind": "OUT_OF_SCOPE"}}, {"type": "Feature", "geometry": {"type": "Point", "coordinates": [2.2182003, 6.3550781]}, "properties": {"kind": "OUT_OF_SCOPE"}}, {"type": "Feature", "geometry": {"type": "Point", "coordinates": [2.2193791, 6.3552433]}, "properties": {"kind": "OUT_OF_SCOPE"}}, {"type": "Feature", "geometry": {"type": "Point", "coordinates": [2.2733384, 6.3545342]}, "properties": {"kind": "OUT_OF_SCOPE"}}, {"type": "Feature", "geometry": {"type": "Point", "coordinates": [2.2661501, 6.3531134]}, "properties": {"kind": "OUT_OF_SCOPE"}}, {"type": "Feature", "geometry": {"type": "Point", "coordinates": [2.2659972, 6.3531187]}, "properties": {"kind": "OUT_OF_SCOPE"}}, {"type": "Feature", "geometry": {"type": "Point", "coordinates": [2.2663245, 6.3549501]}, "properties": {"kind": "OUT_OF_SCOPE"}}, {"type": "Feature", "geometry": {"type": "Point", "coordinates": [2.2652596, 6.3569414]}, "properties": {"kind": "OUT_OF_SCOPE"}}, {"type": "Feature", "geometry": {"type": "Point", "coordinates": [2.2650424, 6.3557871]}, "properties": {"kind": "OUT_OF_SCOPE"}}, {"type": "Feature", "geometry": {"type": "Point", "coordinates": [2.2655091, 6.3573892]}, "properties": {"kind": "OUT_OF_SCOPE"}}, {"type": "Feature", "geometry": {"type": "Point", "coordinates": [2.2058406, 6.3547075]}, "properties": {"kind": "OUT_OF_SCOPE"}}, {"type": "Feature", "geometry": {"type": "Point", "coordinates": [2.2069725, 6.3545289]}, "properties": {"kind": "OUT_OF_SCOPE"}}, {"type": "Feature", "geometry": {"type": "Point", "coordinates": [2.2487614, 6.3462411]}, "properties": {"kind": "OUT_OF_SCOPE"}}, {"type": "Feature", "geometry": {"type": "Point", "coordinates": [2.2484663, 6.3448549]}, "properties": {"kind": "OUT_OF_SCOPE"}}, {"type": "Feature", "geometry": {"type": "Point", "coordinates": [2.2486326, 6.3496799]}, "properties": {"kind": "OUT_OF_SCOPE"}}, {"type": "Feature", "geometry": {"type": "Point", "coordinates": [2.2445221, 6.3565122]}, "properties": {"kind": "OUT_OF_SCOPE"}}, {"type": "Feature", "geometry": {"type": "Point", "coordinates": [2.2262254, 6.3422984]}, "properties": {"kind": "OUT_OF_SCOPE"}}, {"type": "Feature", "geometry": {"type": "Point", "coordinates": [2.2244042, 6.3433967]}, "properties": {"kind": "OUT_OF_SCOPE"}}, {"type": "Feature", "geometry": {"type": "Point", "coordinates": [2.2044875, 6.3479485]}, "properties": {"kind": "OUT_OF_SCOPE"}}, {"type": "Feature", "geometry": {"type": "Point", "coordinates": [2.2031718, 6.3539398]}, "properties": {"kind": "OUT_OF_SCOPE"}}, {"type": "Feature", "geometry": {"type": "Point", "coordinates": [2.2026139, 6.3528255]}, "properties": {"kind": "OUT_OF_SCOPE"}}, {"type": "Feature", "geometry": {"type": "Point", "coordinates": [2.2031718, 6.3534999]}, "properties": {"kind": "OUT_OF_SCOPE"}}, {"type": "Feature", "geometry": {"type": "Point", "coordinates": [2.266476, 6.3518432]}, "properties": {"kind": "OUT_OF_SCOPE"}}, {"type": "Feature", "geometry": {"type": "Point", "coordinates": [2.2665887, 6.3516952]}, "properties": {"kind": "OUT_OF_SCOPE"}}, {"type": "Feature", "geometry": {"type": "Point", "coordinates": [2.2617406, 6.3542317]}, "properties": {"kind": "OUT_OF_SCOPE"}}, {"type": "Feature", "geometry": {"type": "Point", "coordinates": [2.2605067, 6.3532427]}, "properties": {"kind": "OUT_OF_SCOPE"}}, {"type": "Feature", "geometry": {"type": "Point", "coordinates": [2.2617955, 6.3545276]}, "properties": {"kind": "OUT_OF_SCOPE"}}, {"type": "Feature", "geometry": {"type": "Point", "coordinates": [2.2625023, 6.3538198]}, "properties": {"kind": "OUT_OF_SCOPE"}}, {"type": "Feature", "geometry": {"type": "Point", "coordinates": [2.2644737, 6.3550834]}, "properties": {"kind": "OUT_OF_SCOPE"}}, {"type": "Feature", "geometry": {"type": "Point", "coordinates": [2.2639319, 6.3550274]}, "properties": {"kind": "OUT_OF_SCOPE"}}, {"type": "Feature", "geometry": {"type": "Point", "coordinates": [2.2631755, 6.3549288]}, "properties": {"kind": "OUT_OF_SCOPE"}}, {"type": "Feature", "geometry": {"type": "Point", "coordinates": [2.2620919, 6.3545023]}, "properties": {"kind": "OUT_OF_SCOPE"}}, {"type": "Feature", "geometry": {"type": "Point", "coordinates": [2.2670218, 6.3482124]}, "properties": {"kind": "OUT_OF_SCOPE"}}, {"type": "Feature", "geometry": {"type": "Point", "coordinates": [2.2674403, 6.3472647]}, "properties": {"kind": "OUT_OF_SCOPE"}}, {"type": "Feature", "geometry": {"type": "Point", "coordinates": [2.2653937, 6.3552087]}, "properties": {"kind": "OUT_OF_SCOPE"}}, {"type": "Feature", "geometry": {"type": "Point", "coordinates": [2.2761869, 6.3536306]}, "properties": {"kind": "OUT_OF_SCOPE"}}, {"type": "Feature", "geometry": {"type": "Point", "coordinates": [2.2565813, 6.3457732]}, "properties": {"kind": "OUT_OF_SCOPE"}}, {"type": "Feature", "geometry": {"type": "Point", "coordinates": [2.2567007, 6.3456666]}, "properties": {"kind": "OUT_OF_SCOPE"}}, {"type": "Feature", "geometry": {"type": "Point", "coordinates": [2.2747305, 6.3461984]}, "properties": {"kind": "OUT_OF_SCOPE"}}, {"type": "Feature", "geometry": {"type": "Point", "coordinates": [2.2737716, 6.3473834]}, "properties": {"kind": "OUT_OF_SCOPE"}}, {"type": "Feature", "geometry": {"type": "Point", "coordinates": [2.2738306, 6.348579]}, "properties": {"kind": "OUT_OF_SCOPE"}}, {"type": "Feature", "geometry": {"type": "Point", "coordinates": [2.266885, 6.3554193]}, "properties": {"kind": "OUT_OF_SCOPE"}}, {"type": "Feature", "geometry": {"type": "Point", "coordinates": [2.2415462, 6.3431994]}, "properties": {"kind": "OUT_OF_SCOPE"}}, {"type": "Feature", "geometry": {"type": "Point", "coordinates": [2.2416294, 6.3450921]}, "properties": {"kind": "OUT_OF_SCOPE"}}, {"type": "Feature", "geometry": {"type": "Point", "coordinates": [2.2416213, 6.3441831]}, "properties": {"kind": "OUT_OF_SCOPE"}}, {"type": "Feature", "geometry": {"type": "Point", "coordinates": [2.2177041, 6.340571]}, "properties": {"kind": "OUT_OF_SCOPE"}}, {"type": "Feature", "geometry": {"type": "Point", "coordinates": [2.2197238, 6.3406376]}, "properties": {"kind": "OUT_OF_SCOPE"}}, {"type": "Feature", "geometry": {"type": "Point", "coordinates": [2.2195548, 6.3423704]}, "properties": {"kind": "OUT_OF_SCOPE"}}, {"type": "Feature", "geometry": {"type": "Point", "coordinates": [2.2187635, 6.3435447]}, "properties": {"kind": "OUT_OF_SCOPE"}}, {"type": "Feature", "geometry": {"type": "Point", "coordinates": [2.218215, 6.3443097]}, "properties": {"kind": "OUT_OF_SCOPE"}}, {"type": "Feature", "geometry": {"type": "Point", "coordinates": [2.2216067, 6.3618943]}, "properties": {"kind": "OUT_OF_SCOPE"}}, {"type": "Feature", "geometry": {"type": "Point", "coordinates": [2.2482182, 6.3604801]}, "properties": {"kind": "OUT_OF_SCOPE"}}, {"type": "Feature", "geometry": {"type": "Point", "coordinates": [2.2485065, 6.3596964]}, "properties": {"kind": "OUT_OF_SCOPE"}}, {"type": "Feature", "geometry": {"type": "Point", "coordinates": [2.2431703, 6.3616584]}, "properties": {"kind": "OUT_OF_SCOPE"}}, {"type": "Feature", "geometry": {"type": "Point", "coordinates": [2.244038, 6.3611772]}, "properties": {"kind": "OUT_OF_SCOPE"}}, {"type": "Feature", "geometry": {"type": "Point", "coordinates": [2.2447836, 6.3609853]}, "properties": {"kind": "OUT_OF_SCOPE"}}, {"type": "Feature", "geometry": {"type": "Point", "coordinates": [2.2294629, 6.357973]}, "properties": {"kind": "OUT_OF_SCOPE"}}, {"type": "Feature", "geometry": {"type": "Point", "coordinates": [2.2343686, 6.3588141]}, "properties": {"kind": "OUT_OF_SCOPE"}}, {"type": "Feature", "geometry": {"type": "Point", "coordinates": [2.233855, 6.3593205]}, "properties": {"kind": "OUT_OF_SCOPE"}}, {"type": "Feature", "geometry": {"type": "Point", "coordinates": [2.2349185, 6.3593139]}, "properties": {"kind": "OUT_OF_SCOPE"}}, {"type": "Feature", "geometry": {"type": "Point", "coordinates": [2.2276235, 6.3572846]}, "properties": {"kind": "OUT_OF_SCOPE"}}, {"type": "Feature", "geometry": {"type": "Point", "coordinates": [2.2257435, 6.3618977]}, "properties": {"kind": "OUT_OF_SCOPE"}}, {"type": "Feature", "geometry": {"type": "Point", "coordinates": [2.2258982, 6.3598683]}, "properties": {"kind": "OUT_OF_SCOPE"}}, {"type": "Feature", "geometry": {"type": "Point", "coordinates": [2.2268262, 6.3584315]}, "properties": {"kind": "OUT_OF_SCOPE"}}, {"type": "Feature", "geometry": {"type": "Point", "coordinates": [2.2275927, 6.3576205]}, "properties": {"kind": "OUT_OF_SCOPE"}}, {"type": "Feature", "geometry": {"type": "Point", "coordinates": [2.1995696, 6.3583942]}, "properties": {"kind": "OUT_OF_SCOPE"}}, {"type": "Feature", "geometry": {"type": "Point", "coordinates": [2.2065487, 6.3566988]}, "properties": {"kind": "OUT_OF_SCOPE"}}, {"type": "Feature", "geometry": {"type": "Point", "coordinates": [2.2011575, 6.3658555]}, "properties": {"kind": "OUT_OF_SCOPE"}}, {"type": "Feature", "geometry": {"type": "Point", "coordinates": [2.2440568, 6.3568241]}, "properties": {"kind": "OUT_OF_SCOPE"}}, {"type": "Feature", "geometry": {"type": "Point", "coordinates": [2.2444001, 6.3528775]}, "properties": {"kind": "OUT_OF_SCOPE"}}, {"type": "Feature", "geometry": {"type": "Point", "coordinates": [2.2026274, 6.347406]}, "properties": {"kind": "OUT_OF_SCOPE"}}, {"type": "Feature", "geometry": {"type": "Point", "coordinates": [2.2027829, 6.347446]}, "properties": {"kind": "OUT_OF_SCOPE"}}, {"type": "Feature", "geometry": {"type": "Point", "coordinates": [2.2214551, 6.3717119]}, "properties": {"kind": "OUT_OF_SCOPE"}}, {"type": "Feature", "geometry": {"type": "Point", "coordinates": [2.2223389, 6.3755958]}, "properties": {"kind": "OUT_OF_SCOPE"}}, {"type": "Feature", "geometry": {"type": "Point", "coordinates": [2.2190651, 6.3792653]}, "properties": {"kind": "OUT_OF_SCOPE"}}, {"type": "Feature", "geometry": {"type": "Point", "coordinates": [2.2166268, 6.3815788]}, "properties": {"kind": "OUT_OF_SCOPE"}}, {"type": "Feature", "geometry": {"type": "Point", "coordinates": [2.2214109, 6.3690996]}, "properties": {"kind": "OUT_OF_SCOPE"}}, {"type": "Feature", "geometry": {"type": "Point", "coordinates": [2.2235459, 6.3790051]}, "properties": {"kind": "OUT_OF_SCOPE"}}, {"type": "Feature", "geometry": {"type": "Point", "coordinates": [2.2192941, 6.3794736]}, "properties": {"kind": "OUT_OF_SCOPE"}}, {"type": "Feature", "geometry": {"type": "Point", "coordinates": [2.2231919, 6.3813934]}, "properties": {"kind": "OUT_OF_SCOPE"}}, {"type": "Feature", "geometry": {"type": "Point", "coordinates": [2.2225052, 6.3821878]}, "properties": {"kind": "OUT_OF_SCOPE"}}, {"type": "Feature", "geometry": {"type": "Point", "coordinates": [2.2186057, 6.3676824]}, "properties": {"kind": "OUT_OF_SCOPE"}}, {"type": "Feature", "geometry": {"type": "Point", "coordinates": [2.2182271, 6.3683478]}, "properties": {"kind": "OUT_OF_SCOPE"}}, {"type": "Feature", "geometry": {"type": "Point", "coordinates": [2.2205915, 6.3673829]}, "properties": {"kind": "OUT_OF_SCOPE"}}, {"type": "Feature", "geometry": {"type": "Point", "coordinates": [2.216882, 6.3770685]}, "properties": {"kind": "OUT_OF_SCOPE"}}, {"type": "Feature", "geometry": {"type": "Point", "coordinates": [2.2201703, 6.3788358]}, "properties": {"kind": "OUT_OF_SCOPE"}}, {"type": "Feature", "geometry": {"type": "Point", "coordinates": [2.4386993, 6.553219]}, "properties": {"kind": "OUT_OF_SCOPE"}}, {"type": "Feature", "geometry": {"type": "Point", "coordinates": [2.4380811, 6.5538039]}, "properties": {"kind": "OUT_OF_SCOPE"}}, {"type": "Feature", "geometry": {"type": "Point", "coordinates": [2.4360929, 6.5534316]}, "properties": {"kind": "OUT_OF_SCOPE"}}, {"type": "Feature", "geometry": {"type": "Point", "coordinates": [2.4340275, 6.5528478]}, "properties": {"kind": "OUT_OF_SCOPE"}}, {"type": "Feature", "geometry": {"type": "Point", "coordinates": [2.4310577, 6.5529622]}, "properties": {"kind": "OUT_OF_SCOPE"}}, {"type": "Feature", "geometry": {"type": "Point", "coordinates": [2.4404899, 6.5362864]}, "properties": {"kind": "OUT_OF_SCOPE"}}, {"type": "Feature", "geometry": {"type": "Point", "coordinates": [2.440196, 6.5395403]}, "properties": {"kind": "OUT_OF_SCOPE"}}, {"type": "Feature", "geometry": {"type": "Point", "coordinates": [2.4405205, 6.5422277]}, "properties": {"kind": "OUT_OF_SCOPE"}}, {"type": "Feature", "geometry": {"type": "Point", "coordinates": [2.4402114, 6.544087]}, "properties": {"kind": "OUT_OF_SCOPE"}}, {"type": "Feature", "geometry": {"type": "Point", "coordinates": [2.4383842, 6.5471133]}, "properties": {"kind": "OUT_OF_SCOPE"}}, {"type": "Feature", "geometry": {"type": "Point", "coordinates": [2.4385611, 6.5501998]}, "properties": {"kind": "OUT_OF_SCOPE"}}, {"type": "Feature", "geometry": {"type": "Point", "coordinates": [2.438706, 6.5539624]}, "properties": {"kind": "OUT_OF_SCOPE"}}, {"type": "Feature", "geometry": {"type": "Point", "coordinates": [2.4388883, 6.5549832]}, "properties": {"kind": "OUT_OF_SCOPE"}}, {"type": "Feature", "geometry": {"type": "Point", "coordinates": [2.4216474, 6.5376446]}, "properties": {"kind": "OUT_OF_SCOPE"}}, {"type": "Feature", "geometry": {"type": "Point", "coordinates": [2.3195684, 6.5857964]}, "properties": {"kind": "OUT_OF_SCOPE"}}, {"type": "Feature", "geometry": {"type": "Point", "coordinates": [2.3185376, 6.5858776]}, "properties": {"kind": "OUT_OF_SCOPE"}}, {"type": "Feature", "geometry": {"type": "Point", "coordinates": [2.4334245, 6.5310685]}, "properties": {"kind": "OUT_OF_SCOPE"}}, {"type": "Feature", "geometry": {"type": "Point", "coordinates": [2.4355826, 6.5326592]}, "properties": {"kind": "OUT_OF_SCOPE"}}, {"type": "Feature", "geometry": {"type": "Point", "coordinates": [2.2515024, 6.537453]}, "properties": {"kind": "OUT_OF_SCOPE"}}, {"type": "Feature", "geometry": {"type": "Point", "coordinates": [2.2513544, 6.5398184]}, "properties": {"kind": "OUT_OF_SCOPE"}}, {"type": "Feature", "geometry": {"type": "Point", "coordinates": [2.252124, 6.5400523]}, "properties": {"kind": "OUT_OF_SCOPE"}}, {"type": "Feature", "geometry": {"type": "Point", "coordinates": [2.2502576, 6.539862]}, "properties": {"kind": "OUT_OF_SCOPE"}}, {"type": "Feature", "geometry": {"type": "Point", "coordinates": [2.2487329, 6.5399481]}, "properties": {"kind": "OUT_OF_SCOPE"}}, {"type": "Feature", "geometry": {"type": "Point", "coordinates": [2.2469105, 6.5408749]}, "properties": {"kind": "OUT_OF_SCOPE"}}, {"type": "Feature", "geometry": {"type": "Point", "coordinates": [2.2465308, 6.541175]}, "properties": {"kind": "OUT_OF_SCOPE"}}, {"type": "Feature", "geometry": {"type": "Point", "coordinates": [2.2458506, 6.5414702]}, "properties": {"kind": "OUT_OF_SCOPE"}}, {"type": "Feature", "geometry": {"type": "Point", "coordinates": [2.2450629, 6.54222]}, "properties": {"kind": "OUT_OF_SCOPE"}}, {"type": "Feature", "geometry": {"type": "Point", "coordinates": [2.2451967, 6.542797]}, "properties": {"kind": "OUT_OF_SCOPE"}}, {"type": "Feature", "geometry": {"type": "Point", "coordinates": [2.2449823, 6.5434498]}, "properties": {"kind": "OUT_OF_SCOPE"}}, {"type": "Feature", "geometry": {"type": "Point", "coordinates": [2.2455309, 6.5439265]}, "properties": {"kind": "OUT_OF_SCOPE"}}, {"type": "Feature", "geometry": {"type": "Point", "coordinates": [2.2461689, 6.5442193]}, "properties": {"kind": "OUT_OF_SCOPE"}}, {"type": "Feature", "geometry": {"type": "Point", "coordinates": [2.247276, 6.5441184]}, "properties": {"kind": "OUT_OF_SCOPE"}}, {"type": "Feature", "geometry": {"type": "Point", "coordinates": [2.2482099, 6.5440132]}, "properties": {"kind": "OUT_OF_SCOPE"}}, {"type": "Feature", "geometry": {"type": "Point", "coordinates": [2.249704, 6.5441577]}, "properties": {"kind": "OUT_OF_SCOPE"}}, {"type": "Feature", "geometry": {"type": "Point", "coordinates": [2.2504644, 6.5431411]}, "properties": {"kind": "OUT_OF_SCOPE"}}, {"type": "Feature", "geometry": {"type": "Point", "coordinates": [2.2512176, 6.5409628]}, "properties": {"kind": "OUT_OF_SCOPE"}}, {"type": "Feature", "geometry": {"type": "Point", "coordinates": [2.2488203, 6.5438781]}, "properties": {"kind": "OUT_OF_SCOPE"}}, {"type": "Feature", "geometry": {"type": "Point", "coordinates": [2.2488969, 6.5431087]}, "properties": {"kind": "OUT_OF_SCOPE"}}, {"type": "Feature", "geometry": {"type": "Point", "coordinates": [2.2490631, 6.542038]}, "properties": {"kind": "OUT_OF_SCOPE"}}, {"type": "Feature", "geometry": {"type": "Point", "coordinates": [2.2493657, 6.5408857]}, "properties": {"kind": "OUT_OF_SCOPE"}}, {"type": "Feature", "geometry": {"type": "Point", "coordinates": [2.2413216, 6.5385118]}, "properties": {"kind": "OUT_OF_SCOPE"}}, {"type": "Feature", "geometry": {"type": "Point", "coordinates": [2.242859, 6.5384829]}, "properties": {"kind": "OUT_OF_SCOPE"}}, {"type": "Feature", "geometry": {"type": "Point", "coordinates": [2.2444844, 6.5380101]}, "properties": {"kind": "OUT_OF_SCOPE"}}, {"type": "Feature", "geometry": {"type": "Point", "coordinates": [2.244365, 6.5358303]}, "properties": {"kind": "OUT_OF_SCOPE"}}, {"type": "Feature", "geometry": {"type": "Point", "coordinates": [2.2433712, 6.5341963]}, "properties": {"kind": "OUT_OF_SCOPE"}}, {"type": "Feature", "geometry": {"type": "Point", "coordinates": [2.2420926, 6.541896]}, "properties": {"kind": "OUT_OF_SCOPE"}}, {"type": "Feature", "geometry": {"type": "Point", "coordinates": [2.2428018, 6.5416863]}, "properties": {"kind": "OUT_OF_SCOPE"}}, {"type": "Feature", "geometry": {"type": "Point", "coordinates": [2.2436389, 6.5411136]}, "properties": {"kind": "OUT_OF_SCOPE"}}, {"type": "Feature", "geometry": {"type": "Point", "coordinates": [2.2447784, 6.5413156]}, "properties": {"kind": "OUT_OF_SCOPE"}}, {"type": "Feature", "geometry": {"type": "Point", "coordinates": [2.2454792, 6.5342386]}, "properties": {"kind": "OUT_OF_SCOPE"}}, {"type": "Feature", "geometry": {"type": "Point", "coordinates": [2.2452461, 6.534759]}, "properties": {"kind": "OUT_OF_SCOPE"}}, {"type": "Feature", "geometry": {"type": "Point", "coordinates": [2.2468291, 6.5347688]}, "properties": {"kind": "OUT_OF_SCOPE"}}, {"type": "Feature", "geometry": {"type": "Point", "coordinates": [2.2482891, 6.5349536]}, "properties": {"kind": "OUT_OF_SCOPE"}}, {"type": "Feature", "geometry": {"type": "Point", "coordinates": [2.2489779, 6.5348641]}, "properties": {"kind": "OUT_OF_SCOPE"}}, {"type": "Feature", "geometry": {"type": "Point", "coordinates": [2.2495294, 6.5347841]}, "properties": {"kind": "OUT_OF_SCOPE"}}, {"type": "Feature", "geometry": {"type": "Point", "coordinates": [2.250808, 6.5348922]}, "properties": {"kind": "OUT_OF_SCOPE"}}, {"type": "Feature", "geometry": {"type": "Point", "coordinates": [2.2440864, 6.543775]}, "properties": {"kind": "OUT_OF_SCOPE"}}, {"type": "Feature", "geometry": {"type": "Point", "coordinates": [2.2435235, 6.5433529]}, "properties": {"kind": "OUT_OF_SCOPE"}}, {"type": "Feature", "geometry": {"type": "Point", "coordinates": [2.2439832, 6.5426625]}, "properties": {"kind": "OUT_OF_SCOPE"}}, {"type": "Feature", "geometry": {"type": "Point", "coordinates": [2.2429454, 6.5426083]}, "properties": {"kind": "OUT_OF_SCOPE"}}, {"type": "Feature", "geometry": {"type": "Point", "coordinates": [2.2425081, 6.5419926]}, "properties": {"kind": "OUT_OF_SCOPE"}}, {"type": "Feature", "geometry": {"type": "Point", "coordinates": [2.2521959, 6.5436665]}, "properties": {"kind": "OUT_OF_SCOPE"}}, {"type": "Feature", "geometry": {"type": "Point", "coordinates": [2.2306659, 6.3753515]}, "properties": {"kind": "OUT_OF_SCOPE"}}, {"type": "Feature", "geometry": {"type": "Point", "coordinates": [2.2421032, 6.5326331]}, "properties": {"kind": "OUT_OF_SCOPE"}}, {"type": "Feature", "geometry": {"type": "Point", "coordinates": [2.2421086, 6.5311434]}, "properties": {"kind": "OUT_OF_SCOPE"}}, {"type": "Feature", "geometry": {"type": "Point", "coordinates": [2.2414771, 6.5296178]}, "properties": {"kind": "OUT_OF_SCOPE"}}, {"type": "Feature", "geometry": {"type": "Point", "coordinates": [2.2415565, 6.5288362]}, "properties": {"kind": "OUT_OF_SCOPE"}}, {"type": "Feature", "geometry": {"type": "Point", "coordinates": [2.2460981, 6.5331225]}, "properties": {"kind": "OUT_OF_SCOPE"}}, {"type": "Feature", "geometry": {"type": "Point", "coordinates": [2.2460853, 6.5329932]}, "properties": {"kind": "OUT_OF_SCOPE"}}, {"type": "Feature", "geometry": {"type": "Point", "coordinates": [2.2511197, 6.5295819]}, "properties": {"kind": "OUT_OF_SCOPE"}}, {"type": "Feature", "geometry": {"type": "Point", "coordinates": [2.2494928, 6.5272772]}, "properties": {"kind": "OUT_OF_SCOPE"}}, {"type": "Feature", "geometry": {"type": "Point", "coordinates": [2.2485263, 6.5280581]}, "properties": {"kind": "OUT_OF_SCOPE"}}, {"type": "Feature", "geometry": {"type": "Point", "coordinates": [2.2475446, 6.5295535]}, "properties": {"kind": "OUT_OF_SCOPE"}}, {"type": "Feature", "geometry": {"type": "Point", "coordinates": [2.247387, 6.5308631]}, "properties": {"kind": "OUT_OF_SCOPE"}}, {"type": "Feature", "geometry": {"type": "Point", "coordinates": [2.2477117, 6.528932]}, "properties": {"kind": "OUT_OF_SCOPE"}}, {"type": "Feature", "geometry": {"type": "Point", "coordinates": [2.246155, 6.5286925]}, "properties": {"kind": "OUT_OF_SCOPE"}}, {"type": "Feature", "geometry": {"type": "Point", "coordinates": [2.2451513, 6.5229126]}, "properties": {"kind": "OUT_OF_SCOPE"}}, {"type": "Feature", "geometry": {"type": "Point", "coordinates": [2.2472891, 6.5246221]}, "properties": {"kind": "OUT_OF_SCOPE"}}, {"type": "Feature", "geometry": {"type": "Point", "coordinates": [2.2494149, 6.5247623]}, "properties": {"kind": "OUT_OF_SCOPE"}}, {"type": "Feature", "geometry": {"type": "Point", "coordinates": [2.3087581, 6.5750599]}, "properties": {"kind": "OUT_OF_SCOPE"}}, {"type": "Feature", "geometry": {"type": "Point", "coordinates": [2.3001765, 6.5796923]}, "properties": {"kind": "OUT_OF_SCOPE"}}, {"type": "Feature", "geometry": {"type": "Point", "coordinates": [2.3009502, 6.579044]}, "properties": {"kind": "OUT_OF_SCOPE"}}, {"type": "Feature", "geometry": {"type": "Point", "coordinates": [2.3001621, 6.5819654]}, "properties": {"kind": "OUT_OF_SCOPE"}}, {"type": "Feature", "geometry": {"type": "Point", "coordinates": [2.3014676, 6.5823667]}, "properties": {"kind": "OUT_OF_SCOPE"}}, {"type": "Feature", "geometry": {"type": "Point", "coordinates": [2.3013681, 6.5818142]}, "properties": {"kind": "OUT_OF_SCOPE"}}, {"type": "Feature", "geometry": {"type": "Point", "coordinates": [2.3023517, 6.5816746]}, "properties": {"kind": "OUT_OF_SCOPE"}}, {"type": "Feature", "geometry": {"type": "Point", "coordinates": [2.3016814, 6.5876797]}, "properties": {"kind": "OUT_OF_SCOPE"}}, {"type": "Feature", "geometry": {"type": "Point", "coordinates": [2.3032065, 6.5880482]}, "properties": {"kind": "OUT_OF_SCOPE"}}, {"type": "Feature", "geometry": {"type": "Point", "coordinates": [2.3042163, 6.5880482]}, "properties": {"kind": "OUT_OF_SCOPE"}}, {"type": "Feature", "geometry": {"type": "Point", "coordinates": [2.3016932, 6.5863803]}, "properties": {"kind": "OUT_OF_SCOPE"}}, {"type": "Feature", "geometry": {"type": "Point", "coordinates": [2.3028854, 6.5860761]}, "properties": {"kind": "OUT_OF_SCOPE"}}, {"type": "Feature", "geometry": {"type": "Point", "coordinates": [2.3023913, 6.5774297]}, "properties": {"kind": "OUT_OF_SCOPE"}}, {"type": "Feature", "geometry": {"type": "Point", "coordinates": [2.3043057, 6.5781385]}, "properties": {"kind": "OUT_OF_SCOPE"}}, {"type": "Feature", "geometry": {"type": "Point", "coordinates": [2.3059874, 6.5784438]}, "properties": {"kind": "OUT_OF_SCOPE"}}, {"type": "Feature", "geometry": {"type": "Point", "coordinates": [2.3069048, 6.5793216]}, "properties": {"kind": "OUT_OF_SCOPE"}}, {"type": "Feature", "geometry": {"type": "Point", "coordinates": [2.3065593, 6.5808201]}, "properties": {"kind": "OUT_OF_SCOPE"}}, {"type": "Feature", "geometry": {"type": "Point", "coordinates": [2.3066183, 6.582775]}, "properties": {"kind": "OUT_OF_SCOPE"}}, {"type": "Feature", "geometry": {"type": "Point", "coordinates": [2.2339811, 6.4992899]}, "properties": {"kind": "OUT_OF_SCOPE"}}, {"type": "Feature", "geometry": {"type": "Point", "coordinates": [2.2309019, 6.5017191]}, "properties": {"kind": "OUT_OF_SCOPE"}}, {"type": "Feature", "geometry": {"type": "Point", "coordinates": [2.2331428, 6.5091953]}, "properties": {"kind": "OUT_OF_SCOPE"}}, {"type": "Feature", "geometry": {"type": "Point", "coordinates": [2.2355008, 6.5112473]}, "properties": {"kind": "OUT_OF_SCOPE"}}, {"type": "Feature", "geometry": {"type": "Point", "coordinates": [2.2388584, 6.5109286]}, "properties": {"kind": "OUT_OF_SCOPE"}}, {"type": "Feature", "geometry": {"type": "Point", "coordinates": [2.2411193, 6.5090741]}, "properties": {"kind": "OUT_OF_SCOPE"}}, {"type": "Feature", "geometry": {"type": "Point", "coordinates": [2.4353389, 6.6013014]}, "properties": {"kind": "OUT_OF_SCOPE"}}, {"type": "Feature", "geometry": {"type": "Point", "coordinates": [2.4373838, 6.6078963]}, "properties": {"kind": "OUT_OF_SCOPE"}}, {"type": "Feature", "geometry": {"type": "Point", "coordinates": [2.4402877, 6.6108954]}, "properties": {"kind": "OUT_OF_SCOPE"}}, {"type": "Feature", "geometry": {"type": "Point", "coordinates": [2.4490539, 6.6118883]}, "properties": {"kind": "OUT_OF_SCOPE"}}, {"type": "Feature", "geometry": {"type": "Point", "coordinates": [2.4549513, 6.6123]}, "properties": {"kind": "OUT_OF_SCOPE"}}, {"type": "Feature", "geometry": {"type": "Point", "coordinates": [2.4500982, 6.6164823]}, "properties": {"kind": "OUT_OF_SCOPE"}}, {"type": "Feature", "geometry": {"type": "Point", "coordinates": [2.4526856, 6.6143122]}, "properties": {"kind": "OUT_OF_SCOPE"}}, {"type": "Feature", "geometry": {"type": "Point", "coordinates": [2.4524061, 6.6125936]}, "properties": {"kind": "OUT_OF_SCOPE"}}, {"type": "Feature", "geometry": {"type": "Point", "coordinates": [2.4489833, 6.6145108]}, "properties": {"kind": "OUT_OF_SCOPE"}}, {"type": "Feature", "geometry": {"type": "Point", "coordinates": [2.4543927, 6.6125076]}, "properties": {"kind": "OUT_OF_SCOPE"}}, {"type": "Feature", "geometry": {"type": "Point", "coordinates": [2.4551155, 6.6120397]}, "properties": {"kind": "OUT_OF_SCOPE"}}, {"type": "Feature", "geometry": {"type": "Point", "coordinates": [2.4526887, 6.6110779]}, "properties": {"kind": "OUT_OF_SCOPE"}}, {"type": "Feature", "geometry": {"type": "Point", "coordinates": [2.4527471, 6.6121171]}, "properties": {"kind": "OUT_OF_SCOPE"}}, {"type": "Feature", "geometry": {"type": "Point", "coordinates": [2.4479234, 6.6181704]}, "properties": {"kind": "OUT_OF_SCOPE"}}, {"type": "Feature", "geometry": {"type": "Point", "coordinates": [2.4475828, 6.6207921]}, "properties": {"kind": "OUT_OF_SCOPE"}}, {"type": "Feature", "geometry": {"type": "Point", "coordinates": [2.4482775, 6.6228782]}, "properties": {"kind": "OUT_OF_SCOPE"}}, {"type": "Feature", "geometry": {"type": "Point", "coordinates": [2.4505439, 6.6253321]}, "properties": {"kind": "OUT_OF_SCOPE"}}, {"type": "Feature", "geometry": {"type": "Point", "coordinates": [2.4517871, 6.6258623]}, "properties": {"kind": "OUT_OF_SCOPE"}}, {"type": "Feature", "geometry": {"type": "Point", "coordinates": [2.4543433, 6.6265057]}, "properties": {"kind": "OUT_OF_SCOPE"}}, {"type": "Feature", "geometry": {"type": "Point", "coordinates": [2.4558131, 6.6269253]}, "properties": {"kind": "OUT_OF_SCOPE"}}, {"type": "Feature", "geometry": {"type": "Point", "coordinates": [2.4585691, 6.6270932]}, "properties": {"kind": "OUT_OF_SCOPE"}}, {"type": "Feature", "geometry": {"type": "Point", "coordinates": [2.4650171, 6.6252068]}, "properties": {"kind": "OUT_OF_SCOPE"}}, {"type": "Feature", "geometry": {"type": "Point", "coordinates": [2.4490639, 6.6119639]}, "properties": {"kind": "OUT_OF_SCOPE"}}, {"type": "Feature", "geometry": {"type": "Point", "coordinates": [2.4505815, 6.6129451]}, "properties": {"kind": "OUT_OF_SCOPE"}}, {"type": "Feature", "geometry": {"type": "Point", "coordinates": [2.2887546, 6.5696523]}, "properties": {"kind": "OUT_OF_SCOPE"}}, {"type": "Feature", "geometry": {"type": "Point", "coordinates": [2.2880267, 6.5699113]}, "properties": {"kind": "OUT_OF_SCOPE"}}, {"type": "Feature", "geometry": {"type": "Point", "coordinates": [2.2196421, 6.4819846]}, "properties": {"kind": "OUT_OF_SCOPE"}}, {"type": "Feature", "geometry": {"type": "Point", "coordinates": [2.2206543, 6.482076]}, "properties": {"kind": "OUT_OF_SCOPE"}}, {"type": "Feature", "geometry": {"type": "Point", "coordinates": [2.2216787, 6.4820549]}, "properties": {"kind": "OUT_OF_SCOPE"}}, {"type": "Feature", "geometry": {"type": "Point", "coordinates": [2.2224268, 6.4807322]}, "properties": {"kind": "OUT_OF_SCOPE"}}, {"type": "Feature", "geometry": {"type": "Point", "coordinates": [2.2211546, 6.4842502]}, "properties": {"kind": "OUT_OF_SCOPE"}}, {"type": "Feature", "geometry": {"type": "Point", "coordinates": [2.2202179, 6.4841155]}, "properties": {"kind": "OUT_OF_SCOPE"}}, {"type": "Feature", "geometry": {"type": "Point", "coordinates": [2.2205537, 6.4834603]}, "properties": {"kind": "OUT_OF_SCOPE"}}, {"type": "Feature", "geometry": {"type": "Point", "coordinates": [2.2211494, 6.4831623]}, "properties": {"kind": "OUT_OF_SCOPE"}}, {"type": "Feature", "geometry": {"type": "Point", "coordinates": [2.2211585, 6.4851487]}, "properties": {"kind": "OUT_OF_SCOPE"}}, {"type": "Feature", "geometry": {"type": "Point", "coordinates": [2.2199836, 6.4850517]}, "properties": {"kind": "OUT_OF_SCOPE"}}, {"type": "Feature", "geometry": {"type": "Point", "coordinates": [2.3217136, 6.6313186]}, "properties": {"kind": "OUT_OF_SCOPE"}}, {"type": "Feature", "geometry": {"type": "Point", "coordinates": [2.3226094, 6.6309829]}, "properties": {"kind": "OUT_OF_SCOPE"}}, {"type": "Feature", "geometry": {"type": "Point", "coordinates": [2.3223788, 6.6297253]}, "properties": {"kind": "OUT_OF_SCOPE"}}, {"type": "Feature", "geometry": {"type": "Point", "coordinates": [2.3225183, 6.6287555]}, "properties": {"kind": "OUT_OF_SCOPE"}}, {"type": "Feature", "geometry": {"type": "Point", "coordinates": [2.3275189, 6.6248103]}, "properties": {"kind": "OUT_OF_SCOPE"}}, {"type": "Feature", "geometry": {"type": "Point", "coordinates": [2.3277709, 6.6257795]}, "properties": {"kind": "OUT_OF_SCOPE"}}, {"type": "Feature", "geometry": {"type": "Point", "coordinates": [2.3277756, 6.6259894]}, "properties": {"kind": "OUT_OF_SCOPE"}}, {"type": "Feature", "geometry": {"type": "Point", "coordinates": [2.3276832, 6.626372]}, "properties": {"kind": "OUT_OF_SCOPE"}}, {"type": "Feature", "geometry": {"type": "Point", "coordinates": [2.3272456, 6.6239803]}, "properties": {"kind": "OUT_OF_SCOPE"}}, {"type": "Feature", "geometry": {"type": "Point", "coordinates": [2.3269806, 6.6233131]}, "properties": {"kind": "OUT_OF_SCOPE"}}, {"type": "Feature", "geometry": {"type": "Point", "coordinates": [2.3267002, 6.6227836]}, "properties": {"kind": "OUT_OF_SCOPE"}}, {"type": "Feature", "geometry": {"type": "Point", "coordinates": [2.3262984, 6.622352]}, "properties": {"kind": "OUT_OF_SCOPE"}}, {"type": "Feature", "geometry": {"type": "Point", "coordinates": [2.20711, 6.5394443]}, "properties": {"kind": "OUT_OF_SCOPE"}}, {"type": "Feature", "geometry": {"type": "Point", "coordinates": [2.2014834, 6.5393837]}, "properties": {"kind": "OUT_OF_SCOPE"}}, {"type": "Feature", "geometry": {"type": "Point", "coordinates": [2.2064066, 6.5336931]}, "properties": {"kind": "OUT_OF_SCOPE"}}, {"type": "Feature", "geometry": {"type": "Point", "coordinates": [2.2001141, 6.5378928]}, "properties": {"kind": "OUT_OF_SCOPE"}}, {"type": "Feature", "geometry": {"type": "Point", "coordinates": [2.2079033, 6.5430837]}, "properties": {"kind": "OUT_OF_SCOPE"}}, {"type": "Feature", "geometry": {"type": "Point", "coordinates": [2.2073829, 6.5400619]}, "properties": {"kind": "OUT_OF_SCOPE"}}, {"type": "Feature", "geometry": {"type": "Point", "coordinates": [2.2365667, 6.5734382]}, "properties": {"kind": "OUT_OF_SCOPE"}}, {"type": "Feature", "geometry": {"type": "Point", "coordinates": [2.2305813, 6.5692534]}, "properties": {"kind": "OUT_OF_SCOPE"}}, {"type": "Feature", "geometry": {"type": "Point", "coordinates": [2.2321746, 6.5704791]}, "properties": {"kind": "OUT_OF_SCOPE"}}, {"type": "Feature", "geometry": {"type": "Point", "coordinates": [2.235471, 6.5687711]}, "properties": {"kind": "OUT_OF_SCOPE"}}, {"type": "Feature", "geometry": {"type": "Point", "coordinates": [2.2362328, 6.5726774]}, "properties": {"kind": "OUT_OF_SCOPE"}}, {"type": "Feature", "geometry": {"type": "Point", "coordinates": [2.2351773, 6.5736447]}, "properties": {"kind": "OUT_OF_SCOPE"}}, {"type": "Feature", "geometry": {"type": "Point", "coordinates": [2.2333735, 6.574127]}, "properties": {"kind": "OUT_OF_SCOPE"}}, {"type": "Feature", "geometry": {"type": "Point", "coordinates": [2.2325514, 6.5746839]}, "properties": {"kind": "OUT_OF_SCOPE"}}, {"type": "Feature", "geometry": {"type": "Point", "coordinates": [2.2377925, 6.5728813]}, "properties": {"kind": "OUT_OF_SCOPE"}}, {"type": "Feature", "geometry": {"type": "Point", "coordinates": [2.2387386, 6.5720706]}, "properties": {"kind": "OUT_OF_SCOPE"}}, {"type": "Feature", "geometry": {"type": "Point", "coordinates": [2.2392818, 6.5718707]}, "properties": {"kind": "OUT_OF_SCOPE"}}, {"type": "Feature", "geometry": {"type": "Point", "coordinates": [2.2398256, 6.5718454]}, "properties": {"kind": "OUT_OF_SCOPE"}}, {"type": "Feature", "geometry": {"type": "Point", "coordinates": [2.240417, 6.5712099]}, "properties": {"kind": "OUT_OF_SCOPE"}}, {"type": "Feature", "geometry": {"type": "Point", "coordinates": [2.2403023, 6.5692648]}, "properties": {"kind": "OUT_OF_SCOPE"}}, {"type": "Feature", "geometry": {"type": "Point", "coordinates": [2.2324066, 6.5771193]}, "properties": {"kind": "OUT_OF_SCOPE"}}, {"type": "Feature", "geometry": {"type": "Point", "coordinates": [2.2323925, 6.5768202]}, "properties": {"kind": "OUT_OF_SCOPE"}}, {"type": "Feature", "geometry": {"type": "Point", "coordinates": [2.2336947, 6.5767176]}, "properties": {"kind": "OUT_OF_SCOPE"}}, {"type": "Feature", "geometry": {"type": "Point", "coordinates": [2.2303225, 6.5675134]}, "properties": {"kind": "OUT_OF_SCOPE"}}, {"type": "Feature", "geometry": {"type": "Point", "coordinates": [2.2304982, 6.5692761]}, "properties": {"kind": "OUT_OF_SCOPE"}}, {"type": "Feature", "geometry": {"type": "Point", "coordinates": [2.2306859, 6.5710267]}, "properties": {"kind": "OUT_OF_SCOPE"}}, {"type": "Feature", "geometry": {"type": "Point", "coordinates": [2.230918, 6.5729958]}, "properties": {"kind": "OUT_OF_SCOPE"}}, {"type": "Feature", "geometry": {"type": "Point", "coordinates": [2.231673, 6.5746146]}, "properties": {"kind": "OUT_OF_SCOPE"}}, {"type": "Feature", "geometry": {"type": "Point", "coordinates": [2.2325152, 6.5752781]}, "properties": {"kind": "OUT_OF_SCOPE"}}, {"type": "Feature", "geometry": {"type": "Point", "coordinates": [2.233108, 6.5760454]}, "properties": {"kind": "OUT_OF_SCOPE"}}, {"type": "Feature", "geometry": {"type": "Point", "coordinates": [2.2334366, 6.5767236]}, "properties": {"kind": "OUT_OF_SCOPE"}}, {"type": "Feature", "geometry": {"type": "Point", "coordinates": [2.2141823, 6.5057547]}, "properties": {"kind": "OUT_OF_SCOPE"}}, {"type": "Feature", "geometry": {"type": "Point", "coordinates": [2.2151318, 6.5053989]}, "properties": {"kind": "OUT_OF_SCOPE"}}, {"type": "Feature", "geometry": {"type": "Point", "coordinates": [2.2161202, 6.5054669]}, "properties": {"kind": "OUT_OF_SCOPE"}}, {"type": "Feature", "geometry": {"type": "Point", "coordinates": [2.2170188, 6.5057867]}, "properties": {"kind": "OUT_OF_SCOPE"}}, {"type": "Feature", "geometry": {"type": "Point", "coordinates": [2.2178341, 6.5060078]}, "properties": {"kind": "OUT_OF_SCOPE"}}, {"type": "Feature", "geometry": {"type": "Point", "coordinates": [2.2187635, 6.5065715]}, "properties": {"kind": "OUT_OF_SCOPE"}}, {"type": "Feature", "geometry": {"type": "Point", "coordinates": [2.2109241, 6.5060165]}, "properties": {"kind": "OUT_OF_SCOPE"}}, {"type": "Feature", "geometry": {"type": "Point", "coordinates": [2.2114277, 6.5063067]}, "properties": {"kind": "OUT_OF_SCOPE"}}, {"type": "Feature", "geometry": {"type": "Point", "coordinates": [2.2118796, 6.5062747]}, "properties": {"kind": "OUT_OF_SCOPE"}}, {"type": "Feature", "geometry": {"type": "Point", "coordinates": [2.2123269, 6.5062454]}, "properties": {"kind": "OUT_OF_SCOPE"}}, {"type": "Feature", "geometry": {"type": "Point", "coordinates": [2.2127923, 6.5061341]}, "properties": {"kind": "OUT_OF_SCOPE"}}, {"type": "Feature", "geometry": {"type": "Point", "coordinates": [2.2132352, 6.5060651]}, "properties": {"kind": "OUT_OF_SCOPE"}}, {"type": "Feature", "geometry": {"type": "Point", "coordinates": [2.2123262, 6.5051714]}, "properties": {"kind": "OUT_OF_SCOPE"}}, {"type": "Feature", "geometry": {"type": "Point", "coordinates": [2.2127259, 6.5053813]}, "properties": {"kind": "OUT_OF_SCOPE"}}, {"type": "Feature", "geometry": {"type": "Point", "coordinates": [2.2130578, 6.5056844]}, "properties": {"kind": "OUT_OF_SCOPE"}}, {"type": "Feature", "geometry": {"type": "Point", "coordinates": [2.2133163, 6.5060522]}, "properties": {"kind": "OUT_OF_SCOPE"}}, {"type": "Feature", "geometry": {"type": "Point", "coordinates": [2.2137136, 6.506238]}, "properties": {"kind": "OUT_OF_SCOPE"}}, {"type": "Feature", "geometry": {"type": "Point", "coordinates": [2.2141133, 6.5064919]}, "properties": {"kind": "OUT_OF_SCOPE"}}, {"type": "Feature", "geometry": {"type": "Point", "coordinates": [2.2143312, 6.5067983]}, "properties": {"kind": "OUT_OF_SCOPE"}}, {"type": "Feature", "geometry": {"type": "Point", "coordinates": [2.2145176, 6.5070835]}, "properties": {"kind": "OUT_OF_SCOPE"}}, {"type": "Feature", "geometry": {"type": "Point", "coordinates": [2.2103729, 6.5057394]}, "properties": {"kind": "OUT_OF_SCOPE"}}, {"type": "Feature", "geometry": {"type": "Point", "coordinates": [2.2112399, 6.5056767]}, "properties": {"kind": "OUT_OF_SCOPE"}}, {"type": "Feature", "geometry": {"type": "Point", "coordinates": [2.2118349, 6.5053696]}, "properties": {"kind": "OUT_OF_SCOPE"}}, {"type": "Feature", "geometry": {"type": "Point", "coordinates": [2.2097168, 6.5096691]}, "properties": {"kind": "OUT_OF_SCOPE"}}, {"type": "Feature", "geometry": {"type": "Point", "coordinates": [2.2096366, 6.5102318]}, "properties": {"kind": "OUT_OF_SCOPE"}}, {"type": "Feature", "geometry": {"type": "Point", "coordinates": [2.2089832, 6.5105255]}, "properties": {"kind": "OUT_OF_SCOPE"}}, {"type": "Feature", "geometry": {"type": "Point", "coordinates": [2.2087294, 6.5115595]}, "properties": {"kind": "OUT_OF_SCOPE"}}, {"type": "Feature", "geometry": {"type": "Point", "coordinates": [2.2088501, 6.5080732]}, "properties": {"kind": "OUT_OF_SCOPE"}}, {"type": "Feature", "geometry": {"type": "Point", "coordinates": [2.2094925, 6.508335]}, "properties": {"kind": "OUT_OF_SCOPE"}}, {"type": "Feature", "geometry": {"type": "Point", "coordinates": [2.2101553, 6.5085542]}, "properties": {"kind": "OUT_OF_SCOPE"}}, {"type": "Feature", "geometry": {"type": "Point", "coordinates": [2.2102479, 6.509371]}, "properties": {"kind": "OUT_OF_SCOPE"}}, {"type": "Feature", "geometry": {"type": "Point", "coordinates": [2.2105275, 6.5100179]}, "properties": {"kind": "OUT_OF_SCOPE"}}, {"type": "Feature", "geometry": {"type": "Point", "coordinates": [2.2133951, 6.5111398]}, "properties": {"kind": "OUT_OF_SCOPE"}}, {"type": "Feature", "geometry": {"type": "Point", "coordinates": [2.2131795, 6.5106721]}, "properties": {"kind": "OUT_OF_SCOPE"}}, {"type": "Feature", "geometry": {"type": "Point", "coordinates": [2.2130424, 6.5101811]}, "properties": {"kind": "OUT_OF_SCOPE"}}, {"type": "Feature", "geometry": {"type": "Point", "coordinates": [2.2117603, 6.5092804]}, "properties": {"kind": "OUT_OF_SCOPE"}}, {"type": "Feature", "geometry": {"type": "Point", "coordinates": [2.2138856, 6.5101308]}, "properties": {"kind": "OUT_OF_SCOPE"}}, {"type": "Feature", "geometry": {"type": "Point", "coordinates": [2.2140576, 6.5106548]}, "properties": {"kind": "OUT_OF_SCOPE"}}, {"type": "Feature", "geometry": {"type": "Point", "coordinates": [2.2138021, 6.5111928]}, "properties": {"kind": "OUT_OF_SCOPE"}}, {"type": "Feature", "geometry": {"type": "Point", "coordinates": [2.2133495, 6.5112884]}, "properties": {"kind": "OUT_OF_SCOPE"}}, {"type": "Feature", "geometry": {"type": "Point", "coordinates": [2.2130343, 6.5112321]}, "properties": {"kind": "OUT_OF_SCOPE"}}, {"type": "Feature", "geometry": {"type": "Point", "coordinates": [2.2125445, 6.5111768]}, "properties": {"kind": "OUT_OF_SCOPE"}}, {"type": "Feature", "geometry": {"type": "Point", "coordinates": [2.2121643, 6.5109356]}, "properties": {"kind": "OUT_OF_SCOPE"}}, {"type": "Feature", "geometry": {"type": "Point", "coordinates": [2.2114283, 6.5106855]}, "properties": {"kind": "OUT_OF_SCOPE"}}, {"type": "Feature", "geometry": {"type": "Point", "coordinates": [2.2342359, 6.5001436]}, "properties": {"kind": "OUT_OF_SCOPE"}}, {"type": "Feature", "geometry": {"type": "Point", "coordinates": [2.2110575, 6.5115482]}, "properties": {"kind": "OUT_OF_SCOPE"}}, {"type": "Feature", "geometry": {"type": "Point", "coordinates": [2.2119226, 6.5112044]}, "properties": {"kind": "OUT_OF_SCOPE"}}, {"type": "Feature", "geometry": {"type": "Point", "coordinates": [2.2030163, 6.549102]}, "properties": {"kind": "OUT_OF_SCOPE"}}, {"type": "Feature", "geometry": {"type": "Point", "coordinates": [2.2027548, 6.5507301]}, "properties": {"kind": "OUT_OF_SCOPE"}}, {"type": "Feature", "geometry": {"type": "Point", "coordinates": [2.2017382, 6.5513683]}, "properties": {"kind": "OUT_OF_SCOPE"}}, {"type": "Feature", "geometry": {"type": "Point", "coordinates": [2.2007726, 6.5525328]}, "properties": {"kind": "OUT_OF_SCOPE"}}, {"type": "Feature", "geometry": {"type": "Point", "coordinates": [2.2012098, 6.5533642]}, "properties": {"kind": "OUT_OF_SCOPE"}}, {"type": "Feature", "geometry": {"type": "Point", "coordinates": [2.2020695, 6.5541209]}, "properties": {"kind": "OUT_OF_SCOPE"}}, {"type": "Feature", "geometry": {"type": "Point", "coordinates": [2.2019327, 6.5552801]}, "properties": {"kind": "OUT_OF_SCOPE"}}, {"type": "Feature", "geometry": {"type": "Point", "coordinates": [2.200489, 6.5466378]}, "properties": {"kind": "OUT_OF_SCOPE"}}, {"type": "Feature", "geometry": {"type": "Point", "coordinates": [2.2005242, 6.5468373]}, "properties": {"kind": "OUT_OF_SCOPE"}}, {"type": "Feature", "geometry": {"type": "Point", "coordinates": [2.2006335, 6.5470445]}, "properties": {"kind": "OUT_OF_SCOPE"}}, {"type": "Feature", "geometry": {"type": "Point", "coordinates": [2.2007847, 6.547292]}, "properties": {"kind": "OUT_OF_SCOPE"}}, {"type": "Feature", "geometry": {"type": "Point", "coordinates": [2.2010583, 6.5475411]}, "properties": {"kind": "OUT_OF_SCOPE"}}, {"type": "Feature", "geometry": {"type": "Point", "coordinates": [2.2010972, 6.5478942]}, "properties": {"kind": "OUT_OF_SCOPE"}}, {"type": "Feature", "geometry": {"type": "Point", "coordinates": [2.2010871, 6.5482959]}, "properties": {"kind": "OUT_OF_SCOPE"}}, {"type": "Feature", "geometry": {"type": "Point", "coordinates": [2.2009356, 6.5487209]}, "properties": {"kind": "OUT_OF_SCOPE"}}, {"type": "Feature", "geometry": {"type": "Point", "coordinates": [2.201006, 6.5489774]}, "properties": {"kind": "OUT_OF_SCOPE"}}, {"type": "Feature", "geometry": {"type": "Point", "coordinates": [2.2009252, 6.5494094]}, "properties": {"kind": "OUT_OF_SCOPE"}}, {"type": "Feature", "geometry": {"type": "Point", "coordinates": [2.2006164, 6.5496856]}, "properties": {"kind": "OUT_OF_SCOPE"}}, {"type": "Feature", "geometry": {"type": "Point", "coordinates": [2.2007002, 6.5499647]}, "properties": {"kind": "OUT_OF_SCOPE"}}, {"type": "Feature", "geometry": {"type": "Point", "coordinates": [2.2005533, 6.5502145]}, "properties": {"kind": "OUT_OF_SCOPE"}}, {"type": "Feature", "geometry": {"type": "Point", "coordinates": [2.2006988, 6.5506542]}, "properties": {"kind": "OUT_OF_SCOPE"}}, {"type": "Feature", "geometry": {"type": "Point", "coordinates": [2.2183853, 6.5320143]}, "properties": {"kind": "OUT_OF_SCOPE"}}, {"type": "Feature", "geometry": {"type": "Point", "coordinates": [2.2173178, 6.5290777]}, "properties": {"kind": "OUT_OF_SCOPE"}}, {"type": "Feature", "geometry": {"type": "Point", "coordinates": [2.2165078, 6.5274734]}, "properties": {"kind": "OUT_OF_SCOPE"}}, {"type": "Feature", "geometry": {"type": "Point", "coordinates": [2.2156991, 6.5335918]}, "properties": {"kind": "OUT_OF_SCOPE"}}, {"type": "Feature", "geometry": {"type": "Point", "coordinates": [2.2146758, 6.5330429]}, "properties": {"kind": "OUT_OF_SCOPE"}}, {"type": "Feature", "geometry": {"type": "Point", "coordinates": [2.2131577, 6.5321688]}, "properties": {"kind": "OUT_OF_SCOPE"}}, {"type": "Feature", "geometry": {"type": "Point", "coordinates": [2.2124979, 6.5307005]}, "properties": {"kind": "OUT_OF_SCOPE"}}, {"type": "Feature", "geometry": {"type": "Point", "coordinates": [2.2123638, 6.529123]}, "properties": {"kind": "OUT_OF_SCOPE"}}, {"type": "Feature", "geometry": {"type": "Point", "coordinates": [2.2133186, 6.5330029]}, "properties": {"kind": "OUT_OF_SCOPE"}}, {"type": "Feature", "geometry": {"type": "Point", "coordinates": [2.2109985, 6.529107]}, "properties": {"kind": "OUT_OF_SCOPE"}}, {"type": "Feature", "geometry": {"type": "Point", "coordinates": [2.2098184, 6.5302182]}, "properties": {"kind": "OUT_OF_SCOPE"}}, {"type": "Feature", "geometry": {"type": "Point", "coordinates": [2.2090968, 6.5318864]}, "properties": {"kind": "OUT_OF_SCOPE"}}, {"type": "Feature", "geometry": {"type": "Point", "coordinates": [2.2084263, 6.5334213]}, "properties": {"kind": "OUT_OF_SCOPE"}}, {"type": "Feature", "geometry": {"type": "Point", "coordinates": [2.212168, 6.5277133]}, "properties": {"kind": "OUT_OF_SCOPE"}}, {"type": "Feature", "geometry": {"type": "Point", "coordinates": [2.2105452, 6.5280517]}, "properties": {"kind": "OUT_OF_SCOPE"}}, {"type": "Feature", "geometry": {"type": "Point", "coordinates": [2.2089922, 6.5275321]}, "properties": {"kind": "OUT_OF_SCOPE"}}, {"type": "Feature", "geometry": {"type": "Point", "coordinates": [2.2087133, 6.5236734]}, "properties": {"kind": "OUT_OF_SCOPE"}}, {"type": "Feature", "geometry": {"type": "Point", "coordinates": [2.210049, 6.5247713]}, "properties": {"kind": "OUT_OF_SCOPE"}}, {"type": "Feature", "geometry": {"type": "Point", "coordinates": [2.2113499, 6.5258559]}, "properties": {"kind": "OUT_OF_SCOPE"}}, {"type": "Feature", "geometry": {"type": "Point", "coordinates": [2.2133428, 6.5263276]}, "properties": {"kind": "OUT_OF_SCOPE"}}, {"type": "Feature", "geometry": {"type": "Point", "coordinates": [2.2147322, 6.5269085]}, "properties": {"kind": "OUT_OF_SCOPE"}}, {"type": "Feature", "geometry": {"type": "Point", "coordinates": [2.2163549, 6.5268632]}, "properties": {"kind": "OUT_OF_SCOPE"}}, {"type": "Feature", "geometry": {"type": "Point", "coordinates": [2.2189566, 6.5253016]}, "properties": {"kind": "OUT_OF_SCOPE"}}, {"type": "Feature", "geometry": {"type": "Point", "coordinates": [2.2039551, 6.5566551]}, "properties": {"kind": "OUT_OF_SCOPE"}}, {"type": "Feature", "geometry": {"type": "Point", "coordinates": [2.2030069, 6.5550236]}, "properties": {"kind": "OUT_OF_SCOPE"}}, {"type": "Feature", "geometry": {"type": "Point", "coordinates": [2.2025965, 6.5544101]}, "properties": {"kind": "OUT_OF_SCOPE"}}, {"type": "Feature", "geometry": {"type": "Point", "coordinates": [2.1997695, 6.5447092]}, "properties": {"kind": "OUT_OF_SCOPE"}}, {"type": "Feature", "geometry": {"type": "Point", "coordinates": [2.1999049, 6.5451262]}, "properties": {"kind": "OUT_OF_SCOPE"}}, {"type": "Feature", "geometry": {"type": "Point", "coordinates": [2.1974681, 6.4553236]}, "properties": {"kind": "OUT_OF_SCOPE"}}, {"type": "Feature", "geometry": {"type": "Point", "coordinates": [2.1991311, 6.4553942]}, "properties": {"kind": "OUT_OF_SCOPE"}}, {"type": "Feature", "geometry": {"type": "Point", "coordinates": [2.2004172, 6.4554008]}, "properties": {"kind": "OUT_OF_SCOPE"}}, {"type": "Feature", "geometry": {"type": "Point", "coordinates": [2.201191, 6.4554688]}, "properties": {"kind": "OUT_OF_SCOPE"}}, {"type": "Feature", "geometry": {"type": "Point", "coordinates": [2.2023296, 6.4555528]}, "properties": {"kind": "OUT_OF_SCOPE"}}, {"type": "Feature", "geometry": {"type": "Point", "coordinates": [2.2032309, 6.4554715]}, "properties": {"kind": "OUT_OF_SCOPE"}}, {"type": "Feature", "geometry": {"type": "Point", "coordinates": [2.203086, 6.4547985]}, "properties": {"kind": "OUT_OF_SCOPE"}}, {"type": "Feature", "geometry": {"type": "Point", "coordinates": [2.2027896, 6.4538617]}, "properties": {"kind": "OUT_OF_SCOPE"}}, {"type": "Feature", "geometry": {"type": "Point", "coordinates": [2.2023712, 6.4527849]}, "properties": {"kind": "OUT_OF_SCOPE"}}, {"type": "Feature", "geometry": {"type": "Point", "coordinates": [2.2019488, 6.4516162]}, "properties": {"kind": "OUT_OF_SCOPE"}}, {"type": "Feature", "geometry": {"type": "Point", "coordinates": [2.2011913, 6.4507615]}, "properties": {"kind": "OUT_OF_SCOPE"}}, {"type": "Feature", "geometry": {"type": "Point", "coordinates": [2.2009362, 6.4502237]}, "properties": {"kind": "OUT_OF_SCOPE"}}, {"type": "Feature", "geometry": {"type": "Point", "coordinates": [2.2014754, 6.4495507]}, "properties": {"kind": "OUT_OF_SCOPE"}}, {"type": "Feature", "geometry": {"type": "Point", "coordinates": [2.2019877, 6.4488551]}, "properties": {"kind": "OUT_OF_SCOPE"}}, {"type": "Feature", "geometry": {"type": "Point", "coordinates": [2.2024034, 6.4484006]}, "properties": {"kind": "OUT_OF_SCOPE"}}, {"type": "Feature", "geometry": {"type": "Point", "coordinates": [2.2028151, 6.4477583]}, "properties": {"kind": "OUT_OF_SCOPE"}}, {"type": "Feature", "geometry": {"type": "Point", "coordinates": [2.2026515, 6.4463124]}, "properties": {"kind": "OUT_OF_SCOPE"}}, {"type": "Feature", "geometry": {"type": "Point", "coordinates": [2.2048683, 6.4467435]}, "properties": {"kind": "OUT_OF_SCOPE"}}, {"type": "Feature", "geometry": {"type": "Point", "coordinates": [2.2032925, 6.4470107]}, "properties": {"kind": "OUT_OF_SCOPE"}}, {"type": "Feature", "geometry": {"type": "Point", "coordinates": [2.2026367, 6.4464857]}, "properties": {"kind": "OUT_OF_SCOPE"}}, {"type": "Feature", "geometry": {"type": "Point", "coordinates": [2.201938, 6.4458273]}, "properties": {"kind": "OUT_OF_SCOPE"}}, {"type": "Feature", "geometry": {"type": "Point", "coordinates": [2.2011441, 6.4450904]}, "properties": {"kind": "OUT_OF_SCOPE"}}, {"type": "Feature", "geometry": {"type": "Point", "coordinates": [2.2067513, 6.4467922]}, "properties": {"kind": "OUT_OF_SCOPE"}}, {"type": "Feature", "geometry": {"type": "Point", "coordinates": [2.2068921, 6.4474452]}, "properties": {"kind": "OUT_OF_SCOPE"}}, {"type": "Feature", "geometry": {"type": "Point", "coordinates": [2.2061437, 6.4463551]}, "properties": {"kind": "OUT_OF_SCOPE"}}, {"type": "Feature", "geometry": {"type": "Point", "coordinates": [2.2079629, 6.45088]}, "properties": {"kind": "OUT_OF_SCOPE"}}, {"type": "Feature", "geometry": {"type": "Point", "coordinates": [2.2075519, 6.4522266]}, "properties": {"kind": "OUT_OF_SCOPE"}}, {"type": "Feature", "geometry": {"type": "Point", "coordinates": [2.2052559, 6.4567095]}, "properties": {"kind": "OUT_OF_SCOPE"}}, {"type": "Feature", "geometry": {"type": "Point", "coordinates": [2.2051044, 6.454588]}, "properties": {"kind": "OUT_OF_SCOPE"}}, {"type": "Feature", "geometry": {"type": "Point", "coordinates": [2.2058755, 6.4540109]}, "properties": {"kind": "OUT_OF_SCOPE"}}, {"type": "Feature", "geometry": {"type": "Point", "coordinates": [2.2065394, 6.453282]}, "properties": {"kind": "OUT_OF_SCOPE"}}, {"type": "Feature", "geometry": {"type": "Point", "coordinates": [2.2073682, 6.4528342]}, "properties": {"kind": "OUT_OF_SCOPE"}}, {"type": "Feature", "geometry": {"type": "Point", "coordinates": [2.2081326, 6.4521786]}, "properties": {"kind": "OUT_OF_SCOPE"}}, {"type": "Feature", "geometry": {"type": "Point", "coordinates": [2.2003126, 6.4509819]}, "properties": {"kind": "OUT_OF_SCOPE"}}, {"type": "Feature", "geometry": {"type": "Point", "coordinates": [2.1995214, 6.4518148]}, "properties": {"kind": "OUT_OF_SCOPE"}}, {"type": "Feature", "geometry": {"type": "Point", "coordinates": [2.198419, 6.4522839]}, "properties": {"kind": "OUT_OF_SCOPE"}}, {"type": "Feature", "geometry": {"type": "Point", "coordinates": [2.1979925, 6.4531634]}, "properties": {"kind": "OUT_OF_SCOPE"}}, {"type": "Feature", "geometry": {"type": "Point", "coordinates": [2.2006948, 6.450237]}, "properties": {"kind": "OUT_OF_SCOPE"}}, {"type": "Feature", "geometry": {"type": "Point", "coordinates": [2.1988119, 6.4477277]}, "properties": {"kind": "OUT_OF_SCOPE"}}, {"type": "Feature", "geometry": {"type": "Point", "coordinates": [2.1983814, 6.4461778]}, "properties": {"kind": "OUT_OF_SCOPE"}}, {"type": "Feature", "geometry": {"type": "Point", "coordinates": [2.2018844, 6.4548252]}, "properties": {"kind": "OUT_OF_SCOPE"}}, {"type": "Feature", "geometry": {"type": "Point", "coordinates": [2.2009939, 6.4545213]}, "properties": {"kind": "OUT_OF_SCOPE"}}, {"type": "Feature", "geometry": {"type": "Point", "coordinates": [2.2014418, 6.4533007]}, "properties": {"kind": "OUT_OF_SCOPE"}}, {"type": "Feature", "geometry": {"type": "Point", "coordinates": [2.2023323, 6.453815]}, "properties": {"kind": "OUT_OF_SCOPE"}}, {"type": "Feature", "geometry": {"type": "Point", "coordinates": [2.2001759, 6.4540238]}, "properties": {"kind": "OUT_OF_SCOPE"}}, {"type": "Feature", "geometry": {"type": "Point", "coordinates": [2.2000377, 6.4518628]}, "properties": {"kind": "OUT_OF_SCOPE"}}, {"type": "Feature", "geometry": {"type": "Point", "coordinates": [2.2006787, 6.4527956]}, "properties": {"kind": "OUT_OF_SCOPE"}}, {"type": "Feature", "geometry": {"type": "Point", "coordinates": [2.2004051, 6.4537497]}, "properties": {"kind": "OUT_OF_SCOPE"}}, {"type": "Feature", "geometry": {"type": "Point", "coordinates": [2.1999572, 6.4540243]}, "properties": {"kind": "OUT_OF_SCOPE"}}, {"type": "Feature", "geometry": {"type": "Point", "coordinates": [2.1995334, 6.454552]}, "properties": {"kind": "OUT_OF_SCOPE"}}, {"type": "Feature", "geometry": {"type": "Point", "coordinates": [2.2038853, 6.4541255]}, "properties": {"kind": "OUT_OF_SCOPE"}}, {"type": "Feature", "geometry": {"type": "Point", "coordinates": [2.205154, 6.4540069]}, "properties": {"kind": "OUT_OF_SCOPE"}}, {"type": "Feature", "geometry": {"type": "Point", "coordinates": [2.2063825, 6.455758]}, "properties": {"kind": "OUT_OF_SCOPE"}}, {"type": "Feature", "geometry": {"type": "Point", "coordinates": [2.207433, 6.4551303]}, "properties": {"kind": "OUT_OF_SCOPE"}}, {"type": "Feature", "geometry": {"type": "Point", "coordinates": [2.2070155, 6.4543228]}, "properties": {"kind": "OUT_OF_SCOPE"}}, {"type": "Feature", "geometry": {"type": "Point", "coordinates": [2.2076806, 6.4551943]}, "properties": {"kind": "OUT_OF_SCOPE"}}, {"type": "Feature", "geometry": {"type": "Point", "coordinates": [2.2070959, 6.4541882]}, "properties": {"kind": "OUT_OF_SCOPE"}}, {"type": "Feature", "geometry": {"type": "Point", "coordinates": [2.207635, 6.4527756]}, "properties": {"kind": "OUT_OF_SCOPE"}}, {"type": "Feature", "geometry": {"type": "Point", "coordinates": [2.207627, 6.4538897]}, "properties": {"kind": "OUT_OF_SCOPE"}}, {"type": "Feature", "geometry": {"type": "Point", "coordinates": [2.206019, 6.4497919]}, "properties": {"kind": "OUT_OF_SCOPE"}}, {"type": "Feature", "geometry": {"type": "Point", "coordinates": [2.206471, 6.4512698]}, "properties": {"kind": "OUT_OF_SCOPE"}}, {"type": "Feature", "geometry": {"type": "Point", "coordinates": [2.2047061, 6.4502943]}, "properties": {"kind": "OUT_OF_SCOPE"}}, {"type": "Feature", "geometry": {"type": "Point", "coordinates": [2.2055436, 6.4496853]}, "properties": {"kind": "OUT_OF_SCOPE"}}, {"type": "Feature", "geometry": {"type": "Point", "coordinates": [2.2051486, 6.4481648]}, "properties": {"kind": "OUT_OF_SCOPE"}}, {"type": "Feature", "geometry": {"type": "Point", "coordinates": [2.2049327, 6.4473199]}, "properties": {"kind": "OUT_OF_SCOPE"}}, {"type": "Feature", "geometry": {"type": "Point", "coordinates": [2.2030431, 6.4515603]}, "properties": {"kind": "OUT_OF_SCOPE"}}, {"type": "Feature", "geometry": {"type": "Point", "coordinates": [2.2039195, 6.4508167]}, "properties": {"kind": "OUT_OF_SCOPE"}}, {"type": "Feature", "geometry": {"type": "Point", "coordinates": [2.2040677, 6.4494201]}, "properties": {"kind": "OUT_OF_SCOPE"}}, {"type": "Feature", "geometry": {"type": "Point", "coordinates": [2.2036117, 6.447805]}, "properties": {"kind": "OUT_OF_SCOPE"}}, {"type": "Feature", "geometry": {"type": "Point", "coordinates": [2.2030753, 6.4473572]}, "properties": {"kind": "OUT_OF_SCOPE"}}, {"type": "Feature", "geometry": {"type": "Point", "coordinates": [2.2050802, 6.447048]}, "properties": {"kind": "OUT_OF_SCOPE"}}, {"type": "Feature", "geometry": {"type": "Point", "coordinates": [2.2038008, 6.4477197]}, "properties": {"kind": "OUT_OF_SCOPE"}}, {"type": "Feature", "geometry": {"type": "Point", "coordinates": [2.2051044, 6.4424704]}, "properties": {"kind": "OUT_OF_SCOPE"}}, {"type": "Feature", "geometry": {"type": "Point", "coordinates": [2.2047973, 6.4434926]}, "properties": {"kind": "OUT_OF_SCOPE"}}, {"type": "Feature", "geometry": {"type": "Point", "coordinates": [2.2049193, 6.4446893]}, "properties": {"kind": "OUT_OF_SCOPE"}}, {"type": "Feature", "geometry": {"type": "Point", "coordinates": [2.2053243, 6.4459886]}, "properties": {"kind": "OUT_OF_SCOPE"}}, {"type": "Feature", "geometry": {"type": "Point", "coordinates": [2.2017328, 6.4557553]}, "properties": {"kind": "OUT_OF_SCOPE"}}, {"type": "Feature", "geometry": {"type": "Point", "coordinates": [2.2017007, 6.4565722]}, "properties": {"kind": "OUT_OF_SCOPE"}}, {"type": "Feature", "geometry": {"type": "Point", "coordinates": [2.2006345, 6.4527703]}, "properties": {"kind": "OUT_OF_SCOPE"}}, {"type": "Feature", "geometry": {"type": "Point", "coordinates": [2.2007136, 6.4513471]}, "properties": {"kind": "OUT_OF_SCOPE"}}, {"type": "Feature", "geometry": {"type": "Point", "coordinates": [2.2006385, 6.4521826]}, "properties": {"kind": "OUT_OF_SCOPE"}}, {"type": "Feature", "geometry": {"type": "Point", "coordinates": [2.2001758, 6.4514417]}, "properties": {"kind": "OUT_OF_SCOPE"}}, {"type": "Feature", "geometry": {"type": "Point", "coordinates": [2.2012769, 6.4524931]}, "properties": {"kind": "OUT_OF_SCOPE"}}, {"type": "Feature", "geometry": {"type": "Point", "coordinates": [2.2022036, 6.4524918]}, "properties": {"kind": "OUT_OF_SCOPE"}}, {"type": "Feature", "geometry": {"type": "Point", "coordinates": [2.2039926, 6.5984979]}, "properties": {"kind": "OUT_OF_SCOPE"}}, {"type": "Feature", "geometry": {"type": "Point", "coordinates": [2.2019353, 6.5889498]}, "properties": {"kind": "OUT_OF_SCOPE"}}, {"type": "Feature", "geometry": {"type": "Point", "coordinates": [2.1980756, 6.5946091]}, "properties": {"kind": "OUT_OF_SCOPE"}}, {"type": "Feature", "geometry": {"type": "Point", "coordinates": [2.2044674, 6.590703]}, "properties": {"kind": "OUT_OF_SCOPE"}}, {"type": "Feature", "geometry": {"type": "Point", "coordinates": [2.2020426, 6.5980116]}, "properties": {"kind": "OUT_OF_SCOPE"}}, {"type": "Feature", "geometry": {"type": "Point", "coordinates": [2.2161122, 6.4399184]}, "properties": {"kind": "OUT_OF_SCOPE"}}, {"type": "Feature", "geometry": {"type": "Point", "coordinates": [2.2169879, 6.4377782]}, "properties": {"kind": "OUT_OF_SCOPE"}}, {"type": "Feature", "geometry": {"type": "Point", "coordinates": [2.2159472, 6.4369493]}, "properties": {"kind": "OUT_OF_SCOPE"}}, {"type": "Feature", "geometry": {"type": "Point", "coordinates": [2.2170094, 6.4385858]}, "properties": {"kind": "OUT_OF_SCOPE"}}, {"type": "Feature", "geometry": {"type": "Point", "coordinates": [2.2124778, 6.4378855]}, "properties": {"kind": "OUT_OF_SCOPE"}}, {"type": "Feature", "geometry": {"type": "Point", "coordinates": [2.2114954, 6.4376456]}, "properties": {"kind": "OUT_OF_SCOPE"}}, {"type": "Feature", "geometry": {"type": "Point", "coordinates": [2.2123765, 6.4378675]}, "properties": {"kind": "OUT_OF_SCOPE"}}, {"type": "Feature", "geometry": {"type": "Point", "coordinates": [2.2135721, 6.4384179]}, "properties": {"kind": "OUT_OF_SCOPE"}}, {"type": "Feature", "geometry": {"type": "Point", "coordinates": [2.2144626, 6.4387537]}, "properties": {"kind": "OUT_OF_SCOPE"}}, {"type": "Feature", "geometry": {"type": "Point", "coordinates": [2.2098251, 6.4371279]}, "properties": {"kind": "OUT_OF_SCOPE"}}, {"type": "Feature", "geometry": {"type": "Point", "coordinates": [2.2094442, 6.435554]}, "properties": {"kind": "OUT_OF_SCOPE"}}, {"type": "Feature", "geometry": {"type": "Point", "coordinates": [2.2105747, 6.4358432]}, "properties": {"kind": "OUT_OF_SCOPE"}}, {"type": "Feature", "geometry": {"type": "Point", "coordinates": [2.210235, 6.4373364]}, "properties": {"kind": "OUT_OF_SCOPE"}}, {"type": "Feature", "geometry": {"type": "Point", "coordinates": [2.2160143, 6.4401716]}, "properties": {"kind": "OUT_OF_SCOPE"}}, {"type": "Feature", "geometry": {"type": "Point", "coordinates": [2.2154175, 6.4400044]}, "properties": {"kind": "OUT_OF_SCOPE"}}, {"type": "Feature", "geometry": {"type": "Point", "coordinates": [2.2137076, 6.4409259]}, "properties": {"kind": "OUT_OF_SCOPE"}}, {"type": "Feature", "geometry": {"type": "Point", "coordinates": [2.212286, 6.4402516]}, "properties": {"kind": "OUT_OF_SCOPE"}}, {"type": "Feature", "geometry": {"type": "Point", "coordinates": [2.2112346, 6.4389403]}, "properties": {"kind": "OUT_OF_SCOPE"}}, {"type": "Feature", "geometry": {"type": "Point", "coordinates": [2.2113083, 6.4375956]}, "properties": {"kind": "OUT_OF_SCOPE"}}, {"type": "Feature", "geometry": {"type": "Point", "coordinates": [2.2090794, 6.4370453]}, "properties": {"kind": "OUT_OF_SCOPE"}}, {"type": "Feature", "geometry": {"type": "Point", "coordinates": [2.2167009, 6.4400091]}, "properties": {"kind": "OUT_OF_SCOPE"}}, {"type": "Feature", "geometry": {"type": "Point", "coordinates": [2.210277, 6.4454329]}, "properties": {"kind": "OUT_OF_SCOPE"}}, {"type": "Feature", "geometry": {"type": "Point", "coordinates": [2.2085202, 6.445754]}, "properties": {"kind": "OUT_OF_SCOPE"}}, {"type": "Feature", "geometry": {"type": "Point", "coordinates": [2.2098948, 6.4447719]}, "properties": {"kind": "OUT_OF_SCOPE"}}, {"type": "Feature", "geometry": {"type": "Point", "coordinates": [2.2085027, 6.4456674]}, "properties": {"kind": "OUT_OF_SCOPE"}}, {"type": "Feature", "geometry": {"type": "Point", "coordinates": [2.21356, 6.4464217]}, "properties": {"kind": "OUT_OF_SCOPE"}}, {"type": "Feature", "geometry": {"type": "Point", "coordinates": [2.2125824, 6.4462191]}, "properties": {"kind": "OUT_OF_SCOPE"}}, {"type": "Feature", "geometry": {"type": "Point", "coordinates": [2.2148341, 6.4441869]}, "properties": {"kind": "OUT_OF_SCOPE"}}, {"type": "Feature", "geometry": {"type": "Point", "coordinates": [2.2138444, 6.4456181]}, "properties": {"kind": "OUT_OF_SCOPE"}}, {"type": "Feature", "geometry": {"type": "Point", "coordinates": [2.2165909, 6.4444561]}, "properties": {"kind": "OUT_OF_SCOPE"}}, {"type": "Feature", "geometry": {"type": "Point", "coordinates": [2.2167046, 6.4431719]}, "properties": {"kind": "OUT_OF_SCOPE"}}, {"type": "Feature", "geometry": {"type": "Point", "coordinates": [2.2164407, 6.4412191]}, "properties": {"kind": "OUT_OF_SCOPE"}}, {"type": "Feature", "geometry": {"type": "Point", "coordinates": [2.2112902, 6.4424664]}, "properties": {"kind": "OUT_OF_SCOPE"}}, {"type": "Feature", "geometry": {"type": "Point", "coordinates": [2.2125421, 6.443292]}, "properties": {"kind": "OUT_OF_SCOPE"}}, {"type": "Feature", "geometry": {"type": "Point", "coordinates": [2.2135681, 6.4435259]}, "properties": {"kind": "OUT_OF_SCOPE"}}, {"type": "Feature", "geometry": {"type": "Point", "coordinates": [2.2150876, 6.4441162]}, "properties": {"kind": "OUT_OF_SCOPE"}}, {"type": "Feature", "geometry": {"type": "Point", "coordinates": [2.2098224, 6.4410099]}, "properties": {"kind": "OUT_OF_SCOPE"}}, {"type": "Feature", "geometry": {"type": "Point", "coordinates": [2.2099113, 6.4421194]}, "properties": {"kind": "OUT_OF_SCOPE"}}, {"type": "Feature", "geometry": {"type": "Point", "coordinates": [2.2098358, 6.4419041]}, "properties": {"kind": "OUT_OF_SCOPE"}}, {"type": "Feature", "geometry": {"type": "Point", "coordinates": [2.209347, 6.438775]}, "properties": {"kind": "OUT_OF_SCOPE"}}, {"type": "Feature", "geometry": {"type": "Point", "coordinates": [2.2095877, 6.4412404]}, "properties": {"kind": "OUT_OF_SCOPE"}}, {"type": "Feature", "geometry": {"type": "Point", "coordinates": [2.2159365, 6.4393587]}, "properties": {"kind": "OUT_OF_SCOPE"}}, {"type": "Feature", "geometry": {"type": "Point", "coordinates": [2.2195628, 6.519335]}, "properties": {"kind": "OUT_OF_SCOPE"}}, {"type": "Feature", "geometry": {"type": "Point", "coordinates": [2.2203527, 6.520884]}, "properties": {"kind": "OUT_OF_SCOPE"}}, {"type": "Feature", "geometry": {"type": "Point", "coordinates": [2.2208644, 6.5223749]}, "properties": {"kind": "OUT_OF_SCOPE"}}, {"type": "Feature", "geometry": {"type": "Point", "coordinates": [2.2224368, 6.5187501]}, "properties": {"kind": "OUT_OF_SCOPE"}}, {"type": "Feature", "geometry": {"type": "Point", "coordinates": [2.2211688, 6.5191485]}, "properties": {"kind": "OUT_OF_SCOPE"}}, {"type": "Feature", "geometry": {"type": "Point", "coordinates": [2.2199813, 6.5190825]}, "properties": {"kind": "OUT_OF_SCOPE"}}, {"type": "Feature", "geometry": {"type": "Point", "coordinates": [2.2037029, 6.5166009]}, "properties": {"kind": "OUT_OF_SCOPE"}}, {"type": "Feature", "geometry": {"type": "Point", "coordinates": [2.20618, 6.5191938]}, "properties": {"kind": "OUT_OF_SCOPE"}}, {"type": "Feature", "geometry": {"type": "Point", "coordinates": [2.2077651, 6.5221371]}, "properties": {"kind": "OUT_OF_SCOPE"}}, {"type": "Feature", "geometry": {"type": "Point", "coordinates": [2.23207, 6.5620936]}, "properties": {"kind": "OUT_OF_SCOPE"}}, {"type": "Feature", "geometry": {"type": "Point", "coordinates": [2.2334969, 6.5603136]}, "properties": {"kind": "OUT_OF_SCOPE"}}, {"type": "Feature", "geometry": {"type": "Point", "coordinates": [2.2358143, 6.5561355]}, "properties": {"kind": "OUT_OF_SCOPE"}}, {"type": "Feature", "geometry": {"type": "Point", "coordinates": [2.2075519, 6.4420213]}, "properties": {"kind": "OUT_OF_SCOPE"}}, {"type": "Feature", "geometry": {"type": "Point", "coordinates": [2.2073641, 6.4410405]}, "properties": {"kind": "OUT_OF_SCOPE"}}, {"type": "Feature", "geometry": {"type": "Point", "coordinates": [2.1986899, 6.4381087]}, "properties": {"kind": "OUT_OF_SCOPE"}}, {"type": "Feature", "geometry": {"type": "Point", "coordinates": [2.2009496, 6.4386444]}, "properties": {"kind": "OUT_OF_SCOPE"}}, {"type": "Feature", "geometry": {"type": "Point", "coordinates": [2.2036184, 6.4393761]}, "properties": {"kind": "OUT_OF_SCOPE"}}, {"type": "Feature", "geometry": {"type": "Point", "coordinates": [2.2053713, 6.4398478]}, "properties": {"kind": "OUT_OF_SCOPE"}}, {"type": "Feature", "geometry": {"type": "Point", "coordinates": [2.2082023, 6.4405794]}, "properties": {"kind": "OUT_OF_SCOPE"}}, {"type": "Feature", "geometry": {"type": "Point", "coordinates": [2.1989594, 6.4450198]}, "properties": {"kind": "OUT_OF_SCOPE"}}, {"type": "Feature", "geometry": {"type": "Point", "coordinates": [2.1998633, 6.4439523]}, "properties": {"kind": "OUT_OF_SCOPE"}}, {"type": "Feature", "geometry": {"type": "Point", "coordinates": [2.2001557, 6.4419787]}, "properties": {"kind": "OUT_OF_SCOPE"}}, {"type": "Feature", "geometry": {"type": "Point", "coordinates": [2.1996193, 6.4406794]}, "properties": {"kind": "OUT_OF_SCOPE"}}, {"type": "Feature", "geometry": {"type": "Point", "coordinates": [2.1989501, 6.441455]}, "properties": {"kind": "OUT_OF_SCOPE"}}, {"type": "Feature", "geometry": {"type": "Point", "coordinates": [2.198309, 6.4418708]}, "properties": {"kind": "OUT_OF_SCOPE"}}, {"type": "Feature", "geometry": {"type": "Point", "coordinates": [2.1979241, 6.4417655]}, "properties": {"kind": "OUT_OF_SCOPE"}}, {"type": "Feature", "geometry": {"type": "Point", "coordinates": [2.2050618, 6.4397888]}, "properties": {"kind": "OUT_OF_SCOPE"}}, {"type": "Feature", "geometry": {"type": "Point", "coordinates": [2.2044928, 6.440716]}, "properties": {"kind": "OUT_OF_SCOPE"}}, {"type": "Feature", "geometry": {"type": "Point", "coordinates": [2.2050279, 6.4405888]}, "properties": {"kind": "OUT_OF_SCOPE"}}, {"type": "Feature", "geometry": {"type": "Point", "coordinates": [2.2062269, 6.4390176]}, "properties": {"kind": "OUT_OF_SCOPE"}}, {"type": "Feature", "geometry": {"type": "Point", "coordinates": [2.203837, 6.4357046]}, "properties": {"kind": "OUT_OF_SCOPE"}}, {"type": "Feature", "geometry": {"type": "Point", "coordinates": [2.2054611, 6.4361491]}, "properties": {"kind": "OUT_OF_SCOPE"}}, {"type": "Feature", "geometry": {"type": "Point", "coordinates": [2.2055496, 6.4372158]}, "properties": {"kind": "OUT_OF_SCOPE"}}, {"type": "Feature", "geometry": {"type": "Point", "coordinates": [2.200605, 6.4384898]}, "properties": {"kind": "OUT_OF_SCOPE"}}, {"type": "Feature", "geometry": {"type": "Point", "coordinates": [2.1999941, 6.4379781]}, "properties": {"kind": "OUT_OF_SCOPE"}}, {"type": "Feature", "geometry": {"type": "Point", "coordinates": [2.2005326, 6.4377249]}, "properties": {"kind": "OUT_OF_SCOPE"}}, {"type": "Feature", "geometry": {"type": "Point", "coordinates": [2.201183, 6.4362097]}, "properties": {"kind": "OUT_OF_SCOPE"}}, {"type": "Feature", "geometry": {"type": "Point", "coordinates": [2.2047852, 6.4429049]}, "properties": {"kind": "OUT_OF_SCOPE"}}, {"type": "Feature", "geometry": {"type": "Point", "coordinates": [2.2048248, 6.4419607]}, "properties": {"kind": "OUT_OF_SCOPE"}}, {"type": "Feature", "geometry": {"type": "Point", "coordinates": [2.2063386, 6.4462986]}, "properties": {"kind": "OUT_OF_SCOPE"}}, {"type": "Feature", "geometry": {"type": "Point", "coordinates": [2.2006559, 6.4447386]}, "properties": {"kind": "OUT_OF_SCOPE"}}, {"type": "Feature", "geometry": {"type": "Point", "coordinates": [2.2047704, 6.4432527]}, "properties": {"kind": "OUT_OF_SCOPE"}}, {"type": "Feature", "geometry": {"type": "Point", "coordinates": [2.2037204, 6.4439417]}, "properties": {"kind": "OUT_OF_SCOPE"}}, {"type": "Feature", "geometry": {"type": "Point", "coordinates": [2.206196, 6.4452477]}, "properties": {"kind": "OUT_OF_SCOPE"}}, {"type": "Feature", "geometry": {"type": "Point", "coordinates": [2.2054598, 6.4446813]}, "properties": {"kind": "OUT_OF_SCOPE"}}, {"type": "Feature", "geometry": {"type": "Point", "coordinates": [2.202394, 6.4450877]}, "properties": {"kind": "OUT_OF_SCOPE"}}, {"type": "Feature", "geometry": {"type": "Point", "coordinates": [2.2198666, 6.5151725]}, "properties": {"kind": "OUT_OF_SCOPE"}}, {"type": "Feature", "geometry": {"type": "Point", "coordinates": [2.2195689, 6.5145529]}, "properties": {"kind": "OUT_OF_SCOPE"}}, {"type": "Feature", "geometry": {"type": "Point", "coordinates": [2.2274566, 6.5143544]}, "properties": {"kind": "OUT_OF_SCOPE"}}, {"type": "Feature", "geometry": {"type": "Point", "coordinates": [2.2272393, 6.5161212]}, "properties": {"kind": "OUT_OF_SCOPE"}}, {"type": "Feature", "geometry": {"type": "Point", "coordinates": [2.2294629, 6.5183224]}, "properties": {"kind": "OUT_OF_SCOPE"}}, {"type": "Feature", "geometry": {"type": "Point", "coordinates": [2.2276926, 6.5194763]}, "properties": {"kind": "OUT_OF_SCOPE"}}, {"type": "Feature", "geometry": {"type": "Point", "coordinates": [2.2265124, 6.5202571]}, "properties": {"kind": "OUT_OF_SCOPE"}}, {"type": "Feature", "geometry": {"type": "Point", "coordinates": [2.2031584, 6.5697797]}, "properties": {"kind": "OUT_OF_SCOPE"}}, {"type": "Feature", "geometry": {"type": "Point", "coordinates": [2.2018898, 6.5764904]}, "properties": {"kind": "OUT_OF_SCOPE"}}, {"type": "Feature", "geometry": {"type": "Point", "coordinates": [2.2017637, 6.5752914]}, "properties": {"kind": "OUT_OF_SCOPE"}}, {"type": "Feature", "geometry": {"type": "Point", "coordinates": [2.2016725, 6.5742549]}, "properties": {"kind": "OUT_OF_SCOPE"}}, {"type": "Feature", "geometry": {"type": "Point", "coordinates": [2.2022223, 6.5718887]}, "properties": {"kind": "OUT_OF_SCOPE"}}, {"type": "Feature", "geometry": {"type": "Point", "coordinates": [2.2026354, 6.5688644]}, "properties": {"kind": "OUT_OF_SCOPE"}}, {"type": "Feature", "geometry": {"type": "Point", "coordinates": [2.1983063, 6.5718461]}, "properties": {"kind": "OUT_OF_SCOPE"}}, {"type": "Feature", "geometry": {"type": "Point", "coordinates": [2.2016028, 6.5708335]}, "properties": {"kind": "OUT_OF_SCOPE"}}, {"type": "Feature", "geometry": {"type": "Point", "coordinates": [2.2039309, 6.5702953]}, "properties": {"kind": "OUT_OF_SCOPE"}}, {"type": "Feature", "geometry": {"type": "Point", "coordinates": [2.2055858, 6.574508]}, "properties": {"kind": "OUT_OF_SCOPE"}}, {"type": "Feature", "geometry": {"type": "Point", "coordinates": [2.2061652, 6.575779]}, "properties": {"kind": "OUT_OF_SCOPE"}}, {"type": "Feature", "geometry": {"type": "Point", "coordinates": [2.2073641, 6.5768048]}, "properties": {"kind": "OUT_OF_SCOPE"}}, {"type": "Feature", "geometry": {"type": "Point", "coordinates": [2.2055992, 6.5734395]}, "properties": {"kind": "OUT_OF_SCOPE"}}, {"type": "Feature", "geometry": {"type": "Point", "coordinates": [2.2047356, 6.5746092]}, "properties": {"kind": "OUT_OF_SCOPE"}}, {"type": "Feature", "geometry": {"type": "Point", "coordinates": [2.2071442, 6.5718674]}, "properties": {"kind": "OUT_OF_SCOPE"}}, {"type": "Feature", "geometry": {"type": "Point", "coordinates": [2.2062215, 6.572856]}, "properties": {"kind": "OUT_OF_SCOPE"}}, {"type": "Feature", "geometry": {"type": "Point", "coordinates": [2.207737, 6.5711186]}, "properties": {"kind": "OUT_OF_SCOPE"}}, {"type": "Feature", "geometry": {"type": "Point", "coordinates": [2.2053364, 6.5702953]}, "properties": {"kind": "OUT_OF_SCOPE"}}, {"type": "Feature", "geometry": {"type": "Point", "coordinates": [2.2034454, 6.5758163]}, "properties": {"kind": "OUT_OF_SCOPE"}}, {"type": "Feature", "geometry": {"type": "Point", "coordinates": [2.2025979, 6.5748411]}, "properties": {"kind": "OUT_OF_SCOPE"}}, {"type": "Feature", "geometry": {"type": "Point", "coordinates": [2.2032952, 6.5746066]}, "properties": {"kind": "OUT_OF_SCOPE"}}, {"type": "Feature", "geometry": {"type": "Point", "coordinates": [2.200436, 6.5665489]}, "properties": {"kind": "OUT_OF_SCOPE"}}, {"type": "Feature", "geometry": {"type": "Point", "coordinates": [2.2052237, 6.5712465]}, "properties": {"kind": "OUT_OF_SCOPE"}}, {"type": "Feature", "geometry": {"type": "Point", "coordinates": [2.2071415, 6.5695812]}, "properties": {"kind": "OUT_OF_SCOPE"}}, {"type": "Feature", "geometry": {"type": "Point", "coordinates": [2.2059023, 6.5699276]}, "properties": {"kind": "OUT_OF_SCOPE"}}, {"type": "Feature", "geometry": {"type": "Point", "coordinates": [2.2081688, 6.5693973]}, "properties": {"kind": "OUT_OF_SCOPE"}}, {"type": "Feature", "geometry": {"type": "Point", "coordinates": [2.1993926, 6.5807271]}, "properties": {"kind": "OUT_OF_SCOPE"}}, {"type": "Feature", "geometry": {"type": "Point", "coordinates": [2.2010207, 6.5800183]}, "properties": {"kind": "OUT_OF_SCOPE"}}, {"type": "Feature", "geometry": {"type": "Point", "coordinates": [2.2028339, 6.5842815]}, "properties": {"kind": "OUT_OF_SCOPE"}}, {"type": "Feature", "geometry": {"type": "Point", "coordinates": [2.2030592, 6.5822379]}, "properties": {"kind": "OUT_OF_SCOPE"}}, {"type": "Feature", "geometry": {"type": "Point", "coordinates": [2.2024396, 6.5798771]}, "properties": {"kind": "OUT_OF_SCOPE"}}, {"type": "Feature", "geometry": {"type": "Point", "coordinates": [2.2074848, 6.5832877]}, "properties": {"kind": "OUT_OF_SCOPE"}}, {"type": "Feature", "geometry": {"type": "Point", "coordinates": [2.2066694, 6.5825043]}, "properties": {"kind": "OUT_OF_SCOPE"}}, {"type": "Feature", "geometry": {"type": "Point", "coordinates": [2.2032309, 6.5846626]}, "properties": {"kind": "OUT_OF_SCOPE"}}, {"type": "Feature", "geometry": {"type": "Point", "coordinates": [2.206471, 6.5800636]}, "properties": {"kind": "OUT_OF_SCOPE"}}, {"type": "Feature", "geometry": {"type": "Point", "coordinates": [2.2017905, 6.5866316]}, "properties": {"kind": "OUT_OF_SCOPE"}}, {"type": "Feature", "geometry": {"type": "Point", "coordinates": [2.2002375, 6.5878866]}, "properties": {"kind": "OUT_OF_SCOPE"}}, {"type": "Feature", "geometry": {"type": "Point", "coordinates": [2.2014224, 6.5873764]}, "properties": {"kind": "OUT_OF_SCOPE"}}, {"type": "Feature", "geometry": {"type": "Point", "coordinates": [2.232947, 6.5954378]}, "properties": {"kind": "OUT_OF_SCOPE"}}, {"type": "Feature", "geometry": {"type": "Point", "coordinates": [2.2340065, 6.5956536]}, "properties": {"kind": "OUT_OF_SCOPE"}}, {"type": "Feature", "geometry": {"type": "Point", "coordinates": [2.2313485, 6.5949608]}, "properties": {"kind": "OUT_OF_SCOPE"}}, {"type": "Feature", "geometry": {"type": "Point", "coordinates": [2.2322604, 6.5952779]}, "properties": {"kind": "OUT_OF_SCOPE"}}, {"type": "Feature", "geometry": {"type": "Point", "coordinates": [2.2304325, 6.5941268]}, "properties": {"kind": "OUT_OF_SCOPE"}}, {"type": "Feature", "geometry": {"type": "Point", "coordinates": [2.2313538, 6.5953152]}, "properties": {"kind": "OUT_OF_SCOPE"}}, {"type": "Feature", "geometry": {"type": "Point", "coordinates": [2.231783, 6.5964423]}, "properties": {"kind": "OUT_OF_SCOPE"}}, {"type": "Feature", "geometry": {"type": "Point", "coordinates": [2.2322302, 6.5972789]}, "properties": {"kind": "OUT_OF_SCOPE"}}, {"type": "Feature", "geometry": {"type": "Point", "coordinates": [2.2325742, 6.5978404]}, "properties": {"kind": "OUT_OF_SCOPE"}}, {"type": "Feature", "geometry": {"type": "Point", "coordinates": [2.2331482, 6.5986124]}, "properties": {"kind": "OUT_OF_SCOPE"}}, {"type": "Feature", "geometry": {"type": "Point", "coordinates": [2.2332582, 6.5990587]}, "properties": {"kind": "OUT_OF_SCOPE"}}, {"type": "Feature", "geometry": {"type": "Point", "coordinates": [2.3187361, 6.6259331]}, "properties": {"kind": "OUT_OF_SCOPE"}}, {"type": "Feature", "geometry": {"type": "Point", "coordinates": [2.3169651, 6.6235154]}, "properties": {"kind": "OUT_OF_SCOPE"}}, {"type": "Feature", "geometry": {"type": "Point", "coordinates": [2.318274, 6.62586]}, "properties": {"kind": "OUT_OF_SCOPE"}}, {"type": "Feature", "geometry": {"type": "Point", "coordinates": [2.3161504, 6.6258563]}, "properties": {"kind": "OUT_OF_SCOPE"}}, {"type": "Feature", "geometry": {"type": "Point", "coordinates": [2.314673, 6.6250744]}, "properties": {"kind": "OUT_OF_SCOPE"}}, {"type": "Feature", "geometry": {"type": "Point", "coordinates": [2.3135885, 6.6236267]}, "properties": {"kind": "OUT_OF_SCOPE"}}, {"type": "Feature", "geometry": {"type": "Point", "coordinates": [2.3117645, 6.622831]}, "properties": {"kind": "OUT_OF_SCOPE"}}, {"type": "Feature", "geometry": {"type": "Point", "coordinates": [2.3107971, 6.621994]}, "properties": {"kind": "OUT_OF_SCOPE"}}, {"type": "Feature", "geometry": {"type": "Point", "coordinates": [2.3271868, 6.6299101]}, "properties": {"kind": "OUT_OF_SCOPE"}}, {"type": "Feature", "geometry": {"type": "Point", "coordinates": [2.3278466, 6.6303577]}, "properties": {"kind": "OUT_OF_SCOPE"}}, {"type": "Feature", "geometry": {"type": "Point", "coordinates": [2.3281228, 6.6311277]}, "properties": {"kind": "OUT_OF_SCOPE"}}, {"type": "Feature", "geometry": {"type": "Point", "coordinates": [2.3293084, 6.6325824]}, "properties": {"kind": "OUT_OF_SCOPE"}}, {"type": "Feature", "geometry": {"type": "Point", "coordinates": [2.3300051, 6.6325866]}, "properties": {"kind": "OUT_OF_SCOPE"}}, {"type": "Feature", "geometry": {"type": "Point", "coordinates": [2.3324453, 6.6326479]}, "properties": {"kind": "OUT_OF_SCOPE"}}, {"type": "Feature", "geometry": {"type": "Point", "coordinates": [2.3286611, 6.6306806]}, "properties": {"kind": "OUT_OF_SCOPE"}}, {"type": "Feature", "geometry": {"type": "Point", "coordinates": [2.3283097, 6.6265102]}, "properties": {"kind": "OUT_OF_SCOPE"}}, {"type": "Feature", "geometry": {"type": "Point", "coordinates": [2.3288365, 6.6270595]}, "properties": {"kind": "OUT_OF_SCOPE"}}, {"type": "Feature", "geometry": {"type": "Point", "coordinates": [2.3293418, 6.6270473]}, "properties": {"kind": "OUT_OF_SCOPE"}}, {"type": "Feature", "geometry": {"type": "Point", "coordinates": [2.3302159, 6.6274711]}, "properties": {"kind": "OUT_OF_SCOPE"}}, {"type": "Feature", "geometry": {"type": "Point", "coordinates": [2.3313853, 6.6277748]}, "properties": {"kind": "OUT_OF_SCOPE"}}, {"type": "Feature", "geometry": {"type": "Point", "coordinates": [2.332536, 6.6281505]}, "properties": {"kind": "OUT_OF_SCOPE"}}, {"type": "Feature", "geometry": {"type": "Point", "coordinates": [2.3335096, 6.6282011]}, "properties": {"kind": "OUT_OF_SCOPE"}}, {"type": "Feature", "geometry": {"type": "Point", "coordinates": [2.3348776, 6.6287179]}, "properties": {"kind": "OUT_OF_SCOPE"}}, {"type": "Feature", "geometry": {"type": "Point", "coordinates": [2.3243965, 6.6222551]}, "properties": {"kind": "OUT_OF_SCOPE"}}, {"type": "Feature", "geometry": {"type": "Point", "coordinates": [2.324928, 6.622366]}, "properties": {"kind": "OUT_OF_SCOPE"}}, {"type": "Feature", "geometry": {"type": "Point", "coordinates": [2.3258931, 6.6228526]}, "properties": {"kind": "OUT_OF_SCOPE"}}, {"type": "Feature", "geometry": {"type": "Point", "coordinates": [2.3251143, 6.6226466]}, "properties": {"kind": "OUT_OF_SCOPE"}}, {"type": "Feature", "geometry": {"type": "Point", "coordinates": [2.3259054, 6.6213775]}, "properties": {"kind": "OUT_OF_SCOPE"}}, {"type": "Feature", "geometry": {"type": "Point", "coordinates": [2.3252553, 6.6225129]}, "properties": {"kind": "OUT_OF_SCOPE"}}, {"type": "Feature", "geometry": {"type": "Point", "coordinates": [2.3231885, 6.6213226]}, "properties": {"kind": "OUT_OF_SCOPE"}}, {"type": "Feature", "geometry": {"type": "Point", "coordinates": [2.3247639, 6.6225968]}, "properties": {"kind": "OUT_OF_SCOPE"}}, {"type": "Feature", "geometry": {"type": "Point", "coordinates": [2.3249204, 6.6244543]}, "properties": {"kind": "OUT_OF_SCOPE"}}, {"type": "Feature", "geometry": {"type": "Point", "coordinates": [2.2102918, 6.4376809]}, "properties": {"kind": "OUT_OF_SCOPE"}}, {"type": "Feature", "geometry": {"type": "Point", "coordinates": [2.2068679, 6.7629237]}, "properties": {"kind": "OUT_OF_SCOPE"}}, {"type": "Feature", "geometry": {"type": "Point", "coordinates": [2.208555, 6.7720729]}, "properties": {"kind": "OUT_OF_SCOPE"}}, {"type": "Feature", "geometry": {"type": "Point", "coordinates": [2.2093342, 6.7766367]}, "properties": {"kind": "OUT_OF_SCOPE"}}, {"type": "Feature", "geometry": {"type": "Point", "coordinates": [2.2086275, 6.7782828]}, "properties": {"kind": "OUT_OF_SCOPE"}}, {"type": "Feature", "geometry": {"type": "Point", "coordinates": [2.4975577, 6.3769132]}, "properties": {"kind": "OUT_OF_SCOPE"}}, {"type": "Feature", "geometry": {"type": "Point", "coordinates": [2.2004058, 6.4208613]}, "properties": {"kind": "OUT_OF_SCOPE"}}, {"type": "Feature", "geometry": {"type": "Point", "coordinates": [2.1998942, 6.422943]}, "properties": {"kind": "OUT_OF_SCOPE"}}, {"type": "Feature", "geometry": {"type": "Point", "coordinates": [2.2011253, 6.425619]}, "properties": {"kind": "OUT_OF_SCOPE"}}, {"type": "Feature", "geometry": {"type": "Point", "coordinates": [2.2025791, 6.5676493]}, "properties": {"kind": "OUT_OF_SCOPE"}}, {"type": "Feature", "geometry": {"type": "Point", "coordinates": [2.2044808, 6.565062]}, "properties": {"kind": "OUT_OF_SCOPE"}}, {"type": "Feature", "geometry": {"type": "Point", "coordinates": [2.2058782, 6.5629383]}, "properties": {"kind": "OUT_OF_SCOPE"}}, {"type": "Feature", "geometry": {"type": "Point", "coordinates": [2.4879038, 6.3697607]}, "properties": {"kind": "OUT_OF_SCOPE"}}, {"type": "Feature", "geometry": {"type": "Point", "coordinates": [2.2858228, 6.6558133]}, "properties": {"kind": "OUT_OF_SCOPE"}}, {"type": "Feature", "geometry": {"type": "Point", "coordinates": [2.2883253, 6.6555576]}, "properties": {"kind": "OUT_OF_SCOPE"}}, {"type": "Feature", "geometry": {"type": "Point", "coordinates": [2.2918349, 6.6551939]}, "properties": {"kind": "OUT_OF_SCOPE"}}, {"type": "Feature", "geometry": {"type": "Point", "coordinates": [2.2941095, 6.6563941]}, "properties": {"kind": "OUT_OF_SCOPE"}}, {"type": "Feature", "geometry": {"type": "Point", "coordinates": [2.2852649, 6.6746817]}, "properties": {"kind": "OUT_OF_SCOPE"}}, {"type": "Feature", "geometry": {"type": "Point", "coordinates": [2.2799018, 6.6716021]}, "properties": {"kind": "OUT_OF_SCOPE"}}, {"type": "Feature", "geometry": {"type": "Point", "coordinates": [2.2834598, 6.6719311]}, "properties": {"kind": "OUT_OF_SCOPE"}}, {"type": "Feature", "geometry": {"type": "Point", "coordinates": [2.235404, 6.6878218]}, "properties": {"kind": "OUT_OF_SCOPE"}}, {"type": "Feature", "geometry": {"type": "Point", "coordinates": [2.2300556, 6.6909493]}, "properties": {"kind": "OUT_OF_SCOPE"}}, {"type": "Feature", "geometry": {"type": "Point", "coordinates": [2.2288889, 6.6950891]}, "properties": {"kind": "OUT_OF_SCOPE"}}, {"type": "Feature", "geometry": {"type": "Point", "coordinates": [2.225638, 6.7000679]}, "properties": {"kind": "OUT_OF_SCOPE"}}, {"type": "Feature", "geometry": {"type": "Point", "coordinates": [2.2242111, 6.7044127]}, "properties": {"kind": "OUT_OF_SCOPE"}}, {"type": "Feature", "geometry": {"type": "Point", "coordinates": [2.2229907, 6.7080622]}, "properties": {"kind": "OUT_OF_SCOPE"}}, {"type": "Feature", "geometry": {"type": "Point", "coordinates": [2.2219875, 6.7099695]}, "properties": {"kind": "OUT_OF_SCOPE"}}, {"type": "Feature", "geometry": {"type": "Point", "coordinates": [2.227934, 6.7128011]}, "properties": {"kind": "OUT_OF_SCOPE"}}, {"type": "Feature", "geometry": {"type": "Point", "coordinates": [2.234956, 6.715084]}, "properties": {"kind": "OUT_OF_SCOPE"}}, {"type": "Feature", "geometry": {"type": "Point", "coordinates": [2.2150728, 6.7363754]}, "properties": {"kind": "OUT_OF_SCOPE"}}, {"type": "Feature", "geometry": {"type": "Point", "coordinates": [2.2185141, 6.7432743]}, "properties": {"kind": "OUT_OF_SCOPE"}}, {"type": "Feature", "geometry": {"type": "Point", "coordinates": [2.2235942, 6.7475042]}, "properties": {"kind": "OUT_OF_SCOPE"}}, {"type": "Feature", "geometry": {"type": "Point", "coordinates": [2.2853494, 6.7234923]}, "properties": {"kind": "OUT_OF_SCOPE"}}, {"type": "Feature", "geometry": {"type": "Point", "coordinates": [2.2868715, 6.7238679]}, "properties": {"kind": "OUT_OF_SCOPE"}}, {"type": "Feature", "geometry": {"type": "Point", "coordinates": [2.2867616, 6.7224987]}, "properties": {"kind": "OUT_OF_SCOPE"}}, {"type": "Feature", "geometry": {"type": "Point", "coordinates": [2.3064315, 6.7737908]}, "properties": {"kind": "OUT_OF_SCOPE"}}, {"type": "Feature", "geometry": {"type": "Point", "coordinates": [2.3049241, 6.7777887]}, "properties": {"kind": "OUT_OF_SCOPE"}}, {"type": "Feature", "geometry": {"type": "Point", "coordinates": [2.4077788, 6.5431477]}, "properties": {"kind": "OUT_OF_SCOPE"}}, {"type": "Feature", "geometry": {"type": "Point", "coordinates": [2.4492283, 6.6257317]}, "properties": {"kind": "OUT_OF_SCOPE"}}, {"type": "Feature", "geometry": {"type": "Point", "coordinates": [2.4507974, 6.6278152]}, "properties": {"kind": "OUT_OF_SCOPE"}}, {"type": "Feature", "geometry": {"type": "Point", "coordinates": [2.4516369, 6.6269919]}, "properties": {"kind": "OUT_OF_SCOPE"}}, {"type": "Feature", "geometry": {"type": "Point", "coordinates": [2.4789432, 6.772246]}, "properties": {"kind": "OUT_OF_SCOPE"}}, {"type": "Feature", "geometry": {"type": "Point", "coordinates": [2.4804211, 6.7717506]}, "properties": {"kind": "OUT_OF_SCOPE"}}, {"type": "Feature", "geometry": {"type": "Point", "coordinates": [2.4834131, 6.7725763]}, "properties": {"kind": "OUT_OF_SCOPE"}}, {"type": "Feature", "geometry": {"type": "Point", "coordinates": [2.4878857, 6.7746272]}, "properties": {"kind": "OUT_OF_SCOPE"}}, {"type": "Feature", "geometry": {"type": "Point", "coordinates": [2.2763841, 6.6836487]}, "properties": {"kind": "OUT_OF_SCOPE"}}, {"type": "Feature", "geometry": {"type": "Point", "coordinates": [2.1974038, 6.6005761]}, "properties": {"kind": "OUT_OF_SCOPE"}}, {"type": "Feature", "geometry": {"type": "Point", "coordinates": [2.1996286, 6.6009065]}, "properties": {"kind": "OUT_OF_SCOPE"}}, {"type": "Feature", "geometry": {"type": "Point", "coordinates": [2.2013305, 6.6013062]}, "properties": {"kind": "OUT_OF_SCOPE"}}, {"type": "Feature", "geometry": {"type": "Point", "coordinates": [2.2021499, 6.6013661]}, "properties": {"kind": "OUT_OF_SCOPE"}}, {"type": "Feature", "geometry": {"type": "Point", "coordinates": [2.2027937, 6.6005881]}, "properties": {"kind": "OUT_OF_SCOPE"}}, {"type": "Feature", "geometry": {"type": "Point", "coordinates": [2.2029345, 6.5995383]}, "properties": {"kind": "OUT_OF_SCOPE"}}, {"type": "Feature", "geometry": {"type": "Point", "coordinates": [2.2023229, 6.553571]}, "properties": {"kind": "OUT_OF_SCOPE"}}, {"type": "Feature", "geometry": {"type": "Point", "coordinates": [2.2025751, 6.5528073]}, "properties": {"kind": "OUT_OF_SCOPE"}}, {"type": "Feature", "geometry": {"type": "Point", "coordinates": [2.2025536, 6.5522437]}, "properties": {"kind": "OUT_OF_SCOPE"}}, {"type": "Feature", "geometry": {"type": "Point", "coordinates": [2.2021526, 6.5776122]}, "properties": {"kind": "OUT_OF_SCOPE"}}, {"type": "Feature", "geometry": {"type": "Point", "coordinates": [2.2030297, 6.5754513]}, "properties": {"kind": "OUT_OF_SCOPE"}}, {"type": "Feature", "geometry": {"type": "Point", "coordinates": [2.2082064, 6.5339116]}, "properties": {"kind": "OUT_OF_SCOPE"}}, {"type": "Feature", "geometry": {"type": "Point", "coordinates": [2.2332877, 6.4981142]}, "properties": {"kind": "OUT_OF_SCOPE"}}, {"type": "Feature", "geometry": {"type": "Point", "coordinates": [2.2093047, 6.451407]}, "properties": {"kind": "OUT_OF_SCOPE"}}, {"type": "Feature", "geometry": {"type": "Point", "coordinates": [2.2089024, 6.4504609]}, "properties": {"kind": "OUT_OF_SCOPE"}}, {"type": "Feature", "geometry": {"type": "Point", "coordinates": [2.4550204, 6.5513275]}, "properties": {"kind": "OUT_OF_SCOPE"}}, {"type": "Feature", "geometry": {"type": "Point", "coordinates": [2.4565682, 6.5515748]}, "properties": {"kind": "OUT_OF_SCOPE"}}, {"type": "Feature", "geometry": {"type": "Point", "coordinates": [2.4541327, 6.5489781]}, "properties": {"kind": "OUT_OF_SCOPE"}}, {"type": "Feature", "geometry": {"type": "Point", "coordinates": [2.4521517, 6.5477154]}, "properties": {"kind": "OUT_OF_SCOPE"}}, {"type": "Feature", "geometry": {"type": "Point", "coordinates": [2.4533527, 6.5470018]}, "properties": {"kind": "OUT_OF_SCOPE"}}, {"type": "Feature", "geometry": {"type": "Point", "coordinates": [2.4518135, 6.5469298]}, "properties": {"kind": "OUT_OF_SCOPE"}}, {"type": "Feature", "geometry": {"type": "Point", "coordinates": [2.4492855, 6.546073]}, "properties": {"kind": "OUT_OF_SCOPE"}}, {"type": "Feature", "geometry": {"type": "Point", "coordinates": [2.4460171, 6.5426135]}, "properties": {"kind": "OUT_OF_SCOPE"}}, {"type": "Feature", "geometry": {"type": "Point", "coordinates": [2.4405447, 6.5363392]}, "properties": {"kind": "OUT_OF_SCOPE"}}, {"type": "Feature", "geometry": {"type": "Point", "coordinates": [2.4371409, 6.5338183]}, "properties": {"kind": "OUT_OF_SCOPE"}}, {"type": "Feature", "geometry": {"type": "Point", "coordinates": [2.4525506, 6.5464643]}, "properties": {"kind": "OUT_OF_SCOPE"}}, {"type": "Feature", "geometry": {"type": "Point", "coordinates": [2.4534669, 6.5460782]}, "properties": {"kind": "OUT_OF_SCOPE"}}, {"type": "Feature", "geometry": {"type": "Point", "coordinates": [2.4539963, 6.5460316]}, "properties": {"kind": "OUT_OF_SCOPE"}}, {"type": "Feature", "geometry": {"type": "Point", "coordinates": [2.4545733, 6.5456865]}, "properties": {"kind": "OUT_OF_SCOPE"}}, {"type": "Feature", "geometry": {"type": "Point", "coordinates": [2.4555368, 6.5498684]}, "properties": {"kind": "OUT_OF_SCOPE"}}, {"type": "Feature", "geometry": {"type": "Point", "coordinates": [2.4553142, 6.5489434]}, "properties": {"kind": "OUT_OF_SCOPE"}}, {"type": "Feature", "geometry": {"type": "Point", "coordinates": [2.4551036, 6.5473446]}, "properties": {"kind": "OUT_OF_SCOPE"}}, {"type": "Feature", "geometry": {"type": "Point", "coordinates": [2.4549763, 6.5448677]}, "properties": {"kind": "OUT_OF_SCOPE"}}, {"type": "Feature", "geometry": {"type": "Point", "coordinates": [2.4552338, 6.5432276]}, "properties": {"kind": "OUT_OF_SCOPE"}}, {"type": "Feature", "geometry": {"type": "Point", "coordinates": [2.455622, 6.5486723]}, "properties": {"kind": "OUT_OF_SCOPE"}}, {"type": "Feature", "geometry": {"type": "Point", "coordinates": [2.4558735, 6.5480708]}, "properties": {"kind": "OUT_OF_SCOPE"}}, {"type": "Feature", "geometry": {"type": "Point", "coordinates": [2.4566977, 6.5471737]}, "properties": {"kind": "OUT_OF_SCOPE"}}, {"type": "Feature", "geometry": {"type": "Point", "coordinates": [2.4876639, 6.3741532]}, "properties": {"kind": "OUT_OF_SCOPE"}}, {"type": "Feature", "geometry": {"type": "Point", "coordinates": [2.4910446, 6.3743935]}, "properties": {"kind": "OUT_OF_SCOPE"}}, {"type": "Feature", "geometry": {"type": "Point", "coordinates": [2.4965881, 6.374011]}, "properties": {"kind": "OUT_OF_SCOPE"}}, {"type": "Feature", "geometry": {"type": "Point", "coordinates": [2.4965867, 6.3740723]}, "properties": {"kind": "OUT_OF_SCOPE"}}, {"type": "Feature", "geometry": {"type": "Point", "coordinates": [2.4998309, 6.3711628]}, "properties": {"kind": "OUT_OF_SCOPE"}}, {"type": "Feature", "geometry": {"type": "Point", "coordinates": [2.4969676, 6.3739924]}, "properties": {"kind": "OUT_OF_SCOPE"}}, {"type": "Feature", "geometry": {"type": "Point", "coordinates": [2.4875976, 6.3743062]}, "properties": {"kind": "OUT_OF_SCOPE"}}, {"type": "Feature", "geometry": {"type": "Point", "coordinates": [2.2387121, 6.5111089]}, "properties": {"kind": "OUT_OF_SCOPE"}}, {"type": "Feature", "geometry": {"type": "Point", "coordinates": [2.2954157, 6.5865597]}, "properties": {"kind": "OUT_OF_SCOPE"}}, {"type": "Feature", "geometry": {"type": "Point", "coordinates": [2.2954211, 6.5860428]}, "properties": {"kind": "OUT_OF_SCOPE"}}, {"type": "Feature", "geometry": {"type": "Point", "coordinates": [2.4555248, 6.5563246]}, "properties": {"kind": "OUT_OF_SCOPE"}}, {"type": "Feature", "geometry": {"type": "Point", "coordinates": [2.4553649, 6.5542388]}, "properties": {"kind": "OUT_OF_SCOPE"}}, {"type": "Feature", "geometry": {"type": "Point", "coordinates": [2.4581332, 6.5550719]}, "properties": {"kind": "OUT_OF_SCOPE"}}, {"type": "Feature", "geometry": {"type": "Point", "coordinates": [2.4590675, 6.5544766]}, "properties": {"kind": "OUT_OF_SCOPE"}}, {"type": "Feature", "geometry": {"type": "Point", "coordinates": [2.4374224, 6.534922]}, "properties": {"kind": "OUT_OF_SCOPE"}}, {"type": "Feature", "geometry": {"type": "Point", "coordinates": [2.4353653, 6.5348096]}, "properties": {"kind": "OUT_OF_SCOPE"}}, {"type": "Feature", "geometry": {"type": "Point", "coordinates": [2.4305615, 6.5351747]}, "properties": {"kind": "OUT_OF_SCOPE"}}, {"type": "Feature", "geometry": {"type": "Point", "coordinates": [2.309772, 6.6083875]}, "properties": {"kind": "OUT_OF_SCOPE"}}, {"type": "Feature", "geometry": {"type": "Point", "coordinates": [2.4102813, 6.3431728]}, "properties": {"kind": "OUT_OF_SCOPE"}}, {"type": "Feature", "geometry": {"type": "Point", "coordinates": [2.2756559, 6.5587948]}, "properties": {"kind": "OUT_OF_SCOPE"}}, {"type": "Feature", "geometry": {"type": "Point", "coordinates": [2.2747707, 6.5570734]}, "properties": {"kind": "OUT_OF_SCOPE"}}, {"type": "Feature", "geometry": {"type": "Point", "coordinates": [2.2760582, 6.5622428]}, "properties": {"kind": "OUT_OF_SCOPE"}}, {"type": "Feature", "geometry": {"type": "Point", "coordinates": [2.2753528, 6.5628943]}, "properties": {"kind": "OUT_OF_SCOPE"}}, {"type": "Feature", "geometry": {"type": "Point", "coordinates": [2.2751355, 6.5642839]}, "properties": {"kind": "OUT_OF_SCOPE"}}, {"type": "Feature", "geometry": {"type": "Point", "coordinates": [2.2775361, 6.5608226]}, "properties": {"kind": "OUT_OF_SCOPE"}}, {"type": "Feature", "geometry": {"type": "Point", "coordinates": [2.2765973, 6.5629996]}, "properties": {"kind": "OUT_OF_SCOPE"}}, {"type": "Feature", "geometry": {"type": "Point", "coordinates": [2.2762486, 6.5591545]}, "properties": {"kind": "OUT_OF_SCOPE"}}, {"type": "Feature", "geometry": {"type": "Point", "coordinates": [2.2792849, 6.5595782]}, "properties": {"kind": "OUT_OF_SCOPE"}}, {"type": "Feature", "geometry": {"type": "Point", "coordinates": [2.2798857, 6.5617286]}, "properties": {"kind": "OUT_OF_SCOPE"}}, {"type": "Feature", "geometry": {"type": "Point", "coordinates": [2.2794566, 6.5604469]}, "properties": {"kind": "OUT_OF_SCOPE"}}, {"type": "Feature", "geometry": {"type": "Point", "coordinates": [2.2801003, 6.5655363]}, "properties": {"kind": "OUT_OF_SCOPE"}}, {"type": "Feature", "geometry": {"type": "Point", "coordinates": [2.2799876, 6.5629276]}, "properties": {"kind": "OUT_OF_SCOPE"}}, {"type": "Feature", "geometry": {"type": "Point", "coordinates": [2.2804624, 6.561995]}, "properties": {"kind": "OUT_OF_SCOPE"}}, {"type": "Feature", "geometry": {"type": "Point", "coordinates": [2.2817887, 6.5620976]}, "properties": {"kind": "OUT_OF_SCOPE"}}, {"type": "Feature", "geometry": {"type": "Point", "coordinates": [2.2827771, 6.5623854]}, "properties": {"kind": "OUT_OF_SCOPE"}}, {"type": "Feature", "geometry": {"type": "Point", "coordinates": [2.2829904, 6.562853]}, "properties": {"kind": "OUT_OF_SCOPE"}}, {"type": "Feature", "geometry": {"type": "Point", "coordinates": [2.2838125, 6.5635778]}, "properties": {"kind": "OUT_OF_SCOPE"}}, {"type": "Feature", "geometry": {"type": "Point", "coordinates": [2.3239866, 6.6284813]}, "properties": {"kind": "OUT_OF_SCOPE"}}, {"type": "Feature", "geometry": {"type": "Point", "coordinates": [2.2988784, 6.5924149]}, "properties": {"kind": "OUT_OF_SCOPE"}}, {"type": "Feature", "geometry": {"type": "Point", "coordinates": [2.2989482, 6.5920099]}, "properties": {"kind": "OUT_OF_SCOPE"}}, {"type": "Feature", "geometry": {"type": "Point", "coordinates": [2.2991467, 6.5925188]}, "properties": {"kind": "OUT_OF_SCOPE"}}, {"type": "Feature", "geometry": {"type": "Point", "coordinates": [2.311855, 6.5858243]}, "properties": {"kind": "OUT_OF_SCOPE"}}, {"type": "Feature", "geometry": {"type": "Point", "coordinates": [2.3147142, 6.5870366]}, "properties": {"kind": "OUT_OF_SCOPE"}}, {"type": "Feature", "geometry": {"type": "Point", "coordinates": [2.3137835, 6.5872804]}, "properties": {"kind": "OUT_OF_SCOPE"}}, {"type": "Feature", "geometry": {"type": "Point", "coordinates": [2.3061861, 6.5940176]}, "properties": {"kind": "OUT_OF_SCOPE"}}, {"type": "Feature", "geometry": {"type": "Point", "coordinates": [2.3073247, 6.5879053]}, "properties": {"kind": "OUT_OF_SCOPE"}}, {"type": "Feature", "geometry": {"type": "Point", "coordinates": [2.3014922, 6.5765904]}, "properties": {"kind": "OUT_OF_SCOPE"}}, {"type": "Feature", "geometry": {"type": "Point", "coordinates": [2.3158126, 6.5854233]}, "properties": {"kind": "OUT_OF_SCOPE"}}, {"type": "Feature", "geometry": {"type": "Point", "coordinates": [2.3173642, 6.587022]}, "properties": {"kind": "OUT_OF_SCOPE"}}, {"type": "Feature", "geometry": {"type": "Point", "coordinates": [2.3150776, 6.5899503]}, "properties": {"kind": "OUT_OF_SCOPE"}}, {"type": "Feature", "geometry": {"type": "Point", "coordinates": [2.3108384, 6.593085]}, "properties": {"kind": "OUT_OF_SCOPE"}}, {"type": "Feature", "geometry": {"type": "Point", "coordinates": [2.3132738, 6.5940442]}, "properties": {"kind": "OUT_OF_SCOPE"}}, {"type": "Feature", "geometry": {"type": "Point", "coordinates": [2.313243, 6.5916062]}, "properties": {"kind": "OUT_OF_SCOPE"}}, {"type": "Feature", "geometry": {"type": "Point", "coordinates": [2.3117048, 6.5970711]}, "properties": {"kind": "OUT_OF_SCOPE"}}, {"type": "Feature", "geometry": {"type": "Point", "coordinates": [2.3104843, 6.5976786]}, "properties": {"kind": "OUT_OF_SCOPE"}}, {"type": "Feature", "geometry": {"type": "Point", "coordinates": [2.3101987, 6.5983833]}, "properties": {"kind": "OUT_OF_SCOPE"}}, {"type": "Feature", "geometry": {"type": "Point", "coordinates": [2.3123525, 6.5955323]}, "properties": {"kind": "OUT_OF_SCOPE"}}, {"type": "Feature", "geometry": {"type": "Point", "coordinates": [2.3125282, 6.5963623]}, "properties": {"kind": "OUT_OF_SCOPE"}}, {"type": "Feature", "geometry": {"type": "Point", "coordinates": [2.3120052, 6.5966035]}, "properties": {"kind": "OUT_OF_SCOPE"}}, {"type": "Feature", "geometry": {"type": "Point", "coordinates": [2.3102617, 6.595499]}, "properties": {"kind": "OUT_OF_SCOPE"}}, {"type": "Feature", "geometry": {"type": "Point", "coordinates": [2.3101397, 6.5941628]}, "properties": {"kind": "OUT_OF_SCOPE"}}, {"type": "Feature", "geometry": {"type": "Point", "coordinates": [2.307432, 6.5938284]}, "properties": {"kind": "OUT_OF_SCOPE"}}, {"type": "Feature", "geometry": {"type": "Point", "coordinates": [2.308242, 6.588654]}, "properties": {"kind": "OUT_OF_SCOPE"}}, {"type": "Feature", "geometry": {"type": "Point", "coordinates": [2.3069251, 6.5908762]}, "properties": {"kind": "OUT_OF_SCOPE"}}, {"type": "Feature", "geometry": {"type": "Point", "coordinates": [2.307499, 6.5889524]}, "properties": {"kind": "OUT_OF_SCOPE"}}, {"type": "Feature", "geometry": {"type": "Point", "coordinates": [2.3080221, 6.5914277]}, "properties": {"kind": "OUT_OF_SCOPE"}}, {"type": "Feature", "geometry": {"type": "Point", "coordinates": [2.3093176, 6.5911133]}, "properties": {"kind": "OUT_OF_SCOPE"}}, {"type": "Feature", "geometry": {"type": "Point", "coordinates": [2.225984, 6.3640961]}, "properties": {"kind": "OUT_OF_SCOPE"}}, {"type": "Feature", "geometry": {"type": "Point", "coordinates": [2.2267632, 6.3639402]}, "properties": {"kind": "OUT_OF_SCOPE"}}, {"type": "Feature", "geometry": {"type": "Point", "coordinates": [2.2246805, 6.3616997]}, "properties": {"kind": "OUT_OF_SCOPE"}}, {"type": "Feature", "geometry": {"type": "Point", "coordinates": [2.2360946, 6.3639202]}, "properties": {"kind": "OUT_OF_SCOPE"}}, {"type": "Feature", "geometry": {"type": "Point", "coordinates": [2.2354871, 6.3635203]}, "properties": {"kind": "OUT_OF_SCOPE"}}, {"type": "Feature", "geometry": {"type": "Point", "coordinates": [2.2748955, 6.3465357]}, "properties": {"kind": "OUT_OF_SCOPE"}}, {"type": "Feature", "geometry": {"type": "Point", "coordinates": [2.3753831, 6.7189241]}, "properties": {"kind": "OUT_OF_SCOPE"}}, {"type": "Feature", "geometry": {"type": "Point", "coordinates": [2.2284436, 6.3621035]}, "properties": {"kind": "OUT_OF_SCOPE"}}, {"type": "Feature", "geometry": {"type": "Point", "coordinates": [2.2106391, 6.5042197]}, "properties": {"kind": "OUT_OF_SCOPE"}}, {"type": "Feature", "geometry": {"type": "Point", "coordinates": [2.2202392, 6.4899396]}, "properties": {"kind": "OUT_OF_SCOPE"}}, {"type": "Feature", "geometry": {"type": "Point", "coordinates": [2.4935499, 6.3792637]}, "properties": {"kind": "OUT_OF_SCOPE"}}, {"type": "Feature", "geometry": {"type": "Point", "coordinates": [2.2229411, 6.6325922]}, "properties": {"kind": "OUT_OF_SCOPE"}}, {"type": "Feature", "geometry": {"type": "Point", "coordinates": [2.3564862, 6.7486682]}, "properties": {"kind": "OUT_OF_SCOPE"}}, {"type": "Feature", "geometry": {"type": "Point", "coordinates": [2.3570958, 6.7626766]}, "properties": {"kind": "OUT_OF_SCOPE"}}, {"type": "Feature", "geometry": {"type": "Point", "coordinates": [2.3566204, 6.7599891]}, "properties": {"kind": "OUT_OF_SCOPE"}}, {"type": "Feature", "geometry": {"type": "Point", "coordinates": [2.3561221, 6.7567043]}, "properties": {"kind": "OUT_OF_SCOPE"}}, {"type": "Feature", "geometry": {"type": "Point", "coordinates": [2.3558995, 6.7527675]}, "properties": {"kind": "OUT_OF_SCOPE"}}, {"type": "Feature", "geometry": {"type": "Point", "coordinates": [2.3551002, 6.7544162]}, "properties": {"kind": "OUT_OF_SCOPE"}}, {"type": "Feature", "geometry": {"type": "Point", "coordinates": [2.3537645, 6.7541852]}, "properties": {"kind": "OUT_OF_SCOPE"}}, {"type": "Feature", "geometry": {"type": "Point", "coordinates": [2.3466217, 6.7452507]}, "properties": {"kind": "OUT_OF_SCOPE"}}, {"type": "Feature", "geometry": {"type": "Point", "coordinates": [2.3491591, 6.7530961]}, "properties": {"kind": "OUT_OF_SCOPE"}}, {"type": "Feature", "geometry": {"type": "Point", "coordinates": [2.3648809, 6.7262253]}, "properties": {"kind": "OUT_OF_SCOPE"}}, {"type": "Feature", "geometry": {"type": "Point", "coordinates": [2.3789551, 6.7264071]}, "properties": {"kind": "OUT_OF_SCOPE"}}, {"type": "Feature", "geometry": {"type": "Point", "coordinates": [2.3770507, 6.7230474]}, "properties": {"kind": "OUT_OF_SCOPE"}}, {"type": "Feature", "geometry": {"type": "Point", "coordinates": [2.3758726, 6.7204123]}, "properties": {"kind": "OUT_OF_SCOPE"}}, {"type": "Feature", "geometry": {"type": "Point", "coordinates": [2.3745985, 6.7223808]}, "properties": {"kind": "OUT_OF_SCOPE"}}, {"type": "Feature", "geometry": {"type": "Point", "coordinates": [2.2100249, 6.7593465]}, "properties": {"kind": "OUT_OF_SCOPE"}}, {"type": "Feature", "geometry": {"type": "Point", "coordinates": [2.2103065, 6.7559744]}, "properties": {"kind": "OUT_OF_SCOPE"}}, {"type": "Feature", "geometry": {"type": "Point", "coordinates": [2.2104983, 6.7530698]}, "properties": {"kind": "OUT_OF_SCOPE"}}, {"type": "Feature", "geometry": {"type": "Point", "coordinates": [2.2098076, 6.7471978]}, "properties": {"kind": "OUT_OF_SCOPE"}}, {"type": "Feature", "geometry": {"type": "Point", "coordinates": [2.20907, 6.7416015]}, "properties": {"kind": "OUT_OF_SCOPE"}}, {"type": "Feature", "geometry": {"type": "Point", "coordinates": [2.2085309, 6.739364]}, "properties": {"kind": "OUT_OF_SCOPE"}}, {"type": "Feature", "geometry": {"type": "Point", "coordinates": [2.2101215, 6.7343909]}, "properties": {"kind": "OUT_OF_SCOPE"}}, {"type": "Feature", "geometry": {"type": "Point", "coordinates": [2.2090244, 6.7307709]}, "properties": {"kind": "OUT_OF_SCOPE"}}, {"type": "Feature", "geometry": {"type": "Point", "coordinates": [2.2284007, 6.6551766]}, "properties": {"kind": "OUT_OF_SCOPE"}}, {"type": "Feature", "geometry": {"type": "Point", "coordinates": [2.2294401, 6.6541429]}, "properties": {"kind": "OUT_OF_SCOPE"}}, {"type": "Feature", "geometry": {"type": "Point", "coordinates": [2.2313404, 6.6529707]}, "properties": {"kind": "OUT_OF_SCOPE"}}, {"type": "Feature", "geometry": {"type": "Point", "coordinates": [2.2365358, 6.6541696]}, "properties": {"kind": "OUT_OF_SCOPE"}}, {"type": "Feature", "geometry": {"type": "Point", "coordinates": [2.220735, 6.6529094]}, "properties": {"kind": "OUT_OF_SCOPE"}}, {"type": "Feature", "geometry": {"type": "Point", "coordinates": [2.2250345, 6.65093]}, "properties": {"kind": "OUT_OF_SCOPE"}}, {"type": "Feature", "geometry": {"type": "Point", "coordinates": [2.2257882, 6.6499202]}, "properties": {"kind": "OUT_OF_SCOPE"}}, {"type": "Feature", "geometry": {"type": "Point", "coordinates": [2.2251606, 6.6529814]}, "properties": {"kind": "OUT_OF_SCOPE"}}, {"type": "Feature", "geometry": {"type": "Point", "coordinates": [2.2261061, 6.6518864]}, "properties": {"kind": "OUT_OF_SCOPE"}}, {"type": "Feature", "geometry": {"type": "Point", "coordinates": [2.221663, 6.6475918]}, "properties": {"kind": "OUT_OF_SCOPE"}}, {"type": "Feature", "geometry": {"type": "Point", "coordinates": [2.2207926, 6.6472627]}, "properties": {"kind": "OUT_OF_SCOPE"}}, {"type": "Feature", "geometry": {"type": "Point", "coordinates": [2.2215014, 6.6463349]}, "properties": {"kind": "OUT_OF_SCOPE"}}, {"type": "Feature", "geometry": {"type": "Point", "coordinates": [2.2215597, 6.6485669]}, "properties": {"kind": "OUT_OF_SCOPE"}}, {"type": "Feature", "geometry": {"type": "Point", "coordinates": [2.2220412, 6.6485695]}, "properties": {"kind": "OUT_OF_SCOPE"}}, {"type": "Feature", "geometry": {"type": "Point", "coordinates": [2.2214873, 6.6493275]}, "properties": {"kind": "OUT_OF_SCOPE"}}, {"type": "Feature", "geometry": {"type": "Point", "coordinates": [2.2203286, 6.652294]}, "properties": {"kind": "OUT_OF_SCOPE"}}, {"type": "Feature", "geometry": {"type": "Point", "coordinates": [2.2204024, 6.6506049]}, "properties": {"kind": "OUT_OF_SCOPE"}}, {"type": "Feature", "geometry": {"type": "Point", "coordinates": [2.2196969, 6.6527283]}, "properties": {"kind": "OUT_OF_SCOPE"}}, {"type": "Feature", "geometry": {"type": "Point", "coordinates": [2.2222638, 6.6513402]}, "properties": {"kind": "OUT_OF_SCOPE"}}, {"type": "Feature", "geometry": {"type": "Point", "coordinates": [2.2284919, 6.6451008]}, "properties": {"kind": "OUT_OF_SCOPE"}}, {"type": "Feature", "geometry": {"type": "Point", "coordinates": [2.2279045, 6.6457681]}, "properties": {"kind": "OUT_OF_SCOPE"}}, {"type": "Feature", "geometry": {"type": "Point", "coordinates": [2.2270247, 6.6465101]}, "properties": {"kind": "OUT_OF_SCOPE"}}, {"type": "Feature", "geometry": {"type": "Point", "coordinates": [2.2259894, 6.6479621]}, "properties": {"kind": "OUT_OF_SCOPE"}}, {"type": "Feature", "geometry": {"type": "Point", "coordinates": [2.2295594, 6.6470243]}, "properties": {"kind": "OUT_OF_SCOPE"}}, {"type": "Feature", "geometry": {"type": "Point", "coordinates": [2.2182512, 6.7051919]}, "properties": {"kind": "OUT_OF_SCOPE"}}, {"type": "Feature", "geometry": {"type": "Point", "coordinates": [2.2179186, 6.7037148]}, "properties": {"kind": "OUT_OF_SCOPE"}}, {"type": "Feature", "geometry": {"type": "Point", "coordinates": [2.2161055, 6.7050307]}, "properties": {"kind": "OUT_OF_SCOPE"}}, {"type": "Feature", "geometry": {"type": "Point", "coordinates": [2.2137263, 6.7068768]}, "properties": {"kind": "OUT_OF_SCOPE"}}, {"type": "Feature", "geometry": {"type": "Point", "coordinates": [2.2091103, 6.7095273]}, "properties": {"kind": "OUT_OF_SCOPE"}}, {"type": "Feature", "geometry": {"type": "Point", "coordinates": [2.2161162, 6.7010709]}, "properties": {"kind": "OUT_OF_SCOPE"}}, {"type": "Feature", "geometry": {"type": "Point", "coordinates": [2.2164018, 6.7003263]}, "properties": {"kind": "OUT_OF_SCOPE"}}, {"type": "Feature", "geometry": {"type": "Point", "coordinates": [2.2159566, 6.6998801]}, "properties": {"kind": "OUT_OF_SCOPE"}}, {"type": "Feature", "geometry": {"type": "Point", "coordinates": [2.2152472, 6.6992661]}, "properties": {"kind": "OUT_OF_SCOPE"}}, {"type": "Feature", "geometry": {"type": "Point", "coordinates": [2.219241, 6.7027717]}, "properties": {"kind": "OUT_OF_SCOPE"}}, {"type": "Feature", "geometry": {"type": "Point", "coordinates": [2.2174264, 6.7021897]}, "properties": {"kind": "OUT_OF_SCOPE"}}, {"type": "Feature", "geometry": {"type": "Point", "coordinates": [2.2167894, 6.7009596]}, "properties": {"kind": "OUT_OF_SCOPE"}}, {"type": "Feature", "geometry": {"type": "Point", "coordinates": [2.25389, 6.630998]}, "properties": {"kind": "OUT_OF_SCOPE"}}, {"type": "Feature", "geometry": {"type": "Point", "coordinates": [2.2538576, 6.6305994]}, "properties": {"kind": "OUT_OF_SCOPE"}}, {"type": "Feature", "geometry": {"type": "Point", "coordinates": [2.2533238, 6.6297501]}, "properties": {"kind": "OUT_OF_SCOPE"}}, {"type": "Feature", "geometry": {"type": "Point", "coordinates": [2.2537858, 6.6227983]}, "properties": {"kind": "OUT_OF_SCOPE"}}, {"type": "Feature", "geometry": {"type": "Point", "coordinates": [2.2529416, 6.6234591]}, "properties": {"kind": "OUT_OF_SCOPE"}}, {"type": "Feature", "geometry": {"type": "Point", "coordinates": [2.2507623, 6.6220869]}, "properties": {"kind": "OUT_OF_SCOPE"}}, {"type": "Feature", "geometry": {"type": "Point", "coordinates": [2.2464734, 6.6223907]}, "properties": {"kind": "OUT_OF_SCOPE"}}, {"type": "Feature", "geometry": {"type": "Point", "coordinates": [2.2478226, 6.6235869]}, "properties": {"kind": "OUT_OF_SCOPE"}}, {"type": "Feature", "geometry": {"type": "Point", "coordinates": [2.2501588, 6.6236882]}, "properties": {"kind": "OUT_OF_SCOPE"}}, {"type": "Feature", "geometry": {"type": "Point", "coordinates": [2.2519297, 6.6247486]}, "properties": {"kind": "OUT_OF_SCOPE"}}, {"type": "Feature", "geometry": {"type": "Point", "coordinates": [2.2527216, 6.6254027]}, "properties": {"kind": "OUT_OF_SCOPE"}}, {"type": "Feature", "geometry": {"type": "Point", "coordinates": [2.2545388, 6.6247179]}, "properties": {"kind": "OUT_OF_SCOPE"}}, {"type": "Feature", "geometry": {"type": "Point", "coordinates": [2.2436236, 6.6249098]}, "properties": {"kind": "OUT_OF_SCOPE"}}, {"type": "Feature", "geometry": {"type": "Point", "coordinates": [2.2452503, 6.6244315]}, "properties": {"kind": "OUT_OF_SCOPE"}}, {"type": "Feature", "geometry": {"type": "Point", "coordinates": [2.2462226, 6.6233045]}, "properties": {"kind": "OUT_OF_SCOPE"}}, {"type": "Feature", "geometry": {"type": "Point", "coordinates": [2.2476898, 6.6306167]}, "properties": {"kind": "OUT_OF_SCOPE"}}, {"type": "Feature", "geometry": {"type": "Point", "coordinates": [2.2452711, 6.6358639]}, "properties": {"kind": "OUT_OF_SCOPE"}}, {"type": "Feature", "geometry": {"type": "Point", "coordinates": [2.2461408, 6.6366286]}, "properties": {"kind": "OUT_OF_SCOPE"}}, {"type": "Feature", "geometry": {"type": "Point", "coordinates": [2.2466263, 6.6352831]}, "properties": {"kind": "OUT_OF_SCOPE"}}, {"type": "Feature", "geometry": {"type": "Point", "coordinates": [2.2468027, 6.6335061]}, "properties": {"kind": "OUT_OF_SCOPE"}}, {"type": "Feature", "geometry": {"type": "Point", "coordinates": [2.2466679, 6.6323365]}, "properties": {"kind": "OUT_OF_SCOPE"}}, {"type": "Feature", "geometry": {"type": "Point", "coordinates": [2.2461656, 6.6306506]}, "properties": {"kind": "OUT_OF_SCOPE"}}, {"type": "Feature", "geometry": {"type": "Point", "coordinates": [2.2439481, 6.6308072]}, "properties": {"kind": "OUT_OF_SCOPE"}}, {"type": "Feature", "geometry": {"type": "Point", "coordinates": [2.2458096, 6.6312947]}, "properties": {"kind": "OUT_OF_SCOPE"}}, {"type": "Feature", "geometry": {"type": "Point", "coordinates": [2.2433996, 6.6315612]}, "properties": {"kind": "OUT_OF_SCOPE"}}, {"type": "Feature", "geometry": {"type": "Point", "coordinates": [2.2482859, 6.6270479]}, "properties": {"kind": "OUT_OF_SCOPE"}}, {"type": "Feature", "geometry": {"type": "Point", "coordinates": [2.2456983, 6.6276054]}, "properties": {"kind": "OUT_OF_SCOPE"}}, {"type": "Feature", "geometry": {"type": "Point", "coordinates": [2.2514416, 6.6259255]}, "properties": {"kind": "OUT_OF_SCOPE"}}, {"type": "Feature", "geometry": {"type": "Point", "coordinates": [2.2501481, 6.6268933]}, "properties": {"kind": "OUT_OF_SCOPE"}}, {"type": "Feature", "geometry": {"type": "Point", "coordinates": [2.2509782, 6.6253334]}, "properties": {"kind": "OUT_OF_SCOPE"}}, {"type": "Feature", "geometry": {"type": "Point", "coordinates": [2.2520538, 6.6267395]}, "properties": {"kind": "OUT_OF_SCOPE"}}, {"type": "Feature", "geometry": {"type": "Point", "coordinates": [2.2451799, 6.6318815]}, "properties": {"kind": "OUT_OF_SCOPE"}}, {"type": "Feature", "geometry": {"type": "Point", "coordinates": [2.214419, 6.6706504]}, "properties": {"kind": "OUT_OF_SCOPE"}}, {"type": "Feature", "geometry": {"type": "Point", "coordinates": [2.2054822, 6.6711326]}, "properties": {"kind": "OUT_OF_SCOPE"}}, {"type": "Feature", "geometry": {"type": "Point", "coordinates": [2.2089378, 6.6713549]}, "properties": {"kind": "OUT_OF_SCOPE"}}, {"type": "Feature", "geometry": {"type": "Point", "coordinates": [2.2130648, 6.6713624]}, "properties": {"kind": "OUT_OF_SCOPE"}}, {"type": "Feature", "geometry": {"type": "Point", "coordinates": [2.2030052, 6.6848952]}, "properties": {"kind": "OUT_OF_SCOPE"}}, {"type": "Feature", "geometry": {"type": "Point", "coordinates": [2.204807, 6.6842698]}, "properties": {"kind": "OUT_OF_SCOPE"}}, {"type": "Feature", "geometry": {"type": "Point", "coordinates": [2.2061365, 6.684558]}, "properties": {"kind": "OUT_OF_SCOPE"}}, {"type": "Feature", "geometry": {"type": "Point", "coordinates": [2.2520927, 6.6322965]}, "properties": {"kind": "OUT_OF_SCOPE"}}, {"type": "Feature", "geometry": {"type": "Point", "coordinates": [2.2509058, 6.6337125]}, "properties": {"kind": "OUT_OF_SCOPE"}}, {"type": "Feature", "geometry": {"type": "Point", "coordinates": [2.2494386, 6.633201]}, "properties": {"kind": "OUT_OF_SCOPE"}}, {"type": "Feature", "geometry": {"type": "Point", "coordinates": [2.2470514, 6.6331224]}, "properties": {"kind": "OUT_OF_SCOPE"}}, {"type": "Feature", "geometry": {"type": "Point", "coordinates": [2.248815, 6.6394073]}, "properties": {"kind": "OUT_OF_SCOPE"}}, {"type": "Feature", "geometry": {"type": "Point", "coordinates": [2.2475088, 6.6384749]}, "properties": {"kind": "OUT_OF_SCOPE"}}, {"type": "Feature", "geometry": {"type": "Point", "coordinates": [2.2485602, 6.6373292]}, "properties": {"kind": "OUT_OF_SCOPE"}}, {"type": "Feature", "geometry": {"type": "Point", "coordinates": [2.2497994, 6.6365613]}, "properties": {"kind": "OUT_OF_SCOPE"}}, {"type": "Feature", "geometry": {"type": "Point", "coordinates": [2.2503801, 6.6361397]}, "properties": {"kind": "OUT_OF_SCOPE"}}, {"type": "Feature", "geometry": {"type": "Point", "coordinates": [2.2505571, 6.6344292]}, "properties": {"kind": "OUT_OF_SCOPE"}}, {"type": "Feature", "geometry": {"type": "Point", "coordinates": [2.2491838, 6.6323404]}, "properties": {"kind": "OUT_OF_SCOPE"}}, {"type": "Feature", "geometry": {"type": "Point", "coordinates": [2.2463796, 6.6301171]}, "properties": {"kind": "OUT_OF_SCOPE"}}, {"type": "Feature", "geometry": {"type": "Point", "coordinates": [2.2508883, 6.6423087]}, "properties": {"kind": "OUT_OF_SCOPE"}}, {"type": "Feature", "geometry": {"type": "Point", "coordinates": [2.2472727, 6.6378994]}, "properties": {"kind": "OUT_OF_SCOPE"}}, {"type": "Feature", "geometry": {"type": "Point", "coordinates": [2.2517554, 6.6377196]}, "properties": {"kind": "OUT_OF_SCOPE"}}, {"type": "Feature", "geometry": {"type": "Point", "coordinates": [2.2418976, 6.6408207]}, "properties": {"kind": "OUT_OF_SCOPE"}}, {"type": "Feature", "geometry": {"type": "Point", "coordinates": [2.246401, 6.6371241]}, "properties": {"kind": "OUT_OF_SCOPE"}}, {"type": "Feature", "geometry": {"type": "Point", "coordinates": [2.2464225, 6.639093]}, "properties": {"kind": "OUT_OF_SCOPE"}}, {"type": "Feature", "geometry": {"type": "Point", "coordinates": [2.2425038, 6.6379793]}, "properties": {"kind": "OUT_OF_SCOPE"}}, {"type": "Feature", "geometry": {"type": "Point", "coordinates": [2.2434546, 6.6375291]}, "properties": {"kind": "OUT_OF_SCOPE"}}, {"type": "Feature", "geometry": {"type": "Point", "coordinates": [2.2445074, 6.6368284]}, "properties": {"kind": "OUT_OF_SCOPE"}}, {"type": "Feature", "geometry": {"type": "Point", "coordinates": [2.2176129, 6.6797926]}, "properties": {"kind": "OUT_OF_SCOPE"}}, {"type": "Feature", "geometry": {"type": "Point", "coordinates": [2.2269684, 6.6764999]}, "properties": {"kind": "OUT_OF_SCOPE"}}, {"type": "Feature", "geometry": {"type": "Point", "coordinates": [2.2341058, 6.6461425]}, "properties": {"kind": "OUT_OF_SCOPE"}}, {"type": "Feature", "geometry": {"type": "Point", "coordinates": [2.2319117, 6.6460758]}, "properties": {"kind": "OUT_OF_SCOPE"}}, {"type": "Feature", "geometry": {"type": "Point", "coordinates": [2.2335184, 6.645868]}, "properties": {"kind": "OUT_OF_SCOPE"}}, {"type": "Feature", "geometry": {"type": "Point", "coordinates": [2.230924, 6.6439598]}, "properties": {"kind": "OUT_OF_SCOPE"}}, {"type": "Feature", "geometry": {"type": "Point", "coordinates": [2.235644, 6.6460012]}, "properties": {"kind": "OUT_OF_SCOPE"}}, {"type": "Feature", "geometry": {"type": "Point", "coordinates": [2.2309676, 6.6447464]}, "properties": {"kind": "OUT_OF_SCOPE"}}, {"type": "Feature", "geometry": {"type": "Point", "coordinates": [2.2305438, 6.6429161]}, "properties": {"kind": "OUT_OF_SCOPE"}}, {"type": "Feature", "geometry": {"type": "Point", "coordinates": [2.2169034, 6.6755568]}, "properties": {"kind": "OUT_OF_SCOPE"}}, {"type": "Feature", "geometry": {"type": "Point", "coordinates": [2.2181091, 6.6760337]}, "properties": {"kind": "OUT_OF_SCOPE"}}, {"type": "Feature", "geometry": {"type": "Point", "coordinates": [2.2188373, 6.6763427]}, "properties": {"kind": "OUT_OF_SCOPE"}}, {"type": "Feature", "geometry": {"type": "Point", "coordinates": [2.2190921, 6.676348]}, "properties": {"kind": "OUT_OF_SCOPE"}}, {"type": "Feature", "geometry": {"type": "Point", "coordinates": [2.2203232, 6.6761389]}, "properties": {"kind": "OUT_OF_SCOPE"}}, {"type": "Feature", "geometry": {"type": "Point", "coordinates": [2.2190545, 6.677764]}, "properties": {"kind": "OUT_OF_SCOPE"}}, {"type": "Feature", "geometry": {"type": "Point", "coordinates": [2.2193295, 6.6784406]}, "properties": {"kind": "OUT_OF_SCOPE"}}, {"type": "Feature", "geometry": {"type": "Point", "coordinates": [2.2206974, 6.6217539]}, "properties": {"kind": "OUT_OF_SCOPE"}}, {"type": "Feature", "geometry": {"type": "Point", "coordinates": [2.2216254, 6.6209733]}, "properties": {"kind": "OUT_OF_SCOPE"}}, {"type": "Feature", "geometry": {"type": "Point", "coordinates": [2.2216335, 6.6229315]}, "properties": {"kind": "OUT_OF_SCOPE"}}, {"type": "Feature", "geometry": {"type": "Point", "coordinates": [2.2217354, 6.624706]}, "properties": {"kind": "OUT_OF_SCOPE"}}, {"type": "Feature", "geometry": {"type": "Point", "coordinates": [2.2216549, 6.6263951]}, "properties": {"kind": "OUT_OF_SCOPE"}}, {"type": "Feature", "geometry": {"type": "Point", "coordinates": [2.1994355, 6.3641068]}, "properties": {"kind": "OUT_OF_SCOPE"}}, {"type": "Feature", "geometry": {"type": "Point", "coordinates": [2.2008061, 6.3643467]}, "properties": {"kind": "OUT_OF_SCOPE"}}, {"type": "Feature", "geometry": {"type": "Point", "coordinates": [2.1994302, 6.3643973]}, "properties": {"kind": "OUT_OF_SCOPE"}}, {"type": "Feature", "geometry": {"type": "Point", "coordinates": [2.2006345, 6.3622035]}, "properties": {"kind": "OUT_OF_SCOPE"}}, {"type": "Feature", "geometry": {"type": "Point", "coordinates": [2.2259948, 6.3791543]}, "properties": {"kind": "OUT_OF_SCOPE"}}, {"type": "Feature", "geometry": {"type": "Point", "coordinates": [2.2263714, 6.3765151]}, "properties": {"kind": "OUT_OF_SCOPE"}}, {"type": "Feature", "geometry": {"type": "Point", "coordinates": [2.2079462, 6.5100066]}, "properties": {"kind": "OUT_OF_SCOPE"}}, {"type": "Feature", "geometry": {"type": "Point", "coordinates": [2.2072019, 6.5101025]}, "properties": {"kind": "OUT_OF_SCOPE"}}, {"type": "Feature", "geometry": {"type": "Point", "coordinates": [2.2110401, 6.5104023]}, "properties": {"kind": "OUT_OF_SCOPE"}}, {"type": "Feature", "geometry": {"type": "Point", "coordinates": [2.2108336, 6.5109113]}, "properties": {"kind": "OUT_OF_SCOPE"}}, {"type": "Feature", "geometry": {"type": "Point", "coordinates": [2.2110153, 6.5116322]}, "properties": {"kind": "OUT_OF_SCOPE"}}, {"type": "Feature", "geometry": {"type": "Point", "coordinates": [2.2214994, 6.511904]}, "properties": {"kind": "OUT_OF_SCOPE"}}, {"type": "Feature", "geometry": {"type": "Point", "coordinates": [2.2384912, 6.5753473]}, "properties": {"kind": "OUT_OF_SCOPE"}}, {"type": "Feature", "geometry": {"type": "Point", "coordinates": [2.2381358, 6.5750795]}, "properties": {"kind": "OUT_OF_SCOPE"}}, {"type": "Feature", "geometry": {"type": "Point", "coordinates": [2.2378059, 6.5742069]}, "properties": {"kind": "OUT_OF_SCOPE"}}, {"type": "Feature", "geometry": {"type": "Point", "coordinates": [2.2375323, 6.573644]}, "properties": {"kind": "OUT_OF_SCOPE"}}, {"type": "Feature", "geometry": {"type": "Point", "coordinates": [2.2067781, 6.512339]}, "properties": {"kind": "OUT_OF_SCOPE"}}, {"type": "Feature", "geometry": {"type": "Point", "coordinates": [2.2054873, 6.5126068]}, "properties": {"kind": "OUT_OF_SCOPE"}}, {"type": "Feature", "geometry": {"type": "Point", "coordinates": [2.2072823, 6.52564]}, "properties": {"kind": "OUT_OF_SCOPE"}}, {"type": "Feature", "geometry": {"type": "Point", "coordinates": [2.2077638, 6.5238799]}, "properties": {"kind": "OUT_OF_SCOPE"}}, {"type": "Feature", "geometry": {"type": "Point", "coordinates": [2.2057575, 6.5256121]}, "properties": {"kind": "OUT_OF_SCOPE"}}, {"type": "Feature", "geometry": {"type": "Point", "coordinates": [2.2029291, 6.5142944]}, "properties": {"kind": "OUT_OF_SCOPE"}}, {"type": "Feature", "geometry": {"type": "Point", "coordinates": [2.2027105, 6.5150899]}, "properties": {"kind": "OUT_OF_SCOPE"}}, {"type": "Feature", "geometry": {"type": "Point", "coordinates": [2.2043467, 6.5142944]}, "properties": {"kind": "OUT_OF_SCOPE"}}, {"type": "Feature", "geometry": {"type": "Point", "coordinates": [2.2051339, 6.5150506]}, "properties": {"kind": "OUT_OF_SCOPE"}}, {"type": "Feature", "geometry": {"type": "Point", "coordinates": [2.2046484, 6.5156468]}, "properties": {"kind": "OUT_OF_SCOPE"}}, {"type": "Feature", "geometry": {"type": "Point", "coordinates": [2.2066017, 6.521245]}, "properties": {"kind": "OUT_OF_SCOPE"}}, {"type": "Feature", "geometry": {"type": "Point", "coordinates": [2.2129686, 6.5187927]}, "properties": {"kind": "OUT_OF_SCOPE"}}, {"type": "Feature", "geometry": {"type": "Point", "coordinates": [2.2122773, 6.5186894]}, "properties": {"kind": "OUT_OF_SCOPE"}}, {"type": "Feature", "geometry": {"type": "Point", "coordinates": [2.2112369, 6.5190715]}, "properties": {"kind": "OUT_OF_SCOPE"}}, {"type": "Feature", "geometry": {"type": "Point", "coordinates": [2.2064549, 6.5190445]}, "properties": {"kind": "OUT_OF_SCOPE"}}, {"type": "Feature", "geometry": {"type": "Point", "coordinates": [2.2078671, 6.5194416]}, "properties": {"kind": "OUT_OF_SCOPE"}}, {"type": "Feature", "geometry": {"type": "Point", "coordinates": [2.2105117, 6.518886]}, "properties": {"kind": "OUT_OF_SCOPE"}}, {"type": "Feature", "geometry": {"type": "Point", "coordinates": [2.2076565, 6.5180665]}, "properties": {"kind": "OUT_OF_SCOPE"}}, {"type": "Feature", "geometry": {"type": "Point", "coordinates": [2.207623, 6.5177934]}, "properties": {"kind": "OUT_OF_SCOPE"}}, {"type": "Feature", "geometry": {"type": "Point", "coordinates": [2.2064951, 6.5180479]}, "properties": {"kind": "OUT_OF_SCOPE"}}, {"type": "Feature", "geometry": {"type": "Point", "coordinates": [2.2038679, 6.518369]}, "properties": {"kind": "OUT_OF_SCOPE"}}, {"type": "Feature", "geometry": {"type": "Point", "coordinates": [2.2046538, 6.5181172]}, "properties": {"kind": "OUT_OF_SCOPE"}}, {"type": "Feature", "geometry": {"type": "Point", "coordinates": [2.293219, 6.7282111]}, "properties": {"kind": "OUT_OF_SCOPE"}}, {"type": "Feature", "geometry": {"type": "Point", "coordinates": [2.29283, 6.7277556]}, "properties": {"kind": "OUT_OF_SCOPE"}}, {"type": "Feature", "geometry": {"type": "Point", "coordinates": [2.2895403, 6.7268806]}, "properties": {"kind": "OUT_OF_SCOPE"}}, {"type": "Feature", "geometry": {"type": "Point", "coordinates": [2.2898501, 6.728006]}, "properties": {"kind": "OUT_OF_SCOPE"}}, {"type": "Feature", "geometry": {"type": "Point", "coordinates": [2.2894196, 6.7282897]}, "properties": {"kind": "OUT_OF_SCOPE"}}, {"type": "Feature", "geometry": {"type": "Point", "coordinates": [2.2920951, 6.7259203]}, "properties": {"kind": "OUT_OF_SCOPE"}}, {"type": "Feature", "geometry": {"type": "Point", "coordinates": [2.2803926, 6.7126147]}, "properties": {"kind": "OUT_OF_SCOPE"}}, {"type": "Feature", "geometry": {"type": "Point", "coordinates": [2.4794166, 6.7420636]}, "properties": {"kind": "OUT_OF_SCOPE"}}, {"type": "Feature", "geometry": {"type": "Point", "coordinates": [2.4805257, 6.7407944]}, "properties": {"kind": "OUT_OF_SCOPE"}}, {"type": "Feature", "geometry": {"type": "Point", "coordinates": [2.2036305, 6.4021926]}, "properties": {"kind": "OUT_OF_SCOPE"}}, {"type": "Feature", "geometry": {"type": "Point", "coordinates": [2.2019233, 6.40658]}, "properties": {"kind": "OUT_OF_SCOPE"}}, {"type": "Feature", "geometry": {"type": "Point", "coordinates": [2.2012657, 6.4102386]}, "properties": {"kind": "OUT_OF_SCOPE"}}, {"type": "Feature", "geometry": {"type": "Point", "coordinates": [2.1987102, 6.4145546]}, "properties": {"kind": "OUT_OF_SCOPE"}}, {"type": "Feature", "geometry": {"type": "Point", "coordinates": [2.1962143, 6.4192498]}, "properties": {"kind": "OUT_OF_SCOPE"}}, {"type": "Feature", "geometry": {"type": "Point", "coordinates": [2.190238, 6.4270698]}, "properties": {"kind": "OUT_OF_SCOPE"}}, {"type": "Feature", "geometry": {"type": "Point", "coordinates": [2.1987154, 6.5121945]}, "properties": {"kind": "OUT_OF_SCOPE"}}, {"type": "Feature", "geometry": {"type": "Point", "coordinates": [2.2028581, 6.511872]}, "properties": {"kind": "OUT_OF_SCOPE"}}, {"type": "Feature", "geometry": {"type": "Point", "coordinates": [2.1999693, 6.5123197]}, "properties": {"kind": "OUT_OF_SCOPE"}}, {"type": "Feature", "geometry": {"type": "Point", "coordinates": [2.2203731, 6.6824858]}, "properties": {"kind": "OUT_OF_SCOPE"}}, {"type": "Feature", "geometry": {"type": "Point", "coordinates": [2.1985001, 6.6310589]}, "properties": {"kind": "OUT_OF_SCOPE"}}, {"type": "Feature", "geometry": {"type": "Point", "coordinates": [2.2014773, 6.6300341]}, "properties": {"kind": "OUT_OF_SCOPE"}}, {"type": "Feature", "geometry": {"type": "Point", "coordinates": [2.2026711, 6.627443]}, "properties": {"kind": "OUT_OF_SCOPE"}}, {"type": "Feature", "geometry": {"type": "Point", "coordinates": [2.1995764, 6.6265339]}, "properties": {"kind": "OUT_OF_SCOPE"}}, {"type": "Feature", "geometry": {"type": "Point", "coordinates": [2.2059581, 6.6336382]}, "properties": {"kind": "OUT_OF_SCOPE"}}, {"type": "Feature", "geometry": {"type": "Point", "coordinates": [2.2009573, 6.6346744]}, "properties": {"kind": "OUT_OF_SCOPE"}}, {"type": "Feature", "geometry": {"type": "Point", "coordinates": [2.3041543, 6.7863836]}, "properties": {"kind": "OUT_OF_SCOPE"}}, {"type": "Feature", "geometry": {"type": "Point", "coordinates": [2.3048303, 6.7885703]}, "properties": {"kind": "OUT_OF_SCOPE"}}, {"type": "Feature", "geometry": {"type": "Point", "coordinates": [2.3082957, 6.7913189]}, "properties": {"kind": "OUT_OF_SCOPE"}}, {"type": "Feature", "geometry": {"type": "Point", "coordinates": [2.4952604, 6.3703591]}, "properties": {"kind": "OUT_OF_SCOPE"}}, {"type": "Feature", "geometry": {"type": "Point", "coordinates": [2.4951994, 6.3687977]}, "properties": {"kind": "OUT_OF_SCOPE"}}, {"type": "Feature", "geometry": {"type": "Point", "coordinates": [2.2326536, 6.3445004]}, "properties": {"kind": "OUT_OF_SCOPE"}}, {"type": "Feature", "geometry": {"type": "Point", "coordinates": [2.250384, 6.3441872]}, "properties": {"kind": "OUT_OF_SCOPE"}}, {"type": "Feature", "geometry": {"type": "Point", "coordinates": [2.2575093, 6.347143]}, "properties": {"kind": "OUT_OF_SCOPE"}}, {"type": "Feature", "geometry": {"type": "Point", "coordinates": [2.2655877, 6.3467739]}, "properties": {"kind": "OUT_OF_SCOPE"}}, {"type": "Feature", "geometry": {"type": "Point", "coordinates": [2.2172171, 6.3505442]}, "properties": {"kind": "OUT_OF_SCOPE"}}, {"type": "Feature", "geometry": {"type": "Point", "coordinates": [2.2278536, 6.3482017]}, "properties": {"kind": "OUT_OF_SCOPE"}}, {"type": "Feature", "geometry": {"type": "Point", "coordinates": [2.2063875, 6.348422]}, "properties": {"kind": "OUT_OF_SCOPE"}}, {"type": "Feature", "geometry": {"type": "Point", "coordinates": [2.206257, 6.348222]}, "properties": {"kind": "OUT_OF_SCOPE"}}, {"type": "Feature", "geometry": {"type": "Point", "coordinates": [2.2166694, 6.4598064]}, "properties": {"kind": "OUT_OF_SCOPE"}}, {"type": "Feature", "geometry": {"type": "Point", "coordinates": [2.2170181, 6.458167]}, "properties": {"kind": "OUT_OF_SCOPE"}}, {"type": "Feature", "geometry": {"type": "Point", "coordinates": [2.2155308, 6.4610917]}, "properties": {"kind": "OUT_OF_SCOPE"}}, {"type": "Feature", "geometry": {"type": "Point", "coordinates": [2.216803, 6.4607982]}, "properties": {"kind": "OUT_OF_SCOPE"}}, {"type": "Feature", "geometry": {"type": "Point", "coordinates": [2.2151881, 6.4571372]}, "properties": {"kind": "OUT_OF_SCOPE"}}, {"type": "Feature", "geometry": {"type": "Point", "coordinates": [2.2168451, 6.4575337]}, "properties": {"kind": "OUT_OF_SCOPE"}}, {"type": "Feature", "geometry": {"type": "Point", "coordinates": [2.3521049, 6.7162681]}, "properties": {"kind": "OUT_OF_SCOPE"}}, {"type": "Feature", "geometry": {"type": "Point", "coordinates": [2.4551941, 6.5007042]}, "properties": {"kind": "OUT_OF_SCOPE"}}, {"type": "Feature", "geometry": {"type": "Point", "coordinates": [2.4384472, 6.5330402]}, "properties": {"kind": "OUT_OF_SCOPE"}}, {"type": "Feature", "geometry": {"type": "Point", "coordinates": [2.4394637, 6.5280437]}, "properties": {"kind": "OUT_OF_SCOPE"}}, {"type": "Feature", "geometry": {"type": "Point", "coordinates": [2.4412447, 6.5224289]}, "properties": {"kind": "OUT_OF_SCOPE"}}, {"type": "Feature", "geometry": {"type": "Point", "coordinates": [2.4455872, 6.5144476]}, "properties": {"kind": "OUT_OF_SCOPE"}}, {"type": "Feature", "geometry": {"type": "Point", "coordinates": [2.4482493, 6.5084782]}, "properties": {"kind": "OUT_OF_SCOPE"}}, {"type": "Feature", "geometry": {"type": "Point", "coordinates": [2.4534568, 6.5027513]}, "properties": {"kind": "OUT_OF_SCOPE"}}, {"type": "Feature", "geometry": {"type": "Point", "coordinates": [2.4563965, 6.5004408]}, "properties": {"kind": "OUT_OF_SCOPE"}}, {"type": "Feature", "geometry": {"type": "Point", "coordinates": [2.3917214, 6.4745412]}, "properties": {"kind": "OUT_OF_SCOPE"}}, {"type": "Feature", "geometry": {"type": "Point", "coordinates": [2.3908071, 6.4724046]}, "properties": {"kind": "OUT_OF_SCOPE"}}, {"type": "Feature", "geometry": {"type": "Point", "coordinates": [2.3927075, 6.4736878]}, "properties": {"kind": "OUT_OF_SCOPE"}}, {"type": "Feature", "geometry": {"type": "Point", "coordinates": [2.2422007, 6.3627113]}, "properties": {"kind": "OUT_OF_SCOPE"}}, {"type": "Feature", "geometry": {"type": "Point", "coordinates": [2.4032271, 6.4941954]}, "properties": {"kind": "OUT_OF_SCOPE"}}, {"type": "Feature", "geometry": {"type": "Point", "coordinates": [2.404819, 6.4940501]}, "properties": {"kind": "OUT_OF_SCOPE"}}, {"type": "Feature", "geometry": {"type": "Point", "coordinates": [2.4076501, 6.4936277]}, "properties": {"kind": "OUT_OF_SCOPE"}}, {"type": "Feature", "geometry": {"type": "Point", "coordinates": [2.4098213, 6.4925338]}, "properties": {"kind": "OUT_OF_SCOPE"}}, {"type": "Feature", "geometry": {"type": "Point", "coordinates": [2.4111034, 6.4914438]}, "properties": {"kind": "OUT_OF_SCOPE"}}, {"type": "Feature", "geometry": {"type": "Point", "coordinates": [2.4135053, 6.4914224]}, "properties": {"kind": "OUT_OF_SCOPE"}}, {"type": "Feature", "geometry": {"type": "Point", "coordinates": [2.4142979, 6.4923259]}, "properties": {"kind": "OUT_OF_SCOPE"}}, {"type": "Feature", "geometry": {"type": "Point", "coordinates": [2.4153131, 6.4924238]}, "properties": {"kind": "OUT_OF_SCOPE"}}, {"type": "Feature", "geometry": {"type": "Point", "coordinates": [2.4161721, 6.4920067]}, "properties": {"kind": "OUT_OF_SCOPE"}}, {"type": "Feature", "geometry": {"type": "Point", "coordinates": [2.4173228, 6.4911393]}, "properties": {"kind": "OUT_OF_SCOPE"}}, {"type": "Feature", "geometry": {"type": "Point", "coordinates": [2.2742572, 6.3499479]}, "properties": {"kind": "OUT_OF_SCOPE"}}, {"type": "Feature", "geometry": {"type": "Point", "coordinates": [2.2742249, 6.3520685]}, "properties": {"kind": "OUT_OF_SCOPE"}}, {"type": "Feature", "geometry": {"type": "Point", "coordinates": [2.315889, 6.6709694]}, "properties": {"kind": "OUT_OF_SCOPE"}}, {"type": "Feature", "geometry": {"type": "Point", "coordinates": [2.2743594, 6.3466475]}, "properties": {"kind": "OUT_OF_SCOPE"}}, {"type": "Feature", "geometry": {"type": "Point", "coordinates": [2.2739764, 6.3468068]}, "properties": {"kind": "OUT_OF_SCOPE"}}, {"type": "Feature", "geometry": {"type": "Point", "coordinates": [2.273993, 6.3464325]}, "properties": {"kind": "OUT_OF_SCOPE"}}, {"type": "Feature", "geometry": {"type": "Point", "coordinates": [2.2685221, 6.3472373]}, "properties": {"kind": "OUT_OF_SCOPE"}}, {"type": "Feature", "geometry": {"type": "Point", "coordinates": [2.2702337, 6.347364]}, "properties": {"kind": "OUT_OF_SCOPE"}}, {"type": "Feature", "geometry": {"type": "Point", "coordinates": [2.2682079, 6.3471845]}, "properties": {"kind": "OUT_OF_SCOPE"}}, {"type": "Feature", "geometry": {"type": "Point", "coordinates": [2.2681779, 6.3472567]}, "properties": {"kind": "OUT_OF_SCOPE"}}, {"type": "Feature", "geometry": {"type": "Point", "coordinates": [2.4190038, 6.3431781]}, "properties": {"kind": "OUT_OF_SCOPE"}}, {"type": "Feature", "geometry": {"type": "Point", "coordinates": [2.2743902, 6.3487161]}, "properties": {"kind": "OUT_OF_SCOPE"}}]}