{"type": "FeatureCollection", "features": [{"type": "Feature", "geometry": {"type": "LineString", "coordinates": [[2.3053077, 6.3887024], [2.3039878, 6.388592]]}, "properties": {"kind": "single_owner", "winner": "Cocotomey", "color": "#88d347", "length_m": 146.5, "virtual": false}}, {"type": "Feature", "geometry": {"type": "LineString", "coordinates": [[2.3039878, 6.388592], [2.3020754, 6.3884425]]}, "properties": {"kind": "single_owner", "winner": "Cocotomey", "color": "#88d347", "length_m": 212.2, "virtual": false}}, {"type": "Feature", "geometry": {"type": "LineString", "coordinates": [[2.4386968, 6.3714179], [2.4355414, 6.3708044]]}, "properties": {"kind": "single_owner", "winner": "Dantôkpa", "color": "#43df62", "length_m": 355.6, "virtual": false}}, {"type": "Feature", "geometry": {"type": "LineString", "coordinates": [[2.4355414, 6.3708044], [2.4347498, 6.370639]]}, "properties": {"kind": "single_owner", "winner": "Dantôkpa", "color": "#43df62", "length_m": 89.5, "virtual": false}}, {"type": "Feature", "geometry": {"type": "LineString", "coordinates": [[2.4491707, 6.3719625], [2.447777, 6.3719482]]}, "properties": {"kind": "single_owner", "winner": "Gbèdjèwin", "color": "#46df9f", "length_m": 154.2, "virtual": false}}, {"type": "Feature", "geometry": {"type": "LineString", "coordinates": [[2.4023872, 6.3641327], [2.4027395, 6.363682]]}, "properties": {"kind": "single_owner", "winner": "Cadjèhoun-Kpota", "color": "#ddcf4f", "length_m": 63.3, "virtual": false}}, {"type": "Feature", "geometry": {"type": "LineString", "coordinates": [[2.4027395, 6.363682], [2.4015267, 6.3627294]]}, "properties": {"kind": "single_owner", "winner": "Cadjèhoun-Kpota", "color": "#ddcf4f", "length_m": 170.6, "virtual": false}}, {"type": "Feature", "geometry": {"type": "LineString", "coordinates": [[2.4052989, 6.3604084], [2.4056706, 6.3599328]]}, "properties": {"kind": "single_owner", "winner": "Cadjèhoun-Aupiais", "color": "#d6c34a", "length_m": 66.7, "virtual": false}}, {"type": "Feature", "geometry": {"type": "LineString", "coordinates": [[2.4056706, 6.3599328], [2.4060435, 6.3594558]]}, "properties": {"kind": "single_owner", "winner": "Cadjèhoun-Aupiais", "color": "#d6c34a", "length_m": 66.9, "virtual": false}}, {"type": "Feature", "geometry": {"type": "LineString", "coordinates": [[2.4056706, 6.3599328], [2.4052025, 6.3596198]]}, "properties": {"kind": "single_owner", "winner": "Cadjèhoun-Aupiais", "color": "#d6c34a", "length_m": 62.3, "virtual": false}}, {"type": "Feature", "geometry": {"type": "LineString", "coordinates": [[2.4060435, 6.3594558], [2.406402, 6.3589973]]}, "properties": {"kind": "single_owner", "winner": "Cadjèhoun-Aupiais", "color": "#d6c34a", "length_m": 64.4, "virtual": false}}, {"type": "Feature", "geometry": {"type": "LineString", "coordinates": [[2.406402, 6.3589973], [2.407237, 6.3579292]]}, "properties": {"kind": "single_owner", "winner": "Cadjèhoun-Aupiais", "color": "#d6c34a", "length_m": 149.9, "virtual": false}}, {"type": "Feature", "geometry": {"type": "LineString", "coordinates": [[2.4271199, 6.3648598], [2.4283994, 6.3658776]]}, "properties": {"kind": "single_owner", "winner": "Sèdjro-Saint-Michel", "color": "#dc53ca", "length_m": 180.8, "virtual": false}}, {"type": "Feature", "geometry": {"type": "LineString", "coordinates": [[2.4271199, 6.3648598], [2.4275267, 6.3643457]]}, "properties": {"kind": "single_owner", "winner": "Sèdjro-Saint-Michel", "color": "#dc53ca", "length_m": 72.5, "virtual": false}}, {"type": "Feature", "geometry": {"type": "LineString", "coordinates": [[2.4283994, 6.3658776], [2.4288091, 6.3653694]]}, "properties": {"kind": "single_owner", "winner": "Sèdjro-Saint-Michel", "color": "#dc53ca", "length_m": 72.2, "virtual": false}}, {"type": "Feature", "geometry": {"type": "LineString", "coordinates": [[2.3903961, 6.3567706], [2.3903748, 6.3560782]]}, "properties": {"kind": "single_owner", "winner": "Haie-Vive-Cocotiers", "color": "#d6ca4b", "length_m": 76.6, "virtual": false}}, {"type": "Feature", "geometry": {"type": "LineString", "coordinates": [[2.3903961, 6.3567706], [2.3901895, 6.3567764]]}, "properties": {"kind": "single_owner", "winner": "Haie-Vive-Cocotiers", "color": "#d6ca4b", "length_m": 22.9, "virtual": false}}, {"type": "Feature", "geometry": {"type": "LineString", "coordinates": [[2.3903961, 6.3567706], [2.3912859, 6.3567454]]}, "properties": {"kind": "single_owner", "winner": "Haie-Vive-Cocotiers", "color": "#d6ca4b", "length_m": 98.5, "virtual": false}}, {"type": "Feature", "geometry": {"type": "LineString", "coordinates": [[2.3903748, 6.3560782], [2.3900708, 6.3560832]]}, "properties": {"kind": "single_owner", "winner": "Haie-Vive-Cocotiers", "color": "#d6ca4b", "length_m": 33.6, "virtual": false}}, {"type": "Feature", "geometry": {"type": "LineString", "coordinates": [[2.3903748, 6.3560782], [2.3906882, 6.3560621]]}, "properties": {"kind": "single_owner", "winner": "Haie-Vive-Cocotiers", "color": "#d6ca4b", "length_m": 34.7, "virtual": false}}, {"type": "Feature", "geometry": {"type": "LineString", "coordinates": [[2.3895055, 6.3567958], [2.3894633, 6.3567535]]}, "properties": {"kind": "single_owner", "winner": "Haie-Vive-Cocotiers", "color": "#d6ca4b", "length_m": 6.6, "virtual": false}}, {"type": "Feature", "geometry": {"type": "LineString", "coordinates": [[2.3895055, 6.3567958], [2.3894714, 6.3568388]]}, "properties": {"kind": "single_owner", "winner": "Haie-Vive-Cocotiers", "color": "#d6ca4b", "length_m": 6.1, "virtual": false}}, {"type": "Feature", "geometry": {"type": "LineString", "coordinates": [[2.3895055, 6.3567958], [2.3901895, 6.3567764]]}, "properties": {"kind": "single_owner", "winner": "Haie-Vive-Cocotiers", "color": "#d6ca4b", "length_m": 75.7, "virtual": false}}, {"type": "Feature", "geometry": {"type": "LineString", "coordinates": [[2.3894714, 6.3568388], [2.3894172, 6.3568778]]}, "properties": {"kind": "single_owner", "winner": "Haie-Vive-Cocotiers", "color": "#d6ca4b", "length_m": 7.4, "virtual": false}}, {"type": "Feature", "geometry": {"type": "LineString", "coordinates": [[2.3894172, 6.3568778], [2.3893663, 6.3568926]]}, "properties": {"kind": "single_owner", "winner": "Haie-Vive-Cocotiers", "color": "#d6ca4b", "length_m": 5.9, "virtual": false}}, {"type": "Feature", "geometry": {"type": "LineString", "coordinates": [[2.3893663, 6.3568926], [2.3893145, 6.3568809]]}, "properties": {"kind": "single_owner", "winner": "Haie-Vive-Cocotiers", "color": "#d6ca4b", "length_m": 5.9, "virtual": false}}, {"type": "Feature", "geometry": {"type": "LineString", "coordinates": [[2.3893145, 6.3568809], [2.3892716, 6.3568548]]}, "properties": {"kind": "single_owner", "winner": "Haie-Vive-Cocotiers", "color": "#d6ca4b", "length_m": 5.6, "virtual": false}}, {"type": "Feature", "geometry": {"type": "LineString", "coordinates": [[2.3892716, 6.3568548], [2.3892501, 6.3568271]]}, "properties": {"kind": "single_owner", "winner": "Haie-Vive-Cocotiers", "color": "#d6ca4b", "length_m": 3.9, "virtual": false}}, {"type": "Feature", "geometry": {"type": "LineString", "coordinates": [[2.3892501, 6.3568271], [2.3892441, 6.3567928]]}, "properties": {"kind": "single_owner", "winner": "Haie-Vive-Cocotiers", "color": "#d6ca4b", "length_m": 3.8, "virtual": false}}, {"type": "Feature", "geometry": {"type": "LineString", "coordinates": [[2.3892441, 6.3567928], [2.3892525, 6.3567568]]}, "properties": {"kind": "single_owner", "winner": "Haie-Vive-Cocotiers", "color": "#d6ca4b", "length_m": 4.1, "virtual": false}}, {"type": "Feature", "geometry": {"type": "LineString", "coordinates": [[2.3892525, 6.3567568], [2.3892716, 6.3567361]]}, "properties": {"kind": "single_owner", "winner": "Haie-Vive-Cocotiers", "color": "#d6ca4b", "length_m": 3.1, "virtual": false}}, {"type": "Feature", "geometry": {"type": "LineString", "coordinates": [[2.3892716, 6.3567361], [2.389294, 6.3567251]]}, "properties": {"kind": "single_owner", "winner": "Haie-Vive-Cocotiers", "color": "#d6ca4b", "length_m": 2.8, "virtual": false}}, {"type": "Feature", "geometry": {"type": "LineString", "coordinates": [[2.389294, 6.3567251], [2.3893276, 6.356716]]}, "properties": {"kind": "single_owner", "winner": "Haie-Vive-Cocotiers", "color": "#d6ca4b", "length_m": 3.9, "virtual": false}}, {"type": "Feature", "geometry": {"type": "LineString", "coordinates": [[2.3893276, 6.356716], [2.3893827, 6.356719]]}, "properties": {"kind": "single_owner", "winner": "Haie-Vive-Cocotiers", "color": "#d6ca4b", "length_m": 6.1, "virtual": false}}, {"type": "Feature", "geometry": {"type": "LineString", "coordinates": [[2.3893827, 6.356719], [2.3894147, 6.3567285]]}, "properties": {"kind": "single_owner", "winner": "Haie-Vive-Cocotiers", "color": "#d6ca4b", "length_m": 3.7, "virtual": false}}, {"type": "Feature", "geometry": {"type": "LineString", "coordinates": [[2.3894147, 6.3567285], [2.3894633, 6.3567535]]}, "properties": {"kind": "single_owner", "winner": "Haie-Vive-Cocotiers", "color": "#d6ca4b", "length_m": 6.0, "virtual": false}}, {"type": "Feature", "geometry": {"type": "LineString", "coordinates": [[2.3900708, 6.3560832], [2.3895178, 6.3560934]]}, "properties": {"kind": "single_owner", "winner": "Haie-Vive-Cocotiers", "color": "#d6ca4b", "length_m": 61.2, "virtual": false}}, {"type": "Feature", "geometry": {"type": "LineString", "coordinates": [[2.3900708, 6.3560832], [2.3900405, 6.3551119]]}, "properties": {"kind": "single_owner", "winner": "Haie-Vive-Cocotiers", "color": "#d6ca4b", "length_m": 107.4, "virtual": false}}, {"type": "Feature", "geometry": {"type": "LineString", "coordinates": [[2.4001062, 6.3670416], [2.4014265, 6.3680623]]}, "properties": {"kind": "single_owner", "winner": "Vodjè-Kpota", "color": "#cc4446", "length_m": 184.6, "virtual": false}}, {"type": "Feature", "geometry": {"type": "LineString", "coordinates": [[2.4004569, 6.3665949], [2.4008627, 6.3660781]]}, "properties": {"kind": "single_owner", "winner": "Vodjè-Kpota", "color": "#cc4446", "length_m": 72.7, "virtual": false}}, {"type": "Feature", "geometry": {"type": "LineString", "coordinates": [[2.4008627, 6.3660781], [2.4012077, 6.3656388]]}, "properties": {"kind": "single_owner", "winner": "Vodjè-Kpota", "color": "#cc4446", "length_m": 61.8, "virtual": false}}, {"type": "Feature", "geometry": {"type": "LineString", "coordinates": [[2.4219669, 6.3704859], [2.4209502, 6.3705672]]}, "properties": {"kind": "single_owner", "winner": "Sèdami", "color": "#4fd165", "length_m": 112.8, "virtual": false}}, {"type": "Feature", "geometry": {"type": "LineString", "coordinates": [[2.4209502, 6.3705672], [2.4219668, 6.371375]]}, "properties": {"kind": "single_owner", "winner": "Sèdami", "color": "#4fd165", "length_m": 143.6, "virtual": false}}, {"type": "Feature", "geometry": {"type": "LineString", "coordinates": [[2.4209502, 6.3705672], [2.4208488, 6.3704867]]}, "properties": {"kind": "single_owner", "winner": "Sèdami", "color": "#4fd165", "length_m": 14.3, "virtual": false}}, {"type": "Feature", "geometry": {"type": "LineString", "coordinates": [[2.4278903, 6.3656677], [2.427107, 6.3666639]]}, "properties": {"kind": "single_owner", "winner": "Sèdjro-Saint-Michel", "color": "#dc53ca", "length_m": 140.1, "virtual": false}}, {"type": "Feature", "geometry": {"type": "LineString", "coordinates": [[2.4278903, 6.3656677], [2.4270065, 6.3649715]]}, "properties": {"kind": "single_owner", "winner": "Sèdjro-Saint-Michel", "color": "#dc53ca", "length_m": 124.4, "virtual": false}}, {"type": "Feature", "geometry": {"type": "LineString", "coordinates": [[2.4270065, 6.3649715], [2.4266129, 6.3654706]]}, "properties": {"kind": "single_owner", "winner": "Sèdjro-Saint-Michel", "color": "#dc53ca", "length_m": 70.3, "virtual": false}}, {"type": "Feature", "geometry": {"type": "LineString", "coordinates": [[2.3949766, 6.3651611], [2.3951664, 6.3652977]]}, "properties": {"kind": "single_owner", "winner": "Haie-Vive-Cocotiers", "color": "#d6ca4b", "length_m": 25.9, "virtual": false}}, {"type": "Feature", "geometry": {"type": "LineString", "coordinates": [[2.3949766, 6.3651611], [2.3948573, 6.3650651]]}, "properties": {"kind": "single_owner", "winner": "Haie-Vive-Cocotiers", "color": "#d6ca4b", "length_m": 16.9, "virtual": false}}, {"type": "Feature", "geometry": {"type": "LineString", "coordinates": [[2.3949766, 6.3651611], [2.3950464, 6.3651078]]}, "properties": {"kind": "single_owner", "winner": "Haie-Vive-Cocotiers", "color": "#d6ca4b", "length_m": 9.7, "virtual": false}}, {"type": "Feature", "geometry": {"type": "LineString", "coordinates": [[2.3950464, 6.3651078], [2.3951134, 6.3650185]]}, "properties": {"kind": "single_owner", "winner": "Haie-Vive-Cocotiers", "color": "#d6ca4b", "length_m": 12.3, "virtual": false}}, {"type": "Feature", "geometry": {"type": "LineString", "coordinates": [[2.3951134, 6.3650185], [2.3953182, 6.3647006]]}, "properties": {"kind": "single_owner", "winner": "Haie-Vive-Cocotiers", "color": "#d6ca4b", "length_m": 41.8, "virtual": false}}, {"type": "Feature", "geometry": {"type": "LineString", "coordinates": [[2.3953182, 6.3647006], [2.3963888, 6.3628872]]}, "properties": {"kind": "single_owner", "winner": "Haie-Vive-Cocotiers", "color": "#d6ca4b", "length_m": 232.8, "virtual": false}}, {"type": "Feature", "geometry": {"type": "LineString", "coordinates": [[2.3963888, 6.3628872], [2.3957223, 6.362734]]}, "properties": {"kind": "single_owner", "winner": "Haie-Vive-Cocotiers", "color": "#d6ca4b", "length_m": 75.7, "virtual": false}}, {"type": "Feature", "geometry": {"type": "LineString", "coordinates": [[2.3963888, 6.3628872], [2.3964961, 6.3626993]]}, "properties": {"kind": "single_owner", "winner": "Haie-Vive-Cocotiers", "color": "#d6ca4b", "length_m": 23.9, "virtual": false}}, {"type": "Feature", "geometry": {"type": "LineString", "coordinates": [[2.3964961, 6.3626993], [2.3965122, 6.3626367]]}, "properties": {"kind": "single_owner", "winner": "Haie-Vive-Cocotiers", "color": "#d6ca4b", "length_m": 7.1, "virtual": false}}, {"type": "Feature", "geometry": {"type": "LineString", "coordinates": [[2.3965122, 6.3626367], [2.3964854, 6.3625727]]}, "properties": {"kind": "single_owner", "winner": "Haie-Vive-Cocotiers", "color": "#d6ca4b", "length_m": 7.7, "virtual": false}}, {"type": "Feature", "geometry": {"type": "LineString", "coordinates": [[2.3964854, 6.3625727], [2.3964559, 6.3625327]]}, "properties": {"kind": "single_owner", "winner": "Haie-Vive-Cocotiers", "color": "#d6ca4b", "length_m": 5.5, "virtual": false}}, {"type": "Feature", "geometry": {"type": "LineString", "coordinates": [[2.3964559, 6.3625327], [2.3964049, 6.3624741]]}, "properties": {"kind": "single_owner", "winner": "Haie-Vive-Cocotiers", "color": "#d6ca4b", "length_m": 8.6, "virtual": false}}, {"type": "Feature", "geometry": {"type": "LineString", "coordinates": [[2.3964049, 6.3624741], [2.395454, 6.3617197]]}, "properties": {"kind": "single_owner", "winner": "Haie-Vive-Cocotiers", "color": "#d6ca4b", "length_m": 134.2, "virtual": false}}, {"type": "Feature", "geometry": {"type": "LineString", "coordinates": [[2.395454, 6.3617197], [2.3944965, 6.3609973]]}, "properties": {"kind": "single_owner", "winner": "Haie-Vive-Cocotiers", "color": "#d6ca4b", "length_m": 132.7, "virtual": false}}, {"type": "Feature", "geometry": {"type": "LineString", "coordinates": [[2.3944965, 6.3609973], [2.3935919, 6.3603095]]}, "properties": {"kind": "single_owner", "winner": "Haie-Vive-Cocotiers", "color": "#d6ca4b", "length_m": 125.7, "virtual": false}}, {"type": "Feature", "geometry": {"type": "LineString", "coordinates": [[2.3935919, 6.3603095], [2.3931976, 6.3600163]]}, "properties": {"kind": "single_owner", "winner": "Haie-Vive-Cocotiers", "color": "#d6ca4b", "length_m": 54.3, "virtual": false}}, {"type": "Feature", "geometry": {"type": "LineString", "coordinates": [[2.3931976, 6.3600163], [2.3895688, 6.3572318]]}, "properties": {"kind": "single_owner", "winner": "Haie-Vive-Cocotiers", "color": "#d6ca4b", "length_m": 505.9, "virtual": false}}, {"type": "Feature", "geometry": {"type": "LineString", "coordinates": [[2.4113276, 6.3725804], [2.4112488, 6.3726795]]}, "properties": {"kind": "single_owner", "winner": "Agbondjèdo", "color": "#d2564b", "length_m": 14.0, "virtual": false}}, {"type": "Feature", "geometry": {"type": "LineString", "coordinates": [[2.4245186, 6.3815806], [2.4246362, 6.3809091]]}, "properties": {"kind": "single_owner", "winner": "Aïdjèdo", "color": "#cd3fc8", "length_m": 75.4, "virtual": false}}, {"type": "Feature", "geometry": {"type": "LineString", "coordinates": [[2.4245186, 6.3815806], [2.423915, 6.3810816]]}, "properties": {"kind": "single_owner", "winner": "Aïdjèdo", "color": "#cd3fc8", "length_m": 86.6, "virtual": false}}, {"type": "Feature", "geometry": {"type": "LineString", "coordinates": [[2.4261734, 6.3724185], [2.4262705, 6.3718809]]}, "properties": {"kind": "single_owner", "winner": "Jéricho-Nord", "color": "#4ac7a3", "length_m": 60.4, "virtual": false}}, {"type": "Feature", "geometry": {"type": "LineString", "coordinates": [[2.4262705, 6.3718809], [2.4262085, 6.3718274]]}, "properties": {"kind": "single_owner", "winner": "Jéricho-Nord", "color": "#4ac7a3", "length_m": 9.1, "virtual": false}}, {"type": "Feature", "geometry": {"type": "LineString", "coordinates": [[2.4262705, 6.3718809], [2.4263016, 6.3717087]]}, "properties": {"kind": "single_owner", "winner": "Jéricho-Nord", "color": "#4ac7a3", "length_m": 19.3, "virtual": false}}, {"type": "Feature", "geometry": {"type": "LineString", "coordinates": [[2.4263016, 6.3717087], [2.4262085, 6.3718274]]}, "properties": {"kind": "single_owner", "winner": "Jéricho-Nord", "color": "#4ac7a3", "length_m": 16.7, "virtual": false}}, {"type": "Feature", "geometry": {"type": "LineString", "coordinates": [[2.4263016, 6.3717087], [2.4266843, 6.3712206]]}, "properties": {"kind": "single_owner", "winner": "Jéricho-Nord", "color": "#4ac7a3", "length_m": 68.6, "virtual": false}}, {"type": "Feature", "geometry": {"type": "LineString", "coordinates": [[2.4058484, 6.3645937], [2.4047538, 6.3637604]]}, "properties": {"kind": "single_owner", "winner": "Cadjèhoun-Détinsa", "color": "#c7b04a", "length_m": 152.1, "virtual": false}}, {"type": "Feature", "geometry": {"type": "LineString", "coordinates": [[2.4047538, 6.3637604], [2.4044105, 6.3642082]]}, "properties": {"kind": "single_owner", "winner": "Cadjèhoun-Détinsa", "color": "#c7b04a", "length_m": 62.4, "virtual": false}}, {"type": "Feature", "geometry": {"type": "LineString", "coordinates": [[2.4047538, 6.3637604], [2.405113, 6.3632913]]}, "properties": {"kind": "single_owner", "winner": "Cadjèhoun-Détinsa", "color": "#c7b04a", "length_m": 65.3, "virtual": false}}, {"type": "Feature", "geometry": {"type": "LineString", "coordinates": [[2.400828, 6.3606948], [2.4004182, 6.3603747]]}, "properties": {"kind": "single_owner", "winner": "Cadjèhoun-Kpota", "color": "#ddcf4f", "length_m": 57.5, "virtual": false}}, {"type": "Feature", "geometry": {"type": "LineString", "coordinates": [[2.400828, 6.3606948], [2.4004598, 6.3611742]]}, "properties": {"kind": "single_owner", "winner": "Cadjèhoun-Kpota", "color": "#ddcf4f", "length_m": 66.8, "virtual": false}}, {"type": "Feature", "geometry": {"type": "LineString", "coordinates": [[2.4004182, 6.3603747], [2.4000554, 6.3600914]]}, "properties": {"kind": "single_owner", "winner": "Cadjèhoun-Kpota", "color": "#ddcf4f", "length_m": 50.9, "virtual": false}}, {"type": "Feature", "geometry": {"type": "LineString", "coordinates": [[2.4112488, 6.3726795], [2.4108622, 6.373166]]}, "properties": {"kind": "single_owner", "winner": "Agbondjèdo", "color": "#d2564b", "length_m": 68.7, "virtual": false}}, {"type": "Feature", "geometry": {"type": "LineString", "coordinates": [[2.4022005, 6.3602677], [2.4015276, 6.3597518]]}, "properties": {"kind": "single_owner", "winner": "Cadjèhoun-Gare", "color": "#49cb78", "length_m": 93.8, "virtual": false}}, {"type": "Feature", "geometry": {"type": "LineString", "coordinates": [[2.4015276, 6.3597518], [2.4012641, 6.3595479]]}, "properties": {"kind": "single_owner", "winner": "Cadjèhoun-Gare", "color": "#49cb78", "length_m": 36.8, "virtual": false}}, {"type": "Feature", "geometry": {"type": "LineString", "coordinates": [[2.4015276, 6.3597518], [2.4011898, 6.3602433]]}, "properties": {"kind": "single_owner", "winner": "Cadjèhoun-Gare", "color": "#49cb78", "length_m": 65.9, "virtual": false}}, {"type": "Feature", "geometry": {"type": "LineString", "coordinates": [[2.4012641, 6.3595479], [2.4014273, 6.3594605]]}, "properties": {"kind": "single_owner", "winner": "Cadjèhoun-Gare", "color": "#49cb78", "length_m": 20.5, "virtual": false}}, {"type": "Feature", "geometry": {"type": "LineString", "coordinates": [[2.4012641, 6.3595479], [2.4010801, 6.3594055]]}, "properties": {"kind": "single_owner", "winner": "Cadjèhoun-Gare", "color": "#49cb78", "length_m": 25.7, "virtual": false}}, {"type": "Feature", "geometry": {"type": "LineString", "coordinates": [[2.4010801, 6.3594055], [2.401218, 6.3582507]]}, "properties": {"kind": "single_owner", "winner": "Cadjèhoun-Gare", "color": "#49cb78", "length_m": 128.6, "virtual": false}}, {"type": "Feature", "geometry": {"type": "LineString", "coordinates": [[2.4010801, 6.3594055], [2.4004733, 6.3589328]]}, "properties": {"kind": "single_owner", "winner": "Cadjèhoun-Gare", "color": "#49cb78", "length_m": 85.1, "virtual": false}}, {"type": "Feature", "geometry": {"type": "LineString", "coordinates": [[2.4004733, 6.3589328], [2.4005905, 6.3583222]]}, "properties": {"kind": "single_owner", "winner": "Cadjèhoun-Gare", "color": "#49cb78", "length_m": 68.7, "virtual": false}}, {"type": "Feature", "geometry": {"type": "LineString", "coordinates": [[2.4069513, 6.3632047], [2.4073231, 6.3627424]]}, "properties": {"kind": "single_owner", "winner": "Cadjèhoun-Gare", "color": "#49cb78", "length_m": 65.6, "virtual": false}}, {"type": "Feature", "geometry": {"type": "LineString", "coordinates": [[2.4022333, 6.3595037], [2.4015796, 6.3594345]]}, "properties": {"kind": "single_owner", "winner": "Cadjèhoun-Gare", "color": "#49cb78", "length_m": 72.7, "virtual": false}}, {"type": "Feature", "geometry": {"type": "LineString", "coordinates": [[2.401218, 6.3582507], [2.4006991, 6.3582423]]}, "properties": {"kind": "single_owner", "winner": "Cadjèhoun-Gare", "color": "#49cb78", "length_m": 57.4, "virtual": false}}, {"type": "Feature", "geometry": {"type": "LineString", "coordinates": [[2.401218, 6.3582507], [2.4012837, 6.3576248]]}, "properties": {"kind": "single_owner", "winner": "Cadjèhoun-Gare", "color": "#49cb78", "length_m": 69.6, "virtual": false}}, {"type": "Feature", "geometry": {"type": "LineString", "coordinates": [[2.4012837, 6.3576248], [2.3993142, 6.3575093]]}, "properties": {"kind": "single_owner", "winner": "Cadjèhoun-Gare", "color": "#49cb78", "length_m": 218.3, "virtual": false}}, {"type": "Feature", "geometry": {"type": "LineString", "coordinates": [[2.4011898, 6.3602433], [2.401855, 6.360726]]}, "properties": {"kind": "single_owner", "winner": "Cadjèhoun-Gare", "color": "#49cb78", "length_m": 90.9, "virtual": false}}, {"type": "Feature", "geometry": {"type": "LineString", "coordinates": [[2.4011898, 6.3602433], [2.4010609, 6.3601432]]}, "properties": {"kind": "single_owner", "winner": "Cadjèhoun-Gare", "color": "#49cb78", "length_m": 18.0, "virtual": false}}, {"type": "Feature", "geometry": {"type": "LineString", "coordinates": [[2.4004598, 6.3611742], [2.4000929, 6.3608666]]}, "properties": {"kind": "single_owner", "winner": "Cadjèhoun-Kpota", "color": "#ddcf4f", "length_m": 52.9, "virtual": false}}, {"type": "Feature", "geometry": {"type": "LineString", "coordinates": [[2.399366, 6.3625158], [2.3990209, 6.3629331]]}, "properties": {"kind": "single_owner", "winner": "Cadjèhoun-Azalokogon", "color": "#d951d0", "length_m": 59.9, "virtual": false}}, {"type": "Feature", "geometry": {"type": "LineString", "coordinates": [[2.399366, 6.3625158], [2.3978208, 6.361326]]}, "properties": {"kind": "single_owner", "winner": "Cadjèhoun-Azalokogon", "color": "#d951d0", "length_m": 215.7, "virtual": false}}, {"type": "Feature", "geometry": {"type": "LineString", "coordinates": [[2.3990209, 6.3629331], [2.3975309, 6.3617846]]}, "properties": {"kind": "single_owner", "winner": "Cadjèhoun-Azalokogon", "color": "#d951d0", "length_m": 208.1, "virtual": false}}, {"type": "Feature", "geometry": {"type": "LineString", "coordinates": [[2.3990209, 6.3629331], [2.398905, 6.3630727]]}, "properties": {"kind": "single_owner", "winner": "Cadjèhoun-Azalokogon", "color": "#d951d0", "length_m": 20.1, "virtual": false}}, {"type": "Feature", "geometry": {"type": "LineString", "coordinates": [[2.398905, 6.3630727], [2.398534, 6.3635396]]}, "properties": {"kind": "single_owner", "winner": "Cadjèhoun-Azalokogon", "color": "#d951d0", "length_m": 65.9, "virtual": false}}, {"type": "Feature", "geometry": {"type": "LineString", "coordinates": [[2.398905, 6.3630727], [2.3974427, 6.3619336]]}, "properties": {"kind": "single_owner", "winner": "Cadjèhoun-Azalokogon", "color": "#d951d0", "length_m": 205.0, "virtual": false}}, {"type": "Feature", "geometry": {"type": "LineString", "coordinates": [[2.398534, 6.3635396], [2.3971224, 6.3624281]]}, "properties": {"kind": "single_owner", "winner": "Cadjèhoun-Azalokogon", "color": "#d951d0", "length_m": 198.7, "virtual": false}}, {"type": "Feature", "geometry": {"type": "LineString", "coordinates": [[2.4010609, 6.3601432], [2.4009108, 6.3600263]]}, "properties": {"kind": "single_owner", "winner": "Cadjèhoun-Gare", "color": "#49cb78", "length_m": 21.0, "virtual": false}}, {"type": "Feature", "geometry": {"type": "LineString", "coordinates": [[2.4009108, 6.3600263], [2.4007014, 6.3598614]]}, "properties": {"kind": "single_owner", "winner": "Cadjèhoun-Gare", "color": "#49cb78", "length_m": 29.5, "virtual": false}}, {"type": "Feature", "geometry": {"type": "LineString", "coordinates": [[2.4007014, 6.3598614], [2.4005865, 6.3597534]]}, "properties": {"kind": "single_owner", "winner": "Cadjèhoun-Gare", "color": "#49cb78", "length_m": 17.4, "virtual": false}}, {"type": "Feature", "geometry": {"type": "LineString", "coordinates": [[2.4132482, 6.3625686], [2.4116716, 6.3613472]]}, "properties": {"kind": "single_owner", "winner": "Gbégamey-Mifongou", "color": "#4fd575", "length_m": 220.6, "virtual": false}}, {"type": "Feature", "geometry": {"type": "LineString", "coordinates": [[2.4132482, 6.3625686], [2.4124965, 6.362917]]}, "properties": {"kind": "single_owner", "winner": "Gbégamey-Mifongou", "color": "#4fd575", "length_m": 91.6, "virtual": false}}, {"type": "Feature", "geometry": {"type": "LineString", "coordinates": [[2.4124965, 6.362917], [2.4111926, 6.3619309]]}, "properties": {"kind": "single_owner", "winner": "Gbégamey-Mifongou", "color": "#4fd575", "length_m": 180.8, "virtual": false}}, {"type": "Feature", "geometry": {"type": "LineString", "coordinates": [[2.4124965, 6.362917], [2.411939, 6.3631745]]}, "properties": {"kind": "single_owner", "winner": "Gbégamey-Mifongou", "color": "#4fd575", "length_m": 67.9, "virtual": false}}, {"type": "Feature", "geometry": {"type": "LineString", "coordinates": [[2.411939, 6.3631745], [2.4117605, 6.3632634]]}, "properties": {"kind": "single_owner", "winner": "Gbégamey-Mifongou", "color": "#4fd575", "length_m": 22.1, "virtual": false}}, {"type": "Feature", "geometry": {"type": "LineString", "coordinates": [[2.411939, 6.3631745], [2.4115185, 6.3626207]]}, "properties": {"kind": "single_owner", "winner": "Gbégamey-Mifongou", "color": "#4fd575", "length_m": 76.9, "virtual": false}}, {"type": "Feature", "geometry": {"type": "LineString", "coordinates": [[2.4117605, 6.3632634], [2.4114367, 6.3629319]]}, "properties": {"kind": "single_owner", "winner": "Gbégamey-Mifongou", "color": "#4fd575", "length_m": 51.2, "virtual": false}}, {"type": "Feature", "geometry": {"type": "LineString", "coordinates": [[2.4117605, 6.3632634], [2.4112117, 6.3635132]]}, "properties": {"kind": "single_owner", "winner": "Gbégamey-Mifongou", "color": "#4fd575", "length_m": 66.7, "virtual": false}}, {"type": "Feature", "geometry": {"type": "LineString", "coordinates": [[2.4112117, 6.3635132], [2.4111117, 6.3635587]]}, "properties": {"kind": "single_owner", "winner": "Gbégamey-Mifongou", "color": "#4fd575", "length_m": 12.2, "virtual": false}}, {"type": "Feature", "geometry": {"type": "LineString", "coordinates": [[2.4112117, 6.3635132], [2.4088812, 6.361709]]}, "properties": {"kind": "single_owner", "winner": "Gbégamey-Mifongou", "color": "#4fd575", "length_m": 326.0, "virtual": false}}, {"type": "Feature", "geometry": {"type": "LineString", "coordinates": [[2.4111117, 6.3635587], [2.4112207, 6.3636684]]}, "properties": {"kind": "single_owner", "winner": "Gbégamey-Mifongou", "color": "#4fd575", "length_m": 17.1, "virtual": false}}, {"type": "Feature", "geometry": {"type": "LineString", "coordinates": [[2.4111117, 6.3635587], [2.4106152, 6.3637888]]}, "properties": {"kind": "single_owner", "winner": "Gbégamey-Mifongou", "color": "#4fd575", "length_m": 60.5, "virtual": false}}, {"type": "Feature", "geometry": {"type": "LineString", "coordinates": [[2.4106152, 6.3637888], [2.4085191, 6.3621628]]}, "properties": {"kind": "single_owner", "winner": "Gbégamey-Mifongou", "color": "#4fd575", "length_m": 293.4, "virtual": false}}, {"type": "Feature", "geometry": {"type": "LineString", "coordinates": [[2.4100317, 6.3640592], [2.4105743, 6.3644823]]}, "properties": {"kind": "single_owner", "winner": "Gbégamey-Centre", "color": "#d042c4", "length_m": 76.1, "virtual": false}}, {"type": "Feature", "geometry": {"type": "LineString", "coordinates": [[2.4040344, 6.364699], [2.4044105, 6.3642082]]}, "properties": {"kind": "single_owner", "winner": "Cadjèhoun-Détinsa", "color": "#c7b04a", "length_m": 68.4, "virtual": false}}, {"type": "Feature", "geometry": {"type": "LineString", "coordinates": [[2.4044105, 6.3642082], [2.4056875, 6.3652179]]}, "properties": {"kind": "single_owner", "winner": "Cadjèhoun-Détinsa", "color": "#c7b04a", "length_m": 180.0, "virtual": false}}, {"type": "Feature", "geometry": {"type": "LineString", "coordinates": [[2.4062105, 6.3618589], [2.4073231, 6.3627424]]}, "properties": {"kind": "single_owner", "winner": "Cadjèhoun-Gare", "color": "#49cb78", "length_m": 157.1, "virtual": false}}, {"type": "Feature", "geometry": {"type": "LineString", "coordinates": [[2.4101968, 6.3649611], [2.4097951, 6.3654463]]}, "properties": {"kind": "single_owner", "winner": "Gbégamey-Centre", "color": "#d042c4", "length_m": 69.7, "virtual": false}}, {"type": "Feature", "geometry": {"type": "LineString", "coordinates": [[2.4101968, 6.3649611], [2.4105743, 6.3644823]]}, "properties": {"kind": "single_owner", "winner": "Gbégamey-Centre", "color": "#d042c4", "length_m": 67.4, "virtual": false}}, {"type": "Feature", "geometry": {"type": "LineString", "coordinates": [[2.4063626, 6.3649385], [2.4060139, 6.3653757]]}, "properties": {"kind": "single_owner", "winner": "Gbégamey-Ahito", "color": "#3bd54b", "length_m": 61.8, "virtual": false}}, {"type": "Feature", "geometry": {"type": "LineString", "coordinates": [[2.3996926, 6.3566703], [2.3997463, 6.3566798]]}, "properties": {"kind": "single_owner", "winner": "Cadjèhoun-Aupiais", "color": "#d6c34a", "length_m": 6.0, "virtual": false}}, {"type": "Feature", "geometry": {"type": "LineString", "coordinates": [[2.3997463, 6.3566798], [2.4005171, 6.356665]]}, "properties": {"kind": "single_owner", "winner": "Cadjèhoun-Aupiais", "color": "#d6c34a", "length_m": 85.3, "virtual": false}}, {"type": "Feature", "geometry": {"type": "LineString", "coordinates": [[2.4005171, 6.356665], [2.4013844, 6.3566655]]}, "properties": {"kind": "single_owner", "winner": "Cadjèhoun-Aupiais", "color": "#d6c34a", "length_m": 95.9, "virtual": false}}, {"type": "Feature", "geometry": {"type": "LineString", "coordinates": [[2.439752, 6.3545718], [2.4398308, 6.3546471]]}, "properties": {"kind": "single_owner", "winner": "Xwlacôdji-Kpodji", "color": "#41d477", "length_m": 12.1, "virtual": false}}, {"type": "Feature", "geometry": {"type": "LineString", "coordinates": [[2.439752, 6.3545718], [2.4397449, 6.3547395]]}, "properties": {"kind": "single_owner", "winner": "Xwlacôdji-Kpodji", "color": "#41d477", "length_m": 18.6, "virtual": false}}, {"type": "Feature", "geometry": {"type": "LineString", "coordinates": [[2.4398308, 6.3546471], [2.4404378, 6.355227]]}, "properties": {"kind": "single_owner", "winner": "Xwlacôdji-Kpodji", "color": "#41d477", "length_m": 92.8, "virtual": false}}, {"type": "Feature", "geometry": {"type": "LineString", "coordinates": [[2.4398308, 6.3546471], [2.4397449, 6.3547395]]}, "properties": {"kind": "single_owner", "winner": "Xwlacôdji-Kpodji", "color": "#41d477", "length_m": 14.0, "virtual": false}}, {"type": "Feature", "geometry": {"type": "LineString", "coordinates": [[2.4398308, 6.3546471], [2.4402013, 6.3542997]]}, "properties": {"kind": "single_owner", "winner": "Xwlacôdji-Kpodji", "color": "#41d477", "length_m": 56.2, "virtual": false}}, {"type": "Feature", "geometry": {"type": "LineString", "coordinates": [[2.4398308, 6.3546471], [2.4398768, 6.3541637]]}, "properties": {"kind": "single_owner", "winner": "Xwlacôdji-Kpodji", "color": "#41d477", "length_m": 53.7, "virtual": false}}, {"type": "Feature", "geometry": {"type": "LineString", "coordinates": [[2.4404378, 6.355227], [2.44137, 6.3561175]]}, "properties": {"kind": "single_owner", "winner": "Xwlacôdji-Kpodji", "color": "#41d477", "length_m": 142.6, "virtual": false}}, {"type": "Feature", "geometry": {"type": "LineString", "coordinates": [[2.4404378, 6.355227], [2.4412013, 6.3544349]]}, "properties": {"kind": "single_owner", "winner": "Xwlacôdji-Kpodji", "color": "#41d477", "length_m": 121.7, "virtual": false}}, {"type": "Feature", "geometry": {"type": "LineString", "coordinates": [[2.44137, 6.3561175], [2.4413882, 6.3560577]]}, "properties": {"kind": "single_owner", "winner": "Xwlacôdji-Kpodji", "color": "#41d477", "length_m": 6.9, "virtual": false}}, {"type": "Feature", "geometry": {"type": "LineString", "coordinates": [[2.44137, 6.3561175], [2.4408831, 6.3569694]]}, "properties": {"kind": "single_owner", "winner": "Xwlacôdji-Kpodji", "color": "#41d477", "length_m": 108.5, "virtual": false}}, {"type": "Feature", "geometry": {"type": "LineString", "coordinates": [[2.3945197, 6.3671107], [2.3945629, 6.3669557]]}, "properties": {"kind": "single_owner", "winner": "Haie-Vive-Cocotiers", "color": "#d6ca4b", "length_m": 17.8, "virtual": false}}, {"type": "Feature", "geometry": {"type": "LineString", "coordinates": [[2.3945629, 6.3669557], [2.3946105, 6.3668104]]}, "properties": {"kind": "single_owner", "winner": "Haie-Vive-Cocotiers", "color": "#d6ca4b", "length_m": 16.9, "virtual": false}}, {"type": "Feature", "geometry": {"type": "LineString", "coordinates": [[2.3946105, 6.3668104], [2.3946822, 6.3666258]]}, "properties": {"kind": "single_owner", "winner": "Haie-Vive-Cocotiers", "color": "#d6ca4b", "length_m": 21.9, "virtual": false}}, {"type": "Feature", "geometry": {"type": "LineString", "coordinates": [[2.3946822, 6.3666258], [2.3947392, 6.3664806]]}, "properties": {"kind": "single_owner", "winner": "Haie-Vive-Cocotiers", "color": "#d6ca4b", "length_m": 17.2, "virtual": false}}, {"type": "Feature", "geometry": {"type": "LineString", "coordinates": [[2.3947392, 6.3664806], [2.3948244, 6.3662806]]}, "properties": {"kind": "single_owner", "winner": "Haie-Vive-Cocotiers", "color": "#d6ca4b", "length_m": 24.0, "virtual": false}}, {"type": "Feature", "geometry": {"type": "LineString", "coordinates": [[2.3948244, 6.3662806], [2.3949478, 6.3660354]]}, "properties": {"kind": "single_owner", "winner": "Haie-Vive-Cocotiers", "color": "#d6ca4b", "length_m": 30.3, "virtual": false}}, {"type": "Feature", "geometry": {"type": "LineString", "coordinates": [[2.3949478, 6.3660354], [2.3951563, 6.3656755]]}, "properties": {"kind": "single_owner", "winner": "Haie-Vive-Cocotiers", "color": "#d6ca4b", "length_m": 46.0, "virtual": false}}, {"type": "Feature", "geometry": {"type": "LineString", "coordinates": [[2.3951563, 6.3656755], [2.3953025, 6.3653829]]}, "properties": {"kind": "single_owner", "winner": "Haie-Vive-Cocotiers", "color": "#d6ca4b", "length_m": 36.2, "virtual": false}}, {"type": "Feature", "geometry": {"type": "LineString", "coordinates": [[2.3953025, 6.3653829], [2.3951664, 6.3652977]]}, "properties": {"kind": "single_owner", "winner": "Haie-Vive-Cocotiers", "color": "#d6ca4b", "length_m": 17.8, "virtual": false}}, {"type": "Feature", "geometry": {"type": "LineString", "coordinates": [[2.3969963, 6.3624274], [2.3973444, 6.361867]]}, "properties": {"kind": "single_owner", "winner": "Cadjèhoun-Azalokogon", "color": "#d951d0", "length_m": 72.9, "virtual": false}}, {"type": "Feature", "geometry": {"type": "LineString", "coordinates": [[2.3973444, 6.361867], [2.3974427, 6.3619336]]}, "properties": {"kind": "single_owner", "winner": "Cadjèhoun-Azalokogon", "color": "#d951d0", "length_m": 13.1, "virtual": false}}, {"type": "Feature", "geometry": {"type": "LineString", "coordinates": [[2.3973444, 6.361867], [2.3974362, 6.361717]]}, "properties": {"kind": "single_owner", "winner": "Cadjèhoun-Azalokogon", "color": "#d951d0", "length_m": 19.4, "virtual": false}}, {"type": "Feature", "geometry": {"type": "LineString", "coordinates": [[2.3973444, 6.361867], [2.3961457, 6.3609346]]}, "properties": {"kind": "single_owner", "winner": "Cadjèhoun-Azalokogon", "color": "#d951d0", "length_m": 168.0, "virtual": false}}, {"type": "Feature", "geometry": {"type": "LineString", "coordinates": [[2.3974362, 6.361717], [2.3975999, 6.3614331]]}, "properties": {"kind": "single_owner", "winner": "Cadjèhoun-Azalokogon", "color": "#d951d0", "length_m": 36.2, "virtual": false}}, {"type": "Feature", "geometry": {"type": "LineString", "coordinates": [[2.3974362, 6.361717], [2.3975309, 6.3617846]]}, "properties": {"kind": "single_owner", "winner": "Cadjèhoun-Azalokogon", "color": "#d951d0", "length_m": 12.9, "virtual": false}}, {"type": "Feature", "geometry": {"type": "LineString", "coordinates": [[2.3975999, 6.3614331], [2.3978546, 6.3609893]]}, "properties": {"kind": "single_owner", "winner": "Cadjèhoun-Azalokogon", "color": "#d951d0", "length_m": 56.6, "virtual": false}}, {"type": "Feature", "geometry": {"type": "LineString", "coordinates": [[2.3975999, 6.3614331], [2.3970378, 6.3609885]]}, "properties": {"kind": "single_owner", "winner": "Cadjèhoun-Azalokogon", "color": "#d951d0", "length_m": 79.3, "virtual": false}}, {"type": "Feature", "geometry": {"type": "LineString", "coordinates": [[2.3978546, 6.3609893], [2.3973464, 6.3605827]]}, "properties": {"kind": "single_owner", "winner": "Cadjèhoun-Azalokogon", "color": "#d951d0", "length_m": 72.0, "virtual": false}}, {"type": "Feature", "geometry": {"type": "LineString", "coordinates": [[2.3978546, 6.3609893], [2.398104, 6.3606147]]}, "properties": {"kind": "single_owner", "winner": "Cadjèhoun-Azalokogon", "color": "#d951d0", "length_m": 49.8, "virtual": false}}, {"type": "Feature", "geometry": {"type": "LineString", "coordinates": [[2.398104, 6.3606147], [2.3981698, 6.3604808]]}, "properties": {"kind": "single_owner", "winner": "Cadjèhoun-Azalokogon", "color": "#d951d0", "length_m": 16.5, "virtual": false}}, {"type": "Feature", "geometry": {"type": "LineString", "coordinates": [[2.3981698, 6.3604808], [2.3982986, 6.3602136]]}, "properties": {"kind": "single_owner", "winner": "Cadjèhoun-Azalokogon", "color": "#d951d0", "length_m": 32.8, "virtual": false}}, {"type": "Feature", "geometry": {"type": "LineString", "coordinates": [[2.3982986, 6.3602136], [2.3984212, 6.3599357]]}, "properties": {"kind": "single_owner", "winner": "Cadjèhoun-Azalokogon", "color": "#d951d0", "length_m": 33.6, "virtual": false}}, {"type": "Feature", "geometry": {"type": "LineString", "coordinates": [[2.3984212, 6.3599357], [2.3985788, 6.3594673]]}, "properties": {"kind": "single_owner", "winner": "Cadjèhoun-Azalokogon", "color": "#d951d0", "length_m": 54.6, "virtual": false}}, {"type": "Feature", "geometry": {"type": "LineString", "coordinates": [[2.3984212, 6.3599357], [2.3978343, 6.3599581]]}, "properties": {"kind": "single_owner", "winner": "Cadjèhoun-Azalokogon", "color": "#d951d0", "length_m": 65.0, "virtual": false}}, {"type": "Feature", "geometry": {"type": "LineString", "coordinates": [[2.3985788, 6.3594673], [2.3987245, 6.3590178]]}, "properties": {"kind": "single_owner", "winner": "Cadjèhoun-Azalokogon", "color": "#d951d0", "length_m": 52.2, "virtual": false}}, {"type": "Feature", "geometry": {"type": "LineString", "coordinates": [[2.3985788, 6.3594673], [2.3972189, 6.3595018]]}, "properties": {"kind": "single_owner", "winner": "Cadjèhoun-Azalokogon", "color": "#d951d0", "length_m": 150.5, "virtual": false}}, {"type": "Feature", "geometry": {"type": "LineString", "coordinates": [[2.3987245, 6.3590178], [2.3988494, 6.3585422]]}, "properties": {"kind": "single_owner", "winner": "Cadjèhoun-Azalokogon", "color": "#d951d0", "length_m": 54.4, "virtual": false}}, {"type": "Feature", "geometry": {"type": "LineString", "coordinates": [[2.3987245, 6.3590178], [2.3975542, 6.3590606]]}, "properties": {"kind": "single_owner", "winner": "Cadjèhoun-Azalokogon", "color": "#d951d0", "length_m": 129.6, "virtual": false}}, {"type": "Feature", "geometry": {"type": "LineString", "coordinates": [[2.3988494, 6.3585422], [2.3989826, 6.3580541]]}, "properties": {"kind": "single_owner", "winner": "Cadjèhoun-Azalokogon", "color": "#d951d0", "length_m": 55.9, "virtual": false}}, {"type": "Feature", "geometry": {"type": "LineString", "coordinates": [[2.3939512, 6.3696007], [2.3946145, 6.3671337]]}, "properties": {"kind": "single_owner", "winner": "Houéyihô", "color": "#3edc5e", "length_m": 282.4, "virtual": false}}, {"type": "Feature", "geometry": {"type": "LineString", "coordinates": [[2.3939512, 6.3696007], [2.3939151, 6.3697314]]}, "properties": {"kind": "single_owner", "winner": "Houéyihô", "color": "#3edc5e", "length_m": 15.0, "virtual": false}}, {"type": "Feature", "geometry": {"type": "LineString", "coordinates": [[2.3939151, 6.3697314], [2.3936972, 6.3705465]]}, "properties": {"kind": "single_owner", "winner": "Houéyihô", "color": "#3edc5e", "length_m": 93.3, "virtual": false}}, {"type": "Feature", "geometry": {"type": "LineString", "coordinates": [[2.3936972, 6.3705465], [2.3936342, 6.3708019]]}, "properties": {"kind": "single_owner", "winner": "Houéyihô", "color": "#3edc5e", "length_m": 29.1, "virtual": false}}, {"type": "Feature", "geometry": {"type": "LineString", "coordinates": [[2.3936342, 6.3708019], [2.3943794, 6.370981]]}, "properties": {"kind": "single_owner", "winner": "Houéyihô", "color": "#3edc5e", "length_m": 84.8, "virtual": false}}, {"type": "Feature", "geometry": {"type": "LineString", "coordinates": [[2.4390269, 6.3595205], [2.439276, 6.3592112]]}, "properties": {"kind": "single_owner", "winner": "Tokpa-Hoho", "color": "#c93b5f", "length_m": 43.9, "virtual": false}}, {"type": "Feature", "geometry": {"type": "LineString", "coordinates": [[2.4390269, 6.3595205], [2.4372482, 6.3580823]]}, "properties": {"kind": "single_owner", "winner": "Tokpa-Hoho", "color": "#c93b5f", "length_m": 253.0, "virtual": false}}, {"type": "Feature", "geometry": {"type": "LineString", "coordinates": [[2.4390269, 6.3595205], [2.4386156, 6.360036]]}, "properties": {"kind": "single_owner", "winner": "Tokpa-Hoho", "color": "#c93b5f", "length_m": 72.9, "virtual": false}}, {"type": "Feature", "geometry": {"type": "LineString", "coordinates": [[2.4288091, 6.3653694], [2.4275267, 6.3643457]]}, "properties": {"kind": "single_owner", "winner": "Sèdjro-Saint-Michel", "color": "#dc53ca", "length_m": 181.5, "virtual": false}}, {"type": "Feature", "geometry": {"type": "LineString", "coordinates": [[2.4288091, 6.3653694], [2.4289321, 6.3654676]]}, "properties": {"kind": "single_owner", "winner": "Sèdjro-Saint-Michel", "color": "#dc53ca", "length_m": 17.4, "virtual": false}}, {"type": "Feature", "geometry": {"type": "LineString", "coordinates": [[2.4328895, 6.3603062], [2.4332614, 6.3598453]]}, "properties": {"kind": "single_owner", "winner": "Guinkômey", "color": "#bfd743", "length_m": 65.5, "virtual": false}}, {"type": "Feature", "geometry": {"type": "LineString", "coordinates": [[2.4328895, 6.3603062], [2.4329966, 6.3603887]]}, "properties": {"kind": "single_owner", "winner": "Guinkômey", "color": "#bfd743", "length_m": 15.0, "virtual": false}}, {"type": "Feature", "geometry": {"type": "LineString", "coordinates": [[2.4332614, 6.3598453], [2.4336643, 6.3593455]]}, "properties": {"kind": "single_owner", "winner": "Guinkômey", "color": "#bfd743", "length_m": 71.0, "virtual": false}}, {"type": "Feature", "geometry": {"type": "LineString", "coordinates": [[2.4332614, 6.3598453], [2.4333662, 6.3599272]]}, "properties": {"kind": "single_owner", "winner": "Guinkômey", "color": "#bfd743", "length_m": 14.7, "virtual": false}}, {"type": "Feature", "geometry": {"type": "LineString", "coordinates": [[2.4336643, 6.3593455], [2.4340698, 6.3588423]]}, "properties": {"kind": "single_owner", "winner": "Guinkômey", "color": "#bfd743", "length_m": 71.5, "virtual": false}}, {"type": "Feature", "geometry": {"type": "LineString", "coordinates": [[2.4398379, 6.359086], [2.4399324, 6.3591353]]}, "properties": {"kind": "single_owner", "winner": "Tokpa-Hoho", "color": "#c93b5f", "length_m": 11.8, "virtual": false}}, {"type": "Feature", "geometry": {"type": "LineString", "coordinates": [[2.4399324, 6.3591353], [2.4400116, 6.3591755]]}, "properties": {"kind": "single_owner", "winner": "Tokpa-Hoho", "color": "#c93b5f", "length_m": 9.8, "virtual": false}}, {"type": "Feature", "geometry": {"type": "LineString", "coordinates": [[2.4341559, 6.3589369], [2.4338019, 6.3593828]]}, "properties": {"kind": "single_owner", "winner": "Guinkômey", "color": "#bfd743", "length_m": 63.0, "virtual": false}}, {"type": "Feature", "geometry": {"type": "LineString", "coordinates": [[2.4346108, 6.3592943], [2.4342638, 6.359736]]}, "properties": {"kind": "single_owner", "winner": "Guinkômey", "color": "#bfd743", "length_m": 62.1, "virtual": false}}, {"type": "Feature", "geometry": {"type": "LineString", "coordinates": [[2.404409, 6.3673943], [2.4042361, 6.3675993]]}, "properties": {"kind": "single_owner", "winner": "Vodjè-Centre", "color": "#67cc42", "length_m": 29.7, "virtual": false}}, {"type": "Feature", "geometry": {"type": "LineString", "coordinates": [[2.404409, 6.3673943], [2.4055268, 6.3682403]]}, "properties": {"kind": "single_owner", "winner": "Vodjè-Centre", "color": "#67cc42", "length_m": 155.0, "virtual": false}}, {"type": "Feature", "geometry": {"type": "LineString", "coordinates": [[2.4042361, 6.3675993], [2.4040503, 6.3678552]]}, "properties": {"kind": "single_owner", "winner": "Vodjè-Centre", "color": "#67cc42", "length_m": 35.0, "virtual": false}}, {"type": "Feature", "geometry": {"type": "LineString", "coordinates": [[2.4040503, 6.3678552], [2.4036793, 6.3683162]]}, "properties": {"kind": "single_owner", "winner": "Vodjè-Centre", "color": "#67cc42", "length_m": 65.4, "virtual": false}}, {"type": "Feature", "geometry": {"type": "LineString", "coordinates": [[2.3990584, 6.3693126], [2.3980822, 6.3691408]]}, "properties": {"kind": "single_owner", "winner": "Vodjè-Centre", "color": "#67cc42", "length_m": 109.7, "virtual": false}}, {"type": "Feature", "geometry": {"type": "LineString", "coordinates": [[2.3980822, 6.3691408], [2.3974134, 6.368997]]}, "properties": {"kind": "single_owner", "winner": "Vodjè-Centre", "color": "#67cc42", "length_m": 75.7, "virtual": false}}, {"type": "Feature", "geometry": {"type": "LineString", "coordinates": [[2.3969448, 6.3689143], [2.3965948, 6.3688402]]}, "properties": {"kind": "single_owner", "winner": "Vodjè-Finagnon", "color": "#d2794a", "length_m": 39.6, "virtual": false}}, {"type": "Feature", "geometry": {"type": "LineString", "coordinates": [[2.3969448, 6.3689143], [2.3970138, 6.368997]]}, "properties": {"kind": "single_owner", "winner": "Vodjè-Finagnon", "color": "#d2794a", "length_m": 11.9, "virtual": false}}, {"type": "Feature", "geometry": {"type": "LineString", "coordinates": [[2.3965948, 6.3688402], [2.3969467, 6.3691236]]}, "properties": {"kind": "single_owner", "winner": "Vodjè-Finagnon", "color": "#d2794a", "length_m": 50.0, "virtual": false}}, {"type": "Feature", "geometry": {"type": "LineString", "coordinates": [[2.4120598, 6.3769827], [2.4116679, 6.3774659]]}, "properties": {"kind": "single_owner", "winner": "Minonkpô-Wologuèdè", "color": "#c9c03e", "length_m": 68.8, "virtual": false}}, {"type": "Feature", "geometry": {"type": "LineString", "coordinates": [[2.4116679, 6.3774659], [2.411295, 6.3779406]]}, "properties": {"kind": "single_owner", "winner": "Minonkpô-Wologuèdè", "color": "#c9c03e", "length_m": 66.7, "virtual": false}}, {"type": "Feature", "geometry": {"type": "LineString", "coordinates": [[2.4116679, 6.3774659], [2.4129549, 6.3784858]]}, "properties": {"kind": "single_owner", "winner": "Minonkpô-Wologuèdè", "color": "#c9c03e", "length_m": 181.6, "virtual": false}}, {"type": "Feature", "geometry": {"type": "LineString", "coordinates": [[2.411295, 6.3779406], [2.4109281, 6.3784029]]}, "properties": {"kind": "single_owner", "winner": "Minonkpô-Wologuèdè", "color": "#c9c03e", "length_m": 65.3, "virtual": false}}, {"type": "Feature", "geometry": {"type": "LineString", "coordinates": [[2.4109281, 6.3784029], [2.4103328, 6.3779097]]}, "properties": {"kind": "single_owner", "winner": "Minonkpô-Wologuèdè", "color": "#c9c03e", "length_m": 85.5, "virtual": false}}, {"type": "Feature", "geometry": {"type": "LineString", "coordinates": [[2.4149584, 6.3669831], [2.4174147, 6.3648872]]}, "properties": {"kind": "single_owner", "winner": "Saint-Jean-Gbèdiga", "color": "#86d648", "length_m": 357.1, "virtual": false}}, {"type": "Feature", "geometry": {"type": "LineString", "coordinates": [[2.4347498, 6.370639], [2.4344499, 6.370565]]}, "properties": {"kind": "single_owner", "winner": "Dantôkpa", "color": "#43df62", "length_m": 34.2, "virtual": false}}, {"type": "Feature", "geometry": {"type": "LineString", "coordinates": [[2.4344499, 6.370565], [2.4342602, 6.3705017]]}, "properties": {"kind": "single_owner", "winner": "Dantôkpa", "color": "#43df62", "length_m": 22.1, "virtual": false}}, {"type": "Feature", "geometry": {"type": "LineString", "coordinates": [[2.4342602, 6.3705017], [2.4341084, 6.3704371]]}, "properties": {"kind": "single_owner", "winner": "Dantôkpa", "color": "#43df62", "length_m": 18.2, "virtual": false}}, {"type": "Feature", "geometry": {"type": "LineString", "coordinates": [[2.4341084, 6.3704371], [2.4338204, 6.3703002]]}, "properties": {"kind": "single_owner", "winner": "Dantôkpa", "color": "#43df62", "length_m": 35.3, "virtual": false}}, {"type": "Feature", "geometry": {"type": "LineString", "coordinates": [[2.4338204, 6.3703002], [2.4340509, 6.3705568]]}, "properties": {"kind": "single_owner", "winner": "Dantôkpa", "color": "#43df62", "length_m": 38.1, "virtual": false}}, {"type": "Feature", "geometry": {"type": "LineString", "coordinates": [[2.4338204, 6.3703002], [2.433738, 6.3702446]]}, "properties": {"kind": "single_owner", "winner": "Dantôkpa", "color": "#43df62", "length_m": 11.0, "virtual": false}}, {"type": "Feature", "geometry": {"type": "LineString", "coordinates": [[2.433738, 6.3702446], [2.4334113, 6.3700012]]}, "properties": {"kind": "single_owner", "winner": "Dantôkpa", "color": "#43df62", "length_m": 45.1, "virtual": false}}, {"type": "Feature", "geometry": {"type": "LineString", "coordinates": [[2.4334113, 6.3700012], [2.4330788, 6.369738]]}, "properties": {"kind": "single_owner", "winner": "Dantôkpa", "color": "#43df62", "length_m": 46.9, "virtual": false}}, {"type": "Feature", "geometry": {"type": "LineString", "coordinates": [[2.4330788, 6.369738], [2.4328215, 6.3695254]]}, "properties": {"kind": "single_owner", "winner": "Dantôkpa", "color": "#43df62", "length_m": 36.9, "virtual": false}}, {"type": "Feature", "geometry": {"type": "LineString", "coordinates": [[2.4469078, 6.3718277], [2.4484118, 6.3718135]]}, "properties": {"kind": "single_owner", "winner": "Gbèdjèwin", "color": "#46df9f", "length_m": 166.4, "virtual": false}}, {"type": "Feature", "geometry": {"type": "LineString", "coordinates": [[2.4469578, 6.3785251], [2.4469702, 6.3797324]]}, "properties": {"kind": "single_owner", "winner": "Sègbèya-Sud", "color": "#42c8b0", "length_m": 133.5, "virtual": false}}, {"type": "Feature", "geometry": {"type": "LineString", "coordinates": [[2.4469578, 6.3785251], [2.447604, 6.3785157]]}, "properties": {"kind": "single_owner", "winner": "Sègbèya-Sud", "color": "#42c8b0", "length_m": 71.5, "virtual": false}}, {"type": "Feature", "geometry": {"type": "LineString", "coordinates": [[2.4469702, 6.3797324], [2.4468672, 6.3797344]]}, "properties": {"kind": "single_owner", "winner": "Sègbèya-Sud", "color": "#42c8b0", "length_m": 11.4, "virtual": false}}, {"type": "Feature", "geometry": {"type": "LineString", "coordinates": [[2.4469702, 6.3797324], [2.4469663, 6.3798004]]}, "properties": {"kind": "single_owner", "winner": "Sègbèya-Sud", "color": "#42c8b0", "length_m": 7.5, "virtual": false}}, {"type": "Feature", "geometry": {"type": "LineString", "coordinates": [[2.4469702, 6.3797324], [2.4471683, 6.3798006]]}, "properties": {"kind": "single_owner", "winner": "Sègbèya-Sud", "color": "#42c8b0", "length_m": 23.2, "virtual": false}}, {"type": "Feature", "geometry": {"type": "LineString", "coordinates": [[2.4470089, 6.3859361], [2.4477382, 6.3859042]]}, "properties": {"kind": "single_owner", "winner": "Sègbèya-Nord", "color": "#c64b87", "length_m": 80.8, "virtual": false}}, {"type": "Feature", "geometry": {"type": "LineString", "coordinates": [[2.4457211, 6.3616024], [2.4448556, 6.3609044]]}, "properties": {"kind": "single_owner", "winner": "Énagnon", "color": "#68cf45", "length_m": 123.0, "virtual": false}}, {"type": "Feature", "geometry": {"type": "LineString", "coordinates": [[2.4448556, 6.3609044], [2.4450427, 6.3603254]]}, "properties": {"kind": "single_owner", "winner": "Énagnon", "color": "#68cf45", "length_m": 67.3, "virtual": false}}, {"type": "Feature", "geometry": {"type": "LineString", "coordinates": [[2.4445128, 6.360637], [2.4443282, 6.3605219]]}, "properties": {"kind": "single_owner", "winner": "Xwlacôdji-Kpodji", "color": "#41d477", "length_m": 24.1, "virtual": false}}, {"type": "Feature", "geometry": {"type": "LineString", "coordinates": [[2.4443282, 6.3605219], [2.443999, 6.3603558]]}, "properties": {"kind": "single_owner", "winner": "Xwlacôdji-Kpodji", "color": "#41d477", "length_m": 40.8, "virtual": false}}, {"type": "Feature", "geometry": {"type": "LineString", "coordinates": [[2.443999, 6.3603558], [2.4435045, 6.3601342]]}, "properties": {"kind": "single_owner", "winner": "Xwlacôdji-Kpodji", "color": "#41d477", "length_m": 59.9, "virtual": false}}, {"type": "Feature", "geometry": {"type": "LineString", "coordinates": [[2.4435045, 6.3601342], [2.4434016, 6.3600965]]}, "properties": {"kind": "single_owner", "winner": "Xwlacôdji-Kpodji", "color": "#41d477", "length_m": 12.1, "virtual": false}}, {"type": "Feature", "geometry": {"type": "LineString", "coordinates": [[2.4434016, 6.3600965], [2.4436585, 6.3598479]]}, "properties": {"kind": "single_owner", "winner": "Xwlacôdji-Kpodji", "color": "#41d477", "length_m": 39.5, "virtual": false}}, {"type": "Feature", "geometry": {"type": "LineString", "coordinates": [[2.4434016, 6.3600965], [2.4433102, 6.3600456]]}, "properties": {"kind": "single_owner", "winner": "Xwlacôdji-Kpodji", "color": "#41d477", "length_m": 11.6, "virtual": false}}, {"type": "Feature", "geometry": {"type": "LineString", "coordinates": [[2.4433102, 6.3600456], [2.4406788, 6.3579238]]}, "properties": {"kind": "single_owner", "winner": "Xwlacôdji-Kpodji", "color": "#41d477", "length_m": 373.8, "virtual": false}}, {"type": "Feature", "geometry": {"type": "LineString", "coordinates": [[2.3611888, 6.5685447], [2.3611164, 6.5694932]]}, "properties": {"kind": "single_owner", "winner": "Kpodji-Les-Monts", "color": "#d83eb2", "length_m": 105.2, "virtual": false}}, {"type": "Feature", "geometry": {"type": "LineString", "coordinates": [[2.3611164, 6.5694932], [2.3610225, 6.5707616]]}, "properties": {"kind": "single_owner", "winner": "Kpodji-Les-Monts", "color": "#d83eb2", "length_m": 140.6, "virtual": false}}, {"type": "Feature", "geometry": {"type": "LineString", "coordinates": [[2.3611164, 6.5694932], [2.3604861, 6.5696158]]}, "properties": {"kind": "single_owner", "winner": "Kpodji-Les-Monts", "color": "#d83eb2", "length_m": 71.0, "virtual": false}}, {"type": "Feature", "geometry": {"type": "LineString", "coordinates": [[2.3610225, 6.5707616], [2.3597941, 6.5708176]]}, "properties": {"kind": "single_owner", "winner": "Kpodji-Les-Monts", "color": "#d83eb2", "length_m": 136.0, "virtual": false}}, {"type": "Feature", "geometry": {"type": "LineString", "coordinates": [[2.3111053, 6.4388004], [2.311694, 6.4387057]]}, "properties": {"kind": "single_owner", "winner": "Houèto", "color": "#de47d2", "length_m": 66.0, "virtual": false}}, {"type": "Feature", "geometry": {"type": "LineString", "coordinates": [[2.311694, 6.4387057], [2.3122841, 6.4386471]]}, "properties": {"kind": "single_owner", "winner": "Houèto", "color": "#de47d2", "length_m": 65.6, "virtual": false}}, {"type": "Feature", "geometry": {"type": "LineString", "coordinates": [[2.3122841, 6.4386471], [2.3121211, 6.4381341]]}, "properties": {"kind": "single_owner", "winner": "Houèto", "color": "#de47d2", "length_m": 59.5, "virtual": false}}, {"type": "Feature", "geometry": {"type": "LineString", "coordinates": [[2.3122841, 6.4386471], [2.3129332, 6.4385831]]}, "properties": {"kind": "single_owner", "winner": "Houèto", "color": "#de47d2", "length_m": 72.2, "virtual": false}}, {"type": "Feature", "geometry": {"type": "LineString", "coordinates": [[2.3122841, 6.4386471], [2.3123941, 6.4389429]]}, "properties": {"kind": "single_owner", "winner": "Houèto", "color": "#de47d2", "length_m": 34.9, "virtual": false}}, {"type": "Feature", "geometry": {"type": "LineString", "coordinates": [[2.3129332, 6.4385831], [2.3130918, 6.4389464]]}, "properties": {"kind": "single_owner", "winner": "Houèto", "color": "#de47d2", "length_m": 43.8, "virtual": false}}, {"type": "Feature", "geometry": {"type": "LineString", "coordinates": [[2.3129332, 6.4385831], [2.3135447, 6.4385805]]}, "properties": {"kind": "single_owner", "winner": "Houèto", "color": "#de47d2", "length_m": 67.6, "virtual": false}}, {"type": "Feature", "geometry": {"type": "LineString", "coordinates": [[2.3135447, 6.4385805], [2.3137327, 6.4392898]]}, "properties": {"kind": "single_owner", "winner": "Houèto", "color": "#de47d2", "length_m": 81.1, "virtual": false}}, {"type": "Feature", "geometry": {"type": "LineString", "coordinates": [[2.3135447, 6.4385805], [2.3141348, 6.4385938]]}, "properties": {"kind": "single_owner", "winner": "Houèto", "color": "#de47d2", "length_m": 65.3, "virtual": false}}, {"type": "Feature", "geometry": {"type": "LineString", "coordinates": [[2.4141249, 6.3603535], [2.4146108, 6.3597328]]}, "properties": {"kind": "single_owner", "winner": "Gbégamey-Mifongou", "color": "#4fd575", "length_m": 87.2, "virtual": false}}, {"type": "Feature", "geometry": {"type": "LineString", "coordinates": [[2.4167964, 6.3653757], [2.4156332, 6.3644485]]}, "properties": {"kind": "single_owner", "winner": "Saint-Jean-Gbèdiga", "color": "#86d648", "length_m": 164.5, "virtual": false}}, {"type": "Feature", "geometry": {"type": "LineString", "coordinates": [[2.4167964, 6.3653757], [2.4173677, 6.3648585]]}, "properties": {"kind": "single_owner", "winner": "Saint-Jean-Gbèdiga", "color": "#86d648", "length_m": 85.2, "virtual": false}}, {"type": "Feature", "geometry": {"type": "LineString", "coordinates": [[2.4167964, 6.3653757], [2.4161687, 6.3658781]]}, "properties": {"kind": "single_owner", "winner": "Saint-Jean-Gbèdiga", "color": "#86d648", "length_m": 88.9, "virtual": false}}, {"type": "Feature", "geometry": {"type": "LineString", "coordinates": [[2.4156332, 6.3644485], [2.4146985, 6.3637117]]}, "properties": {"kind": "single_owner", "winner": "Saint-Jean-Gbèdiga", "color": "#86d648", "length_m": 131.6, "virtual": false}}, {"type": "Feature", "geometry": {"type": "LineString", "coordinates": [[2.4156332, 6.3644485], [2.4151723, 6.3650386]]}, "properties": {"kind": "single_owner", "winner": "Saint-Jean-Gbèdiga", "color": "#86d648", "length_m": 82.8, "virtual": false}}, {"type": "Feature", "geometry": {"type": "LineString", "coordinates": [[2.4156332, 6.3644485], [2.4160903, 6.3638633]]}, "properties": {"kind": "single_owner", "winner": "Saint-Jean-Gbèdiga", "color": "#86d648", "length_m": 82.1, "virtual": false}}, {"type": "Feature", "geometry": {"type": "LineString", "coordinates": [[2.4146985, 6.3637117], [2.4142327, 6.3643009]]}, "properties": {"kind": "single_owner", "winner": "Saint-Jean-Gbèdiga", "color": "#86d648", "length_m": 83.1, "virtual": false}}, {"type": "Feature", "geometry": {"type": "LineString", "coordinates": [[2.4179605, 6.3643212], [2.4173677, 6.3648585]]}, "properties": {"kind": "single_owner", "winner": "Saint-Jean-Gbèdiga", "color": "#86d648", "length_m": 88.5, "virtual": false}}, {"type": "Feature", "geometry": {"type": "LineString", "coordinates": [[2.4066912, 6.3667835], [2.4070698, 6.3663099]]}, "properties": {"kind": "single_owner", "winner": "Gbégamey-Dodo-Ayidjè", "color": "#d64b9a", "length_m": 67.0, "virtual": false}}, {"type": "Feature", "geometry": {"type": "LineString", "coordinates": [[2.4066912, 6.3667835], [2.4058069, 6.3660298]]}, "properties": {"kind": "single_owner", "winner": "Gbégamey-Dodo-Ayidjè", "color": "#d64b9a", "length_m": 128.5, "virtual": false}}, {"type": "Feature", "geometry": {"type": "LineString", "coordinates": [[2.4058069, 6.3660298], [2.4056773, 6.3659368]]}, "properties": {"kind": "single_owner", "winner": "Gbégamey-Dodo-Ayidjè", "color": "#d64b9a", "length_m": 17.6, "virtual": false}}, {"type": "Feature", "geometry": {"type": "LineString", "coordinates": [[2.4058069, 6.3660298], [2.4063521, 6.3657451]]}, "properties": {"kind": "single_owner", "winner": "Gbégamey-Dodo-Ayidjè", "color": "#d64b9a", "length_m": 68.0, "virtual": false}}, {"type": "Feature", "geometry": {"type": "LineString", "coordinates": [[2.4056773, 6.3659368], [2.4055164, 6.3658341]]}, "properties": {"kind": "single_owner", "winner": "Gbégamey-Dodo-Ayidjè", "color": "#d64b9a", "length_m": 21.1, "virtual": false}}, {"type": "Feature", "geometry": {"type": "LineString", "coordinates": [[2.4055164, 6.3658341], [2.4055982, 6.3657235]]}, "properties": {"kind": "single_owner", "winner": "Gbégamey-Dodo-Ayidjè", "color": "#d64b9a", "length_m": 15.2, "virtual": false}}, {"type": "Feature", "geometry": {"type": "LineString", "coordinates": [[2.4059728, 6.3676823], [2.4056268, 6.3681151]]}, "properties": {"kind": "single_owner", "winner": "Vodjè-Centre", "color": "#67cc42", "length_m": 61.3, "virtual": false}}, {"type": "Feature", "geometry": {"type": "LineString", "coordinates": [[2.4083462, 6.3673142], [2.4070698, 6.3663099]]}, "properties": {"kind": "single_owner", "winner": "Gbégamey-Dodo-Ayidjè", "color": "#d64b9a", "length_m": 179.6, "virtual": false}}, {"type": "Feature", "geometry": {"type": "LineString", "coordinates": [[2.4070698, 6.3663099], [2.4063521, 6.3657451]]}, "properties": {"kind": "single_owner", "winner": "Gbégamey-Dodo-Ayidjè", "color": "#d64b9a", "length_m": 101.0, "virtual": false}}, {"type": "Feature", "geometry": {"type": "LineString", "coordinates": [[2.4115807, 6.3652671], [2.4119299, 6.3648208]]}, "properties": {"kind": "single_owner", "winner": "Gbégamey-Dodo-Ayidjè", "color": "#d64b9a", "length_m": 62.7, "virtual": false}}, {"type": "Feature", "geometry": {"type": "LineString", "coordinates": [[2.4097951, 6.3654463], [2.4094337, 6.3658941]]}, "properties": {"kind": "single_owner", "winner": "Gbégamey-Centre", "color": "#d042c4", "length_m": 63.6, "virtual": false}}, {"type": "Feature", "geometry": {"type": "LineString", "coordinates": [[2.4142327, 6.3643009], [2.4151723, 6.3650386]]}, "properties": {"kind": "single_owner", "winner": "Saint-Jean-Gbèdiga", "color": "#86d648", "length_m": 132.1, "virtual": false}}, {"type": "Feature", "geometry": {"type": "LineString", "coordinates": [[2.4151723, 6.3650386], [2.4147406, 6.3655912]]}, "properties": {"kind": "single_owner", "winner": "Saint-Jean-Gbèdiga", "color": "#86d648", "length_m": 77.5, "virtual": false}}, {"type": "Feature", "geometry": {"type": "LineString", "coordinates": [[2.4151723, 6.3650386], [2.4161687, 6.3658781]]}, "properties": {"kind": "single_owner", "winner": "Saint-Jean-Gbèdiga", "color": "#86d648", "length_m": 144.1, "virtual": false}}, {"type": "Feature", "geometry": {"type": "LineString", "coordinates": [[2.4161687, 6.3658781], [2.4150261, 6.3668658]]}, "properties": {"kind": "single_owner", "winner": "Saint-Jean-Gbèdiga", "color": "#86d648", "length_m": 167.0, "virtual": false}}, {"type": "Feature", "geometry": {"type": "LineString", "coordinates": [[2.4114367, 6.3629319], [2.4112912, 6.3628139]]}, "properties": {"kind": "single_owner", "winner": "Gbégamey-Mifongou", "color": "#4fd575", "length_m": 20.7, "virtual": false}}, {"type": "Feature", "geometry": {"type": "LineString", "coordinates": [[2.4160903, 6.3638633], [2.4168649, 6.3644257]]}, "properties": {"kind": "single_owner", "winner": "Saint-Jean-Gbèdiga", "color": "#86d648", "length_m": 105.9, "virtual": false}}, {"type": "Feature", "geometry": {"type": "LineString", "coordinates": [[2.4168649, 6.3644257], [2.4173677, 6.3648585]]}, "properties": {"kind": "single_owner", "winner": "Saint-Jean-Gbèdiga", "color": "#86d648", "length_m": 73.4, "virtual": false}}, {"type": "Feature", "geometry": {"type": "LineString", "coordinates": [[2.4146108, 6.3597328], [2.4136877, 6.3590009]]}, "properties": {"kind": "single_owner", "winner": "Gbégamey-Mifongou", "color": "#4fd575", "length_m": 130.3, "virtual": false}}, {"type": "Feature", "geometry": {"type": "LineString", "coordinates": [[2.4146108, 6.3597328], [2.4146826, 6.3596357]]}, "properties": {"kind": "single_owner", "winner": "Gbégamey-Mifongou", "color": "#4fd575", "length_m": 13.4, "virtual": false}}, {"type": "Feature", "geometry": {"type": "LineString", "coordinates": [[2.4146826, 6.3596357], [2.4143294, 6.3593612]]}, "properties": {"kind": "single_owner", "winner": "Gbégamey-Mifongou", "color": "#4fd575", "length_m": 49.5, "virtual": false}}, {"type": "Feature", "geometry": {"type": "LineString", "coordinates": [[2.4146826, 6.3596357], [2.4154298, 6.3585888]]}, "properties": {"kind": "single_owner", "winner": "Gbégamey-Mifongou", "color": "#4fd575", "length_m": 142.2, "virtual": false}}, {"type": "Feature", "geometry": {"type": "LineString", "coordinates": [[2.4154298, 6.3585888], [2.4151616, 6.3586501]]}, "properties": {"kind": "single_owner", "winner": "Gbégamey-Mifongou", "color": "#4fd575", "length_m": 30.4, "virtual": false}}, {"type": "Feature", "geometry": {"type": "LineString", "coordinates": [[2.3975309, 6.3617846], [2.3974427, 6.3619336]]}, "properties": {"kind": "single_owner", "winner": "Cadjèhoun-Azalokogon", "color": "#d951d0", "length_m": 19.1, "virtual": false}}, {"type": "Feature", "geometry": {"type": "LineString", "coordinates": [[2.3975309, 6.3617846], [2.3978208, 6.361326]]}, "properties": {"kind": "single_owner", "winner": "Cadjèhoun-Azalokogon", "color": "#d951d0", "length_m": 60.0, "virtual": false}}, {"type": "Feature", "geometry": {"type": "LineString", "coordinates": [[2.4056268, 6.3681151], [2.4055268, 6.3682403]]}, "properties": {"kind": "single_owner", "winner": "Vodjè-Centre", "color": "#67cc42", "length_m": 17.7, "virtual": false}}, {"type": "Feature", "geometry": {"type": "LineString", "coordinates": [[2.4097623, 6.3661474], [2.410451, 6.3667098]]}, "properties": {"kind": "single_owner", "winner": "Gbégamey-Dodo-Ayidjè", "color": "#d64b9a", "length_m": 98.3, "virtual": false}}, {"type": "Feature", "geometry": {"type": "LineString", "coordinates": [[2.4112207, 6.3636684], [2.4109066, 6.364064]]}, "properties": {"kind": "single_owner", "winner": "Gbégamey-Mifongou", "color": "#4fd575", "length_m": 55.9, "virtual": false}}, {"type": "Feature", "geometry": {"type": "LineString", "coordinates": [[2.4112207, 6.3636684], [2.4120399, 6.3646802]]}, "properties": {"kind": "single_owner", "winner": "Gbégamey-Mifongou", "color": "#4fd575", "length_m": 144.0, "virtual": false}}, {"type": "Feature", "geometry": {"type": "LineString", "coordinates": [[2.4078217, 6.3630952], [2.4081838, 6.362618]]}, "properties": {"kind": "single_owner", "winner": "Gbégamey-Ahito", "color": "#3bd54b", "length_m": 66.2, "virtual": false}}, {"type": "Feature", "geometry": {"type": "LineString", "coordinates": [[2.4105307, 6.3617883], [2.4113119, 6.3624214]]}, "properties": {"kind": "single_owner", "winner": "Gbégamey-Mifongou", "color": "#4fd575", "length_m": 111.2, "virtual": false}}, {"type": "Feature", "geometry": {"type": "LineString", "coordinates": [[2.4113119, 6.3624214], [2.4114162, 6.362515]]}, "properties": {"kind": "single_owner", "winner": "Gbégamey-Mifongou", "color": "#4fd575", "length_m": 15.5, "virtual": false}}, {"type": "Feature", "geometry": {"type": "LineString", "coordinates": [[2.4114162, 6.362515], [2.4115185, 6.3626207]]}, "properties": {"kind": "single_owner", "winner": "Gbégamey-Mifongou", "color": "#4fd575", "length_m": 16.3, "virtual": false}}, {"type": "Feature", "geometry": {"type": "LineString", "coordinates": [[2.4140465, 6.3656635], [2.4141135, 6.3657468]]}, "properties": {"kind": "single_owner", "winner": "Saint-Jean-Gbèdiga", "color": "#86d648", "length_m": 11.8, "virtual": false}}, {"type": "Feature", "geometry": {"type": "LineString", "coordinates": [[2.4141135, 6.3657468], [2.4143862, 6.3660449]]}, "properties": {"kind": "single_owner", "winner": "Saint-Jean-Gbèdiga", "color": "#86d648", "length_m": 44.7, "virtual": false}}, {"type": "Feature", "geometry": {"type": "LineString", "coordinates": [[2.4143862, 6.3660449], [2.4150261, 6.3668658]]}, "properties": {"kind": "single_owner", "winner": "Saint-Jean-Gbèdiga", "color": "#86d648", "length_m": 115.1, "virtual": false}}, {"type": "Feature", "geometry": {"type": "LineString", "coordinates": [[2.4143862, 6.3660449], [2.4147406, 6.3655912]]}, "properties": {"kind": "single_owner", "winner": "Saint-Jean-Gbèdiga", "color": "#86d648", "length_m": 63.7, "virtual": false}}, {"type": "Feature", "geometry": {"type": "LineString", "coordinates": [[2.3757727, 6.3875381], [2.3757053, 6.3874331]]}, "properties": {"kind": "single_owner", "winner": "Mènontin", "color": "#93d64b", "length_m": 13.8, "virtual": false}}, {"type": "Feature", "geometry": {"type": "LineString", "coordinates": [[2.3757727, 6.3875381], [2.3750851, 6.3879798]]}, "properties": {"kind": "single_owner", "winner": "Mènontin", "color": "#93d64b", "length_m": 90.4, "virtual": false}}, {"type": "Feature", "geometry": {"type": "LineString", "coordinates": [[2.3757053, 6.3874331], [2.37502, 6.3878769]]}, "properties": {"kind": "single_owner", "winner": "Mènontin", "color": "#93d64b", "length_m": 90.3, "virtual": false}}, {"type": "Feature", "geometry": {"type": "LineString", "coordinates": [[2.3757053, 6.3874331], [2.3754855, 6.3870532]]}, "properties": {"kind": "single_owner", "winner": "Mènontin", "color": "#93d64b", "length_m": 48.5, "virtual": false}}, {"type": "Feature", "geometry": {"type": "LineString", "coordinates": [[2.3754855, 6.3870532], [2.3748018, 6.3874925]]}, "properties": {"kind": "single_owner", "winner": "Mènontin", "color": "#93d64b", "length_m": 89.9, "virtual": false}}, {"type": "Feature", "geometry": {"type": "LineString", "coordinates": [[2.3754855, 6.3870532], [2.3752611, 6.3866882]]}, "properties": {"kind": "single_owner", "winner": "Mènontin", "color": "#93d64b", "length_m": 47.4, "virtual": false}}, {"type": "Feature", "geometry": {"type": "LineString", "coordinates": [[2.3752611, 6.3866882], [2.3745929, 6.3871247]]}, "properties": {"kind": "single_owner", "winner": "Mènontin", "color": "#93d64b", "length_m": 88.3, "virtual": false}}, {"type": "Feature", "geometry": {"type": "LineString", "coordinates": [[2.3752611, 6.3866882], [2.3749876, 6.3862145]]}, "properties": {"kind": "single_owner", "winner": "Mènontin", "color": "#93d64b", "length_m": 60.5, "virtual": false}}, {"type": "Feature", "geometry": {"type": "LineString", "coordinates": [[2.3749876, 6.3862145], [2.3743222, 6.386634]]}, "properties": {"kind": "single_owner", "winner": "Mènontin", "color": "#93d64b", "length_m": 87.0, "virtual": false}}, {"type": "Feature", "geometry": {"type": "LineString", "coordinates": [[2.3744797, 6.3853218], [2.3737951, 6.3857324]]}, "properties": {"kind": "single_owner", "winner": "Kouhounou", "color": "#dcca40", "length_m": 88.3, "virtual": false}}, {"type": "Feature", "geometry": {"type": "LineString", "coordinates": [[2.4197538, 6.3705856], [2.4198882, 6.3705711]]}, "properties": {"kind": "single_owner", "winner": "Sèdami", "color": "#4fd165", "length_m": 15.0, "virtual": false}}, {"type": "Feature", "geometry": {"type": "LineString", "coordinates": [[2.4198882, 6.3705711], [2.4199015, 6.3705542]]}, "properties": {"kind": "single_owner", "winner": "Sèdami", "color": "#4fd165", "length_m": 2.4, "virtual": false}}, {"type": "Feature", "geometry": {"type": "LineString", "coordinates": [[2.4198882, 6.3705711], [2.4208488, 6.3704867]]}, "properties": {"kind": "single_owner", "winner": "Sèdami", "color": "#4fd165", "length_m": 106.7, "virtual": false}}, {"type": "Feature", "geometry": {"type": "LineString", "coordinates": [[2.4208488, 6.3704867], [2.4202972, 6.3700501]]}, "properties": {"kind": "single_owner", "winner": "Sèdami", "color": "#4fd165", "length_m": 77.8, "virtual": false}}, {"type": "Feature", "geometry": {"type": "LineString", "coordinates": [[2.4208488, 6.3704867], [2.4216111, 6.3704207]]}, "properties": {"kind": "single_owner", "winner": "Sèdami", "color": "#4fd165", "length_m": 84.6, "virtual": false}}, {"type": "Feature", "geometry": {"type": "LineString", "coordinates": [[2.4199015, 6.3705542], [2.4199134, 6.370539]]}, "properties": {"kind": "single_owner", "winner": "Sèdami", "color": "#4fd165", "length_m": 2.1, "virtual": false}}, {"type": "Feature", "geometry": {"type": "LineString", "coordinates": [[2.4199134, 6.370539], [2.4199283, 6.37052]]}, "properties": {"kind": "single_owner", "winner": "Sèdami", "color": "#4fd165", "length_m": 2.7, "virtual": false}}, {"type": "Feature", "geometry": {"type": "LineString", "coordinates": [[2.4199283, 6.37052], [2.4202972, 6.3700501]]}, "properties": {"kind": "single_owner", "winner": "Sèdami", "color": "#4fd165", "length_m": 66.1, "virtual": false}}, {"type": "Feature", "geometry": {"type": "LineString", "coordinates": [[2.4202972, 6.3700501], [2.4205354, 6.3697471]]}, "properties": {"kind": "single_owner", "winner": "Sèdami", "color": "#4fd165", "length_m": 42.6, "virtual": false}}, {"type": "Feature", "geometry": {"type": "LineString", "coordinates": [[2.4205354, 6.3697471], [2.4207579, 6.3694636]]}, "properties": {"kind": "single_owner", "winner": "Sèdami", "color": "#4fd165", "length_m": 39.8, "virtual": false}}, {"type": "Feature", "geometry": {"type": "LineString", "coordinates": [[2.4207579, 6.3694636], [2.4212324, 6.3688599]]}, "properties": {"kind": "single_owner", "winner": "Sèdami", "color": "#4fd165", "length_m": 84.9, "virtual": false}}, {"type": "Feature", "geometry": {"type": "LineString", "coordinates": [[2.4207579, 6.3694636], [2.4214942, 6.3700506]]}, "properties": {"kind": "single_owner", "winner": "Sèdami", "color": "#4fd165", "length_m": 104.1, "virtual": false}}, {"type": "Feature", "geometry": {"type": "LineString", "coordinates": [[2.4207579, 6.3694636], [2.420011, 6.3688682]]}, "properties": {"kind": "single_owner", "winner": "Sèdami", "color": "#4fd165", "length_m": 105.6, "virtual": false}}, {"type": "Feature", "geometry": {"type": "LineString", "coordinates": [[2.4212324, 6.3688599], [2.4220939, 6.3695492]]}, "properties": {"kind": "single_owner", "winner": "Sèdami", "color": "#4fd165", "length_m": 122.0, "virtual": false}}, {"type": "Feature", "geometry": {"type": "LineString", "coordinates": [[2.4471683, 6.3798006], [2.4476006, 6.3798002]]}, "properties": {"kind": "single_owner", "winner": "Sègbèya-Sud", "color": "#42c8b0", "length_m": 47.8, "virtual": false}}, {"type": "Feature", "geometry": {"type": "LineString", "coordinates": [[2.4476006, 6.3798002], [2.4482969, 6.3797935]]}, "properties": {"kind": "single_owner", "winner": "Sègbèya-Sud", "color": "#42c8b0", "length_m": 77.0, "virtual": false}}, {"type": "Feature", "geometry": {"type": "LineString", "coordinates": [[2.4476006, 6.3798002], [2.4476048, 6.3791324]]}, "properties": {"kind": "single_owner", "winner": "Sègbèya-Sud", "color": "#42c8b0", "length_m": 73.8, "virtual": false}}, {"type": "Feature", "geometry": {"type": "LineString", "coordinates": [[2.4592195, 6.3797073], [2.4592139, 6.3803449]]}, "properties": {"kind": "single_owner", "winner": "Sènadé", "color": "#d38544", "length_m": 70.5, "virtual": false}}, {"type": "Feature", "geometry": {"type": "LineString", "coordinates": [[2.4037986, 6.3676937], [2.4034164, 6.3681069]]}, "properties": {"kind": "single_owner", "winner": "Vodjè-Kpota", "color": "#cc4446", "length_m": 62.2, "virtual": false}}, {"type": "Feature", "geometry": {"type": "LineString", "coordinates": [[2.3971224, 6.3624281], [2.3974427, 6.3619336]]}, "properties": {"kind": "single_owner", "winner": "Cadjèhoun-Azalokogon", "color": "#d951d0", "length_m": 65.1, "virtual": false}}, {"type": "Feature", "geometry": {"type": "LineString", "coordinates": [[2.3971224, 6.3624281], [2.396956, 6.3627013]]}, "properties": {"kind": "single_owner", "winner": "Cadjèhoun-Azalokogon", "color": "#d951d0", "length_m": 35.4, "virtual": false}}, {"type": "Feature", "geometry": {"type": "LineString", "coordinates": [[2.4010633, 6.3685245], [2.4014265, 6.3680623]]}, "properties": {"kind": "single_owner", "winner": "Vodjè-Kpota", "color": "#cc4446", "length_m": 65.0, "virtual": false}}, {"type": "Feature", "geometry": {"type": "LineString", "coordinates": [[2.4010633, 6.3685245], [2.40182, 6.3690735]]}, "properties": {"kind": "single_owner", "winner": "Vodjè-Kpota", "color": "#cc4446", "length_m": 103.4, "virtual": false}}, {"type": "Feature", "geometry": {"type": "LineString", "coordinates": [[2.40182, 6.3690735], [2.401666, 6.3691296]]}, "properties": {"kind": "single_owner", "winner": "Vodjè-Kpota", "color": "#cc4446", "length_m": 18.1, "virtual": false}}, {"type": "Feature", "geometry": {"type": "LineString", "coordinates": [[2.40182, 6.3690735], [2.4024214, 6.3688182]]}, "properties": {"kind": "single_owner", "winner": "Vodjè-Kpota", "color": "#cc4446", "length_m": 72.3, "virtual": false}}, {"type": "Feature", "geometry": {"type": "LineString", "coordinates": [[2.4014265, 6.3680623], [2.4017811, 6.3675888]]}, "properties": {"kind": "single_owner", "winner": "Vodjè-Kpota", "color": "#cc4446", "length_m": 65.4, "virtual": false}}, {"type": "Feature", "geometry": {"type": "LineString", "coordinates": [[2.4014265, 6.3680623], [2.4024214, 6.3688182]]}, "properties": {"kind": "single_owner", "winner": "Vodjè-Kpota", "color": "#cc4446", "length_m": 138.2, "virtual": false}}, {"type": "Feature", "geometry": {"type": "LineString", "coordinates": [[2.4017811, 6.3675888], [2.4029304, 6.3685045]]}, "properties": {"kind": "single_owner", "winner": "Vodjè-Kpota", "color": "#cc4446", "length_m": 162.5, "virtual": false}}, {"type": "Feature", "geometry": {"type": "LineString", "coordinates": [[2.4017811, 6.3675888], [2.4011135, 6.3670977]]}, "properties": {"kind": "single_owner", "winner": "Vodjè-Kpota", "color": "#cc4446", "length_m": 91.7, "virtual": false}}, {"type": "Feature", "geometry": {"type": "LineString", "coordinates": [[2.3842478, 6.3862209], [2.3841738, 6.3861295]]}, "properties": {"kind": "single_owner", "winner": "Kouhounou", "color": "#dcca40", "length_m": 13.0, "virtual": false}}, {"type": "Feature", "geometry": {"type": "LineString", "coordinates": [[2.3842478, 6.3862209], [2.384459, 6.3860184]]}, "properties": {"kind": "single_owner", "winner": "Kouhounou", "color": "#dcca40", "length_m": 32.4, "virtual": false}}, {"type": "Feature", "geometry": {"type": "LineString", "coordinates": [[2.3842478, 6.3862209], [2.3846517, 6.3867661]]}, "properties": {"kind": "single_owner", "winner": "Kouhounou", "color": "#dcca40", "length_m": 75.0, "virtual": false}}, {"type": "Feature", "geometry": {"type": "LineString", "coordinates": [[2.384459, 6.3860184], [2.3849084, 6.3856082]]}, "properties": {"kind": "single_owner", "winner": "Kouhounou", "color": "#dcca40", "length_m": 67.3, "virtual": false}}, {"type": "Feature", "geometry": {"type": "LineString", "coordinates": [[2.384459, 6.3860184], [2.383609, 6.3851059]]}, "properties": {"kind": "single_owner", "winner": "Kouhounou", "color": "#dcca40", "length_m": 137.9, "virtual": false}}, {"type": "Feature", "geometry": {"type": "LineString", "coordinates": [[2.3849084, 6.3856082], [2.3840569, 6.3847295]]}, "properties": {"kind": "single_owner", "winner": "Kouhounou", "color": "#dcca40", "length_m": 135.3, "virtual": false}}, {"type": "Feature", "geometry": {"type": "LineString", "coordinates": [[2.4044333, 6.3542231], [2.4011435, 6.3556564]]}, "properties": {"kind": "single_owner", "winner": "Cadjèhoun-Aupiais", "color": "#d6c34a", "length_m": 396.9, "virtual": false}}, {"type": "Feature", "geometry": {"type": "LineString", "coordinates": [[2.4368395, 6.3585934], [2.4386156, 6.360036]]}, "properties": {"kind": "single_owner", "winner": "Tokpa-Hoho", "color": "#c93b5f", "length_m": 253.1, "virtual": false}}, {"type": "Feature", "geometry": {"type": "LineString", "coordinates": [[2.3891212, 6.3786279], [2.388686, 6.3791983]]}, "properties": {"kind": "single_owner", "winner": "Védokô", "color": "#3dd9d3", "length_m": 79.3, "virtual": false}}, {"type": "Feature", "geometry": {"type": "LineString", "coordinates": [[2.3895492, 6.3782387], [2.389735, 6.3780173]]}, "properties": {"kind": "single_owner", "winner": "Houéyihô-Tannou", "color": "#db9443", "length_m": 32.0, "virtual": false}}, {"type": "Feature", "geometry": {"type": "LineString", "coordinates": [[2.389735, 6.3780173], [2.3898734, 6.3778534]]}, "properties": {"kind": "single_owner", "winner": "Houéyihô-Tannou", "color": "#db9443", "length_m": 23.7, "virtual": false}}, {"type": "Feature", "geometry": {"type": "LineString", "coordinates": [[2.3898734, 6.3778534], [2.3900168, 6.3776931]]}, "properties": {"kind": "single_owner", "winner": "Houéyihô-Tannou", "color": "#db9443", "length_m": 23.8, "virtual": false}}, {"type": "Feature", "geometry": {"type": "LineString", "coordinates": [[2.3900168, 6.3776931], [2.3900564, 6.377654]]}, "properties": {"kind": "single_owner", "winner": "Houéyihô-Tannou", "color": "#db9443", "length_m": 6.2, "virtual": false}}, {"type": "Feature", "geometry": {"type": "LineString", "coordinates": [[2.3900564, 6.377654], [2.3900875, 6.3776211]]}, "properties": {"kind": "single_owner", "winner": "Houéyihô-Tannou", "color": "#db9443", "length_m": 5.0, "virtual": false}}, {"type": "Feature", "geometry": {"type": "LineString", "coordinates": [[2.3900875, 6.3776211], [2.3900883, 6.3775864]]}, "properties": {"kind": "single_owner", "winner": "Houéyihô-Tannou", "color": "#db9443", "length_m": 3.8, "virtual": false}}, {"type": "Feature", "geometry": {"type": "LineString", "coordinates": [[2.3900875, 6.3776211], [2.3900844, 6.3777651]]}, "properties": {"kind": "single_owner", "winner": "Houéyihô-Tannou", "color": "#db9443", "length_m": 15.9, "virtual": false}}, {"type": "Feature", "geometry": {"type": "LineString", "coordinates": [[2.3900883, 6.3775864], [2.3900163, 6.3775327]]}, "properties": {"kind": "single_owner", "winner": "Houéyihô-Tannou", "color": "#db9443", "length_m": 9.9, "virtual": false}}, {"type": "Feature", "geometry": {"type": "LineString", "coordinates": [[2.3900883, 6.3775864], [2.3900992, 6.3775238]]}, "properties": {"kind": "single_owner", "winner": "Houéyihô-Tannou", "color": "#db9443", "length_m": 7.0, "virtual": false}}, {"type": "Feature", "geometry": {"type": "LineString", "coordinates": [[2.3953813, 6.3852436], [2.3955576, 6.3857816]]}, "properties": {"kind": "single_owner", "winner": "Midédji", "color": "#43d748", "length_m": 62.6, "virtual": false}}, {"type": "Feature", "geometry": {"type": "LineString", "coordinates": [[2.3955576, 6.3857816], [2.395041, 6.3860036]]}, "properties": {"kind": "single_owner", "winner": "Midédji", "color": "#43d748", "length_m": 62.2, "virtual": false}}, {"type": "Feature", "geometry": {"type": "LineString", "coordinates": [[2.3955576, 6.3857816], [2.3957454, 6.386319]]}, "properties": {"kind": "single_owner", "winner": "Midédji", "color": "#43d748", "length_m": 62.9, "virtual": false}}, {"type": "Feature", "geometry": {"type": "LineString", "coordinates": [[2.3957454, 6.386319], [2.396241, 6.3861571]]}, "properties": {"kind": "single_owner", "winner": "Midédji", "color": "#43d748", "length_m": 57.7, "virtual": false}}, {"type": "Feature", "geometry": {"type": "LineString", "coordinates": [[2.3957454, 6.386319], [2.3943761, 6.3869136]]}, "properties": {"kind": "single_owner", "winner": "Midédji", "color": "#43d748", "length_m": 165.1, "virtual": false}}, {"type": "Feature", "geometry": {"type": "LineString", "coordinates": [[2.3922943, 6.3903712], [2.3923018, 6.3901102]]}, "properties": {"kind": "single_owner", "winner": "Zogbo", "color": "#88d14f", "length_m": 28.9, "virtual": false}}, {"type": "Feature", "geometry": {"type": "LineString", "coordinates": [[2.388686, 6.3791983], [2.3883194, 6.3797594]]}, "properties": {"kind": "single_owner", "winner": "Védokô", "color": "#3dd9d3", "length_m": 74.1, "virtual": false}}, {"type": "Feature", "geometry": {"type": "LineString", "coordinates": [[2.3883194, 6.3797594], [2.3882832, 6.3798274]]}, "properties": {"kind": "single_owner", "winner": "Védokô", "color": "#3dd9d3", "length_m": 8.5, "virtual": false}}, {"type": "Feature", "geometry": {"type": "LineString", "coordinates": [[2.3882832, 6.3798274], [2.3882724, 6.3798953]]}, "properties": {"kind": "single_owner", "winner": "Védokô", "color": "#3dd9d3", "length_m": 7.6, "virtual": false}}, {"type": "Feature", "geometry": {"type": "LineString", "coordinates": [[2.3882724, 6.3798953], [2.3882727, 6.3800027]]}, "properties": {"kind": "single_owner", "winner": "Védokô", "color": "#3dd9d3", "length_m": 11.9, "virtual": false}}, {"type": "Feature", "geometry": {"type": "LineString", "coordinates": [[2.3882727, 6.3800027], [2.3882952, 6.3802339]]}, "properties": {"kind": "single_owner", "winner": "Védokô", "color": "#3dd9d3", "length_m": 25.7, "virtual": false}}, {"type": "Feature", "geometry": {"type": "LineString", "coordinates": [[2.3882727, 6.3800027], [2.3873283, 6.3794764]]}, "properties": {"kind": "single_owner", "winner": "Védokô", "color": "#3dd9d3", "length_m": 119.6, "virtual": false}}, {"type": "Feature", "geometry": {"type": "LineString", "coordinates": [[2.3882727, 6.3800027], [2.3890087, 6.3802526]]}, "properties": {"kind": "single_owner", "winner": "Védokô", "color": "#3dd9d3", "length_m": 86.0, "virtual": false}}, {"type": "Feature", "geometry": {"type": "LineString", "coordinates": [[2.3557636, 6.3892088], [2.3564655, 6.3892262]]}, "properties": {"kind": "single_owner", "winner": "Mènontin", "color": "#93d64b", "length_m": 77.7, "virtual": false}}, {"type": "Feature", "geometry": {"type": "LineString", "coordinates": [[2.3557636, 6.3892088], [2.3555832, 6.389208]]}, "properties": {"kind": "single_owner", "winner": "Mènontin", "color": "#93d64b", "length_m": 20.0, "virtual": false}}, {"type": "Feature", "geometry": {"type": "LineString", "coordinates": [[2.3564655, 6.3892262], [2.3567122, 6.3892302]]}, "properties": {"kind": "single_owner", "winner": "Mènontin", "color": "#93d64b", "length_m": 27.3, "virtual": false}}, {"type": "Feature", "geometry": {"type": "LineString", "coordinates": [[2.3567122, 6.3892302], [2.3568772, 6.3892223]]}, "properties": {"kind": "single_owner", "winner": "Mènontin", "color": "#93d64b", "length_m": 18.3, "virtual": false}}, {"type": "Feature", "geometry": {"type": "LineString", "coordinates": [[2.3568772, 6.3892223], [2.357093, 6.3892102]]}, "properties": {"kind": "single_owner", "winner": "Mènontin", "color": "#93d64b", "length_m": 23.9, "virtual": false}}, {"type": "Feature", "geometry": {"type": "LineString", "coordinates": [[2.357093, 6.3892102], [2.3573091, 6.3891955]]}, "properties": {"kind": "single_owner", "winner": "Mènontin", "color": "#93d64b", "length_m": 24.0, "virtual": false}}, {"type": "Feature", "geometry": {"type": "LineString", "coordinates": [[2.3573091, 6.3891955], [2.3590457, 6.3890303]]}, "properties": {"kind": "single_owner", "winner": "Mènontin", "color": "#93d64b", "length_m": 193.0, "virtual": false}}, {"type": "Feature", "geometry": {"type": "LineString", "coordinates": [[2.3590457, 6.3890303], [2.3604056, 6.3888837]]}, "properties": {"kind": "single_owner", "winner": "Mènontin", "color": "#93d64b", "length_m": 151.3, "virtual": false}}, {"type": "Feature", "geometry": {"type": "LineString", "coordinates": [[2.3604056, 6.3888837], [2.3630633, 6.3885948]]}, "properties": {"kind": "single_owner", "winner": "Mènontin", "color": "#93d64b", "length_m": 295.7, "virtual": false}}, {"type": "Feature", "geometry": {"type": "LineString", "coordinates": [[2.3630633, 6.3885948], [2.3635542, 6.3885335]]}, "properties": {"kind": "single_owner", "winner": "Mènontin", "color": "#93d64b", "length_m": 54.7, "virtual": false}}, {"type": "Feature", "geometry": {"type": "LineString", "coordinates": [[2.3635542, 6.3885335], [2.3640556, 6.3884643]]}, "properties": {"kind": "single_owner", "winner": "Mènontin", "color": "#93d64b", "length_m": 56.0, "virtual": false}}, {"type": "Feature", "geometry": {"type": "LineString", "coordinates": [[2.3640556, 6.3884643], [2.3648981, 6.3882816]]}, "properties": {"kind": "single_owner", "winner": "Mènontin", "color": "#93d64b", "length_m": 95.4, "virtual": false}}, {"type": "Feature", "geometry": {"type": "LineString", "coordinates": [[2.3640556, 6.3884643], [2.3640876, 6.3885653]]}, "properties": {"kind": "single_owner", "winner": "Mènontin", "color": "#93d64b", "length_m": 11.7, "virtual": false}}, {"type": "Feature", "geometry": {"type": "LineString", "coordinates": [[2.3640556, 6.3884643], [2.3640354, 6.3883812]]}, "properties": {"kind": "single_owner", "winner": "Mènontin", "color": "#93d64b", "length_m": 9.5, "virtual": false}}, {"type": "Feature", "geometry": {"type": "LineString", "coordinates": [[2.3648981, 6.3882816], [2.3653784, 6.3881747]]}, "properties": {"kind": "single_owner", "winner": "Mènontin", "color": "#93d64b", "length_m": 54.4, "virtual": false}}, {"type": "Feature", "geometry": {"type": "LineString", "coordinates": [[2.3653784, 6.3881747], [2.36577, 6.3880787]]}, "properties": {"kind": "single_owner", "winner": "Mènontin", "color": "#93d64b", "length_m": 44.6, "virtual": false}}, {"type": "Feature", "geometry": {"type": "LineString", "coordinates": [[2.36577, 6.3880787], [2.3664784, 6.3878878]]}, "properties": {"kind": "single_owner", "winner": "Mènontin", "color": "#93d64b", "length_m": 81.2, "virtual": false}}, {"type": "Feature", "geometry": {"type": "LineString", "coordinates": [[2.3664784, 6.3878878], [2.3675725, 6.3875936]]}, "properties": {"kind": "single_owner", "winner": "Mènontin", "color": "#93d64b", "length_m": 125.3, "virtual": false}}, {"type": "Feature", "geometry": {"type": "LineString", "coordinates": [[2.3675725, 6.3875936], [2.3687687, 6.3873083]]}, "properties": {"kind": "single_owner", "winner": "Mènontin", "color": "#93d64b", "length_m": 136.0, "virtual": false}}, {"type": "Feature", "geometry": {"type": "LineString", "coordinates": [[2.3687687, 6.3873083], [2.3718251, 6.38657]]}, "properties": {"kind": "single_owner", "winner": "Mènontin", "color": "#93d64b", "length_m": 347.8, "virtual": false}}, {"type": "Feature", "geometry": {"type": "LineString", "coordinates": [[2.3718251, 6.38657], [2.3719954, 6.3865167]]}, "properties": {"kind": "single_owner", "winner": "Mènontin", "color": "#93d64b", "length_m": 19.7, "virtual": false}}, {"type": "Feature", "geometry": {"type": "LineString", "coordinates": [[2.3719954, 6.3865167], [2.3721712, 6.3864487]]}, "properties": {"kind": "single_owner", "winner": "Mènontin", "color": "#93d64b", "length_m": 20.9, "virtual": false}}, {"type": "Feature", "geometry": {"type": "LineString", "coordinates": [[2.3721712, 6.3864487], [2.3723146, 6.3863834]]}, "properties": {"kind": "single_owner", "winner": "Mènontin", "color": "#93d64b", "length_m": 17.4, "virtual": false}}, {"type": "Feature", "geometry": {"type": "LineString", "coordinates": [[2.3723146, 6.3863834], [2.3724846, 6.3862985]]}, "properties": {"kind": "single_owner", "winner": "Mènontin", "color": "#93d64b", "length_m": 21.0, "virtual": false}}, {"type": "Feature", "geometry": {"type": "LineString", "coordinates": [[2.3735867, 6.3856266], [2.3737153, 6.3855587]]}, "properties": {"kind": "single_owner", "winner": "Kouhounou", "color": "#dcca40", "length_m": 16.1, "virtual": false}}, {"type": "Feature", "geometry": {"type": "LineString", "coordinates": [[2.3735867, 6.3856266], [2.3736328, 6.3857316]]}, "properties": {"kind": "single_owner", "winner": "Kouhounou", "color": "#dcca40", "length_m": 12.7, "virtual": false}}, {"type": "Feature", "geometry": {"type": "LineString", "coordinates": [[2.3735867, 6.3856266], [2.3735736, 6.385566]]}, "properties": {"kind": "single_owner", "winner": "Kouhounou", "color": "#dcca40", "length_m": 6.9, "virtual": false}}, {"type": "Feature", "geometry": {"type": "LineString", "coordinates": [[2.3737153, 6.3855587], [2.3737552, 6.3856626]]}, "properties": {"kind": "single_owner", "winner": "Kouhounou", "color": "#dcca40", "length_m": 12.3, "virtual": false}}, {"type": "Feature", "geometry": {"type": "LineString", "coordinates": [[2.3737153, 6.3855587], [2.3743397, 6.3851839]]}, "properties": {"kind": "single_owner", "winner": "Kouhounou", "color": "#dcca40", "length_m": 80.5, "virtual": false}}, {"type": "Feature", "geometry": {"type": "LineString", "coordinates": [[2.3737153, 6.3855587], [2.3736901, 6.3854886]]}, "properties": {"kind": "single_owner", "winner": "Kouhounou", "color": "#dcca40", "length_m": 8.2, "virtual": false}}, {"type": "Feature", "geometry": {"type": "LineString", "coordinates": [[2.3737552, 6.3856626], [2.3737951, 6.3857324]]}, "properties": {"kind": "single_owner", "winner": "Kouhounou", "color": "#dcca40", "length_m": 8.9, "virtual": false}}, {"type": "Feature", "geometry": {"type": "LineString", "coordinates": [[2.3737552, 6.3856626], [2.3736328, 6.3857316]]}, "properties": {"kind": "single_owner", "winner": "Kouhounou", "color": "#dcca40", "length_m": 15.5, "virtual": false}}, {"type": "Feature", "geometry": {"type": "LineString", "coordinates": [[2.3737552, 6.3856626], [2.374443, 6.3852572]]}, "properties": {"kind": "single_owner", "winner": "Kouhounou", "color": "#dcca40", "length_m": 88.3, "virtual": false}}, {"type": "Feature", "geometry": {"type": "LineString", "coordinates": [[2.3736328, 6.3857316], [2.3736743, 6.3858028]]}, "properties": {"kind": "single_owner", "winner": "Kouhounou", "color": "#dcca40", "length_m": 9.1, "virtual": false}}, {"type": "Feature", "geometry": {"type": "LineString", "coordinates": [[2.3555482, 6.3893116], [2.3553061, 6.3893295]]}, "properties": {"kind": "single_owner", "winner": "Mènontin", "color": "#93d64b", "length_m": 26.9, "virtual": false}}, {"type": "Feature", "geometry": {"type": "LineString", "coordinates": [[2.3555482, 6.3893116], [2.3557869, 6.3893075]]}, "properties": {"kind": "single_owner", "winner": "Mènontin", "color": "#93d64b", "length_m": 26.4, "virtual": false}}, {"type": "Feature", "geometry": {"type": "LineString", "coordinates": [[2.3553061, 6.3893295], [2.3551378, 6.3893535]]}, "properties": {"kind": "single_owner", "winner": "Mènontin", "color": "#93d64b", "length_m": 18.8, "virtual": false}}, {"type": "Feature", "geometry": {"type": "LineString", "coordinates": [[2.3551378, 6.3893535], [2.355111, 6.3892742]]}, "properties": {"kind": "single_owner", "winner": "Mènontin", "color": "#93d64b", "length_m": 9.3, "virtual": true}}, {"type": "Feature", "geometry": {"type": "LineString", "coordinates": [[2.3946145, 6.3671337], [2.3946554, 6.3670037]]}, "properties": {"kind": "single_owner", "winner": "Houéyihô", "color": "#3edc5e", "length_m": 15.1, "virtual": false}}, {"type": "Feature", "geometry": {"type": "LineString", "coordinates": [[2.3752499, 6.3531823], [2.3751774, 6.353813]]}, "properties": {"kind": "single_owner", "winner": "Fiyégnon-Jacquot", "color": "#dc3e9a", "length_m": 70.2, "virtual": false}}, {"type": "Feature", "geometry": {"type": "LineString", "coordinates": [[2.3752499, 6.3531823], [2.3768171, 6.3543522]]}, "properties": {"kind": "single_owner", "winner": "Fiyégnon-Jacquot", "color": "#dc3e9a", "length_m": 216.3, "virtual": false}}, {"type": "Feature", "geometry": {"type": "LineString", "coordinates": [[2.3768171, 6.3543522], [2.3770714, 6.354542]]}, "properties": {"kind": "single_owner", "winner": "Fiyégnon-Jacquot", "color": "#dc3e9a", "length_m": 35.1, "virtual": false}}, {"type": "Feature", "geometry": {"type": "LineString", "coordinates": [[2.3768171, 6.3543522], [2.3767242, 6.3549759]]}, "properties": {"kind": "single_owner", "winner": "Fiyégnon-Jacquot", "color": "#dc3e9a", "length_m": 69.7, "virtual": false}}, {"type": "Feature", "geometry": {"type": "LineString", "coordinates": [[2.3770714, 6.354542], [2.3773439, 6.3547455]]}, "properties": {"kind": "single_owner", "winner": "Fiyégnon-Jacquot", "color": "#dc3e9a", "length_m": 37.6, "virtual": false}}, {"type": "Feature", "geometry": {"type": "LineString", "coordinates": [[2.3773439, 6.3547455], [2.3772968, 6.3550127]]}, "properties": {"kind": "single_owner", "winner": "Fiyégnon-Jacquot", "color": "#dc3e9a", "length_m": 30.0, "virtual": false}}, {"type": "Feature", "geometry": {"type": "LineString", "coordinates": [[2.3778552, 6.3551272], [2.3783321, 6.3554832]]}, "properties": {"kind": "single_owner", "winner": "Fidjrossè-Centre", "color": "#d77c47", "length_m": 65.8, "virtual": false}}, {"type": "Feature", "geometry": {"type": "LineString", "coordinates": [[2.3778552, 6.3551272], [2.3778038, 6.3554046]]}, "properties": {"kind": "single_owner", "winner": "Fidjrossè-Centre", "color": "#d77c47", "length_m": 31.2, "virtual": false}}, {"type": "Feature", "geometry": {"type": "LineString", "coordinates": [[2.3783321, 6.3554832], [2.3789826, 6.3559688]]}, "properties": {"kind": "single_owner", "winner": "Fidjrossè-Centre", "color": "#d77c47", "length_m": 89.8, "virtual": false}}, {"type": "Feature", "geometry": {"type": "LineString", "coordinates": [[2.3783321, 6.3554832], [2.3782651, 6.3558578]]}, "properties": {"kind": "single_owner", "winner": "Fidjrossè-Centre", "color": "#d77c47", "length_m": 42.1, "virtual": false}}, {"type": "Feature", "geometry": {"type": "LineString", "coordinates": [[2.3789826, 6.3559688], [2.3786489, 6.3561481]]}, "properties": {"kind": "single_owner", "winner": "Fidjrossè-Centre", "color": "#d77c47", "length_m": 41.9, "virtual": false}}, {"type": "Feature", "geometry": {"type": "LineString", "coordinates": [[2.3793175, 6.3562188], [2.3792025, 6.356355]]}, "properties": {"kind": "single_owner", "winner": "Aïbatin-Dodo", "color": "#e05a40", "length_m": 19.7, "virtual": false}}, {"type": "Feature", "geometry": {"type": "LineString", "coordinates": [[2.396956, 6.3627013], [2.3953836, 6.3654416]]}, "properties": {"kind": "single_owner", "winner": "Cadjèhoun-Azalokogon", "color": "#d951d0", "length_m": 349.3, "virtual": false}}, {"type": "Feature", "geometry": {"type": "LineString", "coordinates": [[2.3953836, 6.3654416], [2.3955697, 6.3655947]]}, "properties": {"kind": "single_owner", "winner": "Cadjèhoun-Azalokogon", "color": "#d951d0", "length_m": 26.7, "virtual": false}}, {"type": "Feature", "geometry": {"type": "LineString", "coordinates": [[2.3952306, 6.3657256], [2.395108, 6.3659274]]}, "properties": {"kind": "single_owner", "winner": "Houéyihô", "color": "#3edc5e", "length_m": 26.1, "virtual": false}}, {"type": "Feature", "geometry": {"type": "LineString", "coordinates": [[2.395108, 6.3659274], [2.3950303, 6.3660787]]}, "properties": {"kind": "single_owner", "winner": "Houéyihô", "color": "#3edc5e", "length_m": 18.8, "virtual": false}}, {"type": "Feature", "geometry": {"type": "LineString", "coordinates": [[2.3950303, 6.3660787], [2.3949332, 6.3662753]]}, "properties": {"kind": "single_owner", "winner": "Houéyihô", "color": "#3edc5e", "length_m": 24.2, "virtual": false}}, {"type": "Feature", "geometry": {"type": "LineString", "coordinates": [[2.3949332, 6.3662753], [2.3948579, 6.3664499]]}, "properties": {"kind": "single_owner", "winner": "Houéyihô", "color": "#3edc5e", "length_m": 21.0, "virtual": false}}, {"type": "Feature", "geometry": {"type": "LineString", "coordinates": [[2.3948579, 6.3664499], [2.3947737, 6.3666783]]}, "properties": {"kind": "single_owner", "winner": "Houéyihô", "color": "#3edc5e", "length_m": 26.9, "virtual": false}}, {"type": "Feature", "geometry": {"type": "LineString", "coordinates": [[2.3947737, 6.3666783], [2.3947138, 6.3668338]]}, "properties": {"kind": "single_owner", "winner": "Houéyihô", "color": "#3edc5e", "length_m": 18.4, "virtual": false}}, {"type": "Feature", "geometry": {"type": "LineString", "coordinates": [[2.3947138, 6.3668338], [2.3946554, 6.3670037]]}, "properties": {"kind": "single_owner", "winner": "Houéyihô", "color": "#3edc5e", "length_m": 19.9, "virtual": false}}, {"type": "Feature", "geometry": {"type": "LineString", "coordinates": [[2.3840747, 6.3860148], [2.3841738, 6.3861295]]}, "properties": {"kind": "single_owner", "winner": "Kouhounou", "color": "#dcca40", "length_m": 16.8, "virtual": false}}, {"type": "Feature", "geometry": {"type": "LineString", "coordinates": [[2.3840747, 6.3860148], [2.383838, 6.3857929]]}, "properties": {"kind": "single_owner", "winner": "Kouhounou", "color": "#dcca40", "length_m": 35.9, "virtual": false}}, {"type": "Feature", "geometry": {"type": "LineString", "coordinates": [[2.3841738, 6.3861295], [2.3838957, 6.3865516]]}, "properties": {"kind": "single_owner", "winner": "Kouhounou", "color": "#dcca40", "length_m": 55.9, "virtual": false}}, {"type": "Feature", "geometry": {"type": "LineString", "coordinates": [[2.3866216, 6.3890743], [2.3867523, 6.3892295]]}, "properties": {"kind": "single_owner", "winner": "Zogbo", "color": "#88d14f", "length_m": 22.4, "virtual": false}}, {"type": "Feature", "geometry": {"type": "LineString", "coordinates": [[2.3866216, 6.3890743], [2.3871234, 6.3887958]]}, "properties": {"kind": "single_owner", "winner": "Zogbo", "color": "#88d14f", "length_m": 63.5, "virtual": false}}, {"type": "Feature", "geometry": {"type": "LineString", "coordinates": [[2.3867523, 6.3892295], [2.3870212, 6.3895154]]}, "properties": {"kind": "single_owner", "winner": "Zogbo", "color": "#88d14f", "length_m": 43.4, "virtual": false}}, {"type": "Feature", "geometry": {"type": "LineString", "coordinates": [[2.3870212, 6.3895154], [2.3874785, 6.3899446]]}, "properties": {"kind": "single_owner", "winner": "Zogbo", "color": "#88d14f", "length_m": 69.4, "virtual": false}}, {"type": "Feature", "geometry": {"type": "LineString", "coordinates": [[2.3874785, 6.3899446], [2.3876207, 6.3900565]]}, "properties": {"kind": "single_owner", "winner": "Zogbo", "color": "#88d14f", "length_m": 20.0, "virtual": false}}, {"type": "Feature", "geometry": {"type": "LineString", "coordinates": [[2.3874785, 6.3899446], [2.3866692, 6.3899562]]}, "properties": {"kind": "single_owner", "winner": "Zogbo", "color": "#88d14f", "length_m": 89.5, "virtual": false}}, {"type": "Feature", "geometry": {"type": "LineString", "coordinates": [[2.3876207, 6.3900565], [2.3877434, 6.3901445]]}, "properties": {"kind": "single_owner", "winner": "Zogbo", "color": "#88d14f", "length_m": 16.7, "virtual": false}}, {"type": "Feature", "geometry": {"type": "LineString", "coordinates": [[2.3877434, 6.3901445], [2.3878768, 6.3902351]]}, "properties": {"kind": "single_owner", "winner": "Zogbo", "color": "#88d14f", "length_m": 17.8, "virtual": false}}, {"type": "Feature", "geometry": {"type": "LineString", "coordinates": [[2.3878768, 6.3902351], [2.3880092, 6.3903189]]}, "properties": {"kind": "single_owner", "winner": "Zogbo", "color": "#88d14f", "length_m": 17.3, "virtual": false}}, {"type": "Feature", "geometry": {"type": "LineString", "coordinates": [[2.3880092, 6.3903189], [2.3884393, 6.3905354]]}, "properties": {"kind": "single_owner", "winner": "Zogbo", "color": "#88d14f", "length_m": 53.3, "virtual": false}}, {"type": "Feature", "geometry": {"type": "LineString", "coordinates": [[2.3880092, 6.3903189], [2.3879751, 6.3905055]]}, "properties": {"kind": "single_owner", "winner": "Zogbo", "color": "#88d14f", "length_m": 21.0, "virtual": false}}, {"type": "Feature", "geometry": {"type": "LineString", "coordinates": [[2.3932807, 6.3908575], [2.3941771, 6.3908466]]}, "properties": {"kind": "single_owner", "winner": "Zogbo", "color": "#88d14f", "length_m": 99.2, "virtual": false}}, {"type": "Feature", "geometry": {"type": "LineString", "coordinates": [[2.3941771, 6.3908466], [2.3942913, 6.3914316]]}, "properties": {"kind": "single_owner", "winner": "Zogbo", "color": "#88d14f", "length_m": 65.9, "virtual": false}}, {"type": "Feature", "geometry": {"type": "LineString", "coordinates": [[2.3941771, 6.3908466], [2.3944906, 6.3908401]]}, "properties": {"kind": "single_owner", "winner": "Zogbo", "color": "#88d14f", "length_m": 34.7, "virtual": false}}, {"type": "Feature", "geometry": {"type": "LineString", "coordinates": [[2.3944906, 6.3908401], [2.3953634, 6.3908152]]}, "properties": {"kind": "single_owner", "winner": "Zogbo", "color": "#88d14f", "length_m": 96.6, "virtual": false}}, {"type": "Feature", "geometry": {"type": "LineString", "coordinates": [[2.3944906, 6.3908401], [2.3944597, 6.3903573]]}, "properties": {"kind": "single_owner", "winner": "Zogbo", "color": "#88d14f", "length_m": 53.5, "virtual": false}}, {"type": "Feature", "geometry": {"type": "LineString", "coordinates": [[2.390074, 6.3773856], [2.3900976, 6.3774586]]}, "properties": {"kind": "single_owner", "winner": "Houéyihô-Tannou", "color": "#db9443", "length_m": 8.5, "virtual": false}}, {"type": "Feature", "geometry": {"type": "LineString", "coordinates": [[2.3900976, 6.3774586], [2.3900992, 6.3775238]]}, "properties": {"kind": "single_owner", "winner": "Houéyihô-Tannou", "color": "#db9443", "length_m": 7.2, "virtual": false}}, {"type": "Feature", "geometry": {"type": "LineString", "coordinates": [[2.3840569, 6.3847295], [2.383609, 6.3851059]]}, "properties": {"kind": "single_owner", "winner": "Kouhounou", "color": "#dcca40", "length_m": 64.7, "virtual": false}}, {"type": "Feature", "geometry": {"type": "LineString", "coordinates": [[2.383609, 6.3851059], [2.3834761, 6.3849808]]}, "properties": {"kind": "single_owner", "winner": "Kouhounou", "color": "#dcca40", "length_m": 20.2, "virtual": false}}, {"type": "Feature", "geometry": {"type": "LineString", "coordinates": [[2.3900163, 6.3775327], [2.3899016, 6.3774439]]}, "properties": {"kind": "single_owner", "winner": "Houéyihô-Tannou", "color": "#db9443", "length_m": 16.0, "virtual": false}}, {"type": "Feature", "geometry": {"type": "LineString", "coordinates": [[2.3899016, 6.3774439], [2.3897328, 6.3773214]]}, "properties": {"kind": "single_owner", "winner": "Houéyihô-Tannou", "color": "#db9443", "length_m": 23.1, "virtual": false}}, {"type": "Feature", "geometry": {"type": "LineString", "coordinates": [[2.3894392, 6.3803085], [2.3891978, 6.3802925]]}, "properties": {"kind": "single_owner", "winner": "Védokô", "color": "#3dd9d3", "length_m": 26.8, "virtual": false}}, {"type": "Feature", "geometry": {"type": "LineString", "coordinates": [[2.3891978, 6.3802925], [2.3890087, 6.3802526]]}, "properties": {"kind": "single_owner", "winner": "Védokô", "color": "#3dd9d3", "length_m": 21.4, "virtual": false}}, {"type": "Feature", "geometry": {"type": "LineString", "coordinates": [[2.383838, 6.3857929], [2.3833836, 6.3860061]]}, "properties": {"kind": "single_owner", "winner": "Kouhounou", "color": "#dcca40", "length_m": 55.5, "virtual": false}}, {"type": "Feature", "geometry": {"type": "LineString", "coordinates": [[2.383838, 6.3857929], [2.3837703, 6.385743]]}, "properties": {"kind": "single_owner", "winner": "Kouhounou", "color": "#dcca40", "length_m": 9.3, "virtual": false}}, {"type": "Feature", "geometry": {"type": "LineString", "coordinates": [[2.3837703, 6.385743], [2.3836804, 6.3856804]]}, "properties": {"kind": "single_owner", "winner": "Kouhounou", "color": "#dcca40", "length_m": 12.1, "virtual": false}}, {"type": "Feature", "geometry": {"type": "LineString", "coordinates": [[2.3836804, 6.3856804], [2.3834924, 6.385557]]}, "properties": {"kind": "single_owner", "winner": "Kouhounou", "color": "#dcca40", "length_m": 24.9, "virtual": false}}, {"type": "Feature", "geometry": {"type": "LineString", "coordinates": [[2.3834924, 6.385557], [2.3834029, 6.3855084]]}, "properties": {"kind": "single_owner", "winner": "Kouhounou", "color": "#dcca40", "length_m": 11.3, "virtual": false}}, {"type": "Feature", "geometry": {"type": "LineString", "coordinates": [[2.3834029, 6.3855084], [2.3831722, 6.3853813]]}, "properties": {"kind": "single_owner", "winner": "Kouhounou", "color": "#dcca40", "length_m": 29.1, "virtual": false}}, {"type": "Feature", "geometry": {"type": "LineString", "coordinates": [[2.3831722, 6.3853813], [2.3821495, 6.3849185]]}, "properties": {"kind": "single_owner", "winner": "Kouhounou", "color": "#dcca40", "length_m": 124.2, "virtual": false}}, {"type": "Feature", "geometry": {"type": "LineString", "coordinates": [[2.3831722, 6.3853813], [2.3834761, 6.3849808]]}, "properties": {"kind": "single_owner", "winner": "Kouhounou", "color": "#dcca40", "length_m": 55.6, "virtual": false}}, {"type": "Feature", "geometry": {"type": "LineString", "coordinates": [[2.402393, 6.3887922], [2.4021803, 6.3891416]]}, "properties": {"kind": "single_owner", "winner": "Fifadji", "color": "#a24aca", "length_m": 45.2, "virtual": false}}, {"type": "Feature", "geometry": {"type": "LineString", "coordinates": [[2.402393, 6.3887922], [2.402141, 6.3890581]]}, "properties": {"kind": "single_owner", "winner": "Fifadji", "color": "#a24aca", "length_m": 40.5, "virtual": false}}, {"type": "Feature", "geometry": {"type": "LineString", "coordinates": [[2.402393, 6.3887922], [2.4026825, 6.388409]]}, "properties": {"kind": "single_owner", "winner": "Fifadji", "color": "#a24aca", "length_m": 53.1, "virtual": false}}, {"type": "Feature", "geometry": {"type": "LineString", "coordinates": [[2.4021803, 6.3891416], [2.4019566, 6.3894433]]}, "properties": {"kind": "single_owner", "winner": "Fifadji", "color": "#a24aca", "length_m": 41.5, "virtual": false}}, {"type": "Feature", "geometry": {"type": "LineString", "coordinates": [[2.4019566, 6.3894433], [2.4018091, 6.3896472]]}, "properties": {"kind": "single_owner", "winner": "Fifadji", "color": "#a24aca", "length_m": 27.8, "virtual": false}}, {"type": "Feature", "geometry": {"type": "LineString", "coordinates": [[2.3834761, 6.3849808], [2.3827882, 6.384295]]}, "properties": {"kind": "single_owner", "winner": "Kouhounou", "color": "#dcca40", "length_m": 107.4, "virtual": false}}, {"type": "Feature", "geometry": {"type": "LineString", "coordinates": [[2.385379, 6.3825111], [2.3848432, 6.3821131]]}, "properties": {"kind": "single_owner", "winner": "Sètôvi", "color": "#da4a4f", "length_m": 73.8, "virtual": false}}, {"type": "Feature", "geometry": {"type": "LineString", "coordinates": [[2.3848432, 6.3821131], [2.3846863, 6.3823977]]}, "properties": {"kind": "single_owner", "winner": "Sètôvi", "color": "#da4a4f", "length_m": 35.9, "virtual": false}}, {"type": "Feature", "geometry": {"type": "LineString", "coordinates": [[2.3848432, 6.3821131], [2.3845712, 6.3818648]]}, "properties": {"kind": "single_owner", "winner": "Sètôvi", "color": "#da4a4f", "length_m": 40.7, "virtual": false}}, {"type": "Feature", "geometry": {"type": "LineString", "coordinates": [[2.3845058, 6.3836052], [2.3842907, 6.3829715]]}, "properties": {"kind": "single_owner", "winner": "Sètôvi", "color": "#da4a4f", "length_m": 74.0, "virtual": false}}, {"type": "Feature", "geometry": {"type": "LineString", "coordinates": [[2.384424, 6.3837206], [2.3842355, 6.3839817]]}, "properties": {"kind": "single_owner", "winner": "Sètôvi", "color": "#da4a4f", "length_m": 35.6, "virtual": false}}, {"type": "Feature", "geometry": {"type": "LineString", "coordinates": [[2.3842355, 6.3839817], [2.3841793, 6.3840596]]}, "properties": {"kind": "single_owner", "winner": "Sètôvi", "color": "#da4a4f", "length_m": 10.6, "virtual": false}}, {"type": "Feature", "geometry": {"type": "LineString", "coordinates": [[2.3841793, 6.3840596], [2.3841297, 6.3841283]]}, "properties": {"kind": "single_owner", "winner": "Sètôvi", "color": "#da4a4f", "length_m": 9.4, "virtual": false}}, {"type": "Feature", "geometry": {"type": "LineString", "coordinates": [[2.3841297, 6.3841283], [2.3838629, 6.3844571]]}, "properties": {"kind": "single_owner", "winner": "Sètôvi", "color": "#da4a4f", "length_m": 46.8, "virtual": false}}, {"type": "Feature", "geometry": {"type": "LineString", "coordinates": [[2.4170056, 6.3654783], [2.417581, 6.3649905]]}, "properties": {"kind": "single_owner", "winner": "Saint-Jean-Gbèdiga", "color": "#86d648", "length_m": 83.4, "virtual": false}}, {"type": "Feature", "geometry": {"type": "LineString", "coordinates": [[2.4170056, 6.3654783], [2.4164048, 6.3659934]]}, "properties": {"kind": "single_owner", "winner": "Saint-Jean-Gbèdiga", "color": "#86d648", "length_m": 87.5, "virtual": false}}, {"type": "Feature", "geometry": {"type": "LineString", "coordinates": [[2.4164048, 6.3659934], [2.415816, 6.3665032]]}, "properties": {"kind": "single_owner", "winner": "Saint-Jean-Gbèdiga", "color": "#86d648", "length_m": 86.1, "virtual": false}}, {"type": "Feature", "geometry": {"type": "LineString", "coordinates": [[2.4223086, 6.3737548], [2.4227311, 6.3732177]]}, "properties": {"kind": "single_owner", "winner": "Fignon-Sikê", "color": "#de4cd6", "length_m": 75.6, "virtual": false}}, {"type": "Feature", "geometry": {"type": "LineString", "coordinates": [[2.4223086, 6.3737548], [2.4236924, 6.3748309]]}, "properties": {"kind": "single_owner", "winner": "Fignon-Sikê", "color": "#de4cd6", "length_m": 193.9, "virtual": false}}, {"type": "Feature", "geometry": {"type": "LineString", "coordinates": [[2.4236924, 6.3748309], [2.4237872, 6.3749156]]}, "properties": {"kind": "single_owner", "winner": "Fignon-Sikê", "color": "#de4cd6", "length_m": 14.1, "virtual": false}}, {"type": "Feature", "geometry": {"type": "LineString", "coordinates": [[2.4236924, 6.3748309], [2.4241026, 6.37431]]}, "properties": {"kind": "single_owner", "winner": "Fignon-Sikê", "color": "#de4cd6", "length_m": 73.3, "virtual": false}}, {"type": "Feature", "geometry": {"type": "LineString", "coordinates": [[2.4237872, 6.3749156], [2.4241245, 6.3744854]]}, "properties": {"kind": "single_owner", "winner": "Fignon-Sikê", "color": "#de4cd6", "length_m": 60.4, "virtual": false}}, {"type": "Feature", "geometry": {"type": "LineString", "coordinates": [[2.4050422, 6.3753796], [2.4059282, 6.3760788]]}, "properties": {"kind": "single_owner", "winner": "Agontinkon", "color": "#db5a43", "length_m": 124.8, "virtual": false}}, {"type": "Feature", "geometry": {"type": "LineString", "coordinates": [[2.4050422, 6.3753796], [2.4049446, 6.3753123]]}, "properties": {"kind": "single_owner", "winner": "Agontinkon", "color": "#db5a43", "length_m": 13.1, "virtual": false}}, {"type": "Feature", "geometry": {"type": "LineString", "coordinates": [[2.4054158, 6.3748894], [2.4053353, 6.374956]]}, "properties": {"kind": "single_owner", "winner": "Agontinkon", "color": "#db5a43", "length_m": 11.6, "virtual": false}}, {"type": "Feature", "geometry": {"type": "LineString", "coordinates": [[2.4054158, 6.3748894], [2.4059554, 6.3745387]]}, "properties": {"kind": "single_owner", "winner": "Agontinkon", "color": "#db5a43", "length_m": 71.2, "virtual": false}}, {"type": "Feature", "geometry": {"type": "LineString", "coordinates": [[2.3968629, 6.3859402], [2.3970819, 6.3857257]]}, "properties": {"kind": "single_owner", "winner": "Gbénonkpô", "color": "#dc8c41", "length_m": 33.9, "virtual": false}}, {"type": "Feature", "geometry": {"type": "LineString", "coordinates": [[2.3968629, 6.3859402], [2.3966959, 6.3860102]]}, "properties": {"kind": "single_owner", "winner": "Gbénonkpô", "color": "#dc8c41", "length_m": 20.0, "virtual": false}}, {"type": "Feature", "geometry": {"type": "LineString", "coordinates": [[2.3970819, 6.3857257], [2.3972524, 6.3855728]]}, "properties": {"kind": "single_owner", "winner": "Gbénonkpô", "color": "#dc8c41", "length_m": 25.3, "virtual": false}}, {"type": "Feature", "geometry": {"type": "LineString", "coordinates": [[2.3970819, 6.3857257], [2.3972459, 6.3862367]]}, "properties": {"kind": "single_owner", "winner": "Gbénonkpô", "color": "#dc8c41", "length_m": 59.3, "virtual": false}}, {"type": "Feature", "geometry": {"type": "LineString", "coordinates": [[2.3972524, 6.3855728], [2.3976285, 6.3851529]]}, "properties": {"kind": "single_owner", "winner": "Gbénonkpô", "color": "#dc8c41", "length_m": 62.3, "virtual": false}}, {"type": "Feature", "geometry": {"type": "LineString", "coordinates": [[2.3972524, 6.3855728], [2.3983608, 6.3862256]]}, "properties": {"kind": "single_owner", "winner": "Gbénonkpô", "color": "#dc8c41", "length_m": 142.3, "virtual": false}}, {"type": "Feature", "geometry": {"type": "LineString", "coordinates": [[2.3976285, 6.3851529], [2.3980146, 6.3847406]]}, "properties": {"kind": "single_owner", "winner": "Gbénonkpô", "color": "#dc8c41", "length_m": 62.5, "virtual": false}}, {"type": "Feature", "geometry": {"type": "LineString", "coordinates": [[2.3976285, 6.3851529], [2.3988058, 6.3858352]]}, "properties": {"kind": "single_owner", "winner": "Gbénonkpô", "color": "#dc8c41", "length_m": 150.5, "virtual": false}}, {"type": "Feature", "geometry": {"type": "LineString", "coordinates": [[2.3875961, 6.3885255], [2.3871234, 6.3887958]]}, "properties": {"kind": "single_owner", "winner": "Zogbo", "color": "#88d14f", "length_m": 60.2, "virtual": false}}, {"type": "Feature", "geometry": {"type": "LineString", "coordinates": [[2.3875961, 6.3885255], [2.3881342, 6.3882224]]}, "properties": {"kind": "single_owner", "winner": "Zogbo", "color": "#88d14f", "length_m": 68.3, "virtual": false}}, {"type": "Feature", "geometry": {"type": "LineString", "coordinates": [[2.3875961, 6.3885255], [2.3886307, 6.3896797]]}, "properties": {"kind": "single_owner", "winner": "Zogbo", "color": "#88d14f", "length_m": 171.4, "virtual": false}}, {"type": "Feature", "geometry": {"type": "LineString", "coordinates": [[2.3886307, 6.3896797], [2.3884642, 6.3898412]]}, "properties": {"kind": "single_owner", "winner": "Zogbo", "color": "#88d14f", "length_m": 25.7, "virtual": false}}, {"type": "Feature", "geometry": {"type": "LineString", "coordinates": [[2.3886307, 6.3896797], [2.38867, 6.3896419]]}, "properties": {"kind": "single_owner", "winner": "Zogbo", "color": "#88d14f", "length_m": 6.0, "virtual": false}}, {"type": "Feature", "geometry": {"type": "LineString", "coordinates": [[2.3888633, 6.3883297], [2.3893599, 6.3889995]]}, "properties": {"kind": "single_owner", "winner": "Zogbo", "color": "#88d14f", "length_m": 92.2, "virtual": false}}, {"type": "Feature", "geometry": {"type": "LineString", "coordinates": [[2.3893599, 6.3889995], [2.3889666, 6.3893566]]}, "properties": {"kind": "single_owner", "winner": "Zogbo", "color": "#88d14f", "length_m": 58.7, "virtual": false}}, {"type": "Feature", "geometry": {"type": "LineString", "coordinates": [[2.3871234, 6.3887958], [2.3879576, 6.389505]]}, "properties": {"kind": "single_owner", "winner": "Zogbo", "color": "#88d14f", "length_m": 121.1, "virtual": false}}, {"type": "Feature", "geometry": {"type": "LineString", "coordinates": [[2.3879576, 6.389505], [2.3884642, 6.3898412]]}, "properties": {"kind": "single_owner", "winner": "Zogbo", "color": "#88d14f", "length_m": 67.2, "virtual": false}}, {"type": "Feature", "geometry": {"type": "LineString", "coordinates": [[2.3884642, 6.3898412], [2.3887324, 6.3900192]]}, "properties": {"kind": "single_owner", "winner": "Zogbo", "color": "#88d14f", "length_m": 35.6, "virtual": false}}, {"type": "Feature", "geometry": {"type": "LineString", "coordinates": [[2.3887324, 6.3900192], [2.388919, 6.3901914]]}, "properties": {"kind": "single_owner", "winner": "Zogbo", "color": "#88d14f", "length_m": 28.1, "virtual": false}}, {"type": "Feature", "geometry": {"type": "LineString", "coordinates": [[2.387948, 6.3880043], [2.3881342, 6.3882224]]}, "properties": {"kind": "single_owner", "winner": "Zogbo", "color": "#88d14f", "length_m": 31.7, "virtual": false}}, {"type": "Feature", "geometry": {"type": "LineString", "coordinates": [[2.3881342, 6.3882224], [2.3886278, 6.3888144]]}, "properties": {"kind": "single_owner", "winner": "Zogbo", "color": "#88d14f", "length_m": 85.2, "virtual": false}}, {"type": "Feature", "geometry": {"type": "LineString", "coordinates": [[2.3886278, 6.3888144], [2.3889666, 6.3893566]]}, "properties": {"kind": "single_owner", "winner": "Zogbo", "color": "#88d14f", "length_m": 70.7, "virtual": false}}, {"type": "Feature", "geometry": {"type": "LineString", "coordinates": [[2.3889666, 6.3893566], [2.388718, 6.3895957]]}, "properties": {"kind": "single_owner", "winner": "Zogbo", "color": "#88d14f", "length_m": 38.1, "virtual": false}}, {"type": "Feature", "geometry": {"type": "LineString", "coordinates": [[2.38867, 6.3896419], [2.388718, 6.3895957]]}, "properties": {"kind": "single_owner", "winner": "Zogbo", "color": "#88d14f", "length_m": 7.4, "virtual": false}}, {"type": "Feature", "geometry": {"type": "LineString", "coordinates": [[2.3931034, 6.3895628], [2.3934531, 6.3896266]]}, "properties": {"kind": "single_owner", "winner": "Zogbo", "color": "#88d14f", "length_m": 39.3, "virtual": false}}, {"type": "Feature", "geometry": {"type": "LineString", "coordinates": [[2.3931034, 6.3895628], [2.3922981, 6.3895354]]}, "properties": {"kind": "single_owner", "winner": "Zogbo", "color": "#88d14f", "length_m": 89.1, "virtual": false}}, {"type": "Feature", "geometry": {"type": "LineString", "coordinates": [[2.3934531, 6.3896266], [2.393851, 6.3897205]]}, "properties": {"kind": "single_owner", "winner": "Zogbo", "color": "#88d14f", "length_m": 45.2, "virtual": false}}, {"type": "Feature", "geometry": {"type": "LineString", "coordinates": [[2.3923018, 6.3901102], [2.3922981, 6.3895354]]}, "properties": {"kind": "single_owner", "winner": "Zogbo", "color": "#88d14f", "length_m": 63.5, "virtual": false}}, {"type": "Feature", "geometry": {"type": "LineString", "coordinates": [[2.3923018, 6.3901102], [2.3944597, 6.3903573]]}, "properties": {"kind": "single_owner", "winner": "Zogbo", "color": "#88d14f", "length_m": 240.3, "virtual": false}}, {"type": "Feature", "geometry": {"type": "LineString", "coordinates": [[2.3944597, 6.3903573], [2.3955911, 6.3904966]]}, "properties": {"kind": "single_owner", "winner": "Zogbo", "color": "#88d14f", "length_m": 126.1, "virtual": false}}, {"type": "Feature", "geometry": {"type": "LineString", "coordinates": [[2.3944597, 6.3903573], [2.394521, 6.3898004]]}, "properties": {"kind": "single_owner", "winner": "Zogbo", "color": "#88d14f", "length_m": 61.9, "virtual": false}}, {"type": "Feature", "geometry": {"type": "LineString", "coordinates": [[2.3955911, 6.3904966], [2.3954816, 6.3908158]]}, "properties": {"kind": "single_owner", "winner": "Zogbo", "color": "#88d14f", "length_m": 37.3, "virtual": false}}, {"type": "Feature", "geometry": {"type": "LineString", "coordinates": [[2.394521, 6.3898004], [2.393851, 6.3897205]]}, "properties": {"kind": "single_owner", "winner": "Zogbo", "color": "#88d14f", "length_m": 74.6, "virtual": false}}, {"type": "Feature", "geometry": {"type": "LineString", "coordinates": [[2.3995104, 6.3888817], [2.399296, 6.3895194]]}, "properties": {"kind": "single_owner", "winner": "Fifadji", "color": "#a24aca", "length_m": 74.4, "virtual": false}}, {"type": "Feature", "geometry": {"type": "LineString", "coordinates": [[2.3995104, 6.3888817], [2.3990868, 6.3887424]]}, "properties": {"kind": "single_owner", "winner": "Fifadji", "color": "#a24aca", "length_m": 49.3, "virtual": false}}, {"type": "Feature", "geometry": {"type": "LineString", "coordinates": [[2.3995104, 6.3888817], [2.4010853, 6.3894594]]}, "properties": {"kind": "single_owner", "winner": "Fifadji", "color": "#a24aca", "length_m": 185.6, "virtual": false}}, {"type": "Feature", "geometry": {"type": "LineString", "coordinates": [[2.399296, 6.3895194], [2.3991001, 6.3901022]]}, "properties": {"kind": "single_owner", "winner": "Fifadji", "color": "#a24aca", "length_m": 68.0, "virtual": false}}, {"type": "Feature", "geometry": {"type": "LineString", "coordinates": [[2.399296, 6.3895194], [2.4010382, 6.3901009]]}, "properties": {"kind": "single_owner", "winner": "Fifadji", "color": "#a24aca", "length_m": 203.2, "virtual": false}}, {"type": "Feature", "geometry": {"type": "LineString", "coordinates": [[2.3991001, 6.3901022], [2.3988967, 6.3907071]]}, "properties": {"kind": "single_owner", "winner": "Fifadji", "color": "#a24aca", "length_m": 70.6, "virtual": false}}, {"type": "Feature", "geometry": {"type": "LineString", "coordinates": [[2.3991001, 6.3901022], [2.3998757, 6.3903711]]}, "properties": {"kind": "single_owner", "winner": "Fifadji", "color": "#a24aca", "length_m": 90.8, "virtual": false}}, {"type": "Feature", "geometry": {"type": "LineString", "coordinates": [[2.3980692, 6.3907256], [2.3976249, 6.3907405]]}, "properties": {"kind": "single_owner", "winner": "Fifadji", "color": "#a24aca", "length_m": 49.2, "virtual": false}}, {"type": "Feature", "geometry": {"type": "LineString", "coordinates": [[2.3976249, 6.3907405], [2.3980903, 6.3918924]]}, "properties": {"kind": "single_owner", "winner": "Fifadji", "color": "#a24aca", "length_m": 137.3, "virtual": false}}, {"type": "Feature", "geometry": {"type": "LineString", "coordinates": [[2.3976249, 6.3907405], [2.3971601, 6.3907707]]}, "properties": {"kind": "single_owner", "winner": "Fifadji", "color": "#a24aca", "length_m": 51.5, "virtual": false}}, {"type": "Feature", "geometry": {"type": "LineString", "coordinates": [[2.3971601, 6.3907707], [2.396783, 6.3907822]]}, "properties": {"kind": "single_owner", "winner": "Fifadji", "color": "#a24aca", "length_m": 41.7, "virtual": false}}, {"type": "Feature", "geometry": {"type": "LineString", "coordinates": [[2.3971601, 6.3907707], [2.3976785, 6.3919858]]}, "properties": {"kind": "single_owner", "winner": "Fifadji", "color": "#a24aca", "length_m": 146.0, "virtual": false}}, {"type": "Feature", "geometry": {"type": "LineString", "coordinates": [[2.396783, 6.3907822], [2.3968954, 6.3913596]]}, "properties": {"kind": "single_owner", "winner": "Fifadji", "color": "#a24aca", "length_m": 65.0, "virtual": false}}, {"type": "Feature", "geometry": {"type": "LineString", "coordinates": [[2.396783, 6.3907822], [2.396498, 6.390784]]}, "properties": {"kind": "single_owner", "winner": "Fifadji", "color": "#a24aca", "length_m": 31.5, "virtual": false}}, {"type": "Feature", "geometry": {"type": "LineString", "coordinates": [[2.3954816, 6.3908158], [2.3953634, 6.3908152]]}, "properties": {"kind": "single_owner", "winner": "Zogbo", "color": "#88d14f", "length_m": 13.1, "virtual": false}}, {"type": "Feature", "geometry": {"type": "LineString", "coordinates": [[2.3953634, 6.3908152], [2.3953159, 6.3911841]]}, "properties": {"kind": "single_owner", "winner": "Zogbo", "color": "#88d14f", "length_m": 41.1, "virtual": false}}, {"type": "Feature", "geometry": {"type": "LineString", "coordinates": [[2.4010875, 6.389149], [2.3994554, 6.3881113]]}, "properties": {"kind": "single_owner", "winner": "Fifadji", "color": "#a24aca", "length_m": 213.9, "virtual": false}}, {"type": "Feature", "geometry": {"type": "LineString", "coordinates": [[2.3994554, 6.3881113], [2.3992816, 6.3881053]]}, "properties": {"kind": "single_owner", "winner": "Fifadji", "color": "#a24aca", "length_m": 19.2, "virtual": false}}, {"type": "Feature", "geometry": {"type": "LineString", "coordinates": [[2.3994554, 6.3881113], [2.3995163, 6.3880067]]}, "properties": {"kind": "single_owner", "winner": "Fifadji", "color": "#a24aca", "length_m": 13.4, "virtual": false}}, {"type": "Feature", "geometry": {"type": "LineString", "coordinates": [[2.3992816, 6.3881053], [2.3991394, 6.38806]]}, "properties": {"kind": "single_owner", "winner": "Fifadji", "color": "#a24aca", "length_m": 16.5, "virtual": false}}, {"type": "Feature", "geometry": {"type": "LineString", "coordinates": [[2.4016339, 6.38962], [2.401831, 6.3893955]]}, "properties": {"kind": "single_owner", "winner": "Fifadji", "color": "#a24aca", "length_m": 33.0, "virtual": false}}, {"type": "Feature", "geometry": {"type": "LineString", "coordinates": [[2.401831, 6.3893955], [2.4018659, 6.3893568]]}, "properties": {"kind": "single_owner", "winner": "Fifadji", "color": "#a24aca", "length_m": 5.8, "virtual": false}}, {"type": "Feature", "geometry": {"type": "LineString", "coordinates": [[2.4018659, 6.3893568], [2.4020311, 6.3891735]]}, "properties": {"kind": "single_owner", "winner": "Fifadji", "color": "#a24aca", "length_m": 27.3, "virtual": false}}, {"type": "Feature", "geometry": {"type": "LineString", "coordinates": [[2.4020311, 6.3891735], [2.4020483, 6.3891544]]}, "properties": {"kind": "single_owner", "winner": "Fifadji", "color": "#a24aca", "length_m": 2.8, "virtual": false}}, {"type": "Feature", "geometry": {"type": "LineString", "coordinates": [[2.4020483, 6.3891544], [2.402141, 6.3890581]]}, "properties": {"kind": "single_owner", "winner": "Fifadji", "color": "#a24aca", "length_m": 14.8, "virtual": false}}, {"type": "Feature", "geometry": {"type": "LineString", "coordinates": [[2.402141, 6.3890581], [2.4006651, 6.3881534]]}, "properties": {"kind": "single_owner", "winner": "Fifadji", "color": "#a24aca", "length_m": 191.5, "virtual": false}}, {"type": "Feature", "geometry": {"type": "LineString", "coordinates": [[2.3972459, 6.3862367], [2.3973718, 6.3866286]]}, "properties": {"kind": "single_owner", "winner": "Gbénonkpô", "color": "#dc8c41", "length_m": 45.5, "virtual": false}}, {"type": "Feature", "geometry": {"type": "LineString", "coordinates": [[2.3972459, 6.3862367], [2.3978029, 6.3865471]]}, "properties": {"kind": "single_owner", "winner": "Gbénonkpô", "color": "#dc8c41", "length_m": 70.5, "virtual": false}}, {"type": "Feature", "geometry": {"type": "LineString", "coordinates": [[2.4054402, 6.3766852], [2.4050813, 6.3771312]]}, "properties": {"kind": "single_owner", "winner": "Agontinkon", "color": "#db5a43", "length_m": 63.3, "virtual": false}}, {"type": "Feature", "geometry": {"type": "LineString", "coordinates": [[2.4047004, 6.3761029], [2.404107, 6.3763614]]}, "properties": {"kind": "single_owner", "winner": "Agontinkon", "color": "#db5a43", "length_m": 71.6, "virtual": false}}, {"type": "Feature", "geometry": {"type": "LineString", "coordinates": [[2.4066892, 6.3784029], [2.4050813, 6.3771312]]}, "properties": {"kind": "single_owner", "winner": "Agontinkon", "color": "#db5a43", "length_m": 226.7, "virtual": false}}, {"type": "Feature", "geometry": {"type": "LineString", "coordinates": [[2.4050813, 6.3771312], [2.404107, 6.3763614]]}, "properties": {"kind": "single_owner", "winner": "Agontinkon", "color": "#db5a43", "length_m": 137.3, "virtual": false}}, {"type": "Feature", "geometry": {"type": "LineString", "coordinates": [[2.4108622, 6.373166], [2.4099069, 6.3724327]]}, "properties": {"kind": "single_owner", "winner": "Agbondjèdo", "color": "#d2564b", "length_m": 133.2, "virtual": false}}, {"type": "Feature", "geometry": {"type": "LineString", "coordinates": [[2.4098058, 6.3723055], [2.4098411, 6.3723549]]}, "properties": {"kind": "single_owner", "winner": "Agbondjèdo", "color": "#d2564b", "length_m": 6.7, "virtual": false}}, {"type": "Feature", "geometry": {"type": "LineString", "coordinates": [[2.4098411, 6.3723549], [2.4099069, 6.3724327]]}, "properties": {"kind": "single_owner", "winner": "Agbondjèdo", "color": "#d2564b", "length_m": 11.3, "virtual": false}}, {"type": "Feature", "geometry": {"type": "LineString", "coordinates": [[2.4298936, 6.3827887], [2.4302294, 6.382364]]}, "properties": {"kind": "single_owner", "winner": "Djidjè", "color": "#a5d441", "length_m": 59.9, "virtual": false}}, {"type": "Feature", "geometry": {"type": "LineString", "coordinates": [[2.4298936, 6.3827887], [2.4295156, 6.3832666]]}, "properties": {"kind": "single_owner", "winner": "Djidjè", "color": "#a5d441", "length_m": 67.4, "virtual": false}}, {"type": "Feature", "geometry": {"type": "LineString", "coordinates": [[2.4295156, 6.3832666], [2.4291613, 6.3837147]]}, "properties": {"kind": "single_owner", "winner": "Djidjè", "color": "#a5d441", "length_m": 63.2, "virtual": false}}, {"type": "Feature", "geometry": {"type": "LineString", "coordinates": [[2.4230034, 6.3788503], [2.4235301, 6.3792743]]}, "properties": {"kind": "single_owner", "winner": "Aïdjèdo", "color": "#cd3fc8", "length_m": 74.8, "virtual": false}}, {"type": "Feature", "geometry": {"type": "LineString", "coordinates": [[2.4230034, 6.3788503], [2.422635, 6.3793186]]}, "properties": {"kind": "single_owner", "winner": "Aïdjèdo", "color": "#cd3fc8", "length_m": 65.9, "virtual": false}}, {"type": "Feature", "geometry": {"type": "LineString", "coordinates": [[2.4291613, 6.3837147], [2.428796, 6.3842309]]}, "properties": {"kind": "single_owner", "winner": "Djidjè", "color": "#a5d441", "length_m": 69.9, "virtual": false}}, {"type": "Feature", "geometry": {"type": "LineString", "coordinates": [[2.4242034, 6.3743848], [2.4241245, 6.3744854]]}, "properties": {"kind": "single_owner", "winner": "Fignon-Sikê", "color": "#de4cd6", "length_m": 14.1, "virtual": false}}, {"type": "Feature", "geometry": {"type": "LineString", "coordinates": [[2.4242034, 6.3743848], [2.4241026, 6.37431]]}, "properties": {"kind": "single_owner", "winner": "Fignon-Sikê", "color": "#de4cd6", "length_m": 13.9, "virtual": false}}, {"type": "Feature", "geometry": {"type": "LineString", "coordinates": [[2.423915, 6.3810816], [2.4235421, 6.3807897]]}, "properties": {"kind": "single_owner", "winner": "Aïdjèdo", "color": "#cd3fc8", "length_m": 52.4, "virtual": false}}, {"type": "Feature", "geometry": {"type": "LineString", "coordinates": [[2.4234177, 6.3753869], [2.4248391, 6.3765163]]}, "properties": {"kind": "single_owner", "winner": "Jéricho-Nord", "color": "#4ac7a3", "length_m": 200.8, "virtual": false}}, {"type": "Feature", "geometry": {"type": "LineString", "coordinates": [[2.4234177, 6.3753869], [2.4230439, 6.3758636]]}, "properties": {"kind": "single_owner", "winner": "Jéricho-Nord", "color": "#4ac7a3", "length_m": 67.0, "virtual": false}}, {"type": "Feature", "geometry": {"type": "LineString", "coordinates": [[2.4324463, 6.3825606], [2.4320755, 6.3830211]]}, "properties": {"kind": "single_owner", "winner": "Djidjè", "color": "#a5d441", "length_m": 65.4, "virtual": false}}, {"type": "Feature", "geometry": {"type": "LineString", "coordinates": [[2.4261148, 6.371755], [2.4265954, 6.3711448]]}, "properties": {"kind": "single_owner", "winner": "Jéricho-Nord", "color": "#4ac7a3", "length_m": 85.9, "virtual": false}}, {"type": "Feature", "geometry": {"type": "LineString", "coordinates": [[2.4261148, 6.371755], [2.4256376, 6.372361]]}, "properties": {"kind": "single_owner", "winner": "Jéricho-Nord", "color": "#4ac7a3", "length_m": 85.3, "virtual": false}}, {"type": "Feature", "geometry": {"type": "LineString", "coordinates": [[2.4261148, 6.371755], [2.4262085, 6.3718274]]}, "properties": {"kind": "single_owner", "winner": "Jéricho-Nord", "color": "#4ac7a3", "length_m": 13.1, "virtual": false}}, {"type": "Feature", "geometry": {"type": "LineString", "coordinates": [[2.4265954, 6.3711448], [2.4268191, 6.3708607]]}, "properties": {"kind": "single_owner", "winner": "Jéricho-Nord", "color": "#4ac7a3", "length_m": 40.0, "virtual": false}}, {"type": "Feature", "geometry": {"type": "LineString", "coordinates": [[2.4265954, 6.3711448], [2.4266843, 6.3712206]]}, "properties": {"kind": "single_owner", "winner": "Jéricho-Nord", "color": "#4ac7a3", "length_m": 12.9, "virtual": false}}, {"type": "Feature", "geometry": {"type": "LineString", "coordinates": [[2.434219, 6.3771978], [2.4337298, 6.3778129]]}, "properties": {"kind": "single_owner", "winner": "Hindé-Sud", "color": "#cb4954", "length_m": 86.9, "virtual": false}}, {"type": "Feature", "geometry": {"type": "LineString", "coordinates": [[2.4213644, 6.3721304], [2.4227311, 6.3732177]]}, "properties": {"kind": "single_owner", "winner": "Fignon-Sikê", "color": "#de4cd6", "length_m": 193.1, "virtual": false}}, {"type": "Feature", "geometry": {"type": "LineString", "coordinates": [[2.4252669, 6.3730283], [2.4257272, 6.3724412]]}, "properties": {"kind": "single_owner", "winner": "Jéricho-Nord", "color": "#4ac7a3", "length_m": 82.5, "virtual": false}}, {"type": "Feature", "geometry": {"type": "LineString", "coordinates": [[2.421509, 6.3719481], [2.4242405, 6.374135]]}, "properties": {"kind": "single_owner", "winner": "Fignon-Sikê", "color": "#de4cd6", "length_m": 387.0, "virtual": false}}, {"type": "Feature", "geometry": {"type": "LineString", "coordinates": [[2.4242405, 6.374135], [2.4241026, 6.37431]]}, "properties": {"kind": "single_owner", "winner": "Fignon-Sikê", "color": "#de4cd6", "length_m": 24.6, "virtual": false}}, {"type": "Feature", "geometry": {"type": "LineString", "coordinates": [[2.4236459, 6.3801221], [2.422635, 6.3793186]]}, "properties": {"kind": "single_owner", "winner": "Aïdjèdo", "color": "#cd3fc8", "length_m": 142.8, "virtual": false}}, {"type": "Feature", "geometry": {"type": "LineString", "coordinates": [[2.4302294, 6.382364], [2.4317106, 6.3834744]]}, "properties": {"kind": "single_owner", "winner": "Djidjè", "color": "#a5d441", "length_m": 204.7, "virtual": false}}, {"type": "Feature", "geometry": {"type": "LineString", "coordinates": [[2.4267827, 6.3891652], [2.4266717, 6.3890752]]}, "properties": {"kind": "single_owner", "winner": "Ahouansori-Towéta", "color": "#d1713e", "length_m": 15.8, "virtual": false}}, {"type": "Feature", "geometry": {"type": "LineString", "coordinates": [[2.4267827, 6.3891652], [2.4268254, 6.3896257]]}, "properties": {"kind": "single_owner", "winner": "Ahouansori-Towéta", "color": "#d1713e", "length_m": 51.1, "virtual": false}}, {"type": "Feature", "geometry": {"type": "LineString", "coordinates": [[2.4267827, 6.3891652], [2.4268692, 6.3891906]]}, "properties": {"kind": "single_owner", "winner": "Ahouansori-Towéta", "color": "#d1713e", "length_m": 10.0, "virtual": false}}, {"type": "Feature", "geometry": {"type": "LineString", "coordinates": [[2.4268254, 6.3896257], [2.4268348, 6.3899934]]}, "properties": {"kind": "single_owner", "winner": "Ahouansori-Towéta", "color": "#d1713e", "length_m": 40.7, "virtual": false}}, {"type": "Feature", "geometry": {"type": "LineString", "coordinates": [[2.4268348, 6.3899934], [2.4268238, 6.3900797]]}, "properties": {"kind": "single_owner", "winner": "Ahouansori-Towéta", "color": "#d1713e", "length_m": 9.6, "virtual": false}}, {"type": "Feature", "geometry": {"type": "LineString", "coordinates": [[2.4262204, 6.3659685], [2.4266129, 6.3654706]]}, "properties": {"kind": "single_owner", "winner": "Sèdjro-Saint-Michel", "color": "#dc53ca", "length_m": 70.1, "virtual": false}}, {"type": "Feature", "geometry": {"type": "LineString", "coordinates": [[2.4262204, 6.3659685], [2.427107, 6.3666639]]}, "properties": {"kind": "single_owner", "winner": "Sèdjro-Saint-Michel", "color": "#dc53ca", "length_m": 124.6, "virtual": false}}, {"type": "Feature", "geometry": {"type": "LineString", "coordinates": [[2.4262204, 6.3659685], [2.4258456, 6.3664555]]}, "properties": {"kind": "single_owner", "winner": "Sèdjro-Saint-Michel", "color": "#dc53ca", "length_m": 68.0, "virtual": false}}, {"type": "Feature", "geometry": {"type": "LineString", "coordinates": [[2.4320755, 6.3830211], [2.4313611, 6.382455]]}, "properties": {"kind": "single_owner", "winner": "Djidjè", "color": "#a5d441", "length_m": 100.8, "virtual": false}}, {"type": "Feature", "geometry": {"type": "LineString", "coordinates": [[2.4320755, 6.3830211], [2.4317106, 6.3834744]]}, "properties": {"kind": "single_owner", "winner": "Djidjè", "color": "#a5d441", "length_m": 64.3, "virtual": false}}, {"type": "Feature", "geometry": {"type": "LineString", "coordinates": [[2.4262085, 6.3718274], [2.4258982, 6.3722231]]}, "properties": {"kind": "single_owner", "winner": "Jéricho-Nord", "color": "#4ac7a3", "length_m": 55.6, "virtual": false}}, {"type": "Feature", "geometry": {"type": "LineString", "coordinates": [[2.4339572, 6.3789917], [2.4344037, 6.3793329]]}, "properties": {"kind": "single_owner", "winner": "Djidjè", "color": "#a5d441", "length_m": 62.1, "virtual": false}}, {"type": "Feature", "geometry": {"type": "LineString", "coordinates": [[2.4344037, 6.3793329], [2.4344208, 6.3793754]]}, "properties": {"kind": "single_owner", "winner": "Djidjè", "color": "#a5d441", "length_m": 5.1, "virtual": false}}, {"type": "Feature", "geometry": {"type": "LineString", "coordinates": [[2.4344208, 6.3793754], [2.4344151, 6.3794209]]}, "properties": {"kind": "single_owner", "winner": "Djidjè", "color": "#a5d441", "length_m": 5.1, "virtual": false}}, {"type": "Feature", "geometry": {"type": "LineString", "coordinates": [[2.3872497, 6.3797562], [2.3873283, 6.3794764]]}, "properties": {"kind": "single_owner", "winner": "Védokô", "color": "#3dd9d3", "length_m": 32.1, "virtual": false}}, {"type": "Feature", "geometry": {"type": "LineString", "coordinates": [[2.3872497, 6.3797562], [2.3862517, 6.3792923]]}, "properties": {"kind": "single_owner", "winner": "Védokô", "color": "#3dd9d3", "length_m": 121.7, "virtual": false}}, {"type": "Feature", "geometry": {"type": "LineString", "coordinates": [[2.384275, 6.3828348], [2.3842907, 6.3829715]]}, "properties": {"kind": "single_owner", "winner": "Sètôvi", "color": "#da4a4f", "length_m": 15.2, "virtual": false}}, {"type": "Feature", "geometry": {"type": "LineString", "coordinates": [[2.384275, 6.3828348], [2.3842652, 6.3827303]]}, "properties": {"kind": "single_owner", "winner": "Sètôvi", "color": "#da4a4f", "length_m": 11.6, "virtual": false}}, {"type": "Feature", "geometry": {"type": "LineString", "coordinates": [[2.384275, 6.3828348], [2.384577, 6.3825763]]}, "properties": {"kind": "single_owner", "winner": "Sètôvi", "color": "#da4a4f", "length_m": 44.0, "virtual": false}}, {"type": "Feature", "geometry": {"type": "LineString", "coordinates": [[2.3842652, 6.3827303], [2.3841928, 6.3825903]]}, "properties": {"kind": "single_owner", "winner": "Sètôvi", "color": "#da4a4f", "length_m": 17.4, "virtual": false}}, {"type": "Feature", "geometry": {"type": "LineString", "coordinates": [[2.3841928, 6.3825903], [2.3840754, 6.3824523]]}, "properties": {"kind": "single_owner", "winner": "Sètôvi", "color": "#da4a4f", "length_m": 20.0, "virtual": false}}, {"type": "Feature", "geometry": {"type": "LineString", "coordinates": [[2.4015387, 6.3711023], [2.4026893, 6.3720331]]}, "properties": {"kind": "single_owner", "winner": "Vodjè-Centre", "color": "#67cc42", "length_m": 163.7, "virtual": false}}, {"type": "Feature", "geometry": {"type": "LineString", "coordinates": [[2.4015387, 6.3711023], [2.4012583, 6.3714347]]}, "properties": {"kind": "single_owner", "winner": "Vodjè-Centre", "color": "#67cc42", "length_m": 48.1, "virtual": false}}, {"type": "Feature", "geometry": {"type": "LineString", "coordinates": [[2.3990105, 6.3681927], [2.3981047, 6.3674945]]}, "properties": {"kind": "single_owner", "winner": "Cadjèhoun-Azalokogon", "color": "#d951d0", "length_m": 126.5, "virtual": false}}, {"type": "Feature", "geometry": {"type": "LineString", "coordinates": [[2.3981047, 6.3674945], [2.3966947, 6.3664378]]}, "properties": {"kind": "single_owner", "winner": "Cadjèhoun-Azalokogon", "color": "#d951d0", "length_m": 194.9, "virtual": false}}, {"type": "Feature", "geometry": {"type": "LineString", "coordinates": [[2.3966947, 6.3664378], [2.3955697, 6.3655947]]}, "properties": {"kind": "single_owner", "winner": "Cadjèhoun-Azalokogon", "color": "#d951d0", "length_m": 155.5, "virtual": false}}, {"type": "Feature", "geometry": {"type": "LineString", "coordinates": [[2.3955697, 6.3655947], [2.3957077, 6.3653865]]}, "properties": {"kind": "single_owner", "winner": "Cadjèhoun-Azalokogon", "color": "#d951d0", "length_m": 27.6, "virtual": false}}, {"type": "Feature", "geometry": {"type": "LineString", "coordinates": [[2.4024214, 6.3688182], [2.4025887, 6.3687344]]}, "properties": {"kind": "single_owner", "winner": "Vodjè-Kpota", "color": "#cc4446", "length_m": 20.7, "virtual": false}}, {"type": "Feature", "geometry": {"type": "LineString", "coordinates": [[2.4050577, 6.3595365], [2.4050932, 6.3595538]]}, "properties": {"kind": "single_owner", "winner": "Cadjèhoun-Aupiais", "color": "#d6c34a", "length_m": 4.4, "virtual": false}}, {"type": "Feature", "geometry": {"type": "LineString", "coordinates": [[2.4050932, 6.3595538], [2.4052025, 6.3596198]]}, "properties": {"kind": "single_owner", "winner": "Cadjèhoun-Aupiais", "color": "#d6c34a", "length_m": 14.1, "virtual": false}}, {"type": "Feature", "geometry": {"type": "LineString", "coordinates": [[2.4014273, 6.3594605], [2.4014971, 6.3594405]]}, "properties": {"kind": "single_owner", "winner": "Cadjèhoun-Gare", "color": "#49cb78", "length_m": 8.0, "virtual": false}}, {"type": "Feature", "geometry": {"type": "LineString", "coordinates": [[2.4014971, 6.3594405], [2.4015796, 6.3594345]]}, "properties": {"kind": "single_owner", "winner": "Cadjèhoun-Gare", "color": "#49cb78", "length_m": 9.2, "virtual": false}}, {"type": "Feature", "geometry": {"type": "LineString", "coordinates": [[2.4151616, 6.3586501], [2.4138268, 6.3589657]]}, "properties": {"kind": "single_owner", "winner": "Gbégamey-Mifongou", "color": "#4fd575", "length_m": 151.7, "virtual": false}}, {"type": "Feature", "geometry": {"type": "LineString", "coordinates": [[2.4138268, 6.3589657], [2.4143294, 6.3593612]]}, "properties": {"kind": "single_owner", "winner": "Gbégamey-Mifongou", "color": "#4fd575", "length_m": 70.7, "virtual": false}}, {"type": "Feature", "geometry": {"type": "LineString", "coordinates": [[2.4147406, 6.3655912], [2.4143368, 6.3652797]]}, "properties": {"kind": "single_owner", "winner": "Saint-Jean-Gbèdiga", "color": "#86d648", "length_m": 56.4, "virtual": false}}, {"type": "Feature", "geometry": {"type": "LineString", "coordinates": [[2.4247412, 6.356341], [2.4246715, 6.3562419]]}, "properties": {"kind": "single_owner", "winner": "Gbèdiga-Guêdêhounguè", "color": "#abc93d", "length_m": 13.4, "virtual": false}}, {"type": "Feature", "geometry": {"type": "LineString", "coordinates": [[2.4247412, 6.356341], [2.4246713, 6.3563377]]}, "properties": {"kind": "single_owner", "winner": "Gbèdiga-Guêdêhounguè", "color": "#abc93d", "length_m": 7.7, "virtual": false}}, {"type": "Feature", "geometry": {"type": "LineString", "coordinates": [[2.4247412, 6.356341], [2.424808, 6.3563593]]}, "properties": {"kind": "single_owner", "winner": "Gbèdiga-Guêdêhounguè", "color": "#abc93d", "length_m": 7.7, "virtual": false}}, {"type": "Feature", "geometry": {"type": "LineString", "coordinates": [[2.424808, 6.3563593], [2.4248953, 6.3564029]]}, "properties": {"kind": "single_owner", "winner": "Gbèdiga-Guêdêhounguè", "color": "#abc93d", "length_m": 10.8, "virtual": false}}, {"type": "Feature", "geometry": {"type": "LineString", "coordinates": [[2.4248953, 6.3564029], [2.4249677, 6.3564616]]}, "properties": {"kind": "single_owner", "winner": "Gbèdiga-Guêdêhounguè", "color": "#abc93d", "length_m": 10.3, "virtual": false}}, {"type": "Feature", "geometry": {"type": "LineString", "coordinates": [[2.4249677, 6.3564616], [2.4250838, 6.3565716]]}, "properties": {"kind": "single_owner", "winner": "Gbèdiga-Guêdêhounguè", "color": "#abc93d", "length_m": 17.7, "virtual": false}}, {"type": "Feature", "geometry": {"type": "LineString", "coordinates": [[2.4250838, 6.3565716], [2.4250348, 6.3565687]]}, "properties": {"kind": "single_owner", "winner": "Gbèdiga-Guêdêhounguè", "color": "#abc93d", "length_m": 5.4, "virtual": false}}, {"type": "Feature", "geometry": {"type": "LineString", "coordinates": [[2.4250838, 6.3565716], [2.4253467, 6.3565426]]}, "properties": {"kind": "single_owner", "winner": "Gbèdiga-Guêdêhounguè", "color": "#abc93d", "length_m": 29.3, "virtual": false}}, {"type": "Feature", "geometry": {"type": "LineString", "coordinates": [[2.4331432, 6.36294], [2.4330516, 6.3630552]]}, "properties": {"kind": "single_owner", "winner": "Missèbô", "color": "#db4378", "length_m": 16.3, "virtual": false}}, {"type": "Feature", "geometry": {"type": "LineString", "coordinates": [[2.4331432, 6.36294], [2.433226, 6.3630039]]}, "properties": {"kind": "single_owner", "winner": "Missèbô", "color": "#db4378", "length_m": 11.6, "virtual": false}}, {"type": "Feature", "geometry": {"type": "LineString", "coordinates": [[2.4331432, 6.36294], [2.4335794, 6.3624534]]}, "properties": {"kind": "single_owner", "winner": "Missèbô", "color": "#db4378", "length_m": 72.3, "virtual": false}}, {"type": "Feature", "geometry": {"type": "LineString", "coordinates": [[2.433226, 6.3630039], [2.433641, 6.3624831]]}, "properties": {"kind": "single_owner", "winner": "Missèbô", "color": "#db4378", "length_m": 73.6, "virtual": false}}, {"type": "Feature", "geometry": {"type": "LineString", "coordinates": [[2.433226, 6.3630039], [2.4331319, 6.3631219]]}, "properties": {"kind": "single_owner", "winner": "Missèbô", "color": "#db4378", "length_m": 16.7, "virtual": false}}, {"type": "Feature", "geometry": {"type": "LineString", "coordinates": [[2.433226, 6.3630039], [2.4345097, 6.3640095]]}, "properties": {"kind": "single_owner", "winner": "Missèbô", "color": "#db4378", "length_m": 180.3, "virtual": false}}, {"type": "Feature", "geometry": {"type": "LineString", "coordinates": [[2.4247041, 6.3589213], [2.4252131, 6.3584812]]}, "properties": {"kind": "single_owner", "winner": "Zongo-Nima", "color": "#d440ad", "length_m": 74.4, "virtual": false}}, {"type": "Feature", "geometry": {"type": "LineString", "coordinates": [[2.4247041, 6.3589213], [2.4242143, 6.359335]]}, "properties": {"kind": "single_owner", "winner": "Zongo-Nima", "color": "#d440ad", "length_m": 70.9, "virtual": false}}, {"type": "Feature", "geometry": {"type": "LineString", "coordinates": [[2.4257066, 6.3596842], [2.4278119, 6.3613718]]}, "properties": {"kind": "single_owner", "winner": "Gbéto", "color": "#d46b41", "length_m": 298.4, "virtual": false}}, {"type": "Feature", "geometry": {"type": "LineString", "coordinates": [[2.4278119, 6.3613718], [2.4274267, 6.3618592]]}, "properties": {"kind": "single_owner", "winner": "Gbéto", "color": "#d46b41", "length_m": 68.7, "virtual": false}}, {"type": "Feature", "geometry": {"type": "LineString", "coordinates": [[2.4329966, 6.3603887], [2.4334666, 6.3607505]]}, "properties": {"kind": "single_owner", "winner": "Guinkômey", "color": "#bfd743", "length_m": 65.6, "virtual": false}}, {"type": "Feature", "geometry": {"type": "LineString", "coordinates": [[2.4329966, 6.3603887], [2.4333662, 6.3599272]]}, "properties": {"kind": "single_owner", "winner": "Guinkômey", "color": "#bfd743", "length_m": 65.4, "virtual": false}}, {"type": "Feature", "geometry": {"type": "LineString", "coordinates": [[2.4334666, 6.3607505], [2.4338355, 6.360281]]}, "properties": {"kind": "single_owner", "winner": "Guinkômey", "color": "#bfd743", "length_m": 66.0, "virtual": false}}, {"type": "Feature", "geometry": {"type": "LineString", "coordinates": [[2.4334666, 6.3607505], [2.4343459, 6.3614272]]}, "properties": {"kind": "single_owner", "winner": "Guinkômey", "color": "#bfd743", "length_m": 122.7, "virtual": false}}, {"type": "Feature", "geometry": {"type": "LineString", "coordinates": [[2.4256893, 6.3580565], [2.4252131, 6.3584812]]}, "properties": {"kind": "single_owner", "winner": "Zongo-Nima", "color": "#d440ad", "length_m": 70.6, "virtual": false}}, {"type": "Feature", "geometry": {"type": "LineString", "coordinates": [[2.4253043, 6.3601871], [2.4274267, 6.3618592]]}, "properties": {"kind": "single_owner", "winner": "Gbéto", "color": "#d46b41", "length_m": 298.8, "virtual": false}}, {"type": "Feature", "geometry": {"type": "LineString", "coordinates": [[2.4274267, 6.3618592], [2.4270372, 6.3623519]]}, "properties": {"kind": "single_owner", "winner": "Gbéto", "color": "#d46b41", "length_m": 69.4, "virtual": false}}, {"type": "Feature", "geometry": {"type": "LineString", "coordinates": [[2.4253808, 6.361828], [2.4249824, 6.3623132]]}, "properties": {"kind": "single_owner", "winner": "Gbéto", "color": "#d46b41", "length_m": 69.4, "virtual": false}}, {"type": "Feature", "geometry": {"type": "LineString", "coordinates": [[2.4253808, 6.361828], [2.4266496, 6.3628423]]}, "properties": {"kind": "single_owner", "winner": "Gbéto", "color": "#d46b41", "length_m": 179.6, "virtual": false}}, {"type": "Feature", "geometry": {"type": "LineString", "coordinates": [[2.4266496, 6.3628423], [2.4270372, 6.3623519]]}, "properties": {"kind": "single_owner", "winner": "Gbéto", "color": "#d46b41", "length_m": 69.1, "virtual": false}}, {"type": "Feature", "geometry": {"type": "LineString", "coordinates": [[2.43227, 6.3640384], [2.4326487, 6.363562]]}, "properties": {"kind": "single_owner", "winner": "Missèbô", "color": "#db4378", "length_m": 67.3, "virtual": false}}, {"type": "Feature", "geometry": {"type": "LineString", "coordinates": [[2.424145, 6.3616438], [2.4249824, 6.3623132]]}, "properties": {"kind": "single_owner", "winner": "Gbéto", "color": "#d46b41", "length_m": 118.6, "virtual": false}}, {"type": "Feature", "geometry": {"type": "LineString", "coordinates": [[2.4275267, 6.3643457], [2.4276411, 6.3642011]]}, "properties": {"kind": "single_owner", "winner": "Sèdjro-Saint-Michel", "color": "#dc53ca", "length_m": 20.4, "virtual": false}}, {"type": "Feature", "geometry": {"type": "LineString", "coordinates": [[2.4289321, 6.3654676], [2.4302789, 6.3665429]]}, "properties": {"kind": "single_owner", "winner": "Sèdjro-Saint-Michel", "color": "#dc53ca", "length_m": 190.6, "virtual": false}}, {"type": "Feature", "geometry": {"type": "LineString", "coordinates": [[2.4289321, 6.3654676], [2.4286903, 6.3657698]]}, "properties": {"kind": "single_owner", "winner": "Sèdjro-Saint-Michel", "color": "#dc53ca", "length_m": 42.8, "virtual": false}}, {"type": "Feature", "geometry": {"type": "LineString", "coordinates": [[2.4359055, 6.3668955], [2.4341846, 6.3655372]]}, "properties": {"kind": "single_owner", "winner": "Bocossi-Tokpa", "color": "#ce4bda", "length_m": 242.5, "virtual": false}}, {"type": "Feature", "geometry": {"type": "LineString", "coordinates": [[2.4360517, 6.365222], [2.4359447, 6.3653583]]}, "properties": {"kind": "single_owner", "winner": "Bocossi-Tokpa", "color": "#ce4bda", "length_m": 19.2, "virtual": false}}, {"type": "Feature", "geometry": {"type": "LineString", "coordinates": [[2.4360517, 6.365222], [2.4366896, 6.3657437]]}, "properties": {"kind": "single_owner", "winner": "Bocossi-Tokpa", "color": "#ce4bda", "length_m": 91.1, "virtual": false}}, {"type": "Feature", "geometry": {"type": "LineString", "coordinates": [[2.4349523, 6.3645666], [2.4354418, 6.3649491]]}, "properties": {"kind": "single_owner", "winner": "Bocossi-Tokpa", "color": "#ce4bda", "length_m": 68.7, "virtual": false}}, {"type": "Feature", "geometry": {"type": "LineString", "coordinates": [[2.4349523, 6.3645666], [2.4345662, 6.3650548]]}, "properties": {"kind": "single_owner", "winner": "Bocossi-Tokpa", "color": "#ce4bda", "length_m": 68.8, "virtual": false}}, {"type": "Feature", "geometry": {"type": "LineString", "coordinates": [[2.4345662, 6.3650548], [2.4362317, 6.3663713]]}, "properties": {"kind": "single_owner", "winner": "Bocossi-Tokpa", "color": "#ce4bda", "length_m": 234.8, "virtual": false}}, {"type": "Feature", "geometry": {"type": "LineString", "coordinates": [[2.4345662, 6.3650548], [2.4341846, 6.3655372]]}, "properties": {"kind": "single_owner", "winner": "Bocossi-Tokpa", "color": "#ce4bda", "length_m": 68.0, "virtual": false}}, {"type": "Feature", "geometry": {"type": "LineString", "coordinates": [[2.4337825, 6.3660457], [2.4328186, 6.3652983]]}, "properties": {"kind": "single_owner", "winner": "Missèbô", "color": "#db4378", "length_m": 134.9, "virtual": false}}, {"type": "Feature", "geometry": {"type": "LineString", "coordinates": [[2.4337825, 6.3660457], [2.4333996, 6.3665299]]}, "properties": {"kind": "single_owner", "winner": "Missèbô", "color": "#db4378", "length_m": 68.3, "virtual": false}}, {"type": "Feature", "geometry": {"type": "LineString", "coordinates": [[2.4006651, 6.3881534], [2.4006072, 6.388128]]}, "properties": {"kind": "single_owner", "winner": "Fifadji", "color": "#a24aca", "length_m": 7.0, "virtual": false}}, {"type": "Feature", "geometry": {"type": "LineString", "coordinates": [[2.4006651, 6.3881534], [2.4009479, 6.3881527]]}, "properties": {"kind": "single_owner", "winner": "Fifadji", "color": "#a24aca", "length_m": 31.3, "virtual": false}}, {"type": "Feature", "geometry": {"type": "LineString", "coordinates": [[2.4006072, 6.388128], [2.4005502, 6.3881084]]}, "properties": {"kind": "single_owner", "winner": "Fifadji", "color": "#a24aca", "length_m": 6.7, "virtual": false}}, {"type": "Feature", "geometry": {"type": "LineString", "coordinates": [[2.4005502, 6.3881084], [2.4000889, 6.38802]]}, "properties": {"kind": "single_owner", "winner": "Fifadji", "color": "#a24aca", "length_m": 52.0, "virtual": false}}, {"type": "Feature", "geometry": {"type": "LineString", "coordinates": [[2.4000889, 6.38802], [2.3998113, 6.3879747]]}, "properties": {"kind": "single_owner", "winner": "Fifadji", "color": "#a24aca", "length_m": 31.1, "virtual": false}}, {"type": "Feature", "geometry": {"type": "LineString", "coordinates": [[2.3998113, 6.3879747], [2.3996101, 6.3879721]]}, "properties": {"kind": "single_owner", "winner": "Fifadji", "color": "#a24aca", "length_m": 22.3, "virtual": false}}, {"type": "Feature", "geometry": {"type": "LineString", "coordinates": [[2.3996101, 6.3879721], [2.3995163, 6.3880067]]}, "properties": {"kind": "single_owner", "winner": "Fifadji", "color": "#a24aca", "length_m": 11.1, "virtual": false}}, {"type": "Feature", "geometry": {"type": "LineString", "coordinates": [[2.3969854, 6.391822], [2.396298, 6.3919025]]}, "properties": {"kind": "single_owner", "winner": "Fifadji", "color": "#a24aca", "length_m": 76.6, "virtual": false}}, {"type": "Feature", "geometry": {"type": "LineString", "coordinates": [[2.3969854, 6.391822], [2.3969352, 6.3915172]]}, "properties": {"kind": "single_owner", "winner": "Fifadji", "color": "#a24aca", "length_m": 34.1, "virtual": false}}, {"type": "Feature", "geometry": {"type": "LineString", "coordinates": [[2.3969854, 6.391822], [2.3970471, 6.3921389]]}, "properties": {"kind": "single_owner", "winner": "Fifadji", "color": "#a24aca", "length_m": 35.7, "virtual": false}}, {"type": "Feature", "geometry": {"type": "LineString", "coordinates": [[2.396298, 6.3919025], [2.3961775, 6.3923235]]}, "properties": {"kind": "single_owner", "winner": "Fifadji", "color": "#a24aca", "length_m": 48.4, "virtual": false}}, {"type": "Feature", "geometry": {"type": "LineString", "coordinates": [[2.4026558, 6.3882886], [2.4025564, 6.388223]]}, "properties": {"kind": "single_owner", "winner": "Fifadji", "color": "#a24aca", "length_m": 13.2, "virtual": false}}, {"type": "Feature", "geometry": {"type": "LineString", "coordinates": [[2.4025564, 6.388223], [2.4024883, 6.3881995]]}, "properties": {"kind": "single_owner", "winner": "Fifadji", "color": "#a24aca", "length_m": 8.0, "virtual": false}}, {"type": "Feature", "geometry": {"type": "LineString", "coordinates": [[2.4024883, 6.3881995], [2.4012935, 6.388169]]}, "properties": {"kind": "single_owner", "winner": "Fifadji", "color": "#a24aca", "length_m": 132.2, "virtual": false}}, {"type": "Feature", "geometry": {"type": "LineString", "coordinates": [[2.4012935, 6.388169], [2.4009479, 6.3881527]]}, "properties": {"kind": "single_owner", "winner": "Fifadji", "color": "#a24aca", "length_m": 38.3, "virtual": false}}, {"type": "Feature", "geometry": {"type": "LineString", "coordinates": [[2.3953457, 6.3935319], [2.3957907, 6.393676]]}, "properties": {"kind": "single_owner", "winner": "Zogbo", "color": "#88d14f", "length_m": 51.7, "virtual": false}}, {"type": "Feature", "geometry": {"type": "LineString", "coordinates": [[2.3953457, 6.3935319], [2.3957771, 6.3919915]]}, "properties": {"kind": "single_owner", "winner": "Zogbo", "color": "#88d14f", "length_m": 176.8, "virtual": false}}, {"type": "Feature", "geometry": {"type": "LineString", "coordinates": [[2.3953457, 6.3935319], [2.3951833, 6.3941118]]}, "properties": {"kind": "single_owner", "winner": "Zogbo", "color": "#88d14f", "length_m": 66.6, "virtual": false}}, {"type": "Feature", "geometry": {"type": "LineString", "coordinates": [[2.3957907, 6.393676], [2.3958608, 6.3934417]]}, "properties": {"kind": "single_owner", "winner": "Zogbo", "color": "#88d14f", "length_m": 27.0, "virtual": false}}, {"type": "Feature", "geometry": {"type": "LineString", "coordinates": [[2.3957907, 6.393676], [2.3961018, 6.3937576]]}, "properties": {"kind": "single_owner", "winner": "Zogbo", "color": "#88d14f", "length_m": 35.6, "virtual": false}}, {"type": "Feature", "geometry": {"type": "LineString", "coordinates": [[2.3961775, 6.3923235], [2.3970471, 6.3921389]]}, "properties": {"kind": "single_owner", "winner": "Fifadji", "color": "#a24aca", "length_m": 98.3, "virtual": false}}, {"type": "Feature", "geometry": {"type": "LineString", "coordinates": [[2.3960261, 6.3928527], [2.3958608, 6.3934417]]}, "properties": {"kind": "single_owner", "winner": "Zogbo", "color": "#88d14f", "length_m": 67.6, "virtual": false}}, {"type": "Feature", "geometry": {"type": "LineString", "coordinates": [[2.3949708, 6.3931334], [2.3950308, 6.3928553]]}, "properties": {"kind": "single_owner", "winner": "Zogbo", "color": "#88d14f", "length_m": 31.4, "virtual": false}}, {"type": "Feature", "geometry": {"type": "LineString", "coordinates": [[2.3879327, 6.390737], [2.3860776, 6.3904342]]}, "properties": {"kind": "single_owner", "winner": "Zogbo", "color": "#88d14f", "length_m": 207.9, "virtual": false}}, {"type": "Feature", "geometry": {"type": "LineString", "coordinates": [[2.3942913, 6.3914316], [2.3932267, 6.3914644]]}, "properties": {"kind": "single_owner", "winner": "Zogbo", "color": "#88d14f", "length_m": 117.8, "virtual": false}}, {"type": "Feature", "geometry": {"type": "LineString", "coordinates": [[2.3942913, 6.3914316], [2.394411, 6.392046]]}, "properties": {"kind": "single_owner", "winner": "Zogbo", "color": "#88d14f", "length_m": 69.2, "virtual": false}}, {"type": "Feature", "geometry": {"type": "LineString", "coordinates": [[2.394411, 6.392046], [2.3951607, 6.392026]]}, "properties": {"kind": "single_owner", "winner": "Zogbo", "color": "#88d14f", "length_m": 83.0, "virtual": false}}, {"type": "Feature", "geometry": {"type": "LineString", "coordinates": [[2.3952993, 6.3914334], [2.3953159, 6.3911841]]}, "properties": {"kind": "single_owner", "winner": "Zogbo", "color": "#88d14f", "length_m": 27.6, "virtual": false}}, {"type": "Feature", "geometry": {"type": "LineString", "coordinates": [[2.3952993, 6.3914334], [2.3952353, 6.392024]]}, "properties": {"kind": "single_owner", "winner": "Zogbo", "color": "#88d14f", "length_m": 65.7, "virtual": false}}, {"type": "Feature", "geometry": {"type": "LineString", "coordinates": [[2.3968954, 6.3913596], [2.396924, 6.3914613]]}, "properties": {"kind": "single_owner", "winner": "Fifadji", "color": "#a24aca", "length_m": 11.7, "virtual": false}}, {"type": "Feature", "geometry": {"type": "LineString", "coordinates": [[2.3952353, 6.392024], [2.395277, 6.3920344]]}, "properties": {"kind": "single_owner", "winner": "Zogbo", "color": "#88d14f", "length_m": 4.8, "virtual": false}}, {"type": "Feature", "geometry": {"type": "LineString", "coordinates": [[2.3952353, 6.392024], [2.3952102, 6.392148]]}, "properties": {"kind": "single_owner", "winner": "Zogbo", "color": "#88d14f", "length_m": 14.0, "virtual": false}}, {"type": "Feature", "geometry": {"type": "LineString", "coordinates": [[2.3952353, 6.392024], [2.3951935, 6.3920251]]}, "properties": {"kind": "single_owner", "winner": "Zogbo", "color": "#88d14f", "length_m": 4.6, "virtual": false}}, {"type": "Feature", "geometry": {"type": "LineString", "coordinates": [[2.3951935, 6.3920251], [2.3951607, 6.392026]]}, "properties": {"kind": "single_owner", "winner": "Zogbo", "color": "#88d14f", "length_m": 3.6, "virtual": false}}, {"type": "Feature", "geometry": {"type": "LineString", "coordinates": [[2.3957771, 6.3919915], [2.3956412, 6.3920039]]}, "properties": {"kind": "single_owner", "winner": "Zogbo", "color": "#88d14f", "length_m": 15.1, "virtual": false}}, {"type": "Feature", "geometry": {"type": "LineString", "coordinates": [[2.3951833, 6.3941118], [2.3947928, 6.3939798]]}, "properties": {"kind": "single_owner", "winner": "Zogbo", "color": "#88d14f", "length_m": 45.6, "virtual": false}}, {"type": "Feature", "geometry": {"type": "LineString", "coordinates": [[2.3956412, 6.3920039], [2.3954406, 6.3920277]]}, "properties": {"kind": "single_owner", "winner": "Zogbo", "color": "#88d14f", "length_m": 22.3, "virtual": false}}, {"type": "Feature", "geometry": {"type": "LineString", "coordinates": [[2.3954406, 6.3920277], [2.3953273, 6.392037]]}, "properties": {"kind": "single_owner", "winner": "Zogbo", "color": "#88d14f", "length_m": 12.6, "virtual": false}}, {"type": "Feature", "geometry": {"type": "LineString", "coordinates": [[2.3953273, 6.392037], [2.395277, 6.3920344]]}, "properties": {"kind": "single_owner", "winner": "Zogbo", "color": "#88d14f", "length_m": 5.6, "virtual": false}}, {"type": "Feature", "geometry": {"type": "LineString", "coordinates": [[2.3952102, 6.392148], [2.3951517, 6.392361]]}, "properties": {"kind": "single_owner", "winner": "Zogbo", "color": "#88d14f", "length_m": 24.4, "virtual": false}}, {"type": "Feature", "geometry": {"type": "LineString", "coordinates": [[2.3951517, 6.392361], [2.3940023, 6.3923897]]}, "properties": {"kind": "single_owner", "winner": "Zogbo", "color": "#88d14f", "length_m": 127.2, "virtual": false}}, {"type": "Feature", "geometry": {"type": "LineString", "coordinates": [[2.3951517, 6.392361], [2.3950308, 6.3928553]]}, "properties": {"kind": "single_owner", "winner": "Zogbo", "color": "#88d14f", "length_m": 56.3, "virtual": false}}, {"type": "Feature", "geometry": {"type": "LineString", "coordinates": [[2.3950308, 6.3928553], [2.3939168, 6.3927276]]}, "properties": {"kind": "single_owner", "winner": "Zogbo", "color": "#88d14f", "length_m": 124.0, "virtual": false}}, {"type": "Feature", "geometry": {"type": "LineString", "coordinates": [[2.4024451, 6.3980232], [2.4015575, 6.3981665]]}, "properties": {"kind": "single_owner", "winner": "Fifadji", "color": "#a24aca", "length_m": 99.5, "virtual": false}}, {"type": "Feature", "geometry": {"type": "LineString", "coordinates": [[2.3860776, 6.3904342], [2.3859567, 6.3899436]]}, "properties": {"kind": "single_owner", "winner": "Zogbo", "color": "#88d14f", "length_m": 55.9, "virtual": false}}, {"type": "Feature", "geometry": {"type": "LineString", "coordinates": [[2.3859567, 6.3899436], [2.3861241, 6.3899466]]}, "properties": {"kind": "single_owner", "winner": "Zogbo", "color": "#88d14f", "length_m": 18.5, "virtual": false}}, {"type": "Feature", "geometry": {"type": "LineString", "coordinates": [[2.3859567, 6.3899436], [2.3858303, 6.389754]]}, "properties": {"kind": "single_owner", "winner": "Zogbo", "color": "#88d14f", "length_m": 25.2, "virtual": false}}, {"type": "Feature", "geometry": {"type": "LineString", "coordinates": [[2.3866692, 6.3899562], [2.386325, 6.3899501]]}, "properties": {"kind": "single_owner", "winner": "Zogbo", "color": "#88d14f", "length_m": 38.1, "virtual": false}}, {"type": "Feature", "geometry": {"type": "LineString", "coordinates": [[2.3866692, 6.3899562], [2.3865008, 6.3896527]]}, "properties": {"kind": "single_owner", "winner": "Zogbo", "color": "#88d14f", "length_m": 38.4, "virtual": false}}, {"type": "Feature", "geometry": {"type": "LineString", "coordinates": [[2.386325, 6.3899501], [2.3862284, 6.3899484]]}, "properties": {"kind": "single_owner", "winner": "Zogbo", "color": "#88d14f", "length_m": 10.7, "virtual": false}}, {"type": "Feature", "geometry": {"type": "LineString", "coordinates": [[2.3862284, 6.3899484], [2.3861241, 6.3899466]]}, "properties": {"kind": "single_owner", "winner": "Zogbo", "color": "#88d14f", "length_m": 11.5, "virtual": false}}, {"type": "Feature", "geometry": {"type": "LineString", "coordinates": [[2.3865008, 6.3896527], [2.3863452, 6.3894701]]}, "properties": {"kind": "single_owner", "winner": "Zogbo", "color": "#88d14f", "length_m": 26.5, "virtual": false}}, {"type": "Feature", "geometry": {"type": "LineString", "coordinates": [[2.3863452, 6.3894701], [2.3862441, 6.3893778]]}, "properties": {"kind": "single_owner", "winner": "Zogbo", "color": "#88d14f", "length_m": 15.1, "virtual": false}}, {"type": "Feature", "geometry": {"type": "LineString", "coordinates": [[2.3862441, 6.3893778], [2.3861911, 6.3893294]]}, "properties": {"kind": "single_owner", "winner": "Zogbo", "color": "#88d14f", "length_m": 7.9, "virtual": false}}, {"type": "Feature", "geometry": {"type": "LineString", "coordinates": [[2.3827485, 6.3868672], [2.3829311, 6.3862211]]}, "properties": {"kind": "single_owner", "winner": "Kouhounou", "color": "#dcca40", "length_m": 74.2, "virtual": false}}, {"type": "Feature", "geometry": {"type": "LineString", "coordinates": [[2.3827485, 6.3868672], [2.3834544, 6.386544]]}, "properties": {"kind": "single_owner", "winner": "Kouhounou", "color": "#dcca40", "length_m": 85.9, "virtual": false}}, {"type": "Feature", "geometry": {"type": "LineString", "coordinates": [[2.3834544, 6.386544], [2.383551, 6.3865333]]}, "properties": {"kind": "single_owner", "winner": "Kouhounou", "color": "#dcca40", "length_m": 10.8, "virtual": false}}, {"type": "Feature", "geometry": {"type": "LineString", "coordinates": [[2.383551, 6.3865333], [2.3836463, 6.3865346]]}, "properties": {"kind": "single_owner", "winner": "Kouhounou", "color": "#dcca40", "length_m": 10.5, "virtual": false}}, {"type": "Feature", "geometry": {"type": "LineString", "coordinates": [[2.3836463, 6.3865346], [2.3838957, 6.3865516]]}, "properties": {"kind": "single_owner", "winner": "Kouhounou", "color": "#dcca40", "length_m": 27.7, "virtual": false}}, {"type": "Feature", "geometry": {"type": "LineString", "coordinates": [[2.3829311, 6.3862211], [2.3831692, 6.3861156]]}, "properties": {"kind": "single_owner", "winner": "Kouhounou", "color": "#dcca40", "length_m": 28.8, "virtual": false}}, {"type": "Feature", "geometry": {"type": "LineString", "coordinates": [[2.3970138, 6.368997], [2.3971412, 6.3691009]]}, "properties": {"kind": "single_owner", "winner": "Vodjè-Finagnon", "color": "#d2794a", "length_m": 18.2, "virtual": false}}, {"type": "Feature", "geometry": {"type": "LineString", "coordinates": [[2.3971412, 6.3691009], [2.3985346, 6.3702253]]}, "properties": {"kind": "single_owner", "winner": "Vodjè-Finagnon", "color": "#d2794a", "length_m": 198.0, "virtual": false}}, {"type": "Feature", "geometry": {"type": "LineString", "coordinates": [[2.4043297, 6.3748411], [2.404678, 6.3751254]]}, "properties": {"kind": "single_owner", "winner": "Agontinkon", "color": "#db5a43", "length_m": 49.7, "virtual": false}}, {"type": "Feature", "geometry": {"type": "LineString", "coordinates": [[2.404678, 6.3751254], [2.4047818, 6.3752117]]}, "properties": {"kind": "single_owner", "winner": "Agontinkon", "color": "#db5a43", "length_m": 14.9, "virtual": false}}, {"type": "Feature", "geometry": {"type": "LineString", "coordinates": [[2.3976987, 6.3713365], [2.3980884, 6.3708185]]}, "properties": {"kind": "single_owner", "winner": "Houéyihô", "color": "#3edc5e", "length_m": 71.7, "virtual": false}}, {"type": "Feature", "geometry": {"type": "LineString", "coordinates": [[2.3976987, 6.3713365], [2.3972726, 6.3718978]]}, "properties": {"kind": "single_owner", "winner": "Houéyihô", "color": "#3edc5e", "length_m": 77.9, "virtual": false}}, {"type": "Feature", "geometry": {"type": "LineString", "coordinates": [[2.3976987, 6.3713365], [2.3961529, 6.3701646]]}, "properties": {"kind": "single_owner", "winner": "Houéyihô", "color": "#3edc5e", "length_m": 214.5, "virtual": false}}, {"type": "Feature", "geometry": {"type": "LineString", "coordinates": [[2.394633, 6.3697243], [2.3944008, 6.3708899]]}, "properties": {"kind": "single_owner", "winner": "Houéyihô", "color": "#3edc5e", "length_m": 131.4, "virtual": false}}, {"type": "Feature", "geometry": {"type": "LineString", "coordinates": [[2.3943794, 6.370981], [2.3944008, 6.3708899]]}, "properties": {"kind": "single_owner", "winner": "Houéyihô", "color": "#3edc5e", "length_m": 10.3, "virtual": false}}, {"type": "Feature", "geometry": {"type": "LineString", "coordinates": [[2.4047818, 6.3752117], [2.4048642, 6.3752632]]}, "properties": {"kind": "single_owner", "winner": "Agontinkon", "color": "#db5a43", "length_m": 10.7, "virtual": false}}, {"type": "Feature", "geometry": {"type": "LineString", "coordinates": [[2.4048642, 6.3752632], [2.4053353, 6.374956]]}, "properties": {"kind": "single_owner", "winner": "Agontinkon", "color": "#db5a43", "length_m": 62.2, "virtual": false}}, {"type": "Feature", "geometry": {"type": "LineString", "coordinates": [[2.4048642, 6.3752632], [2.4049446, 6.3753123]]}, "properties": {"kind": "single_owner", "winner": "Agontinkon", "color": "#db5a43", "length_m": 10.4, "virtual": false}}, {"type": "Feature", "geometry": {"type": "LineString", "coordinates": [[2.4048642, 6.3752632], [2.4047208, 6.3753228]]}, "properties": {"kind": "single_owner", "winner": "Agontinkon", "color": "#db5a43", "length_m": 17.2, "virtual": false}}, {"type": "Feature", "geometry": {"type": "LineString", "coordinates": [[2.4049446, 6.3753123], [2.4055057, 6.3749701]]}, "properties": {"kind": "single_owner", "winner": "Agontinkon", "color": "#db5a43", "length_m": 72.7, "virtual": false}}, {"type": "Feature", "geometry": {"type": "LineString", "coordinates": [[2.4049446, 6.3753123], [2.4048049, 6.3753785]]}, "properties": {"kind": "single_owner", "winner": "Agontinkon", "color": "#db5a43", "length_m": 17.1, "virtual": false}}, {"type": "Feature", "geometry": {"type": "LineString", "coordinates": [[2.3980884, 6.3708185], [2.3985884, 6.371206]]}, "properties": {"kind": "single_owner", "winner": "Houéyihô", "color": "#3edc5e", "length_m": 70.0, "virtual": false}}, {"type": "Feature", "geometry": {"type": "LineString", "coordinates": [[2.3980884, 6.3708185], [2.3971076, 6.3700486]]}, "properties": {"kind": "single_owner", "winner": "Houéyihô", "color": "#3edc5e", "length_m": 137.9, "virtual": false}}, {"type": "Feature", "geometry": {"type": "LineString", "coordinates": [[2.3980884, 6.3708185], [2.398216, 6.3706404]]}, "properties": {"kind": "single_owner", "winner": "Houéyihô", "color": "#3edc5e", "length_m": 24.2, "virtual": false}}, {"type": "Feature", "geometry": {"type": "LineString", "coordinates": [[2.3985884, 6.371206], [2.3986707, 6.371287]]}, "properties": {"kind": "single_owner", "winner": "Houéyihô", "color": "#3edc5e", "length_m": 12.8, "virtual": false}}, {"type": "Feature", "geometry": {"type": "LineString", "coordinates": [[2.3986707, 6.371287], [2.3987333, 6.3713633]]}, "properties": {"kind": "single_owner", "winner": "Houéyihô", "color": "#3edc5e", "length_m": 10.9, "virtual": false}}, {"type": "Feature", "geometry": {"type": "LineString", "coordinates": [[2.4041788, 6.3748781], [2.4043201, 6.374998]]}, "properties": {"kind": "single_owner", "winner": "Agontinkon", "color": "#db5a43", "length_m": 20.5, "virtual": false}}, {"type": "Feature", "geometry": {"type": "LineString", "coordinates": [[2.4041788, 6.3748781], [2.4041059, 6.3749402]]}, "properties": {"kind": "single_owner", "winner": "Agontinkon", "color": "#db5a43", "length_m": 10.6, "virtual": false}}, {"type": "Feature", "geometry": {"type": "LineString", "coordinates": [[2.4041059, 6.3749402], [2.4035946, 6.3752014]]}, "properties": {"kind": "single_owner", "winner": "Agontinkon", "color": "#db5a43", "length_m": 63.5, "virtual": false}}, {"type": "Feature", "geometry": {"type": "LineString", "coordinates": [[2.4035946, 6.3752014], [2.4032957, 6.3749448]]}, "properties": {"kind": "single_owner", "winner": "Agontinkon", "color": "#db5a43", "length_m": 43.6, "virtual": false}}, {"type": "Feature", "geometry": {"type": "LineString", "coordinates": [[2.4035946, 6.3752014], [2.4029545, 6.3754122]]}, "properties": {"kind": "single_owner", "winner": "Agontinkon", "color": "#db5a43", "length_m": 74.5, "virtual": false}}, {"type": "Feature", "geometry": {"type": "LineString", "coordinates": [[2.4029545, 6.3754122], [2.4030004, 6.3753005]]}, "properties": {"kind": "single_owner", "winner": "Agontinkon", "color": "#db5a43", "length_m": 13.4, "virtual": false}}, {"type": "Feature", "geometry": {"type": "LineString", "coordinates": [[2.4029545, 6.3754122], [2.4026115, 6.3755251]]}, "properties": {"kind": "single_owner", "winner": "Agontinkon", "color": "#db5a43", "length_m": 39.9, "virtual": false}}, {"type": "Feature", "geometry": {"type": "LineString", "coordinates": [[2.4026115, 6.3755251], [2.4024788, 6.3755579]]}, "properties": {"kind": "single_owner", "winner": "Agontinkon", "color": "#db5a43", "length_m": 15.1, "virtual": false}}, {"type": "Feature", "geometry": {"type": "LineString", "coordinates": [[2.4024788, 6.3755579], [2.4021743, 6.3756184]]}, "properties": {"kind": "single_owner", "winner": "Agontinkon", "color": "#db5a43", "length_m": 34.3, "virtual": false}}, {"type": "Feature", "geometry": {"type": "LineString", "coordinates": [[2.4021743, 6.3756184], [2.4020233, 6.3756141]]}, "properties": {"kind": "single_owner", "winner": "Agontinkon", "color": "#db5a43", "length_m": 16.7, "virtual": false}}, {"type": "Feature", "geometry": {"type": "LineString", "coordinates": [[2.4020233, 6.3756141], [2.4019718, 6.3756217]]}, "properties": {"kind": "single_owner", "winner": "Agontinkon", "color": "#db5a43", "length_m": 5.8, "virtual": false}}, {"type": "Feature", "geometry": {"type": "LineString", "coordinates": [[2.4019718, 6.3756217], [2.4020506, 6.376217]]}, "properties": {"kind": "single_owner", "winner": "Agontinkon", "color": "#db5a43", "length_m": 66.4, "virtual": false}}, {"type": "Feature", "geometry": {"type": "LineString", "coordinates": [[2.3913225, 6.3560405], [2.3906882, 6.3560621]]}, "properties": {"kind": "single_owner", "winner": "Haie-Vive-Cocotiers", "color": "#d6ca4b", "length_m": 70.2, "virtual": false}}, {"type": "Feature", "geometry": {"type": "LineString", "coordinates": [[2.3913225, 6.3560405], [2.3916348, 6.3560425]]}, "properties": {"kind": "single_owner", "winner": "Haie-Vive-Cocotiers", "color": "#d6ca4b", "length_m": 34.5, "virtual": false}}, {"type": "Feature", "geometry": {"type": "LineString", "coordinates": [[2.3913225, 6.3560405], [2.391302, 6.3551068]]}, "properties": {"kind": "single_owner", "winner": "Haie-Vive-Cocotiers", "color": "#d6ca4b", "length_m": 103.2, "virtual": false}}, {"type": "Feature", "geometry": {"type": "LineString", "coordinates": [[2.3979959, 6.3565556], [2.3972498, 6.3565767]]}, "properties": {"kind": "single_owner", "winner": "Cadjèhoun-Agonga", "color": "#49de78", "length_m": 82.6, "virtual": false}}, {"type": "Feature", "geometry": {"type": "LineString", "coordinates": [[2.3906882, 6.3560621], [2.3906792, 6.3551198]]}, "properties": {"kind": "single_owner", "winner": "Haie-Vive-Cocotiers", "color": "#d6ca4b", "length_m": 104.2, "virtual": false}}, {"type": "Feature", "geometry": {"type": "LineString", "coordinates": [[2.3916725, 6.3567345], [2.3916348, 6.3560425]]}, "properties": {"kind": "single_owner", "winner": "Haie-Vive-Cocotiers", "color": "#d6ca4b", "length_m": 76.6, "virtual": false}}, {"type": "Feature", "geometry": {"type": "LineString", "coordinates": [[2.3916725, 6.3567345], [2.3912859, 6.3567454]]}, "properties": {"kind": "single_owner", "winner": "Haie-Vive-Cocotiers", "color": "#d6ca4b", "length_m": 42.8, "virtual": false}}, {"type": "Feature", "geometry": {"type": "LineString", "coordinates": [[2.3916348, 6.3560425], [2.3919642, 6.3560159]]}, "properties": {"kind": "single_owner", "winner": "Haie-Vive-Cocotiers", "color": "#d6ca4b", "length_m": 36.6, "virtual": false}}, {"type": "Feature", "geometry": {"type": "LineString", "coordinates": [[2.3919642, 6.3560159], [2.3919464, 6.3554058]]}, "properties": {"kind": "single_owner", "winner": "Haie-Vive-Cocotiers", "color": "#d6ca4b", "length_m": 67.5, "virtual": false}}, {"type": "Feature", "geometry": {"type": "LineString", "coordinates": [[2.3967089, 6.356592], [2.3972498, 6.3565767]]}, "properties": {"kind": "single_owner", "winner": "Cadjèhoun-Agonga", "color": "#49de78", "length_m": 59.9, "virtual": false}}, {"type": "Feature", "geometry": {"type": "LineString", "coordinates": [[2.3963137, 6.3600162], [2.3966316, 6.360004]]}, "properties": {"kind": "single_owner", "winner": "Cadjèhoun-Azalokogon", "color": "#d951d0", "length_m": 35.2, "virtual": false}}, {"type": "Feature", "geometry": {"type": "LineString", "coordinates": [[2.3963137, 6.3600162], [2.3958396, 6.3600343]]}, "properties": {"kind": "single_owner", "winner": "Cadjèhoun-Azalokogon", "color": "#d951d0", "length_m": 52.5, "virtual": false}}, {"type": "Feature", "geometry": {"type": "LineString", "coordinates": [[2.3968308, 6.3595096], [2.3968705, 6.3599949]]}, "properties": {"kind": "single_owner", "winner": "Cadjèhoun-Azalokogon", "color": "#d951d0", "length_m": 53.8, "virtual": false}}, {"type": "Feature", "geometry": {"type": "LineString", "coordinates": [[2.3968308, 6.3595096], [2.3972189, 6.3595018]]}, "properties": {"kind": "single_owner", "winner": "Cadjèhoun-Azalokogon", "color": "#d951d0", "length_m": 42.9, "virtual": false}}, {"type": "Feature", "geometry": {"type": "LineString", "coordinates": [[2.3968705, 6.3599949], [2.3978343, 6.3599581]]}, "properties": {"kind": "single_owner", "winner": "Cadjèhoun-Azalokogon", "color": "#d951d0", "length_m": 106.7, "virtual": false}}, {"type": "Feature", "geometry": {"type": "LineString", "coordinates": [[2.3968705, 6.3599949], [2.3966316, 6.360004]]}, "properties": {"kind": "single_owner", "winner": "Cadjèhoun-Azalokogon", "color": "#d951d0", "length_m": 26.4, "virtual": false}}, {"type": "Feature", "geometry": {"type": "LineString", "coordinates": [[2.3978343, 6.3599581], [2.3973464, 6.3605827]]}, "properties": {"kind": "single_owner", "winner": "Cadjèhoun-Azalokogon", "color": "#d951d0", "length_m": 87.6, "virtual": false}}, {"type": "Feature", "geometry": {"type": "LineString", "coordinates": [[2.3966316, 6.360004], [2.3968531, 6.360207]]}, "properties": {"kind": "single_owner", "winner": "Cadjèhoun-Azalokogon", "color": "#d951d0", "length_m": 33.2, "virtual": false}}, {"type": "Feature", "geometry": {"type": "LineString", "coordinates": [[2.3958396, 6.3600343], [2.3961736, 6.3602882]]}, "properties": {"kind": "single_owner", "winner": "Cadjèhoun-Azalokogon", "color": "#d951d0", "length_m": 46.4, "virtual": false}}, {"type": "Feature", "geometry": {"type": "LineString", "coordinates": [[2.3972562, 6.3571433], [2.3972498, 6.3565767]]}, "properties": {"kind": "single_owner", "winner": "Cadjèhoun-Agonga", "color": "#49de78", "length_m": 62.6, "virtual": false}}, {"type": "Feature", "geometry": {"type": "LineString", "coordinates": [[2.3968531, 6.360207], [2.3973464, 6.3605827]]}, "properties": {"kind": "single_owner", "winner": "Cadjèhoun-Azalokogon", "color": "#d951d0", "length_m": 68.6, "virtual": false}}, {"type": "Feature", "geometry": {"type": "LineString", "coordinates": [[2.3978193, 6.3575677], [2.3984776, 6.3575425]]}, "properties": {"kind": "single_owner", "winner": "Cadjèhoun-Azalokogon", "color": "#d951d0", "length_m": 72.9, "virtual": false}}, {"type": "Feature", "geometry": {"type": "LineString", "coordinates": [[2.4560291, 6.3824071], [2.4554418, 6.3824076]]}, "properties": {"kind": "single_owner", "winner": "Kpondéhou", "color": "#41c872", "length_m": 65.0, "virtual": false}}, {"type": "Feature", "geometry": {"type": "LineString", "coordinates": [[2.4560291, 6.3824071], [2.4561173, 6.3830461]]}, "properties": {"kind": "single_owner", "winner": "Kpondéhou", "color": "#41c872", "length_m": 71.3, "virtual": false}}, {"type": "Feature", "geometry": {"type": "LineString", "coordinates": [[2.4560291, 6.3824071], [2.4560259, 6.3822895]]}, "properties": {"kind": "single_owner", "winner": "Kpondéhou", "color": "#41c872", "length_m": 13.0, "virtual": false}}, {"type": "Feature", "geometry": {"type": "LineString", "coordinates": [[2.4554418, 6.3824076], [2.4554444, 6.3822905]]}, "properties": {"kind": "single_owner", "winner": "Kpondéhou", "color": "#41c872", "length_m": 12.9, "virtual": false}}, {"type": "Feature", "geometry": {"type": "LineString", "coordinates": [[2.4554418, 6.3824076], [2.4554449, 6.3830501]]}, "properties": {"kind": "single_owner", "winner": "Kpondéhou", "color": "#41c872", "length_m": 71.0, "virtual": false}}, {"type": "Feature", "geometry": {"type": "LineString", "coordinates": [[2.4392824, 6.3725284], [2.4406942, 6.3725761]]}, "properties": {"kind": "single_owner", "winner": "Kpankpan", "color": "#49df44", "length_m": 156.3, "virtual": false}}, {"type": "Feature", "geometry": {"type": "LineString", "coordinates": [[2.4392824, 6.3725284], [2.4393058, 6.3717881]]}, "properties": {"kind": "single_owner", "winner": "Kpankpan", "color": "#49df44", "length_m": 81.9, "virtual": false}}, {"type": "Feature", "geometry": {"type": "LineString", "coordinates": [[2.4406942, 6.3725761], [2.4424121, 6.3725792]]}, "properties": {"kind": "single_owner", "winner": "Kpankpan", "color": "#49df44", "length_m": 190.0, "virtual": false}}, {"type": "Feature", "geometry": {"type": "LineString", "coordinates": [[2.4406942, 6.3725761], [2.4407975, 6.3719945]]}, "properties": {"kind": "single_owner", "winner": "Kpankpan", "color": "#49df44", "length_m": 65.3, "virtual": false}}, {"type": "Feature", "geometry": {"type": "LineString", "coordinates": [[2.4406942, 6.3725761], [2.4406053, 6.3730356]]}, "properties": {"kind": "single_owner", "winner": "Kpankpan", "color": "#49df44", "length_m": 51.7, "virtual": false}}, {"type": "Feature", "geometry": {"type": "LineString", "coordinates": [[2.4424121, 6.3725792], [2.4423417, 6.3730718]]}, "properties": {"kind": "single_owner", "winner": "Kpankpan", "color": "#49df44", "length_m": 55.0, "virtual": false}}, {"type": "Feature", "geometry": {"type": "LineString", "coordinates": [[2.4385085, 6.372969], [2.4386125, 6.3717492]]}, "properties": {"kind": "single_owner", "winner": "Kpankpan", "color": "#49df44", "length_m": 135.3, "virtual": false}}, {"type": "Feature", "geometry": {"type": "LineString", "coordinates": [[2.4387664, 6.3729772], [2.4388087, 6.3717555]]}, "properties": {"kind": "single_owner", "winner": "Kpankpan", "color": "#49df44", "length_m": 135.1, "virtual": false}}, {"type": "Feature", "geometry": {"type": "LineString", "coordinates": [[2.4392676, 6.3729931], [2.4406053, 6.3730356]]}, "properties": {"kind": "single_owner", "winner": "Kpankpan", "color": "#49df44", "length_m": 148.1, "virtual": false}}, {"type": "Feature", "geometry": {"type": "LineString", "coordinates": [[2.4406053, 6.3730356], [2.4404977, 6.3736833]]}, "properties": {"kind": "single_owner", "winner": "Kpankpan", "color": "#49df44", "length_m": 72.6, "virtual": false}}, {"type": "Feature", "geometry": {"type": "LineString", "coordinates": [[2.4406053, 6.3730356], [2.4423417, 6.3730718]]}, "properties": {"kind": "single_owner", "winner": "Kpankpan", "color": "#49df44", "length_m": 192.1, "virtual": false}}, {"type": "Feature", "geometry": {"type": "LineString", "coordinates": [[2.444834, 6.3689318], [2.4452343, 6.3684355]]}, "properties": {"kind": "single_owner", "winner": "Misséssin", "color": "#49cf57", "length_m": 70.5, "virtual": false}}, {"type": "Feature", "geometry": {"type": "LineString", "coordinates": [[2.4445459, 6.363867], [2.4448268, 6.3640902]]}, "properties": {"kind": "single_owner", "winner": "Abokicodji-Centre", "color": "#d64a76", "length_m": 39.7, "virtual": false}}, {"type": "Feature", "geometry": {"type": "LineString", "coordinates": [[2.4451735, 6.3650066], [2.4454903, 6.3646183]]}, "properties": {"kind": "single_owner", "winner": "Abokicodji-Centre", "color": "#d64a76", "length_m": 55.4, "virtual": false}}, {"type": "Feature", "geometry": {"type": "LineString", "coordinates": [[2.4359272, 6.3699099], [2.4359874, 6.3696525]]}, "properties": {"kind": "single_owner", "winner": "Bocossi-Tokpa", "color": "#ce4bda", "length_m": 29.2, "virtual": false}}, {"type": "Feature", "geometry": {"type": "LineString", "coordinates": [[2.4359272, 6.3699099], [2.4356148, 6.3698366]]}, "properties": {"kind": "single_owner", "winner": "Bocossi-Tokpa", "color": "#ce4bda", "length_m": 35.5, "virtual": false}}, {"type": "Feature", "geometry": {"type": "LineString", "coordinates": [[2.4359272, 6.3699099], [2.435887, 6.3701584]]}, "properties": {"kind": "single_owner", "winner": "Bocossi-Tokpa", "color": "#ce4bda", "length_m": 27.8, "virtual": false}}, {"type": "Feature", "geometry": {"type": "LineString", "coordinates": [[2.4359874, 6.3696525], [2.4360041, 6.3695617]]}, "properties": {"kind": "single_owner", "winner": "Bocossi-Tokpa", "color": "#ce4bda", "length_m": 10.2, "virtual": false}}, {"type": "Feature", "geometry": {"type": "LineString", "coordinates": [[2.4360041, 6.3695617], [2.4360345, 6.3694221]]}, "properties": {"kind": "single_owner", "winner": "Bocossi-Tokpa", "color": "#ce4bda", "length_m": 15.8, "virtual": false}}, {"type": "Feature", "geometry": {"type": "LineString", "coordinates": [[2.4440124, 6.3634423], [2.4446248, 6.3626789]]}, "properties": {"kind": "single_owner", "winner": "Abokicodji-Lagune", "color": "#44db71", "length_m": 108.2, "virtual": false}}, {"type": "Feature", "geometry": {"type": "LineString", "coordinates": [[2.4446248, 6.3626789], [2.4443692, 6.3624738]]}, "properties": {"kind": "single_owner", "winner": "Abokicodji-Lagune", "color": "#44db71", "length_m": 36.2, "virtual": false}}, {"type": "Feature", "geometry": {"type": "LineString", "coordinates": [[2.4454903, 6.3646183], [2.4450499, 6.3642677]]}, "properties": {"kind": "single_owner", "winner": "Abokicodji-Centre", "color": "#d64a76", "length_m": 62.3, "virtual": false}}, {"type": "Feature", "geometry": {"type": "LineString", "coordinates": [[2.4454903, 6.3646183], [2.4456205, 6.3644587]]}, "properties": {"kind": "single_owner", "winner": "Abokicodji-Centre", "color": "#d64a76", "length_m": 22.8, "virtual": false}}, {"type": "Feature", "geometry": {"type": "LineString", "coordinates": [[2.4450499, 6.3642677], [2.4448268, 6.3640902]]}, "properties": {"kind": "single_owner", "winner": "Abokicodji-Centre", "color": "#d64a76", "length_m": 31.5, "virtual": false}}, {"type": "Feature", "geometry": {"type": "LineString", "coordinates": [[2.4450499, 6.3642677], [2.4451983, 6.3640881]]}, "properties": {"kind": "single_owner", "winner": "Abokicodji-Centre", "color": "#d64a76", "length_m": 25.8, "virtual": false}}, {"type": "Feature", "geometry": {"type": "LineString", "coordinates": [[2.4437515, 6.3632348], [2.4443692, 6.3624738]]}, "properties": {"kind": "single_owner", "winner": "Abokicodji-Lagune", "color": "#44db71", "length_m": 108.4, "virtual": false}}, {"type": "Feature", "geometry": {"type": "LineString", "coordinates": [[2.441521, 6.3737059], [2.4409795, 6.3736914]]}, "properties": {"kind": "single_owner", "winner": "Kpankpan", "color": "#49df44", "length_m": 59.9, "virtual": false}}, {"type": "Feature", "geometry": {"type": "LineString", "coordinates": [[2.4409795, 6.3736914], [2.4408962, 6.3742932]]}, "properties": {"kind": "single_owner", "winner": "Kpankpan", "color": "#49df44", "length_m": 67.2, "virtual": false}}, {"type": "Feature", "geometry": {"type": "LineString", "coordinates": [[2.4409795, 6.3736914], [2.4404977, 6.3736833]]}, "properties": {"kind": "single_owner", "winner": "Kpankpan", "color": "#49df44", "length_m": 53.3, "virtual": false}}, {"type": "Feature", "geometry": {"type": "LineString", "coordinates": [[2.4393058, 6.3717881], [2.4396756, 6.3718132]]}, "properties": {"kind": "single_owner", "winner": "Kpankpan", "color": "#49df44", "length_m": 41.0, "virtual": false}}, {"type": "Feature", "geometry": {"type": "LineString", "coordinates": [[2.4393058, 6.3717881], [2.4388087, 6.3717555]]}, "properties": {"kind": "single_owner", "winner": "Kpankpan", "color": "#49df44", "length_m": 55.1, "virtual": false}}, {"type": "Feature", "geometry": {"type": "LineString", "coordinates": [[2.443296, 6.3758392], [2.4433051, 6.376486]]}, "properties": {"kind": "single_owner", "winner": "Midombo", "color": "#50d9b9", "length_m": 71.5, "virtual": false}}, {"type": "Feature", "geometry": {"type": "LineString", "coordinates": [[2.4422854, 6.3720345], [2.4415302, 6.3720351]]}, "properties": {"kind": "single_owner", "winner": "Kpankpan", "color": "#49df44", "length_m": 83.5, "virtual": false}}, {"type": "Feature", "geometry": {"type": "LineString", "coordinates": [[2.4415302, 6.3720351], [2.4407975, 6.3719945]]}, "properties": {"kind": "single_owner", "winner": "Kpankpan", "color": "#49df44", "length_m": 81.2, "virtual": false}}, {"type": "Feature", "geometry": {"type": "LineString", "coordinates": [[2.4407975, 6.3719945], [2.4396756, 6.3718132]]}, "properties": {"kind": "single_owner", "winner": "Kpankpan", "color": "#49df44", "length_m": 125.7, "virtual": false}}, {"type": "Feature", "geometry": {"type": "LineString", "coordinates": [[2.4388087, 6.3717555], [2.4386125, 6.3717492]]}, "properties": {"kind": "single_owner", "winner": "Kpankpan", "color": "#49df44", "length_m": 21.7, "virtual": false}}, {"type": "Feature", "geometry": {"type": "LineString", "coordinates": [[2.4433252, 6.3771167], [2.441739, 6.3771233]]}, "properties": {"kind": "single_owner", "winner": "Midombo", "color": "#50d9b9", "length_m": 175.5, "virtual": false}}, {"type": "Feature", "geometry": {"type": "LineString", "coordinates": [[2.4433051, 6.376486], [2.4418439, 6.3764372]]}, "properties": {"kind": "single_owner", "winner": "Midombo", "color": "#50d9b9", "length_m": 161.7, "virtual": false}}, {"type": "Feature", "geometry": {"type": "LineString", "coordinates": [[2.4409737, 6.3764419], [2.441152, 6.376441]]}, "properties": {"kind": "single_owner", "winner": "Midombo", "color": "#50d9b9", "length_m": 19.7, "virtual": false}}, {"type": "Feature", "geometry": {"type": "LineString", "coordinates": [[2.441152, 6.376441], [2.4418439, 6.3764372]]}, "properties": {"kind": "single_owner", "winner": "Midombo", "color": "#50d9b9", "length_m": 76.5, "virtual": false}}, {"type": "Feature", "geometry": {"type": "LineString", "coordinates": [[2.441152, 6.376441], [2.4410663, 6.3770955]]}, "properties": {"kind": "single_owner", "winner": "Midombo", "color": "#50d9b9", "length_m": 73.0, "virtual": false}}, {"type": "Feature", "geometry": {"type": "LineString", "coordinates": [[2.4418439, 6.3764372], [2.441739, 6.3771233]]}, "properties": {"kind": "single_owner", "winner": "Midombo", "color": "#50d9b9", "length_m": 76.7, "virtual": false}}, {"type": "Feature", "geometry": {"type": "LineString", "coordinates": [[2.4468667, 6.3798391], [2.4468672, 6.3797344]]}, "properties": {"kind": "single_owner", "winner": "Sègbèya-Sud", "color": "#42c8b0", "length_m": 11.6, "virtual": false}}, {"type": "Feature", "geometry": {"type": "LineString", "coordinates": [[2.4468672, 6.3797344], [2.4468615, 6.3785087]]}, "properties": {"kind": "single_owner", "winner": "Sègbèya-Sud", "color": "#42c8b0", "length_m": 135.5, "virtual": false}}, {"type": "Feature", "geometry": {"type": "LineString", "coordinates": [[2.4468672, 6.3797344], [2.446184, 6.3797254]]}, "properties": {"kind": "single_owner", "winner": "Sègbèya-Sud", "color": "#42c8b0", "length_m": 75.6, "virtual": false}}, {"type": "Feature", "geometry": {"type": "LineString", "coordinates": [[2.4554444, 6.3822905], [2.4560259, 6.3822895]]}, "properties": {"kind": "single_owner", "winner": "Kpondéhou", "color": "#41c872", "length_m": 64.3, "virtual": false}}, {"type": "Feature", "geometry": {"type": "LineString", "coordinates": [[2.4623044, 6.3822187], [2.4635185, 6.3822141]]}, "properties": {"kind": "single_owner", "winner": "Ahouassa", "color": "#3dc973", "length_m": 134.3, "virtual": false}}, {"type": "Feature", "geometry": {"type": "LineString", "coordinates": [[2.4635185, 6.3822141], [2.4635229, 6.3822935]]}, "properties": {"kind": "single_owner", "winner": "Ahouassa", "color": "#3dc973", "length_m": 8.8, "virtual": false}}, {"type": "Feature", "geometry": {"type": "LineString", "coordinates": [[2.4433135, 6.3772298], [2.4417217, 6.3772375]]}, "properties": {"kind": "single_owner", "winner": "Midombo", "color": "#50d9b9", "length_m": 176.1, "virtual": false}}, {"type": "Feature", "geometry": {"type": "LineString", "coordinates": [[2.4417217, 6.3772375], [2.441739, 6.3771233]]}, "properties": {"kind": "single_owner", "winner": "Midombo", "color": "#50d9b9", "length_m": 12.8, "virtual": false}}, {"type": "Feature", "geometry": {"type": "LineString", "coordinates": [[2.4417217, 6.3772375], [2.4416167, 6.377238]]}, "properties": {"kind": "single_owner", "winner": "Midombo", "color": "#50d9b9", "length_m": 11.6, "virtual": false}}, {"type": "Feature", "geometry": {"type": "LineString", "coordinates": [[2.4417217, 6.3772375], [2.4416229, 6.3778756]]}, "properties": {"kind": "single_owner", "winner": "Midombo", "color": "#50d9b9", "length_m": 71.4, "virtual": false}}, {"type": "Feature", "geometry": {"type": "LineString", "coordinates": [[2.4416167, 6.377238], [2.4410273, 6.3772156]]}, "properties": {"kind": "single_owner", "winner": "Midombo", "color": "#50d9b9", "length_m": 65.3, "virtual": false}}, {"type": "Feature", "geometry": {"type": "LineString", "coordinates": [[2.4410273, 6.3772156], [2.4410017, 6.3778692]]}, "properties": {"kind": "single_owner", "winner": "Midombo", "color": "#50d9b9", "length_m": 72.3, "virtual": false}}, {"type": "Feature", "geometry": {"type": "LineString", "coordinates": [[2.4623603, 6.3899445], [2.4623576, 6.3885412]]}, "properties": {"kind": "single_owner", "winner": "Yénawa", "color": "#de4ad4", "length_m": 155.1, "virtual": false}}, {"type": "Feature", "geometry": {"type": "LineString", "coordinates": [[2.4574263, 6.3909373], [2.4574327, 6.3905581]]}, "properties": {"kind": "single_owner", "winner": "Gankpodo", "color": "#43d4ca", "length_m": 41.9, "virtual": false}}, {"type": "Feature", "geometry": {"type": "LineString", "coordinates": [[2.4521156, 6.3923829], [2.4516359, 6.3925134]]}, "properties": {"kind": "single_owner", "winner": "Minontchou", "color": "#d34580", "length_m": 55.0, "virtual": false}}, {"type": "Feature", "geometry": {"type": "LineString", "coordinates": [[2.4521156, 6.3923829], [2.4521474, 6.3943264]]}, "properties": {"kind": "single_owner", "winner": "Minontchou", "color": "#d34580", "length_m": 214.9, "virtual": false}}, {"type": "Feature", "geometry": {"type": "LineString", "coordinates": [[2.4505586, 6.3928067], [2.4502993, 6.3928773]]}, "properties": {"kind": "single_owner", "winner": "Agbodjèdo", "color": "#88d040", "length_m": 29.7, "virtual": false}}, {"type": "Feature", "geometry": {"type": "LineString", "coordinates": [[2.4502993, 6.3928773], [2.4505809, 6.3922868]]}, "properties": {"kind": "single_owner", "winner": "Agbodjèdo", "color": "#88d040", "length_m": 72.3, "virtual": false}}, {"type": "Feature", "geometry": {"type": "LineString", "coordinates": [[2.4502993, 6.3928773], [2.4501534, 6.392917]]}, "properties": {"kind": "single_owner", "winner": "Agbodjèdo", "color": "#88d040", "length_m": 16.7, "virtual": false}}, {"type": "Feature", "geometry": {"type": "LineString", "coordinates": [[2.4501534, 6.392917], [2.4500585, 6.3929526]]}, "properties": {"kind": "single_owner", "winner": "Agbodjèdo", "color": "#88d040", "length_m": 11.2, "virtual": false}}, {"type": "Feature", "geometry": {"type": "LineString", "coordinates": [[2.4622126, 6.3726398], [2.4621676, 6.3727094]]}, "properties": {"kind": "single_owner", "winner": "Yagbé", "color": "#cc5745", "length_m": 9.2, "virtual": false}}, {"type": "Feature", "geometry": {"type": "LineString", "coordinates": [[2.4622126, 6.3726398], [2.462235, 6.3727135]]}, "properties": {"kind": "single_owner", "winner": "Yagbé", "color": "#cc5745", "length_m": 8.5, "virtual": false}}, {"type": "Feature", "geometry": {"type": "LineString", "coordinates": [[2.4622126, 6.3726398], [2.4622173, 6.3725618]]}, "properties": {"kind": "single_owner", "winner": "Yagbé", "color": "#cc5745", "length_m": 8.6, "virtual": false}}, {"type": "Feature", "geometry": {"type": "LineString", "coordinates": [[2.462235, 6.3727135], [2.4628752, 6.3727127]]}, "properties": {"kind": "single_owner", "winner": "Yagbé", "color": "#cc5745", "length_m": 70.8, "virtual": false}}, {"type": "Feature", "geometry": {"type": "LineString", "coordinates": [[2.462235, 6.3727135], [2.4622387, 6.372792]]}, "properties": {"kind": "single_owner", "winner": "Yagbé", "color": "#cc5745", "length_m": 8.7, "virtual": false}}, {"type": "Feature", "geometry": {"type": "LineString", "coordinates": [[2.462235, 6.3727135], [2.4621676, 6.3727094]]}, "properties": {"kind": "single_owner", "winner": "Yagbé", "color": "#cc5745", "length_m": 7.5, "virtual": false}}, {"type": "Feature", "geometry": {"type": "LineString", "coordinates": [[2.4622387, 6.372792], [2.4627265, 6.3727995]]}, "properties": {"kind": "single_owner", "winner": "Yagbé", "color": "#cc5745", "length_m": 54.0, "virtual": false}}, {"type": "Feature", "geometry": {"type": "LineString", "coordinates": [[2.4622387, 6.372792], [2.4622331, 6.3729191]]}, "properties": {"kind": "single_owner", "winner": "Yagbé", "color": "#cc5745", "length_m": 14.1, "virtual": false}}, {"type": "Feature", "geometry": {"type": "LineString", "coordinates": [[2.4622387, 6.372792], [2.4621569, 6.3727897]]}, "properties": {"kind": "single_owner", "winner": "Yagbé", "color": "#cc5745", "length_m": 9.1, "virtual": false}}, {"type": "Feature", "geometry": {"type": "LineString", "coordinates": [[2.4622331, 6.3729191], [2.4621453, 6.3729155]]}, "properties": {"kind": "single_owner", "winner": "Yagbé", "color": "#cc5745", "length_m": 9.7, "virtual": false}}, {"type": "Feature", "geometry": {"type": "LineString", "coordinates": [[2.4622331, 6.3729191], [2.4635007, 6.3729121]]}, "properties": {"kind": "single_owner", "winner": "Yagbé", "color": "#cc5745", "length_m": 140.2, "virtual": false}}, {"type": "Feature", "geometry": {"type": "LineString", "coordinates": [[2.4622331, 6.3729191], [2.4622324, 6.3729814]]}, "properties": {"kind": "single_owner", "winner": "Yagbé", "color": "#cc5745", "length_m": 6.9, "virtual": false}}, {"type": "Feature", "geometry": {"type": "LineString", "coordinates": [[2.4622324, 6.3729814], [2.462142, 6.3729804]]}, "properties": {"kind": "single_owner", "winner": "Yagbé", "color": "#cc5745", "length_m": 10.0, "virtual": false}}, {"type": "Feature", "geometry": {"type": "LineString", "coordinates": [[2.4622324, 6.3729814], [2.4628882, 6.3729955]]}, "properties": {"kind": "single_owner", "winner": "Yagbé", "color": "#cc5745", "length_m": 72.6, "virtual": false}}, {"type": "Feature", "geometry": {"type": "LineString", "coordinates": [[2.4622173, 6.3725618], [2.4623031, 6.3716189]]}, "properties": {"kind": "single_owner", "winner": "Yagbé", "color": "#cc5745", "length_m": 104.7, "virtual": false}}, {"type": "Feature", "geometry": {"type": "LineString", "coordinates": [[2.4623031, 6.3716189], [2.462876, 6.3716678]]}, "properties": {"kind": "single_owner", "winner": "Yagbé", "color": "#cc5745", "length_m": 63.6, "virtual": false}}, {"type": "Feature", "geometry": {"type": "LineString", "coordinates": [[2.4446364, 6.3855921], [2.4447252, 6.3849983]]}, "properties": {"kind": "single_owner", "winner": "Sègbèya-Sud", "color": "#42c8b0", "length_m": 66.4, "virtual": false}}, {"type": "Feature", "geometry": {"type": "LineString", "coordinates": [[2.4477541, 6.3878171], [2.4497302, 6.3878068]]}, "properties": {"kind": "single_owner", "winner": "Sègbèya-Nord", "color": "#c64b87", "length_m": 218.6, "virtual": false}}, {"type": "Feature", "geometry": {"type": "LineString", "coordinates": [[2.4497302, 6.3878068], [2.4496856, 6.3884979]]}, "properties": {"kind": "single_owner", "winner": "Sègbèya-Nord", "color": "#c64b87", "length_m": 76.6, "virtual": false}}, {"type": "Feature", "geometry": {"type": "LineString", "coordinates": [[2.4497302, 6.3878068], [2.4497225, 6.3871937]]}, "properties": {"kind": "single_owner", "winner": "Sègbèya-Nord", "color": "#c64b87", "length_m": 67.8, "virtual": false}}, {"type": "Feature", "geometry": {"type": "LineString", "coordinates": [[2.4400604, 6.3871364], [2.4388441, 6.3871431]]}, "properties": {"kind": "single_owner", "winner": "Hlacômey", "color": "#de4a5e", "length_m": 134.6, "virtual": false}}, {"type": "Feature", "geometry": {"type": "LineString", "coordinates": [[2.4400604, 6.3871364], [2.4400824, 6.387368]]}, "properties": {"kind": "single_owner", "winner": "Hlacômey", "color": "#de4a5e", "length_m": 25.7, "virtual": false}}, {"type": "Feature", "geometry": {"type": "LineString", "coordinates": [[2.4388441, 6.3871431], [2.4376285, 6.3871416]]}, "properties": {"kind": "single_owner", "winner": "Hlacômey", "color": "#de4a5e", "length_m": 134.5, "virtual": false}}, {"type": "Feature", "geometry": {"type": "LineString", "coordinates": [[2.4398126, 6.3815839], [2.4393435, 6.3814303]]}, "properties": {"kind": "single_owner", "winner": "Adôgléta", "color": "#90d348", "length_m": 54.6, "virtual": false}}, {"type": "Feature", "geometry": {"type": "LineString", "coordinates": [[2.4393435, 6.3814303], [2.4389769, 6.3829339]]}, "properties": {"kind": "single_owner", "winner": "Adôgléta", "color": "#90d348", "length_m": 171.1, "virtual": false}}, {"type": "Feature", "geometry": {"type": "LineString", "coordinates": [[2.4497018, 6.3855312], [2.4497064, 6.3858882]]}, "properties": {"kind": "single_owner", "winner": "Kpondéhou", "color": "#41c872", "length_m": 39.5, "virtual": false}}, {"type": "Feature", "geometry": {"type": "LineString", "coordinates": [[2.4477382, 6.3859042], [2.4477437, 6.3865708]]}, "properties": {"kind": "single_owner", "winner": "Sègbèya-Nord", "color": "#c64b87", "length_m": 73.7, "virtual": false}}, {"type": "Feature", "geometry": {"type": "LineString", "coordinates": [[2.4497064, 6.3858882], [2.4509564, 6.385878]]}, "properties": {"kind": "single_owner", "winner": "Kpondéhou", "color": "#41c872", "length_m": 138.3, "virtual": false}}, {"type": "Feature", "geometry": {"type": "LineString", "coordinates": [[2.4573824, 6.3858258], [2.4573893, 6.3864739]]}, "properties": {"kind": "single_owner", "winner": "Kpondéhou", "color": "#41c872", "length_m": 71.6, "virtual": false}}, {"type": "Feature", "geometry": {"type": "LineString", "coordinates": [[2.4614341, 6.3858045], [2.4614229, 6.3854465]]}, "properties": {"kind": "single_owner", "winner": "Ahouassa", "color": "#3dc973", "length_m": 39.6, "virtual": false}}, {"type": "Feature", "geometry": {"type": "LineString", "coordinates": [[2.4418583, 6.3865467], [2.4434701, 6.3865434]]}, "properties": {"kind": "single_owner", "winner": "Sègbèya-Nord", "color": "#c64b87", "length_m": 178.3, "virtual": false}}, {"type": "Feature", "geometry": {"type": "LineString", "coordinates": [[2.4573568, 6.3836409], [2.4573728, 6.3849072]]}, "properties": {"kind": "single_owner", "winner": "Kpondéhou", "color": "#41c872", "length_m": 140.0, "virtual": false}}, {"type": "Feature", "geometry": {"type": "LineString", "coordinates": [[2.4453264, 6.3912542], [2.4452852, 6.392754]]}, "properties": {"kind": "single_owner", "winner": "Agbodjèdo", "color": "#88d040", "length_m": 165.9, "virtual": false}}, {"type": "Feature", "geometry": {"type": "LineString", "coordinates": [[2.4453264, 6.3912542], [2.4459058, 6.3912503]]}, "properties": {"kind": "single_owner", "winner": "Agbodjèdo", "color": "#88d040", "length_m": 64.1, "virtual": false}}, {"type": "Feature", "geometry": {"type": "LineString", "coordinates": [[2.4545934, 6.390085], [2.4564202, 6.3900652]]}, "properties": {"kind": "single_owner", "winner": "Gankpodo", "color": "#43d4ca", "length_m": 202.1, "virtual": false}}, {"type": "Feature", "geometry": {"type": "LineString", "coordinates": [[2.4564202, 6.3900652], [2.4568993, 6.3900629]]}, "properties": {"kind": "single_owner", "winner": "Gankpodo", "color": "#43d4ca", "length_m": 53.0, "virtual": false}}, {"type": "Feature", "geometry": {"type": "LineString", "coordinates": [[2.4564202, 6.3900652], [2.4564198, 6.3895675]]}, "properties": {"kind": "single_owner", "winner": "Gankpodo", "color": "#43d4ca", "length_m": 55.0, "virtual": false}}, {"type": "Feature", "geometry": {"type": "LineString", "coordinates": [[2.4568993, 6.3900629], [2.4574274, 6.3900581]]}, "properties": {"kind": "single_owner", "winner": "Gankpodo", "color": "#43d4ca", "length_m": 58.4, "virtual": false}}, {"type": "Feature", "geometry": {"type": "LineString", "coordinates": [[2.4568993, 6.3900629], [2.4568764, 6.3883823]]}, "properties": {"kind": "single_owner", "winner": "Gankpodo", "color": "#43d4ca", "length_m": 185.8, "virtual": false}}, {"type": "Feature", "geometry": {"type": "LineString", "coordinates": [[2.4568993, 6.3900629], [2.4569066, 6.3906009]]}, "properties": {"kind": "single_owner", "winner": "Gankpodo", "color": "#43d4ca", "length_m": 59.5, "virtual": false}}, {"type": "Feature", "geometry": {"type": "LineString", "coordinates": [[2.4574274, 6.3900581], [2.4574091, 6.388591]]}, "properties": {"kind": "single_owner", "winner": "Gankpodo", "color": "#43d4ca", "length_m": 162.2, "virtual": false}}, {"type": "Feature", "geometry": {"type": "LineString", "coordinates": [[2.4574274, 6.3900581], [2.4579517, 6.3900537]]}, "properties": {"kind": "single_owner", "winner": "Gankpodo", "color": "#43d4ca", "length_m": 58.0, "virtual": false}}, {"type": "Feature", "geometry": {"type": "LineString", "coordinates": [[2.4574274, 6.3900581], [2.4574327, 6.3905581]]}, "properties": {"kind": "single_owner", "winner": "Gankpodo", "color": "#43d4ca", "length_m": 55.3, "virtual": false}}, {"type": "Feature", "geometry": {"type": "LineString", "coordinates": [[2.4579517, 6.3900537], [2.4579463, 6.3895448]]}, "properties": {"kind": "single_owner", "winner": "Gankpodo", "color": "#43d4ca", "length_m": 56.3, "virtual": false}}, {"type": "Feature", "geometry": {"type": "LineString", "coordinates": [[2.4579517, 6.3900537], [2.4599151, 6.3900344]]}, "properties": {"kind": "single_owner", "winner": "Gankpodo", "color": "#43d4ca", "length_m": 217.2, "virtual": false}}, {"type": "Feature", "geometry": {"type": "LineString", "coordinates": [[2.4599151, 6.3900344], [2.4599208, 6.3904121]]}, "properties": {"kind": "single_owner", "winner": "Gankpodo", "color": "#43d4ca", "length_m": 41.8, "virtual": false}}, {"type": "Feature", "geometry": {"type": "LineString", "coordinates": [[2.4599151, 6.3900344], [2.4603565, 6.3900302]]}, "properties": {"kind": "single_owner", "winner": "Gankpodo", "color": "#43d4ca", "length_m": 48.8, "virtual": false}}, {"type": "Feature", "geometry": {"type": "LineString", "coordinates": [[2.4603565, 6.3900302], [2.4603635, 6.3903278]]}, "properties": {"kind": "single_owner", "winner": "Gankpodo", "color": "#43d4ca", "length_m": 32.9, "virtual": false}}, {"type": "Feature", "geometry": {"type": "LineString", "coordinates": [[2.4603565, 6.3900302], [2.4603449, 6.3895425]]}, "properties": {"kind": "single_owner", "winner": "Gankpodo", "color": "#43d4ca", "length_m": 53.9, "virtual": false}}, {"type": "Feature", "geometry": {"type": "LineString", "coordinates": [[2.446468, 6.3904589], [2.4464642, 6.3900674]]}, "properties": {"kind": "single_owner", "winner": "Agbodjèdo", "color": "#88d040", "length_m": 43.3, "virtual": false}}, {"type": "Feature", "geometry": {"type": "LineString", "coordinates": [[2.446468, 6.3904589], [2.4458951, 6.3903229]]}, "properties": {"kind": "single_owner", "winner": "Agbodjèdo", "color": "#88d040", "length_m": 65.1, "virtual": false}}, {"type": "Feature", "geometry": {"type": "LineString", "coordinates": [[2.4459058, 6.3912503], [2.4458951, 6.3903229]]}, "properties": {"kind": "single_owner", "winner": "Agbodjèdo", "color": "#88d040", "length_m": 102.5, "virtual": false}}, {"type": "Feature", "geometry": {"type": "LineString", "coordinates": [[2.4477437, 6.3865708], [2.4497146, 6.3865598]]}, "properties": {"kind": "single_owner", "winner": "Sègbèya-Nord", "color": "#c64b87", "length_m": 218.0, "virtual": false}}, {"type": "Feature", "geometry": {"type": "LineString", "coordinates": [[2.4497146, 6.3865598], [2.4497225, 6.3871937]]}, "properties": {"kind": "single_owner", "winner": "Sègbèya-Nord", "color": "#c64b87", "length_m": 70.1, "virtual": false}}, {"type": "Feature", "geometry": {"type": "LineString", "coordinates": [[2.447749, 6.3872027], [2.4497225, 6.3871937]]}, "properties": {"kind": "single_owner", "winner": "Sègbèya-Nord", "color": "#c64b87", "length_m": 218.3, "virtual": false}}, {"type": "Feature", "geometry": {"type": "LineString", "coordinates": [[2.4485672, 6.3918154], [2.4490591, 6.3918141]]}, "properties": {"kind": "single_owner", "winner": "Agbodjèdo", "color": "#88d040", "length_m": 54.4, "virtual": false}}, {"type": "Feature", "geometry": {"type": "LineString", "coordinates": [[2.4485867, 6.3931114], [2.4490394, 6.3931297]]}, "properties": {"kind": "single_owner", "winner": "Agbodjèdo", "color": "#88d040", "length_m": 50.1, "virtual": false}}, {"type": "Feature", "geometry": {"type": "LineString", "coordinates": [[2.4490591, 6.3918141], [2.4490566, 6.3923012]]}, "properties": {"kind": "single_owner", "winner": "Agbodjèdo", "color": "#88d040", "length_m": 53.8, "virtual": false}}, {"type": "Feature", "geometry": {"type": "LineString", "coordinates": [[2.4574327, 6.3905581], [2.4580152, 6.3905623]]}, "properties": {"kind": "single_owner", "winner": "Gankpodo", "color": "#43d4ca", "length_m": 64.4, "virtual": false}}, {"type": "Feature", "geometry": {"type": "LineString", "coordinates": [[2.4574091, 6.388591], [2.4574095, 6.388377]]}, "properties": {"kind": "single_owner", "winner": "Gankpodo", "color": "#43d4ca", "length_m": 23.7, "virtual": false}}, {"type": "Feature", "geometry": {"type": "LineString", "coordinates": [[2.4574091, 6.388591], [2.4579362, 6.3885848]]}, "properties": {"kind": "single_owner", "winner": "Gankpodo", "color": "#43d4ca", "length_m": 58.3, "virtual": false}}, {"type": "Feature", "geometry": {"type": "LineString", "coordinates": [[2.4574095, 6.388377], [2.4573787, 6.3877751]]}, "properties": {"kind": "single_owner", "winner": "Gankpodo", "color": "#43d4ca", "length_m": 66.6, "virtual": false}}, {"type": "Feature", "geometry": {"type": "LineString", "coordinates": [[2.4574095, 6.388377], [2.4592787, 6.3883628]]}, "properties": {"kind": "single_owner", "winner": "Gankpodo", "color": "#43d4ca", "length_m": 206.8, "virtual": false}}, {"type": "Feature", "geometry": {"type": "LineString", "coordinates": [[2.4574095, 6.388377], [2.4568764, 6.3883823]]}, "properties": {"kind": "single_owner", "winner": "Gankpodo", "color": "#43d4ca", "length_m": 59.0, "virtual": false}}, {"type": "Feature", "geometry": {"type": "LineString", "coordinates": [[2.4573787, 6.3877751], [2.4561644, 6.3877569]]}, "properties": {"kind": "single_owner", "winner": "Gankpodo", "color": "#43d4ca", "length_m": 134.4, "virtual": false}}, {"type": "Feature", "geometry": {"type": "LineString", "coordinates": [[2.4573961, 6.3871242], [2.4561582, 6.387133]]}, "properties": {"kind": "single_owner", "winner": "Kpondéhou", "color": "#41c872", "length_m": 137.0, "virtual": false}}, {"type": "Feature", "geometry": {"type": "LineString", "coordinates": [[2.4573961, 6.3871242], [2.4573893, 6.3864739]]}, "properties": {"kind": "single_owner", "winner": "Kpondéhou", "color": "#41c872", "length_m": 71.9, "virtual": false}}, {"type": "Feature", "geometry": {"type": "LineString", "coordinates": [[2.4573893, 6.3864739], [2.4561517, 6.3864838]]}, "properties": {"kind": "single_owner", "winner": "Kpondéhou", "color": "#41c872", "length_m": 136.9, "virtual": false}}, {"type": "Feature", "geometry": {"type": "LineString", "coordinates": [[2.4573787, 6.3854769], [2.4573728, 6.3849072]]}, "properties": {"kind": "single_owner", "winner": "Kpondéhou", "color": "#41c872", "length_m": 63.0, "virtual": false}}, {"type": "Feature", "geometry": {"type": "LineString", "coordinates": [[2.4573728, 6.3849072], [2.456136, 6.3849167]]}, "properties": {"kind": "single_owner", "winner": "Kpondéhou", "color": "#41c872", "length_m": 136.8, "virtual": false}}, {"type": "Feature", "geometry": {"type": "LineString", "coordinates": [[2.456136, 6.3849167], [2.4561234, 6.3836567]]}, "properties": {"kind": "single_owner", "winner": "Kpondéhou", "color": "#41c872", "length_m": 139.3, "virtual": false}}, {"type": "Feature", "geometry": {"type": "LineString", "coordinates": [[2.4592804, 6.3885731], [2.4594543, 6.3885711]]}, "properties": {"kind": "single_owner", "winner": "Gankpodo", "color": "#43d4ca", "length_m": 19.2, "virtual": false}}, {"type": "Feature", "geometry": {"type": "LineString", "coordinates": [[2.4592804, 6.3885731], [2.4592787, 6.3883628]]}, "properties": {"kind": "single_owner", "winner": "Gankpodo", "color": "#43d4ca", "length_m": 23.2, "virtual": false}}, {"type": "Feature", "geometry": {"type": "LineString", "coordinates": [[2.4592804, 6.3885731], [2.4579362, 6.3885848]]}, "properties": {"kind": "single_owner", "winner": "Gankpodo", "color": "#43d4ca", "length_m": 148.7, "virtual": false}}, {"type": "Feature", "geometry": {"type": "LineString", "coordinates": [[2.4592139, 6.3803449], [2.457921, 6.380362]]}, "properties": {"kind": "single_owner", "winner": "Sènadé", "color": "#d38544", "length_m": 143.0, "virtual": false}}, {"type": "Feature", "geometry": {"type": "LineString", "coordinates": [[2.4622582, 6.3883657], [2.4622429, 6.3877118]]}, "properties": {"kind": "single_owner", "winner": "Yénawa", "color": "#de4ad4", "length_m": 72.3, "virtual": false}}, {"type": "Feature", "geometry": {"type": "LineString", "coordinates": [[2.4622582, 6.3883657], [2.4622729, 6.3885421]]}, "properties": {"kind": "single_owner", "winner": "Yénawa", "color": "#de4ad4", "length_m": 19.6, "virtual": false}}, {"type": "Feature", "geometry": {"type": "LineString", "coordinates": [[2.4622582, 6.3883657], [2.4623579, 6.3883673]]}, "properties": {"kind": "single_owner", "winner": "Yénawa", "color": "#de4ad4", "length_m": 11.0, "virtual": false}}, {"type": "Feature", "geometry": {"type": "LineString", "coordinates": [[2.4623579, 6.3883673], [2.462357, 6.3877037]]}, "properties": {"kind": "single_owner", "winner": "Yénawa", "color": "#de4ad4", "length_m": 73.4, "virtual": false}}, {"type": "Feature", "geometry": {"type": "LineString", "coordinates": [[2.4623579, 6.3883673], [2.4624871, 6.3883823]]}, "properties": {"kind": "single_owner", "winner": "Yénawa", "color": "#de4ad4", "length_m": 14.4, "virtual": false}}, {"type": "Feature", "geometry": {"type": "LineString", "coordinates": [[2.4623579, 6.3883673], [2.4623576, 6.3885412]]}, "properties": {"kind": "single_owner", "winner": "Yénawa", "color": "#de4ad4", "length_m": 19.2, "virtual": false}}, {"type": "Feature", "geometry": {"type": "LineString", "coordinates": [[2.4622429, 6.3877118], [2.4622291, 6.3870947]]}, "properties": {"kind": "single_owner", "winner": "Yénawa", "color": "#de4ad4", "length_m": 68.2, "virtual": false}}, {"type": "Feature", "geometry": {"type": "LineString", "coordinates": [[2.4535457, 6.3842905], [2.4535403, 6.3836684]]}, "properties": {"kind": "single_owner", "winner": "Kpondéhou", "color": "#41c872", "length_m": 68.8, "virtual": false}}, {"type": "Feature", "geometry": {"type": "LineString", "coordinates": [[2.4554508, 6.3842832], [2.4554478, 6.3836588]]}, "properties": {"kind": "single_owner", "winner": "Kpondéhou", "color": "#41c872", "length_m": 69.0, "virtual": false}}, {"type": "Feature", "geometry": {"type": "LineString", "coordinates": [[2.4554449, 6.3830501], [2.4554478, 6.3836588]]}, "properties": {"kind": "single_owner", "winner": "Kpondéhou", "color": "#41c872", "length_m": 67.3, "virtual": false}}, {"type": "Feature", "geometry": {"type": "LineString", "coordinates": [[2.4554478, 6.3836588], [2.4535403, 6.3836684]]}, "properties": {"kind": "single_owner", "winner": "Kpondéhou", "color": "#41c872", "length_m": 211.0, "virtual": false}}, {"type": "Feature", "geometry": {"type": "LineString", "coordinates": [[2.4554478, 6.3836588], [2.4561234, 6.3836567]]}, "properties": {"kind": "single_owner", "winner": "Kpondéhou", "color": "#41c872", "length_m": 74.7, "virtual": false}}, {"type": "Feature", "geometry": {"type": "LineString", "coordinates": [[2.4476048, 6.3791324], [2.447604, 6.3785157]]}, "properties": {"kind": "single_owner", "winner": "Sègbèya-Sud", "color": "#42c8b0", "length_m": 68.2, "virtual": false}}, {"type": "Feature", "geometry": {"type": "LineString", "coordinates": [[2.4496493, 6.3791064], [2.4496467, 6.3784802]]}, "properties": {"kind": "single_owner", "winner": "Ayélawadjè", "color": "#b24bc6", "length_m": 69.2, "virtual": false}}, {"type": "Feature", "geometry": {"type": "LineString", "coordinates": [[2.4461985, 6.3791738], [2.446184, 6.3797254]]}, "properties": {"kind": "single_owner", "winner": "Sègbèya-Sud", "color": "#42c8b0", "length_m": 61.0, "virtual": false}}, {"type": "Feature", "geometry": {"type": "LineString", "coordinates": [[2.4414311, 6.3791577], [2.4433277, 6.3791681]]}, "properties": {"kind": "single_owner", "winner": "Midombo", "color": "#50d9b9", "length_m": 209.8, "virtual": false}}, {"type": "Feature", "geometry": {"type": "LineString", "coordinates": [[2.4414311, 6.3791577], [2.4415237, 6.3785477]]}, "properties": {"kind": "single_owner", "winner": "Midombo", "color": "#50d9b9", "length_m": 68.2, "virtual": false}}, {"type": "Feature", "geometry": {"type": "LineString", "coordinates": [[2.4415237, 6.3785477], [2.4433243, 6.3785489]]}, "properties": {"kind": "single_owner", "winner": "Midombo", "color": "#50d9b9", "length_m": 199.2, "virtual": false}}, {"type": "Feature", "geometry": {"type": "LineString", "coordinates": [[2.4415237, 6.3785477], [2.4416229, 6.3778756]]}, "properties": {"kind": "single_owner", "winner": "Midombo", "color": "#50d9b9", "length_m": 75.1, "virtual": false}}, {"type": "Feature", "geometry": {"type": "LineString", "coordinates": [[2.4410351, 6.3817675], [2.441118, 6.381124]]}, "properties": {"kind": "single_owner", "winner": "Sègbèya-Sud", "color": "#42c8b0", "length_m": 71.7, "virtual": false}}, {"type": "Feature", "geometry": {"type": "LineString", "coordinates": [[2.4410351, 6.3817675], [2.4409346, 6.3823685]]}, "properties": {"kind": "single_owner", "winner": "Sègbèya-Sud", "color": "#42c8b0", "length_m": 67.4, "virtual": false}}, {"type": "Feature", "geometry": {"type": "LineString", "coordinates": [[2.4410351, 6.3817675], [2.4426924, 6.3817633]]}, "properties": {"kind": "single_owner", "winner": "Sègbèya-Sud", "color": "#42c8b0", "length_m": 183.3, "virtual": false}}, {"type": "Feature", "geometry": {"type": "LineString", "coordinates": [[2.4410017, 6.3778692], [2.4416229, 6.3778756]]}, "properties": {"kind": "single_owner", "winner": "Midombo", "color": "#50d9b9", "length_m": 68.7, "virtual": false}}, {"type": "Feature", "geometry": {"type": "LineString", "coordinates": [[2.4410017, 6.3778692], [2.4408474, 6.3784443]]}, "properties": {"kind": "single_owner", "winner": "Midombo", "color": "#50d9b9", "length_m": 65.8, "virtual": false}}, {"type": "Feature", "geometry": {"type": "LineString", "coordinates": [[2.4416229, 6.3778756], [2.4433099, 6.3778975]]}, "properties": {"kind": "single_owner", "winner": "Midombo", "color": "#50d9b9", "length_m": 186.6, "virtual": false}}, {"type": "Feature", "geometry": {"type": "LineString", "coordinates": [[2.44332, 6.3804375], [2.4433363, 6.3798461]]}, "properties": {"kind": "single_owner", "winner": "Midombo", "color": "#50d9b9", "length_m": 65.4, "virtual": false}}, {"type": "Feature", "geometry": {"type": "LineString", "coordinates": [[2.4412322, 6.3804687], [2.441118, 6.381124]]}, "properties": {"kind": "single_owner", "winner": "Sègbèya-Sud", "color": "#42c8b0", "length_m": 73.5, "virtual": false}}, {"type": "Feature", "geometry": {"type": "LineString", "coordinates": [[2.4426616, 6.3804708], [2.4426369, 6.3798669]]}, "properties": {"kind": "single_owner", "winner": "Midombo", "color": "#50d9b9", "length_m": 66.8, "virtual": false}}, {"type": "Feature", "geometry": {"type": "LineString", "coordinates": [[2.4446222, 6.3797512], [2.4445819, 6.3798476]]}, "properties": {"kind": "single_owner", "winner": "Midombo", "color": "#50d9b9", "length_m": 11.6, "virtual": false}}, {"type": "Feature", "geometry": {"type": "LineString", "coordinates": [[2.441118, 6.381124], [2.4426943, 6.3811065]]}, "properties": {"kind": "single_owner", "winner": "Sègbèya-Sud", "color": "#42c8b0", "length_m": 174.4, "virtual": false}}, {"type": "Feature", "geometry": {"type": "LineString", "coordinates": [[2.4541503, 6.3896049], [2.4564198, 6.3895675]]}, "properties": {"kind": "single_owner", "winner": "Gankpodo", "color": "#43d4ca", "length_m": 251.1, "virtual": false}}, {"type": "Feature", "geometry": {"type": "LineString", "coordinates": [[2.4564198, 6.3895675], [2.4564194, 6.3891233]]}, "properties": {"kind": "single_owner", "winner": "Gankpodo", "color": "#43d4ca", "length_m": 49.1, "virtual": false}}, {"type": "Feature", "geometry": {"type": "LineString", "coordinates": [[2.4541518, 6.389124], [2.4564194, 6.3891233]]}, "properties": {"kind": "single_owner", "winner": "Gankpodo", "color": "#43d4ca", "length_m": 250.9, "virtual": false}}, {"type": "Feature", "geometry": {"type": "LineString", "coordinates": [[2.4564194, 6.3891233], [2.4564186, 6.3883868]]}, "properties": {"kind": "single_owner", "winner": "Gankpodo", "color": "#43d4ca", "length_m": 81.4, "virtual": false}}, {"type": "Feature", "geometry": {"type": "LineString", "coordinates": [[2.4568764, 6.3883823], [2.4564186, 6.3883868]]}, "properties": {"kind": "single_owner", "winner": "Gankpodo", "color": "#43d4ca", "length_m": 50.6, "virtual": false}}, {"type": "Feature", "geometry": {"type": "LineString", "coordinates": [[2.4564186, 6.3883868], [2.4561707, 6.3883893]]}, "properties": {"kind": "single_owner", "winner": "Gankpodo", "color": "#43d4ca", "length_m": 27.4, "virtual": false}}, {"type": "Feature", "geometry": {"type": "LineString", "coordinates": [[2.45091, 6.3778241], [2.4509142, 6.3784696]]}, "properties": {"kind": "single_owner", "winner": "Ayélawadjè", "color": "#b24bc6", "length_m": 71.4, "virtual": false}}, {"type": "Feature", "geometry": {"type": "LineString", "coordinates": [[2.4491577, 6.3731878], [2.449164, 6.3725993]]}, "properties": {"kind": "single_owner", "winner": "Fifatin", "color": "#4bd29e", "length_m": 65.1, "virtual": false}}, {"type": "Feature", "geometry": {"type": "LineString", "coordinates": [[2.4491577, 6.3731878], [2.4517114, 6.3732111]]}, "properties": {"kind": "single_owner", "winner": "Fifatin", "color": "#4bd29e", "length_m": 282.5, "virtual": false}}, {"type": "Feature", "geometry": {"type": "LineString", "coordinates": [[2.449164, 6.3725993], [2.4517527, 6.3726179]]}, "properties": {"kind": "single_owner", "winner": "Fifatin", "color": "#4bd29e", "length_m": 286.4, "virtual": false}}, {"type": "Feature", "geometry": {"type": "LineString", "coordinates": [[2.4559834, 6.3778183], [2.4572334, 6.377794]]}, "properties": {"kind": "single_owner", "winner": "Sènadé", "color": "#d38544", "length_m": 138.3, "virtual": false}}, {"type": "Feature", "geometry": {"type": "LineString", "coordinates": [[2.4559834, 6.3778183], [2.4559767, 6.3771546]]}, "properties": {"kind": "single_owner", "winner": "Sènadé", "color": "#d38544", "length_m": 73.4, "virtual": false}}, {"type": "Feature", "geometry": {"type": "LineString", "coordinates": [[2.4559834, 6.3778183], [2.4559896, 6.3784318]]}, "properties": {"kind": "single_owner", "winner": "Sènadé", "color": "#d38544", "length_m": 67.8, "virtual": false}}, {"type": "Feature", "geometry": {"type": "LineString", "coordinates": [[2.4502838, 6.3784749], [2.4509142, 6.3784696]]}, "properties": {"kind": "single_owner", "winner": "Ayélawadjè", "color": "#b24bc6", "length_m": 69.7, "virtual": false}}, {"type": "Feature", "geometry": {"type": "LineString", "coordinates": [[2.3675006, 6.4988414], [2.3673075, 6.4988253]]}, "properties": {"kind": "single_owner", "winner": "Akassato", "color": "#d553dc", "length_m": 21.4, "virtual": false}}, {"type": "Feature", "geometry": {"type": "LineString", "coordinates": [[2.3675006, 6.4988414], [2.3675702, 6.4989278]]}, "properties": {"kind": "single_owner", "winner": "Akassato", "color": "#d553dc", "length_m": 12.3, "virtual": false}}, {"type": "Feature", "geometry": {"type": "LineString", "coordinates": [[2.3673075, 6.4988253], [2.3672206, 6.4993235]]}, "properties": {"kind": "single_owner", "winner": "Akassato", "color": "#d553dc", "length_m": 55.9, "virtual": false}}, {"type": "Feature", "geometry": {"type": "LineString", "coordinates": [[2.3673075, 6.4988253], [2.367125, 6.4987774]]}, "properties": {"kind": "single_owner", "winner": "Akassato", "color": "#d553dc", "length_m": 20.9, "virtual": false}}, {"type": "Feature", "geometry": {"type": "LineString", "coordinates": [[2.3673075, 6.4988253], [2.3673486, 6.4987659]]}, "properties": {"kind": "single_owner", "winner": "Akassato", "color": "#d553dc", "length_m": 8.0, "virtual": false}}, {"type": "Feature", "geometry": {"type": "LineString", "coordinates": [[2.367125, 6.4987774], [2.3667713, 6.4986704]]}, "properties": {"kind": "single_owner", "winner": "Akassato", "color": "#d553dc", "length_m": 40.9, "virtual": false}}, {"type": "Feature", "geometry": {"type": "LineString", "coordinates": [[2.3667713, 6.4986704], [2.3668295, 6.4981982]]}, "properties": {"kind": "single_owner", "winner": "Akassato", "color": "#d553dc", "length_m": 52.6, "virtual": false}}, {"type": "Feature", "geometry": {"type": "LineString", "coordinates": [[2.3667713, 6.4986704], [2.3657661, 6.4983368]]}, "properties": {"kind": "single_owner", "winner": "Akassato", "color": "#d553dc", "length_m": 117.2, "virtual": false}}, {"type": "Feature", "geometry": {"type": "LineString", "coordinates": [[2.3657661, 6.4983368], [2.3656735, 6.498971]]}, "properties": {"kind": "single_owner", "winner": "Akassato", "color": "#d553dc", "length_m": 70.8, "virtual": false}}, {"type": "Feature", "geometry": {"type": "LineString", "coordinates": [[2.3657661, 6.4983368], [2.365259, 6.4981254]]}, "properties": {"kind": "single_owner", "winner": "Akassato", "color": "#d553dc", "length_m": 60.8, "virtual": false}}, {"type": "Feature", "geometry": {"type": "LineString", "coordinates": [[2.361757, 6.5029415], [2.3620424, 6.5029579]]}, "properties": {"kind": "single_owner", "winner": "Akassato", "color": "#d553dc", "length_m": 31.6, "virtual": false}}, {"type": "Feature", "geometry": {"type": "LineString", "coordinates": [[2.361757, 6.5029415], [2.3618527, 6.5030884]]}, "properties": {"kind": "single_owner", "winner": "Akassato", "color": "#d553dc", "length_m": 19.4, "virtual": false}}, {"type": "Feature", "geometry": {"type": "LineString", "coordinates": [[2.3620424, 6.5029579], [2.3623481, 6.5029683]]}, "properties": {"kind": "single_owner", "winner": "Akassato", "color": "#d553dc", "length_m": 33.8, "virtual": false}}, {"type": "Feature", "geometry": {"type": "LineString", "coordinates": [[2.3623481, 6.5029683], [2.3623807, 6.5022874]]}, "properties": {"kind": "single_owner", "winner": "Akassato", "color": "#d553dc", "length_m": 75.4, "virtual": false}}, {"type": "Feature", "geometry": {"type": "LineString", "coordinates": [[2.3623481, 6.5029683], [2.3634352, 6.5030288]]}, "properties": {"kind": "single_owner", "winner": "Akassato", "color": "#d553dc", "length_m": 120.4, "virtual": false}}, {"type": "Feature", "geometry": {"type": "LineString", "coordinates": [[2.3542358, 6.5104714], [2.3550038, 6.5105145]]}, "properties": {"kind": "single_owner", "winner": "Akassato", "color": "#d553dc", "length_m": 85.1, "virtual": false}}, {"type": "Feature", "geometry": {"type": "LineString", "coordinates": [[2.3542358, 6.5104714], [2.3543035, 6.5092902]]}, "properties": {"kind": "single_owner", "winner": "Akassato", "color": "#d553dc", "length_m": 130.8, "virtual": false}}, {"type": "Feature", "geometry": {"type": "LineString", "coordinates": [[2.3542358, 6.5104714], [2.3542024, 6.5110379]]}, "properties": {"kind": "single_owner", "winner": "Akassato", "color": "#d553dc", "length_m": 62.7, "virtual": false}}, {"type": "Feature", "geometry": {"type": "LineString", "coordinates": [[2.3550038, 6.5105145], [2.3556298, 6.5105496]]}, "properties": {"kind": "single_owner", "winner": "Akassato", "color": "#d553dc", "length_m": 69.4, "virtual": false}}, {"type": "Feature", "geometry": {"type": "LineString", "coordinates": [[2.3550038, 6.5105145], [2.3550443, 6.5098044]]}, "properties": {"kind": "single_owner", "winner": "Akassato", "color": "#d553dc", "length_m": 78.6, "virtual": false}}, {"type": "Feature", "geometry": {"type": "LineString", "coordinates": [[2.3556298, 6.5105496], [2.3563027, 6.5105874]]}, "properties": {"kind": "single_owner", "winner": "Akassato", "color": "#d553dc", "length_m": 74.6, "virtual": false}}, {"type": "Feature", "geometry": {"type": "LineString", "coordinates": [[2.3563027, 6.5105874], [2.3565855, 6.510606]]}, "properties": {"kind": "single_owner", "winner": "Akassato", "color": "#d553dc", "length_m": 31.4, "virtual": false}}, {"type": "Feature", "geometry": {"type": "LineString", "coordinates": [[2.3565855, 6.510606], [2.3570513, 6.5106294]]}, "properties": {"kind": "single_owner", "winner": "Akassato", "color": "#d553dc", "length_m": 51.6, "virtual": false}}, {"type": "Feature", "geometry": {"type": "LineString", "coordinates": [[2.3570513, 6.5106294], [2.3570873, 6.5098927]]}, "properties": {"kind": "single_owner", "winner": "Akassato", "color": "#d553dc", "length_m": 81.5, "virtual": false}}, {"type": "Feature", "geometry": {"type": "LineString", "coordinates": [[2.3630261, 6.5109646], [2.3630288, 6.5110725]]}, "properties": {"kind": "single_owner", "winner": "Akassato", "color": "#d553dc", "length_m": 11.9, "virtual": false}}, {"type": "Feature", "geometry": {"type": "LineString", "coordinates": [[2.3630261, 6.5109646], [2.3630168, 6.5108114]]}, "properties": {"kind": "single_owner", "winner": "Akassato", "color": "#d553dc", "length_m": 17.0, "virtual": false}}, {"type": "Feature", "geometry": {"type": "LineString", "coordinates": [[2.3597517, 6.5056041], [2.358771, 6.5055481]]}, "properties": {"kind": "single_owner", "winner": "Akassato", "color": "#d553dc", "length_m": 108.7, "virtual": false}}, {"type": "Feature", "geometry": {"type": "LineString", "coordinates": [[2.3429308, 6.5209146], [2.3436503, 6.5209513]]}, "properties": {"kind": "single_owner", "winner": "Adjagbo", "color": "#cd3f8f", "length_m": 79.7, "virtual": false}}, {"type": "Feature", "geometry": {"type": "LineString", "coordinates": [[2.3429308, 6.5209146], [2.3429085, 6.5210545]]}, "properties": {"kind": "single_owner", "winner": "Adjagbo", "color": "#cd3f8f", "length_m": 15.7, "virtual": false}}, {"type": "Feature", "geometry": {"type": "LineString", "coordinates": [[2.3578723, 6.5216752], [2.3579275, 6.5216029]]}, "properties": {"kind": "single_owner", "winner": "Misséssinto", "color": "#dc3e51", "length_m": 10.1, "virtual": false}}, {"type": "Feature", "geometry": {"type": "LineString", "coordinates": [[2.3578723, 6.5216752], [2.3577367, 6.5218196]]}, "properties": {"kind": "single_owner", "winner": "Misséssinto", "color": "#dc3e51", "length_m": 21.9, "virtual": false}}, {"type": "Feature", "geometry": {"type": "LineString", "coordinates": [[2.3542024, 6.5110379], [2.3541896, 6.5111802]]}, "properties": {"kind": "single_owner", "winner": "Akassato", "color": "#d553dc", "length_m": 15.8, "virtual": false}}, {"type": "Feature", "geometry": {"type": "LineString", "coordinates": [[2.3542024, 6.5110379], [2.3549996, 6.5110765]]}, "properties": {"kind": "single_owner", "winner": "Akassato", "color": "#d553dc", "length_m": 88.3, "virtual": false}}, {"type": "Feature", "geometry": {"type": "LineString", "coordinates": [[2.3541896, 6.5111802], [2.3541834, 6.5112826]]}, "properties": {"kind": "single_owner", "winner": "Akassato", "color": "#d553dc", "length_m": 11.3, "virtual": false}}, {"type": "Feature", "geometry": {"type": "LineString", "coordinates": [[2.3223411, 6.4927816], [2.3230559, 6.4926563]]}, "properties": {"kind": "single_owner", "winner": "Kansounkpa", "color": "#c93e91", "length_m": 80.3, "virtual": false}}, {"type": "Feature", "geometry": {"type": "LineString", "coordinates": [[2.3120063, 6.4364136], [2.3127882, 6.4364958]]}, "properties": {"kind": "single_owner", "winner": "Houèto", "color": "#de47d2", "length_m": 87.0, "virtual": false}}, {"type": "Feature", "geometry": {"type": "LineString", "coordinates": [[2.3120063, 6.4364136], [2.3118084, 6.4366827]]}, "properties": {"kind": "single_owner", "winner": "Houèto", "color": "#de47d2", "length_m": 36.9, "virtual": false}}, {"type": "Feature", "geometry": {"type": "LineString", "coordinates": [[2.3118084, 6.4366827], [2.3116803, 6.436857]]}, "properties": {"kind": "single_owner", "winner": "Houèto", "color": "#de47d2", "length_m": 23.9, "virtual": false}}, {"type": "Feature", "geometry": {"type": "LineString", "coordinates": [[2.3118084, 6.4366827], [2.3116739, 6.4361137]]}, "properties": {"kind": "single_owner", "winner": "Houèto", "color": "#de47d2", "length_m": 64.6, "virtual": false}}, {"type": "Feature", "geometry": {"type": "LineString", "coordinates": [[2.3116803, 6.436857], [2.3116042, 6.436617]]}, "properties": {"kind": "single_owner", "winner": "Houèto", "color": "#de47d2", "length_m": 27.8, "virtual": false}}, {"type": "Feature", "geometry": {"type": "LineString", "coordinates": [[2.3116803, 6.436857], [2.3110841, 6.4377281]]}, "properties": {"kind": "single_owner", "winner": "Houèto", "color": "#de47d2", "length_m": 116.7, "virtual": false}}, {"type": "Feature", "geometry": {"type": "LineString", "coordinates": [[2.3116803, 6.436857], [2.3117838, 6.4370845]]}, "properties": {"kind": "single_owner", "winner": "Houèto", "color": "#de47d2", "length_m": 27.6, "virtual": false}}, {"type": "Feature", "geometry": {"type": "LineString", "coordinates": [[2.3110841, 6.4377281], [2.3106856, 6.4374664]]}, "properties": {"kind": "single_owner", "winner": "Houèto", "color": "#de47d2", "length_m": 52.7, "virtual": false}}, {"type": "Feature", "geometry": {"type": "LineString", "coordinates": [[2.3110841, 6.4377281], [2.3106325, 6.4383532]]}, "properties": {"kind": "single_owner", "winner": "Houèto", "color": "#de47d2", "length_m": 85.3, "virtual": false}}, {"type": "Feature", "geometry": {"type": "LineString", "coordinates": [[2.3106325, 6.4383532], [2.3109269, 6.43829]]}, "properties": {"kind": "single_owner", "winner": "Houèto", "color": "#de47d2", "length_m": 33.3, "virtual": false}}, {"type": "Feature", "geometry": {"type": "LineString", "coordinates": [[2.3106325, 6.4383532], [2.3105287, 6.4384968]]}, "properties": {"kind": "single_owner", "winner": "Houèto", "color": "#de47d2", "length_m": 19.6, "virtual": false}}, {"type": "Feature", "geometry": {"type": "LineString", "coordinates": [[2.3105287, 6.4384968], [2.31042, 6.4386351]]}, "properties": {"kind": "single_owner", "winner": "Houèto", "color": "#de47d2", "length_m": 19.5, "virtual": false}}, {"type": "Feature", "geometry": {"type": "LineString", "coordinates": [[2.31042, 6.4386351], [2.3102838, 6.4387521]]}, "properties": {"kind": "single_owner", "winner": "Houèto", "color": "#de47d2", "length_m": 19.9, "virtual": false}}, {"type": "Feature", "geometry": {"type": "LineString", "coordinates": [[2.2931224, 6.4176602], [2.2934465, 6.4175255]]}, "properties": {"kind": "single_owner", "winner": "Womey-Yénawa", "color": "#c93e43", "length_m": 38.8, "virtual": false}}, {"type": "Feature", "geometry": {"type": "LineString", "coordinates": [[2.2923084, 6.4156758], [2.2923969, 6.4155772]]}, "properties": {"kind": "single_owner", "winner": "Womey-Yénawa", "color": "#c93e43", "length_m": 14.7, "virtual": false}}, {"type": "Feature", "geometry": {"type": "LineString", "coordinates": [[2.2923969, 6.4155772], [2.2925391, 6.4154479]]}, "properties": {"kind": "single_owner", "winner": "Womey-Yénawa", "color": "#c93e43", "length_m": 21.3, "virtual": false}}, {"type": "Feature", "geometry": {"type": "LineString", "coordinates": [[2.2925391, 6.4154479], [2.2928877, 6.4150561]]}, "properties": {"kind": "single_owner", "winner": "Womey-Yénawa", "color": "#c93e43", "length_m": 58.0, "virtual": false}}, {"type": "Feature", "geometry": {"type": "LineString", "coordinates": [[2.2928877, 6.4150561], [2.292933, 6.415103]]}, "properties": {"kind": "single_owner", "winner": "Womey-Yénawa", "color": "#c93e43", "length_m": 7.2, "virtual": false}}, {"type": "Feature", "geometry": {"type": "LineString", "coordinates": [[2.3428886, 6.3970641], [2.3430041, 6.3967579]]}, "properties": {"kind": "single_owner", "winner": "Godomey-Togoudo", "color": "#c93d4b", "length_m": 36.2, "virtual": false}}, {"type": "Feature", "geometry": {"type": "LineString", "coordinates": [[2.3428886, 6.3970641], [2.3425193, 6.3980508]]}, "properties": {"kind": "single_owner", "winner": "Godomey-Togoudo", "color": "#c93d4b", "length_m": 116.5, "virtual": false}}, {"type": "Feature", "geometry": {"type": "LineString", "coordinates": [[2.3430041, 6.3967579], [2.3430645, 6.3966217]]}, "properties": {"kind": "single_owner", "winner": "Godomey-Togoudo", "color": "#c93d4b", "length_m": 16.5, "virtual": false}}, {"type": "Feature", "geometry": {"type": "LineString", "coordinates": [[2.366918, 6.3927551], [2.3671448, 6.3920353]]}, "properties": {"kind": "single_owner", "winner": "Mènontin", "color": "#93d64b", "length_m": 83.4, "virtual": false}}, {"type": "Feature", "geometry": {"type": "LineString", "coordinates": [[2.366918, 6.3927551], [2.3667619, 6.3932454]]}, "properties": {"kind": "single_owner", "winner": "Mènontin", "color": "#93d64b", "length_m": 56.9, "virtual": false}}, {"type": "Feature", "geometry": {"type": "LineString", "coordinates": [[2.3670139, 6.3942434], [2.3651524, 6.3942962]]}, "properties": {"kind": "single_owner", "winner": "Mènontin", "color": "#93d64b", "length_m": 206.0, "virtual": false}}, {"type": "Feature", "geometry": {"type": "LineString", "coordinates": [[2.3863546, 6.3637332], [2.3863345, 6.3638269]]}, "properties": {"kind": "single_owner", "winner": "Gbèdégbé", "color": "#d443c3", "length_m": 10.6, "virtual": false}}, {"type": "Feature", "geometry": {"type": "LineString", "coordinates": [[2.3863546, 6.3637332], [2.3867315, 6.3639317]]}, "properties": {"kind": "single_owner", "winner": "Gbèdégbé", "color": "#d443c3", "length_m": 47.1, "virtual": false}}, {"type": "Feature", "geometry": {"type": "LineString", "coordinates": [[2.3863345, 6.3638269], [2.38634, 6.3639095]]}, "properties": {"kind": "single_owner", "winner": "Gbèdégbé", "color": "#d443c3", "length_m": 9.2, "virtual": false}}, {"type": "Feature", "geometry": {"type": "LineString", "coordinates": [[2.38634, 6.3639095], [2.3863694, 6.3639948]]}, "properties": {"kind": "single_owner", "winner": "Gbèdégbé", "color": "#d443c3", "length_m": 10.0, "virtual": false}}, {"type": "Feature", "geometry": {"type": "LineString", "coordinates": [[2.3863694, 6.3639948], [2.3867235, 6.3646479]]}, "properties": {"kind": "single_owner", "winner": "Gbèdégbé", "color": "#d443c3", "length_m": 82.1, "virtual": false}}, {"type": "Feature", "geometry": {"type": "LineString", "coordinates": [[2.3867315, 6.3639317], [2.3878111, 6.3647625]]}, "properties": {"kind": "single_owner", "winner": "Gbèdégbé", "color": "#d443c3", "length_m": 150.7, "virtual": false}}, {"type": "Feature", "geometry": {"type": "LineString", "coordinates": [[2.3796582, 6.379548], [2.3782187, 6.3788245]]}, "properties": {"kind": "single_owner", "winner": "Kouhounou", "color": "#dcca40", "length_m": 178.2, "virtual": false}}, {"type": "Feature", "geometry": {"type": "LineString", "coordinates": [[2.3782187, 6.3788245], [2.3781525, 6.3789244]]}, "properties": {"kind": "single_owner", "winner": "Kouhounou", "color": "#dcca40", "length_m": 13.3, "virtual": false}}, {"type": "Feature", "geometry": {"type": "LineString", "coordinates": [[2.3782187, 6.3788245], [2.378342, 6.3785487]]}, "properties": {"kind": "single_owner", "winner": "Kouhounou", "color": "#dcca40", "length_m": 33.4, "virtual": false}}, {"type": "Feature", "geometry": {"type": "LineString", "coordinates": [[2.3782275, 6.3792892], [2.3781088, 6.3792067]]}, "properties": {"kind": "single_owner", "winner": "Kouhounou", "color": "#dcca40", "length_m": 16.0, "virtual": false}}, {"type": "Feature", "geometry": {"type": "LineString", "coordinates": [[2.3781088, 6.3792067], [2.3781149, 6.3792849]]}, "properties": {"kind": "single_owner", "winner": "Kouhounou", "color": "#dcca40", "length_m": 8.7, "virtual": false}}, {"type": "Feature", "geometry": {"type": "LineString", "coordinates": [[2.3781088, 6.3792067], [2.3781002, 6.3791064]]}, "properties": {"kind": "single_owner", "winner": "Kouhounou", "color": "#dcca40", "length_m": 11.1, "virtual": false}}, {"type": "Feature", "geometry": {"type": "LineString", "coordinates": [[2.3781525, 6.3789244], [2.3781002, 6.3791064]]}, "properties": {"kind": "single_owner", "winner": "Kouhounou", "color": "#dcca40", "length_m": 20.9, "virtual": false}}, {"type": "Feature", "geometry": {"type": "LineString", "coordinates": [[2.37502, 6.3878769], [2.3748018, 6.3874925]]}, "properties": {"kind": "single_owner", "winner": "Mènontin", "color": "#93d64b", "length_m": 48.9, "virtual": false}}, {"type": "Feature", "geometry": {"type": "LineString", "coordinates": [[2.3652729, 6.3933514], [2.3667619, 6.3932454]]}, "properties": {"kind": "single_owner", "winner": "Mènontin", "color": "#93d64b", "length_m": 165.1, "virtual": false}}, {"type": "Feature", "geometry": {"type": "LineString", "coordinates": [[2.3652729, 6.3933514], [2.3652156, 6.3939327]]}, "properties": {"kind": "single_owner", "winner": "Mènontin", "color": "#93d64b", "length_m": 64.6, "virtual": false}}, {"type": "Feature", "geometry": {"type": "LineString", "coordinates": [[2.3652156, 6.3939327], [2.3665359, 6.3938127]]}, "properties": {"kind": "single_owner", "winner": "Mènontin", "color": "#93d64b", "length_m": 146.7, "virtual": false}}, {"type": "Feature", "geometry": {"type": "LineString", "coordinates": [[2.3652156, 6.3939327], [2.3651524, 6.3942962]]}, "properties": {"kind": "single_owner", "winner": "Mènontin", "color": "#93d64b", "length_m": 40.8, "virtual": false}}, {"type": "Feature", "geometry": {"type": "LineString", "coordinates": [[2.3651524, 6.3942962], [2.3650783, 6.3947066]]}, "properties": {"kind": "single_owner", "winner": "Mènontin", "color": "#93d64b", "length_m": 46.1, "virtual": false}}, {"type": "Feature", "geometry": {"type": "LineString", "coordinates": [[2.3650783, 6.3947066], [2.3668885, 6.3946634]]}, "properties": {"kind": "single_owner", "winner": "Mènontin", "color": "#93d64b", "length_m": 200.3, "virtual": false}}, {"type": "Feature", "geometry": {"type": "LineString", "coordinates": [[2.3650783, 6.3947066], [2.3650001, 6.3951866]]}, "properties": {"kind": "single_owner", "winner": "Mènontin", "color": "#93d64b", "length_m": 53.8, "virtual": false}}, {"type": "Feature", "geometry": {"type": "LineString", "coordinates": [[2.3650001, 6.3951866], [2.3649243, 6.3955809]]}, "properties": {"kind": "single_owner", "winner": "Mènontin", "color": "#93d64b", "length_m": 44.4, "virtual": false}}, {"type": "Feature", "geometry": {"type": "LineString", "coordinates": [[2.3671798, 6.3937436], [2.3665359, 6.3938127]]}, "properties": {"kind": "single_owner", "winner": "Mènontin", "color": "#93d64b", "length_m": 71.6, "virtual": false}}, {"type": "Feature", "geometry": {"type": "LineString", "coordinates": [[2.3653875, 6.3888915], [2.3653483, 6.3883874]]}, "properties": {"kind": "single_owner", "winner": "Mènontin", "color": "#93d64b", "length_m": 55.9, "virtual": false}}, {"type": "Feature", "geometry": {"type": "LineString", "coordinates": [[2.3653875, 6.3888915], [2.3668227, 6.3885306]]}, "properties": {"kind": "single_owner", "winner": "Mènontin", "color": "#93d64b", "length_m": 163.7, "virtual": false}}, {"type": "Feature", "geometry": {"type": "LineString", "coordinates": [[2.3653875, 6.3888915], [2.3654314, 6.3893922]]}, "properties": {"kind": "single_owner", "winner": "Mènontin", "color": "#93d64b", "length_m": 55.6, "virtual": false}}, {"type": "Feature", "geometry": {"type": "LineString", "coordinates": [[2.371421, 6.3868622], [2.3719347, 6.3867302]]}, "properties": {"kind": "single_owner", "winner": "Mènontin", "color": "#93d64b", "length_m": 58.7, "virtual": false}}, {"type": "Feature", "geometry": {"type": "LineString", "coordinates": [[2.3663765, 6.3891504], [2.3658879, 6.389285]]}, "properties": {"kind": "single_owner", "winner": "Mènontin", "color": "#93d64b", "length_m": 56.1, "virtual": false}}, {"type": "Feature", "geometry": {"type": "LineString", "coordinates": [[2.3745929, 6.3871247], [2.3748018, 6.3874925]]}, "properties": {"kind": "single_owner", "winner": "Mènontin", "color": "#93d64b", "length_m": 46.8, "virtual": false}}, {"type": "Feature", "geometry": {"type": "LineString", "coordinates": [[2.3745929, 6.3871247], [2.3743222, 6.386634]]}, "properties": {"kind": "single_owner", "winner": "Mènontin", "color": "#93d64b", "length_m": 62.0, "virtual": false}}, {"type": "Feature", "geometry": {"type": "LineString", "coordinates": [[2.3732141, 6.3860788], [2.3728305, 6.3863357]]}, "properties": {"kind": "single_owner", "winner": "Mènontin", "color": "#93d64b", "length_m": 51.1, "virtual": false}}, {"type": "Feature", "geometry": {"type": "LineString", "coordinates": [[2.3732141, 6.3860788], [2.3738429, 6.3872993]]}, "properties": {"kind": "single_owner", "winner": "Mènontin", "color": "#93d64b", "length_m": 151.8, "virtual": false}}, {"type": "Feature", "geometry": {"type": "LineString", "coordinates": [[2.3738429, 6.3872993], [2.3741147, 6.3878033]]}, "properties": {"kind": "single_owner", "winner": "Mènontin", "color": "#93d64b", "length_m": 63.3, "virtual": false}}, {"type": "Feature", "geometry": {"type": "LineString", "coordinates": [[2.3738429, 6.3872993], [2.3734516, 6.3875522]]}, "properties": {"kind": "single_owner", "winner": "Mènontin", "color": "#93d64b", "length_m": 51.5, "virtual": false}}, {"type": "Feature", "geometry": {"type": "LineString", "coordinates": [[2.3743222, 6.386634], [2.374075, 6.3862222]]}, "properties": {"kind": "single_owner", "winner": "Mènontin", "color": "#93d64b", "length_m": 53.1, "virtual": false}}, {"type": "Feature", "geometry": {"type": "LineString", "coordinates": [[2.3725631, 6.3881246], [2.3719347, 6.3867302]]}, "properties": {"kind": "single_owner", "winner": "Mènontin", "color": "#93d64b", "length_m": 169.1, "virtual": false}}, {"type": "Feature", "geometry": {"type": "LineString", "coordinates": [[2.3719347, 6.3867302], [2.3721051, 6.386677]]}, "properties": {"kind": "single_owner", "winner": "Mènontin", "color": "#93d64b", "length_m": 19.7, "virtual": false}}, {"type": "Feature", "geometry": {"type": "LineString", "coordinates": [[2.3741147, 6.3878033], [2.374623, 6.3874689]]}, "properties": {"kind": "single_owner", "winner": "Mènontin", "color": "#93d64b", "length_m": 67.3, "virtual": false}}, {"type": "Feature", "geometry": {"type": "LineString", "coordinates": [[2.374623, 6.3874689], [2.3748726, 6.3878881]]}, "properties": {"kind": "single_owner", "winner": "Mènontin", "color": "#93d64b", "length_m": 53.9, "virtual": false}}, {"type": "Feature", "geometry": {"type": "LineString", "coordinates": [[2.3734516, 6.3875522], [2.3728305, 6.3863357]]}, "properties": {"kind": "single_owner", "winner": "Mènontin", "color": "#93d64b", "length_m": 151.0, "virtual": false}}, {"type": "Feature", "geometry": {"type": "LineString", "coordinates": [[2.3654314, 6.3893922], [2.3654569, 6.3898594]]}, "properties": {"kind": "single_owner", "winner": "Mènontin", "color": "#93d64b", "length_m": 51.7, "virtual": false}}, {"type": "Feature", "geometry": {"type": "LineString", "coordinates": [[2.3654314, 6.3893922], [2.3658879, 6.389285]]}, "properties": {"kind": "single_owner", "winner": "Mènontin", "color": "#93d64b", "length_m": 51.9, "virtual": false}}, {"type": "Feature", "geometry": {"type": "LineString", "coordinates": [[2.3658879, 6.389285], [2.3660664, 6.3900439]]}, "properties": {"kind": "single_owner", "winner": "Mènontin", "color": "#93d64b", "length_m": 86.2, "virtual": false}}, {"type": "Feature", "geometry": {"type": "LineString", "coordinates": [[2.4834645, 6.3642481], [2.4818261, 6.3641136]]}, "properties": {"kind": "single_owner", "winner": "Finagnon", "color": "#dd4f69", "length_m": 181.9, "virtual": false}}, {"type": "Feature", "geometry": {"type": "LineString", "coordinates": [[2.4834645, 6.3642481], [2.4834801, 6.3640899]]}, "properties": {"kind": "single_owner", "winner": "Finagnon", "color": "#dd4f69", "length_m": 17.6, "virtual": false}}, {"type": "Feature", "geometry": {"type": "LineString", "coordinates": [[2.4834801, 6.3640899], [2.4818523, 6.3638929]]}, "properties": {"kind": "single_owner", "winner": "Finagnon", "color": "#dd4f69", "length_m": 181.4, "virtual": false}}, {"type": "Feature", "geometry": {"type": "LineString", "coordinates": [[2.4834801, 6.3640899], [2.4835363, 6.363523]]}, "properties": {"kind": "single_owner", "winner": "Finagnon", "color": "#dd4f69", "length_m": 63.0, "virtual": false}}, {"type": "Feature", "geometry": {"type": "LineString", "coordinates": [[2.4835363, 6.363523], [2.4819517, 6.3633721]]}, "properties": {"kind": "single_owner", "winner": "Finagnon", "color": "#dd4f69", "length_m": 176.1, "virtual": false}}, {"type": "Feature", "geometry": {"type": "LineString", "coordinates": [[2.4835363, 6.363523], [2.483589, 6.3629916]]}, "properties": {"kind": "single_owner", "winner": "Finagnon", "color": "#dd4f69", "length_m": 59.0, "virtual": false}}, {"type": "Feature", "geometry": {"type": "LineString", "coordinates": [[2.483589, 6.3629916], [2.4836411, 6.3624663]]}, "properties": {"kind": "single_owner", "winner": "Finagnon", "color": "#dd4f69", "length_m": 58.4, "virtual": false}}, {"type": "Feature", "geometry": {"type": "LineString", "coordinates": [[2.483589, 6.3629916], [2.4820011, 6.3628521]]}, "properties": {"kind": "single_owner", "winner": "Finagnon", "color": "#dd4f69", "length_m": 176.3, "virtual": false}}, {"type": "Feature", "geometry": {"type": "LineString", "coordinates": [[2.4836411, 6.3624663], [2.482053, 6.3623113]]}, "properties": {"kind": "single_owner", "winner": "Finagnon", "color": "#dd4f69", "length_m": 176.5, "virtual": false}}, {"type": "Feature", "geometry": {"type": "LineString", "coordinates": [[2.4807143, 6.3632543], [2.4819517, 6.3633721]]}, "properties": {"kind": "single_owner", "winner": "Finagnon", "color": "#dd4f69", "length_m": 137.5, "virtual": false}}, {"type": "Feature", "geometry": {"type": "LineString", "coordinates": [[2.4819517, 6.3633721], [2.4818523, 6.3638929]]}, "properties": {"kind": "single_owner", "winner": "Finagnon", "color": "#dd4f69", "length_m": 58.6, "virtual": false}}, {"type": "Feature", "geometry": {"type": "LineString", "coordinates": [[2.4819517, 6.3633721], [2.4820011, 6.3628521]]}, "properties": {"kind": "single_owner", "winner": "Finagnon", "color": "#dd4f69", "length_m": 57.7, "virtual": false}}, {"type": "Feature", "geometry": {"type": "LineString", "coordinates": [[2.4820011, 6.3628521], [2.482053, 6.3623113]]}, "properties": {"kind": "single_owner", "winner": "Finagnon", "color": "#dd4f69", "length_m": 60.1, "virtual": false}}, {"type": "Feature", "geometry": {"type": "LineString", "coordinates": [[2.4820011, 6.3628521], [2.4807651, 6.3627433]]}, "properties": {"kind": "single_owner", "winner": "Finagnon", "color": "#dd4f69", "length_m": 137.3, "virtual": false}}, {"type": "Feature", "geometry": {"type": "LineString", "coordinates": [[2.482053, 6.3623113], [2.4808198, 6.3621909]]}, "properties": {"kind": "single_owner", "winner": "Finagnon", "color": "#dd4f69", "length_m": 137.1, "virtual": false}}, {"type": "Feature", "geometry": {"type": "LineString", "coordinates": [[2.4639715, 6.3622375], [2.4640554, 6.3614054]]}, "properties": {"kind": "single_owner", "winner": "Fifadji-Houto (Jak)", "color": "#5dda4a", "length_m": 92.4, "virtual": false}}, {"type": "Feature", "geometry": {"type": "LineString", "coordinates": [[2.4639715, 6.3622375], [2.4634669, 6.3622004]]}, "properties": {"kind": "single_owner", "winner": "Fifadji-Houto (Jak)", "color": "#5dda4a", "length_m": 56.0, "virtual": false}}, {"type": "Feature", "geometry": {"type": "LineString", "coordinates": [[2.4640554, 6.3614054], [2.4635572, 6.3613543]]}, "properties": {"kind": "single_owner", "winner": "Fifadji-Houto (Jak)", "color": "#5dda4a", "length_m": 55.4, "virtual": false}}, {"type": "Feature", "geometry": {"type": "LineString", "coordinates": [[2.4466743, 6.3584543], [2.4461854, 6.3582729]]}, "properties": {"kind": "single_owner", "winner": "Énagnon", "color": "#68cf45", "length_m": 57.7, "virtual": false}}, {"type": "Feature", "geometry": {"type": "LineString", "coordinates": [[2.4466743, 6.3584543], [2.4471174, 6.3586094]]}, "properties": {"kind": "single_owner", "winner": "Énagnon", "color": "#68cf45", "length_m": 51.9, "virtual": false}}, {"type": "Feature", "geometry": {"type": "LineString", "coordinates": [[2.4466743, 6.3584543], [2.4468591, 6.3582509]]}, "properties": {"kind": "single_owner", "winner": "Énagnon", "color": "#68cf45", "length_m": 30.4, "virtual": false}}, {"type": "Feature", "geometry": {"type": "LineString", "coordinates": [[2.4468591, 6.3582509], [2.4469844, 6.3580739]]}, "properties": {"kind": "single_owner", "winner": "Énagnon", "color": "#68cf45", "length_m": 24.0, "virtual": false}}, {"type": "Feature", "geometry": {"type": "LineString", "coordinates": [[2.4469844, 6.3580739], [2.44727, 6.357831]]}, "properties": {"kind": "single_owner", "winner": "Énagnon", "color": "#68cf45", "length_m": 41.5, "virtual": false}}, {"type": "Feature", "geometry": {"type": "LineString", "coordinates": [[2.4469844, 6.3580739], [2.44688, 6.3579163]]}, "properties": {"kind": "single_owner", "winner": "Énagnon", "color": "#68cf45", "length_m": 20.9, "virtual": false}}, {"type": "Feature", "geometry": {"type": "LineString", "coordinates": [[2.44727, 6.357831], [2.4474408, 6.3577028]]}, "properties": {"kind": "single_owner", "winner": "Énagnon", "color": "#68cf45", "length_m": 23.6, "virtual": false}}, {"type": "Feature", "geometry": {"type": "LineString", "coordinates": [[2.4474408, 6.3577028], [2.4476092, 6.3575863]]}, "properties": {"kind": "single_owner", "winner": "Énagnon", "color": "#68cf45", "length_m": 22.6, "virtual": false}}, {"type": "Feature", "geometry": {"type": "LineString", "coordinates": [[2.4713229, 6.3627446], [2.4710936, 6.3630831]]}, "properties": {"kind": "single_owner", "winner": "Donaten", "color": "#a84ed5", "length_m": 45.2, "virtual": false}}, {"type": "Feature", "geometry": {"type": "LineString", "coordinates": [[2.4713229, 6.3627446], [2.4714987, 6.3624757]]}, "properties": {"kind": "single_owner", "winner": "Donaten", "color": "#a84ed5", "length_m": 35.5, "virtual": false}}, {"type": "Feature", "geometry": {"type": "LineString", "coordinates": [[2.4713229, 6.3627446], [2.4704775, 6.3626563]]}, "properties": {"kind": "single_owner", "winner": "Donaten", "color": "#a84ed5", "length_m": 94.0, "virtual": false}}, {"type": "Feature", "geometry": {"type": "LineString", "coordinates": [[2.4713229, 6.3627446], [2.4717777, 6.3630684]]}, "properties": {"kind": "single_owner", "winner": "Donaten", "color": "#a84ed5", "length_m": 61.7, "virtual": false}}, {"type": "Feature", "geometry": {"type": "LineString", "coordinates": [[2.44688, 6.3579163], [2.4469284, 6.3577929]]}, "properties": {"kind": "single_owner", "winner": "Énagnon", "color": "#68cf45", "length_m": 14.7, "virtual": false}}, {"type": "Feature", "geometry": {"type": "LineString", "coordinates": [[2.4469284, 6.3577929], [2.4469563, 6.3577476]]}, "properties": {"kind": "single_owner", "winner": "Énagnon", "color": "#68cf45", "length_m": 5.9, "virtual": false}}, {"type": "Feature", "geometry": {"type": "LineString", "coordinates": [[2.4469563, 6.3577476], [2.4469798, 6.3577096]]}, "properties": {"kind": "single_owner", "winner": "Énagnon", "color": "#68cf45", "length_m": 4.9, "virtual": false}}, {"type": "Feature", "geometry": {"type": "LineString", "coordinates": [[2.4469798, 6.3577096], [2.4469943, 6.3576859]]}, "properties": {"kind": "single_owner", "winner": "Énagnon", "color": "#68cf45", "length_m": 3.1, "virtual": false}}, {"type": "Feature", "geometry": {"type": "LineString", "coordinates": [[2.4469943, 6.3576859], [2.4470144, 6.3576599]]}, "properties": {"kind": "single_owner", "winner": "Énagnon", "color": "#68cf45", "length_m": 3.6, "virtual": false}}, {"type": "Feature", "geometry": {"type": "LineString", "coordinates": [[2.4470144, 6.3576599], [2.4472006, 6.3574275]]}, "properties": {"kind": "single_owner", "winner": "Énagnon", "color": "#68cf45", "length_m": 32.9, "virtual": false}}, {"type": "Feature", "geometry": {"type": "LineString", "coordinates": [[2.4472006, 6.3574275], [2.4473843, 6.357216]]}, "properties": {"kind": "single_owner", "winner": "Énagnon", "color": "#68cf45", "length_m": 31.0, "virtual": false}}, {"type": "Feature", "geometry": {"type": "LineString", "coordinates": [[2.4473843, 6.357216], [2.4475, 6.357125]]}, "properties": {"kind": "single_owner", "winner": "Énagnon", "color": "#68cf45", "length_m": 16.3, "virtual": false}}, {"type": "Feature", "geometry": {"type": "LineString", "coordinates": [[2.4450427, 6.3603254], [2.4439652, 6.3599663]]}, "properties": {"kind": "single_owner", "winner": "Énagnon", "color": "#68cf45", "length_m": 125.6, "virtual": false}}, {"type": "Feature", "geometry": {"type": "LineString", "coordinates": [[2.4450427, 6.3603254], [2.445374, 6.3593112]]}, "properties": {"kind": "single_owner", "winner": "Énagnon", "color": "#68cf45", "length_m": 117.9, "virtual": false}}, {"type": "Feature", "geometry": {"type": "LineString", "coordinates": [[2.445374, 6.3593112], [2.4454152, 6.3591851]]}, "properties": {"kind": "single_owner", "winner": "Énagnon", "color": "#68cf45", "length_m": 14.7, "virtual": false}}, {"type": "Feature", "geometry": {"type": "LineString", "coordinates": [[2.445374, 6.3593112], [2.4460258, 6.3595458]]}, "properties": {"kind": "single_owner", "winner": "Énagnon", "color": "#68cf45", "length_m": 76.6, "virtual": false}}, {"type": "Feature", "geometry": {"type": "LineString", "coordinates": [[2.4454152, 6.3591851], [2.445462, 6.3590419]]}, "properties": {"kind": "single_owner", "winner": "Énagnon", "color": "#68cf45", "length_m": 16.7, "virtual": false}}, {"type": "Feature", "geometry": {"type": "LineString", "coordinates": [[2.4454152, 6.3591851], [2.4454935, 6.3592123]]}, "properties": {"kind": "single_owner", "winner": "Énagnon", "color": "#68cf45", "length_m": 9.2, "virtual": false}}, {"type": "Feature", "geometry": {"type": "LineString", "coordinates": [[2.445462, 6.3590419], [2.4456259, 6.358562]]}, "properties": {"kind": "single_owner", "winner": "Énagnon", "color": "#68cf45", "length_m": 56.1, "virtual": false}}, {"type": "Feature", "geometry": {"type": "LineString", "coordinates": [[2.445462, 6.3590419], [2.4457154, 6.3591322]]}, "properties": {"kind": "single_owner", "winner": "Énagnon", "color": "#68cf45", "length_m": 29.8, "virtual": false}}, {"type": "Feature", "geometry": {"type": "LineString", "coordinates": [[2.4456259, 6.358562], [2.4456585, 6.3584916]]}, "properties": {"kind": "single_owner", "winner": "Énagnon", "color": "#68cf45", "length_m": 8.6, "virtual": false}}, {"type": "Feature", "geometry": {"type": "LineString", "coordinates": [[2.4456585, 6.3584916], [2.4457012, 6.3584355]]}, "properties": {"kind": "single_owner", "winner": "Énagnon", "color": "#68cf45", "length_m": 7.8, "virtual": false}}, {"type": "Feature", "geometry": {"type": "LineString", "coordinates": [[2.4457012, 6.3584355], [2.4457602, 6.3583835]]}, "properties": {"kind": "single_owner", "winner": "Énagnon", "color": "#68cf45", "length_m": 8.7, "virtual": false}}, {"type": "Feature", "geometry": {"type": "LineString", "coordinates": [[2.4457602, 6.3583835], [2.4458288, 6.3583366]]}, "properties": {"kind": "single_owner", "winner": "Énagnon", "color": "#68cf45", "length_m": 9.2, "virtual": false}}, {"type": "Feature", "geometry": {"type": "LineString", "coordinates": [[2.4458288, 6.3583366], [2.4459024, 6.3583022]]}, "properties": {"kind": "single_owner", "winner": "Énagnon", "color": "#68cf45", "length_m": 9.0, "virtual": false}}, {"type": "Feature", "geometry": {"type": "LineString", "coordinates": [[2.4459024, 6.3583022], [2.4459761, 6.3582783]]}, "properties": {"kind": "single_owner", "winner": "Énagnon", "color": "#68cf45", "length_m": 8.6, "virtual": false}}, {"type": "Feature", "geometry": {"type": "LineString", "coordinates": [[2.4459761, 6.3582783], [2.4460325, 6.3582676]]}, "properties": {"kind": "single_owner", "winner": "Énagnon", "color": "#68cf45", "length_m": 6.4, "virtual": false}}, {"type": "Feature", "geometry": {"type": "LineString", "coordinates": [[2.4460325, 6.3582676], [2.4460982, 6.3582609]]}, "properties": {"kind": "single_owner", "winner": "Énagnon", "color": "#68cf45", "length_m": 7.3, "virtual": false}}, {"type": "Feature", "geometry": {"type": "LineString", "coordinates": [[2.4460982, 6.3582609], [2.4461437, 6.3582636]]}, "properties": {"kind": "single_owner", "winner": "Énagnon", "color": "#68cf45", "length_m": 5.0, "virtual": false}}, {"type": "Feature", "geometry": {"type": "LineString", "coordinates": [[2.4461437, 6.3582636], [2.4461854, 6.3582729]]}, "properties": {"kind": "single_owner", "winner": "Énagnon", "color": "#68cf45", "length_m": 4.7, "virtual": false}}, {"type": "Feature", "geometry": {"type": "LineString", "coordinates": [[2.3736677, 6.3844748], [2.3737719, 6.3844337]]}, "properties": {"kind": "single_owner", "winner": "Kouhounou", "color": "#dcca40", "length_m": 12.4, "virtual": false}}, {"type": "Feature", "geometry": {"type": "LineString", "coordinates": [[2.3736677, 6.3844748], [2.3733061, 6.3843846]]}, "properties": {"kind": "single_owner", "winner": "Kouhounou", "color": "#dcca40", "length_m": 41.2, "virtual": false}}, {"type": "Feature", "geometry": {"type": "LineString", "coordinates": [[2.3736677, 6.3844748], [2.3742798, 6.3851375]]}, "properties": {"kind": "single_owner", "winner": "Kouhounou", "color": "#dcca40", "length_m": 99.8, "virtual": false}}, {"type": "Feature", "geometry": {"type": "LineString", "coordinates": [[2.3733061, 6.3843846], [2.373486, 6.3849799]]}, "properties": {"kind": "single_owner", "winner": "Kouhounou", "color": "#dcca40", "length_m": 68.7, "virtual": false}}, {"type": "Feature", "geometry": {"type": "LineString", "coordinates": [[2.3733061, 6.3843846], [2.3732922, 6.3842922]]}, "properties": {"kind": "single_owner", "winner": "Kouhounou", "color": "#dcca40", "length_m": 10.3, "virtual": false}}, {"type": "Feature", "geometry": {"type": "LineString", "coordinates": [[2.3719503, 6.3849667], [2.372727, 6.3849537]]}, "properties": {"kind": "single_owner", "winner": "Agla-Les-Pylônes", "color": "#c74a93", "length_m": 85.9, "virtual": false}}, {"type": "Feature", "geometry": {"type": "LineString", "coordinates": [[2.3746349, 6.3849396], [2.3742798, 6.3851375]]}, "properties": {"kind": "single_owner", "winner": "Kouhounou", "color": "#dcca40", "length_m": 45.0, "virtual": false}}, {"type": "Feature", "geometry": {"type": "LineString", "coordinates": [[2.3746567, 6.3531427], [2.3746338, 6.3537567]]}, "properties": {"kind": "single_owner", "winner": "Fiyégnon-Jacquot", "color": "#dc3e9a", "length_m": 67.9, "virtual": false}}, {"type": "Feature", "geometry": {"type": "LineString", "coordinates": [[2.373968, 6.3554889], [2.3744921, 6.3557015]]}, "properties": {"kind": "single_owner", "winner": "Fidjrossè-Centre", "color": "#d77c47", "length_m": 62.6, "virtual": false}}, {"type": "Feature", "geometry": {"type": "LineString", "coordinates": [[2.3744921, 6.3557015], [2.3745344, 6.3550122]]}, "properties": {"kind": "single_owner", "winner": "Fidjrossè-Centre", "color": "#d77c47", "length_m": 76.3, "virtual": false}}, {"type": "Feature", "geometry": {"type": "LineString", "coordinates": [[2.3744921, 6.3557015], [2.3750542, 6.3558936]]}, "properties": {"kind": "single_owner", "winner": "Fidjrossè-Centre", "color": "#d77c47", "length_m": 65.7, "virtual": false}}, {"type": "Feature", "geometry": {"type": "LineString", "coordinates": [[2.3749957, 6.3567448], [2.3750133, 6.3565938]]}, "properties": {"kind": "single_owner", "winner": "Fidjrossè-Centre", "color": "#d77c47", "length_m": 16.8, "virtual": false}}, {"type": "Feature", "geometry": {"type": "LineString", "coordinates": [[2.3749957, 6.3567448], [2.3755266, 6.3568201]]}, "properties": {"kind": "single_owner", "winner": "Fidjrossè-Centre", "color": "#d77c47", "length_m": 59.3, "virtual": false}}, {"type": "Feature", "geometry": {"type": "LineString", "coordinates": [[2.3750133, 6.3565938], [2.3750566, 6.3560732]]}, "properties": {"kind": "single_owner", "winner": "Fidjrossè-Centre", "color": "#d77c47", "length_m": 57.7, "virtual": false}}, {"type": "Feature", "geometry": {"type": "LineString", "coordinates": [[2.3750566, 6.3560732], [2.3750542, 6.3558936]]}, "properties": {"kind": "single_owner", "winner": "Fidjrossè-Centre", "color": "#d77c47", "length_m": 19.9, "virtual": false}}, {"type": "Feature", "geometry": {"type": "LineString", "coordinates": [[2.3750542, 6.3558936], [2.3751144, 6.3552813]]}, "properties": {"kind": "single_owner", "winner": "Fidjrossè-Centre", "color": "#d77c47", "length_m": 68.0, "virtual": false}}, {"type": "Feature", "geometry": {"type": "LineString", "coordinates": [[2.3750542, 6.3558936], [2.376621, 6.3563342]]}, "properties": {"kind": "single_owner", "winner": "Fidjrossè-Centre", "color": "#d77c47", "length_m": 180.0, "virtual": false}}, {"type": "Feature", "geometry": {"type": "LineString", "coordinates": [[2.3778985, 6.3572231], [2.3776959, 6.3565509]]}, "properties": {"kind": "single_owner", "winner": "Fidjrossè-Centre", "color": "#d77c47", "length_m": 77.6, "virtual": false}}, {"type": "Feature", "geometry": {"type": "LineString", "coordinates": [[2.3772332, 6.355822], [2.3775874, 6.3559113]]}, "properties": {"kind": "single_owner", "winner": "Fidjrossè-Centre", "color": "#d77c47", "length_m": 40.4, "virtual": false}}, {"type": "Feature", "geometry": {"type": "LineString", "coordinates": [[2.3772687, 6.35531], [2.3772968, 6.3550127]]}, "properties": {"kind": "single_owner", "winner": "Fiyégnon-Jacquot", "color": "#dc3e9a", "length_m": 33.0, "virtual": false}}, {"type": "Feature", "geometry": {"type": "LineString", "coordinates": [[2.3918853, 6.3686165], [2.3921082, 6.3686488]]}, "properties": {"kind": "single_owner", "winner": "Houéyihô", "color": "#3edc5e", "length_m": 24.9, "virtual": false}}, {"type": "Feature", "geometry": {"type": "LineString", "coordinates": [[2.3918853, 6.3686165], [2.3916185, 6.3685638]]}, "properties": {"kind": "single_owner", "winner": "Houéyihô", "color": "#3edc5e", "length_m": 30.1, "virtual": false}}, {"type": "Feature", "geometry": {"type": "LineString", "coordinates": [[2.3918853, 6.3686165], [2.3919405, 6.3682133]]}, "properties": {"kind": "single_owner", "winner": "Houéyihô", "color": "#3edc5e", "length_m": 45.0, "virtual": false}}, {"type": "Feature", "geometry": {"type": "LineString", "coordinates": [[2.3919405, 6.3682133], [2.3922542, 6.3682292]]}, "properties": {"kind": "single_owner", "winner": "Houéyihô", "color": "#3edc5e", "length_m": 34.7, "virtual": false}}, {"type": "Feature", "geometry": {"type": "LineString", "coordinates": [[2.3794533, 6.3570974], [2.3790033, 6.3572947]]}, "properties": {"kind": "single_owner", "winner": "Fidjrossè-Centre", "color": "#d77c47", "length_m": 54.4, "virtual": false}}, {"type": "Feature", "geometry": {"type": "LineString", "coordinates": [[2.3790033, 6.3572947], [2.3786489, 6.3561481]]}, "properties": {"kind": "single_owner", "winner": "Fidjrossè-Centre", "color": "#d77c47", "length_m": 132.7, "virtual": false}}, {"type": "Feature", "geometry": {"type": "LineString", "coordinates": [[2.3745674, 6.3546579], [2.3745344, 6.3550122]]}, "properties": {"kind": "single_owner", "winner": "Fidjrossè-Centre", "color": "#d77c47", "length_m": 39.3, "virtual": false}}, {"type": "Feature", "geometry": {"type": "LineString", "coordinates": [[2.3745674, 6.3546579], [2.3751455, 6.3547247]]}, "properties": {"kind": "single_owner", "winner": "Fidjrossè-Centre", "color": "#d77c47", "length_m": 64.4, "virtual": false}}, {"type": "Feature", "geometry": {"type": "LineString", "coordinates": [[2.3751455, 6.3547247], [2.3751144, 6.3552813]]}, "properties": {"kind": "single_owner", "winner": "Fidjrossè-Centre", "color": "#d77c47", "length_m": 61.6, "virtual": false}}, {"type": "Feature", "geometry": {"type": "LineString", "coordinates": [[2.3751455, 6.3547247], [2.3756991, 6.3548128]]}, "properties": {"kind": "single_owner", "winner": "Fidjrossè-Centre", "color": "#d77c47", "length_m": 62.0, "virtual": false}}, {"type": "Feature", "geometry": {"type": "LineString", "coordinates": [[2.3767242, 6.3549759], [2.3766712, 6.3556634]]}, "properties": {"kind": "single_owner", "winner": "Fiyégnon-Jacquot", "color": "#dc3e9a", "length_m": 76.2, "virtual": false}}, {"type": "Feature", "geometry": {"type": "LineString", "coordinates": [[2.3767242, 6.3549759], [2.376342, 6.3546609]]}, "properties": {"kind": "single_owner", "winner": "Fiyégnon-Jacquot", "color": "#dc3e9a", "length_m": 54.8, "virtual": false}}, {"type": "Feature", "geometry": {"type": "LineString", "coordinates": [[2.376342, 6.3546609], [2.3759517, 6.354365]]}, "properties": {"kind": "single_owner", "winner": "Fiyégnon-Jacquot", "color": "#dc3e9a", "length_m": 54.2, "virtual": false}}, {"type": "Feature", "geometry": {"type": "LineString", "coordinates": [[2.3759517, 6.354365], [2.375764, 6.3542311]]}, "properties": {"kind": "single_owner", "winner": "Fiyégnon-Jacquot", "color": "#dc3e9a", "length_m": 25.5, "virtual": false}}, {"type": "Feature", "geometry": {"type": "LineString", "coordinates": [[2.375764, 6.3542311], [2.3751774, 6.353813]]}, "properties": {"kind": "single_owner", "winner": "Fiyégnon-Jacquot", "color": "#dc3e9a", "length_m": 79.7, "virtual": false}}, {"type": "Feature", "geometry": {"type": "LineString", "coordinates": [[2.3776959, 6.3565509], [2.3779271, 6.3565176]]}, "properties": {"kind": "single_owner", "winner": "Fidjrossè-Centre", "color": "#d77c47", "length_m": 25.8, "virtual": false}}, {"type": "Feature", "geometry": {"type": "LineString", "coordinates": [[2.3776959, 6.3565509], [2.376621, 6.3563342]]}, "properties": {"kind": "single_owner", "winner": "Fidjrossè-Centre", "color": "#d77c47", "length_m": 121.3, "virtual": false}}, {"type": "Feature", "geometry": {"type": "LineString", "coordinates": [[2.374168, 6.3549715], [2.3745344, 6.3550122]]}, "properties": {"kind": "single_owner", "winner": "Fidjrossè-Centre", "color": "#d77c47", "length_m": 40.8, "virtual": false}}, {"type": "Feature", "geometry": {"type": "LineString", "coordinates": [[2.3741964, 6.3537311], [2.3746338, 6.3537567]]}, "properties": {"kind": "single_owner", "winner": "Fiyégnon-Jacquot", "color": "#dc3e9a", "length_m": 48.5, "virtual": false}}, {"type": "Feature", "geometry": {"type": "LineString", "coordinates": [[2.3781988, 6.3564042], [2.3782141, 6.3562603]]}, "properties": {"kind": "single_owner", "winner": "Fidjrossè-Centre", "color": "#d77c47", "length_m": 16.0, "virtual": false}}, {"type": "Feature", "geometry": {"type": "LineString", "coordinates": [[2.3781988, 6.3564042], [2.3779271, 6.3565176]]}, "properties": {"kind": "single_owner", "winner": "Fidjrossè-Centre", "color": "#d77c47", "length_m": 32.6, "virtual": false}}, {"type": "Feature", "geometry": {"type": "LineString", "coordinates": [[2.3781988, 6.3564042], [2.3786489, 6.3561481]]}, "properties": {"kind": "single_owner", "winner": "Fidjrossè-Centre", "color": "#d77c47", "length_m": 57.3, "virtual": false}}, {"type": "Feature", "geometry": {"type": "LineString", "coordinates": [[2.3782232, 6.3560723], [2.3782141, 6.3562603]]}, "properties": {"kind": "single_owner", "winner": "Fidjrossè-Centre", "color": "#d77c47", "length_m": 20.8, "virtual": false}}, {"type": "Feature", "geometry": {"type": "LineString", "coordinates": [[2.3782232, 6.3560723], [2.3782651, 6.3558578]]}, "properties": {"kind": "single_owner", "winner": "Fidjrossè-Centre", "color": "#d77c47", "length_m": 24.2, "virtual": false}}, {"type": "Feature", "geometry": {"type": "LineString", "coordinates": [[2.3782232, 6.3560723], [2.377745, 6.3559393]]}, "properties": {"kind": "single_owner", "winner": "Fidjrossè-Centre", "color": "#d77c47", "length_m": 54.9, "virtual": false}}, {"type": "Feature", "geometry": {"type": "LineString", "coordinates": [[2.377745, 6.3559393], [2.3777643, 6.355704]]}, "properties": {"kind": "single_owner", "winner": "Fidjrossè-Centre", "color": "#d77c47", "length_m": 26.1, "virtual": false}}, {"type": "Feature", "geometry": {"type": "LineString", "coordinates": [[2.377745, 6.3559393], [2.3775874, 6.3559113]]}, "properties": {"kind": "single_owner", "winner": "Fidjrossè-Centre", "color": "#d77c47", "length_m": 17.7, "virtual": false}}, {"type": "Feature", "geometry": {"type": "LineString", "coordinates": [[2.3722469, 6.3594402], [2.3722664, 6.3596871]]}, "properties": {"kind": "single_owner", "winner": "Fidjrossè-Centre", "color": "#d77c47", "length_m": 27.4, "virtual": false}}, {"type": "Feature", "geometry": {"type": "LineString", "coordinates": [[2.3488454, 6.350497], [2.3529211, 6.3505612]]}, "properties": {"kind": "single_owner", "winner": "Fidjrossè-Kpota", "color": "#53ce4b", "length_m": 450.9, "virtual": false}}, {"type": "Feature", "geometry": {"type": "LineString", "coordinates": [[2.3558938, 6.5073854], [2.3558496, 6.508195]]}, "properties": {"kind": "single_owner", "winner": "Akassato", "color": "#d553dc", "length_m": 89.6, "virtual": false}}, {"type": "Feature", "geometry": {"type": "LineString", "coordinates": [[2.3558938, 6.5073854], [2.3572267, 6.5074493]]}, "properties": {"kind": "single_owner", "winner": "Akassato", "color": "#d553dc", "length_m": 147.6, "virtual": false}}, {"type": "Feature", "geometry": {"type": "LineString", "coordinates": [[2.3579295, 6.5074951], [2.3579962, 6.5062175]]}, "properties": {"kind": "single_owner", "winner": "Akassato", "color": "#d553dc", "length_m": 141.4, "virtual": false}}, {"type": "Feature", "geometry": {"type": "LineString", "coordinates": [[2.3551385, 6.5081546], [2.355089, 6.5090217]]}, "properties": {"kind": "single_owner", "winner": "Akassato", "color": "#d553dc", "length_m": 96.0, "virtual": false}}, {"type": "Feature", "geometry": {"type": "LineString", "coordinates": [[2.3551385, 6.5081546], [2.3558496, 6.508195]]}, "properties": {"kind": "single_owner", "winner": "Akassato", "color": "#d553dc", "length_m": 78.8, "virtual": false}}, {"type": "Feature", "geometry": {"type": "LineString", "coordinates": [[2.355089, 6.5090217], [2.3550443, 6.5098044]]}, "properties": {"kind": "single_owner", "winner": "Akassato", "color": "#d553dc", "length_m": 86.7, "virtual": false}}, {"type": "Feature", "geometry": {"type": "LineString", "coordinates": [[2.3550443, 6.5098044], [2.3557601, 6.5098379]]}, "properties": {"kind": "single_owner", "winner": "Akassato", "color": "#d553dc", "length_m": 79.3, "virtual": false}}, {"type": "Feature", "geometry": {"type": "LineString", "coordinates": [[2.3579962, 6.5062175], [2.3580333, 6.505506]]}, "properties": {"kind": "single_owner", "winner": "Akassato", "color": "#d553dc", "length_m": 78.8, "virtual": false}}, {"type": "Feature", "geometry": {"type": "LineString", "coordinates": [[2.3580333, 6.505506], [2.358771, 6.5055481]]}, "properties": {"kind": "single_owner", "winner": "Akassato", "color": "#d553dc", "length_m": 81.7, "virtual": false}}, {"type": "Feature", "geometry": {"type": "LineString", "coordinates": [[2.3580333, 6.505506], [2.357331, 6.5054659]]}, "properties": {"kind": "single_owner", "winner": "Akassato", "color": "#d553dc", "length_m": 77.8, "virtual": false}}, {"type": "Feature", "geometry": {"type": "LineString", "coordinates": [[2.3580333, 6.505506], [2.3580711, 6.5047822]]}, "properties": {"kind": "single_owner", "winner": "Akassato", "color": "#d553dc", "length_m": 80.1, "virtual": false}}, {"type": "Feature", "geometry": {"type": "LineString", "coordinates": [[2.3580711, 6.5047822], [2.3573688, 6.5047402]]}, "properties": {"kind": "single_owner", "winner": "Akassato", "color": "#d553dc", "length_m": 77.8, "virtual": false}}, {"type": "Feature", "geometry": {"type": "LineString", "coordinates": [[2.3558496, 6.508195], [2.3571747, 6.5082704]]}, "properties": {"kind": "single_owner", "winner": "Akassato", "color": "#d553dc", "length_m": 146.8, "virtual": false}}, {"type": "Feature", "geometry": {"type": "LineString", "coordinates": [[2.3558496, 6.508195], [2.3557888, 6.5093102]]}, "properties": {"kind": "single_owner", "winner": "Akassato", "color": "#d553dc", "length_m": 123.5, "virtual": false}}, {"type": "Feature", "geometry": {"type": "LineString", "coordinates": [[2.3557888, 6.5093102], [2.3571174, 6.5093636]]}, "properties": {"kind": "single_owner", "winner": "Akassato", "color": "#d553dc", "length_m": 147.1, "virtual": false}}, {"type": "Feature", "geometry": {"type": "LineString", "coordinates": [[2.3557888, 6.5093102], [2.3557601, 6.5098379]]}, "properties": {"kind": "single_owner", "winner": "Akassato", "color": "#d553dc", "length_m": 58.4, "virtual": false}}, {"type": "Feature", "geometry": {"type": "LineString", "coordinates": [[2.3557601, 6.5098379], [2.3559953, 6.5098455]]}, "properties": {"kind": "single_owner", "winner": "Akassato", "color": "#d553dc", "length_m": 26.0, "virtual": false}}, {"type": "Feature", "geometry": {"type": "LineString", "coordinates": [[2.3559953, 6.5098455], [2.3570873, 6.5098927]]}, "properties": {"kind": "single_owner", "winner": "Akassato", "color": "#d553dc", "length_m": 120.9, "virtual": false}}, {"type": "Feature", "geometry": {"type": "LineString", "coordinates": [[2.3623807, 6.5022874], [2.3629121, 6.5023236]]}, "properties": {"kind": "single_owner", "winner": "Akassato", "color": "#d553dc", "length_m": 58.9, "virtual": false}}, {"type": "Feature", "geometry": {"type": "LineString", "coordinates": [[2.4559863, 6.376344], [2.4572003, 6.3763618]]}, "properties": {"kind": "single_owner", "winner": "Sènadé", "color": "#d38544", "length_m": 134.3, "virtual": false}}, {"type": "Feature", "geometry": {"type": "LineString", "coordinates": [[2.4559863, 6.376344], [2.4559874, 6.3770326]]}, "properties": {"kind": "single_owner", "winner": "Sènadé", "color": "#d38544", "length_m": 76.1, "virtual": false}}, {"type": "Feature", "geometry": {"type": "LineString", "coordinates": [[2.4559874, 6.3770326], [2.4572411, 6.3770446]]}, "properties": {"kind": "single_owner", "winner": "Sènadé", "color": "#d38544", "length_m": 138.7, "virtual": false}}, {"type": "Feature", "geometry": {"type": "LineString", "coordinates": [[2.4559874, 6.3770326], [2.4559767, 6.3771546]]}, "properties": {"kind": "single_owner", "winner": "Sènadé", "color": "#d38544", "length_m": 13.5, "virtual": false}}, {"type": "Feature", "geometry": {"type": "LineString", "coordinates": [[2.4545002, 6.370531], [2.4543607, 6.3704591]]}, "properties": {"kind": "single_owner", "winner": "Irédé", "color": "#d951c7", "length_m": 17.4, "virtual": false}}, {"type": "Feature", "geometry": {"type": "LineString", "coordinates": [[2.4537519, 6.3693662], [2.454004, 6.3695527]]}, "properties": {"kind": "single_owner", "winner": "Sodjatinmè-Centre", "color": "#4ed5a8", "length_m": 34.7, "virtual": false}}, {"type": "Feature", "geometry": {"type": "LineString", "coordinates": [[2.4537519, 6.3693662], [2.4541461, 6.3688983]]}, "properties": {"kind": "single_owner", "winner": "Sodjatinmè-Centre", "color": "#4ed5a8", "length_m": 67.7, "virtual": false}}, {"type": "Feature", "geometry": {"type": "LineString", "coordinates": [[2.454004, 6.3695527], [2.4541998, 6.3696674]]}, "properties": {"kind": "single_owner", "winner": "Sodjatinmè-Centre", "color": "#4ed5a8", "length_m": 25.1, "virtual": false}}, {"type": "Feature", "geometry": {"type": "LineString", "coordinates": [[2.4541998, 6.3696674], [2.4545592, 6.3698699]]}, "properties": {"kind": "single_owner", "winner": "Sodjatinmè-Centre", "color": "#4ed5a8", "length_m": 45.6, "virtual": false}}, {"type": "Feature", "geometry": {"type": "LineString", "coordinates": [[2.4541461, 6.3688983], [2.4547696, 6.369288]]}, "properties": {"kind": "single_owner", "winner": "Sodjatinmè-Centre", "color": "#4ed5a8", "length_m": 81.3, "virtual": false}}, {"type": "Feature", "geometry": {"type": "LineString", "coordinates": [[2.4541461, 6.3688983], [2.4545349, 6.3684093]]}, "properties": {"kind": "single_owner", "winner": "Sodjatinmè-Centre", "color": "#4ed5a8", "length_m": 69.1, "virtual": false}}, {"type": "Feature", "geometry": {"type": "LineString", "coordinates": [[2.4547696, 6.369288], [2.4549534, 6.3693826]]}, "properties": {"kind": "single_owner", "winner": "Sodjatinmè-Centre", "color": "#4ed5a8", "length_m": 22.9, "virtual": false}}, {"type": "Feature", "geometry": {"type": "LineString", "coordinates": [[2.4549534, 6.3693826], [2.4550776, 6.3694333]]}, "properties": {"kind": "single_owner", "winner": "Sodjatinmè-Centre", "color": "#4ed5a8", "length_m": 14.8, "virtual": false}}, {"type": "Feature", "geometry": {"type": "LineString", "coordinates": [[2.4550776, 6.3694333], [2.4552543, 6.3694904]]}, "properties": {"kind": "single_owner", "winner": "Sodjatinmè-Centre", "color": "#4ed5a8", "length_m": 20.5, "virtual": false}}, {"type": "Feature", "geometry": {"type": "LineString", "coordinates": [[2.4552543, 6.3694904], [2.455462, 6.3695334]]}, "properties": {"kind": "single_owner", "winner": "Sodjatinmè-Centre", "color": "#4ed5a8", "length_m": 23.5, "virtual": false}}, {"type": "Feature", "geometry": {"type": "LineString", "coordinates": [[2.455462, 6.3695334], [2.4558805, 6.3696144]]}, "properties": {"kind": "single_owner", "winner": "Sodjatinmè-Centre", "color": "#4ed5a8", "length_m": 47.2, "virtual": false}}, {"type": "Feature", "geometry": {"type": "LineString", "coordinates": [[2.4558805, 6.3696144], [2.4559392, 6.3689725]]}, "properties": {"kind": "single_owner", "winner": "Sodjatinmè-Centre", "color": "#4ed5a8", "length_m": 71.3, "virtual": false}}, {"type": "Feature", "geometry": {"type": "LineString", "coordinates": [[2.4621676, 6.3727094], [2.4621569, 6.3727897]]}, "properties": {"kind": "single_owner", "winner": "Yagbé", "color": "#cc5745", "length_m": 9.0, "virtual": false}}, {"type": "Feature", "geometry": {"type": "LineString", "coordinates": [[2.4560107, 6.3683446], [2.4559392, 6.3689725]]}, "properties": {"kind": "single_owner", "winner": "Sodjatinmè-Centre", "color": "#4ed5a8", "length_m": 69.9, "virtual": false}}, {"type": "Feature", "geometry": {"type": "LineString", "coordinates": [[2.44751, 6.3710909], [2.4484118, 6.3718135]]}, "properties": {"kind": "single_owner", "winner": "Gbèdjèwin", "color": "#46df9f", "length_m": 127.8, "virtual": false}}, {"type": "Feature", "geometry": {"type": "LineString", "coordinates": [[2.4479072, 6.3706008], [2.4494495, 6.3718319]]}, "properties": {"kind": "single_owner", "winner": "Gbèdjèwin", "color": "#46df9f", "length_m": 218.2, "virtual": false}}, {"type": "Feature", "geometry": {"type": "LineString", "coordinates": [[2.4545349, 6.3684093], [2.454927, 6.3679151]]}, "properties": {"kind": "single_owner", "winner": "Sodjatinmè-Centre", "color": "#4ed5a8", "length_m": 69.8, "virtual": false}}, {"type": "Feature", "geometry": {"type": "LineString", "coordinates": [[2.4545349, 6.3684093], [2.4551471, 6.3687292]]}, "properties": {"kind": "single_owner", "winner": "Sodjatinmè-Centre", "color": "#4ed5a8", "length_m": 76.4, "virtual": false}}, {"type": "Feature", "geometry": {"type": "LineString", "coordinates": [[2.4551471, 6.3687292], [2.4552911, 6.3687951]]}, "properties": {"kind": "single_owner", "winner": "Sodjatinmè-Centre", "color": "#4ed5a8", "length_m": 17.5, "virtual": false}}, {"type": "Feature", "geometry": {"type": "LineString", "coordinates": [[2.4552911, 6.3687951], [2.4554506, 6.3688498]]}, "properties": {"kind": "single_owner", "winner": "Sodjatinmè-Centre", "color": "#4ed5a8", "length_m": 18.7, "virtual": false}}, {"type": "Feature", "geometry": {"type": "LineString", "coordinates": [[2.4554506, 6.3688498], [2.4556285, 6.3688952]]}, "properties": {"kind": "single_owner", "winner": "Sodjatinmè-Centre", "color": "#4ed5a8", "length_m": 20.3, "virtual": false}}, {"type": "Feature", "geometry": {"type": "LineString", "coordinates": [[2.4556285, 6.3688952], [2.4558718, 6.3689519]]}, "properties": {"kind": "single_owner", "winner": "Sodjatinmè-Centre", "color": "#4ed5a8", "length_m": 27.6, "virtual": false}}, {"type": "Feature", "geometry": {"type": "LineString", "coordinates": [[2.4558718, 6.3689519], [2.4559392, 6.3689725]]}, "properties": {"kind": "single_owner", "winner": "Sodjatinmè-Centre", "color": "#4ed5a8", "length_m": 7.8, "virtual": false}}, {"type": "Feature", "geometry": {"type": "LineString", "coordinates": [[2.4494495, 6.3718319], [2.4484118, 6.3718135]]}, "properties": {"kind": "single_owner", "winner": "Gbèdjèwin", "color": "#46df9f", "length_m": 114.8, "virtual": false}}, {"type": "Feature", "geometry": {"type": "LineString", "coordinates": [[2.3642171, 6.3895411], [2.3641786, 6.3891592]]}, "properties": {"kind": "single_owner", "winner": "Mènontin", "color": "#93d64b", "length_m": 42.4, "virtual": false}}, {"type": "Feature", "geometry": {"type": "LineString", "coordinates": [[2.3642171, 6.3895411], [2.3647653, 6.3896724]]}, "properties": {"kind": "single_owner", "winner": "Mènontin", "color": "#93d64b", "length_m": 62.4, "virtual": false}}, {"type": "Feature", "geometry": {"type": "LineString", "coordinates": [[2.3642171, 6.3895411], [2.3641464, 6.389603]]}, "properties": {"kind": "single_owner", "winner": "Mènontin", "color": "#93d64b", "length_m": 10.4, "virtual": false}}, {"type": "Feature", "geometry": {"type": "LineString", "coordinates": [[2.3641786, 6.3891592], [2.3641132, 6.3886813]]}, "properties": {"kind": "single_owner", "winner": "Mènontin", "color": "#93d64b", "length_m": 53.3, "virtual": false}}, {"type": "Feature", "geometry": {"type": "LineString", "coordinates": [[2.3641786, 6.3891592], [2.3649361, 6.3890006]]}, "properties": {"kind": "single_owner", "winner": "Mènontin", "color": "#93d64b", "length_m": 85.6, "virtual": false}}, {"type": "Feature", "geometry": {"type": "LineString", "coordinates": [[2.3641132, 6.3886813], [2.3641009, 6.3886176]]}, "properties": {"kind": "single_owner", "winner": "Mènontin", "color": "#93d64b", "length_m": 7.2, "virtual": false}}, {"type": "Feature", "geometry": {"type": "LineString", "coordinates": [[2.3641009, 6.3886176], [2.3645493, 6.3885402]]}, "properties": {"kind": "single_owner", "winner": "Mènontin", "color": "#93d64b", "length_m": 50.3, "virtual": false}}, {"type": "Feature", "geometry": {"type": "LineString", "coordinates": [[2.3641009, 6.3886176], [2.3636829, 6.3887001]]}, "properties": {"kind": "single_owner", "winner": "Mènontin", "color": "#93d64b", "length_m": 47.1, "virtual": false}}, {"type": "Feature", "geometry": {"type": "LineString", "coordinates": [[2.3641009, 6.3886176], [2.3640876, 6.3885653]]}, "properties": {"kind": "single_owner", "winner": "Mènontin", "color": "#93d64b", "length_m": 6.0, "virtual": false}}, {"type": "Feature", "geometry": {"type": "LineString", "coordinates": [[2.3640876, 6.3885653], [2.3649493, 6.3883812]]}, "properties": {"kind": "single_owner", "winner": "Mènontin", "color": "#93d64b", "length_m": 97.5, "virtual": false}}, {"type": "Feature", "geometry": {"type": "LineString", "coordinates": [[2.3640876, 6.3885653], [2.3638898, 6.3885973]]}, "properties": {"kind": "single_owner", "winner": "Mènontin", "color": "#93d64b", "length_m": 22.2, "virtual": false}}, {"type": "Feature", "geometry": {"type": "LineString", "coordinates": [[2.3640354, 6.3883812], [2.3636033, 6.3884382]]}, "properties": {"kind": "single_owner", "winner": "Mènontin", "color": "#93d64b", "length_m": 48.2, "virtual": false}}, {"type": "Feature", "geometry": {"type": "LineString", "coordinates": [[2.3640354, 6.3883812], [2.3641752, 6.3883498]]}, "properties": {"kind": "single_owner", "winner": "Mènontin", "color": "#93d64b", "length_m": 15.9, "virtual": false}}, {"type": "Feature", "geometry": {"type": "LineString", "coordinates": [[2.3649361, 6.3890006], [2.3649693, 6.3897454]]}, "properties": {"kind": "single_owner", "winner": "Mènontin", "color": "#93d64b", "length_m": 82.4, "virtual": false}}, {"type": "Feature", "geometry": {"type": "LineString", "coordinates": [[2.3649361, 6.3890006], [2.3648686, 6.388471]]}, "properties": {"kind": "single_owner", "winner": "Mènontin", "color": "#93d64b", "length_m": 59.0, "virtual": false}}, {"type": "Feature", "geometry": {"type": "LineString", "coordinates": [[2.3649693, 6.3897454], [2.3647653, 6.3896724]]}, "properties": {"kind": "single_owner", "winner": "Mènontin", "color": "#93d64b", "length_m": 24.0, "virtual": false}}, {"type": "Feature", "geometry": {"type": "LineString", "coordinates": [[2.3649693, 6.3897454], [2.3654569, 6.3898594]]}, "properties": {"kind": "single_owner", "winner": "Mènontin", "color": "#93d64b", "length_m": 55.4, "virtual": false}}, {"type": "Feature", "geometry": {"type": "LineString", "coordinates": [[2.3648686, 6.388471], [2.3653483, 6.3883874]]}, "properties": {"kind": "single_owner", "winner": "Mènontin", "color": "#93d64b", "length_m": 53.9, "virtual": false}}, {"type": "Feature", "geometry": {"type": "LineString", "coordinates": [[2.3648686, 6.388471], [2.3645493, 6.3885402]]}, "properties": {"kind": "single_owner", "winner": "Mènontin", "color": "#93d64b", "length_m": 36.1, "virtual": false}}, {"type": "Feature", "geometry": {"type": "LineString", "coordinates": [[2.4413043, 6.3540313], [2.4406506, 6.3539918]]}, "properties": {"kind": "single_owner", "winner": "Xwlacôdji-Kpodji", "color": "#41d477", "length_m": 72.4, "virtual": false}}, {"type": "Feature", "geometry": {"type": "LineString", "coordinates": [[2.4413043, 6.3540313], [2.4412568, 6.3542543]]}, "properties": {"kind": "single_owner", "winner": "Xwlacôdji-Kpodji", "color": "#41d477", "length_m": 25.2, "virtual": false}}, {"type": "Feature", "geometry": {"type": "LineString", "coordinates": [[2.4413043, 6.3540313], [2.4419852, 6.3540849]]}, "properties": {"kind": "single_owner", "winner": "Xwlacôdji-Kpodji", "color": "#41d477", "length_m": 75.6, "virtual": false}}, {"type": "Feature", "geometry": {"type": "LineString", "coordinates": [[2.4413043, 6.3540313], [2.4413466, 6.3534212]]}, "properties": {"kind": "single_owner", "winner": "Xwlacôdji-Kpodji", "color": "#41d477", "length_m": 67.6, "virtual": false}}, {"type": "Feature", "geometry": {"type": "LineString", "coordinates": [[2.3667619, 6.3932454], [2.3665359, 6.3938127]]}, "properties": {"kind": "single_owner", "winner": "Mènontin", "color": "#93d64b", "length_m": 67.5, "virtual": false}}, {"type": "Feature", "geometry": {"type": "LineString", "coordinates": [[2.4456205, 6.3644587], [2.446477, 6.3651164]]}, "properties": {"kind": "single_owner", "winner": "Abokicodji-Centre", "color": "#d64a76", "length_m": 119.4, "virtual": false}}, {"type": "Feature", "geometry": {"type": "LineString", "coordinates": [[2.4340464, 6.3800056], [2.4344151, 6.3794209]]}, "properties": {"kind": "single_owner", "winner": "Djidjè", "color": "#a5d441", "length_m": 76.4, "virtual": false}}, {"type": "Feature", "geometry": {"type": "LineString", "coordinates": [[2.4640755, 6.3717703], [2.4640757, 6.3724204]]}, "properties": {"kind": "single_owner", "winner": "Yagbé", "color": "#cc5745", "length_m": 71.9, "virtual": false}}, {"type": "Feature", "geometry": {"type": "LineString", "coordinates": [[2.4640755, 6.3717703], [2.4648645, 6.3718147]]}, "properties": {"kind": "single_owner", "winner": "Yagbé", "color": "#cc5745", "length_m": 87.4, "virtual": false}}, {"type": "Feature", "geometry": {"type": "LineString", "coordinates": [[2.4640755, 6.3717703], [2.4634709, 6.3717186]]}, "properties": {"kind": "single_owner", "winner": "Yagbé", "color": "#cc5745", "length_m": 67.1, "virtual": false}}, {"type": "Feature", "geometry": {"type": "LineString", "coordinates": [[2.3654569, 6.3898594], [2.3660664, 6.3900439]]}, "properties": {"kind": "single_owner", "winner": "Mènontin", "color": "#93d64b", "length_m": 70.4, "virtual": false}}, {"type": "Feature", "geometry": {"type": "LineString", "coordinates": [[2.3653483, 6.3883874], [2.3666883, 6.3880152]]}, "properties": {"kind": "single_owner", "winner": "Mènontin", "color": "#93d64b", "length_m": 153.8, "virtual": false}}, {"type": "Feature", "geometry": {"type": "LineString", "coordinates": [[2.298882, 6.394626], [2.2989525, 6.3950619]]}, "properties": {"kind": "single_owner", "winner": "Cocotomey", "color": "#88d347", "length_m": 48.8, "virtual": false}}, {"type": "Feature", "geometry": {"type": "LineString", "coordinates": [[2.2995597, 6.3947706], [2.2989525, 6.3950619]]}, "properties": {"kind": "single_owner", "winner": "Cocotomey", "color": "#88d347", "length_m": 74.5, "virtual": false}}, {"type": "Feature", "geometry": {"type": "LineString", "coordinates": [[2.3735736, 6.385566], [2.3733685, 6.3850156]]}, "properties": {"kind": "single_owner", "winner": "Kouhounou", "color": "#dcca40", "length_m": 64.9, "virtual": false}}, {"type": "Feature", "geometry": {"type": "LineString", "coordinates": [[2.3735736, 6.385566], [2.3724136, 6.3862505]]}, "properties": {"kind": "single_owner", "winner": "Kouhounou", "color": "#dcca40", "length_m": 149.0, "virtual": false}}, {"type": "Feature", "geometry": {"type": "LineString", "coordinates": [[2.3735736, 6.385566], [2.3736901, 6.3854886]]}, "properties": {"kind": "single_owner", "winner": "Kouhounou", "color": "#dcca40", "length_m": 15.5, "virtual": false}}, {"type": "Feature", "geometry": {"type": "LineString", "coordinates": [[2.3733685, 6.3850156], [2.3732896, 6.3848014]]}, "properties": {"kind": "single_owner", "winner": "Kouhounou", "color": "#dcca40", "length_m": 25.2, "virtual": false}}, {"type": "Feature", "geometry": {"type": "LineString", "coordinates": [[2.3732896, 6.3848014], [2.3731729, 6.3844456]]}, "properties": {"kind": "single_owner", "winner": "Kouhounou", "color": "#dcca40", "length_m": 41.4, "virtual": false}}, {"type": "Feature", "geometry": {"type": "LineString", "coordinates": [[2.3731729, 6.3844456], [2.3731552, 6.3843425]]}, "properties": {"kind": "single_owner", "winner": "Kouhounou", "color": "#dcca40", "length_m": 11.6, "virtual": false}}, {"type": "Feature", "geometry": {"type": "LineString", "coordinates": [[2.3731552, 6.3843425], [2.373141, 6.3842319]]}, "properties": {"kind": "single_owner", "winner": "Kouhounou", "color": "#dcca40", "length_m": 12.3, "virtual": false}}, {"type": "Feature", "geometry": {"type": "LineString", "coordinates": [[2.3552529, 6.3891084], [2.3556152, 6.3891236]]}, "properties": {"kind": "single_owner", "winner": "Agla-Les-Pylônes", "color": "#c74a93", "length_m": 40.1, "virtual": false}}, {"type": "Feature", "geometry": {"type": "LineString", "coordinates": [[2.3552529, 6.3891084], [2.3552554, 6.3889183]]}, "properties": {"kind": "single_owner", "winner": "Agla-Les-Pylônes", "color": "#c74a93", "length_m": 21.0, "virtual": false}}, {"type": "Feature", "geometry": {"type": "LineString", "coordinates": [[2.3556152, 6.3891236], [2.3565459, 6.3891582]]}, "properties": {"kind": "single_owner", "winner": "Agla-Les-Pylônes", "color": "#c74a93", "length_m": 103.0, "virtual": false}}, {"type": "Feature", "geometry": {"type": "LineString", "coordinates": [[2.3565459, 6.3891582], [2.3566465, 6.3891582]]}, "properties": {"kind": "single_owner", "winner": "Agla-Les-Pylônes", "color": "#c74a93", "length_m": 11.1, "virtual": false}}, {"type": "Feature", "geometry": {"type": "LineString", "coordinates": [[2.3566465, 6.3891582], [2.3567297, 6.3891555]]}, "properties": {"kind": "single_owner", "winner": "Agla-Les-Pylônes", "color": "#c74a93", "length_m": 9.2, "virtual": false}}, {"type": "Feature", "geometry": {"type": "LineString", "coordinates": [[2.3567297, 6.3891555], [2.3567739, 6.3891369]]}, "properties": {"kind": "single_owner", "winner": "Agla-Les-Pylônes", "color": "#c74a93", "length_m": 5.3, "virtual": false}}, {"type": "Feature", "geometry": {"type": "LineString", "coordinates": [[2.3567739, 6.3891369], [2.3567176, 6.3885372]]}, "properties": {"kind": "single_owner", "winner": "Agla-Les-Pylônes", "color": "#c74a93", "length_m": 66.6, "virtual": false}}, {"type": "Feature", "geometry": {"type": "LineString", "coordinates": [[2.3567739, 6.3891369], [2.3572031, 6.3891236]]}, "properties": {"kind": "single_owner", "winner": "Agla-Les-Pylônes", "color": "#c74a93", "length_m": 47.5, "virtual": false}}, {"type": "Feature", "geometry": {"type": "LineString", "coordinates": [[2.3572031, 6.3891236], [2.3578717, 6.3890664]]}, "properties": {"kind": "single_owner", "winner": "Agla-Les-Pylônes", "color": "#c74a93", "length_m": 74.2, "virtual": false}}, {"type": "Feature", "geometry": {"type": "LineString", "coordinates": [[2.3578717, 6.3890664], [2.3575839, 6.3876335]]}, "properties": {"kind": "single_owner", "winner": "Agla-Les-Pylônes", "color": "#c74a93", "length_m": 161.6, "virtual": false}}, {"type": "Feature", "geometry": {"type": "LineString", "coordinates": [[2.3578717, 6.3890664], [2.3579313, 6.3890603]]}, "properties": {"kind": "single_owner", "winner": "Agla-Les-Pylônes", "color": "#c74a93", "length_m": 6.6, "virtual": false}}, {"type": "Feature", "geometry": {"type": "LineString", "coordinates": [[2.3579313, 6.3890603], [2.358939, 6.3889593]]}, "properties": {"kind": "single_owner", "winner": "Agla-Les-Pylônes", "color": "#c74a93", "length_m": 112.0, "virtual": false}}, {"type": "Feature", "geometry": {"type": "LineString", "coordinates": [[2.3579313, 6.3890603], [2.3579196, 6.3889711]]}, "properties": {"kind": "single_owner", "winner": "Agla-Les-Pylônes", "color": "#c74a93", "length_m": 9.9, "virtual": false}}, {"type": "Feature", "geometry": {"type": "LineString", "coordinates": [[2.358939, 6.3889593], [2.3595957, 6.3888852]]}, "properties": {"kind": "single_owner", "winner": "Agla-Les-Pylônes", "color": "#c74a93", "length_m": 73.1, "virtual": false}}, {"type": "Feature", "geometry": {"type": "LineString", "coordinates": [[2.358939, 6.3889593], [2.3588915, 6.3884012]]}, "properties": {"kind": "single_owner", "winner": "Agla-Les-Pylônes", "color": "#c74a93", "length_m": 61.9, "virtual": false}}, {"type": "Feature", "geometry": {"type": "LineString", "coordinates": [[2.3595957, 6.3888852], [2.3602235, 6.3888303]]}, "properties": {"kind": "single_owner", "winner": "Agla-Les-Pylônes", "color": "#c74a93", "length_m": 69.7, "virtual": false}}, {"type": "Feature", "geometry": {"type": "LineString", "coordinates": [[2.3595957, 6.3888852], [2.3595648, 6.3877901]]}, "properties": {"kind": "single_owner", "winner": "Agla-Les-Pylônes", "color": "#c74a93", "length_m": 121.1, "virtual": false}}, {"type": "Feature", "geometry": {"type": "LineString", "coordinates": [[2.3602235, 6.3888303], [2.3611264, 6.3887342]]}, "properties": {"kind": "single_owner", "winner": "Agla-Les-Pylônes", "color": "#c74a93", "length_m": 100.4, "virtual": false}}, {"type": "Feature", "geometry": {"type": "LineString", "coordinates": [[2.3602235, 6.3888303], [2.3601857, 6.3882333]]}, "properties": {"kind": "single_owner", "winner": "Agla-Les-Pylônes", "color": "#c74a93", "length_m": 66.1, "virtual": false}}, {"type": "Feature", "geometry": {"type": "LineString", "coordinates": [[2.3611264, 6.3887342], [2.3617494, 6.3886651]]}, "properties": {"kind": "single_owner", "winner": "Agla-Les-Pylônes", "color": "#c74a93", "length_m": 69.3, "virtual": false}}, {"type": "Feature", "geometry": {"type": "LineString", "coordinates": [[2.3611264, 6.3887342], [2.3610842, 6.3883759]]}, "properties": {"kind": "single_owner", "winner": "Agla-Les-Pylônes", "color": "#c74a93", "length_m": 39.9, "virtual": false}}, {"type": "Feature", "geometry": {"type": "LineString", "coordinates": [[2.3617494, 6.3886651], [2.3621221, 6.388618]]}, "properties": {"kind": "single_owner", "winner": "Agla-Les-Pylônes", "color": "#c74a93", "length_m": 41.6, "virtual": false}}, {"type": "Feature", "geometry": {"type": "LineString", "coordinates": [[2.3617494, 6.3886651], [2.3616851, 6.3879961]]}, "properties": {"kind": "single_owner", "winner": "Agla-Les-Pylônes", "color": "#c74a93", "length_m": 74.3, "virtual": false}}, {"type": "Feature", "geometry": {"type": "LineString", "coordinates": [[2.3621221, 6.388618], [2.3620311, 6.3879107]]}, "properties": {"kind": "single_owner", "winner": "Agla-Les-Pylônes", "color": "#c74a93", "length_m": 78.8, "virtual": false}}, {"type": "Feature", "geometry": {"type": "LineString", "coordinates": [[2.3621221, 6.388618], [2.362558, 6.3885727]]}, "properties": {"kind": "single_owner", "winner": "Agla-Les-Pylônes", "color": "#c74a93", "length_m": 48.5, "virtual": false}}, {"type": "Feature", "geometry": {"type": "LineString", "coordinates": [[2.362558, 6.3885727], [2.3625541, 6.38814]]}, "properties": {"kind": "single_owner", "winner": "Agla-Les-Pylônes", "color": "#c74a93", "length_m": 47.8, "virtual": false}}, {"type": "Feature", "geometry": {"type": "LineString", "coordinates": [[2.363053, 6.3885212], [2.3636033, 6.3884382]]}, "properties": {"kind": "single_owner", "winner": "Mènontin", "color": "#93d64b", "length_m": 61.6, "virtual": false}}, {"type": "Feature", "geometry": {"type": "LineString", "coordinates": [[2.3636033, 6.3884382], [2.3635947, 6.3876615]]}, "properties": {"kind": "single_owner", "winner": "Mènontin", "color": "#93d64b", "length_m": 85.9, "virtual": false}}, {"type": "Feature", "geometry": {"type": "LineString", "coordinates": [[2.3641752, 6.3883498], [2.3640944, 6.3876375]]}, "properties": {"kind": "single_owner", "winner": "Mènontin", "color": "#93d64b", "length_m": 79.2, "virtual": false}}, {"type": "Feature", "geometry": {"type": "LineString", "coordinates": [[2.3641752, 6.3883498], [2.3648795, 6.3882173]]}, "properties": {"kind": "single_owner", "winner": "Mènontin", "color": "#93d64b", "length_m": 79.3, "virtual": false}}, {"type": "Feature", "geometry": {"type": "LineString", "coordinates": [[2.3648795, 6.3882173], [2.365353, 6.3881106]]}, "properties": {"kind": "single_owner", "winner": "Mènontin", "color": "#93d64b", "length_m": 53.7, "virtual": false}}, {"type": "Feature", "geometry": {"type": "LineString", "coordinates": [[2.365353, 6.3881106], [2.3657298, 6.3880174]]}, "properties": {"kind": "single_owner", "winner": "Mènontin", "color": "#93d64b", "length_m": 42.9, "virtual": false}}, {"type": "Feature", "geometry": {"type": "LineString", "coordinates": [[2.3657298, 6.3880174], [2.3664513, 6.3878228]]}, "properties": {"kind": "single_owner", "winner": "Mènontin", "color": "#93d64b", "length_m": 82.7, "virtual": false}}, {"type": "Feature", "geometry": {"type": "LineString", "coordinates": [[2.3671433, 6.3876309], [2.3679909, 6.3874176]]}, "properties": {"kind": "single_owner", "winner": "Kouhounou", "color": "#dcca40", "length_m": 96.7, "virtual": false}}, {"type": "Feature", "geometry": {"type": "LineString", "coordinates": [[2.3679909, 6.3874176], [2.3687366, 6.387247]]}, "properties": {"kind": "single_owner", "winner": "Kouhounou", "color": "#dcca40", "length_m": 84.6, "virtual": false}}, {"type": "Feature", "geometry": {"type": "LineString", "coordinates": [[2.3687366, 6.387247], [2.3717926, 6.3865036]]}, "properties": {"kind": "single_owner", "winner": "Kouhounou", "color": "#dcca40", "length_m": 347.9, "virtual": false}}, {"type": "Feature", "geometry": {"type": "LineString", "coordinates": [[2.3717926, 6.3865036], [2.3719455, 6.3864636]]}, "properties": {"kind": "single_owner", "winner": "Kouhounou", "color": "#dcca40", "length_m": 17.5, "virtual": false}}, {"type": "Feature", "geometry": {"type": "LineString", "coordinates": [[2.3719455, 6.3864636], [2.372089, 6.3864077]]}, "properties": {"kind": "single_owner", "winner": "Kouhounou", "color": "#dcca40", "length_m": 17.0, "virtual": false}}, {"type": "Feature", "geometry": {"type": "LineString", "coordinates": [[2.372089, 6.3864077], [2.3722513, 6.3863318]]}, "properties": {"kind": "single_owner", "winner": "Kouhounou", "color": "#dcca40", "length_m": 19.8, "virtual": false}}, {"type": "Feature", "geometry": {"type": "LineString", "coordinates": [[2.3722513, 6.3863318], [2.3724136, 6.3862505]]}, "properties": {"kind": "single_owner", "winner": "Kouhounou", "color": "#dcca40", "length_m": 20.1, "virtual": false}}, {"type": "Feature", "geometry": {"type": "LineString", "coordinates": [[2.3736901, 6.3854886], [2.373486, 6.3849799]]}, "properties": {"kind": "single_owner", "winner": "Kouhounou", "color": "#dcca40", "length_m": 60.6, "virtual": false}}, {"type": "Feature", "geometry": {"type": "LineString", "coordinates": [[2.3736901, 6.3854886], [2.3742798, 6.3851375]]}, "properties": {"kind": "single_owner", "winner": "Kouhounou", "color": "#dcca40", "length_m": 75.9, "virtual": false}}, {"type": "Feature", "geometry": {"type": "LineString", "coordinates": [[2.4621697, 6.3769931], [2.462155, 6.3762851]]}, "properties": {"kind": "single_owner", "winner": "Suru-Léré", "color": "#ca4c98", "length_m": 78.3, "virtual": false}}, {"type": "Feature", "geometry": {"type": "LineString", "coordinates": [[2.4572292, 6.3771351], [2.4559767, 6.3771546]]}, "properties": {"kind": "single_owner", "winner": "Sènadé", "color": "#d38544", "length_m": 138.6, "virtual": false}}, {"type": "Feature", "geometry": {"type": "LineString", "coordinates": [[2.3632767, 6.3801694], [2.3633171, 6.3801687]]}, "properties": {"kind": "single_owner", "winner": "Agla-Les-Pylônes", "color": "#c74a93", "length_m": 4.5, "virtual": false}}, {"type": "Feature", "geometry": {"type": "LineString", "coordinates": [[2.3632767, 6.3801694], [2.3628234, 6.3801775]]}, "properties": {"kind": "single_owner", "winner": "Agla-Les-Pylônes", "color": "#c74a93", "length_m": 50.2, "virtual": false}}, {"type": "Feature", "geometry": {"type": "LineString", "coordinates": [[2.3045006, 6.3915929], [2.3049, 6.3915159]]}, "properties": {"kind": "single_owner", "winner": "Cocotomey", "color": "#88d347", "length_m": 45.0, "virtual": false}}, {"type": "Feature", "geometry": {"type": "LineString", "coordinates": [[2.3045006, 6.3915929], [2.3044987, 6.3916388]]}, "properties": {"kind": "single_owner", "winner": "Cocotomey", "color": "#88d347", "length_m": 5.1, "virtual": false}}, {"type": "Feature", "geometry": {"type": "LineString", "coordinates": [[2.3044987, 6.3916388], [2.3036396, 6.3917772]]}, "properties": {"kind": "single_owner", "winner": "Cocotomey", "color": "#88d347", "length_m": 96.3, "virtual": false}}, {"type": "Feature", "geometry": {"type": "LineString", "coordinates": [[2.3044987, 6.3916388], [2.3044919, 6.3922692]]}, "properties": {"kind": "single_owner", "winner": "Cocotomey", "color": "#88d347", "length_m": 69.7, "virtual": false}}, {"type": "Feature", "geometry": {"type": "LineString", "coordinates": [[2.3044919, 6.3922692], [2.3039972, 6.3926631]]}, "properties": {"kind": "single_owner", "winner": "Cocotomey", "color": "#88d347", "length_m": 69.9, "virtual": false}}, {"type": "Feature", "geometry": {"type": "LineString", "coordinates": [[2.355111, 6.3892742], [2.3555832, 6.389208]]}, "properties": {"kind": "single_owner", "winner": "Mènontin", "color": "#93d64b", "length_m": 52.7, "virtual": false}}, {"type": "Feature", "geometry": {"type": "LineString", "coordinates": [[2.3431068, 6.3967943], [2.342989, 6.3970998]]}, "properties": {"kind": "single_owner", "winner": "Godomey-Togoudo", "color": "#c93d4b", "length_m": 36.2, "virtual": false}}, {"type": "Feature", "geometry": {"type": "LineString", "coordinates": [[2.3431068, 6.3967943], [2.3432811, 6.3964427]]}, "properties": {"kind": "single_owner", "winner": "Godomey-Togoudo", "color": "#c93d4b", "length_m": 43.4, "virtual": false}}, {"type": "Feature", "geometry": {"type": "LineString", "coordinates": [[2.342989, 6.3970998], [2.3426087, 6.398048]]}, "properties": {"kind": "single_owner", "winner": "Godomey-Togoudo", "color": "#c93d4b", "length_m": 112.9, "virtual": false}}, {"type": "Feature", "geometry": {"type": "LineString", "coordinates": [[2.4025887, 6.3687344], [2.4027792, 6.3686144]]}, "properties": {"kind": "single_owner", "winner": "Vodjè-Kpota", "color": "#cc4446", "length_m": 24.9, "virtual": false}}, {"type": "Feature", "geometry": {"type": "LineString", "coordinates": [[2.4027792, 6.3686144], [2.4029304, 6.3685045]]}, "properties": {"kind": "single_owner", "winner": "Vodjè-Kpota", "color": "#cc4446", "length_m": 20.7, "virtual": false}}, {"type": "Feature", "geometry": {"type": "LineString", "coordinates": [[2.4029304, 6.3685045], [2.4034164, 6.3681069]]}, "properties": {"kind": "single_owner", "winner": "Vodjè-Kpota", "color": "#cc4446", "length_m": 69.4, "virtual": false}}, {"type": "Feature", "geometry": {"type": "LineString", "coordinates": [[2.3906937, 6.36835], [2.3906472, 6.3684664]]}, "properties": {"kind": "single_owner", "winner": "Houéyihô", "color": "#3edc5e", "length_m": 13.9, "virtual": false}}, {"type": "Feature", "geometry": {"type": "LineString", "coordinates": [[2.3906472, 6.3684664], [2.3913269, 6.3685369]]}, "properties": {"kind": "single_owner", "winner": "Houéyihô", "color": "#3edc5e", "length_m": 75.6, "virtual": false}}, {"type": "Feature", "geometry": {"type": "LineString", "coordinates": [[2.3913269, 6.3685369], [2.3916185, 6.3685638]]}, "properties": {"kind": "single_owner", "winner": "Houéyihô", "color": "#3edc5e", "length_m": 32.4, "virtual": false}}, {"type": "Feature", "geometry": {"type": "LineString", "coordinates": [[2.3921082, 6.3686488], [2.3922542, 6.3682292]]}, "properties": {"kind": "single_owner", "winner": "Houéyihô", "color": "#3edc5e", "length_m": 49.1, "virtual": false}}, {"type": "Feature", "geometry": {"type": "LineString", "coordinates": [[2.3921082, 6.3686488], [2.3922569, 6.3686704]]}, "properties": {"kind": "single_owner", "winner": "Houéyihô", "color": "#3edc5e", "length_m": 16.6, "virtual": false}}, {"type": "Feature", "geometry": {"type": "LineString", "coordinates": [[2.3736743, 6.3858028], [2.3737951, 6.3857324]]}, "properties": {"kind": "single_owner", "winner": "Kouhounou", "color": "#dcca40", "length_m": 15.5, "virtual": false}}, {"type": "Feature", "geometry": {"type": "LineString", "coordinates": [[2.3961736, 6.3602882], [2.3963982, 6.3604495]]}, "properties": {"kind": "single_owner", "winner": "Cadjèhoun-Azalokogon", "color": "#d951d0", "length_m": 30.6, "virtual": false}}, {"type": "Feature", "geometry": {"type": "LineString", "coordinates": [[2.3963982, 6.3604495], [2.3965477, 6.3605781]]}, "properties": {"kind": "single_owner", "winner": "Cadjèhoun-Azalokogon", "color": "#d951d0", "length_m": 21.8, "virtual": false}}, {"type": "Feature", "geometry": {"type": "LineString", "coordinates": [[2.3965477, 6.3605781], [2.3969514, 6.3609206]]}, "properties": {"kind": "single_owner", "winner": "Cadjèhoun-Azalokogon", "color": "#d951d0", "length_m": 58.5, "virtual": false}}, {"type": "Feature", "geometry": {"type": "LineString", "coordinates": [[2.3969514, 6.3609206], [2.3970378, 6.3609885]]}, "properties": {"kind": "single_owner", "winner": "Cadjèhoun-Azalokogon", "color": "#d951d0", "length_m": 12.2, "virtual": false}}, {"type": "Feature", "geometry": {"type": "LineString", "coordinates": [[2.4253467, 6.3565426], [2.4258898, 6.3565206]]}, "properties": {"kind": "single_owner", "winner": "Gbèdiga-Guêdêhounguè", "color": "#abc93d", "length_m": 60.1, "virtual": false}}, {"type": "Feature", "geometry": {"type": "LineString", "coordinates": [[2.3020805, 6.3883523], [2.303991, 6.3884966]]}, "properties": {"kind": "single_owner", "winner": "Cocotomey", "color": "#88d347", "length_m": 212.0, "virtual": false}}, {"type": "Feature", "geometry": {"type": "LineString", "coordinates": [[2.303991, 6.3884966], [2.3053157, 6.3886171]]}, "properties": {"kind": "single_owner", "winner": "Cocotomey", "color": "#88d347", "length_m": 147.2, "virtual": false}}, {"type": "Feature", "geometry": {"type": "LineString", "coordinates": [[2.3601401, 6.6016086], [2.360031, 6.6020303]]}, "properties": {"kind": "single_owner", "winner": "Sokan", "color": "#d040bd", "length_m": 48.2, "virtual": false}}, {"type": "Feature", "geometry": {"type": "LineString", "coordinates": [[2.360031, 6.6020303], [2.3599389, 6.6024239]]}, "properties": {"kind": "single_owner", "winner": "Sokan", "color": "#d040bd", "length_m": 44.7, "virtual": false}}, {"type": "Feature", "geometry": {"type": "LineString", "coordinates": [[2.360031, 6.6020303], [2.359861, 6.6019904]]}, "properties": {"kind": "single_owner", "winner": "Sokan", "color": "#d040bd", "length_m": 19.3, "virtual": false}}, {"type": "Feature", "geometry": {"type": "LineString", "coordinates": [[2.360031, 6.6020303], [2.3604548, 6.601999]]}, "properties": {"kind": "single_owner", "winner": "Sokan", "color": "#d040bd", "length_m": 47.0, "virtual": false}}, {"type": "Feature", "geometry": {"type": "LineString", "coordinates": [[2.3599389, 6.6024239], [2.359907, 6.6025698]]}, "properties": {"kind": "single_owner", "winner": "Sokan", "color": "#d040bd", "length_m": 16.5, "virtual": false}}, {"type": "Feature", "geometry": {"type": "LineString", "coordinates": [[2.359907, 6.6025698], [2.359713, 6.6034561]]}, "properties": {"kind": "single_owner", "winner": "Sokan", "color": "#d040bd", "length_m": 100.3, "virtual": false}}, {"type": "Feature", "geometry": {"type": "LineString", "coordinates": [[2.359907, 6.6025698], [2.3600051, 6.6025739]]}, "properties": {"kind": "single_owner", "winner": "Sokan", "color": "#d040bd", "length_m": 10.9, "virtual": false}}, {"type": "Feature", "geometry": {"type": "LineString", "coordinates": [[2.359713, 6.6034561], [2.3596573, 6.6037108]]}, "properties": {"kind": "single_owner", "winner": "Sokan", "color": "#d040bd", "length_m": 28.8, "virtual": false}}, {"type": "Feature", "geometry": {"type": "LineString", "coordinates": [[2.359713, 6.6034561], [2.3595253, 6.6034415]]}, "properties": {"kind": "single_owner", "winner": "Sokan", "color": "#d040bd", "length_m": 20.8, "virtual": false}}, {"type": "Feature", "geometry": {"type": "LineString", "coordinates": [[2.3596573, 6.6037108], [2.3602205, 6.6037481]]}, "properties": {"kind": "single_owner", "winner": "Sokan", "color": "#d040bd", "length_m": 62.4, "virtual": false}}, {"type": "Feature", "geometry": {"type": "LineString", "coordinates": [[2.3596573, 6.6037108], [2.3595649, 6.6041175]]}, "properties": {"kind": "single_owner", "winner": "Sokan", "color": "#d040bd", "length_m": 46.1, "virtual": false}}, {"type": "Feature", "geometry": {"type": "LineString", "coordinates": [[2.3595649, 6.6041175], [2.3575142, 6.6039107]]}, "properties": {"kind": "single_owner", "winner": "Sokan", "color": "#d040bd", "length_m": 228.0, "virtual": false}}, {"type": "Feature", "geometry": {"type": "LineString", "coordinates": [[2.3593515, 6.6051763], [2.3592322, 6.6057011]]}, "properties": {"kind": "single_owner", "winner": "Zinvié-Fandji", "color": "#53dc41", "length_m": 59.5, "virtual": false}}, {"type": "Feature", "geometry": {"type": "LineString", "coordinates": [[2.3592322, 6.6057011], [2.3591155, 6.6062394]]}, "properties": {"kind": "single_owner", "winner": "Zinvié-Fandji", "color": "#53dc41", "length_m": 60.9, "virtual": false}}, {"type": "Feature", "geometry": {"type": "LineString", "coordinates": [[2.3591155, 6.6062394], [2.3598021, 6.6062607]]}, "properties": {"kind": "single_owner", "winner": "Zinvié-Fandji", "color": "#53dc41", "length_m": 76.0, "virtual": false}}, {"type": "Feature", "geometry": {"type": "LineString", "coordinates": [[2.3582101, 6.5212853], [2.3581443, 6.5213601]]}, "properties": {"kind": "single_owner", "winner": "Misséssinto", "color": "#dc3e51", "length_m": 11.0, "virtual": false}}, {"type": "Feature", "geometry": {"type": "LineString", "coordinates": [[2.3581443, 6.5213601], [2.3580848, 6.5214288]]}, "properties": {"kind": "single_owner", "winner": "Misséssinto", "color": "#dc3e51", "length_m": 10.0, "virtual": false}}, {"type": "Feature", "geometry": {"type": "LineString", "coordinates": [[2.3580848, 6.5214288], [2.3580568, 6.5214598]]}, "properties": {"kind": "single_owner", "winner": "Misséssinto", "color": "#dc3e51", "length_m": 4.6, "virtual": false}}, {"type": "Feature", "geometry": {"type": "LineString", "coordinates": [[2.3580568, 6.5214598], [2.3579898, 6.5215351]]}, "properties": {"kind": "single_owner", "winner": "Misséssinto", "color": "#dc3e51", "length_m": 11.1, "virtual": false}}, {"type": "Feature", "geometry": {"type": "LineString", "coordinates": [[2.3579898, 6.5215351], [2.3579275, 6.5216029]]}, "properties": {"kind": "single_owner", "winner": "Misséssinto", "color": "#dc3e51", "length_m": 10.2, "virtual": false}}, {"type": "Feature", "geometry": {"type": "LineString", "coordinates": [[2.4788713, 6.3729755], [2.4759233, 6.3728742]]}, "properties": {"kind": "single_owner", "winner": "Dandji", "color": "#c150dd", "length_m": 326.3, "virtual": false}}, {"type": "Feature", "geometry": {"type": "LineString", "coordinates": [[2.4788608, 6.3731694], [2.4781566, 6.3731334]]}, "properties": {"kind": "single_owner", "winner": "Dandji", "color": "#c150dd", "length_m": 78.0, "virtual": false}}, {"type": "Feature", "geometry": {"type": "LineString", "coordinates": [[2.4759317, 6.3730462], [2.4767297, 6.3730821]]}, "properties": {"kind": "single_owner", "winner": "Dandji", "color": "#c150dd", "length_m": 88.4, "virtual": false}}, {"type": "Feature", "geometry": {"type": "LineString", "coordinates": [[2.4837768, 6.3719322], [2.4827288, 6.3718273]]}, "properties": {"kind": "single_owner", "winner": "Dandji", "color": "#c150dd", "length_m": 116.5, "virtual": false}}, {"type": "Feature", "geometry": {"type": "LineString", "coordinates": [[2.481232, 6.3711186], [2.4827259, 6.3712526]]}, "properties": {"kind": "single_owner", "winner": "Dandji", "color": "#c150dd", "length_m": 165.9, "virtual": false}}, {"type": "Feature", "geometry": {"type": "LineString", "coordinates": [[2.4827259, 6.3712526], [2.4827288, 6.3718273]]}, "properties": {"kind": "single_owner", "winner": "Dandji", "color": "#c150dd", "length_m": 63.5, "virtual": false}}, {"type": "Feature", "geometry": {"type": "LineString", "coordinates": [[2.4720989, 6.3748907], [2.4721081, 6.3755163]]}, "properties": {"kind": "single_owner", "winner": "Avotrou-Gbègo", "color": "#dbdd4d", "length_m": 69.2, "virtual": false}}, {"type": "Feature", "geometry": {"type": "LineString", "coordinates": [[2.4827288, 6.3718273], [2.4819137, 6.3717586]]}, "properties": {"kind": "single_owner", "winner": "Dandji", "color": "#c150dd", "length_m": 90.5, "virtual": false}}, {"type": "Feature", "geometry": {"type": "LineString", "coordinates": [[2.4827288, 6.3718273], [2.4826824, 6.3722714]]}, "properties": {"kind": "single_owner", "winner": "Dandji", "color": "#c150dd", "length_m": 49.4, "virtual": false}}, {"type": "Feature", "geometry": {"type": "LineString", "coordinates": [[2.4826824, 6.3722714], [2.481098, 6.3721451]]}, "properties": {"kind": "single_owner", "winner": "Dandji", "color": "#c150dd", "length_m": 175.8, "virtual": false}}, {"type": "Feature", "geometry": {"type": "LineString", "coordinates": [[2.4826824, 6.3722714], [2.4826725, 6.3724158]]}, "properties": {"kind": "single_owner", "winner": "Dandji", "color": "#c150dd", "length_m": 16.0, "virtual": false}}, {"type": "Feature", "geometry": {"type": "LineString", "coordinates": [[2.4826725, 6.3724158], [2.4839074, 6.3725401]]}, "properties": {"kind": "single_owner", "winner": "Dandji", "color": "#c150dd", "length_m": 137.3, "virtual": false}}, {"type": "Feature", "geometry": {"type": "LineString", "coordinates": [[2.4826725, 6.3724158], [2.4826322, 6.3727507]]}, "properties": {"kind": "single_owner", "winner": "Dandji", "color": "#c150dd", "length_m": 37.3, "virtual": false}}, {"type": "Feature", "geometry": {"type": "LineString", "coordinates": [[2.4826322, 6.3727507], [2.4826055, 6.3729749]]}, "properties": {"kind": "single_owner", "winner": "Dandji", "color": "#c150dd", "length_m": 25.0, "virtual": false}}, {"type": "Feature", "geometry": {"type": "LineString", "coordinates": [[2.4826322, 6.3727507], [2.4810229, 6.3725961]]}, "properties": {"kind": "single_owner", "winner": "Dandji", "color": "#c150dd", "length_m": 178.9, "virtual": false}}, {"type": "Feature", "geometry": {"type": "LineString", "coordinates": [[2.4826055, 6.3729749], [2.4825983, 6.3730279]]}, "properties": {"kind": "single_owner", "winner": "Dandji", "color": "#c150dd", "length_m": 5.9, "virtual": false}}, {"type": "Feature", "geometry": {"type": "LineString", "coordinates": [[2.4825983, 6.3730279], [2.4825954, 6.3730596]]}, "properties": {"kind": "single_owner", "winner": "Dandji", "color": "#c150dd", "length_m": 3.5, "virtual": false}}, {"type": "Feature", "geometry": {"type": "LineString", "coordinates": [[2.4825954, 6.3730596], [2.4825934, 6.3730775]]}, "properties": {"kind": "single_owner", "winner": "Dandji", "color": "#c150dd", "length_m": 2.0, "virtual": false}}, {"type": "Feature", "geometry": {"type": "LineString", "coordinates": [[2.4825934, 6.3730775], [2.4822047, 6.3730541]]}, "properties": {"kind": "single_owner", "winner": "Dandji", "color": "#c150dd", "length_m": 43.1, "virtual": false}}, {"type": "Feature", "geometry": {"type": "LineString", "coordinates": [[2.4825934, 6.3730775], [2.4836182, 6.3731078]]}, "properties": {"kind": "single_owner", "winner": "Dandji", "color": "#c150dd", "length_m": 113.4, "virtual": false}}, {"type": "Feature", "geometry": {"type": "LineString", "coordinates": [[2.4811789, 6.3716995], [2.4819137, 6.3717586]]}, "properties": {"kind": "single_owner", "winner": "Dandji", "color": "#c150dd", "length_m": 81.6, "virtual": false}}, {"type": "Feature", "geometry": {"type": "LineString", "coordinates": [[2.4809675, 6.3729756], [2.4822047, 6.3730541]]}, "properties": {"kind": "single_owner", "winner": "Dandji", "color": "#c150dd", "length_m": 137.1, "virtual": false}}, {"type": "Feature", "geometry": {"type": "LineString", "coordinates": [[2.4654316, 6.3714016], [2.4672973, 6.3715186]]}, "properties": {"kind": "single_owner", "winner": "Yagbé", "color": "#cc5745", "length_m": 206.8, "virtual": false}}, {"type": "Feature", "geometry": {"type": "LineString", "coordinates": [[2.4654316, 6.3714016], [2.4654266, 6.3709249]]}, "properties": {"kind": "single_owner", "winner": "Yagbé", "color": "#cc5745", "length_m": 52.7, "virtual": false}}, {"type": "Feature", "geometry": {"type": "LineString", "coordinates": [[2.4654316, 6.3714016], [2.4654363, 6.3718461]]}, "properties": {"kind": "single_owner", "winner": "Yagbé", "color": "#cc5745", "length_m": 49.1, "virtual": false}}, {"type": "Feature", "geometry": {"type": "LineString", "coordinates": [[2.4648645, 6.3718147], [2.4654363, 6.3718461]]}, "properties": {"kind": "single_owner", "winner": "Yagbé", "color": "#cc5745", "length_m": 63.4, "virtual": false}}, {"type": "Feature", "geometry": {"type": "LineString", "coordinates": [[2.4742723, 6.3775957], [2.4738335, 6.3776005]]}, "properties": {"kind": "single_owner", "winner": "Avotrou-Gbègo", "color": "#dbdd4d", "length_m": 48.5, "virtual": false}}, {"type": "Feature", "geometry": {"type": "LineString", "coordinates": [[2.4628882, 6.3729955], [2.463434, 6.3729955]]}, "properties": {"kind": "single_owner", "winner": "Yagbé", "color": "#cc5745", "length_m": 60.4, "virtual": false}}, {"type": "Feature", "geometry": {"type": "LineString", "coordinates": [[2.463434, 6.3729955], [2.4640937, 6.3729673]]}, "properties": {"kind": "single_owner", "winner": "Yagbé", "color": "#cc5745", "length_m": 73.0, "virtual": false}}, {"type": "Feature", "geometry": {"type": "LineString", "coordinates": [[2.463434, 6.3729955], [2.4634467, 6.3735961]]}, "properties": {"kind": "single_owner", "winner": "Yagbé", "color": "#cc5745", "length_m": 66.4, "virtual": false}}, {"type": "Feature", "geometry": {"type": "LineString", "coordinates": [[2.4640937, 6.3729673], [2.4656989, 6.3729556]]}, "properties": {"kind": "single_owner", "winner": "Yagbé", "color": "#cc5745", "length_m": 177.6, "virtual": false}}, {"type": "Feature", "geometry": {"type": "LineString", "coordinates": [[2.4640937, 6.3729673], [2.464089, 6.3728932]]}, "properties": {"kind": "single_owner", "winner": "Yagbé", "color": "#cc5745", "length_m": 8.2, "virtual": false}}, {"type": "Feature", "geometry": {"type": "LineString", "coordinates": [[2.4640937, 6.3729673], [2.4641046, 6.3735882]]}, "properties": {"kind": "single_owner", "winner": "Yagbé", "color": "#cc5745", "length_m": 68.6, "virtual": false}}, {"type": "Feature", "geometry": {"type": "LineString", "coordinates": [[2.469989, 6.3729166], [2.4700363, 6.3729154]]}, "properties": {"kind": "single_owner", "winner": "Yagbé", "color": "#cc5745", "length_m": 5.2, "virtual": false}}, {"type": "Feature", "geometry": {"type": "LineString", "coordinates": [[2.469989, 6.3729166], [2.4699829, 6.3729574]]}, "properties": {"kind": "single_owner", "winner": "Yagbé", "color": "#cc5745", "length_m": 4.6, "virtual": false}}, {"type": "Feature", "geometry": {"type": "LineString", "coordinates": [[2.4700363, 6.3729154], [2.4708509, 6.3729155]]}, "properties": {"kind": "single_owner", "winner": "Yagbé", "color": "#cc5745", "length_m": 90.1, "virtual": false}}, {"type": "Feature", "geometry": {"type": "LineString", "coordinates": [[2.4767297, 6.3730821], [2.4774814, 6.3731134]]}, "properties": {"kind": "single_owner", "winner": "Dandji", "color": "#c150dd", "length_m": 83.2, "virtual": false}}, {"type": "Feature", "geometry": {"type": "LineString", "coordinates": [[2.4774814, 6.3731134], [2.4781566, 6.3731334]]}, "properties": {"kind": "single_owner", "winner": "Dandji", "color": "#c150dd", "length_m": 74.7, "virtual": false}}, {"type": "Feature", "geometry": {"type": "LineString", "coordinates": [[2.4794441, 6.3731987], [2.4802749, 6.373232]]}, "properties": {"kind": "single_owner", "winner": "Dandji", "color": "#c150dd", "length_m": 92.0, "virtual": false}}, {"type": "Feature", "geometry": {"type": "LineString", "coordinates": [[2.4802749, 6.373232], [2.4809314, 6.37327]]}, "properties": {"kind": "single_owner", "winner": "Dandji", "color": "#c150dd", "length_m": 72.7, "virtual": false}}, {"type": "Feature", "geometry": {"type": "LineString", "coordinates": [[2.4809314, 6.37327], [2.4814604, 6.373274]]}, "properties": {"kind": "single_owner", "winner": "Dandji", "color": "#c150dd", "length_m": 58.5, "virtual": false}}, {"type": "Feature", "geometry": {"type": "LineString", "coordinates": [[2.4814604, 6.373274], [2.4819743, 6.3732837]]}, "properties": {"kind": "single_owner", "winner": "Dandji", "color": "#c150dd", "length_m": 56.9, "virtual": false}}, {"type": "Feature", "geometry": {"type": "LineString", "coordinates": [[2.4738335, 6.3776005], [2.4732718, 6.3776077]]}, "properties": {"kind": "single_owner", "winner": "Avotrou-Gbègo", "color": "#dbdd4d", "length_m": 62.1, "virtual": false}}, {"type": "Feature", "geometry": {"type": "LineString", "coordinates": [[2.4640757, 6.3724204], [2.4657146, 6.3723981]]}, "properties": {"kind": "single_owner", "winner": "Yagbé", "color": "#cc5745", "length_m": 181.3, "virtual": false}}, {"type": "Feature", "geometry": {"type": "LineString", "coordinates": [[2.4640757, 6.3724204], [2.4640809, 6.3726936]]}, "properties": {"kind": "single_owner", "winner": "Yagbé", "color": "#cc5745", "length_m": 30.2, "virtual": false}}, {"type": "Feature", "geometry": {"type": "LineString", "coordinates": [[2.4640809, 6.3726936], [2.4634761, 6.3726977]]}, "properties": {"kind": "single_owner", "winner": "Yagbé", "color": "#cc5745", "length_m": 66.9, "virtual": false}}, {"type": "Feature", "geometry": {"type": "LineString", "coordinates": [[2.4640809, 6.3726936], [2.4640843, 6.3727657]]}, "properties": {"kind": "single_owner", "winner": "Yagbé", "color": "#cc5745", "length_m": 8.0, "virtual": false}}, {"type": "Feature", "geometry": {"type": "LineString", "coordinates": [[2.4640809, 6.3726936], [2.4657022, 6.37267]]}, "properties": {"kind": "single_owner", "winner": "Yagbé", "color": "#cc5745", "length_m": 179.4, "virtual": false}}, {"type": "Feature", "geometry": {"type": "LineString", "coordinates": [[2.4640843, 6.3727657], [2.4627265, 6.3727995]]}, "properties": {"kind": "single_owner", "winner": "Yagbé", "color": "#cc5745", "length_m": 150.3, "virtual": false}}, {"type": "Feature", "geometry": {"type": "LineString", "coordinates": [[2.4640843, 6.3727657], [2.464089, 6.3728932]]}, "properties": {"kind": "single_owner", "winner": "Yagbé", "color": "#cc5745", "length_m": 14.1, "virtual": false}}, {"type": "Feature", "geometry": {"type": "LineString", "coordinates": [[2.4640843, 6.3727657], [2.4656976, 6.372748]]}, "properties": {"kind": "single_owner", "winner": "Yagbé", "color": "#cc5745", "length_m": 178.5, "virtual": false}}, {"type": "Feature", "geometry": {"type": "LineString", "coordinates": [[2.464089, 6.3728932], [2.4635007, 6.3729121]]}, "properties": {"kind": "single_owner", "winner": "Yagbé", "color": "#cc5745", "length_m": 65.1, "virtual": false}}, {"type": "Feature", "geometry": {"type": "LineString", "coordinates": [[2.464089, 6.3728932], [2.4656988, 6.3728739]]}, "properties": {"kind": "single_owner", "winner": "Yagbé", "color": "#cc5745", "length_m": 178.1, "virtual": false}}, {"type": "Feature", "geometry": {"type": "LineString", "coordinates": [[2.4641046, 6.3735882], [2.4641151, 6.3742275]]}, "properties": {"kind": "single_owner", "winner": "Yagbé", "color": "#cc5745", "length_m": 70.7, "virtual": false}}, {"type": "Feature", "geometry": {"type": "LineString", "coordinates": [[2.4641046, 6.3735882], [2.4656984, 6.3735898]]}, "properties": {"kind": "single_owner", "winner": "Yagbé", "color": "#cc5745", "length_m": 176.3, "virtual": false}}, {"type": "Feature", "geometry": {"type": "LineString", "coordinates": [[2.4641151, 6.3742275], [2.4650429, 6.3742137]]}, "properties": {"kind": "single_owner", "winner": "Yagbé", "color": "#cc5745", "length_m": 102.7, "virtual": false}}, {"type": "Feature", "geometry": {"type": "LineString", "coordinates": [[2.4641151, 6.3742275], [2.4641161, 6.3749281]]}, "properties": {"kind": "single_owner", "winner": "Yagbé", "color": "#cc5745", "length_m": 77.4, "virtual": false}}, {"type": "Feature", "geometry": {"type": "LineString", "coordinates": [[2.4641151, 6.3742275], [2.4634538, 6.3742101]]}, "properties": {"kind": "single_owner", "winner": "Yagbé", "color": "#cc5745", "length_m": 73.2, "virtual": false}}, {"type": "Feature", "geometry": {"type": "LineString", "coordinates": [[2.4641161, 6.3749281], [2.46505, 6.3749314]]}, "properties": {"kind": "single_owner", "winner": "Yagbé", "color": "#cc5745", "length_m": 103.3, "virtual": false}}, {"type": "Feature", "geometry": {"type": "LineString", "coordinates": [[2.4634709, 6.3717186], [2.4634761, 6.3726977]]}, "properties": {"kind": "single_owner", "winner": "Yagbé", "color": "#cc5745", "length_m": 108.2, "virtual": false}}, {"type": "Feature", "geometry": {"type": "LineString", "coordinates": [[2.4634709, 6.3717186], [2.462876, 6.3716678]]}, "properties": {"kind": "single_owner", "winner": "Yagbé", "color": "#cc5745", "length_m": 66.1, "virtual": false}}, {"type": "Feature", "geometry": {"type": "LineString", "coordinates": [[2.462876, 6.3716678], [2.4628752, 6.3727127]]}, "properties": {"kind": "single_owner", "winner": "Yagbé", "color": "#cc5745", "length_m": 115.5, "virtual": false}}, {"type": "Feature", "geometry": {"type": "LineString", "coordinates": [[2.4784391, 6.3775511], [2.4784386, 6.3776456]]}, "properties": {"kind": "single_owner", "winner": "Tchanhounkpamè", "color": "#d38948", "length_m": 10.4, "virtual": false}}, {"type": "Feature", "geometry": {"type": "LineString", "coordinates": [[2.4784391, 6.3775511], [2.479083, 6.3775443]]}, "properties": {"kind": "single_owner", "winner": "Tchanhounkpamè", "color": "#d38948", "length_m": 71.2, "virtual": false}}, {"type": "Feature", "geometry": {"type": "LineString", "coordinates": [[2.479083, 6.3775443], [2.478828, 6.376972]]}, "properties": {"kind": "single_owner", "winner": "Tchanhounkpamè", "color": "#d38948", "length_m": 69.3, "virtual": false}}, {"type": "Feature", "geometry": {"type": "LineString", "coordinates": [[2.4720667, 6.372625], [2.4731046, 6.3727087]]}, "properties": {"kind": "single_owner", "winner": "Tanto", "color": "#b3cd3b", "length_m": 115.2, "virtual": false}}, {"type": "Feature", "geometry": {"type": "LineString", "coordinates": [[2.4720667, 6.372625], [2.47207, 6.3719458]]}, "properties": {"kind": "single_owner", "winner": "Tanto", "color": "#b3cd3b", "length_m": 75.1, "virtual": false}}, {"type": "Feature", "geometry": {"type": "LineString", "coordinates": [[2.467306, 6.3719843], [2.4656891, 6.3718691]]}, "properties": {"kind": "single_owner", "winner": "Yagbé", "color": "#cc5745", "length_m": 179.3, "virtual": false}}, {"type": "Feature", "geometry": {"type": "LineString", "coordinates": [[2.4672871, 6.3710606], [2.4654266, 6.3709249]]}, "properties": {"kind": "single_owner", "winner": "Yagbé", "color": "#cc5745", "length_m": 206.4, "virtual": false}}, {"type": "Feature", "geometry": {"type": "LineString", "coordinates": [[2.4732687, 6.3762821], [2.4732673, 6.3768966]]}, "properties": {"kind": "single_owner", "winner": "Avotrou-Gbègo", "color": "#dbdd4d", "length_m": 67.9, "virtual": false}}, {"type": "Feature", "geometry": {"type": "LineString", "coordinates": [[2.4732687, 6.3762821], [2.4742627, 6.3762965]]}, "properties": {"kind": "single_owner", "winner": "Avotrou-Gbègo", "color": "#dbdd4d", "length_m": 110.0, "virtual": false}}, {"type": "Feature", "geometry": {"type": "LineString", "coordinates": [[2.4732687, 6.3762821], [2.4732706, 6.3754696]]}, "properties": {"kind": "single_owner", "winner": "Avotrou-Gbègo", "color": "#dbdd4d", "length_m": 89.8, "virtual": false}}, {"type": "Feature", "geometry": {"type": "LineString", "coordinates": [[2.4742627, 6.3762965], [2.47425, 6.3768934]]}, "properties": {"kind": "single_owner", "winner": "Avotrou-Gbègo", "color": "#dbdd4d", "length_m": 66.0, "virtual": false}}, {"type": "Feature", "geometry": {"type": "LineString", "coordinates": [[2.4650677, 6.3755995], [2.4657099, 6.3755919]]}, "properties": {"kind": "single_owner", "winner": "Yagbé", "color": "#cc5745", "length_m": 71.1, "virtual": false}}, {"type": "Feature", "geometry": {"type": "LineString", "coordinates": [[2.4650677, 6.3755995], [2.46505, 6.3749314]]}, "properties": {"kind": "single_owner", "winner": "Yagbé", "color": "#cc5745", "length_m": 73.9, "virtual": false}}, {"type": "Feature", "geometry": {"type": "LineString", "coordinates": [[2.4657099, 6.3755919], [2.465694, 6.3742218]]}, "properties": {"kind": "single_owner", "winner": "Yagbé", "color": "#cc5745", "length_m": 151.5, "virtual": false}}, {"type": "Feature", "geometry": {"type": "LineString", "coordinates": [[2.465828, 6.3755964], [2.4665248, 6.3755714]]}, "properties": {"kind": "single_owner", "winner": "Suru-Léré", "color": "#ca4c98", "length_m": 77.1, "virtual": false}}, {"type": "Feature", "geometry": {"type": "LineString", "coordinates": [[2.465828, 6.3755964], [2.4658486, 6.3769695]]}, "properties": {"kind": "single_owner", "winner": "Suru-Léré", "color": "#ca4c98", "length_m": 151.8, "virtual": false}}, {"type": "Feature", "geometry": {"type": "LineString", "coordinates": [[2.4665248, 6.3755714], [2.4665296, 6.3762403]]}, "properties": {"kind": "single_owner", "winner": "Suru-Léré", "color": "#ca4c98", "length_m": 73.9, "virtual": false}}, {"type": "Feature", "geometry": {"type": "LineString", "coordinates": [[2.4654363, 6.3718461], [2.4656891, 6.3718691]]}, "properties": {"kind": "single_owner", "winner": "Yagbé", "color": "#cc5745", "length_m": 28.1, "virtual": false}}, {"type": "Feature", "geometry": {"type": "LineString", "coordinates": [[2.4694556, 6.3789391], [2.4716018, 6.3789374]]}, "properties": {"kind": "single_owner", "winner": "Avotrou-Gbègo", "color": "#dbdd4d", "length_m": 237.4, "virtual": false}}, {"type": "Feature", "geometry": {"type": "LineString", "coordinates": [[2.4716018, 6.3789374], [2.4715966, 6.378432]]}, "properties": {"kind": "single_owner", "winner": "Avotrou-Gbègo", "color": "#dbdd4d", "length_m": 55.9, "virtual": false}}, {"type": "Feature", "geometry": {"type": "LineString", "coordinates": [[2.4665207, 6.3741852], [2.4658298, 6.3742171]]}, "properties": {"kind": "single_owner", "winner": "Yagbé", "color": "#cc5745", "length_m": 76.5, "virtual": false}}, {"type": "Feature", "geometry": {"type": "LineString", "coordinates": [[2.4665207, 6.3741852], [2.4665227, 6.3748802]]}, "properties": {"kind": "single_owner", "winner": "Yagbé", "color": "#cc5745", "length_m": 76.8, "virtual": false}}, {"type": "Feature", "geometry": {"type": "LineString", "coordinates": [[2.465694, 6.3742218], [2.4650429, 6.3742137]]}, "properties": {"kind": "single_owner", "winner": "Yagbé", "color": "#cc5745", "length_m": 72.0, "virtual": false}}, {"type": "Feature", "geometry": {"type": "LineString", "coordinates": [[2.4650429, 6.3742137], [2.46505, 6.3749314]]}, "properties": {"kind": "single_owner", "winner": "Yagbé", "color": "#cc5745", "length_m": 79.3, "virtual": false}}, {"type": "Feature", "geometry": {"type": "LineString", "coordinates": [[2.4634538, 6.3742101], [2.4634467, 6.3735961]]}, "properties": {"kind": "single_owner", "winner": "Yagbé", "color": "#cc5745", "length_m": 67.9, "virtual": false}}, {"type": "Feature", "geometry": {"type": "LineString", "coordinates": [[2.472691, 6.3776151], [2.4721862, 6.3776216]]}, "properties": {"kind": "single_owner", "winner": "Avotrou-Gbègo", "color": "#dbdd4d", "length_m": 55.8, "virtual": false}}, {"type": "Feature", "geometry": {"type": "LineString", "coordinates": [[2.472691, 6.3776151], [2.4732718, 6.3776077]]}, "properties": {"kind": "single_owner", "winner": "Avotrou-Gbègo", "color": "#dbdd4d", "length_m": 64.3, "virtual": false}}, {"type": "Feature", "geometry": {"type": "LineString", "coordinates": [[2.47425, 6.3768934], [2.4732673, 6.3768966]]}, "properties": {"kind": "single_owner", "winner": "Avotrou-Gbègo", "color": "#dbdd4d", "length_m": 108.7, "virtual": false}}, {"type": "Feature", "geometry": {"type": "LineString", "coordinates": [[2.4721862, 6.3776216], [2.4721241, 6.3770098]]}, "properties": {"kind": "single_owner", "winner": "Avotrou-Gbègo", "color": "#dbdd4d", "length_m": 68.0, "virtual": false}}, {"type": "Feature", "geometry": {"type": "LineString", "coordinates": [[2.4721862, 6.3776216], [2.472193, 6.3782883]]}, "properties": {"kind": "single_owner", "winner": "Avotrou-Gbègo", "color": "#dbdd4d", "length_m": 73.7, "virtual": false}}, {"type": "Feature", "geometry": {"type": "LineString", "coordinates": [[2.4656891, 6.3718691], [2.4657146, 6.3723981]]}, "properties": {"kind": "single_owner", "winner": "Yagbé", "color": "#cc5745", "length_m": 58.5, "virtual": false}}, {"type": "Feature", "geometry": {"type": "LineString", "coordinates": [[2.4839074, 6.3725401], [2.4837295, 6.3728919]]}, "properties": {"kind": "single_owner", "winner": "Dandji", "color": "#c150dd", "length_m": 43.6, "virtual": false}}, {"type": "Feature", "geometry": {"type": "LineString", "coordinates": [[2.4784312, 6.378951], [2.4784386, 6.3776456]]}, "properties": {"kind": "single_owner", "winner": "Tchanhounkpamè", "color": "#d38948", "length_m": 144.3, "virtual": false}}, {"type": "Feature", "geometry": {"type": "LineString", "coordinates": [[2.4790289, 6.3789475], [2.4784386, 6.3776456]]}, "properties": {"kind": "single_owner", "winner": "Tchanhounkpamè", "color": "#d38948", "length_m": 158.0, "virtual": false}}, {"type": "Feature", "geometry": {"type": "LineString", "coordinates": [[2.4715859, 6.3776526], [2.4715954, 6.3782929]]}, "properties": {"kind": "single_owner", "winner": "Avotrou-Gbègo", "color": "#dbdd4d", "length_m": 70.8, "virtual": false}}, {"type": "Feature", "geometry": {"type": "LineString", "coordinates": [[2.469994, 6.3731527], [2.4699819, 6.3730434]]}, "properties": {"kind": "single_owner", "winner": "Yagbé", "color": "#cc5745", "length_m": 12.2, "virtual": false}}, {"type": "Feature", "geometry": {"type": "LineString", "coordinates": [[2.4699819, 6.3730434], [2.4699829, 6.3729574]]}, "properties": {"kind": "single_owner", "winner": "Yagbé", "color": "#cc5745", "length_m": 9.5, "virtual": false}}, {"type": "Feature", "geometry": {"type": "LineString", "coordinates": [[2.4622973, 6.3840012], [2.4628699, 6.3839931]]}, "properties": {"kind": "single_owner", "winner": "Ahouassa", "color": "#3dc973", "length_m": 63.4, "virtual": false}}, {"type": "Feature", "geometry": {"type": "LineString", "coordinates": [[2.4628699, 6.3839931], [2.4628853, 6.3845725]]}, "properties": {"kind": "single_owner", "winner": "Ahouassa", "color": "#3dc973", "length_m": 64.1, "virtual": false}}, {"type": "Feature", "geometry": {"type": "LineString", "coordinates": [[2.4628698, 6.3851559], [2.4628853, 6.3845725]]}, "properties": {"kind": "single_owner", "winner": "Ahouassa", "color": "#3dc973", "length_m": 64.5, "virtual": false}}, {"type": "Feature", "geometry": {"type": "LineString", "coordinates": [[2.3631012, 6.5111138], [2.363816, 6.5110225]]}, "properties": {"kind": "single_owner", "winner": "Akassato", "color": "#d553dc", "length_m": 79.7, "virtual": false}}, {"type": "Feature", "geometry": {"type": "LineString", "coordinates": [[2.3631012, 6.5111138], [2.363112, 6.511335]]}, "properties": {"kind": "single_owner", "winner": "Akassato", "color": "#d553dc", "length_m": 24.5, "virtual": false}}, {"type": "Feature", "geometry": {"type": "LineString", "coordinates": [[2.3631012, 6.5111138], [2.3631024, 6.5109712]]}, "properties": {"kind": "single_owner", "winner": "Akassato", "color": "#d553dc", "length_m": 15.8, "virtual": false}}, {"type": "Feature", "geometry": {"type": "LineString", "coordinates": [[2.363816, 6.5110225], [2.3642133, 6.5109377]]}, "properties": {"kind": "single_owner", "winner": "Akassato", "color": "#d553dc", "length_m": 44.9, "virtual": false}}, {"type": "Feature", "geometry": {"type": "LineString", "coordinates": [[2.363816, 6.5110225], [2.3637517, 6.5105982]]}, "properties": {"kind": "single_owner", "winner": "Akassato", "color": "#d553dc", "length_m": 47.4, "virtual": false}}, {"type": "Feature", "geometry": {"type": "LineString", "coordinates": [[2.3642133, 6.5109377], [2.3641889, 6.5105302]]}, "properties": {"kind": "single_owner", "winner": "Akassato", "color": "#d553dc", "length_m": 45.1, "virtual": false}}, {"type": "Feature", "geometry": {"type": "LineString", "coordinates": [[2.3634449, 6.5119613], [2.3634285, 6.511932]]}, "properties": {"kind": "single_owner", "winner": "Akassato", "color": "#d553dc", "length_m": 3.7, "virtual": false}}, {"type": "Feature", "geometry": {"type": "LineString", "coordinates": [[2.3634285, 6.511932], [2.3634086, 6.5118928]]}, "properties": {"kind": "single_owner", "winner": "Akassato", "color": "#d553dc", "length_m": 4.9, "virtual": false}}, {"type": "Feature", "geometry": {"type": "LineString", "coordinates": [[2.3634086, 6.5118928], [2.3633792, 6.5118401]]}, "properties": {"kind": "single_owner", "winner": "Akassato", "color": "#d553dc", "length_m": 6.7, "virtual": false}}, {"type": "Feature", "geometry": {"type": "LineString", "coordinates": [[2.3633792, 6.5118401], [2.3631267, 6.5117801]]}, "properties": {"kind": "single_owner", "winner": "Akassato", "color": "#d553dc", "length_m": 28.7, "virtual": false}}, {"type": "Feature", "geometry": {"type": "LineString", "coordinates": [[2.3631267, 6.5117801], [2.3631147, 6.5116268]]}, "properties": {"kind": "single_owner", "winner": "Akassato", "color": "#d553dc", "length_m": 17.0, "virtual": false}}, {"type": "Feature", "geometry": {"type": "LineString", "coordinates": [[2.3438126, 6.3957216], [2.3438777, 6.3956513]]}, "properties": {"kind": "single_owner", "winner": "Godomey-Togoudo", "color": "#c93d4b", "length_m": 10.6, "virtual": false}}, {"type": "Feature", "geometry": {"type": "LineString", "coordinates": [[2.3438126, 6.3957216], [2.3436163, 6.3959461]]}, "properties": {"kind": "single_owner", "winner": "Godomey-Togoudo", "color": "#c93d4b", "length_m": 33.0, "virtual": false}}, {"type": "Feature", "geometry": {"type": "LineString", "coordinates": [[2.3438126, 6.3957216], [2.3437392, 6.3956453]]}, "properties": {"kind": "single_owner", "winner": "Godomey-Togoudo", "color": "#c93d4b", "length_m": 11.7, "virtual": false}}, {"type": "Feature", "geometry": {"type": "LineString", "coordinates": [[2.3437392, 6.3956453], [2.3436603, 6.3954942]]}, "properties": {"kind": "single_owner", "winner": "Godomey-Togoudo", "color": "#c93d4b", "length_m": 18.8, "virtual": false}}, {"type": "Feature", "geometry": {"type": "LineString", "coordinates": [[2.3437392, 6.3956453], [2.3435354, 6.3958547]]}, "properties": {"kind": "single_owner", "winner": "Godomey-Togoudo", "color": "#c93d4b", "length_m": 32.3, "virtual": false}}, {"type": "Feature", "geometry": {"type": "LineString", "coordinates": [[2.3437392, 6.3956453], [2.3437544, 6.3956301]]}, "properties": {"kind": "single_owner", "winner": "Godomey-Togoudo", "color": "#c93d4b", "length_m": 2.4, "virtual": false}}, {"type": "Feature", "geometry": {"type": "LineString", "coordinates": [[2.3436603, 6.3954942], [2.3434891, 6.3951216]]}, "properties": {"kind": "single_owner", "winner": "Godomey-Togoudo", "color": "#c93d4b", "length_m": 45.3, "virtual": false}}, {"type": "Feature", "geometry": {"type": "LineString", "coordinates": [[2.4259223, 6.3675323], [2.4257638, 6.3665724]]}, "properties": {"kind": "single_owner", "winner": "Sèdjro-Saint-Michel", "color": "#dc53ca", "length_m": 107.5, "virtual": false}}, {"type": "Feature", "geometry": {"type": "LineString", "coordinates": [[2.4259223, 6.3675323], [2.4260343, 6.3676263]]}, "properties": {"kind": "single_owner", "winner": "Sèdjro-Saint-Michel", "color": "#dc53ca", "length_m": 16.2, "virtual": false}}, {"type": "Feature", "geometry": {"type": "LineString", "coordinates": [[2.4257638, 6.3665724], [2.4257376, 6.3664142]]}, "properties": {"kind": "single_owner", "winner": "Sèdjro-Saint-Michel", "color": "#dc53ca", "length_m": 17.7, "virtual": false}}, {"type": "Feature", "geometry": {"type": "LineString", "coordinates": [[2.4257638, 6.3665724], [2.4258456, 6.3664555]]}, "properties": {"kind": "single_owner", "winner": "Sèdjro-Saint-Michel", "color": "#dc53ca", "length_m": 15.8, "virtual": false}}, {"type": "Feature", "geometry": {"type": "LineString", "coordinates": [[2.4257376, 6.3664142], [2.4258456, 6.3664555]]}, "properties": {"kind": "single_owner", "winner": "Sèdjro-Saint-Michel", "color": "#dc53ca", "length_m": 12.8, "virtual": false}}, {"type": "Feature", "geometry": {"type": "LineString", "coordinates": [[2.427107, 6.3666639], [2.4267078, 6.3671718]]}, "properties": {"kind": "single_owner", "winner": "Sèdjro-Saint-Michel", "color": "#dc53ca", "length_m": 71.4, "virtual": false}}, {"type": "Feature", "geometry": {"type": "LineString", "coordinates": [[2.305503, 6.388073], [2.3053772, 6.3870199]]}, "properties": {"kind": "single_owner", "winner": "Cocotomey", "color": "#88d347", "length_m": 117.2, "virtual": false}}, {"type": "Feature", "geometry": {"type": "LineString", "coordinates": [[2.3061852, 6.3864837], [2.3061644, 6.3857547]]}, "properties": {"kind": "single_owner", "winner": "Cocotomey", "color": "#88d347", "length_m": 80.6, "virtual": false}}, {"type": "Feature", "geometry": {"type": "LineString", "coordinates": [[2.3061852, 6.3864837], [2.3058225, 6.3865018]]}, "properties": {"kind": "single_owner", "winner": "Cocotomey", "color": "#88d347", "length_m": 40.2, "virtual": false}}, {"type": "Feature", "geometry": {"type": "LineString", "coordinates": [[2.3061852, 6.3864837], [2.3064378, 6.3864884]]}, "properties": {"kind": "single_owner", "winner": "Cocotomey", "color": "#88d347", "length_m": 27.9, "virtual": false}}, {"type": "Feature", "geometry": {"type": "LineString", "coordinates": [[2.3048494, 6.3870339], [2.3043743, 6.3873217]]}, "properties": {"kind": "single_owner", "winner": "Cocotomey", "color": "#88d347", "length_m": 61.4, "virtual": false}}, {"type": "Feature", "geometry": {"type": "LineString", "coordinates": [[2.3048494, 6.3870339], [2.3053772, 6.3870199]]}, "properties": {"kind": "single_owner", "winner": "Cocotomey", "color": "#88d347", "length_m": 58.4, "virtual": false}}, {"type": "Feature", "geometry": {"type": "LineString", "coordinates": [[2.3048494, 6.3870339], [2.304777, 6.3865201]]}, "properties": {"kind": "single_owner", "winner": "Cocotomey", "color": "#88d347", "length_m": 57.4, "virtual": false}}, {"type": "Feature", "geometry": {"type": "LineString", "coordinates": [[2.3048494, 6.3870339], [2.3049027, 6.3875525]]}, "properties": {"kind": "single_owner", "winner": "Cocotomey", "color": "#88d347", "length_m": 57.6, "virtual": false}}, {"type": "Feature", "geometry": {"type": "LineString", "coordinates": [[2.3053772, 6.3870199], [2.3060159, 6.3870095]]}, "properties": {"kind": "single_owner", "winner": "Cocotomey", "color": "#88d347", "length_m": 70.7, "virtual": false}}, {"type": "Feature", "geometry": {"type": "LineString", "coordinates": [[2.3060159, 6.3870095], [2.3058225, 6.3865018]]}, "properties": {"kind": "single_owner", "winner": "Cocotomey", "color": "#88d347", "length_m": 60.1, "virtual": false}}, {"type": "Feature", "geometry": {"type": "LineString", "coordinates": [[2.3060159, 6.3870095], [2.3068533, 6.3870489]]}, "properties": {"kind": "single_owner", "winner": "Cocotomey", "color": "#88d347", "length_m": 92.7, "virtual": false}}, {"type": "Feature", "geometry": {"type": "LineString", "coordinates": [[2.3068533, 6.3870489], [2.3069359, 6.3864764]]}, "properties": {"kind": "single_owner", "winner": "Cocotomey", "color": "#88d347", "length_m": 63.9, "virtual": false}}, {"type": "Feature", "geometry": {"type": "LineString", "coordinates": [[2.3032766, 6.3874213], [2.3038825, 6.3870851]]}, "properties": {"kind": "single_owner", "winner": "Cocotomey", "color": "#88d347", "length_m": 76.6, "virtual": false}}, {"type": "Feature", "geometry": {"type": "LineString", "coordinates": [[2.3032766, 6.3874213], [2.3035656, 6.387858]]}, "properties": {"kind": "single_owner", "winner": "Cocotomey", "color": "#88d347", "length_m": 57.9, "virtual": false}}, {"type": "Feature", "geometry": {"type": "LineString", "coordinates": [[2.3038825, 6.3870851], [2.3037254, 6.386694]]}, "properties": {"kind": "single_owner", "winner": "Cocotomey", "color": "#88d347", "length_m": 46.6, "virtual": false}}, {"type": "Feature", "geometry": {"type": "LineString", "coordinates": [[2.3038825, 6.3870851], [2.30409, 6.3875056]]}, "properties": {"kind": "single_owner", "winner": "Cocotomey", "color": "#88d347", "length_m": 51.8, "virtual": false}}, {"type": "Feature", "geometry": {"type": "LineString", "coordinates": [[2.3058225, 6.3865018], [2.305765, 6.3861088]]}, "properties": {"kind": "single_owner", "winner": "Cocotomey", "color": "#88d347", "length_m": 43.9, "virtual": false}}, {"type": "Feature", "geometry": {"type": "LineString", "coordinates": [[2.3058225, 6.3865018], [2.304777, 6.3865201]]}, "properties": {"kind": "single_owner", "winner": "Cocotomey", "color": "#88d347", "length_m": 115.7, "virtual": false}}, {"type": "Feature", "geometry": {"type": "LineString", "coordinates": [[2.305765, 6.3861088], [2.3056336, 6.3857594]]}, "properties": {"kind": "single_owner", "winner": "Cocotomey", "color": "#88d347", "length_m": 41.3, "virtual": false}}, {"type": "Feature", "geometry": {"type": "LineString", "coordinates": [[2.3033446, 6.3867139], [2.3037254, 6.386694]]}, "properties": {"kind": "single_owner", "winner": "Cocotomey", "color": "#88d347", "length_m": 42.2, "virtual": false}}, {"type": "Feature", "geometry": {"type": "LineString", "coordinates": [[2.304217, 6.3878267], [2.30409, 6.3875056]]}, "properties": {"kind": "single_owner", "winner": "Cocotomey", "color": "#88d347", "length_m": 38.2, "virtual": false}}, {"type": "Feature", "geometry": {"type": "LineString", "coordinates": [[2.304217, 6.3878267], [2.3043219, 6.3881299]]}, "properties": {"kind": "single_owner", "winner": "Cocotomey", "color": "#88d347", "length_m": 35.5, "virtual": false}}, {"type": "Feature", "geometry": {"type": "LineString", "coordinates": [[2.304217, 6.3878267], [2.3049027, 6.3875525]]}, "properties": {"kind": "single_owner", "winner": "Cocotomey", "color": "#88d347", "length_m": 81.7, "virtual": false}}, {"type": "Feature", "geometry": {"type": "LineString", "coordinates": [[2.3049027, 6.3875525], [2.3049578, 6.3879302]]}, "properties": {"kind": "single_owner", "winner": "Cocotomey", "color": "#88d347", "length_m": 42.2, "virtual": false}}, {"type": "Feature", "geometry": {"type": "LineString", "coordinates": [[2.3043219, 6.3881299], [2.3049578, 6.3879302]]}, "properties": {"kind": "single_owner", "winner": "Cocotomey", "color": "#88d347", "length_m": 73.7, "virtual": false}}, {"type": "Feature", "geometry": {"type": "LineString", "coordinates": [[2.3043219, 6.3881299], [2.3044216, 6.3884419]]}, "properties": {"kind": "single_owner", "winner": "Cocotomey", "color": "#88d347", "length_m": 36.2, "virtual": false}}, {"type": "Feature", "geometry": {"type": "LineString", "coordinates": [[2.3049578, 6.3879302], [2.3050318, 6.3884927]]}, "properties": {"kind": "single_owner", "winner": "Cocotomey", "color": "#88d347", "length_m": 62.7, "virtual": false}}, {"type": "Feature", "geometry": {"type": "LineString", "coordinates": [[2.3073622, 6.3874302], [2.3073722, 6.3870337]]}, "properties": {"kind": "single_owner", "winner": "Cocotomey", "color": "#88d347", "length_m": 43.8, "virtual": false}}, {"type": "Feature", "geometry": {"type": "LineString", "coordinates": [[2.3064378, 6.3864884], [2.3069359, 6.3864764]]}, "properties": {"kind": "single_owner", "winner": "Cocotomey", "color": "#88d347", "length_m": 55.1, "virtual": false}}, {"type": "Feature", "geometry": {"type": "LineString", "coordinates": [[2.3064378, 6.3864884], [2.306545, 6.3857099]]}, "properties": {"kind": "single_owner", "winner": "Cocotomey", "color": "#88d347", "length_m": 86.9, "virtual": false}}, {"type": "Feature", "geometry": {"type": "LineString", "coordinates": [[2.3073722, 6.3870337], [2.3073825, 6.3866259]]}, "properties": {"kind": "single_owner", "winner": "Cocotomey", "color": "#88d347", "length_m": 45.1, "virtual": false}}, {"type": "Feature", "geometry": {"type": "LineString", "coordinates": [[2.3073825, 6.3866259], [2.3073868, 6.3864589]]}, "properties": {"kind": "single_owner", "winner": "Cocotomey", "color": "#88d347", "length_m": 18.5, "virtual": false}}, {"type": "Feature", "geometry": {"type": "LineString", "coordinates": [[2.3073868, 6.3864589], [2.3069359, 6.3864764]]}, "properties": {"kind": "single_owner", "winner": "Cocotomey", "color": "#88d347", "length_m": 49.9, "virtual": false}}, {"type": "Feature", "geometry": {"type": "LineString", "coordinates": [[2.3071344, 6.385463], [2.3070569, 6.3845534]]}, "properties": {"kind": "single_owner", "winner": "Logbozounkpa", "color": "#ce4c79", "length_m": 100.9, "virtual": false}}, {"type": "Feature", "geometry": {"type": "LineString", "coordinates": [[2.3071344, 6.385463], [2.3071102, 6.3855251]]}, "properties": {"kind": "single_owner", "winner": "Logbozounkpa", "color": "#ce4c79", "length_m": 7.4, "virtual": false}}, {"type": "Feature", "geometry": {"type": "LineString", "coordinates": [[2.3070569, 6.3845534], [2.306072, 6.3846709]]}, "properties": {"kind": "single_owner", "winner": "Logbozounkpa", "color": "#ce4c79", "length_m": 109.7, "virtual": false}}, {"type": "Feature", "geometry": {"type": "LineString", "coordinates": [[2.3070569, 6.3845534], [2.3070388, 6.3841601]]}, "properties": {"kind": "single_owner", "winner": "Logbozounkpa", "color": "#ce4c79", "length_m": 43.5, "virtual": false}}, {"type": "Feature", "geometry": {"type": "LineString", "coordinates": [[2.3070388, 6.3841601], [2.3075244, 6.384141]]}, "properties": {"kind": "single_owner", "winner": "Logbozounkpa", "color": "#ce4c79", "length_m": 53.8, "virtual": false}}, {"type": "Feature", "geometry": {"type": "LineString", "coordinates": [[2.3070388, 6.3841601], [2.3065817, 6.3841404]]}, "properties": {"kind": "single_owner", "winner": "Logbozounkpa", "color": "#ce4c79", "length_m": 50.6, "virtual": false}}, {"type": "Feature", "geometry": {"type": "LineString", "coordinates": [[2.3070388, 6.3841601], [2.3070361, 6.3836135]]}, "properties": {"kind": "single_owner", "winner": "Logbozounkpa", "color": "#ce4c79", "length_m": 60.4, "virtual": false}}, {"type": "Feature", "geometry": {"type": "LineString", "coordinates": [[2.3070361, 6.3836135], [2.3076061, 6.3835786]]}, "properties": {"kind": "single_owner", "winner": "Logbozounkpa", "color": "#ce4c79", "length_m": 63.2, "virtual": false}}, {"type": "Feature", "geometry": {"type": "LineString", "coordinates": [[2.3070361, 6.3836135], [2.3070359, 6.382853]]}, "properties": {"kind": "single_owner", "winner": "Logbozounkpa", "color": "#ce4c79", "length_m": 84.1, "virtual": false}}, {"type": "Feature", "geometry": {"type": "LineString", "coordinates": [[2.3050318, 6.3884927], [2.3044216, 6.3884419]]}, "properties": {"kind": "single_owner", "winner": "Cocotomey", "color": "#88d347", "length_m": 67.7, "virtual": false}}, {"type": "Feature", "geometry": {"type": "LineString", "coordinates": [[2.304777, 6.3865201], [2.3042538, 6.3866342]]}, "properties": {"kind": "single_owner", "winner": "Cocotomey", "color": "#88d347", "length_m": 59.2, "virtual": false}}, {"type": "Feature", "geometry": {"type": "LineString", "coordinates": [[2.304777, 6.3865201], [2.304782, 6.3857676]]}, "properties": {"kind": "single_owner", "winner": "Cocotomey", "color": "#88d347", "length_m": 83.2, "virtual": false}}, {"type": "Feature", "geometry": {"type": "LineString", "coordinates": [[2.3044216, 6.3884419], [2.3039942, 6.3883972]]}, "properties": {"kind": "single_owner", "winner": "Cocotomey", "color": "#88d347", "length_m": 47.5, "virtual": false}}, {"type": "Feature", "geometry": {"type": "LineString", "coordinates": [[2.3037254, 6.386694], [2.3042538, 6.3866342]]}, "properties": {"kind": "single_owner", "winner": "Cocotomey", "color": "#88d347", "length_m": 58.8, "virtual": false}}, {"type": "Feature", "geometry": {"type": "LineString", "coordinates": [[2.3037254, 6.386694], [2.3036836, 6.3862248]]}, "properties": {"kind": "single_owner", "winner": "Cocotomey", "color": "#88d347", "length_m": 52.1, "virtual": false}}, {"type": "Feature", "geometry": {"type": "LineString", "coordinates": [[2.3036836, 6.3862248], [2.3037118, 6.3857637]]}, "properties": {"kind": "single_owner", "winner": "Cocotomey", "color": "#88d347", "length_m": 51.1, "virtual": false}}, {"type": "Feature", "geometry": {"type": "LineString", "coordinates": [[2.3037091, 6.3880947], [2.3035656, 6.387858]]}, "properties": {"kind": "single_owner", "winner": "Cocotomey", "color": "#88d347", "length_m": 30.6, "virtual": false}}, {"type": "Feature", "geometry": {"type": "LineString", "coordinates": [[2.3035656, 6.387858], [2.3031298, 6.3879081]]}, "properties": {"kind": "single_owner", "winner": "Cocotomey", "color": "#88d347", "length_m": 48.5, "virtual": false}}, {"type": "Feature", "geometry": {"type": "LineString", "coordinates": [[2.3042538, 6.3866342], [2.3042467, 6.3870687]]}, "properties": {"kind": "single_owner", "winner": "Cocotomey", "color": "#88d347", "length_m": 48.0, "virtual": false}}, {"type": "Feature", "geometry": {"type": "LineString", "coordinates": [[2.3042538, 6.3866342], [2.3042722, 6.3856052]]}, "properties": {"kind": "single_owner", "winner": "Cocotomey", "color": "#88d347", "length_m": 113.8, "virtual": false}}, {"type": "Feature", "geometry": {"type": "LineString", "coordinates": [[2.3069359, 6.3864764], [2.3070576, 6.3860261]]}, "properties": {"kind": "single_owner", "winner": "Cocotomey", "color": "#88d347", "length_m": 51.6, "virtual": false}}, {"type": "Feature", "geometry": {"type": "LineString", "coordinates": [[2.4606911, 6.3902655], [2.4603635, 6.3903278]]}, "properties": {"kind": "single_owner", "winner": "Gankpodo", "color": "#43d4ca", "length_m": 36.9, "virtual": false}}, {"type": "Feature", "geometry": {"type": "LineString", "coordinates": [[2.4588338, 6.390619], [2.4592111, 6.3905472]]}, "properties": {"kind": "single_owner", "winner": "Gankpodo", "color": "#43d4ca", "length_m": 42.5, "virtual": false}}, {"type": "Feature", "geometry": {"type": "LineString", "coordinates": [[2.4588338, 6.390619], [2.4584534, 6.3906915]]}, "properties": {"kind": "single_owner", "winner": "Gankpodo", "color": "#43d4ca", "length_m": 42.8, "virtual": false}}, {"type": "Feature", "geometry": {"type": "LineString", "coordinates": [[2.4616398, 6.3900849], [2.4620153, 6.3900285]]}, "properties": {"kind": "single_owner", "winner": "Yénawa", "color": "#de4ad4", "length_m": 42.0, "virtual": false}}, {"type": "Feature", "geometry": {"type": "LineString", "coordinates": [[2.4579077, 6.3809804], [2.4579094, 6.3816227]]}, "properties": {"kind": "single_owner", "winner": "Sènadé", "color": "#d38544", "length_m": 71.0, "virtual": false}}, {"type": "Feature", "geometry": {"type": "LineString", "coordinates": [[2.4505809, 6.3922868], [2.4490566, 6.3923012]]}, "properties": {"kind": "single_owner", "winner": "Agbodjèdo", "color": "#88d040", "length_m": 168.6, "virtual": false}}, {"type": "Feature", "geometry": {"type": "LineString", "coordinates": [[2.4490566, 6.3923012], [2.4490502, 6.392786]]}, "properties": {"kind": "single_owner", "winner": "Agbodjèdo", "color": "#88d040", "length_m": 53.6, "virtual": false}}, {"type": "Feature", "geometry": {"type": "LineString", "coordinates": [[2.4592825, 6.3905336], [2.4597622, 6.3904423]]}, "properties": {"kind": "single_owner", "winner": "Gankpodo", "color": "#43d4ca", "length_m": 54.0, "virtual": false}}, {"type": "Feature", "geometry": {"type": "LineString", "coordinates": [[2.4592825, 6.3905336], [2.4592111, 6.3905472]]}, "properties": {"kind": "single_owner", "winner": "Gankpodo", "color": "#43d4ca", "length_m": 8.0, "virtual": false}}, {"type": "Feature", "geometry": {"type": "LineString", "coordinates": [[2.4584534, 6.3906915], [2.4582906, 6.3907224]]}, "properties": {"kind": "single_owner", "winner": "Gankpodo", "color": "#43d4ca", "length_m": 18.3, "virtual": false}}, {"type": "Feature", "geometry": {"type": "LineString", "coordinates": [[2.4579418, 6.3891116], [2.4579463, 6.3895448]]}, "properties": {"kind": "single_owner", "winner": "Gankpodo", "color": "#43d4ca", "length_m": 47.9, "virtual": false}}, {"type": "Feature", "geometry": {"type": "LineString", "coordinates": [[2.4579418, 6.3891116], [2.4579362, 6.3885848]]}, "properties": {"kind": "single_owner", "winner": "Gankpodo", "color": "#43d4ca", "length_m": 58.2, "virtual": false}}, {"type": "Feature", "geometry": {"type": "LineString", "coordinates": [[2.4622685, 6.3890673], [2.4622729, 6.3885421]]}, "properties": {"kind": "single_owner", "winner": "Yénawa", "color": "#de4ad4", "length_m": 58.1, "virtual": false}}, {"type": "Feature", "geometry": {"type": "LineString", "coordinates": [[2.4622685, 6.3890673], [2.4622692, 6.3895493]]}, "properties": {"kind": "single_owner", "winner": "Yénawa", "color": "#de4ad4", "length_m": 53.3, "virtual": false}}, {"type": "Feature", "geometry": {"type": "LineString", "coordinates": [[2.4602252, 6.3903542], [2.4603635, 6.3903278]]}, "properties": {"kind": "single_owner", "winner": "Gankpodo", "color": "#43d4ca", "length_m": 15.6, "virtual": false}}, {"type": "Feature", "geometry": {"type": "LineString", "coordinates": [[2.4602252, 6.3903542], [2.4599208, 6.3904121]]}, "properties": {"kind": "single_owner", "winner": "Gankpodo", "color": "#43d4ca", "length_m": 34.3, "virtual": false}}, {"type": "Feature", "geometry": {"type": "LineString", "coordinates": [[2.4603449, 6.3895425], [2.460153, 6.3895495]]}, "properties": {"kind": "single_owner", "winner": "Gankpodo", "color": "#43d4ca", "length_m": 21.2, "virtual": false}}, {"type": "Feature", "geometry": {"type": "LineString", "coordinates": [[2.460153, 6.3895495], [2.4579463, 6.3895448]]}, "properties": {"kind": "single_owner", "winner": "Gankpodo", "color": "#43d4ca", "length_m": 244.1, "virtual": false}}, {"type": "Feature", "geometry": {"type": "LineString", "coordinates": [[2.4490502, 6.392786], [2.4501497, 6.3927594]]}, "properties": {"kind": "single_owner", "winner": "Agbodjèdo", "color": "#88d040", "length_m": 121.7, "virtual": false}}, {"type": "Feature", "geometry": {"type": "LineString", "coordinates": [[2.4490502, 6.392786], [2.4490394, 6.3931297]]}, "properties": {"kind": "single_owner", "winner": "Agbodjèdo", "color": "#88d040", "length_m": 38.0, "virtual": false}}, {"type": "Feature", "geometry": {"type": "LineString", "coordinates": [[2.4490394, 6.3931297], [2.4495463, 6.3931211]]}, "properties": {"kind": "single_owner", "winner": "Agbodjèdo", "color": "#88d040", "length_m": 56.1, "virtual": false}}, {"type": "Feature", "geometry": {"type": "LineString", "coordinates": [[2.4597622, 6.3904423], [2.4599208, 6.3904121]]}, "properties": {"kind": "single_owner", "winner": "Gankpodo", "color": "#43d4ca", "length_m": 17.9, "virtual": false}}, {"type": "Feature", "geometry": {"type": "LineString", "coordinates": [[2.463474, 6.3762995], [2.4650693, 6.3762823]]}, "properties": {"kind": "single_owner", "winner": "Suru-Léré", "color": "#ca4c98", "length_m": 176.5, "virtual": false}}, {"type": "Feature", "geometry": {"type": "LineString", "coordinates": [[2.4650693, 6.3762823], [2.4650657, 6.3769712]]}, "properties": {"kind": "single_owner", "winner": "Suru-Léré", "color": "#ca4c98", "length_m": 76.2, "virtual": false}}, {"type": "Feature", "geometry": {"type": "LineString", "coordinates": [[2.4720637, 6.3713684], [2.4713154, 6.3713233]]}, "properties": {"kind": "single_owner", "winner": "Tanto", "color": "#b3cd3b", "length_m": 82.9, "virtual": false}}, {"type": "Feature", "geometry": {"type": "LineString", "coordinates": [[2.4403389, 6.3784285], [2.4408474, 6.3784443]]}, "properties": {"kind": "single_owner", "winner": "Midombo", "color": "#50d9b9", "length_m": 56.3, "virtual": false}}, {"type": "Feature", "geometry": {"type": "LineString", "coordinates": [[2.4650657, 6.3769712], [2.4634779, 6.3769873]]}, "properties": {"kind": "single_owner", "winner": "Suru-Léré", "color": "#ca4c98", "length_m": 175.7, "virtual": false}}, {"type": "Feature", "geometry": {"type": "LineString", "coordinates": [[2.4650657, 6.3769712], [2.4650726, 6.3770827]]}, "properties": {"kind": "single_owner", "winner": "Suru-Léré", "color": "#ca4c98", "length_m": 12.3, "virtual": false}}, {"type": "Feature", "geometry": {"type": "LineString", "coordinates": [[2.4650657, 6.3769712], [2.4657417, 6.3769704]]}, "properties": {"kind": "single_owner", "winner": "Suru-Léré", "color": "#ca4c98", "length_m": 74.8, "virtual": false}}, {"type": "Feature", "geometry": {"type": "LineString", "coordinates": [[2.4413115, 6.3705709], [2.4413614, 6.3702656]]}, "properties": {"kind": "single_owner", "winner": "Dédokpo", "color": "#cf4d46", "length_m": 34.2, "virtual": false}}, {"type": "Feature", "geometry": {"type": "LineString", "coordinates": [[2.4413115, 6.3705709], [2.4404985, 6.3704256]]}, "properties": {"kind": "single_owner", "winner": "Dédokpo", "color": "#cf4d46", "length_m": 91.4, "virtual": false}}, {"type": "Feature", "geometry": {"type": "LineString", "coordinates": [[2.4404985, 6.3704256], [2.4390789, 6.3701836]]}, "properties": {"kind": "single_owner", "winner": "Dédokpo", "color": "#cf4d46", "length_m": 159.3, "virtual": false}}, {"type": "Feature", "geometry": {"type": "LineString", "coordinates": [[2.4404985, 6.3704256], [2.4405552, 6.3701246]]}, "properties": {"kind": "single_owner", "winner": "Dédokpo", "color": "#cf4d46", "length_m": 33.9, "virtual": false}}, {"type": "Feature", "geometry": {"type": "LineString", "coordinates": [[2.4390789, 6.3701836], [2.4391432, 6.3698673]]}, "properties": {"kind": "single_owner", "winner": "Dédokpo", "color": "#cf4d46", "length_m": 35.7, "virtual": false}}, {"type": "Feature", "geometry": {"type": "LineString", "coordinates": [[2.4390789, 6.3701836], [2.4388795, 6.3701491]]}, "properties": {"kind": "single_owner", "winner": "Dédokpo", "color": "#cf4d46", "length_m": 22.4, "virtual": false}}, {"type": "Feature", "geometry": {"type": "LineString", "coordinates": [[2.4415557, 6.3690772], [2.4414693, 6.3696056]]}, "properties": {"kind": "single_owner", "winner": "Dédokpo", "color": "#cf4d46", "length_m": 59.2, "virtual": false}}, {"type": "Feature", "geometry": {"type": "LineString", "coordinates": [[2.4428036, 6.3542157], [2.4427159, 6.3541664]]}, "properties": {"kind": "single_owner", "winner": "Xwlacôdji-Kpodji", "color": "#41d477", "length_m": 11.1, "virtual": false}}, {"type": "Feature", "geometry": {"type": "LineString", "coordinates": [[2.4428036, 6.3542157], [2.4421969, 6.3550114]]}, "properties": {"kind": "single_owner", "winner": "Xwlacôdji-Kpodji", "color": "#41d477", "length_m": 110.6, "virtual": false}}, {"type": "Feature", "geometry": {"type": "LineString", "coordinates": [[2.4421969, 6.3550114], [2.4417436, 6.3555779]]}, "properties": {"kind": "single_owner", "winner": "Xwlacôdji-Kpodji", "color": "#41d477", "length_m": 80.2, "virtual": false}}, {"type": "Feature", "geometry": {"type": "LineString", "coordinates": [[2.4417436, 6.3555779], [2.4415062, 6.3558538]]}, "properties": {"kind": "single_owner", "winner": "Xwlacôdji-Kpodji", "color": "#41d477", "length_m": 40.2, "virtual": false}}, {"type": "Feature", "geometry": {"type": "LineString", "coordinates": [[2.4415062, 6.3558538], [2.4414097, 6.3559991]]}, "properties": {"kind": "single_owner", "winner": "Xwlacôdji-Kpodji", "color": "#41d477", "length_m": 19.3, "virtual": false}}, {"type": "Feature", "geometry": {"type": "LineString", "coordinates": [[2.4414097, 6.3559991], [2.4413882, 6.3560577]]}, "properties": {"kind": "single_owner", "winner": "Xwlacôdji-Kpodji", "color": "#41d477", "length_m": 6.9, "virtual": false}}, {"type": "Feature", "geometry": {"type": "LineString", "coordinates": [[2.4408831, 6.3569694], [2.4406694, 6.3573279]]}, "properties": {"kind": "single_owner", "winner": "Xwlacôdji-Kpodji", "color": "#41d477", "length_m": 46.1, "virtual": false}}, {"type": "Feature", "geometry": {"type": "LineString", "coordinates": [[2.4408831, 6.3569694], [2.4397291, 6.3558165]]}, "properties": {"kind": "single_owner", "winner": "Xwlacôdji-Kpodji", "color": "#41d477", "length_m": 180.4, "virtual": false}}, {"type": "Feature", "geometry": {"type": "LineString", "coordinates": [[2.4406694, 6.3573279], [2.4404664, 6.3576616]]}, "properties": {"kind": "single_owner", "winner": "Xwlacôdji-Kpodji", "color": "#41d477", "length_m": 43.2, "virtual": false}}, {"type": "Feature", "geometry": {"type": "LineString", "coordinates": [[2.4406694, 6.3573279], [2.4405543, 6.3572048]]}, "properties": {"kind": "single_owner", "winner": "Xwlacôdji-Kpodji", "color": "#41d477", "length_m": 18.6, "virtual": false}}, {"type": "Feature", "geometry": {"type": "LineString", "coordinates": [[2.4400163, 6.3528815], [2.4401718, 6.3529215]]}, "properties": {"kind": "single_owner", "winner": "Xwlacôdji-Kpodji", "color": "#41d477", "length_m": 17.8, "virtual": false}}, {"type": "Feature", "geometry": {"type": "LineString", "coordinates": [[2.4401718, 6.3529215], [2.4402255, 6.3529428]]}, "properties": {"kind": "single_owner", "winner": "Xwlacôdji-Kpodji", "color": "#41d477", "length_m": 6.4, "virtual": false}}, {"type": "Feature", "geometry": {"type": "LineString", "coordinates": [[2.4402255, 6.3529428], [2.4402577, 6.3529668]]}, "properties": {"kind": "single_owner", "winner": "Xwlacôdji-Kpodji", "color": "#41d477", "length_m": 4.4, "virtual": false}}, {"type": "Feature", "geometry": {"type": "LineString", "coordinates": [[2.4402577, 6.3529668], [2.4402738, 6.3530201]]}, "properties": {"kind": "single_owner", "winner": "Xwlacôdji-Kpodji", "color": "#41d477", "length_m": 6.2, "virtual": false}}, {"type": "Feature", "geometry": {"type": "LineString", "coordinates": [[2.4402738, 6.3530201], [2.4402711, 6.3534013]]}, "properties": {"kind": "single_owner", "winner": "Xwlacôdji-Kpodji", "color": "#41d477", "length_m": 42.1, "virtual": false}}, {"type": "Feature", "geometry": {"type": "LineString", "coordinates": [[2.4402711, 6.3534013], [2.4402657, 6.3534786]]}, "properties": {"kind": "single_owner", "winner": "Xwlacôdji-Kpodji", "color": "#41d477", "length_m": 8.6, "virtual": false}}, {"type": "Feature", "geometry": {"type": "LineString", "coordinates": [[2.4402657, 6.3534786], [2.440255, 6.3535453]]}, "properties": {"kind": "single_owner", "winner": "Xwlacôdji-Kpodji", "color": "#41d477", "length_m": 7.5, "virtual": false}}, {"type": "Feature", "geometry": {"type": "LineString", "coordinates": [[2.440255, 6.3535453], [2.4402308, 6.3536199]]}, "properties": {"kind": "single_owner", "winner": "Xwlacôdji-Kpodji", "color": "#41d477", "length_m": 8.7, "virtual": false}}, {"type": "Feature", "geometry": {"type": "LineString", "coordinates": [[2.4402308, 6.3536199], [2.440204, 6.3536785]]}, "properties": {"kind": "single_owner", "winner": "Xwlacôdji-Kpodji", "color": "#41d477", "length_m": 7.1, "virtual": false}}, {"type": "Feature", "geometry": {"type": "LineString", "coordinates": [[2.440204, 6.3536785], [2.440035, 6.3538705]]}, "properties": {"kind": "single_owner", "winner": "Xwlacôdji-Kpodji", "color": "#41d477", "length_m": 28.3, "virtual": false}}, {"type": "Feature", "geometry": {"type": "LineString", "coordinates": [[2.440035, 6.3538705], [2.4399734, 6.3539371]]}, "properties": {"kind": "single_owner", "winner": "Xwlacôdji-Kpodji", "color": "#41d477", "length_m": 10.0, "virtual": false}}, {"type": "Feature", "geometry": {"type": "LineString", "coordinates": [[2.4399734, 6.3539371], [2.4399304, 6.3540011]]}, "properties": {"kind": "single_owner", "winner": "Xwlacôdji-Kpodji", "color": "#41d477", "length_m": 8.5, "virtual": false}}, {"type": "Feature", "geometry": {"type": "LineString", "coordinates": [[2.4399304, 6.3540011], [2.4399036, 6.3540784]]}, "properties": {"kind": "single_owner", "winner": "Xwlacôdji-Kpodji", "color": "#41d477", "length_m": 9.0, "virtual": false}}, {"type": "Feature", "geometry": {"type": "LineString", "coordinates": [[2.4399036, 6.3540784], [2.4398768, 6.3541637]]}, "properties": {"kind": "single_owner", "winner": "Xwlacôdji-Kpodji", "color": "#41d477", "length_m": 9.9, "virtual": false}}, {"type": "Feature", "geometry": {"type": "LineString", "coordinates": [[2.4404802, 6.3540011], [2.4406506, 6.3539918]]}, "properties": {"kind": "single_owner", "winner": "Xwlacôdji-Kpodji", "color": "#41d477", "length_m": 18.9, "virtual": false}}, {"type": "Feature", "geometry": {"type": "LineString", "coordinates": [[2.4404802, 6.3540011], [2.4402013, 6.3542997]]}, "properties": {"kind": "single_owner", "winner": "Xwlacôdji-Kpodji", "color": "#41d477", "length_m": 45.2, "virtual": false}}, {"type": "Feature", "geometry": {"type": "LineString", "coordinates": [[2.4404802, 6.3540011], [2.4406207, 6.3538967]]}, "properties": {"kind": "single_owner", "winner": "Xwlacôdji-Kpodji", "color": "#41d477", "length_m": 19.4, "virtual": false}}, {"type": "Feature", "geometry": {"type": "LineString", "coordinates": [[2.3437544, 6.3956301], [2.3438152, 6.3955685]]}, "properties": {"kind": "single_owner", "winner": "Godomey-Togoudo", "color": "#c93d4b", "length_m": 9.6, "virtual": false}}, {"type": "Feature", "geometry": {"type": "LineString", "coordinates": [[2.3437544, 6.3956301], [2.3437616, 6.3955144]]}, "properties": {"kind": "single_owner", "winner": "Godomey-Togoudo", "color": "#c93d4b", "length_m": 12.8, "virtual": false}}, {"type": "Feature", "geometry": {"type": "LineString", "coordinates": [[2.3437616, 6.3955144], [2.3437974, 6.3954462]]}, "properties": {"kind": "single_owner", "winner": "Godomey-Togoudo", "color": "#c93d4b", "length_m": 8.5, "virtual": false}}, {"type": "Feature", "geometry": {"type": "LineString", "coordinates": [[2.3437974, 6.3954462], [2.3438403, 6.3954021]]}, "properties": {"kind": "single_owner", "winner": "Godomey-Togoudo", "color": "#c93d4b", "length_m": 6.8, "virtual": false}}, {"type": "Feature", "geometry": {"type": "LineString", "coordinates": [[2.3569628, 6.3893305], [2.3565812, 6.3893317]]}, "properties": {"kind": "single_owner", "winner": "Mènontin", "color": "#93d64b", "length_m": 42.2, "virtual": false}}, {"type": "Feature", "geometry": {"type": "LineString", "coordinates": [[2.3569628, 6.3893305], [2.3573103, 6.3893022]]}, "properties": {"kind": "single_owner", "winner": "Mènontin", "color": "#93d64b", "length_m": 38.6, "virtual": false}}, {"type": "Feature", "geometry": {"type": "LineString", "coordinates": [[2.3569628, 6.3893305], [2.3565486, 6.3893848]]}, "properties": {"kind": "single_owner", "winner": "Mènontin", "color": "#93d64b", "length_m": 46.2, "virtual": false}}, {"type": "Feature", "geometry": {"type": "LineString", "coordinates": [[2.3565812, 6.3893317], [2.3563153, 6.3893249]]}, "properties": {"kind": "single_owner", "winner": "Mènontin", "color": "#93d64b", "length_m": 29.4, "virtual": false}}, {"type": "Feature", "geometry": {"type": "LineString", "coordinates": [[2.3563153, 6.3893249], [2.3560148, 6.3893128]]}, "properties": {"kind": "single_owner", "winner": "Mènontin", "color": "#93d64b", "length_m": 33.3, "virtual": false}}, {"type": "Feature", "geometry": {"type": "LineString", "coordinates": [[2.3560148, 6.3893128], [2.3557869, 6.3893075]]}, "properties": {"kind": "single_owner", "winner": "Mènontin", "color": "#93d64b", "length_m": 25.2, "virtual": false}}, {"type": "Feature", "geometry": {"type": "LineString", "coordinates": [[2.3724407, 6.3600576], [2.3723897, 6.359991]]}, "properties": {"kind": "single_owner", "winner": "Fidjrossè-Centre", "color": "#d77c47", "length_m": 9.3, "virtual": false}}, {"type": "Feature", "geometry": {"type": "LineString", "coordinates": [[2.3724407, 6.3600576], [2.3731112, 6.3596408]]}, "properties": {"kind": "single_owner", "winner": "Fidjrossè-Centre", "color": "#d77c47", "length_m": 87.3, "virtual": false}}, {"type": "Feature", "geometry": {"type": "LineString", "coordinates": [[2.3723897, 6.359991], [2.3723454, 6.3599163]]}, "properties": {"kind": "single_owner", "winner": "Fidjrossè-Centre", "color": "#d77c47", "length_m": 9.6, "virtual": false}}, {"type": "Feature", "geometry": {"type": "LineString", "coordinates": [[2.3723454, 6.3599163], [2.3723105, 6.359839]]}, "properties": {"kind": "single_owner", "winner": "Fidjrossè-Centre", "color": "#d77c47", "length_m": 9.4, "virtual": false}}, {"type": "Feature", "geometry": {"type": "LineString", "coordinates": [[2.3723105, 6.359839], [2.3722784, 6.3597618]]}, "properties": {"kind": "single_owner", "winner": "Fidjrossè-Centre", "color": "#d77c47", "length_m": 9.2, "virtual": false}}, {"type": "Feature", "geometry": {"type": "LineString", "coordinates": [[2.3722784, 6.3597618], [2.3722664, 6.3596871]]}, "properties": {"kind": "single_owner", "winner": "Fidjrossè-Centre", "color": "#d77c47", "length_m": 8.4, "virtual": false}}, {"type": "Feature", "geometry": {"type": "LineString", "coordinates": [[2.393654, 6.3681964], [2.392581, 6.3676968]]}, "properties": {"kind": "single_owner", "winner": "Houéyihô", "color": "#3edc5e", "length_m": 130.9, "virtual": false}}, {"type": "Feature", "geometry": {"type": "LineString", "coordinates": [[2.392581, 6.3676968], [2.3923555, 6.3675755]]}, "properties": {"kind": "single_owner", "winner": "Houéyihô", "color": "#3edc5e", "length_m": 28.3, "virtual": false}}, {"type": "Feature", "geometry": {"type": "LineString", "coordinates": [[2.392581, 6.3676968], [2.3924406, 6.3680027]]}, "properties": {"kind": "single_owner", "winner": "Houéyihô", "color": "#3edc5e", "length_m": 37.2, "virtual": false}}, {"type": "Feature", "geometry": {"type": "LineString", "coordinates": [[2.362005, 6.3501701], [2.361972, 6.3501944]]}, "properties": {"kind": "single_owner", "winner": "Fidjrossè-Kpota", "color": "#53ce4b", "length_m": 4.5, "virtual": false}}, {"type": "Feature", "geometry": {"type": "LineString", "coordinates": [[2.361972, 6.3501944], [2.3619596, 6.3502228]]}, "properties": {"kind": "single_owner", "winner": "Fidjrossè-Kpota", "color": "#53ce4b", "length_m": 3.4, "virtual": false}}, {"type": "Feature", "geometry": {"type": "LineString", "coordinates": [[2.3619596, 6.3502228], [2.3619139, 6.3506599]]}, "properties": {"kind": "single_owner", "winner": "Fidjrossè-Kpota", "color": "#53ce4b", "length_m": 48.6, "virtual": false}}, {"type": "Feature", "geometry": {"type": "LineString", "coordinates": [[2.3619139, 6.3506599], [2.3621183, 6.3506787]]}, "properties": {"kind": "single_owner", "winner": "Fidjrossè-Kpota", "color": "#53ce4b", "length_m": 22.7, "virtual": false}}, {"type": "Feature", "geometry": {"type": "LineString", "coordinates": [[2.3619139, 6.3506599], [2.361857, 6.3511788]]}, "properties": {"kind": "single_owner", "winner": "Fidjrossè-Kpota", "color": "#53ce4b", "length_m": 57.7, "virtual": false}}, {"type": "Feature", "geometry": {"type": "LineString", "coordinates": [[2.3024932, 6.3883075], [2.3032066, 6.3883424]]}, "properties": {"kind": "single_owner", "winner": "Cocotomey", "color": "#88d347", "length_m": 79.0, "virtual": false}}, {"type": "Feature", "geometry": {"type": "LineString", "coordinates": [[2.3032066, 6.3883424], [2.3031298, 6.3879081]]}, "properties": {"kind": "single_owner", "winner": "Cocotomey", "color": "#88d347", "length_m": 48.8, "virtual": false}}, {"type": "Feature", "geometry": {"type": "LineString", "coordinates": [[2.3032066, 6.3883424], [2.3039942, 6.3883972]]}, "properties": {"kind": "single_owner", "winner": "Cocotomey", "color": "#88d347", "length_m": 87.3, "virtual": false}}, {"type": "Feature", "geometry": {"type": "LineString", "coordinates": [[2.3676668, 6.4994246], [2.367686, 6.499229]]}, "properties": {"kind": "single_owner", "winner": "Akassato", "color": "#d553dc", "length_m": 21.7, "virtual": false}}, {"type": "Feature", "geometry": {"type": "LineString", "coordinates": [[2.367686, 6.499229], [2.3676791, 6.4991377]]}, "properties": {"kind": "single_owner", "winner": "Akassato", "color": "#d553dc", "length_m": 10.1, "virtual": false}}, {"type": "Feature", "geometry": {"type": "LineString", "coordinates": [[2.3676791, 6.4991377], [2.3676599, 6.499055]]}, "properties": {"kind": "single_owner", "winner": "Akassato", "color": "#d553dc", "length_m": 9.4, "virtual": false}}, {"type": "Feature", "geometry": {"type": "LineString", "coordinates": [[2.3676599, 6.499055], [2.3676358, 6.4990027]]}, "properties": {"kind": "single_owner", "winner": "Akassato", "color": "#d553dc", "length_m": 6.4, "virtual": false}}, {"type": "Feature", "geometry": {"type": "LineString", "coordinates": [[2.3676358, 6.4990027], [2.3676005, 6.4989691]]}, "properties": {"kind": "single_owner", "winner": "Akassato", "color": "#d553dc", "length_m": 5.4, "virtual": false}}, {"type": "Feature", "geometry": {"type": "LineString", "coordinates": [[2.3676005, 6.4989691], [2.3675702, 6.4989278]]}, "properties": {"kind": "single_owner", "winner": "Akassato", "color": "#d553dc", "length_m": 5.7, "virtual": false}}, {"type": "Feature", "geometry": {"type": "LineString", "coordinates": [[2.3743397, 6.3851839], [2.3745529, 6.3850768]]}, "properties": {"kind": "single_owner", "winner": "Kouhounou", "color": "#dcca40", "length_m": 26.4, "virtual": false}}, {"type": "Feature", "geometry": {"type": "LineString", "coordinates": [[2.3745529, 6.3850768], [2.3747371, 6.3849941]]}, "properties": {"kind": "single_owner", "winner": "Kouhounou", "color": "#dcca40", "length_m": 22.3, "virtual": false}}, {"type": "Feature", "geometry": {"type": "LineString", "coordinates": [[2.3747371, 6.3849941], [2.3749284, 6.3849146]]}, "properties": {"kind": "single_owner", "winner": "Kouhounou", "color": "#dcca40", "length_m": 22.9, "virtual": false}}, {"type": "Feature", "geometry": {"type": "LineString", "coordinates": [[2.3749284, 6.3849146], [2.3750788, 6.3848577]]}, "properties": {"kind": "single_owner", "winner": "Kouhounou", "color": "#dcca40", "length_m": 17.8, "virtual": false}}, {"type": "Feature", "geometry": {"type": "LineString", "coordinates": [[2.3750788, 6.3848577], [2.3768698, 6.3841732]]}, "properties": {"kind": "single_owner", "winner": "Kouhounou", "color": "#dcca40", "length_m": 212.1, "virtual": false}}, {"type": "Feature", "geometry": {"type": "LineString", "coordinates": [[2.3768698, 6.3841732], [2.3770675, 6.3840816]]}, "properties": {"kind": "single_owner", "winner": "Kouhounou", "color": "#dcca40", "length_m": 24.1, "virtual": false}}, {"type": "Feature", "geometry": {"type": "LineString", "coordinates": [[2.3770675, 6.3840816], [2.37727, 6.3839764]]}, "properties": {"kind": "single_owner", "winner": "Kouhounou", "color": "#dcca40", "length_m": 25.2, "virtual": false}}, {"type": "Feature", "geometry": {"type": "LineString", "coordinates": [[2.37727, 6.3839764], [2.3774216, 6.3838777]]}, "properties": {"kind": "single_owner", "winner": "Kouhounou", "color": "#dcca40", "length_m": 20.0, "virtual": false}}, {"type": "Feature", "geometry": {"type": "LineString", "coordinates": [[2.3774216, 6.3838777], [2.3776294, 6.3837338]]}, "properties": {"kind": "single_owner", "winner": "Kouhounou", "color": "#dcca40", "length_m": 28.0, "virtual": false}}, {"type": "Feature", "geometry": {"type": "LineString", "coordinates": [[2.3776294, 6.3837338], [2.3779224, 6.3835121]]}, "properties": {"kind": "single_owner", "winner": "Kouhounou", "color": "#dcca40", "length_m": 40.6, "virtual": false}}, {"type": "Feature", "geometry": {"type": "LineString", "coordinates": [[2.4650825, 6.3777288], [2.4650726, 6.3770827]]}, "properties": {"kind": "single_owner", "winner": "Suru-Léré", "color": "#ca4c98", "length_m": 71.4, "virtual": false}}, {"type": "Feature", "geometry": {"type": "LineString", "coordinates": [[2.4650726, 6.3770827], [2.4634774, 6.3770984]]}, "properties": {"kind": "single_owner", "winner": "Suru-Léré", "color": "#ca4c98", "length_m": 176.5, "virtual": false}}, {"type": "Feature", "geometry": {"type": "LineString", "coordinates": [[2.4650726, 6.3770827], [2.4657437, 6.3770826]]}, "properties": {"kind": "single_owner", "winner": "Suru-Léré", "color": "#ca4c98", "length_m": 74.2, "virtual": false}}, {"type": "Feature", "geometry": {"type": "LineString", "coordinates": [[2.3422644, 6.3991389], [2.342028, 6.4000171]]}, "properties": {"kind": "single_owner", "winner": "Godomey-Togoudo", "color": "#c93d4b", "length_m": 100.5, "virtual": false}}, {"type": "Feature", "geometry": {"type": "LineString", "coordinates": [[2.342028, 6.4000171], [2.3418123, 6.4006031]]}, "properties": {"kind": "single_owner", "winner": "Godomey-Togoudo", "color": "#c93d4b", "length_m": 69.0, "virtual": false}}, {"type": "Feature", "geometry": {"type": "LineString", "coordinates": [[2.3418123, 6.4006031], [2.3416406, 6.4010768]]}, "properties": {"kind": "single_owner", "winner": "Godomey-Togoudo", "color": "#c93d4b", "length_m": 55.7, "virtual": false}}, {"type": "Feature", "geometry": {"type": "LineString", "coordinates": [[2.3416406, 6.4010768], [2.3415164, 6.4015158]]}, "properties": {"kind": "single_owner", "winner": "Godomey-Togoudo", "color": "#c93d4b", "length_m": 50.4, "virtual": false}}, {"type": "Feature", "geometry": {"type": "LineString", "coordinates": [[2.3415164, 6.4015158], [2.3414665, 6.4018422]]}, "properties": {"kind": "single_owner", "winner": "Godomey-Togoudo", "color": "#c93d4b", "length_m": 36.5, "virtual": false}}, {"type": "Feature", "geometry": {"type": "LineString", "coordinates": [[2.3414665, 6.4018422], [2.3414039, 6.4026283]]}, "properties": {"kind": "single_owner", "winner": "Godomey-Togoudo", "color": "#c93d4b", "length_m": 87.2, "virtual": false}}, {"type": "Feature", "geometry": {"type": "LineString", "coordinates": [[2.3414665, 6.4018422], [2.3418152, 6.401914]]}, "properties": {"kind": "single_owner", "winner": "Godomey-Togoudo", "color": "#c93d4b", "length_m": 39.4, "virtual": false}}, {"type": "Feature", "geometry": {"type": "LineString", "coordinates": [[2.3414039, 6.4026283], [2.3419332, 6.4026511]]}, "properties": {"kind": "single_owner", "winner": "Godomey-Togoudo", "color": "#c93d4b", "length_m": 58.6, "virtual": false}}, {"type": "Feature", "geometry": {"type": "LineString", "coordinates": [[2.3592384, 6.3729331], [2.358831, 6.3722865]]}, "properties": {"kind": "single_owner", "winner": "Hlazounto", "color": "#a73fcd", "length_m": 84.5, "virtual": false}}, {"type": "Feature", "geometry": {"type": "LineString", "coordinates": [[2.3592384, 6.3729331], [2.3589343, 6.3729044]]}, "properties": {"kind": "single_owner", "winner": "Hlazounto", "color": "#a73fcd", "length_m": 33.8, "virtual": false}}, {"type": "Feature", "geometry": {"type": "LineString", "coordinates": [[2.3592384, 6.3729331], [2.3596877, 6.3729663]]}, "properties": {"kind": "single_owner", "winner": "Hlazounto", "color": "#a73fcd", "length_m": 49.8, "virtual": false}}, {"type": "Feature", "geometry": {"type": "LineString", "coordinates": [[2.3587908, 6.3729797], [2.3589343, 6.3729044]]}, "properties": {"kind": "single_owner", "winner": "Hlazounto", "color": "#a73fcd", "length_m": 17.9, "virtual": false}}, {"type": "Feature", "geometry": {"type": "LineString", "coordinates": [[2.3596877, 6.3729663], [2.3597051, 6.3726468]]}, "properties": {"kind": "single_owner", "winner": "Hlazounto", "color": "#a73fcd", "length_m": 35.4, "virtual": false}}, {"type": "Feature", "geometry": {"type": "LineString", "coordinates": [[2.3597051, 6.3726468], [2.3592929, 6.3720282]]}, "properties": {"kind": "single_owner", "winner": "Hlazounto", "color": "#a73fcd", "length_m": 82.2, "virtual": false}}, {"type": "Feature", "geometry": {"type": "LineString", "coordinates": [[2.3613981, 6.3498139], [2.3626855, 6.3496479]]}, "properties": {"kind": "single_owner", "winner": "Fidjrossè-Kpota", "color": "#53ce4b", "length_m": 143.6, "virtual": false}}, {"type": "Feature", "geometry": {"type": "LineString", "coordinates": [[2.3623674, 6.3516772], [2.3626565, 6.3517118]]}, "properties": {"kind": "single_owner", "winner": "Fidjrossè-Kpota", "color": "#53ce4b", "length_m": 32.2, "virtual": false}}, {"type": "Feature", "geometry": {"type": "LineString", "coordinates": [[2.3387146, 6.4302201], [2.3387162, 6.430094]]}, "properties": {"kind": "single_owner", "winner": "Zogbadjè", "color": "#de47cf", "length_m": 13.9, "virtual": false}}, {"type": "Feature", "geometry": {"type": "LineString", "coordinates": [[2.3387146, 6.4302201], [2.3393624, 6.4302161]]}, "properties": {"kind": "single_owner", "winner": "Zogbadjè", "color": "#de47cf", "length_m": 71.7, "virtual": false}}, {"type": "Feature", "geometry": {"type": "LineString", "coordinates": [[2.3387162, 6.430094], [2.338719, 6.4299429]]}, "properties": {"kind": "single_owner", "winner": "Zogbadjè", "color": "#de47cf", "length_m": 16.7, "virtual": false}}, {"type": "Feature", "geometry": {"type": "LineString", "coordinates": [[2.338719, 6.4299429], [2.3387253, 6.4298929]]}, "properties": {"kind": "single_owner", "winner": "Zogbadjè", "color": "#de47cf", "length_m": 5.6, "virtual": false}}, {"type": "Feature", "geometry": {"type": "LineString", "coordinates": [[2.3777643, 6.355704], [2.3778038, 6.3554046]]}, "properties": {"kind": "single_owner", "winner": "Fidjrossè-Centre", "color": "#d77c47", "length_m": 33.4, "virtual": false}}, {"type": "Feature", "geometry": {"type": "LineString", "coordinates": [[2.3634357, 6.3508001], [2.3630533, 6.3507649]]}, "properties": {"kind": "single_owner", "winner": "Fidjrossè-Kpota", "color": "#53ce4b", "length_m": 42.5, "virtual": false}}, {"type": "Feature", "geometry": {"type": "LineString", "coordinates": [[2.3630533, 6.3507649], [2.362804, 6.3507419]]}, "properties": {"kind": "single_owner", "winner": "Fidjrossè-Kpota", "color": "#53ce4b", "length_m": 27.7, "virtual": false}}, {"type": "Feature", "geometry": {"type": "LineString", "coordinates": [[2.362804, 6.3507419], [2.3624192, 6.3507064]]}, "properties": {"kind": "single_owner", "winner": "Fidjrossè-Kpota", "color": "#53ce4b", "length_m": 42.8, "virtual": false}}, {"type": "Feature", "geometry": {"type": "LineString", "coordinates": [[2.3624192, 6.3507064], [2.3621183, 6.3506787]]}, "properties": {"kind": "single_owner", "winner": "Fidjrossè-Kpota", "color": "#53ce4b", "length_m": 33.4, "virtual": false}}, {"type": "Feature", "geometry": {"type": "LineString", "coordinates": [[2.3738343, 6.3516262], [2.3810734, 6.3569081]]}, "properties": {"kind": "single_owner", "winner": "Haie-Vive-Cocotiers", "color": "#d6ca4b", "length_m": 991.1, "virtual": false}}, {"type": "Feature", "geometry": {"type": "LineString", "coordinates": [[2.3810734, 6.3569081], [2.3826613, 6.3580903]]}, "properties": {"kind": "single_owner", "winner": "Haie-Vive-Cocotiers", "color": "#d6ca4b", "length_m": 218.9, "virtual": false}}, {"type": "Feature", "geometry": {"type": "LineString", "coordinates": [[2.3826613, 6.3580903], [2.3829697, 6.3582449]]}, "properties": {"kind": "single_owner", "winner": "Haie-Vive-Cocotiers", "color": "#d6ca4b", "length_m": 38.2, "virtual": false}}, {"type": "Feature", "geometry": {"type": "LineString", "coordinates": [[2.3829697, 6.3582449], [2.3833425, 6.3583569]]}, "properties": {"kind": "single_owner", "winner": "Haie-Vive-Cocotiers", "color": "#d6ca4b", "length_m": 43.1, "virtual": false}}, {"type": "Feature", "geometry": {"type": "LineString", "coordinates": [[2.3833425, 6.3583569], [2.383706, 6.3584049]]}, "properties": {"kind": "single_owner", "winner": "Haie-Vive-Cocotiers", "color": "#d6ca4b", "length_m": 40.6, "virtual": false}}, {"type": "Feature", "geometry": {"type": "LineString", "coordinates": [[2.383706, 6.3584049], [2.3839447, 6.3584129]]}, "properties": {"kind": "single_owner", "winner": "Haie-Vive-Cocotiers", "color": "#d6ca4b", "length_m": 26.4, "virtual": false}}, {"type": "Feature", "geometry": {"type": "LineString", "coordinates": [[2.3839447, 6.3584129], [2.3844945, 6.3583969]]}, "properties": {"kind": "single_owner", "winner": "Haie-Vive-Cocotiers", "color": "#d6ca4b", "length_m": 60.8, "virtual": false}}, {"type": "Feature", "geometry": {"type": "LineString", "coordinates": [[2.3844945, 6.3583969], [2.384689, 6.3584209]]}, "properties": {"kind": "single_owner", "winner": "Haie-Vive-Cocotiers", "color": "#d6ca4b", "length_m": 21.7, "virtual": false}}, {"type": "Feature", "geometry": {"type": "LineString", "coordinates": [[2.384689, 6.3584209], [2.3850323, 6.3585128]]}, "properties": {"kind": "single_owner", "winner": "Haie-Vive-Cocotiers", "color": "#d6ca4b", "length_m": 39.3, "virtual": false}}, {"type": "Feature", "geometry": {"type": "LineString", "coordinates": [[2.3850323, 6.3585128], [2.3851772, 6.3585835]]}, "properties": {"kind": "single_owner", "winner": "Haie-Vive-Cocotiers", "color": "#d6ca4b", "length_m": 17.8, "virtual": false}}, {"type": "Feature", "geometry": {"type": "LineString", "coordinates": [[2.3851772, 6.3585835], [2.3853534, 6.3586926]]}, "properties": {"kind": "single_owner", "winner": "Haie-Vive-Cocotiers", "color": "#d6ca4b", "length_m": 22.9, "virtual": false}}, {"type": "Feature", "geometry": {"type": "LineString", "coordinates": [[2.3853534, 6.3586926], [2.3857691, 6.3590685]]}, "properties": {"kind": "single_owner", "winner": "Haie-Vive-Cocotiers", "color": "#d6ca4b", "length_m": 62.0, "virtual": false}}, {"type": "Feature", "geometry": {"type": "LineString", "coordinates": [[2.3857691, 6.3590685], [2.3861575, 6.3594418]]}, "properties": {"kind": "single_owner", "winner": "Haie-Vive-Cocotiers", "color": "#d6ca4b", "length_m": 59.6, "virtual": false}}, {"type": "Feature", "geometry": {"type": "LineString", "coordinates": [[2.3861575, 6.3594418], [2.3866556, 6.3598465]]}, "properties": {"kind": "single_owner", "winner": "Haie-Vive-Cocotiers", "color": "#d6ca4b", "length_m": 71.0, "virtual": false}}, {"type": "Feature", "geometry": {"type": "LineString", "coordinates": [[2.3866556, 6.3598465], [2.3867919, 6.3599323]]}, "properties": {"kind": "single_owner", "winner": "Haie-Vive-Cocotiers", "color": "#d6ca4b", "length_m": 17.8, "virtual": false}}, {"type": "Feature", "geometry": {"type": "LineString", "coordinates": [[2.3867919, 6.3599323], [2.3871513, 6.3601003]]}, "properties": {"kind": "single_owner", "winner": "Haie-Vive-Cocotiers", "color": "#d6ca4b", "length_m": 43.9, "virtual": false}}, {"type": "Feature", "geometry": {"type": "LineString", "coordinates": [[2.3871513, 6.3601003], [2.3874764, 6.3602837]]}, "properties": {"kind": "single_owner", "winner": "Haie-Vive-Cocotiers", "color": "#d6ca4b", "length_m": 41.3, "virtual": false}}, {"type": "Feature", "geometry": {"type": "LineString", "coordinates": [[2.3874764, 6.3602837], [2.3877239, 6.3603762]]}, "properties": {"kind": "single_owner", "winner": "Haie-Vive-Cocotiers", "color": "#d6ca4b", "length_m": 29.2, "virtual": false}}, {"type": "Feature", "geometry": {"type": "LineString", "coordinates": [[2.3877239, 6.3603762], [2.3879157, 6.3604854]]}, "properties": {"kind": "single_owner", "winner": "Haie-Vive-Cocotiers", "color": "#d6ca4b", "length_m": 24.4, "virtual": false}}, {"type": "Feature", "geometry": {"type": "LineString", "coordinates": [[2.3879157, 6.3604854], [2.3881148, 6.3606409]]}, "properties": {"kind": "single_owner", "winner": "Haie-Vive-Cocotiers", "color": "#d6ca4b", "length_m": 27.9, "virtual": false}}, {"type": "Feature", "geometry": {"type": "LineString", "coordinates": [[2.3881148, 6.3606409], [2.3884903, 6.3609714]]}, "properties": {"kind": "single_owner", "winner": "Haie-Vive-Cocotiers", "color": "#d6ca4b", "length_m": 55.3, "virtual": false}}, {"type": "Feature", "geometry": {"type": "LineString", "coordinates": [[2.3884903, 6.3609714], [2.3888282, 6.3612433]]}, "properties": {"kind": "single_owner", "winner": "Haie-Vive-Cocotiers", "color": "#d6ca4b", "length_m": 48.0, "virtual": false}}, {"type": "Feature", "geometry": {"type": "LineString", "coordinates": [[2.3888282, 6.3612433], [2.3894237, 6.3618138]]}, "properties": {"kind": "single_owner", "winner": "Haie-Vive-Cocotiers", "color": "#d6ca4b", "length_m": 91.2, "virtual": false}}, {"type": "Feature", "geometry": {"type": "LineString", "coordinates": [[2.3894237, 6.3618138], [2.3895197, 6.3619196]]}, "properties": {"kind": "single_owner", "winner": "Haie-Vive-Cocotiers", "color": "#d6ca4b", "length_m": 15.8, "virtual": false}}, {"type": "Feature", "geometry": {"type": "LineString", "coordinates": [[2.3895197, 6.3619196], [2.3896028, 6.3620902]]}, "properties": {"kind": "single_owner", "winner": "Haie-Vive-Cocotiers", "color": "#d6ca4b", "length_m": 21.0, "virtual": false}}, {"type": "Feature", "geometry": {"type": "LineString", "coordinates": [[2.3896028, 6.3620902], [2.3896256, 6.3622288]]}, "properties": {"kind": "single_owner", "winner": "Haie-Vive-Cocotiers", "color": "#d6ca4b", "length_m": 15.5, "virtual": false}}, {"type": "Feature", "geometry": {"type": "LineString", "coordinates": [[2.3896256, 6.3622288], [2.3896216, 6.3625394]]}, "properties": {"kind": "single_owner", "winner": "Haie-Vive-Cocotiers", "color": "#d6ca4b", "length_m": 34.3, "virtual": false}}, {"type": "Feature", "geometry": {"type": "LineString", "coordinates": [[2.3896216, 6.3625394], [2.3895867, 6.36269]]}, "properties": {"kind": "single_owner", "winner": "Haie-Vive-Cocotiers", "color": "#d6ca4b", "length_m": 17.1, "virtual": false}}, {"type": "Feature", "geometry": {"type": "LineString", "coordinates": [[2.3895867, 6.36269], [2.3895264, 6.3628766]]}, "properties": {"kind": "single_owner", "winner": "Haie-Vive-Cocotiers", "color": "#d6ca4b", "length_m": 21.7, "virtual": false}}, {"type": "Feature", "geometry": {"type": "LineString", "coordinates": [[2.3895264, 6.3628766], [2.3895022, 6.3630152]]}, "properties": {"kind": "single_owner", "winner": "Haie-Vive-Cocotiers", "color": "#d6ca4b", "length_m": 15.6, "virtual": false}}, {"type": "Feature", "geometry": {"type": "LineString", "coordinates": [[2.3895022, 6.3630152], [2.3895894, 6.3630605]]}, "properties": {"kind": "single_owner", "winner": "Haie-Vive-Cocotiers", "color": "#d6ca4b", "length_m": 10.9, "virtual": false}}, {"type": "Feature", "geometry": {"type": "LineString", "coordinates": [[2.3895022, 6.3630152], [2.3894995, 6.3630947]]}, "properties": {"kind": "single_owner", "winner": "Haie-Vive-Cocotiers", "color": "#d6ca4b", "length_m": 8.8, "virtual": false}}, {"type": "Feature", "geometry": {"type": "LineString", "coordinates": [[2.3894995, 6.3630947], [2.3895142, 6.3631706]]}, "properties": {"kind": "single_owner", "winner": "Haie-Vive-Cocotiers", "color": "#d6ca4b", "length_m": 8.5, "virtual": false}}, {"type": "Feature", "geometry": {"type": "LineString", "coordinates": [[2.3895142, 6.3631706], [2.3895424, 6.363208]]}, "properties": {"kind": "single_owner", "winner": "Haie-Vive-Cocotiers", "color": "#d6ca4b", "length_m": 5.2, "virtual": false}}, {"type": "Feature", "geometry": {"type": "LineString", "coordinates": [[2.3895424, 6.363208], [2.3896363, 6.3632639]]}, "properties": {"kind": "single_owner", "winner": "Haie-Vive-Cocotiers", "color": "#d6ca4b", "length_m": 12.1, "virtual": false}}, {"type": "Feature", "geometry": {"type": "LineString", "coordinates": [[2.3896363, 6.3632639], [2.3914495, 6.3641454]]}, "properties": {"kind": "single_owner", "winner": "Haie-Vive-Cocotiers", "color": "#d6ca4b", "length_m": 223.0, "virtual": false}}, {"type": "Feature", "geometry": {"type": "LineString", "coordinates": [[2.3914495, 6.3641454], [2.3918425, 6.3643227]]}, "properties": {"kind": "single_owner", "winner": "Haie-Vive-Cocotiers", "color": "#d6ca4b", "length_m": 47.7, "virtual": false}}, {"type": "Feature", "geometry": {"type": "LineString", "coordinates": [[2.3918425, 6.3643227], [2.3927236, 6.364444]]}, "properties": {"kind": "single_owner", "winner": "Haie-Vive-Cocotiers", "color": "#d6ca4b", "length_m": 98.4, "virtual": false}}, {"type": "Feature", "geometry": {"type": "LineString", "coordinates": [[2.3927236, 6.364444], [2.3935872, 6.3645573]]}, "properties": {"kind": "single_owner", "winner": "Haie-Vive-Cocotiers", "color": "#d6ca4b", "length_m": 96.4, "virtual": false}}, {"type": "Feature", "geometry": {"type": "LineString", "coordinates": [[2.3935872, 6.3645573], [2.3941049, 6.3646439]]}, "properties": {"kind": "single_owner", "winner": "Haie-Vive-Cocotiers", "color": "#d6ca4b", "length_m": 58.1, "virtual": false}}, {"type": "Feature", "geometry": {"type": "LineString", "coordinates": [[2.3941049, 6.3646439], [2.3941974, 6.3646719]]}, "properties": {"kind": "single_owner", "winner": "Haie-Vive-Cocotiers", "color": "#d6ca4b", "length_m": 10.7, "virtual": false}}, {"type": "Feature", "geometry": {"type": "LineString", "coordinates": [[2.3941974, 6.3646719], [2.3943101, 6.3647186]]}, "properties": {"kind": "single_owner", "winner": "Haie-Vive-Cocotiers", "color": "#d6ca4b", "length_m": 13.5, "virtual": false}}, {"type": "Feature", "geometry": {"type": "LineString", "coordinates": [[2.3943101, 6.3647186], [2.3944978, 6.3648132]]}, "properties": {"kind": "single_owner", "winner": "Haie-Vive-Cocotiers", "color": "#d6ca4b", "length_m": 23.2, "virtual": false}}, {"type": "Feature", "geometry": {"type": "LineString", "coordinates": [[2.3944978, 6.3648132], [2.3948573, 6.3650651]]}, "properties": {"kind": "single_owner", "winner": "Haie-Vive-Cocotiers", "color": "#d6ca4b", "length_m": 48.5, "virtual": false}}, {"type": "Feature", "geometry": {"type": "LineString", "coordinates": [[2.3914123, 6.3620211], [2.3919471, 6.3619822]]}, "properties": {"kind": "single_owner", "winner": "Haie-Vive-Cocotiers", "color": "#d6ca4b", "length_m": 59.3, "virtual": false}}, {"type": "Feature", "geometry": {"type": "LineString", "coordinates": [[2.3919471, 6.3619822], [2.3922247, 6.3619582]]}, "properties": {"kind": "single_owner", "winner": "Haie-Vive-Cocotiers", "color": "#d6ca4b", "length_m": 30.8, "virtual": false}}, {"type": "Feature", "geometry": {"type": "LineString", "coordinates": [[2.3922247, 6.3619582], [2.3923843, 6.3619636]]}, "properties": {"kind": "single_owner", "winner": "Haie-Vive-Cocotiers", "color": "#d6ca4b", "length_m": 17.7, "virtual": false}}, {"type": "Feature", "geometry": {"type": "LineString", "coordinates": [[2.3923843, 6.3619636], [2.3926096, 6.3620036]]}, "properties": {"kind": "single_owner", "winner": "Haie-Vive-Cocotiers", "color": "#d6ca4b", "length_m": 25.3, "virtual": false}}, {"type": "Feature", "geometry": {"type": "LineString", "coordinates": [[2.3926096, 6.3620036], [2.3928523, 6.3620529]]}, "properties": {"kind": "single_owner", "winner": "Haie-Vive-Cocotiers", "color": "#d6ca4b", "length_m": 27.4, "virtual": false}}, {"type": "Feature", "geometry": {"type": "LineString", "coordinates": [[2.3928523, 6.3620529], [2.3931883, 6.3620906]]}, "properties": {"kind": "single_owner", "winner": "Haie-Vive-Cocotiers", "color": "#d6ca4b", "length_m": 37.4, "virtual": false}}, {"type": "Feature", "geometry": {"type": "LineString", "coordinates": [[2.3931883, 6.3620906], [2.3931867, 6.362129]]}, "properties": {"kind": "single_owner", "winner": "Haie-Vive-Cocotiers", "color": "#d6ca4b", "length_m": 4.2, "virtual": false}}, {"type": "Feature", "geometry": {"type": "LineString", "coordinates": [[2.3931883, 6.3620906], [2.3932128, 6.3620463]]}, "properties": {"kind": "single_owner", "winner": "Haie-Vive-Cocotiers", "color": "#d6ca4b", "length_m": 5.6, "virtual": false}}, {"type": "Feature", "geometry": {"type": "LineString", "coordinates": [[2.3895894, 6.3630605], [2.3896578, 6.3630832]]}, "properties": {"kind": "single_owner", "winner": "Haie-Vive-Cocotiers", "color": "#d6ca4b", "length_m": 8.0, "virtual": false}}, {"type": "Feature", "geometry": {"type": "LineString", "coordinates": [[2.3896578, 6.3630832], [2.3897316, 6.3630952]]}, "properties": {"kind": "single_owner", "winner": "Haie-Vive-Cocotiers", "color": "#d6ca4b", "length_m": 8.3, "virtual": false}}, {"type": "Feature", "geometry": {"type": "LineString", "coordinates": [[2.3897316, 6.3630952], [2.3898938, 6.3630605]]}, "properties": {"kind": "single_owner", "winner": "Haie-Vive-Cocotiers", "color": "#d6ca4b", "length_m": 18.3, "virtual": false}}, {"type": "Feature", "geometry": {"type": "LineString", "coordinates": [[2.3898938, 6.3630605], [2.3901124, 6.3630112]]}, "properties": {"kind": "single_owner", "winner": "Haie-Vive-Cocotiers", "color": "#d6ca4b", "length_m": 24.8, "virtual": false}}, {"type": "Feature", "geometry": {"type": "LineString", "coordinates": [[2.3901124, 6.3630112], [2.3902492, 6.3629406]]}, "properties": {"kind": "single_owner", "winner": "Haie-Vive-Cocotiers", "color": "#d6ca4b", "length_m": 17.0, "virtual": false}}, {"type": "Feature", "geometry": {"type": "LineString", "coordinates": [[2.3902492, 6.3629406], [2.3904946, 6.362614]]}, "properties": {"kind": "single_owner", "winner": "Haie-Vive-Cocotiers", "color": "#d6ca4b", "length_m": 45.2, "virtual": false}}, {"type": "Feature", "geometry": {"type": "LineString", "coordinates": [[2.3904946, 6.362614], [2.3906448, 6.3624087]]}, "properties": {"kind": "single_owner", "winner": "Haie-Vive-Cocotiers", "color": "#d6ca4b", "length_m": 28.1, "virtual": false}}, {"type": "Feature", "geometry": {"type": "LineString", "coordinates": [[2.3906448, 6.3624087], [2.3907267, 6.3622941]]}, "properties": {"kind": "single_owner", "winner": "Haie-Vive-Cocotiers", "color": "#d6ca4b", "length_m": 15.6, "virtual": false}}, {"type": "Feature", "geometry": {"type": "LineString", "coordinates": [[2.4427159, 6.3541664], [2.4426381, 6.3541357]]}, "properties": {"kind": "single_owner", "winner": "Xwlacôdji-Kpodji", "color": "#41d477", "length_m": 9.3, "virtual": false}}, {"type": "Feature", "geometry": {"type": "LineString", "coordinates": [[2.4426381, 6.3541357], [2.4425525, 6.3541289]]}, "properties": {"kind": "single_owner", "winner": "Xwlacôdji-Kpodji", "color": "#41d477", "length_m": 9.5, "virtual": false}}, {"type": "Feature", "geometry": {"type": "LineString", "coordinates": [[2.4425525, 6.3541289], [2.4419852, 6.3540849]]}, "properties": {"kind": "single_owner", "winner": "Xwlacôdji-Kpodji", "color": "#41d477", "length_m": 62.9, "virtual": false}}, {"type": "Feature", "geometry": {"type": "LineString", "coordinates": [[2.4419852, 6.3540849], [2.4419169, 6.3542942]]}, "properties": {"kind": "single_owner", "winner": "Xwlacôdji-Kpodji", "color": "#41d477", "length_m": 24.3, "virtual": false}}, {"type": "Feature", "geometry": {"type": "LineString", "coordinates": [[2.4419852, 6.3540849], [2.4420591, 6.3534599]]}, "properties": {"kind": "single_owner", "winner": "Xwlacôdji-Kpodji", "color": "#41d477", "length_m": 69.6, "virtual": false}}, {"type": "Feature", "geometry": {"type": "LineString", "coordinates": [[2.4406506, 6.3539918], [2.4412013, 6.3544349]]}, "properties": {"kind": "single_owner", "winner": "Xwlacôdji-Kpodji", "color": "#41d477", "length_m": 78.2, "virtual": false}}, {"type": "Feature", "geometry": {"type": "LineString", "coordinates": [[2.4419169, 6.3542942], [2.4418469, 6.3544116]]}, "properties": {"kind": "single_owner", "winner": "Xwlacôdji-Kpodji", "color": "#41d477", "length_m": 15.1, "virtual": false}}, {"type": "Feature", "geometry": {"type": "LineString", "coordinates": [[2.4418469, 6.3544116], [2.4416701, 6.3546594]]}, "properties": {"kind": "single_owner", "winner": "Xwlacôdji-Kpodji", "color": "#41d477", "length_m": 33.7, "virtual": false}}, {"type": "Feature", "geometry": {"type": "LineString", "coordinates": [[2.4416701, 6.3546594], [2.441635, 6.3546969]]}, "properties": {"kind": "single_owner", "winner": "Xwlacôdji-Kpodji", "color": "#41d477", "length_m": 5.7, "virtual": false}}, {"type": "Feature", "geometry": {"type": "LineString", "coordinates": [[2.441635, 6.3546969], [2.4415854, 6.3547022]]}, "properties": {"kind": "single_owner", "winner": "Xwlacôdji-Kpodji", "color": "#41d477", "length_m": 5.5, "virtual": false}}, {"type": "Feature", "geometry": {"type": "LineString", "coordinates": [[2.4415854, 6.3547022], [2.4415143, 6.3546715]]}, "properties": {"kind": "single_owner", "winner": "Xwlacôdji-Kpodji", "color": "#41d477", "length_m": 8.6, "virtual": false}}, {"type": "Feature", "geometry": {"type": "LineString", "coordinates": [[2.4415143, 6.3546715], [2.4412013, 6.3544349]]}, "properties": {"kind": "single_owner", "winner": "Xwlacôdji-Kpodji", "color": "#41d477", "length_m": 43.4, "virtual": false}}, {"type": "Feature", "geometry": {"type": "LineString", "coordinates": [[2.4412013, 6.3544349], [2.4412568, 6.3542543]]}, "properties": {"kind": "single_owner", "winner": "Xwlacôdji-Kpodji", "color": "#41d477", "length_m": 20.9, "virtual": false}}, {"type": "Feature", "geometry": {"type": "LineString", "coordinates": [[2.3932611, 6.3622094], [2.393226, 6.3621933]]}, "properties": {"kind": "single_owner", "winner": "Haie-Vive-Cocotiers", "color": "#d6ca4b", "length_m": 4.3, "virtual": false}}, {"type": "Feature", "geometry": {"type": "LineString", "coordinates": [[2.3932611, 6.3622094], [2.3932997, 6.3622109]]}, "properties": {"kind": "single_owner", "winner": "Haie-Vive-Cocotiers", "color": "#d6ca4b", "length_m": 4.3, "virtual": false}}, {"type": "Feature", "geometry": {"type": "LineString", "coordinates": [[2.393226, 6.3621933], [2.3931999, 6.362165]]}, "properties": {"kind": "single_owner", "winner": "Haie-Vive-Cocotiers", "color": "#d6ca4b", "length_m": 4.3, "virtual": false}}, {"type": "Feature", "geometry": {"type": "LineString", "coordinates": [[2.3931999, 6.362165], [2.3931867, 6.362129]]}, "properties": {"kind": "single_owner", "winner": "Haie-Vive-Cocotiers", "color": "#d6ca4b", "length_m": 4.2, "virtual": false}}, {"type": "Feature", "geometry": {"type": "LineString", "coordinates": [[2.3932128, 6.3620463], [2.3932563, 6.3620199]]}, "properties": {"kind": "single_owner", "winner": "Haie-Vive-Cocotiers", "color": "#d6ca4b", "length_m": 5.6, "virtual": false}}, {"type": "Feature", "geometry": {"type": "LineString", "coordinates": [[2.3932563, 6.3620199], [2.3933073, 6.3620187]]}, "properties": {"kind": "single_owner", "winner": "Haie-Vive-Cocotiers", "color": "#d6ca4b", "length_m": 5.6, "virtual": false}}, {"type": "Feature", "geometry": {"type": "LineString", "coordinates": [[2.3933073, 6.3620187], [2.3933521, 6.3620428]]}, "properties": {"kind": "single_owner", "winner": "Haie-Vive-Cocotiers", "color": "#d6ca4b", "length_m": 5.6, "virtual": false}}, {"type": "Feature", "geometry": {"type": "LineString", "coordinates": [[2.3933521, 6.3620428], [2.3933787, 6.3620859]]}, "properties": {"kind": "single_owner", "winner": "Haie-Vive-Cocotiers", "color": "#d6ca4b", "length_m": 5.6, "virtual": false}}, {"type": "Feature", "geometry": {"type": "LineString", "coordinates": [[2.3933787, 6.3620859], [2.3933802, 6.3621365]]}, "properties": {"kind": "single_owner", "winner": "Haie-Vive-Cocotiers", "color": "#d6ca4b", "length_m": 5.6, "virtual": false}}, {"type": "Feature", "geometry": {"type": "LineString", "coordinates": [[2.3933802, 6.3621365], [2.3933642, 6.3621714]]}, "properties": {"kind": "single_owner", "winner": "Haie-Vive-Cocotiers", "color": "#d6ca4b", "length_m": 4.2, "virtual": false}}, {"type": "Feature", "geometry": {"type": "LineString", "coordinates": [[2.3933802, 6.3621365], [2.3936033, 6.3622182]]}, "properties": {"kind": "single_owner", "winner": "Haie-Vive-Cocotiers", "color": "#d6ca4b", "length_m": 26.3, "virtual": false}}, {"type": "Feature", "geometry": {"type": "LineString", "coordinates": [[2.3933642, 6.3621714], [2.3933359, 6.3621976]]}, "properties": {"kind": "single_owner", "winner": "Haie-Vive-Cocotiers", "color": "#d6ca4b", "length_m": 4.3, "virtual": false}}, {"type": "Feature", "geometry": {"type": "LineString", "coordinates": [[2.3933359, 6.3621976], [2.3932997, 6.3622109]]}, "properties": {"kind": "single_owner", "winner": "Haie-Vive-Cocotiers", "color": "#d6ca4b", "length_m": 4.3, "virtual": false}}, {"type": "Feature", "geometry": {"type": "LineString", "coordinates": [[2.3936033, 6.3622182], [2.3937133, 6.3622395]]}, "properties": {"kind": "single_owner", "winner": "Haie-Vive-Cocotiers", "color": "#d6ca4b", "length_m": 12.4, "virtual": false}}, {"type": "Feature", "geometry": {"type": "LineString", "coordinates": [[2.3937133, 6.3622395], [2.3938568, 6.3622688]]}, "properties": {"kind": "single_owner", "winner": "Haie-Vive-Cocotiers", "color": "#d6ca4b", "length_m": 16.2, "virtual": false}}, {"type": "Feature", "geometry": {"type": "LineString", "coordinates": [[2.3938568, 6.3622688], [2.3941961, 6.3623408]]}, "properties": {"kind": "single_owner", "winner": "Haie-Vive-Cocotiers", "color": "#d6ca4b", "length_m": 38.4, "virtual": false}}, {"type": "Feature", "geometry": {"type": "LineString", "coordinates": [[2.3941961, 6.3623408], [2.3957223, 6.362734]]}, "properties": {"kind": "single_owner", "winner": "Haie-Vive-Cocotiers", "color": "#d6ca4b", "length_m": 174.3, "virtual": false}}, {"type": "Feature", "geometry": {"type": "LineString", "coordinates": [[2.4005905, 6.3583222], [2.4006321, 6.3582663]]}, "properties": {"kind": "single_owner", "winner": "Cadjèhoun-Gare", "color": "#49cb78", "length_m": 7.7, "virtual": false}}, {"type": "Feature", "geometry": {"type": "LineString", "coordinates": [[2.4006321, 6.3582663], [2.4006991, 6.3582423]]}, "properties": {"kind": "single_owner", "winner": "Cadjèhoun-Gare", "color": "#49cb78", "length_m": 7.9, "virtual": false}}, {"type": "Feature", "geometry": {"type": "LineString", "coordinates": [[2.3728305, 6.3863357], [2.3725745, 6.3864917]]}, "properties": {"kind": "single_owner", "winner": "Mènontin", "color": "#93d64b", "length_m": 33.2, "virtual": false}}, {"type": "Feature", "geometry": {"type": "LineString", "coordinates": [[2.292021, 6.4152244], [2.2924344, 6.4147322]]}, "properties": {"kind": "single_owner", "winner": "Womey-Yénawa", "color": "#c93e43", "length_m": 71.1, "virtual": false}}, {"type": "Feature", "geometry": {"type": "LineString", "coordinates": [[2.3957077, 6.3653865], [2.3957506, 6.3653465]]}, "properties": {"kind": "single_owner", "winner": "Cadjèhoun-Azalokogon", "color": "#d951d0", "length_m": 6.5, "virtual": false}}, {"type": "Feature", "geometry": {"type": "LineString", "coordinates": [[2.3957506, 6.3653465], [2.3978535, 6.3655944]]}, "properties": {"kind": "single_owner", "winner": "Cadjèhoun-Azalokogon", "color": "#d951d0", "length_m": 234.2, "virtual": false}}, {"type": "Feature", "geometry": {"type": "LineString", "coordinates": [[2.3978535, 6.3655944], [2.3980745, 6.3656117]]}, "properties": {"kind": "single_owner", "winner": "Cadjèhoun-Azalokogon", "color": "#d951d0", "length_m": 24.5, "virtual": false}}, {"type": "Feature", "geometry": {"type": "LineString", "coordinates": [[2.3980745, 6.3656117], [2.3983427, 6.3656637]]}, "properties": {"kind": "single_owner", "winner": "Cadjèhoun-Azalokogon", "color": "#d951d0", "length_m": 30.2, "virtual": false}}, {"type": "Feature", "geometry": {"type": "LineString", "coordinates": [[2.3983427, 6.3656637], [2.3985157, 6.3657077]]}, "properties": {"kind": "single_owner", "winner": "Cadjèhoun-Azalokogon", "color": "#d951d0", "length_m": 19.7, "virtual": false}}, {"type": "Feature", "geometry": {"type": "LineString", "coordinates": [[2.3985157, 6.3657077], [2.3991836, 6.3659716]]}, "properties": {"kind": "single_owner", "winner": "Cadjèhoun-Azalokogon", "color": "#d951d0", "length_m": 79.4, "virtual": false}}, {"type": "Feature", "geometry": {"type": "LineString", "coordinates": [[2.3991836, 6.3659716], [2.4000204, 6.3663061]]}, "properties": {"kind": "single_owner", "winner": "Cadjèhoun-Azalokogon", "color": "#d951d0", "length_m": 99.7, "virtual": false}}, {"type": "Feature", "geometry": {"type": "LineString", "coordinates": [[2.4000204, 6.3663061], [2.4002606, 6.3664279]]}, "properties": {"kind": "single_owner", "winner": "Cadjèhoun-Azalokogon", "color": "#d951d0", "length_m": 29.8, "virtual": false}}, {"type": "Feature", "geometry": {"type": "LineString", "coordinates": [[2.4002606, 6.3664279], [2.4003197, 6.3664539]]}, "properties": {"kind": "single_owner", "winner": "Cadjèhoun-Azalokogon", "color": "#d951d0", "length_m": 7.1, "virtual": false}}, {"type": "Feature", "geometry": {"type": "LineString", "coordinates": [[2.4003197, 6.3664539], [2.4003908, 6.3664939]]}, "properties": {"kind": "single_owner", "winner": "Cadjèhoun-Azalokogon", "color": "#d951d0", "length_m": 9.0, "virtual": false}}, {"type": "Feature", "geometry": {"type": "LineString", "coordinates": [[2.4708452, 6.3640126], [2.4703457, 6.3639692]]}, "properties": {"kind": "single_owner", "winner": "Donaten", "color": "#a84ed5", "length_m": 55.5, "virtual": false}}, {"type": "Feature", "geometry": {"type": "LineString", "coordinates": [[2.4708452, 6.3640126], [2.4709568, 6.3635621]]}, "properties": {"kind": "single_owner", "winner": "Donaten", "color": "#a84ed5", "length_m": 51.3, "virtual": false}}, {"type": "Feature", "geometry": {"type": "LineString", "coordinates": [[2.4714987, 6.3624757], [2.4716341, 6.3623475]]}, "properties": {"kind": "single_owner", "winner": "Donaten", "color": "#a84ed5", "length_m": 20.6, "virtual": false}}, {"type": "Feature", "geometry": {"type": "LineString", "coordinates": [[2.4716341, 6.3623475], [2.4716851, 6.3623394]]}, "properties": {"kind": "single_owner", "winner": "Donaten", "color": "#a84ed5", "length_m": 5.7, "virtual": false}}, {"type": "Feature", "geometry": {"type": "LineString", "coordinates": [[2.4716851, 6.3623394], [2.4717441, 6.3623474]]}, "properties": {"kind": "single_owner", "winner": "Donaten", "color": "#a84ed5", "length_m": 6.6, "virtual": false}}, {"type": "Feature", "geometry": {"type": "LineString", "coordinates": [[2.4716469, 6.3636191], [2.4709568, 6.3635621]]}, "properties": {"kind": "single_owner", "winner": "Donaten", "color": "#a84ed5", "length_m": 76.6, "virtual": false}}, {"type": "Feature", "geometry": {"type": "LineString", "coordinates": [[2.4709568, 6.3635621], [2.4710936, 6.3630831]]}, "properties": {"kind": "single_owner", "winner": "Donaten", "color": "#a84ed5", "length_m": 55.1, "virtual": false}}, {"type": "Feature", "geometry": {"type": "LineString", "coordinates": [[2.3418057, 6.394874], [2.3420781, 6.3958434]]}, "properties": {"kind": "single_owner", "winner": "Salamey", "color": "#7dd24c", "length_m": 111.3, "virtual": false}}, {"type": "Feature", "geometry": {"type": "LineString", "coordinates": [[2.3035986, 6.3927604], [2.3038323, 6.3921713]]}, "properties": {"kind": "single_owner", "winner": "Cocotomey", "color": "#88d347", "length_m": 70.1, "virtual": false}}, {"type": "Feature", "geometry": {"type": "LineString", "coordinates": [[2.3038323, 6.3921713], [2.3036396, 6.3917772]]}, "properties": {"kind": "single_owner", "winner": "Cocotomey", "color": "#88d347", "length_m": 48.5, "virtual": false}}, {"type": "Feature", "geometry": {"type": "LineString", "coordinates": [[2.3038323, 6.3921713], [2.3039972, 6.3926631]]}, "properties": {"kind": "single_owner", "winner": "Cocotomey", "color": "#88d347", "length_m": 57.3, "virtual": false}}, {"type": "Feature", "geometry": {"type": "LineString", "coordinates": [[2.3041076, 6.3912387], [2.3034175, 6.3914149]]}, "properties": {"kind": "single_owner", "winner": "Cocotomey", "color": "#88d347", "length_m": 78.8, "virtual": false}}, {"type": "Feature", "geometry": {"type": "LineString", "coordinates": [[2.3026899, 6.3924369], [2.3023338, 6.3919904]]}, "properties": {"kind": "single_owner", "winner": "Cocotomey", "color": "#88d347", "length_m": 63.2, "virtual": false}}, {"type": "Feature", "geometry": {"type": "LineString", "coordinates": [[2.3026899, 6.3924369], [2.3022178, 6.3926448]]}, "properties": {"kind": "single_owner", "winner": "Cocotomey", "color": "#88d347", "length_m": 57.1, "virtual": false}}, {"type": "Feature", "geometry": {"type": "LineString", "coordinates": [[2.3026899, 6.3924369], [2.3030718, 6.39215]]}, "properties": {"kind": "single_owner", "winner": "Cocotomey", "color": "#88d347", "length_m": 52.8, "virtual": false}}, {"type": "Feature", "geometry": {"type": "LineString", "coordinates": [[2.3030718, 6.39215], [2.303622, 6.3917346]]}, "properties": {"kind": "single_owner", "winner": "Cocotomey", "color": "#88d347", "length_m": 76.2, "virtual": false}}, {"type": "Feature", "geometry": {"type": "LineString", "coordinates": [[2.3030718, 6.39215], [2.3029045, 6.3915351]]}, "properties": {"kind": "single_owner", "winner": "Cocotomey", "color": "#88d347", "length_m": 70.4, "virtual": false}}, {"type": "Feature", "geometry": {"type": "LineString", "coordinates": [[2.303622, 6.3917346], [2.3036396, 6.3917772]]}, "properties": {"kind": "single_owner", "winner": "Cocotomey", "color": "#88d347", "length_m": 5.1, "virtual": false}}, {"type": "Feature", "geometry": {"type": "LineString", "coordinates": [[2.303622, 6.3917346], [2.3034175, 6.3914149]]}, "properties": {"kind": "single_owner", "winner": "Cocotomey", "color": "#88d347", "length_m": 42.0, "virtual": false}}, {"type": "Feature", "geometry": {"type": "LineString", "coordinates": [[2.3015063, 6.3928254], [2.3022178, 6.3926448]]}, "properties": {"kind": "single_owner", "winner": "Cocotomey", "color": "#88d347", "length_m": 81.2, "virtual": false}}, {"type": "Feature", "geometry": {"type": "LineString", "coordinates": [[2.3022178, 6.3926448], [2.3020864, 6.3924955]]}, "properties": {"kind": "single_owner", "winner": "Cocotomey", "color": "#88d347", "length_m": 22.0, "virtual": false}}, {"type": "Feature", "geometry": {"type": "LineString", "coordinates": [[2.3012557, 6.3895383], [2.3022037, 6.3891011]]}, "properties": {"kind": "single_owner", "winner": "Cocotomey", "color": "#88d347", "length_m": 115.5, "virtual": false}}, {"type": "Feature", "geometry": {"type": "LineString", "coordinates": [[2.3019316, 6.3912656], [2.3023338, 6.3919904]]}, "properties": {"kind": "single_owner", "winner": "Cocotomey", "color": "#88d347", "length_m": 91.6, "virtual": false}}, {"type": "Feature", "geometry": {"type": "LineString", "coordinates": [[2.3019316, 6.3912656], [2.3023284, 6.3911924]]}, "properties": {"kind": "single_owner", "winner": "Cocotomey", "color": "#88d347", "length_m": 44.6, "virtual": false}}, {"type": "Feature", "geometry": {"type": "LineString", "coordinates": [[2.3018101, 6.390583], [2.3018627, 6.3900168]]}, "properties": {"kind": "single_owner", "winner": "Cocotomey", "color": "#88d347", "length_m": 62.9, "virtual": false}}, {"type": "Feature", "geometry": {"type": "LineString", "coordinates": [[2.3018627, 6.3900168], [2.3019254, 6.3899966]]}, "properties": {"kind": "single_owner", "winner": "Cocotomey", "color": "#88d347", "length_m": 7.3, "virtual": false}}, {"type": "Feature", "geometry": {"type": "LineString", "coordinates": [[2.3016867, 6.3918651], [2.3020864, 6.3924955]]}, "properties": {"kind": "single_owner", "winner": "Cocotomey", "color": "#88d347", "length_m": 82.5, "virtual": false}}, {"type": "Feature", "geometry": {"type": "LineString", "coordinates": [[2.3034175, 6.3914149], [2.3031781, 6.3909122]]}, "properties": {"kind": "single_owner", "winner": "Cocotomey", "color": "#88d347", "length_m": 61.6, "virtual": false}}, {"type": "Feature", "geometry": {"type": "LineString", "coordinates": [[2.3034175, 6.3914149], [2.3028402, 6.3912246]]}, "properties": {"kind": "single_owner", "winner": "Cocotomey", "color": "#88d347", "length_m": 67.2, "virtual": false}}, {"type": "Feature", "geometry": {"type": "LineString", "coordinates": [[2.3028402, 6.3912246], [2.3023284, 6.3911924]]}, "properties": {"kind": "single_owner", "winner": "Cocotomey", "color": "#88d347", "length_m": 56.7, "virtual": false}}, {"type": "Feature", "geometry": {"type": "LineString", "coordinates": [[2.3028402, 6.3912246], [2.3029045, 6.3915351]]}, "properties": {"kind": "single_owner", "winner": "Cocotomey", "color": "#88d347", "length_m": 35.1, "virtual": false}}, {"type": "Feature", "geometry": {"type": "LineString", "coordinates": [[2.3029045, 6.3915351], [2.3023338, 6.3919904]]}, "properties": {"kind": "single_owner", "winner": "Cocotomey", "color": "#88d347", "length_m": 80.7, "virtual": false}}, {"type": "Feature", "geometry": {"type": "LineString", "coordinates": [[2.303704, 6.3895152], [2.3035323, 6.3891041]]}, "properties": {"kind": "single_owner", "winner": "Cocotomey", "color": "#88d347", "length_m": 49.3, "virtual": false}}, {"type": "Feature", "geometry": {"type": "LineString", "coordinates": [[2.303704, 6.3895152], [2.3040371, 6.3892389]]}, "properties": {"kind": "single_owner", "winner": "Cocotomey", "color": "#88d347", "length_m": 47.9, "virtual": false}}, {"type": "Feature", "geometry": {"type": "LineString", "coordinates": [[2.3035323, 6.3891041], [2.3035347, 6.3889101]]}, "properties": {"kind": "single_owner", "winner": "Cocotomey", "color": "#88d347", "length_m": 21.4, "virtual": false}}, {"type": "Feature", "geometry": {"type": "LineString", "coordinates": [[2.3035347, 6.3889101], [2.3033255, 6.3889703]]}, "properties": {"kind": "single_owner", "winner": "Cocotomey", "color": "#88d347", "length_m": 24.1, "virtual": false}}, {"type": "Feature", "geometry": {"type": "LineString", "coordinates": [[2.3035347, 6.3889101], [2.3034962, 6.3886287]]}, "properties": {"kind": "single_owner", "winner": "Cocotomey", "color": "#88d347", "length_m": 31.4, "virtual": false}}, {"type": "Feature", "geometry": {"type": "LineString", "coordinates": [[2.3034962, 6.3886287], [2.3025781, 6.3885587]]}, "properties": {"kind": "single_owner", "winner": "Cocotomey", "color": "#88d347", "length_m": 101.9, "virtual": false}}, {"type": "Feature", "geometry": {"type": "LineString", "coordinates": [[2.3034962, 6.3886287], [2.3038868, 6.388659]]}, "properties": {"kind": "single_owner", "winner": "Cocotomey", "color": "#88d347", "length_m": 43.3, "virtual": false}}, {"type": "Feature", "geometry": {"type": "LineString", "coordinates": [[2.3026574, 6.3893211], [2.3031686, 6.3889943]]}, "properties": {"kind": "single_owner", "winner": "Cocotomey", "color": "#88d347", "length_m": 67.1, "virtual": false}}, {"type": "Feature", "geometry": {"type": "LineString", "coordinates": [[2.3026574, 6.3893211], [2.3025041, 6.388871]]}, "properties": {"kind": "single_owner", "winner": "Cocotomey", "color": "#88d347", "length_m": 52.6, "virtual": false}}, {"type": "Feature", "geometry": {"type": "LineString", "coordinates": [[2.3031686, 6.3889943], [2.3032115, 6.3889743]]}, "properties": {"kind": "single_owner", "winner": "Cocotomey", "color": "#88d347", "length_m": 5.2, "virtual": false}}, {"type": "Feature", "geometry": {"type": "LineString", "coordinates": [[2.3032115, 6.3889743], [2.3032585, 6.3889703]]}, "properties": {"kind": "single_owner", "winner": "Cocotomey", "color": "#88d347", "length_m": 5.2, "virtual": false}}, {"type": "Feature", "geometry": {"type": "LineString", "coordinates": [[2.3032585, 6.3889703], [2.3033255, 6.3889703]]}, "properties": {"kind": "single_owner", "winner": "Cocotomey", "color": "#88d347", "length_m": 7.4, "virtual": false}}, {"type": "Feature", "geometry": {"type": "LineString", "coordinates": [[2.3019254, 6.3899966], [2.3020649, 6.3899646]]}, "properties": {"kind": "single_owner", "winner": "Cocotomey", "color": "#88d347", "length_m": 15.8, "virtual": false}}, {"type": "Feature", "geometry": {"type": "LineString", "coordinates": [[2.3020649, 6.3899646], [2.3022258, 6.3899552]]}, "properties": {"kind": "single_owner", "winner": "Cocotomey", "color": "#88d347", "length_m": 17.8, "virtual": false}}, {"type": "Feature", "geometry": {"type": "LineString", "coordinates": [[2.3025041, 6.388871], [2.3022037, 6.3891011]]}, "properties": {"kind": "single_owner", "winner": "Cocotomey", "color": "#88d347", "length_m": 41.8, "virtual": false}}, {"type": "Feature", "geometry": {"type": "LineString", "coordinates": [[2.3025041, 6.388871], [2.3025195, 6.3887024]]}, "properties": {"kind": "single_owner", "winner": "Cocotomey", "color": "#88d347", "length_m": 18.7, "virtual": false}}, {"type": "Feature", "geometry": {"type": "LineString", "coordinates": [[2.3025195, 6.3887024], [2.3025781, 6.3885587]]}, "properties": {"kind": "single_owner", "winner": "Cocotomey", "color": "#88d347", "length_m": 17.2, "virtual": false}}, {"type": "Feature", "geometry": {"type": "LineString", "coordinates": [[2.3025781, 6.3885587], [2.3020714, 6.3885144]]}, "properties": {"kind": "single_owner", "winner": "Cocotomey", "color": "#88d347", "length_m": 56.3, "virtual": false}}, {"type": "Feature", "geometry": {"type": "LineString", "coordinates": [[2.3031781, 6.3909122], [2.3030332, 6.3907176]]}, "properties": {"kind": "single_owner", "winner": "Cocotomey", "color": "#88d347", "length_m": 26.8, "virtual": false}}, {"type": "Feature", "geometry": {"type": "LineString", "coordinates": [[2.4605349, 6.3803266], [2.4594057, 6.3803497]]}, "properties": {"kind": "single_owner", "winner": "Sènadé", "color": "#d38544", "length_m": 124.9, "virtual": false}}, {"type": "Feature", "geometry": {"type": "LineString", "coordinates": [[2.4594057, 6.3803497], [2.4593945, 6.3797027]]}, "properties": {"kind": "single_owner", "winner": "Sènadé", "color": "#d38544", "length_m": 71.5, "virtual": false}}, {"type": "Feature", "geometry": {"type": "LineString", "coordinates": [[2.4641567, 6.3809436], [2.4641718, 6.3815455]]}, "properties": {"kind": "single_owner", "winner": "Suru-Léré", "color": "#ca4c98", "length_m": 66.6, "virtual": false}}, {"type": "Feature", "geometry": {"type": "LineString", "coordinates": [[2.4658429, 6.3770818], [2.4658629, 6.3783469]]}, "properties": {"kind": "single_owner", "winner": "Suru-Léré", "color": "#ca4c98", "length_m": 139.9, "virtual": false}}, {"type": "Feature", "geometry": {"type": "LineString", "coordinates": [[2.4658429, 6.3770818], [2.4658486, 6.3769695]]}, "properties": {"kind": "single_owner", "winner": "Suru-Léré", "color": "#ca4c98", "length_m": 12.4, "virtual": false}}, {"type": "Feature", "geometry": {"type": "LineString", "coordinates": [[2.4658429, 6.3770818], [2.4657437, 6.3770826]]}, "properties": {"kind": "single_owner", "winner": "Suru-Léré", "color": "#ca4c98", "length_m": 11.0, "virtual": false}}, {"type": "Feature", "geometry": {"type": "LineString", "coordinates": [[2.4658429, 6.3770818], [2.4665541, 6.3770713]]}, "properties": {"kind": "single_owner", "winner": "Suru-Léré", "color": "#ca4c98", "length_m": 78.7, "virtual": false}}, {"type": "Feature", "geometry": {"type": "LineString", "coordinates": [[2.3041334, 6.3895295], [2.3046883, 6.3894471]]}, "properties": {"kind": "single_owner", "winner": "Cocotomey", "color": "#88d347", "length_m": 62.1, "virtual": false}}, {"type": "Feature", "geometry": {"type": "LineString", "coordinates": [[2.3041334, 6.3895295], [2.3040371, 6.3892389]]}, "properties": {"kind": "single_owner", "winner": "Cocotomey", "color": "#88d347", "length_m": 33.8, "virtual": false}}, {"type": "Feature", "geometry": {"type": "LineString", "coordinates": [[2.3046883, 6.3894471], [2.3047584, 6.3887387]]}, "properties": {"kind": "single_owner", "winner": "Cocotomey", "color": "#88d347", "length_m": 78.7, "virtual": false}}, {"type": "Feature", "geometry": {"type": "LineString", "coordinates": [[2.3040371, 6.3892389], [2.3038868, 6.388659]]}, "properties": {"kind": "single_owner", "winner": "Cocotomey", "color": "#88d347", "length_m": 66.2, "virtual": false}}, {"type": "Feature", "geometry": {"type": "LineString", "coordinates": [[2.3047584, 6.3887387], [2.3039856, 6.3886615]]}, "properties": {"kind": "single_owner", "winner": "Cocotomey", "color": "#88d347", "length_m": 85.9, "virtual": false}}, {"type": "Feature", "geometry": {"type": "LineString", "coordinates": [[2.292933, 6.415103], [2.2940478, 6.4161962]]}, "properties": {"kind": "single_owner", "winner": "Womey-Yénawa", "color": "#c93e43", "length_m": 172.7, "virtual": false}}, {"type": "Feature", "geometry": {"type": "LineString", "coordinates": [[2.292933, 6.415103], [2.2929414, 6.4154418]]}, "properties": {"kind": "single_owner", "winner": "Womey-Yénawa", "color": "#c93e43", "length_m": 37.5, "virtual": false}}, {"type": "Feature", "geometry": {"type": "LineString", "coordinates": [[2.2929414, 6.4154418], [2.2929749, 6.4157344]]}, "properties": {"kind": "single_owner", "winner": "Womey-Yénawa", "color": "#c93e43", "length_m": 32.6, "virtual": false}}, {"type": "Feature", "geometry": {"type": "LineString", "coordinates": [[2.2929749, 6.4157344], [2.2926074, 6.4160774]]}, "properties": {"kind": "single_owner", "winner": "Womey-Yénawa", "color": "#c93e43", "length_m": 55.6, "virtual": false}}, {"type": "Feature", "geometry": {"type": "LineString", "coordinates": [[2.2929749, 6.4157344], [2.292995, 6.4157891]]}, "properties": {"kind": "single_owner", "winner": "Womey-Yénawa", "color": "#c93e43", "length_m": 6.4, "virtual": false}}, {"type": "Feature", "geometry": {"type": "LineString", "coordinates": [[2.292995, 6.4157891], [2.2936307, 6.4164833]]}, "properties": {"kind": "single_owner", "winner": "Womey-Yénawa", "color": "#c93e43", "length_m": 104.1, "virtual": false}}, {"type": "Feature", "geometry": {"type": "LineString", "coordinates": [[2.2936307, 6.4164833], [2.2936428, 6.416522]]}, "properties": {"kind": "single_owner", "winner": "Womey-Yénawa", "color": "#c93e43", "length_m": 4.5, "virtual": false}}, {"type": "Feature", "geometry": {"type": "LineString", "coordinates": [[2.2934465, 6.4175255], [2.2937447, 6.4174016]]}, "properties": {"kind": "single_owner", "winner": "Womey-Yénawa", "color": "#c93e43", "length_m": 35.7, "virtual": false}}, {"type": "Feature", "geometry": {"type": "LineString", "coordinates": [[2.2934465, 6.4175255], [2.2933906, 6.4173883]]}, "properties": {"kind": "single_owner", "winner": "Womey-Yénawa", "color": "#c93e43", "length_m": 16.4, "virtual": false}}, {"type": "Feature", "geometry": {"type": "LineString", "coordinates": [[2.2933906, 6.4173883], [2.2933437, 6.4173297]]}, "properties": {"kind": "single_owner", "winner": "Womey-Yénawa", "color": "#c93e43", "length_m": 8.3, "virtual": false}}, {"type": "Feature", "geometry": {"type": "LineString", "coordinates": [[2.2933437, 6.4173297], [2.2932324, 6.4172031]]}, "properties": {"kind": "single_owner", "winner": "Womey-Yénawa", "color": "#c93e43", "length_m": 18.6, "virtual": false}}, {"type": "Feature", "geometry": {"type": "LineString", "coordinates": [[2.2932324, 6.4172031], [2.2931707, 6.4171191]]}, "properties": {"kind": "single_owner", "winner": "Womey-Yénawa", "color": "#c93e43", "length_m": 11.5, "virtual": false}}, {"type": "Feature", "geometry": {"type": "LineString", "coordinates": [[2.2931707, 6.4171191], [2.2931291, 6.4170191]]}, "properties": {"kind": "single_owner", "winner": "Womey-Yénawa", "color": "#c93e43", "length_m": 12.0, "virtual": false}}, {"type": "Feature", "geometry": {"type": "LineString", "coordinates": [[2.2931291, 6.4170191], [2.2930473, 6.4168006]]}, "properties": {"kind": "single_owner", "winner": "Womey-Yénawa", "color": "#c93e43", "length_m": 25.8, "virtual": false}}, {"type": "Feature", "geometry": {"type": "LineString", "coordinates": [[2.2930473, 6.4168006], [2.2929226, 6.4166113]]}, "properties": {"kind": "single_owner", "winner": "Womey-Yénawa", "color": "#c93e43", "length_m": 25.1, "virtual": false}}, {"type": "Feature", "geometry": {"type": "LineString", "coordinates": [[2.2929226, 6.4166113], [2.2925752, 6.4162035]]}, "properties": {"kind": "single_owner", "winner": "Womey-Yénawa", "color": "#c93e43", "length_m": 59.2, "virtual": false}}, {"type": "Feature", "geometry": {"type": "LineString", "coordinates": [[2.3105863, 6.4364056], [2.3107898, 6.4364023]]}, "properties": {"kind": "single_owner", "winner": "Houèto", "color": "#de47d2", "length_m": 22.5, "virtual": false}}, {"type": "Feature", "geometry": {"type": "LineString", "coordinates": [[2.3107898, 6.4364023], [2.3110445, 6.4363213]]}, "properties": {"kind": "single_owner", "winner": "Houèto", "color": "#de47d2", "length_m": 29.6, "virtual": false}}, {"type": "Feature", "geometry": {"type": "LineString", "coordinates": [[2.3107898, 6.4364023], [2.3106721, 6.436872]]}, "properties": {"kind": "single_owner", "winner": "Houèto", "color": "#de47d2", "length_m": 53.5, "virtual": false}}, {"type": "Feature", "geometry": {"type": "LineString", "coordinates": [[2.3110445, 6.4363213], [2.311462, 6.4361684]]}, "properties": {"kind": "single_owner", "winner": "Houèto", "color": "#de47d2", "length_m": 49.2, "virtual": false}}, {"type": "Feature", "geometry": {"type": "LineString", "coordinates": [[2.3110445, 6.4363213], [2.3111106, 6.4364762]]}, "properties": {"kind": "single_owner", "winner": "Houèto", "color": "#de47d2", "length_m": 18.6, "virtual": false}}, {"type": "Feature", "geometry": {"type": "LineString", "coordinates": [[2.311462, 6.4361684], [2.3116042, 6.436617]]}, "properties": {"kind": "single_owner", "winner": "Houèto", "color": "#de47d2", "length_m": 52.0, "virtual": false}}, {"type": "Feature", "geometry": {"type": "LineString", "coordinates": [[2.3131062, 6.4413151], [2.3133181, 6.4419587]]}, "properties": {"kind": "single_owner", "winner": "Houèto", "color": "#de47d2", "length_m": 74.9, "virtual": false}}, {"type": "Feature", "geometry": {"type": "LineString", "coordinates": [[2.3131062, 6.4413151], [2.3130204, 6.4410885]]}, "properties": {"kind": "single_owner", "winner": "Houèto", "color": "#de47d2", "length_m": 26.8, "virtual": false}}, {"type": "Feature", "geometry": {"type": "LineString", "coordinates": [[2.3173487, 6.4278799], [2.3176539, 6.4283896]]}, "properties": {"kind": "single_owner", "winner": "Tankpè-Tanmè", "color": "#ce4b74", "length_m": 65.7, "virtual": false}}, {"type": "Feature", "geometry": {"type": "LineString", "coordinates": [[2.3135652, 6.4420124], [2.313357, 6.4420707]]}, "properties": {"kind": "single_owner", "winner": "Houèto", "color": "#de47d2", "length_m": 23.9, "virtual": false}}, {"type": "Feature", "geometry": {"type": "LineString", "coordinates": [[2.3135652, 6.4420124], [2.3136266, 6.4420067]]}, "properties": {"kind": "single_owner", "winner": "Houèto", "color": "#de47d2", "length_m": 6.8, "virtual": false}}, {"type": "Feature", "geometry": {"type": "LineString", "coordinates": [[2.3136266, 6.4420067], [2.3136762, 6.4420307]]}, "properties": {"kind": "single_owner", "winner": "Houèto", "color": "#de47d2", "length_m": 6.1, "virtual": false}}, {"type": "Feature", "geometry": {"type": "LineString", "coordinates": [[2.313357, 6.4420707], [2.3133181, 6.4419587]]}, "properties": {"kind": "single_owner", "winner": "Houèto", "color": "#de47d2", "length_m": 13.1, "virtual": false}}, {"type": "Feature", "geometry": {"type": "LineString", "coordinates": [[2.313357, 6.4420707], [2.3136393, 6.4430215]]}, "properties": {"kind": "single_owner", "winner": "Houèto", "color": "#de47d2", "length_m": 109.6, "virtual": false}}, {"type": "Feature", "geometry": {"type": "LineString", "coordinates": [[2.3185793, 6.4290653], [2.3182068, 6.4294045]]}, "properties": {"kind": "single_owner", "winner": "Tankpè-Tanmè", "color": "#ce4b74", "length_m": 55.7, "virtual": false}}, {"type": "Feature", "geometry": {"type": "LineString", "coordinates": [[2.3137327, 6.4392898], [2.3132107, 6.4393507]]}, "properties": {"kind": "single_owner", "winner": "Houèto", "color": "#de47d2", "length_m": 58.1, "virtual": false}}, {"type": "Feature", "geometry": {"type": "LineString", "coordinates": [[2.3126784, 6.4398344], [2.3127307, 6.4400251]]}, "properties": {"kind": "single_owner", "winner": "Houèto", "color": "#de47d2", "length_m": 21.9, "virtual": false}}, {"type": "Feature", "geometry": {"type": "LineString", "coordinates": [[2.3126784, 6.4398344], [2.3129064, 6.4398092]]}, "properties": {"kind": "single_owner", "winner": "Houèto", "color": "#de47d2", "length_m": 25.4, "virtual": false}}, {"type": "Feature", "geometry": {"type": "LineString", "coordinates": [[2.3126784, 6.4398344], [2.3125967, 6.4395633]]}, "properties": {"kind": "single_owner", "winner": "Houèto", "color": "#de47d2", "length_m": 31.3, "virtual": false}}, {"type": "Feature", "geometry": {"type": "LineString", "coordinates": [[2.3129064, 6.4398092], [2.313121, 6.4398012]]}, "properties": {"kind": "single_owner", "winner": "Houèto", "color": "#de47d2", "length_m": 23.8, "virtual": false}}, {"type": "Feature", "geometry": {"type": "LineString", "coordinates": [[2.313121, 6.4398012], [2.313333, 6.4397952]]}, "properties": {"kind": "single_owner", "winner": "Houèto", "color": "#de47d2", "length_m": 23.5, "virtual": false}}, {"type": "Feature", "geometry": {"type": "LineString", "coordinates": [[2.313333, 6.4397952], [2.3132107, 6.4393507]]}, "properties": {"kind": "single_owner", "winner": "Houèto", "color": "#de47d2", "length_m": 51.0, "virtual": false}}, {"type": "Feature", "geometry": {"type": "LineString", "coordinates": [[2.3132107, 6.4393507], [2.3131505, 6.4391442]]}, "properties": {"kind": "single_owner", "winner": "Houèto", "color": "#de47d2", "length_m": 23.8, "virtual": false}}, {"type": "Feature", "geometry": {"type": "LineString", "coordinates": [[2.3132107, 6.4393507], [2.3125967, 6.4395633]]}, "properties": {"kind": "single_owner", "winner": "Houèto", "color": "#de47d2", "length_m": 71.9, "virtual": false}}, {"type": "Feature", "geometry": {"type": "LineString", "coordinates": [[2.3130918, 6.4389464], [2.3131505, 6.4391442]]}, "properties": {"kind": "single_owner", "winner": "Houèto", "color": "#de47d2", "length_m": 22.8, "virtual": false}}, {"type": "Feature", "geometry": {"type": "LineString", "coordinates": [[2.4665541, 6.3770713], [2.4665627, 6.3776871]]}, "properties": {"kind": "single_owner", "winner": "Suru-Léré", "color": "#ca4c98", "length_m": 68.1, "virtual": false}}, {"type": "Feature", "geometry": {"type": "LineString", "coordinates": [[2.4665541, 6.3770713], [2.4665288, 6.3769543]]}, "properties": {"kind": "single_owner", "winner": "Suru-Léré", "color": "#ca4c98", "length_m": 13.2, "virtual": false}}, {"type": "Feature", "geometry": {"type": "LineString", "coordinates": [[2.4635329, 6.3834586], [2.4626706, 6.3834653]]}, "properties": {"kind": "single_owner", "winner": "Ahouassa", "color": "#3dc973", "length_m": 95.4, "virtual": false}}, {"type": "Feature", "geometry": {"type": "LineString", "coordinates": [[2.4635329, 6.3834586], [2.4635171, 6.3829038]]}, "properties": {"kind": "single_owner", "winner": "Ahouassa", "color": "#3dc973", "length_m": 61.4, "virtual": false}}, {"type": "Feature", "geometry": {"type": "LineString", "coordinates": [[2.4626706, 6.3834653], [2.4623081, 6.3834614]]}, "properties": {"kind": "single_owner", "winner": "Ahouassa", "color": "#3dc973", "length_m": 40.1, "virtual": false}}, {"type": "Feature", "geometry": {"type": "LineString", "coordinates": [[2.4626706, 6.3834653], [2.4626781, 6.3829171]]}, "properties": {"kind": "single_owner", "winner": "Ahouassa", "color": "#3dc973", "length_m": 60.6, "virtual": false}}, {"type": "Feature", "geometry": {"type": "LineString", "coordinates": [[2.4837295, 6.3728919], [2.4836498, 6.3730265]]}, "properties": {"kind": "single_owner", "winner": "Dandji", "color": "#c150dd", "length_m": 17.3, "virtual": false}}, {"type": "Feature", "geometry": {"type": "LineString", "coordinates": [[2.4836498, 6.3730265], [2.4836393, 6.3730524]]}, "properties": {"kind": "single_owner", "winner": "Dandji", "color": "#c150dd", "length_m": 3.1, "virtual": false}}, {"type": "Feature", "geometry": {"type": "LineString", "coordinates": [[2.4836393, 6.3730524], [2.4836182, 6.3731078]]}, "properties": {"kind": "single_owner", "winner": "Dandji", "color": "#c150dd", "length_m": 6.6, "virtual": false}}, {"type": "Feature", "geometry": {"type": "LineString", "coordinates": [[2.478828, 6.376972], [2.4788329, 6.3768455]]}, "properties": {"kind": "single_owner", "winner": "Tchanhounkpamè", "color": "#d38948", "length_m": 14.0, "virtual": false}}, {"type": "Feature", "geometry": {"type": "LineString", "coordinates": [[2.478828, 6.376972], [2.4794715, 6.3769668]]}, "properties": {"kind": "single_owner", "winner": "Tchanhounkpamè", "color": "#d38948", "length_m": 71.2, "virtual": false}}, {"type": "Feature", "geometry": {"type": "LineString", "coordinates": [[2.4635171, 6.3829038], [2.4635229, 6.3822935]]}, "properties": {"kind": "single_owner", "winner": "Ahouassa", "color": "#3dc973", "length_m": 67.5, "virtual": false}}, {"type": "Feature", "geometry": {"type": "LineString", "coordinates": [[2.4635171, 6.3829038], [2.4626781, 6.3829171]]}, "properties": {"kind": "single_owner", "winner": "Ahouassa", "color": "#3dc973", "length_m": 92.8, "virtual": false}}, {"type": "Feature", "geometry": {"type": "LineString", "coordinates": [[2.4626781, 6.3829171], [2.4626594, 6.3823104]]}, "properties": {"kind": "single_owner", "winner": "Ahouassa", "color": "#3dc973", "length_m": 67.1, "virtual": false}}, {"type": "Feature", "geometry": {"type": "LineString", "coordinates": [[2.4715966, 6.378432], [2.4715954, 6.3782929]]}, "properties": {"kind": "single_owner", "winner": "Avotrou-Gbègo", "color": "#dbdd4d", "length_m": 15.4, "virtual": false}}, {"type": "Feature", "geometry": {"type": "LineString", "coordinates": [[2.4715954, 6.3782929], [2.472193, 6.3782883]]}, "properties": {"kind": "single_owner", "winner": "Avotrou-Gbègo", "color": "#dbdd4d", "length_m": 66.1, "virtual": false}}, {"type": "Feature", "geometry": {"type": "LineString", "coordinates": [[2.4715954, 6.3782929], [2.4703993, 6.378302]]}, "properties": {"kind": "single_owner", "winner": "Avotrou-Gbègo", "color": "#dbdd4d", "length_m": 132.3, "virtual": false}}, {"type": "Feature", "geometry": {"type": "LineString", "coordinates": [[2.4715864, 6.3770306], [2.4721241, 6.3770098]]}, "properties": {"kind": "single_owner", "winner": "Avotrou-Gbègo", "color": "#dbdd4d", "length_m": 59.5, "virtual": false}}, {"type": "Feature", "geometry": {"type": "LineString", "coordinates": [[2.4721241, 6.3770098], [2.4726556, 6.377022]]}, "properties": {"kind": "single_owner", "winner": "Avotrou-Gbègo", "color": "#dbdd4d", "length_m": 58.8, "virtual": false}}, {"type": "Feature", "geometry": {"type": "LineString", "coordinates": [[2.4721241, 6.3770098], [2.4721228, 6.3768906]]}, "properties": {"kind": "single_owner", "winner": "Avotrou-Gbègo", "color": "#dbdd4d", "length_m": 13.2, "virtual": false}}, {"type": "Feature", "geometry": {"type": "LineString", "coordinates": [[2.472193, 6.3782883], [2.4722003, 6.3790448]]}, "properties": {"kind": "single_owner", "winner": "Avotrou-Gbègo", "color": "#dbdd4d", "length_m": 83.6, "virtual": false}}, {"type": "Feature", "geometry": {"type": "LineString", "coordinates": [[2.4657417, 6.3769704], [2.4658486, 6.3769695]]}, "properties": {"kind": "single_owner", "winner": "Suru-Léré", "color": "#ca4c98", "length_m": 11.8, "virtual": false}}, {"type": "Feature", "geometry": {"type": "LineString", "coordinates": [[2.4657417, 6.3769704], [2.4657437, 6.3770826]]}, "properties": {"kind": "single_owner", "winner": "Suru-Léré", "color": "#ca4c98", "length_m": 12.4, "virtual": false}}, {"type": "Feature", "geometry": {"type": "LineString", "coordinates": [[2.4658486, 6.3769695], [2.4665288, 6.3769543]]}, "properties": {"kind": "single_owner", "winner": "Suru-Léré", "color": "#ca4c98", "length_m": 75.3, "virtual": false}}, {"type": "Feature", "geometry": {"type": "LineString", "coordinates": [[2.4665288, 6.3769543], [2.4665296, 6.3762403]]}, "properties": {"kind": "single_owner", "winner": "Suru-Léré", "color": "#ca4c98", "length_m": 78.9, "virtual": false}}, {"type": "Feature", "geometry": {"type": "LineString", "coordinates": [[2.4721228, 6.3768906], [2.4726838, 6.376902]]}, "properties": {"kind": "single_owner", "winner": "Avotrou-Gbègo", "color": "#dbdd4d", "length_m": 62.1, "virtual": false}}, {"type": "Feature", "geometry": {"type": "LineString", "coordinates": [[2.4726838, 6.376902], [2.4732673, 6.3768966]]}, "properties": {"kind": "single_owner", "winner": "Avotrou-Gbègo", "color": "#dbdd4d", "length_m": 64.6, "virtual": false}}, {"type": "Feature", "geometry": {"type": "LineString", "coordinates": [[2.4788329, 6.3768455], [2.4793169, 6.3768381]]}, "properties": {"kind": "single_owner", "winner": "Tchanhounkpamè", "color": "#d38948", "length_m": 53.6, "virtual": false}}, {"type": "Feature", "geometry": {"type": "LineString", "coordinates": [[2.4657446, 6.3783502], [2.4657437, 6.3770826]]}, "properties": {"kind": "single_owner", "winner": "Suru-Léré", "color": "#ca4c98", "length_m": 140.1, "virtual": false}}, {"type": "Feature", "geometry": {"type": "LineString", "coordinates": [[2.3430645, 6.3966217], [2.3431485, 6.39645]]}, "properties": {"kind": "single_owner", "winner": "Godomey-Togoudo", "color": "#c93d4b", "length_m": 21.1, "virtual": false}}, {"type": "Feature", "geometry": {"type": "LineString", "coordinates": [[2.3431485, 6.39645], [2.343231, 6.3963044]]}, "properties": {"kind": "single_owner", "winner": "Godomey-Togoudo", "color": "#c93d4b", "length_m": 18.5, "virtual": false}}, {"type": "Feature", "geometry": {"type": "LineString", "coordinates": [[2.343231, 6.3963044], [2.3433401, 6.3961308]]}, "properties": {"kind": "single_owner", "winner": "Godomey-Togoudo", "color": "#c93d4b", "length_m": 22.7, "virtual": false}}, {"type": "Feature", "geometry": {"type": "LineString", "coordinates": [[2.3433401, 6.3961308], [2.343438, 6.3959953]]}, "properties": {"kind": "single_owner", "winner": "Godomey-Togoudo", "color": "#c93d4b", "length_m": 18.5, "virtual": false}}, {"type": "Feature", "geometry": {"type": "LineString", "coordinates": [[2.343438, 6.3959953], [2.3435354, 6.3958547]]}, "properties": {"kind": "single_owner", "winner": "Godomey-Togoudo", "color": "#c93d4b", "length_m": 18.9, "virtual": false}}, {"type": "Feature", "geometry": {"type": "LineString", "coordinates": [[2.3439737, 6.3955688], [2.3438777, 6.3956513]]}, "properties": {"kind": "single_owner", "winner": "Godomey-Togoudo", "color": "#c93d4b", "length_m": 14.0, "virtual": false}}, {"type": "Feature", "geometry": {"type": "LineString", "coordinates": [[2.3436163, 6.3959461], [2.3434689, 6.3961351]]}, "properties": {"kind": "single_owner", "winner": "Godomey-Togoudo", "color": "#c93d4b", "length_m": 26.5, "virtual": false}}, {"type": "Feature", "geometry": {"type": "LineString", "coordinates": [[2.3434689, 6.3961351], [2.3432811, 6.3964427]]}, "properties": {"kind": "single_owner", "winner": "Godomey-Togoudo", "color": "#c93d4b", "length_m": 39.8, "virtual": false}}, {"type": "Feature", "geometry": {"type": "LineString", "coordinates": [[2.462142, 6.3729804], [2.4621453, 6.3729155]]}, "properties": {"kind": "single_owner", "winner": "Yagbé", "color": "#cc5745", "length_m": 7.2, "virtual": false}}, {"type": "Feature", "geometry": {"type": "LineString", "coordinates": [[2.462142, 6.3729804], [2.4621413, 6.3731716]]}, "properties": {"kind": "single_owner", "winner": "Yagbé", "color": "#cc5745", "length_m": 21.1, "virtual": false}}, {"type": "Feature", "geometry": {"type": "LineString", "coordinates": [[2.4731046, 6.3727087], [2.4742681, 6.3727436]]}, "properties": {"kind": "single_owner", "winner": "Tanto", "color": "#b3cd3b", "length_m": 128.8, "virtual": false}}, {"type": "Feature", "geometry": {"type": "LineString", "coordinates": [[2.4742681, 6.3727436], [2.4743327, 6.3721018]]}, "properties": {"kind": "single_owner", "winner": "Tanto", "color": "#b3cd3b", "length_m": 71.3, "virtual": false}}, {"type": "Feature", "geometry": {"type": "LineString", "coordinates": [[2.4742681, 6.3727436], [2.4750623, 6.3727476]]}, "properties": {"kind": "single_owner", "winner": "Tanto", "color": "#b3cd3b", "length_m": 87.9, "virtual": false}}, {"type": "Feature", "geometry": {"type": "LineString", "coordinates": [[2.4623471, 6.3871], [2.4636249, 6.3870793]]}, "properties": {"kind": "single_owner", "winner": "Yénawa", "color": "#de4ad4", "length_m": 141.4, "virtual": false}}, {"type": "Feature", "geometry": {"type": "LineString", "coordinates": [[2.4623471, 6.3871], [2.462357, 6.3877037]]}, "properties": {"kind": "single_owner", "winner": "Yénawa", "color": "#de4ad4", "length_m": 66.7, "virtual": false}}, {"type": "Feature", "geometry": {"type": "LineString", "coordinates": [[2.4614229, 6.3854465], [2.461408, 6.3849026]]}, "properties": {"kind": "single_owner", "winner": "Ahouassa", "color": "#3dc973", "length_m": 60.1, "virtual": false}}, {"type": "Feature", "geometry": {"type": "LineString", "coordinates": [[2.462357, 6.3877037], [2.4636238, 6.387695]]}, "properties": {"kind": "single_owner", "winner": "Yénawa", "color": "#de4ad4", "length_m": 140.1, "virtual": false}}, {"type": "Feature", "geometry": {"type": "LineString", "coordinates": [[2.4628785, 6.3891285], [2.4628644, 6.3884396]]}, "properties": {"kind": "single_owner", "winner": "Yénawa", "color": "#de4ad4", "length_m": 76.2, "virtual": false}}, {"type": "Feature", "geometry": {"type": "LineString", "coordinates": [[2.4626594, 6.3823104], [2.4635229, 6.3822935]]}, "properties": {"kind": "single_owner", "winner": "Ahouassa", "color": "#3dc973", "length_m": 95.5, "virtual": false}}, {"type": "Feature", "geometry": {"type": "LineString", "coordinates": [[2.4626594, 6.3823104], [2.4623117, 6.3823135]]}, "properties": {"kind": "single_owner", "winner": "Ahouassa", "color": "#3dc973", "length_m": 38.5, "virtual": false}}, {"type": "Feature", "geometry": {"type": "LineString", "coordinates": [[2.4627386, 6.3884412], [2.4625816, 6.3884044]]}, "properties": {"kind": "single_owner", "winner": "Yénawa", "color": "#de4ad4", "length_m": 17.8, "virtual": false}}, {"type": "Feature", "geometry": {"type": "LineString", "coordinates": [[2.4627386, 6.3884412], [2.4625743, 6.3884895]]}, "properties": {"kind": "single_owner", "winner": "Yénawa", "color": "#de4ad4", "length_m": 18.9, "virtual": false}}, {"type": "Feature", "geometry": {"type": "LineString", "coordinates": [[2.4627386, 6.3884412], [2.4628644, 6.3884396]]}, "properties": {"kind": "single_owner", "winner": "Yénawa", "color": "#de4ad4", "length_m": 13.9, "virtual": false}}, {"type": "Feature", "geometry": {"type": "LineString", "coordinates": [[2.4628644, 6.3884396], [2.4636291, 6.3884333]]}, "properties": {"kind": "single_owner", "winner": "Yénawa", "color": "#de4ad4", "length_m": 84.6, "virtual": false}}, {"type": "Feature", "geometry": {"type": "LineString", "coordinates": [[2.3171845, 6.4544174], [2.3171019, 6.4541766]]}, "properties": {"kind": "single_owner", "winner": "Tokan", "color": "#d344ad", "length_m": 28.1, "virtual": false}}, {"type": "Feature", "geometry": {"type": "LineString", "coordinates": [[2.3171019, 6.4541766], [2.3169619, 6.4536418]]}, "properties": {"kind": "single_owner", "winner": "Tokan", "color": "#d344ad", "length_m": 61.1, "virtual": false}}, {"type": "Feature", "geometry": {"type": "LineString", "coordinates": [[2.3171019, 6.4541766], [2.3169324, 6.4541855]]}, "properties": {"kind": "single_owner", "winner": "Tokan", "color": "#d344ad", "length_m": 18.8, "virtual": false}}, {"type": "Feature", "geometry": {"type": "LineString", "coordinates": [[2.3169619, 6.4536418], [2.3167849, 6.4530421]]}, "properties": {"kind": "single_owner", "winner": "Tokan", "color": "#d344ad", "length_m": 69.1, "virtual": false}}, {"type": "Feature", "geometry": {"type": "LineString", "coordinates": [[2.3169619, 6.4536418], [2.3156717, 6.4535885]]}, "properties": {"kind": "single_owner", "winner": "Tokan", "color": "#d344ad", "length_m": 142.9, "virtual": false}}, {"type": "Feature", "geometry": {"type": "LineString", "coordinates": [[2.3130204, 6.4410885], [2.3127307, 6.4400251]]}, "properties": {"kind": "single_owner", "winner": "Houèto", "color": "#de47d2", "length_m": 121.8, "virtual": false}}, {"type": "Feature", "geometry": {"type": "LineString", "coordinates": [[2.3130204, 6.4410885], [2.311931, 6.4413821]]}, "properties": {"kind": "single_owner", "winner": "Houèto", "color": "#de47d2", "length_m": 124.8, "virtual": false}}, {"type": "Feature", "geometry": {"type": "LineString", "coordinates": [[2.3127307, 6.4400251], [2.3115679, 6.4401197]]}, "properties": {"kind": "single_owner", "winner": "Houèto", "color": "#de47d2", "length_m": 129.1, "virtual": false}}, {"type": "Feature", "geometry": {"type": "LineString", "coordinates": [[2.3125967, 6.4395633], [2.3125362, 6.4393627]]}, "properties": {"kind": "single_owner", "winner": "Houèto", "color": "#de47d2", "length_m": 23.2, "virtual": false}}, {"type": "Feature", "geometry": {"type": "LineString", "coordinates": [[2.3125362, 6.4393627], [2.3123941, 6.4389429]]}, "properties": {"kind": "single_owner", "winner": "Houèto", "color": "#de47d2", "length_m": 49.0, "virtual": false}}, {"type": "Feature", "geometry": {"type": "LineString", "coordinates": [[2.3121211, 6.4381341], [2.3116538, 6.4382713]]}, "properties": {"kind": "single_owner", "winner": "Houèto", "color": "#de47d2", "length_m": 53.9, "virtual": false}}, {"type": "Feature", "geometry": {"type": "LineString", "coordinates": [[2.3121211, 6.4381341], [2.3117838, 6.4370845]]}, "properties": {"kind": "single_owner", "winner": "Houèto", "color": "#de47d2", "length_m": 121.9, "virtual": false}}, {"type": "Feature", "geometry": {"type": "LineString", "coordinates": [[2.3117838, 6.4370845], [2.3123122, 6.4370102]]}, "properties": {"kind": "single_owner", "winner": "Houèto", "color": "#de47d2", "length_m": 59.0, "virtual": false}}, {"type": "Feature", "geometry": {"type": "LineString", "coordinates": [[2.3116042, 6.436617], [2.311281, 6.4366508]]}, "properties": {"kind": "single_owner", "winner": "Houèto", "color": "#de47d2", "length_m": 35.9, "virtual": false}}, {"type": "Feature", "geometry": {"type": "LineString", "coordinates": [[2.3156571, 6.4544344], [2.3158519, 6.4549655]]}, "properties": {"kind": "single_owner", "winner": "Tokan", "color": "#d344ad", "length_m": 62.5, "virtual": false}}, {"type": "Feature", "geometry": {"type": "LineString", "coordinates": [[2.3156571, 6.4544344], [2.3165381, 6.4542521]]}, "properties": {"kind": "single_owner", "winner": "Tokan", "color": "#d344ad", "length_m": 99.5, "virtual": false}}, {"type": "Feature", "geometry": {"type": "LineString", "coordinates": [[2.3165381, 6.4542521], [2.3167258, 6.4542122]]}, "properties": {"kind": "single_owner", "winner": "Tokan", "color": "#d344ad", "length_m": 21.2, "virtual": false}}, {"type": "Feature", "geometry": {"type": "LineString", "coordinates": [[2.3167258, 6.4542122], [2.3169324, 6.4541855]]}, "properties": {"kind": "single_owner", "winner": "Tokan", "color": "#d344ad", "length_m": 23.0, "virtual": false}}, {"type": "Feature", "geometry": {"type": "LineString", "coordinates": [[2.3190291, 6.4295875], [2.3183178, 6.4298649]]}, "properties": {"kind": "single_owner", "winner": "Tankpè-Tanmè", "color": "#ce4b74", "length_m": 84.5, "virtual": false}}, {"type": "Feature", "geometry": {"type": "LineString", "coordinates": [[2.3043252, 6.3873195], [2.3043005, 6.3872871]]}, "properties": {"kind": "single_owner", "winner": "Cocotomey", "color": "#88d347", "length_m": 4.5, "virtual": false}}, {"type": "Feature", "geometry": {"type": "LineString", "coordinates": [[2.3043252, 6.3873195], [2.3043743, 6.3873217]]}, "properties": {"kind": "single_owner", "winner": "Cocotomey", "color": "#88d347", "length_m": 5.4, "virtual": false}}, {"type": "Feature", "geometry": {"type": "LineString", "coordinates": [[2.3043005, 6.3872871], [2.3042576, 6.3872098]]}, "properties": {"kind": "single_owner", "winner": "Cocotomey", "color": "#88d347", "length_m": 9.8, "virtual": false}}, {"type": "Feature", "geometry": {"type": "LineString", "coordinates": [[2.3042576, 6.3872098], [2.3042467, 6.3870687]]}, "properties": {"kind": "single_owner", "winner": "Cocotomey", "color": "#88d347", "length_m": 15.6, "virtual": false}}, {"type": "Feature", "geometry": {"type": "LineString", "coordinates": [[2.3065427, 6.3841114], [2.3065321, 6.3840617]]}, "properties": {"kind": "single_owner", "winner": "Logbozounkpa", "color": "#ce4c79", "length_m": 5.6, "virtual": false}}, {"type": "Feature", "geometry": {"type": "LineString", "coordinates": [[2.3065427, 6.3841114], [2.3065817, 6.3841404]]}, "properties": {"kind": "single_owner", "winner": "Logbozounkpa", "color": "#ce4c79", "length_m": 5.4, "virtual": false}}, {"type": "Feature", "geometry": {"type": "LineString", "coordinates": [[2.3065321, 6.3840617], [2.3064554, 6.3828488]]}, "properties": {"kind": "single_owner", "winner": "Logbozounkpa", "color": "#ce4c79", "length_m": 134.3, "virtual": false}}, {"type": "Feature", "geometry": {"type": "LineString", "coordinates": [[2.3059728, 6.3828453], [2.306072, 6.3846709]]}, "properties": {"kind": "single_owner", "winner": "Logbozounkpa", "color": "#ce4c79", "length_m": 202.1, "virtual": false}}, {"type": "Feature", "geometry": {"type": "LineString", "coordinates": [[2.3079925, 6.3841354], [2.3075244, 6.384141]]}, "properties": {"kind": "single_owner", "winner": "Logbozounkpa", "color": "#ce4c79", "length_m": 51.8, "virtual": false}}, {"type": "Feature", "geometry": {"type": "LineString", "coordinates": [[2.3075896, 6.3852316], [2.3075244, 6.384141]]}, "properties": {"kind": "single_owner", "winner": "Logbozounkpa", "color": "#ce4c79", "length_m": 120.8, "virtual": false}}, {"type": "Feature", "geometry": {"type": "LineString", "coordinates": [[2.305665, 6.3854069], [2.3056545, 6.3847297]]}, "properties": {"kind": "single_owner", "winner": "Logbozounkpa", "color": "#ce4c79", "length_m": 74.9, "virtual": false}}, {"type": "Feature", "geometry": {"type": "LineString", "coordinates": [[2.3056545, 6.3847297], [2.306072, 6.3846709]]}, "properties": {"kind": "single_owner", "winner": "Logbozounkpa", "color": "#ce4c79", "length_m": 46.6, "virtual": false}}, {"type": "Feature", "geometry": {"type": "LineString", "coordinates": [[2.3056545, 6.3847297], [2.3055906, 6.3843633]]}, "properties": {"kind": "single_owner", "winner": "Logbozounkpa", "color": "#ce4c79", "length_m": 41.1, "virtual": false}}, {"type": "Feature", "geometry": {"type": "LineString", "coordinates": [[2.3595593, 6.3865072], [2.3595414, 6.386959]]}, "properties": {"kind": "single_owner", "winner": "Agla-Les-Pylônes", "color": "#c74a93", "length_m": 50.0, "virtual": false}}, {"type": "Feature", "geometry": {"type": "LineString", "coordinates": [[2.3595593, 6.3865072], [2.3598332, 6.3864551]]}, "properties": {"kind": "single_owner", "winner": "Agla-Les-Pylônes", "color": "#c74a93", "length_m": 30.8, "virtual": false}}, {"type": "Feature", "geometry": {"type": "LineString", "coordinates": [[2.3595593, 6.3865072], [2.3589324, 6.3864751]]}, "properties": {"kind": "single_owner", "winner": "Agla-Les-Pylônes", "color": "#c74a93", "length_m": 69.4, "virtual": false}}, {"type": "Feature", "geometry": {"type": "LineString", "coordinates": [[2.3725609, 6.38409], [2.372925, 6.3842493]]}, "properties": {"kind": "single_owner", "winner": "Agla-Les-Pylônes", "color": "#c74a93", "length_m": 44.0, "virtual": false}}, {"type": "Feature", "geometry": {"type": "LineString", "coordinates": [[2.3720108, 6.3844737], [2.3727862, 6.3847904]]}, "properties": {"kind": "single_owner", "winner": "Agla-Les-Pylônes", "color": "#c74a93", "length_m": 92.6, "virtual": false}}, {"type": "Feature", "geometry": {"type": "LineString", "coordinates": [[2.3595648, 6.3877901], [2.3592657, 6.3877588]]}, "properties": {"kind": "single_owner", "winner": "Agla-Les-Pylônes", "color": "#c74a93", "length_m": 33.3, "virtual": false}}, {"type": "Feature", "geometry": {"type": "LineString", "coordinates": [[2.3595648, 6.3877901], [2.3595414, 6.386959]]}, "properties": {"kind": "single_owner", "winner": "Agla-Les-Pylônes", "color": "#c74a93", "length_m": 91.9, "virtual": false}}, {"type": "Feature", "geometry": {"type": "LineString", "coordinates": [[2.3595414, 6.386959], [2.3583323, 6.3868059]]}, "properties": {"kind": "single_owner", "winner": "Agla-Les-Pylônes", "color": "#c74a93", "length_m": 134.8, "virtual": false}}, {"type": "Feature", "geometry": {"type": "LineString", "coordinates": [[2.3833836, 6.3860061], [2.3831692, 6.3861156]]}, "properties": {"kind": "single_owner", "winner": "Kouhounou", "color": "#dcca40", "length_m": 26.6, "virtual": false}}, {"type": "Feature", "geometry": {"type": "LineString", "coordinates": [[2.4030759, 6.37475], [2.4032957, 6.3749448]]}, "properties": {"kind": "single_owner", "winner": "Agontinkon", "color": "#db5a43", "length_m": 32.5, "virtual": false}}, {"type": "Feature", "geometry": {"type": "LineString", "coordinates": [[2.4032957, 6.3749448], [2.4030513, 6.3752281]]}, "properties": {"kind": "single_owner", "winner": "Agontinkon", "color": "#db5a43", "length_m": 41.4, "virtual": false}}, {"type": "Feature", "geometry": {"type": "LineString", "coordinates": [[2.3543779, 6.5436381], [2.355101, 6.54411]]}, "properties": {"kind": "single_owner", "winner": "Gbétagbo", "color": "#dc4191", "length_m": 95.5, "virtual": false}}, {"type": "Feature", "geometry": {"type": "LineString", "coordinates": [[2.355101, 6.54411], [2.355233, 6.5441909]]}, "properties": {"kind": "single_owner", "winner": "Gbétagbo", "color": "#dc4191", "length_m": 17.1, "virtual": false}}, {"type": "Feature", "geometry": {"type": "LineString", "coordinates": [[2.355233, 6.5441909], [2.3553604, 6.5442549]]}, "properties": {"kind": "single_owner", "winner": "Gbétagbo", "color": "#dc4191", "length_m": 15.8, "virtual": false}}, {"type": "Feature", "geometry": {"type": "LineString", "coordinates": [[2.4011435, 6.3556564], [2.4011738, 6.3560477]]}, "properties": {"kind": "single_owner", "winner": "Cadjèhoun-Aupiais", "color": "#d6c34a", "length_m": 43.4, "virtual": false}}, {"type": "Feature", "geometry": {"type": "LineString", "coordinates": [[2.4011738, 6.3560477], [2.4011584, 6.3560644]]}, "properties": {"kind": "single_owner", "winner": "Cadjèhoun-Aupiais", "color": "#d6c34a", "length_m": 2.5, "virtual": false}}, {"type": "Feature", "geometry": {"type": "LineString", "coordinates": [[2.4011584, 6.3560644], [2.4011403, 6.3560717]]}, "properties": {"kind": "single_owner", "winner": "Cadjèhoun-Aupiais", "color": "#d6c34a", "length_m": 2.2, "virtual": false}}, {"type": "Feature", "geometry": {"type": "LineString", "coordinates": [[2.4011403, 6.3560717], [2.4009636, 6.3561418]]}, "properties": {"kind": "single_owner", "winner": "Cadjèhoun-Aupiais", "color": "#d6c34a", "length_m": 21.0, "virtual": false}}, {"type": "Feature", "geometry": {"type": "LineString", "coordinates": [[2.3256982, 6.3616107], [2.326867, 6.3615638]]}, "properties": {"kind": "single_owner", "winner": "Togbin-Kpèvi", "color": "#d93da2", "length_m": 129.4, "virtual": false}}, {"type": "Feature", "geometry": {"type": "LineString", "coordinates": [[2.4397291, 6.3558165], [2.4397449, 6.3547395]]}, "properties": {"kind": "single_owner", "winner": "Xwlacôdji-Kpodji", "color": "#41d477", "length_m": 119.1, "virtual": false}}, {"type": "Feature", "geometry": {"type": "LineString", "coordinates": [[2.4397291, 6.3558165], [2.4396814, 6.3562711]]}, "properties": {"kind": "single_owner", "winner": "Xwlacôdji-Kpodji", "color": "#41d477", "length_m": 50.5, "virtual": false}}, {"type": "Feature", "geometry": {"type": "LineString", "coordinates": [[2.339589, 6.3955688], [2.3401174, 6.3957661]]}, "properties": {"kind": "single_owner", "winner": "Salamey", "color": "#7dd24c", "length_m": 62.4, "virtual": false}}, {"type": "Feature", "geometry": {"type": "LineString", "coordinates": [[2.3401174, 6.3957661], [2.3402381, 6.395918]]}, "properties": {"kind": "single_owner", "winner": "Salamey", "color": "#7dd24c", "length_m": 21.5, "virtual": false}}, {"type": "Feature", "geometry": {"type": "LineString", "coordinates": [[2.3402381, 6.395918], [2.3403507, 6.3959447]]}, "properties": {"kind": "single_owner", "winner": "Salamey", "color": "#7dd24c", "length_m": 12.8, "virtual": false}}, {"type": "Feature", "geometry": {"type": "LineString", "coordinates": [[2.3403507, 6.3959447], [2.3405492, 6.3959154]]}, "properties": {"kind": "single_owner", "winner": "Salamey", "color": "#7dd24c", "length_m": 22.2, "virtual": false}}, {"type": "Feature", "geometry": {"type": "LineString", "coordinates": [[2.3405492, 6.3959154], [2.3407933, 6.3958754]]}, "properties": {"kind": "single_owner", "winner": "Salamey", "color": "#7dd24c", "length_m": 27.4, "virtual": false}}, {"type": "Feature", "geometry": {"type": "LineString", "coordinates": [[2.3407933, 6.3958754], [2.341032, 6.3958647]]}, "properties": {"kind": "single_owner", "winner": "Salamey", "color": "#7dd24c", "length_m": 26.4, "virtual": false}}, {"type": "Feature", "geometry": {"type": "LineString", "coordinates": [[2.341032, 6.3958647], [2.341252, 6.395894]]}, "properties": {"kind": "single_owner", "winner": "Salamey", "color": "#7dd24c", "length_m": 24.6, "virtual": false}}, {"type": "Feature", "geometry": {"type": "LineString", "coordinates": [[2.341252, 6.395894], [2.3416087, 6.3959313]]}, "properties": {"kind": "single_owner", "winner": "Salamey", "color": "#7dd24c", "length_m": 39.7, "virtual": false}}, {"type": "Feature", "geometry": {"type": "LineString", "coordinates": [[2.3416087, 6.3959313], [2.3416891, 6.3959447]]}, "properties": {"kind": "single_owner", "winner": "Salamey", "color": "#7dd24c", "length_m": 9.0, "virtual": false}}, {"type": "Feature", "geometry": {"type": "LineString", "coordinates": [[2.3416891, 6.3959447], [2.3417884, 6.3959393]]}, "properties": {"kind": "single_owner", "winner": "Salamey", "color": "#7dd24c", "length_m": 11.0, "virtual": false}}, {"type": "Feature", "geometry": {"type": "LineString", "coordinates": [[2.3417884, 6.3959393], [2.3418501, 6.3959234]]}, "properties": {"kind": "single_owner", "winner": "Salamey", "color": "#7dd24c", "length_m": 7.0, "virtual": false}}, {"type": "Feature", "geometry": {"type": "LineString", "coordinates": [[2.3418501, 6.3959234], [2.3420781, 6.3958434]]}, "properties": {"kind": "single_owner", "winner": "Salamey", "color": "#7dd24c", "length_m": 26.7, "virtual": false}}, {"type": "Feature", "geometry": {"type": "LineString", "coordinates": [[2.3420781, 6.3958434], [2.3426917, 6.3954855]]}, "properties": {"kind": "single_owner", "winner": "Salamey", "color": "#7dd24c", "length_m": 78.6, "virtual": false}}, {"type": "Feature", "geometry": {"type": "LineString", "coordinates": [[2.405843, 6.3761847], [2.4049182, 6.3754531]]}, "properties": {"kind": "single_owner", "winner": "Agontinkon", "color": "#db5a43", "length_m": 130.4, "virtual": false}}, {"type": "Feature", "geometry": {"type": "LineString", "coordinates": [[2.4049182, 6.3754531], [2.4048049, 6.3753785]]}, "properties": {"kind": "single_owner", "winner": "Agontinkon", "color": "#db5a43", "length_m": 15.0, "virtual": false}}, {"type": "Feature", "geometry": {"type": "LineString", "coordinates": [[2.4249143, 6.3606772], [2.4270372, 6.3623519]]}, "properties": {"kind": "single_owner", "winner": "Gbéto", "color": "#d46b41", "length_m": 299.0, "virtual": false}}, {"type": "Feature", "geometry": {"type": "LineString", "coordinates": [[2.3588419, 6.5041167], [2.358771, 6.5055481]]}, "properties": {"kind": "single_owner", "winner": "Akassato", "color": "#d553dc", "length_m": 158.4, "virtual": false}}, {"type": "Feature", "geometry": {"type": "LineString", "coordinates": [[2.4396814, 6.3562711], [2.4396388, 6.3570402]]}, "properties": {"kind": "single_owner", "winner": "Xwlacôdji-Kpodji", "color": "#41d477", "length_m": 85.1, "virtual": false}}, {"type": "Feature", "geometry": {"type": "LineString", "coordinates": [[2.4396814, 6.3562711], [2.4405543, 6.3572048]]}, "properties": {"kind": "single_owner", "winner": "Xwlacôdji-Kpodji", "color": "#41d477", "length_m": 141.3, "virtual": false}}, {"type": "Feature", "geometry": {"type": "LineString", "coordinates": [[2.4249817, 6.356663], [2.4248333, 6.3565127]]}, "properties": {"kind": "single_owner", "winner": "Gbèdiga-Guêdêhounguè", "color": "#abc93d", "length_m": 23.4, "virtual": false}}, {"type": "Feature", "geometry": {"type": "LineString", "coordinates": [[2.4249817, 6.356663], [2.4249691, 6.3566337]]}, "properties": {"kind": "single_owner", "winner": "Gbèdiga-Guêdêhounguè", "color": "#abc93d", "length_m": 3.5, "virtual": false}}, {"type": "Feature", "geometry": {"type": "LineString", "coordinates": [[2.4249691, 6.3566337], [2.4249691, 6.3566213]]}, "properties": {"kind": "single_owner", "winner": "Gbèdiga-Guêdêhounguè", "color": "#abc93d", "length_m": 1.4, "virtual": false}}, {"type": "Feature", "geometry": {"type": "LineString", "coordinates": [[2.4249691, 6.3566213], [2.4249728, 6.3566]]}, "properties": {"kind": "single_owner", "winner": "Gbèdiga-Guêdêhounguè", "color": "#abc93d", "length_m": 2.4, "virtual": false}}, {"type": "Feature", "geometry": {"type": "LineString", "coordinates": [[2.4249728, 6.3566], [2.4249828, 6.356584]]}, "properties": {"kind": "single_owner", "winner": "Gbèdiga-Guêdêhounguè", "color": "#abc93d", "length_m": 2.1, "virtual": false}}, {"type": "Feature", "geometry": {"type": "LineString", "coordinates": [[2.4249828, 6.356584], [2.4249983, 6.356574]]}, "properties": {"kind": "single_owner", "winner": "Gbèdiga-Guêdêhounguè", "color": "#abc93d", "length_m": 2.0, "virtual": false}}, {"type": "Feature", "geometry": {"type": "LineString", "coordinates": [[2.4249983, 6.356574], [2.4250177, 6.3565674]]}, "properties": {"kind": "single_owner", "winner": "Gbèdiga-Guêdêhounguè", "color": "#abc93d", "length_m": 2.3, "virtual": false}}, {"type": "Feature", "geometry": {"type": "LineString", "coordinates": [[2.4250177, 6.3565674], [2.4250348, 6.3565687]]}, "properties": {"kind": "single_owner", "winner": "Gbèdiga-Guêdêhounguè", "color": "#abc93d", "length_m": 1.9, "virtual": false}}, {"type": "Feature", "geometry": {"type": "LineString", "coordinates": [[2.434625, 6.3643134], [2.4331319, 6.3631219]]}, "properties": {"kind": "single_owner", "winner": "Missèbô", "color": "#db4378", "length_m": 211.3, "virtual": false}}, {"type": "Feature", "geometry": {"type": "LineString", "coordinates": [[2.4331319, 6.3631219], [2.4330516, 6.3630552]]}, "properties": {"kind": "single_owner", "winner": "Missèbô", "color": "#db4378", "length_m": 11.5, "virtual": false}}, {"type": "Feature", "geometry": {"type": "LineString", "coordinates": [[2.4331319, 6.3631219], [2.4329728, 6.3633216]]}, "properties": {"kind": "single_owner", "winner": "Missèbô", "color": "#db4378", "length_m": 28.2, "virtual": false}}, {"type": "Feature", "geometry": {"type": "LineString", "coordinates": [[2.4330516, 6.3630552], [2.4326487, 6.363562]]}, "properties": {"kind": "single_owner", "winner": "Missèbô", "color": "#db4378", "length_m": 71.6, "virtual": false}}, {"type": "Feature", "geometry": {"type": "LineString", "coordinates": [[2.4248333, 6.3565127], [2.4247947, 6.3564889]]}, "properties": {"kind": "single_owner", "winner": "Gbèdiga-Guêdêhounguè", "color": "#abc93d", "length_m": 5.0, "virtual": false}}, {"type": "Feature", "geometry": {"type": "LineString", "coordinates": [[2.4247947, 6.3564889], [2.4247411, 6.3564634]]}, "properties": {"kind": "single_owner", "winner": "Gbèdiga-Guêdêhounguè", "color": "#abc93d", "length_m": 6.6, "virtual": false}}, {"type": "Feature", "geometry": {"type": "LineString", "coordinates": [[2.4247411, 6.3564634], [2.4246653, 6.3564449]]}, "properties": {"kind": "single_owner", "winner": "Gbèdiga-Guêdêhounguè", "color": "#abc93d", "length_m": 8.6, "virtual": false}}, {"type": "Feature", "geometry": {"type": "LineString", "coordinates": [[2.4246653, 6.3564449], [2.4246246, 6.3564469]]}, "properties": {"kind": "single_owner", "winner": "Gbèdiga-Guêdêhounguè", "color": "#abc93d", "length_m": 4.5, "virtual": false}}, {"type": "Feature", "geometry": {"type": "LineString", "coordinates": [[2.3618527, 6.5030884], [2.3619184, 6.5031537]]}, "properties": {"kind": "single_owner", "winner": "Akassato", "color": "#d553dc", "length_m": 10.2, "virtual": false}}, {"type": "Feature", "geometry": {"type": "LineString", "coordinates": [[2.3619184, 6.5031537], [2.362023, 6.5032137]]}, "properties": {"kind": "single_owner", "winner": "Akassato", "color": "#d553dc", "length_m": 13.3, "virtual": false}}, {"type": "Feature", "geometry": {"type": "LineString", "coordinates": [[2.362023, 6.5032137], [2.362321, 6.5033703]]}, "properties": {"kind": "single_owner", "winner": "Akassato", "color": "#d553dc", "length_m": 37.2, "virtual": false}}, {"type": "Feature", "geometry": {"type": "LineString", "coordinates": [[2.3787016, 6.3781334], [2.3785916, 6.37824]]}, "properties": {"kind": "single_owner", "winner": "Kouhounou", "color": "#dcca40", "length_m": 16.9, "virtual": false}}, {"type": "Feature", "geometry": {"type": "LineString", "coordinates": [[2.3785916, 6.37824], [2.378473, 6.378364]]}, "properties": {"kind": "single_owner", "winner": "Kouhounou", "color": "#dcca40", "length_m": 19.0, "virtual": false}}, {"type": "Feature", "geometry": {"type": "LineString", "coordinates": [[2.378473, 6.378364], [2.378342, 6.3785487]]}, "properties": {"kind": "single_owner", "winner": "Kouhounou", "color": "#dcca40", "length_m": 25.0, "virtual": false}}, {"type": "Feature", "geometry": {"type": "LineString", "coordinates": [[2.3895178, 6.3560934], [2.3895176, 6.356199]]}, "properties": {"kind": "single_owner", "winner": "Haie-Vive-Cocotiers", "color": "#d6ca4b", "length_m": 11.7, "virtual": false}}, {"type": "Feature", "geometry": {"type": "LineString", "coordinates": [[2.3895178, 6.3560934], [2.3895265, 6.3552357]]}, "properties": {"kind": "single_owner", "winner": "Haie-Vive-Cocotiers", "color": "#d6ca4b", "length_m": 94.8, "virtual": false}}, {"type": "Feature", "geometry": {"type": "LineString", "coordinates": [[2.4342638, 6.359736], [2.4338355, 6.360281]]}, "properties": {"kind": "single_owner", "winner": "Guinkômey", "color": "#bfd743", "length_m": 76.6, "virtual": false}}, {"type": "Feature", "geometry": {"type": "LineString", "coordinates": [[2.4342638, 6.359736], [2.4338019, 6.3593828]]}, "properties": {"kind": "single_owner", "winner": "Guinkômey", "color": "#bfd743", "length_m": 64.3, "virtual": false}}, {"type": "Feature", "geometry": {"type": "LineString", "coordinates": [[2.4338355, 6.360281], [2.4333662, 6.3599272]]}, "properties": {"kind": "single_owner", "winner": "Guinkômey", "color": "#bfd743", "length_m": 65.0, "virtual": false}}, {"type": "Feature", "geometry": {"type": "LineString", "coordinates": [[2.4338019, 6.3593828], [2.4333662, 6.3599272]]}, "properties": {"kind": "single_owner", "winner": "Guinkômey", "color": "#bfd743", "length_m": 77.1, "virtual": false}}, {"type": "Feature", "geometry": {"type": "LineString", "coordinates": [[2.4354673, 6.3639319], [2.433641, 6.3624831]]}, "properties": {"kind": "single_owner", "winner": "Missèbô", "color": "#db4378", "length_m": 257.8, "virtual": false}}, {"type": "Feature", "geometry": {"type": "LineString", "coordinates": [[2.433641, 6.3624831], [2.4340222, 6.3620048]]}, "properties": {"kind": "single_owner", "winner": "Missèbô", "color": "#db4378", "length_m": 67.6, "virtual": false}}, {"type": "Feature", "geometry": {"type": "LineString", "coordinates": [[2.4281155, 6.3692642], [2.4262325, 6.3677761]]}, "properties": {"kind": "single_owner", "winner": "Sèdjro-Saint-Michel", "color": "#dc53ca", "length_m": 265.4, "virtual": false}}, {"type": "Feature", "geometry": {"type": "LineString", "coordinates": [[2.4285938, 6.3686625], [2.4267078, 6.3671718]]}, "properties": {"kind": "single_owner", "winner": "Sèdjro-Saint-Michel", "color": "#dc53ca", "length_m": 265.9, "virtual": false}}, {"type": "Feature", "geometry": {"type": "LineString", "coordinates": [[2.4359447, 6.3653583], [2.4354418, 6.3649491]]}, "properties": {"kind": "single_owner", "winner": "Bocossi-Tokpa", "color": "#ce4bda", "length_m": 71.7, "virtual": false}}, {"type": "Feature", "geometry": {"type": "LineString", "coordinates": [[2.4359447, 6.3653583], [2.4362625, 6.3656076]]}, "properties": {"kind": "single_owner", "winner": "Bocossi-Tokpa", "color": "#ce4bda", "length_m": 44.7, "virtual": false}}, {"type": "Feature", "geometry": {"type": "LineString", "coordinates": [[2.4364288, 6.3657462], [2.4362625, 6.3656076]]}, "properties": {"kind": "single_owner", "winner": "Bocossi-Tokpa", "color": "#ce4bda", "length_m": 23.9, "virtual": false}}, {"type": "Feature", "geometry": {"type": "LineString", "coordinates": [[2.4319629, 6.3645888], [2.4324739, 6.3650158]]}, "properties": {"kind": "single_owner", "winner": "Missèbô", "color": "#db4378", "length_m": 73.6, "virtual": false}}, {"type": "Feature", "geometry": {"type": "LineString", "coordinates": [[2.4319629, 6.3645888], [2.4323403, 6.3641153]]}, "properties": {"kind": "single_owner", "winner": "Missèbô", "color": "#db4378", "length_m": 67.0, "virtual": false}}, {"type": "Feature", "geometry": {"type": "LineString", "coordinates": [[2.4324739, 6.3650158], [2.4328186, 6.3652983]]}, "properties": {"kind": "single_owner", "winner": "Missèbô", "color": "#db4378", "length_m": 49.3, "virtual": false}}, {"type": "Feature", "geometry": {"type": "LineString", "coordinates": [[2.4327256, 6.3636317], [2.4329728, 6.3633216]]}, "properties": {"kind": "single_owner", "winner": "Missèbô", "color": "#db4378", "length_m": 43.9, "virtual": false}}, {"type": "Feature", "geometry": {"type": "LineString", "coordinates": [[2.4327256, 6.3636317], [2.4323403, 6.3641153]]}, "properties": {"kind": "single_owner", "winner": "Missèbô", "color": "#db4378", "length_m": 68.4, "virtual": false}}, {"type": "Feature", "geometry": {"type": "LineString", "coordinates": [[2.3573855, 6.3866887], [2.3567766, 6.3867193]]}, "properties": {"kind": "single_owner", "winner": "Agla-Les-Pylônes", "color": "#c74a93", "length_m": 67.4, "virtual": false}}, {"type": "Feature", "geometry": {"type": "LineString", "coordinates": [[2.3573855, 6.3866887], [2.3579729, 6.3865033]]}, "properties": {"kind": "single_owner", "winner": "Agla-Les-Pylônes", "color": "#c74a93", "length_m": 68.1, "virtual": false}}, {"type": "Feature", "geometry": {"type": "LineString", "coordinates": [[2.3567766, 6.3867193], [2.35679, 6.3866286]]}, "properties": {"kind": "single_owner", "winner": "Agla-Les-Pylônes", "color": "#c74a93", "length_m": 10.1, "virtual": false}}, {"type": "Feature", "geometry": {"type": "LineString", "coordinates": [[2.3567766, 6.3867193], [2.3567649, 6.3875346]]}, "properties": {"kind": "single_owner", "winner": "Agla-Les-Pylônes", "color": "#c74a93", "length_m": 90.1, "virtual": false}}, {"type": "Feature", "geometry": {"type": "LineString", "coordinates": [[2.356605, 6.3865314], [2.3566224, 6.38657]]}, "properties": {"kind": "single_owner", "winner": "Agla-Les-Pylônes", "color": "#c74a93", "length_m": 4.7, "virtual": false}}, {"type": "Feature", "geometry": {"type": "LineString", "coordinates": [[2.3566224, 6.38657], [2.356672, 6.3865927]]}, "properties": {"kind": "single_owner", "winner": "Agla-Les-Pylônes", "color": "#c74a93", "length_m": 6.0, "virtual": false}}, {"type": "Feature", "geometry": {"type": "LineString", "coordinates": [[2.356672, 6.3865927], [2.35679, 6.3866286]]}, "properties": {"kind": "single_owner", "winner": "Agla-Les-Pylônes", "color": "#c74a93", "length_m": 13.6, "virtual": false}}, {"type": "Feature", "geometry": {"type": "LineString", "coordinates": [[2.3567649, 6.3875346], [2.3567591, 6.3876516]]}, "properties": {"kind": "single_owner", "winner": "Agla-Les-Pylônes", "color": "#c74a93", "length_m": 12.9, "virtual": false}}, {"type": "Feature", "geometry": {"type": "LineString", "coordinates": [[2.3630302, 6.5117601], [2.3630328, 6.5120212]]}, "properties": {"kind": "single_owner", "winner": "Akassato", "color": "#d553dc", "length_m": 28.9, "virtual": false}}, {"type": "Feature", "geometry": {"type": "LineString", "coordinates": [[2.3630302, 6.5117601], [2.3630328, 6.5116268]]}, "properties": {"kind": "single_owner", "winner": "Akassato", "color": "#d553dc", "length_m": 14.7, "virtual": false}}, {"type": "Feature", "geometry": {"type": "LineString", "coordinates": [[2.3630302, 6.5117601], [2.3623931, 6.5117196]]}, "properties": {"kind": "single_owner", "winner": "Akassato", "color": "#d553dc", "length_m": 70.6, "virtual": false}}, {"type": "Feature", "geometry": {"type": "LineString", "coordinates": [[2.424466, 6.3769907], [2.4231808, 6.3759721]]}, "properties": {"kind": "single_owner", "winner": "Jéricho-Nord", "color": "#4ac7a3", "length_m": 181.4, "virtual": false}}, {"type": "Feature", "geometry": {"type": "LineString", "coordinates": [[2.4030581, 6.388022], [2.4029092, 6.388156]]}, "properties": {"kind": "single_owner", "winner": "Fifadji", "color": "#a24aca", "length_m": 22.2, "virtual": false}}, {"type": "Feature", "geometry": {"type": "LineString", "coordinates": [[2.4030581, 6.388022], [2.4034573, 6.3876522]]}, "properties": {"kind": "single_owner", "winner": "Fifadji", "color": "#a24aca", "length_m": 60.2, "virtual": false}}, {"type": "Feature", "geometry": {"type": "LineString", "coordinates": [[2.4029092, 6.388156], [2.4028188, 6.388251]]}, "properties": {"kind": "single_owner", "winner": "Fifadji", "color": "#a24aca", "length_m": 14.5, "virtual": false}}, {"type": "Feature", "geometry": {"type": "LineString", "coordinates": [[2.4028188, 6.388251], [2.4026825, 6.388409]]}, "properties": {"kind": "single_owner", "winner": "Fifadji", "color": "#a24aca", "length_m": 23.1, "virtual": false}}, {"type": "Feature", "geometry": {"type": "LineString", "coordinates": [[2.4026825, 6.388409], [2.402743, 6.3884572]]}, "properties": {"kind": "single_owner", "winner": "Fifadji", "color": "#a24aca", "length_m": 8.6, "virtual": false}}, {"type": "Feature", "geometry": {"type": "LineString", "coordinates": [[2.4034573, 6.3876522], [2.4035838, 6.3875216]]}, "properties": {"kind": "single_owner", "winner": "Fifadji", "color": "#a24aca", "length_m": 20.1, "virtual": false}}, {"type": "Feature", "geometry": {"type": "LineString", "coordinates": [[2.4231808, 6.3759721], [2.4230439, 6.3758636]]}, "properties": {"kind": "single_owner", "winner": "Jéricho-Nord", "color": "#4ac7a3", "length_m": 19.3, "virtual": false}}, {"type": "Feature", "geometry": {"type": "LineString", "coordinates": [[2.4426369, 6.3798669], [2.4432188, 6.3798557]]}, "properties": {"kind": "single_owner", "winner": "Midombo", "color": "#50d9b9", "length_m": 64.4, "virtual": false}}, {"type": "Feature", "geometry": {"type": "LineString", "coordinates": [[2.4433363, 6.3798461], [2.4432188, 6.3798557]]}, "properties": {"kind": "single_owner", "winner": "Midombo", "color": "#50d9b9", "length_m": 13.0, "virtual": false}}, {"type": "Feature", "geometry": {"type": "LineString", "coordinates": [[2.4433363, 6.3798461], [2.4445819, 6.3798476]]}, "properties": {"kind": "single_owner", "winner": "Midombo", "color": "#50d9b9", "length_m": 137.8, "virtual": false}}, {"type": "Feature", "geometry": {"type": "LineString", "coordinates": [[2.4413912, 6.3700832], [2.4413614, 6.3702656]]}, "properties": {"kind": "single_owner", "winner": "Dédokpo", "color": "#cf4d46", "length_m": 20.4, "virtual": false}}, {"type": "Feature", "geometry": {"type": "LineString", "coordinates": [[2.4413912, 6.3700832], [2.4414693, 6.3696056]]}, "properties": {"kind": "single_owner", "winner": "Dédokpo", "color": "#cf4d46", "length_m": 53.5, "virtual": false}}, {"type": "Feature", "geometry": {"type": "LineString", "coordinates": [[2.4414693, 6.3696056], [2.441065, 6.3695354]]}, "properties": {"kind": "single_owner", "winner": "Dédokpo", "color": "#cf4d46", "length_m": 45.4, "virtual": false}}, {"type": "Feature", "geometry": {"type": "LineString", "coordinates": [[2.4413614, 6.3702656], [2.4405552, 6.3701246]]}, "properties": {"kind": "single_owner", "winner": "Dédokpo", "color": "#cf4d46", "length_m": 90.5, "virtual": false}}, {"type": "Feature", "geometry": {"type": "LineString", "coordinates": [[2.4389704, 6.3696522], [2.4391479, 6.3696854]]}, "properties": {"kind": "single_owner", "winner": "Dédokpo", "color": "#cf4d46", "length_m": 20.0, "virtual": false}}, {"type": "Feature", "geometry": {"type": "LineString", "coordinates": [[2.4391479, 6.3696854], [2.4392189, 6.3696986]]}, "properties": {"kind": "single_owner", "winner": "Dédokpo", "color": "#cf4d46", "length_m": 8.0, "virtual": false}}, {"type": "Feature", "geometry": {"type": "LineString", "coordinates": [[2.4391479, 6.3696854], [2.4392386, 6.3691764]]}, "properties": {"kind": "single_owner", "winner": "Dédokpo", "color": "#cf4d46", "length_m": 57.2, "virtual": false}}, {"type": "Feature", "geometry": {"type": "LineString", "coordinates": [[2.4392189, 6.3696986], [2.4405874, 6.3699541]]}, "properties": {"kind": "single_owner", "winner": "Dédokpo", "color": "#cf4d46", "length_m": 154.0, "virtual": false}}, {"type": "Feature", "geometry": {"type": "LineString", "coordinates": [[2.4392189, 6.3696986], [2.4391875, 6.3697553]]}, "properties": {"kind": "single_owner", "winner": "Dédokpo", "color": "#cf4d46", "length_m": 7.2, "virtual": false}}, {"type": "Feature", "geometry": {"type": "LineString", "coordinates": [[2.4405874, 6.3699541], [2.4406808, 6.369458]]}, "properties": {"kind": "single_owner", "winner": "Dédokpo", "color": "#cf4d46", "length_m": 55.8, "virtual": false}}, {"type": "Feature", "geometry": {"type": "LineString", "coordinates": [[2.4405874, 6.3699541], [2.4405552, 6.3701246]]}, "properties": {"kind": "single_owner", "winner": "Dédokpo", "color": "#cf4d46", "length_m": 19.2, "virtual": false}}, {"type": "Feature", "geometry": {"type": "LineString", "coordinates": [[2.4635572, 6.3613543], [2.4634669, 6.3622004]]}, "properties": {"kind": "single_owner", "winner": "Fifadji-Houto (Jak)", "color": "#5dda4a", "length_m": 94.1, "virtual": false}}, {"type": "Feature", "geometry": {"type": "LineString", "coordinates": [[2.4635572, 6.3613543], [2.4614911, 6.3611422]]}, "properties": {"kind": "single_owner", "winner": "Fifadji-Houto (Jak)", "color": "#5dda4a", "length_m": 229.8, "virtual": false}}, {"type": "Feature", "geometry": {"type": "LineString", "coordinates": [[2.4634669, 6.3622004], [2.4634361, 6.3625425]]}, "properties": {"kind": "single_owner", "winner": "Fifadji-Houto (Jak)", "color": "#5dda4a", "length_m": 38.0, "virtual": false}}, {"type": "Feature", "geometry": {"type": "LineString", "coordinates": [[2.4496478, 6.3931053], [2.4497497, 6.3930794]]}, "properties": {"kind": "single_owner", "winner": "Agbodjèdo", "color": "#88d040", "length_m": 11.6, "virtual": false}}, {"type": "Feature", "geometry": {"type": "LineString", "coordinates": [[2.4496478, 6.3931053], [2.4495463, 6.3931211]]}, "properties": {"kind": "single_owner", "winner": "Agbodjèdo", "color": "#88d040", "length_m": 11.4, "virtual": false}}, {"type": "Feature", "geometry": {"type": "LineString", "coordinates": [[2.4410663, 6.3770955], [2.4416339, 6.3771236]]}, "properties": {"kind": "single_owner", "winner": "Midombo", "color": "#50d9b9", "length_m": 62.9, "virtual": false}}, {"type": "Feature", "geometry": {"type": "LineString", "coordinates": [[2.4634761, 6.3726977], [2.4628752, 6.3727127]]}, "properties": {"kind": "single_owner", "winner": "Yagbé", "color": "#cc5745", "length_m": 66.5, "virtual": false}}, {"type": "Feature", "geometry": {"type": "LineString", "coordinates": [[2.4580152, 6.3905623], [2.4582829, 6.3905642]]}, "properties": {"kind": "single_owner", "winner": "Gankpodo", "color": "#43d4ca", "length_m": 29.6, "virtual": false}}, {"type": "Feature", "geometry": {"type": "LineString", "coordinates": [[2.4582829, 6.3905642], [2.4582906, 6.3907224]]}, "properties": {"kind": "single_owner", "winner": "Gankpodo", "color": "#43d4ca", "length_m": 17.5, "virtual": false}}, {"type": "Feature", "geometry": {"type": "LineString", "coordinates": [[2.4582829, 6.3905642], [2.4592111, 6.3905472]]}, "properties": {"kind": "single_owner", "winner": "Gankpodo", "color": "#43d4ca", "length_m": 102.7, "virtual": false}}, {"type": "Feature", "geometry": {"type": "LineString", "coordinates": [[2.4251791, 6.3729432], [2.4256376, 6.372361]]}, "properties": {"kind": "single_owner", "winner": "Jéricho-Nord", "color": "#4ac7a3", "length_m": 81.9, "virtual": false}}, {"type": "Feature", "geometry": {"type": "LineString", "coordinates": [[2.4082508, 6.3947206], [2.4077492, 6.3944594]]}, "properties": {"kind": "single_owner", "winner": "Vossa-Kpodji", "color": "#d53da7", "length_m": 62.6, "virtual": false}}, {"type": "Feature", "geometry": {"type": "LineString", "coordinates": [[2.4082508, 6.3947206], [2.4080316, 6.3950571]]}, "properties": {"kind": "single_owner", "winner": "Vossa-Kpodji", "color": "#d53da7", "length_m": 44.4, "virtual": false}}, {"type": "Feature", "geometry": {"type": "LineString", "coordinates": [[2.4077492, 6.3944594], [2.4073297, 6.3942063]]}, "properties": {"kind": "single_owner", "winner": "Vossa-Kpodji", "color": "#d53da7", "length_m": 54.2, "virtual": false}}, {"type": "Feature", "geometry": {"type": "LineString", "coordinates": [[2.4073297, 6.3942063], [2.4070653, 6.3940468]]}, "properties": {"kind": "single_owner", "winner": "Vossa-Kpodji", "color": "#d53da7", "length_m": 34.2, "virtual": false}}, {"type": "Feature", "geometry": {"type": "LineString", "coordinates": [[2.4073297, 6.3942063], [2.4077453, 6.393697]]}, "properties": {"kind": "single_owner", "winner": "Vossa-Kpodji", "color": "#d53da7", "length_m": 72.7, "virtual": false}}, {"type": "Feature", "geometry": {"type": "LineString", "coordinates": [[2.4082871, 6.3931219], [2.4080745, 6.3933278]]}, "properties": {"kind": "single_owner", "winner": "Vossa-Kpodji", "color": "#d53da7", "length_m": 32.7, "virtual": false}}, {"type": "Feature", "geometry": {"type": "LineString", "coordinates": [[2.4080745, 6.3933278], [2.4080021, 6.3934084]]}, "properties": {"kind": "single_owner", "winner": "Vossa-Kpodji", "color": "#d53da7", "length_m": 12.0, "virtual": false}}, {"type": "Feature", "geometry": {"type": "LineString", "coordinates": [[2.4080021, 6.3934084], [2.4078794, 6.3935377]]}, "properties": {"kind": "single_owner", "winner": "Vossa-Kpodji", "color": "#d53da7", "length_m": 19.7, "virtual": false}}, {"type": "Feature", "geometry": {"type": "LineString", "coordinates": [[2.4078794, 6.3935377], [2.4077453, 6.393697]]}, "properties": {"kind": "single_owner", "winner": "Vossa-Kpodji", "color": "#d53da7", "length_m": 23.0, "virtual": false}}, {"type": "Feature", "geometry": {"type": "LineString", "coordinates": [[2.3725745, 6.3864917], [2.3723331, 6.386593]]}, "properties": {"kind": "single_owner", "winner": "Mènontin", "color": "#93d64b", "length_m": 29.0, "virtual": false}}, {"type": "Feature", "geometry": {"type": "LineString", "coordinates": [[2.3723331, 6.386593], [2.3721051, 6.386677]]}, "properties": {"kind": "single_owner", "winner": "Mènontin", "color": "#93d64b", "length_m": 26.9, "virtual": false}}, {"type": "Feature", "geometry": {"type": "LineString", "coordinates": [[2.3636829, 6.3887001], [2.3631653, 6.3887694]]}, "properties": {"kind": "single_owner", "winner": "Mènontin", "color": "#93d64b", "length_m": 57.8, "virtual": false}}, {"type": "Feature", "geometry": {"type": "LineString", "coordinates": [[2.3631653, 6.3887694], [2.3630372, 6.388788]]}, "properties": {"kind": "single_owner", "winner": "Mènontin", "color": "#93d64b", "length_m": 14.3, "virtual": false}}, {"type": "Feature", "geometry": {"type": "LineString", "coordinates": [[2.372925, 6.3842493], [2.3728333, 6.384619]]}, "properties": {"kind": "single_owner", "winner": "Agla-Les-Pylônes", "color": "#c74a93", "length_m": 42.1, "virtual": false}}, {"type": "Feature", "geometry": {"type": "LineString", "coordinates": [[2.3895265, 6.3562445], [2.3895176, 6.356199]]}, "properties": {"kind": "single_owner", "winner": "Haie-Vive-Cocotiers", "color": "#d6ca4b", "length_m": 5.1, "virtual": false}}, {"type": "Feature", "geometry": {"type": "LineString", "coordinates": [[2.3895265, 6.3562445], [2.3895666, 6.3562803]]}, "properties": {"kind": "single_owner", "winner": "Haie-Vive-Cocotiers", "color": "#d6ca4b", "length_m": 5.9, "virtual": false}}, {"type": "Feature", "geometry": {"type": "LineString", "coordinates": [[2.3901895, 6.3567764], [2.3895666, 6.3562803]]}, "properties": {"kind": "single_owner", "winner": "Haie-Vive-Cocotiers", "color": "#d6ca4b", "length_m": 88.1, "virtual": false}}, {"type": "Feature", "geometry": {"type": "LineString", "coordinates": [[2.3387253, 6.4298929], [2.3387387, 6.4298489]]}, "properties": {"kind": "single_owner", "winner": "Zogbadjè", "color": "#de47cf", "length_m": 5.1, "virtual": false}}, {"type": "Feature", "geometry": {"type": "LineString", "coordinates": [[2.3387387, 6.4298489], [2.3387696, 6.4298209]]}, "properties": {"kind": "single_owner", "winner": "Zogbadjè", "color": "#de47cf", "length_m": 4.6, "virtual": false}}, {"type": "Feature", "geometry": {"type": "LineString", "coordinates": [[2.3387696, 6.4298209], [2.3390579, 6.4298049]]}, "properties": {"kind": "single_owner", "winner": "Zogbadjè", "color": "#de47cf", "length_m": 31.9, "virtual": false}}, {"type": "Feature", "geometry": {"type": "LineString", "coordinates": [[2.3390579, 6.4298049], [2.3393758, 6.4297916]]}, "properties": {"kind": "single_owner", "winner": "Zogbadjè", "color": "#de47cf", "length_m": 35.2, "virtual": false}}, {"type": "Feature", "geometry": {"type": "LineString", "coordinates": [[2.3393758, 6.4297916], [2.3394857, 6.4297876]]}, "properties": {"kind": "single_owner", "winner": "Zogbadjè", "color": "#de47cf", "length_m": 12.2, "virtual": false}}, {"type": "Feature", "geometry": {"type": "LineString", "coordinates": [[2.3394857, 6.4297876], [2.3397472, 6.4297663]]}, "properties": {"kind": "single_owner", "winner": "Zogbadjè", "color": "#de47cf", "length_m": 29.0, "virtual": false}}, {"type": "Feature", "geometry": {"type": "LineString", "coordinates": [[2.3397472, 6.4297663], [2.3399632, 6.4297476]]}, "properties": {"kind": "single_owner", "winner": "Zogbadjè", "color": "#de47cf", "length_m": 24.0, "virtual": false}}, {"type": "Feature", "geometry": {"type": "LineString", "coordinates": [[2.3393624, 6.4302161], [2.3399243, 6.4301908]]}, "properties": {"kind": "single_owner", "winner": "Zogbadjè", "color": "#de47cf", "length_m": 62.2, "virtual": false}}, {"type": "Feature", "geometry": {"type": "LineString", "coordinates": [[2.3399243, 6.4301908], [2.3401328, 6.4301921]]}, "properties": {"kind": "single_owner", "winner": "Zogbadjè", "color": "#de47cf", "length_m": 23.1, "virtual": false}}, {"type": "Feature", "geometry": {"type": "LineString", "coordinates": [[2.4258982, 6.3722231], [2.4257272, 6.3724412]]}, "properties": {"kind": "single_owner", "winner": "Jéricho-Nord", "color": "#4ac7a3", "length_m": 30.6, "virtual": false}}, {"type": "Feature", "geometry": {"type": "LineString", "coordinates": [[2.3565486, 6.3893848], [2.3563829, 6.3894154]]}, "properties": {"kind": "single_owner", "winner": "Mènontin", "color": "#93d64b", "length_m": 18.6, "virtual": false}}, {"type": "Feature", "geometry": {"type": "LineString", "coordinates": [[2.3563829, 6.3894154], [2.3562509, 6.3894541]]}, "properties": {"kind": "single_owner", "winner": "Mènontin", "color": "#93d64b", "length_m": 15.2, "virtual": false}}, {"type": "Feature", "geometry": {"type": "LineString", "coordinates": [[2.3106856, 6.4374664], [2.3106345, 6.4374211]]}, "properties": {"kind": "single_owner", "winner": "Houèto", "color": "#de47d2", "length_m": 7.6, "virtual": false}}, {"type": "Feature", "geometry": {"type": "LineString", "coordinates": [[2.3105345, 6.4373047], [2.3105582, 6.4373544]]}, "properties": {"kind": "single_owner", "winner": "Houèto", "color": "#de47d2", "length_m": 6.1, "virtual": false}}, {"type": "Feature", "geometry": {"type": "LineString", "coordinates": [[2.3105345, 6.4373047], [2.3106721, 6.436872]]}, "properties": {"kind": "single_owner", "winner": "Houèto", "color": "#de47d2", "length_m": 50.2, "virtual": false}}, {"type": "Feature", "geometry": {"type": "LineString", "coordinates": [[2.3105582, 6.4373544], [2.3106345, 6.4374211]]}, "properties": {"kind": "single_owner", "winner": "Houèto", "color": "#de47d2", "length_m": 11.2, "virtual": false}}, {"type": "Feature", "geometry": {"type": "LineString", "coordinates": [[2.3725424, 6.3863877], [2.3723817, 6.3864767]]}, "properties": {"kind": "single_owner", "winner": "Mènontin", "color": "#93d64b", "length_m": 20.3, "virtual": false}}, {"type": "Feature", "geometry": {"type": "LineString", "coordinates": [[2.3723817, 6.3864767], [2.3722298, 6.3865476]]}, "properties": {"kind": "single_owner", "winner": "Mènontin", "color": "#93d64b", "length_m": 18.5, "virtual": false}}, {"type": "Feature", "geometry": {"type": "LineString", "coordinates": [[2.3722298, 6.3865476], [2.3720491, 6.3866153]]}, "properties": {"kind": "single_owner", "winner": "Mènontin", "color": "#93d64b", "length_m": 21.3, "virtual": false}}, {"type": "Feature", "geometry": {"type": "LineString", "coordinates": [[2.3720491, 6.3866153], [2.3718516, 6.3866743]]}, "properties": {"kind": "single_owner", "winner": "Mènontin", "color": "#93d64b", "length_m": 22.8, "virtual": false}}, {"type": "Feature", "geometry": {"type": "LineString", "coordinates": [[2.3718516, 6.3866743], [2.368809, 6.387407]]}, "properties": {"kind": "single_owner", "winner": "Mènontin", "color": "#93d64b", "length_m": 346.2, "virtual": false}}, {"type": "Feature", "geometry": {"type": "LineString", "coordinates": [[2.368809, 6.387407], [2.3675966, 6.3876975]]}, "properties": {"kind": "single_owner", "winner": "Mènontin", "color": "#93d64b", "length_m": 137.9, "virtual": false}}, {"type": "Feature", "geometry": {"type": "LineString", "coordinates": [[2.3675966, 6.3876975], [2.3665183, 6.3879881]]}, "properties": {"kind": "single_owner", "winner": "Mènontin", "color": "#93d64b", "length_m": 123.5, "virtual": false}}, {"type": "Feature", "geometry": {"type": "LineString", "coordinates": [[2.3665183, 6.3879881], [2.3658009, 6.388188]]}, "properties": {"kind": "single_owner", "winner": "Mènontin", "color": "#93d64b", "length_m": 82.4, "virtual": false}}, {"type": "Feature", "geometry": {"type": "LineString", "coordinates": [[2.3658009, 6.388188], [2.3654066, 6.3882866]]}, "properties": {"kind": "single_owner", "winner": "Mènontin", "color": "#93d64b", "length_m": 45.0, "virtual": false}}, {"type": "Feature", "geometry": {"type": "LineString", "coordinates": [[2.3654066, 6.3882866], [2.3649493, 6.3883812]]}, "properties": {"kind": "single_owner", "winner": "Mènontin", "color": "#93d64b", "length_m": 51.7, "virtual": false}}, {"type": "Feature", "geometry": {"type": "LineString", "coordinates": [[2.3638898, 6.3885973], [2.3635559, 6.3886345]]}, "properties": {"kind": "single_owner", "winner": "Mènontin", "color": "#93d64b", "length_m": 37.2, "virtual": false}}, {"type": "Feature", "geometry": {"type": "LineString", "coordinates": [[2.3635559, 6.3886345], [2.3630812, 6.3886944]]}, "properties": {"kind": "single_owner", "winner": "Mènontin", "color": "#93d64b", "length_m": 52.9, "virtual": false}}, {"type": "Feature", "geometry": {"type": "LineString", "coordinates": [[2.3630812, 6.3886944], [2.3604398, 6.3889856]]}, "properties": {"kind": "single_owner", "winner": "Mènontin", "color": "#93d64b", "length_m": 294.0, "virtual": false}}, {"type": "Feature", "geometry": {"type": "LineString", "coordinates": [[2.3604398, 6.3889856], [2.3590592, 6.3891316]]}, "properties": {"kind": "single_owner", "winner": "Mènontin", "color": "#93d64b", "length_m": 153.6, "virtual": false}}, {"type": "Feature", "geometry": {"type": "LineString", "coordinates": [[2.3590592, 6.3891316], [2.3573103, 6.3893022]]}, "properties": {"kind": "single_owner", "winner": "Mènontin", "color": "#93d64b", "length_m": 194.4, "virtual": false}}, {"type": "Feature", "geometry": {"type": "LineString", "coordinates": [[2.4281998, 6.3892795], [2.4281026, 6.3892738]]}, "properties": {"kind": "single_owner", "winner": "Ahouansori-Towéta", "color": "#d1713e", "length_m": 10.8, "virtual": false}}, {"type": "Feature", "geometry": {"type": "LineString", "coordinates": [[2.4241026, 6.37431], [2.4227311, 6.3732177]]}, "properties": {"kind": "single_owner", "winner": "Fignon-Sikê", "color": "#de4cd6", "length_m": 193.9, "virtual": false}}, {"type": "Feature", "geometry": {"type": "LineString", "coordinates": [[2.4268191, 6.3708607], [2.426628, 6.3705484]]}, "properties": {"kind": "single_owner", "winner": "Jéricho-Nord", "color": "#4ac7a3", "length_m": 40.5, "virtual": false}}, {"type": "Feature", "geometry": {"type": "LineString", "coordinates": [[2.396924, 6.3914613], [2.3969352, 6.3915172]]}, "properties": {"kind": "single_owner", "winner": "Fifadji", "color": "#a24aca", "length_m": 6.3, "virtual": false}}, {"type": "Feature", "geometry": {"type": "LineString", "coordinates": [[2.3604861, 6.5696158], [2.3601401, 6.5696851]]}, "properties": {"kind": "single_owner", "winner": "Kpodji-Les-Monts", "color": "#d83eb2", "length_m": 39.0, "virtual": false}}, {"type": "Feature", "geometry": {"type": "LineString", "coordinates": [[2.3601401, 6.5696851], [2.360014, 6.5696905]]}, "properties": {"kind": "single_owner", "winner": "Kpodji-Les-Monts", "color": "#d83eb2", "length_m": 14.0, "virtual": false}}, {"type": "Feature", "geometry": {"type": "LineString", "coordinates": [[2.360014, 6.5696905], [2.359896, 6.5696958]]}, "properties": {"kind": "single_owner", "winner": "Kpodji-Les-Monts", "color": "#d83eb2", "length_m": 13.1, "virtual": false}}, {"type": "Feature", "geometry": {"type": "LineString", "coordinates": [[2.359896, 6.5696958], [2.3596827, 6.5696758]]}, "properties": {"kind": "single_owner", "winner": "Kpodji-Les-Monts", "color": "#d83eb2", "length_m": 23.7, "virtual": false}}, {"type": "Feature", "geometry": {"type": "LineString", "coordinates": [[2.3596827, 6.5696758], [2.3597431, 6.5699875]]}, "properties": {"kind": "single_owner", "winner": "Kpodji-Les-Monts", "color": "#d83eb2", "length_m": 35.1, "virtual": false}}, {"type": "Feature", "geometry": {"type": "LineString", "coordinates": [[2.3596827, 6.5696758], [2.3595124, 6.5696212]]}, "properties": {"kind": "single_owner", "winner": "Kpodji-Les-Monts", "color": "#d83eb2", "length_m": 19.8, "virtual": false}}, {"type": "Feature", "geometry": {"type": "LineString", "coordinates": [[2.3595124, 6.5696212], [2.3591557, 6.5694773]]}, "properties": {"kind": "single_owner", "winner": "Kpodji-Les-Monts", "color": "#d83eb2", "length_m": 42.5, "virtual": false}}, {"type": "Feature", "geometry": {"type": "LineString", "coordinates": [[2.3591557, 6.5694773], [2.3588902, 6.5693227]]}, "properties": {"kind": "single_owner", "winner": "Kpodji-Les-Monts", "color": "#d83eb2", "length_m": 34.0, "virtual": false}}, {"type": "Feature", "geometry": {"type": "LineString", "coordinates": [[2.3588902, 6.5693227], [2.358689, 6.5691841]]}, "properties": {"kind": "single_owner", "winner": "Kpodji-Les-Monts", "color": "#d83eb2", "length_m": 27.0, "virtual": false}}, {"type": "Feature", "geometry": {"type": "LineString", "coordinates": [[2.358689, 6.5691841], [2.3585254, 6.569003]]}, "properties": {"kind": "single_owner", "winner": "Kpodji-Les-Monts", "color": "#d83eb2", "length_m": 27.0, "virtual": false}}, {"type": "Feature", "geometry": {"type": "LineString", "coordinates": [[2.3585254, 6.569003], [2.3583913, 6.5688484]]}, "properties": {"kind": "single_owner", "winner": "Kpodji-Les-Monts", "color": "#d83eb2", "length_m": 22.6, "virtual": false}}, {"type": "Feature", "geometry": {"type": "LineString", "coordinates": [[2.3583913, 6.5688484], [2.3582035, 6.5686566]]}, "properties": {"kind": "single_owner", "winner": "Kpodji-Les-Monts", "color": "#d83eb2", "length_m": 29.7, "virtual": false}}, {"type": "Feature", "geometry": {"type": "LineString", "coordinates": [[2.3582035, 6.5686566], [2.3581257, 6.568566]]}, "properties": {"kind": "single_owner", "winner": "Kpodji-Les-Monts", "color": "#d83eb2", "length_m": 13.2, "virtual": false}}, {"type": "Feature", "geometry": {"type": "LineString", "coordinates": [[2.3581257, 6.568566], [2.3580989, 6.5685127]]}, "properties": {"kind": "single_owner", "winner": "Kpodji-Les-Monts", "color": "#d83eb2", "length_m": 6.6, "virtual": false}}, {"type": "Feature", "geometry": {"type": "LineString", "coordinates": [[2.3580989, 6.5685127], [2.3580801, 6.5683901]]}, "properties": {"kind": "single_owner", "winner": "Kpodji-Les-Monts", "color": "#d83eb2", "length_m": 13.7, "virtual": false}}, {"type": "Feature", "geometry": {"type": "LineString", "coordinates": [[2.3580801, 6.5683901], [2.3580238, 6.5682489]]}, "properties": {"kind": "single_owner", "winner": "Kpodji-Les-Monts", "color": "#d83eb2", "length_m": 16.8, "virtual": false}}, {"type": "Feature", "geometry": {"type": "LineString", "coordinates": [[2.3580238, 6.5682489], [2.357761, 6.5679105]]}, "properties": {"kind": "single_owner", "winner": "Kpodji-Les-Monts", "color": "#d83eb2", "length_m": 47.4, "virtual": false}}, {"type": "Feature", "geometry": {"type": "LineString", "coordinates": [[2.357761, 6.5679105], [2.3576429, 6.5677693]]}, "properties": {"kind": "single_owner", "winner": "Kpodji-Les-Monts", "color": "#d83eb2", "length_m": 20.4, "virtual": false}}, {"type": "Feature", "geometry": {"type": "LineString", "coordinates": [[2.3576429, 6.5677693], [2.3575947, 6.567644]]}, "properties": {"kind": "single_owner", "winner": "Kpodji-Les-Monts", "color": "#d83eb2", "length_m": 14.8, "virtual": false}}, {"type": "Feature", "geometry": {"type": "LineString", "coordinates": [[2.3575947, 6.567644], [2.3575625, 6.5674895]]}, "properties": {"kind": "single_owner", "winner": "Kpodji-Les-Monts", "color": "#d83eb2", "length_m": 17.4, "virtual": false}}, {"type": "Feature", "geometry": {"type": "LineString", "coordinates": [[2.3575625, 6.5674895], [2.3575571, 6.5673482]]}, "properties": {"kind": "single_owner", "winner": "Kpodji-Les-Monts", "color": "#d83eb2", "length_m": 15.6, "virtual": false}}, {"type": "Feature", "geometry": {"type": "LineString", "coordinates": [[2.3575625, 6.5674895], [2.3577878, 6.5673909]]}, "properties": {"kind": "single_owner", "winner": "Kpodji-Les-Monts", "color": "#d83eb2", "length_m": 27.2, "virtual": false}}, {"type": "Feature", "geometry": {"type": "LineString", "coordinates": [[2.3575625, 6.5674895], [2.3574686, 6.5675428]]}, "properties": {"kind": "single_owner", "winner": "Kpodji-Les-Monts", "color": "#d83eb2", "length_m": 11.9, "virtual": false}}, {"type": "Feature", "geometry": {"type": "LineString", "coordinates": [[2.3575571, 6.5673482], [2.3575222, 6.5670951]]}, "properties": {"kind": "single_owner", "winner": "Kpodji-Les-Monts", "color": "#d83eb2", "length_m": 28.2, "virtual": false}}, {"type": "Feature", "geometry": {"type": "LineString", "coordinates": [[2.3575222, 6.5670951], [2.3574659, 6.5669619]]}, "properties": {"kind": "single_owner", "winner": "Kpodji-Les-Monts", "color": "#d83eb2", "length_m": 16.0, "virtual": false}}, {"type": "Feature", "geometry": {"type": "LineString", "coordinates": [[2.3574659, 6.5669619], [2.3573479, 6.5668206]]}, "properties": {"kind": "single_owner", "winner": "Kpodji-Les-Monts", "color": "#d83eb2", "length_m": 20.4, "virtual": false}}, {"type": "Feature", "geometry": {"type": "LineString", "coordinates": [[2.3573479, 6.5668206], [2.3572111, 6.5666954]]}, "properties": {"kind": "single_owner", "winner": "Kpodji-Les-Monts", "color": "#d83eb2", "length_m": 20.5, "virtual": false}}, {"type": "Feature", "geometry": {"type": "LineString", "coordinates": [[2.3572111, 6.5666954], [2.3571481, 6.5666195]]}, "properties": {"kind": "single_owner", "winner": "Kpodji-Les-Monts", "color": "#d83eb2", "length_m": 10.9, "virtual": false}}, {"type": "Feature", "geometry": {"type": "LineString", "coordinates": [[2.3571481, 6.5666195], [2.3571387, 6.5665675]]}, "properties": {"kind": "single_owner", "winner": "Kpodji-Les-Monts", "color": "#d83eb2", "length_m": 5.8, "virtual": false}}, {"type": "Feature", "geometry": {"type": "LineString", "coordinates": [[2.3571387, 6.5665675], [2.3571521, 6.5664743]]}, "properties": {"kind": "single_owner", "winner": "Kpodji-Les-Monts", "color": "#d83eb2", "length_m": 10.4, "virtual": false}}, {"type": "Feature", "geometry": {"type": "LineString", "coordinates": [[2.3571521, 6.5664743], [2.3571682, 6.5663357]]}, "properties": {"kind": "single_owner", "winner": "Kpodji-Les-Monts", "color": "#d83eb2", "length_m": 15.4, "virtual": false}}, {"type": "Feature", "geometry": {"type": "LineString", "coordinates": [[2.3571682, 6.5663357], [2.3571655, 6.5662717]]}, "properties": {"kind": "single_owner", "winner": "Kpodji-Les-Monts", "color": "#d83eb2", "length_m": 7.1, "virtual": false}}, {"type": "Feature", "geometry": {"type": "LineString", "coordinates": [[2.3571655, 6.5662717], [2.3571306, 6.5661492]]}, "properties": {"kind": "single_owner", "winner": "Kpodji-Les-Monts", "color": "#d83eb2", "length_m": 14.1, "virtual": false}}, {"type": "Feature", "geometry": {"type": "LineString", "coordinates": [[2.3571306, 6.5661492], [2.3570663, 6.5660133]]}, "properties": {"kind": "single_owner", "winner": "Kpodji-Les-Monts", "color": "#d83eb2", "length_m": 16.6, "virtual": false}}, {"type": "Feature", "geometry": {"type": "LineString", "coordinates": [[2.3570663, 6.5660133], [2.3569134, 6.5658134]]}, "properties": {"kind": "single_owner", "winner": "Kpodji-Les-Monts", "color": "#d83eb2", "length_m": 27.8, "virtual": false}}, {"type": "Feature", "geometry": {"type": "LineString", "coordinates": [[2.3569134, 6.5658134], [2.3567632, 6.5656189]]}, "properties": {"kind": "single_owner", "winner": "Kpodji-Les-Monts", "color": "#d83eb2", "length_m": 27.2, "virtual": false}}, {"type": "Feature", "geometry": {"type": "LineString", "coordinates": [[2.3426406, 6.5211546], [2.3428209, 6.5210788]]}, "properties": {"kind": "single_owner", "winner": "Adjagbo", "color": "#cd3f8f", "length_m": 21.6, "virtual": false}}, {"type": "Feature", "geometry": {"type": "LineString", "coordinates": [[2.3428209, 6.5210788], [2.3429085, 6.5210545]]}, "properties": {"kind": "single_owner", "winner": "Adjagbo", "color": "#cd3f8f", "length_m": 10.1, "virtual": false}}, {"type": "Feature", "geometry": {"type": "LineString", "coordinates": [[2.3429085, 6.5210545], [2.3427567, 6.5216934]]}, "properties": {"kind": "single_owner", "winner": "Adjagbo", "color": "#cd3f8f", "length_m": 72.6, "virtual": false}}, {"type": "Feature", "geometry": {"type": "LineString", "coordinates": [[2.3180696, 6.4300434], [2.3178765, 6.4301874]]}, "properties": {"kind": "single_owner", "winner": "Tankpè-Tanmè", "color": "#ce4b74", "length_m": 26.6, "virtual": false}}, {"type": "Feature", "geometry": {"type": "LineString", "coordinates": [[2.3180696, 6.4300434], [2.3181394, 6.4299902]]}, "properties": {"kind": "single_owner", "winner": "Tankpè-Tanmè", "color": "#ce4b74", "length_m": 9.7, "virtual": false}}, {"type": "Feature", "geometry": {"type": "LineString", "coordinates": [[2.3180696, 6.4300434], [2.3177424, 6.4294758]]}, "properties": {"kind": "single_owner", "winner": "Tankpè-Tanmè", "color": "#ce4b74", "length_m": 72.4, "virtual": false}}, {"type": "Feature", "geometry": {"type": "LineString", "coordinates": [[2.3181394, 6.4299902], [2.3183178, 6.4298649]]}, "properties": {"kind": "single_owner", "winner": "Tankpè-Tanmè", "color": "#ce4b74", "length_m": 24.1, "virtual": false}}, {"type": "Feature", "geometry": {"type": "LineString", "coordinates": [[2.3183178, 6.4298649], [2.3183271, 6.4297862]]}, "properties": {"kind": "single_owner", "winner": "Tankpè-Tanmè", "color": "#ce4b74", "length_m": 8.8, "virtual": false}}, {"type": "Feature", "geometry": {"type": "LineString", "coordinates": [[2.3183271, 6.4297862], [2.3183271, 6.4297063]]}, "properties": {"kind": "single_owner", "winner": "Tankpè-Tanmè", "color": "#ce4b74", "length_m": 8.8, "virtual": false}}, {"type": "Feature", "geometry": {"type": "LineString", "coordinates": [[2.3183271, 6.4297063], [2.3183204, 6.4296436]]}, "properties": {"kind": "single_owner", "winner": "Tankpè-Tanmè", "color": "#ce4b74", "length_m": 7.0, "virtual": false}}, {"type": "Feature", "geometry": {"type": "LineString", "coordinates": [[2.3183204, 6.4296436], [2.3183044, 6.429565]]}, "properties": {"kind": "single_owner", "winner": "Tankpè-Tanmè", "color": "#ce4b74", "length_m": 8.9, "virtual": false}}, {"type": "Feature", "geometry": {"type": "LineString", "coordinates": [[2.3183044, 6.429565], [2.318256, 6.4294944]]}, "properties": {"kind": "single_owner", "winner": "Tankpè-Tanmè", "color": "#ce4b74", "length_m": 9.5, "virtual": false}}, {"type": "Feature", "geometry": {"type": "LineString", "coordinates": [[2.318256, 6.4294944], [2.3182068, 6.4294045]]}, "properties": {"kind": "single_owner", "winner": "Tankpè-Tanmè", "color": "#ce4b74", "length_m": 11.3, "virtual": false}}, {"type": "Feature", "geometry": {"type": "LineString", "coordinates": [[2.3182068, 6.4294045], [2.3179905, 6.4290093]]}, "properties": {"kind": "single_owner", "winner": "Tankpè-Tanmè", "color": "#ce4b74", "length_m": 49.8, "virtual": false}}, {"type": "Feature", "geometry": {"type": "LineString", "coordinates": [[2.3179905, 6.4290093], [2.3178694, 6.4287677]]}, "properties": {"kind": "single_owner", "winner": "Tankpè-Tanmè", "color": "#ce4b74", "length_m": 29.9, "virtual": false}}, {"type": "Feature", "geometry": {"type": "LineString", "coordinates": [[2.3178694, 6.4287677], [2.3178188, 6.4286668]]}, "properties": {"kind": "single_owner", "winner": "Tankpè-Tanmè", "color": "#ce4b74", "length_m": 12.5, "virtual": false}}, {"type": "Feature", "geometry": {"type": "LineString", "coordinates": [[2.3178188, 6.4286668], [2.3176539, 6.4283896]]}, "properties": {"kind": "single_owner", "winner": "Tankpè-Tanmè", "color": "#ce4b74", "length_m": 35.7, "virtual": false}}, {"type": "Feature", "geometry": {"type": "LineString", "coordinates": [[2.3173857, 6.4288721], [2.3170417, 6.4293676]]}, "properties": {"kind": "single_owner", "winner": "Tankpè-Tanmè", "color": "#ce4b74", "length_m": 66.7, "virtual": false}}, {"type": "Feature", "geometry": {"type": "LineString", "coordinates": [[2.3173857, 6.4288721], [2.3177424, 6.4294758]]}, "properties": {"kind": "single_owner", "winner": "Tankpè-Tanmè", "color": "#ce4b74", "length_m": 77.5, "virtual": false}}, {"type": "Feature", "geometry": {"type": "LineString", "coordinates": [[2.3169726, 6.4293132], [2.3170417, 6.4293676]]}, "properties": {"kind": "single_owner", "winner": "Tankpè-Tanmè", "color": "#ce4b74", "length_m": 9.7, "virtual": false}}, {"type": "Feature", "geometry": {"type": "LineString", "coordinates": [[2.3170417, 6.4293676], [2.3172945, 6.4295664]]}, "properties": {"kind": "single_owner", "winner": "Tankpè-Tanmè", "color": "#ce4b74", "length_m": 35.6, "virtual": false}}, {"type": "Feature", "geometry": {"type": "LineString", "coordinates": [[2.3172945, 6.4295664], [2.3174608, 6.429689]]}, "properties": {"kind": "single_owner", "winner": "Tankpè-Tanmè", "color": "#ce4b74", "length_m": 22.9, "virtual": false}}, {"type": "Feature", "geometry": {"type": "LineString", "coordinates": [[2.3174608, 6.429689], [2.3175734, 6.4297556]]}, "properties": {"kind": "single_owner", "winner": "Tankpè-Tanmè", "color": "#ce4b74", "length_m": 14.5, "virtual": false}}, {"type": "Feature", "geometry": {"type": "LineString", "coordinates": [[2.3648233, 6.3801419], [2.3633171, 6.3801687]]}, "properties": {"kind": "single_owner", "winner": "Agla-Les-Pylônes", "color": "#c74a93", "length_m": 166.7, "virtual": false}}, {"type": "Feature", "geometry": {"type": "LineString", "coordinates": [[2.3418152, 6.401914], [2.3420978, 6.4019937]]}, "properties": {"kind": "single_owner", "winner": "Godomey-Togoudo", "color": "#c93d4b", "length_m": 32.5, "virtual": false}}, {"type": "Feature", "geometry": {"type": "LineString", "coordinates": [[2.3420978, 6.4019937], [2.3426038, 6.4020214]]}, "properties": {"kind": "single_owner", "winner": "Godomey-Togoudo", "color": "#c93d4b", "length_m": 56.1, "virtual": false}}, {"type": "Feature", "geometry": {"type": "LineString", "coordinates": [[2.3426038, 6.4020214], [2.3434112, 6.4019456]]}, "properties": {"kind": "single_owner", "winner": "Godomey-Togoudo", "color": "#c93d4b", "length_m": 89.7, "virtual": false}}, {"type": "Feature", "geometry": {"type": "LineString", "coordinates": [[2.3434112, 6.4019456], [2.344138, 6.4018168]]}, "properties": {"kind": "single_owner", "winner": "Godomey-Togoudo", "color": "#c93d4b", "length_m": 81.7, "virtual": false}}, {"type": "Feature", "geometry": {"type": "LineString", "coordinates": [[2.344138, 6.4018168], [2.3448459, 6.4016582]]}, "properties": {"kind": "single_owner", "winner": "Godomey-Togoudo", "color": "#c93d4b", "length_m": 80.3, "virtual": false}}, {"type": "Feature", "geometry": {"type": "LineString", "coordinates": [[2.3419332, 6.4026511], [2.3424455, 6.4026058]]}, "properties": {"kind": "single_owner", "winner": "Godomey-Togoudo", "color": "#c93d4b", "length_m": 56.9, "virtual": false}}, {"type": "Feature", "geometry": {"type": "LineString", "coordinates": [[2.3424455, 6.4026058], [2.3434116, 6.4024929]]}, "properties": {"kind": "single_owner", "winner": "Godomey-Togoudo", "color": "#c93d4b", "length_m": 107.6, "virtual": false}}, {"type": "Feature", "geometry": {"type": "LineString", "coordinates": [[2.3434116, 6.4024929], [2.3442319, 6.4023206]]}, "properties": {"kind": "single_owner", "winner": "Godomey-Togoudo", "color": "#c93d4b", "length_m": 92.7, "virtual": false}}, {"type": "Feature", "geometry": {"type": "LineString", "coordinates": [[2.3442319, 6.4023206], [2.3449497, 6.4021157]]}, "properties": {"kind": "single_owner", "winner": "Godomey-Togoudo", "color": "#c93d4b", "length_m": 82.6, "virtual": false}}, {"type": "Feature", "geometry": {"type": "LineString", "coordinates": [[2.4625743, 6.3884895], [2.4624922, 6.3885136]]}, "properties": {"kind": "single_owner", "winner": "Yénawa", "color": "#de4ad4", "length_m": 9.5, "virtual": false}}, {"type": "Feature", "geometry": {"type": "LineString", "coordinates": [[2.4624922, 6.3885136], [2.4623576, 6.3885412]]}, "properties": {"kind": "single_owner", "winner": "Yénawa", "color": "#de4ad4", "length_m": 15.2, "virtual": false}}, {"type": "Feature", "geometry": {"type": "LineString", "coordinates": [[2.4623576, 6.3885412], [2.4622729, 6.3885421]]}, "properties": {"kind": "single_owner", "winner": "Yénawa", "color": "#de4ad4", "length_m": 9.4, "virtual": false}}, {"type": "Feature", "geometry": {"type": "LineString", "coordinates": [[2.3587058, 6.6019917], [2.3589993, 6.601879]]}, "properties": {"kind": "single_owner", "winner": "Sokan", "color": "#d040bd", "length_m": 34.8, "virtual": false}}, {"type": "Feature", "geometry": {"type": "LineString", "coordinates": [[2.3589993, 6.601879], [2.3590612, 6.6018595]]}, "properties": {"kind": "single_owner", "winner": "Sokan", "color": "#d040bd", "length_m": 7.2, "virtual": false}}, {"type": "Feature", "geometry": {"type": "LineString", "coordinates": [[2.3590612, 6.6018595], [2.3592511, 6.6018307]]}, "properties": {"kind": "single_owner", "winner": "Sokan", "color": "#d040bd", "length_m": 21.2, "virtual": false}}, {"type": "Feature", "geometry": {"type": "LineString", "coordinates": [[2.3592511, 6.6018307], [2.3593663, 6.6018317]]}, "properties": {"kind": "single_owner", "winner": "Sokan", "color": "#d040bd", "length_m": 12.7, "virtual": false}}, {"type": "Feature", "geometry": {"type": "LineString", "coordinates": [[2.3593663, 6.6018317], [2.359542, 6.6018857]]}, "properties": {"kind": "single_owner", "winner": "Sokan", "color": "#d040bd", "length_m": 20.3, "virtual": false}}, {"type": "Feature", "geometry": {"type": "LineString", "coordinates": [[2.359542, 6.6018857], [2.3596823, 6.6019289]]}, "properties": {"kind": "single_owner", "winner": "Sokan", "color": "#d040bd", "length_m": 16.2, "virtual": false}}, {"type": "Feature", "geometry": {"type": "LineString", "coordinates": [[2.3596823, 6.6019289], [2.359861, 6.6019904]]}, "properties": {"kind": "single_owner", "winner": "Sokan", "color": "#d040bd", "length_m": 20.9, "virtual": false}}, {"type": "Feature", "geometry": {"type": "LineString", "coordinates": [[2.3598021, 6.6062607], [2.3599094, 6.6063193]]}, "properties": {"kind": "single_owner", "winner": "Zinvié-Fandji", "color": "#53dc41", "length_m": 13.5, "virtual": false}}, {"type": "Feature", "geometry": {"type": "LineString", "coordinates": [[2.3599094, 6.6063193], [2.3599523, 6.6063699]]}, "properties": {"kind": "single_owner", "winner": "Zinvié-Fandji", "color": "#53dc41", "length_m": 7.3, "virtual": false}}, {"type": "Feature", "geometry": {"type": "LineString", "coordinates": [[2.3599523, 6.6063699], [2.3600127, 6.6064925]]}, "properties": {"kind": "single_owner", "winner": "Zinvié-Fandji", "color": "#53dc41", "length_m": 15.1, "virtual": false}}, {"type": "Feature", "geometry": {"type": "LineString", "coordinates": [[2.3602205, 6.6037481], [2.3603412, 6.6037481]]}, "properties": {"kind": "single_owner", "winner": "Sokan", "color": "#d040bd", "length_m": 13.4, "virtual": false}}, {"type": "Feature", "geometry": {"type": "LineString", "coordinates": [[2.3603412, 6.6037481], [2.3604298, 6.6037295]]}, "properties": {"kind": "single_owner", "winner": "Sokan", "color": "#d040bd", "length_m": 10.0, "virtual": false}}, {"type": "Feature", "geometry": {"type": "LineString", "coordinates": [[2.3604298, 6.6037295], [2.3607463, 6.6036149]]}, "properties": {"kind": "single_owner", "winner": "Sokan", "color": "#d040bd", "length_m": 37.2, "virtual": false}}, {"type": "Feature", "geometry": {"type": "LineString", "coordinates": [[2.3607463, 6.6036149], [2.3609333, 6.603536]]}, "properties": {"kind": "single_owner", "winner": "Sokan", "color": "#d040bd", "length_m": 22.5, "virtual": false}}, {"type": "Feature", "geometry": {"type": "LineString", "coordinates": [[2.3609333, 6.603536], [2.3609929, 6.6034867]]}, "properties": {"kind": "single_owner", "winner": "Sokan", "color": "#d040bd", "length_m": 8.6, "virtual": false}}, {"type": "Feature", "geometry": {"type": "LineString", "coordinates": [[2.3609929, 6.6034867], [2.360978, 6.6034078]]}, "properties": {"kind": "single_owner", "winner": "Sokan", "color": "#d040bd", "length_m": 8.9, "virtual": false}}, {"type": "Feature", "geometry": {"type": "LineString", "coordinates": [[2.3604548, 6.601999], [2.3605548, 6.6020238]]}, "properties": {"kind": "single_owner", "winner": "Sokan", "color": "#d040bd", "length_m": 11.4, "virtual": false}}, {"type": "Feature", "geometry": {"type": "LineString", "coordinates": [[2.3605548, 6.6020238], [2.3608348, 6.6020083]]}, "properties": {"kind": "single_owner", "winner": "Sokan", "color": "#d040bd", "length_m": 31.0, "virtual": false}}, {"type": "Feature", "geometry": {"type": "LineString", "coordinates": [[2.3608348, 6.6020083], [2.3608857, 6.6020083]]}, "properties": {"kind": "single_owner", "winner": "Sokan", "color": "#d040bd", "length_m": 5.6, "virtual": false}}, {"type": "Feature", "geometry": {"type": "LineString", "coordinates": [[2.3608857, 6.6020083], [2.360926, 6.6020242]]}, "properties": {"kind": "single_owner", "winner": "Sokan", "color": "#d040bd", "length_m": 4.8, "virtual": false}}, {"type": "Feature", "geometry": {"type": "LineString", "coordinates": [[2.360926, 6.6020242], [2.3609367, 6.6022188]]}, "properties": {"kind": "single_owner", "winner": "Sokan", "color": "#d040bd", "length_m": 21.5, "virtual": false}}, {"type": "Feature", "geometry": {"type": "LineString", "coordinates": [[2.3597431, 6.5699875], [2.3597699, 6.5701634]]}, "properties": {"kind": "single_owner", "winner": "Kpodji-Les-Monts", "color": "#d83eb2", "length_m": 19.7, "virtual": false}}, {"type": "Feature", "geometry": {"type": "LineString", "coordinates": [[2.3597699, 6.5701634], [2.3597673, 6.5703566]]}, "properties": {"kind": "single_owner", "winner": "Kpodji-Les-Monts", "color": "#d83eb2", "length_m": 21.4, "virtual": false}}, {"type": "Feature", "geometry": {"type": "LineString", "coordinates": [[2.3597673, 6.5703566], [2.3597378, 6.5707549]]}, "properties": {"kind": "single_owner", "winner": "Kpodji-Les-Monts", "color": "#d83eb2", "length_m": 44.1, "virtual": false}}, {"type": "Feature", "geometry": {"type": "LineString", "coordinates": [[2.3597378, 6.5707549], [2.3597431, 6.5708002]]}, "properties": {"kind": "single_owner", "winner": "Kpodji-Les-Monts", "color": "#d83eb2", "length_m": 5.0, "virtual": false}}, {"type": "Feature", "geometry": {"type": "LineString", "coordinates": [[2.3597431, 6.5708002], [2.3597941, 6.5708176]]}, "properties": {"kind": "single_owner", "winner": "Kpodji-Les-Monts", "color": "#d83eb2", "length_m": 6.0, "virtual": false}}, {"type": "Feature", "geometry": {"type": "LineString", "coordinates": [[2.3559719, 6.5418953], [2.3559934, 6.5420978]]}, "properties": {"kind": "single_owner", "winner": "Gbétagbo", "color": "#dc4191", "length_m": 22.5, "virtual": false}}, {"type": "Feature", "geometry": {"type": "LineString", "coordinates": [[2.3559934, 6.5420978], [2.3559813, 6.5421171]]}, "properties": {"kind": "single_owner", "winner": "Gbétagbo", "color": "#dc4191", "length_m": 2.5, "virtual": false}}, {"type": "Feature", "geometry": {"type": "LineString", "coordinates": [[2.3559813, 6.5421171], [2.3559646, 6.5421271]]}, "properties": {"kind": "single_owner", "winner": "Gbétagbo", "color": "#dc4191", "length_m": 2.2, "virtual": false}}, {"type": "Feature", "geometry": {"type": "LineString", "coordinates": [[2.3553725, 6.5419259], [2.3553792, 6.5420951]]}, "properties": {"kind": "single_owner", "winner": "Gbétagbo", "color": "#dc4191", "length_m": 18.7, "virtual": false}}, {"type": "Feature", "geometry": {"type": "LineString", "coordinates": [[2.3553792, 6.5420951], [2.3553894, 6.5422839]]}, "properties": {"kind": "single_owner", "winner": "Gbétagbo", "color": "#dc4191", "length_m": 20.9, "virtual": false}}, {"type": "Feature", "geometry": {"type": "LineString", "coordinates": [[2.3553894, 6.5422839], [2.3553657, 6.5424229]]}, "properties": {"kind": "single_owner", "winner": "Gbétagbo", "color": "#dc4191", "length_m": 15.6, "virtual": false}}, {"type": "Feature", "geometry": {"type": "LineString", "coordinates": [[2.3553894, 6.5422839], [2.3559646, 6.5421271]]}, "properties": {"kind": "single_owner", "winner": "Gbétagbo", "color": "#dc4191", "length_m": 66.0, "virtual": false}}, {"type": "Feature", "geometry": {"type": "LineString", "coordinates": [[2.3553657, 6.5424229], [2.3551029, 6.542295]]}, "properties": {"kind": "single_owner", "winner": "Gbétagbo", "color": "#dc4191", "length_m": 32.3, "virtual": false}}, {"type": "Feature", "geometry": {"type": "LineString", "coordinates": [[2.3553657, 6.5424229], [2.3558848, 6.542728]]}, "properties": {"kind": "single_owner", "winner": "Gbétagbo", "color": "#dc4191", "length_m": 66.6, "virtual": false}}, {"type": "Feature", "geometry": {"type": "LineString", "coordinates": [[2.3558848, 6.542728], [2.3559055, 6.5427436]]}, "properties": {"kind": "single_owner", "winner": "Gbétagbo", "color": "#dc4191", "length_m": 2.9, "virtual": false}}, {"type": "Feature", "geometry": {"type": "LineString", "coordinates": [[2.3559055, 6.5427436], [2.3559233, 6.5427653]]}, "properties": {"kind": "single_owner", "winner": "Gbétagbo", "color": "#dc4191", "length_m": 3.1, "virtual": false}}, {"type": "Feature", "geometry": {"type": "LineString", "coordinates": [[2.3559233, 6.5427653], [2.3559436, 6.5427695]]}, "properties": {"kind": "single_owner", "winner": "Gbétagbo", "color": "#dc4191", "length_m": 2.3, "virtual": false}}, {"type": "Feature", "geometry": {"type": "LineString", "coordinates": [[2.3559126, 6.5432322], [2.355699, 6.5429904]]}, "properties": {"kind": "single_owner", "winner": "Gbétagbo", "color": "#dc4191", "length_m": 35.7, "virtual": false}}, {"type": "Feature", "geometry": {"type": "LineString", "coordinates": [[2.3559126, 6.5432322], [2.3559612, 6.5433209]]}, "properties": {"kind": "single_owner", "winner": "Gbétagbo", "color": "#dc4191", "length_m": 11.2, "virtual": false}}, {"type": "Feature", "geometry": {"type": "LineString", "coordinates": [[2.3549125, 6.5426387], [2.355009, 6.5427013]]}, "properties": {"kind": "single_owner", "winner": "Gbétagbo", "color": "#dc4191", "length_m": 12.7, "virtual": false}}, {"type": "Feature", "geometry": {"type": "LineString", "coordinates": [[2.355009, 6.5427013], [2.355115, 6.5427546]]}, "properties": {"kind": "single_owner", "winner": "Gbétagbo", "color": "#dc4191", "length_m": 13.1, "virtual": false}}, {"type": "Feature", "geometry": {"type": "LineString", "coordinates": [[2.355115, 6.5427546], [2.3554328, 6.5428732]]}, "properties": {"kind": "single_owner", "winner": "Gbétagbo", "color": "#dc4191", "length_m": 37.5, "virtual": false}}, {"type": "Feature", "geometry": {"type": "LineString", "coordinates": [[2.3554328, 6.5428732], [2.3555615, 6.5428992]]}, "properties": {"kind": "single_owner", "winner": "Gbétagbo", "color": "#dc4191", "length_m": 14.5, "virtual": false}}, {"type": "Feature", "geometry": {"type": "LineString", "coordinates": [[2.3555615, 6.5428992], [2.3556038, 6.5429079]]}, "properties": {"kind": "single_owner", "winner": "Gbétagbo", "color": "#dc4191", "length_m": 4.8, "virtual": false}}, {"type": "Feature", "geometry": {"type": "LineString", "coordinates": [[2.3556038, 6.5429079], [2.3556373, 6.5429248]]}, "properties": {"kind": "single_owner", "winner": "Gbétagbo", "color": "#dc4191", "length_m": 4.2, "virtual": false}}, {"type": "Feature", "geometry": {"type": "LineString", "coordinates": [[2.3556373, 6.5429248], [2.3556729, 6.5429545]]}, "properties": {"kind": "single_owner", "winner": "Gbétagbo", "color": "#dc4191", "length_m": 5.1, "virtual": false}}, {"type": "Feature", "geometry": {"type": "LineString", "coordinates": [[2.3556729, 6.5429545], [2.355699, 6.5429904]]}, "properties": {"kind": "single_owner", "winner": "Gbétagbo", "color": "#dc4191", "length_m": 4.9, "virtual": false}}, {"type": "Feature", "geometry": {"type": "LineString", "coordinates": [[2.4416339, 6.3771236], [2.441739, 6.3771233]]}, "properties": {"kind": "single_owner", "winner": "Midombo", "color": "#50d9b9", "length_m": 11.6, "virtual": false}}, {"type": "Feature", "geometry": {"type": "LineString", "coordinates": [[2.4418429, 6.3824951], [2.4409116, 6.3824891]]}, "properties": {"kind": "single_owner", "winner": "Sègbèya-Sud", "color": "#42c8b0", "length_m": 103.0, "virtual": false}}, {"type": "Feature", "geometry": {"type": "LineString", "coordinates": [[2.4409116, 6.3824891], [2.4409346, 6.3823685]]}, "properties": {"kind": "single_owner", "winner": "Sègbèya-Sud", "color": "#42c8b0", "length_m": 13.6, "virtual": false}}, {"type": "Feature", "geometry": {"type": "LineString", "coordinates": [[2.4409346, 6.3823685], [2.4418415, 6.3823623]]}, "properties": {"kind": "single_owner", "winner": "Sègbèya-Sud", "color": "#42c8b0", "length_m": 100.3, "virtual": false}}, {"type": "Feature", "geometry": {"type": "LineString", "coordinates": [[2.3858303, 6.389754], [2.3856801, 6.3896247]]}, "properties": {"kind": "single_owner", "winner": "Zogbo", "color": "#88d14f", "length_m": 21.9, "virtual": false}}, {"type": "Feature", "geometry": {"type": "LineString", "coordinates": [[2.4258456, 6.3664555], [2.4260343, 6.3676263]]}, "properties": {"kind": "single_owner", "winner": "Sèdjro-Saint-Michel", "color": "#dc53ca", "length_m": 131.1, "virtual": false}}, {"type": "Feature", "geometry": {"type": "LineString", "coordinates": [[2.4258456, 6.3664555], [2.4267078, 6.3671718]]}, "properties": {"kind": "single_owner", "winner": "Sèdjro-Saint-Michel", "color": "#dc53ca", "length_m": 124.0, "virtual": false}}, {"type": "Feature", "geometry": {"type": "LineString", "coordinates": [[2.4260343, 6.3676263], [2.4262325, 6.3677761]]}, "properties": {"kind": "single_owner", "winner": "Sèdjro-Saint-Michel", "color": "#dc53ca", "length_m": 27.5, "virtual": false}}, {"type": "Feature", "geometry": {"type": "LineString", "coordinates": [[2.4260343, 6.3676263], [2.426084, 6.367934]]}, "properties": {"kind": "single_owner", "winner": "Sèdjro-Saint-Michel", "color": "#dc53ca", "length_m": 34.5, "virtual": false}}, {"type": "Feature", "geometry": {"type": "LineString", "coordinates": [[2.426084, 6.367934], [2.4262325, 6.3677761]]}, "properties": {"kind": "single_owner", "winner": "Sèdjro-Saint-Michel", "color": "#dc53ca", "length_m": 24.0, "virtual": false}}, {"type": "Feature", "geometry": {"type": "LineString", "coordinates": [[2.4262325, 6.3677761], [2.4267078, 6.3671718]]}, "properties": {"kind": "single_owner", "winner": "Sèdjro-Saint-Michel", "color": "#dc53ca", "length_m": 85.0, "virtual": false}}, {"type": "Feature", "geometry": {"type": "LineString", "coordinates": [[2.2937447, 6.4174016], [2.2937829, 6.4173823]]}, "properties": {"kind": "single_owner", "winner": "Womey-Yénawa", "color": "#c93e43", "length_m": 4.7, "virtual": false}}, {"type": "Feature", "geometry": {"type": "LineString", "coordinates": [[2.2937829, 6.4173823], [2.293797, 6.4173583]]}, "properties": {"kind": "single_owner", "winner": "Womey-Yénawa", "color": "#c93e43", "length_m": 3.1, "virtual": false}}, {"type": "Feature", "geometry": {"type": "LineString", "coordinates": [[2.293797, 6.4173583], [2.2938003, 6.4173417]]}, "properties": {"kind": "single_owner", "winner": "Womey-Yénawa", "color": "#c93e43", "length_m": 1.9, "virtual": false}}, {"type": "Feature", "geometry": {"type": "LineString", "coordinates": [[2.2938003, 6.4173417], [2.2936173, 6.4168079]]}, "properties": {"kind": "single_owner", "winner": "Womey-Yénawa", "color": "#c93e43", "length_m": 62.4, "virtual": false}}, {"type": "Feature", "geometry": {"type": "LineString", "coordinates": [[2.2936173, 6.4168079], [2.2936052, 6.4167566]]}, "properties": {"kind": "single_owner", "winner": "Womey-Yénawa", "color": "#c93e43", "length_m": 5.8, "virtual": false}}, {"type": "Feature", "geometry": {"type": "LineString", "coordinates": [[2.2936052, 6.4167566], [2.2936099, 6.4167226]]}, "properties": {"kind": "single_owner", "winner": "Womey-Yénawa", "color": "#c93e43", "length_m": 3.8, "virtual": false}}, {"type": "Feature", "geometry": {"type": "LineString", "coordinates": [[2.2936099, 6.4167226], [2.2936441, 6.416616]]}, "properties": {"kind": "single_owner", "winner": "Womey-Yénawa", "color": "#c93e43", "length_m": 12.4, "virtual": false}}, {"type": "Feature", "geometry": {"type": "LineString", "coordinates": [[2.2936441, 6.416616], [2.2936501, 6.4165614]]}, "properties": {"kind": "single_owner", "winner": "Womey-Yénawa", "color": "#c93e43", "length_m": 6.1, "virtual": false}}, {"type": "Feature", "geometry": {"type": "LineString", "coordinates": [[2.2936501, 6.4165614], [2.2936428, 6.416522]]}, "properties": {"kind": "single_owner", "winner": "Womey-Yénawa", "color": "#c93e43", "length_m": 4.4, "virtual": false}}, {"type": "Feature", "geometry": {"type": "LineString", "coordinates": [[2.2925752, 6.4162035], [2.2925659, 6.4161622]]}, "properties": {"kind": "single_owner", "winner": "Womey-Yénawa", "color": "#c93e43", "length_m": 4.7, "virtual": false}}, {"type": "Feature", "geometry": {"type": "LineString", "coordinates": [[2.2925659, 6.4161622], [2.2926074, 6.4160774]]}, "properties": {"kind": "single_owner", "winner": "Womey-Yénawa", "color": "#c93e43", "length_m": 10.4, "virtual": false}}, {"type": "Feature", "geometry": {"type": "LineString", "coordinates": [[2.3569391, 6.6047613], [2.3569877, 6.6043785]]}, "properties": {"kind": "single_owner", "winner": "Sokan", "color": "#d040bd", "length_m": 42.7, "virtual": false}}, {"type": "Feature", "geometry": {"type": "LineString", "coordinates": [[2.3569877, 6.6043785], [2.3569945, 6.6043313]]}, "properties": {"kind": "single_owner", "winner": "Sokan", "color": "#d040bd", "length_m": 5.3, "virtual": false}}, {"type": "Feature", "geometry": {"type": "LineString", "coordinates": [[2.3569945, 6.6043313], [2.3567715, 6.6043525]]}, "properties": {"kind": "single_owner", "winner": "Sokan", "color": "#d040bd", "length_m": 24.8, "virtual": false}}, {"type": "Feature", "geometry": {"type": "LineString", "coordinates": [[2.3569945, 6.6043313], [2.3570071, 6.6042433]]}, "properties": {"kind": "single_owner", "winner": "Sokan", "color": "#d040bd", "length_m": 9.8, "virtual": false}}, {"type": "Feature", "geometry": {"type": "LineString", "coordinates": [[2.3570071, 6.6042433], [2.3570946, 6.6039087]]}, "properties": {"kind": "single_owner", "winner": "Sokan", "color": "#d040bd", "length_m": 38.2, "virtual": false}}, {"type": "Feature", "geometry": {"type": "LineString", "coordinates": [[2.3570946, 6.6039087], [2.3572565, 6.6039055]]}, "properties": {"kind": "single_owner", "winner": "Sokan", "color": "#d040bd", "length_m": 17.9, "virtual": false}}, {"type": "Feature", "geometry": {"type": "LineString", "coordinates": [[2.3572565, 6.6039055], [2.3573578, 6.6039076]]}, "properties": {"kind": "single_owner", "winner": "Sokan", "color": "#d040bd", "length_m": 11.2, "virtual": false}}, {"type": "Feature", "geometry": {"type": "LineString", "coordinates": [[2.3573578, 6.6039076], [2.3575142, 6.6039107]]}, "properties": {"kind": "single_owner", "winner": "Sokan", "color": "#d040bd", "length_m": 17.3, "virtual": false}}, {"type": "Feature", "geometry": {"type": "LineString", "coordinates": [[2.3573578, 6.6039076], [2.3573676, 6.6037657]]}, "properties": {"kind": "single_owner", "winner": "Sokan", "color": "#d040bd", "length_m": 15.7, "virtual": false}}, {"type": "Feature", "geometry": {"type": "LineString", "coordinates": [[2.3520479, 6.5468596], [2.352308, 6.5467464]]}, "properties": {"kind": "single_owner", "winner": "Gbétagbo", "color": "#dc4191", "length_m": 31.4, "virtual": false}}, {"type": "Feature", "geometry": {"type": "LineString", "coordinates": [[2.352308, 6.5467464], [2.3523637, 6.5467131]]}, "properties": {"kind": "single_owner", "winner": "Gbétagbo", "color": "#dc4191", "length_m": 7.2, "virtual": false}}, {"type": "Feature", "geometry": {"type": "LineString", "coordinates": [[2.3523637, 6.5467131], [2.352418, 6.5466665]]}, "properties": {"kind": "single_owner", "winner": "Gbétagbo", "color": "#dc4191", "length_m": 7.9, "virtual": false}}, {"type": "Feature", "geometry": {"type": "LineString", "coordinates": [[2.3559436, 6.5427695], [2.3559639, 6.5427693]]}, "properties": {"kind": "single_owner", "winner": "Gbétagbo", "color": "#dc4191", "length_m": 2.2, "virtual": false}}, {"type": "Feature", "geometry": {"type": "LineString", "coordinates": [[2.3559639, 6.5427693], [2.3560055, 6.542752]]}, "properties": {"kind": "single_owner", "winner": "Gbétagbo", "color": "#dc4191", "length_m": 5.0, "virtual": false}}, {"type": "Feature", "geometry": {"type": "LineString", "coordinates": [[2.3633171, 6.3801687], [2.3633119, 6.3804048]]}, "properties": {"kind": "single_owner", "winner": "Agla-Les-Pylônes", "color": "#c74a93", "length_m": 26.1, "virtual": false}}, {"type": "Feature", "geometry": {"type": "LineString", "coordinates": [[2.3628234, 6.3801775], [2.3616045, 6.3801672]]}, "properties": {"kind": "single_owner", "winner": "Agla-Les-Pylônes", "color": "#c74a93", "length_m": 134.8, "virtual": false}}, {"type": "Feature", "geometry": {"type": "LineString", "coordinates": [[2.3601401, 6.5667807], [2.3598933, 6.5668393]]}, "properties": {"kind": "single_owner", "winner": "Kpodji-Les-Monts", "color": "#d83eb2", "length_m": 28.1, "virtual": false}}, {"type": "Feature", "geometry": {"type": "LineString", "coordinates": [[2.3598933, 6.5668393], [2.3597538, 6.5668633]]}, "properties": {"kind": "single_owner", "winner": "Kpodji-Les-Monts", "color": "#d83eb2", "length_m": 15.7, "virtual": false}}, {"type": "Feature", "geometry": {"type": "LineString", "coordinates": [[2.3597538, 6.5668633], [2.3596331, 6.5668606]]}, "properties": {"kind": "single_owner", "winner": "Kpodji-Les-Monts", "color": "#d83eb2", "length_m": 13.4, "virtual": false}}, {"type": "Feature", "geometry": {"type": "LineString", "coordinates": [[2.3596331, 6.5668606], [2.3594803, 6.5669272]]}, "properties": {"kind": "single_owner", "winner": "Kpodji-Les-Monts", "color": "#d83eb2", "length_m": 18.4, "virtual": false}}, {"type": "Feature", "geometry": {"type": "LineString", "coordinates": [[2.3594803, 6.5669272], [2.3593032, 6.5669965]]}, "properties": {"kind": "single_owner", "winner": "Kpodji-Les-Monts", "color": "#d83eb2", "length_m": 21.0, "virtual": false}}, {"type": "Feature", "geometry": {"type": "LineString", "coordinates": [[2.3593032, 6.5669965], [2.3591155, 6.5670711]]}, "properties": {"kind": "single_owner", "winner": "Kpodji-Les-Monts", "color": "#d83eb2", "length_m": 22.3, "virtual": false}}, {"type": "Feature", "geometry": {"type": "LineString", "coordinates": [[2.3591155, 6.5670711], [2.3589385, 6.5671244]]}, "properties": {"kind": "single_owner", "winner": "Kpodji-Les-Monts", "color": "#d83eb2", "length_m": 20.4, "virtual": false}}, {"type": "Feature", "geometry": {"type": "LineString", "coordinates": [[2.3589385, 6.5671244], [2.3587802, 6.5671218]]}, "properties": {"kind": "single_owner", "winner": "Kpodji-Les-Monts", "color": "#d83eb2", "length_m": 17.5, "virtual": false}}, {"type": "Feature", "geometry": {"type": "LineString", "coordinates": [[2.3587802, 6.5671218], [2.3586032, 6.5671324]]}, "properties": {"kind": "single_owner", "winner": "Kpodji-Les-Monts", "color": "#d83eb2", "length_m": 19.6, "virtual": false}}, {"type": "Feature", "geometry": {"type": "LineString", "coordinates": [[2.3586032, 6.5671324], [2.3584986, 6.5671351]]}, "properties": {"kind": "single_owner", "winner": "Kpodji-Les-Monts", "color": "#d83eb2", "length_m": 11.6, "virtual": false}}, {"type": "Feature", "geometry": {"type": "LineString", "coordinates": [[2.3584986, 6.5671351], [2.3582438, 6.5672363]]}, "properties": {"kind": "single_owner", "winner": "Kpodji-Les-Monts", "color": "#d83eb2", "length_m": 30.3, "virtual": false}}, {"type": "Feature", "geometry": {"type": "LineString", "coordinates": [[2.3582438, 6.5672363], [2.3580587, 6.5673056]]}, "properties": {"kind": "single_owner", "winner": "Kpodji-Les-Monts", "color": "#d83eb2", "length_m": 21.9, "virtual": false}}, {"type": "Feature", "geometry": {"type": "LineString", "coordinates": [[2.3580587, 6.5673056], [2.3577878, 6.5673909]]}, "properties": {"kind": "single_owner", "winner": "Kpodji-Les-Monts", "color": "#d83eb2", "length_m": 31.4, "virtual": false}}, {"type": "Feature", "geometry": {"type": "LineString", "coordinates": [[2.3574686, 6.5675428], [2.3573962, 6.5676067]]}, "properties": {"kind": "single_owner", "winner": "Kpodji-Les-Monts", "color": "#d83eb2", "length_m": 10.7, "virtual": false}}, {"type": "Feature", "geometry": {"type": "LineString", "coordinates": [[2.3573962, 6.5676067], [2.3573425, 6.5676973]]}, "properties": {"kind": "single_owner", "winner": "Kpodji-Les-Monts", "color": "#d83eb2", "length_m": 11.6, "virtual": false}}, {"type": "Feature", "geometry": {"type": "LineString", "coordinates": [[2.3573425, 6.5676973], [2.3572245, 6.5677852]]}, "properties": {"kind": "single_owner", "winner": "Kpodji-Les-Monts", "color": "#d83eb2", "length_m": 16.3, "virtual": false}}, {"type": "Feature", "geometry": {"type": "LineString", "coordinates": [[2.3572245, 6.5677852], [2.357128, 6.5678758]]}, "properties": {"kind": "single_owner", "winner": "Kpodji-Les-Monts", "color": "#d83eb2", "length_m": 14.6, "virtual": false}}, {"type": "Feature", "geometry": {"type": "LineString", "coordinates": [[2.357128, 6.5678758], [2.3570368, 6.5679265]]}, "properties": {"kind": "single_owner", "winner": "Kpodji-Les-Monts", "color": "#d83eb2", "length_m": 11.5, "virtual": false}}, {"type": "Feature", "geometry": {"type": "LineString", "coordinates": [[2.3570368, 6.5679265], [2.3568732, 6.5679824]]}, "properties": {"kind": "single_owner", "winner": "Kpodji-Les-Monts", "color": "#d83eb2", "length_m": 19.1, "virtual": false}}, {"type": "Feature", "geometry": {"type": "LineString", "coordinates": [[2.3568732, 6.5679824], [2.3566452, 6.568041]]}, "properties": {"kind": "single_owner", "winner": "Kpodji-Les-Monts", "color": "#d83eb2", "length_m": 26.0, "virtual": false}}, {"type": "Feature", "geometry": {"type": "LineString", "coordinates": [[2.3566452, 6.568041], [2.3562992, 6.568113]]}, "properties": {"kind": "single_owner", "winner": "Kpodji-Les-Monts", "color": "#d83eb2", "length_m": 39.1, "virtual": false}}, {"type": "Feature", "geometry": {"type": "LineString", "coordinates": [[2.3562992, 6.568113], [2.3560792, 6.5681636]]}, "properties": {"kind": "single_owner", "winner": "Kpodji-Les-Monts", "color": "#d83eb2", "length_m": 25.0, "virtual": false}}, {"type": "Feature", "geometry": {"type": "LineString", "coordinates": [[2.3560792, 6.5681636], [2.3559424, 6.5682036]]}, "properties": {"kind": "single_owner", "winner": "Kpodji-Les-Monts", "color": "#d83eb2", "length_m": 15.8, "virtual": false}}, {"type": "Feature", "geometry": {"type": "LineString", "coordinates": [[2.3559424, 6.5682036], [2.3558566, 6.5682382]]}, "properties": {"kind": "single_owner", "winner": "Kpodji-Les-Monts", "color": "#d83eb2", "length_m": 10.2, "virtual": false}}, {"type": "Feature", "geometry": {"type": "LineString", "coordinates": [[2.3558566, 6.5682382], [2.3557976, 6.5682968]]}, "properties": {"kind": "single_owner", "winner": "Kpodji-Les-Monts", "color": "#d83eb2", "length_m": 9.2, "virtual": false}}, {"type": "Feature", "geometry": {"type": "LineString", "coordinates": [[2.4621453, 6.3729155], [2.4621569, 6.3727897]]}, "properties": {"kind": "single_owner", "winner": "Yagbé", "color": "#cc5745", "length_m": 14.0, "virtual": false}}, {"type": "Feature", "geometry": {"type": "LineString", "coordinates": [[2.4731996, 6.3770176], [2.4726556, 6.377022]]}, "properties": {"kind": "single_owner", "winner": "Avotrou-Gbègo", "color": "#dbdd4d", "length_m": 60.2, "virtual": false}}, {"type": "Feature", "geometry": {"type": "LineString", "coordinates": [[2.4561707, 6.3883893], [2.4561644, 6.3877569]]}, "properties": {"kind": "single_owner", "winner": "Gankpodo", "color": "#43d4ca", "length_m": 69.9, "virtual": false}}, {"type": "Feature", "geometry": {"type": "LineString", "coordinates": [[2.4561234, 6.3836567], [2.4561173, 6.3830461]]}, "properties": {"kind": "single_owner", "winner": "Kpondéhou", "color": "#41c872", "length_m": 67.5, "virtual": false}}, {"type": "Feature", "geometry": {"type": "LineString", "coordinates": [[2.4624871, 6.3883823], [2.4625816, 6.3884044]]}, "properties": {"kind": "single_owner", "winner": "Yénawa", "color": "#de4ad4", "length_m": 10.7, "virtual": false}}, {"type": "Feature", "geometry": {"type": "LineString", "coordinates": [[2.3760349, 6.3600976], [2.3764989, 6.360015]]}, "properties": {"kind": "single_owner", "winner": "Aïbatin-Dodo", "color": "#e05a40", "length_m": 52.1, "virtual": false}}, {"type": "Feature", "geometry": {"type": "LineString", "coordinates": [[2.3764989, 6.360015], [2.376979, 6.359991]]}, "properties": {"kind": "single_owner", "winner": "Aïbatin-Dodo", "color": "#e05a40", "length_m": 53.2, "virtual": false}}, {"type": "Feature", "geometry": {"type": "LineString", "coordinates": [[2.376979, 6.359991], [2.3774564, 6.3600016]]}, "properties": {"kind": "single_owner", "winner": "Aïbatin-Dodo", "color": "#e05a40", "length_m": 52.8, "virtual": false}}, {"type": "Feature", "geometry": {"type": "LineString", "coordinates": [[2.3774564, 6.3600016], [2.3780304, 6.3600843]]}, "properties": {"kind": "single_owner", "winner": "Aïbatin-Dodo", "color": "#e05a40", "length_m": 64.2, "virtual": false}}, {"type": "Feature", "geometry": {"type": "LineString", "coordinates": [[2.3780304, 6.3600843], [2.3784703, 6.3601936]]}, "properties": {"kind": "single_owner", "winner": "Aïbatin-Dodo", "color": "#e05a40", "length_m": 50.1, "virtual": false}}, {"type": "Feature", "geometry": {"type": "LineString", "coordinates": [[2.3784703, 6.3601936], [2.3787761, 6.3602895]]}, "properties": {"kind": "single_owner", "winner": "Aïbatin-Dodo", "color": "#e05a40", "length_m": 35.5, "virtual": false}}, {"type": "Feature", "geometry": {"type": "LineString", "coordinates": [[2.3992078, 6.3601642], [2.3996745, 6.3605268]]}, "properties": {"kind": "single_owner", "winner": "Cadjèhoun-Kpota", "color": "#ddcf4f", "length_m": 65.4, "virtual": false}}, {"type": "Feature", "geometry": {"type": "LineString", "coordinates": [[2.3996745, 6.3605268], [2.4000929, 6.3608666]]}, "properties": {"kind": "single_owner", "winner": "Cadjèhoun-Kpota", "color": "#ddcf4f", "length_m": 59.6, "virtual": false}}, {"type": "Feature", "geometry": {"type": "LineString", "coordinates": [[2.3923454, 6.3682439], [2.3922542, 6.3682292]]}, "properties": {"kind": "single_owner", "winner": "Houéyihô", "color": "#3edc5e", "length_m": 10.2, "virtual": false}}, {"type": "Feature", "geometry": {"type": "LineString", "coordinates": [[2.3923454, 6.3682439], [2.3925023, 6.3682732]]}, "properties": {"kind": "single_owner", "winner": "Houéyihô", "color": "#3edc5e", "length_m": 17.7, "virtual": false}}, {"type": "Feature", "geometry": {"type": "LineString", "coordinates": [[2.3923454, 6.3682439], [2.3924406, 6.3680027]]}, "properties": {"kind": "single_owner", "winner": "Houéyihô", "color": "#3edc5e", "length_m": 28.7, "virtual": false}}, {"type": "Feature", "geometry": {"type": "LineString", "coordinates": [[2.3939603, 6.3689142], [2.393496, 6.3686784]]}, "properties": {"kind": "single_owner", "winner": "Houéyihô", "color": "#3edc5e", "length_m": 57.6, "virtual": false}}, {"type": "Feature", "geometry": {"type": "LineString", "coordinates": [[2.393496, 6.3686784], [2.3933324, 6.3685824]]}, "properties": {"kind": "single_owner", "winner": "Houéyihô", "color": "#3edc5e", "length_m": 21.0, "virtual": false}}, {"type": "Feature", "geometry": {"type": "LineString", "coordinates": [[2.3933324, 6.3685824], [2.3931755, 6.3685025]]}, "properties": {"kind": "single_owner", "winner": "Houéyihô", "color": "#3edc5e", "length_m": 19.5, "virtual": false}}, {"type": "Feature", "geometry": {"type": "LineString", "coordinates": [[2.3931755, 6.3685025], [2.3929569, 6.3684172]]}, "properties": {"kind": "single_owner", "winner": "Houéyihô", "color": "#3edc5e", "length_m": 26.0, "virtual": false}}, {"type": "Feature", "geometry": {"type": "LineString", "coordinates": [[2.3929569, 6.3684172], [2.3927142, 6.3683399]]}, "properties": {"kind": "single_owner", "winner": "Houéyihô", "color": "#3edc5e", "length_m": 28.2, "virtual": false}}, {"type": "Feature", "geometry": {"type": "LineString", "coordinates": [[2.3927142, 6.3683399], [2.3925023, 6.3682732]]}, "properties": {"kind": "single_owner", "winner": "Houéyihô", "color": "#3edc5e", "length_m": 24.6, "virtual": false}}, {"type": "Feature", "geometry": {"type": "LineString", "coordinates": [[2.3668295, 6.4981982], [2.3668825, 6.4978004]]}, "properties": {"kind": "single_owner", "winner": "Akassato", "color": "#d553dc", "length_m": 44.4, "virtual": false}}, {"type": "Feature", "geometry": {"type": "LineString", "coordinates": [[2.3668825, 6.4978004], [2.3669609, 6.4978184]]}, "properties": {"kind": "single_owner", "winner": "Akassato", "color": "#d553dc", "length_m": 8.9, "virtual": false}}, {"type": "Feature", "geometry": {"type": "LineString", "coordinates": [[2.3668825, 6.4978004], [2.3669813, 6.4974344]]}, "properties": {"kind": "single_owner", "winner": "Akassato", "color": "#d553dc", "length_m": 41.9, "virtual": false}}, {"type": "Feature", "geometry": {"type": "LineString", "coordinates": [[2.3668825, 6.4978004], [2.3667886, 6.4977591]]}, "properties": {"kind": "single_owner", "winner": "Akassato", "color": "#d553dc", "length_m": 11.3, "virtual": false}}, {"type": "Feature", "geometry": {"type": "LineString", "coordinates": [[2.3669813, 6.4974344], [2.3671091, 6.4975917]]}, "properties": {"kind": "single_owner", "winner": "Akassato", "color": "#d553dc", "length_m": 22.4, "virtual": false}}, {"type": "Feature", "geometry": {"type": "LineString", "coordinates": [[2.3659095, 6.4974173], [2.3661161, 6.4974893]]}, "properties": {"kind": "single_owner", "winner": "Akassato", "color": "#d553dc", "length_m": 24.2, "virtual": false}}, {"type": "Feature", "geometry": {"type": "LineString", "coordinates": [[2.3661161, 6.4974893], [2.3663387, 6.4975759]]}, "properties": {"kind": "single_owner", "winner": "Akassato", "color": "#d553dc", "length_m": 26.4, "virtual": false}}, {"type": "Feature", "geometry": {"type": "LineString", "coordinates": [[2.3663387, 6.4975759], [2.3665586, 6.4976586]]}, "properties": {"kind": "single_owner", "winner": "Akassato", "color": "#d553dc", "length_m": 26.0, "virtual": false}}, {"type": "Feature", "geometry": {"type": "LineString", "coordinates": [[2.3665586, 6.4976586], [2.3667886, 6.4977591]]}, "properties": {"kind": "single_owner", "winner": "Akassato", "color": "#d553dc", "length_m": 27.8, "virtual": false}}, {"type": "Feature", "geometry": {"type": "LineString", "coordinates": [[2.3673486, 6.4987659], [2.3673952, 6.4986392]]}, "properties": {"kind": "single_owner", "winner": "Akassato", "color": "#d553dc", "length_m": 14.9, "virtual": false}}, {"type": "Feature", "geometry": {"type": "LineString", "coordinates": [[2.3673952, 6.4986392], [2.3674416, 6.4984471]]}, "properties": {"kind": "single_owner", "winner": "Akassato", "color": "#d553dc", "length_m": 21.8, "virtual": false}}, {"type": "Feature", "geometry": {"type": "LineString", "coordinates": [[2.3674416, 6.4984471], [2.3674442, 6.4982499]]}, "properties": {"kind": "single_owner", "winner": "Akassato", "color": "#d553dc", "length_m": 21.8, "virtual": false}}, {"type": "Feature", "geometry": {"type": "LineString", "coordinates": [[2.3674442, 6.4982499], [2.3674013, 6.498082]]}, "properties": {"kind": "single_owner", "winner": "Akassato", "color": "#d553dc", "length_m": 19.2, "virtual": false}}, {"type": "Feature", "geometry": {"type": "LineString", "coordinates": [[2.3674013, 6.498082], [2.3672619, 6.497781]]}, "properties": {"kind": "single_owner", "winner": "Akassato", "color": "#d553dc", "length_m": 36.7, "virtual": false}}, {"type": "Feature", "geometry": {"type": "LineString", "coordinates": [[2.3672619, 6.497781], [2.3671091, 6.4975917]]}, "properties": {"kind": "single_owner", "winner": "Akassato", "color": "#d553dc", "length_m": 26.9, "virtual": false}}, {"type": "Feature", "geometry": {"type": "LineString", "coordinates": [[2.3672619, 6.497781], [2.367134, 6.4978105]]}, "properties": {"kind": "single_owner", "winner": "Akassato", "color": "#d553dc", "length_m": 14.5, "virtual": false}}, {"type": "Feature", "geometry": {"type": "LineString", "coordinates": [[2.367086, 6.5001545], [2.367212, 6.4994416]]}, "properties": {"kind": "single_owner", "winner": "Akassato", "color": "#d553dc", "length_m": 80.0, "virtual": false}}, {"type": "Feature", "geometry": {"type": "LineString", "coordinates": [[2.367212, 6.4994416], [2.3672206, 6.4993235]]}, "properties": {"kind": "single_owner", "winner": "Akassato", "color": "#d553dc", "length_m": 13.1, "virtual": false}}, {"type": "Feature", "geometry": {"type": "LineString", "coordinates": [[2.3672206, 6.4993235], [2.3664191, 6.4992275]]}, "properties": {"kind": "single_owner", "winner": "Akassato", "color": "#d553dc", "length_m": 89.3, "virtual": false}}, {"type": "Feature", "geometry": {"type": "LineString", "coordinates": [[2.3669609, 6.4978184], [2.3670448, 6.4978178]]}, "properties": {"kind": "single_owner", "winner": "Akassato", "color": "#d553dc", "length_m": 9.3, "virtual": false}}, {"type": "Feature", "geometry": {"type": "LineString", "coordinates": [[2.3670448, 6.4978178], [2.367134, 6.4978105]]}, "properties": {"kind": "single_owner", "winner": "Akassato", "color": "#d553dc", "length_m": 9.9, "virtual": false}}, {"type": "Feature", "geometry": {"type": "LineString", "coordinates": [[2.3664248, 6.4998075], [2.3664205, 6.4996879]]}, "properties": {"kind": "single_owner", "winner": "Akassato", "color": "#d553dc", "length_m": 13.2, "virtual": false}}, {"type": "Feature", "geometry": {"type": "LineString", "coordinates": [[2.3664205, 6.4996879], [2.3664191, 6.4992275]]}, "properties": {"kind": "single_owner", "winner": "Akassato", "color": "#d553dc", "length_m": 50.9, "virtual": false}}, {"type": "Feature", "geometry": {"type": "LineString", "coordinates": [[2.3659491, 6.4996209], [2.3653047, 6.4993681]]}, "properties": {"kind": "single_owner", "winner": "Akassato", "color": "#d553dc", "length_m": 76.6, "virtual": false}}, {"type": "Feature", "geometry": {"type": "LineString", "coordinates": [[2.3656735, 6.498971], [2.3657137, 6.4989897]]}, "properties": {"kind": "single_owner", "winner": "Akassato", "color": "#d553dc", "length_m": 4.9, "virtual": false}}, {"type": "Feature", "geometry": {"type": "LineString", "coordinates": [[2.3656735, 6.498971], [2.3656024, 6.4989551]]}, "properties": {"kind": "single_owner", "winner": "Akassato", "color": "#d553dc", "length_m": 8.1, "virtual": false}}, {"type": "Feature", "geometry": {"type": "LineString", "coordinates": [[2.3656024, 6.4989551], [2.3655454, 6.4989497]]}, "properties": {"kind": "single_owner", "winner": "Akassato", "color": "#d553dc", "length_m": 6.3, "virtual": false}}, {"type": "Feature", "geometry": {"type": "LineString", "coordinates": [[2.3655454, 6.4989497], [2.365418, 6.4989064]]}, "properties": {"kind": "single_owner", "winner": "Akassato", "color": "#d553dc", "length_m": 14.9, "virtual": false}}, {"type": "Feature", "geometry": {"type": "LineString", "coordinates": [[2.365418, 6.4989064], [2.3652859, 6.4988831]]}, "properties": {"kind": "single_owner", "winner": "Akassato", "color": "#d553dc", "length_m": 14.8, "virtual": false}}, {"type": "Feature", "geometry": {"type": "LineString", "coordinates": [[2.3652859, 6.4988831], [2.3652604, 6.4993135]]}, "properties": {"kind": "single_owner", "winner": "Akassato", "color": "#d553dc", "length_m": 47.7, "virtual": false}}, {"type": "Feature", "geometry": {"type": "LineString", "coordinates": [[2.3657137, 6.4989897], [2.3657566, 6.4990083]]}, "properties": {"kind": "single_owner", "winner": "Akassato", "color": "#d553dc", "length_m": 5.2, "virtual": false}}, {"type": "Feature", "geometry": {"type": "LineString", "coordinates": [[2.3657566, 6.4990083], [2.3658612, 6.4990443]]}, "properties": {"kind": "single_owner", "winner": "Akassato", "color": "#d553dc", "length_m": 12.2, "virtual": false}}, {"type": "Feature", "geometry": {"type": "LineString", "coordinates": [[2.3658612, 6.4990443], [2.3664191, 6.4992275]]}, "properties": {"kind": "single_owner", "winner": "Akassato", "color": "#d553dc", "length_m": 65.0, "virtual": false}}, {"type": "Feature", "geometry": {"type": "LineString", "coordinates": [[2.3632461, 6.5010644], [2.3632809, 6.5011843]]}, "properties": {"kind": "single_owner", "winner": "Akassato", "color": "#d553dc", "length_m": 13.8, "virtual": false}}, {"type": "Feature", "geometry": {"type": "LineString", "coordinates": [[2.3632461, 6.5010644], [2.3631978, 6.5008432]]}, "properties": {"kind": "single_owner", "winner": "Akassato", "color": "#d553dc", "length_m": 25.0, "virtual": false}}, {"type": "Feature", "geometry": {"type": "LineString", "coordinates": [[2.3629121, 6.5023236], [2.3630221, 6.5023495]]}, "properties": {"kind": "single_owner", "winner": "Akassato", "color": "#d553dc", "length_m": 12.5, "virtual": false}}, {"type": "Feature", "geometry": {"type": "LineString", "coordinates": [[2.3652758, 6.4993441], [2.3653047, 6.4993681]]}, "properties": {"kind": "single_owner", "winner": "Akassato", "color": "#d553dc", "length_m": 4.2, "virtual": false}}, {"type": "Feature", "geometry": {"type": "LineString", "coordinates": [[2.3652758, 6.4993441], [2.3652604, 6.4993135]]}, "properties": {"kind": "single_owner", "winner": "Akassato", "color": "#d553dc", "length_m": 3.8, "virtual": false}}, {"type": "Feature", "geometry": {"type": "LineString", "coordinates": [[2.4278001, 6.3526969], [2.4275239, 6.3526696]]}, "properties": {"kind": "single_owner", "winner": "Zongo-Nima", "color": "#d440ad", "length_m": 30.7, "virtual": false}}, {"type": "Feature", "geometry": {"type": "LineString", "coordinates": [[2.4275239, 6.3526696], [2.4270841, 6.352663]]}, "properties": {"kind": "single_owner", "winner": "Zongo-Nima", "color": "#d440ad", "length_m": 48.7, "virtual": false}}, {"type": "Feature", "geometry": {"type": "LineString", "coordinates": [[2.4270841, 6.352663], [2.427076, 6.3528522]]}, "properties": {"kind": "single_owner", "winner": "Zongo-Nima", "color": "#d440ad", "length_m": 20.9, "virtual": false}}, {"type": "Feature", "geometry": {"type": "LineString", "coordinates": [[2.270215, 6.4567668], [2.270274, 6.4568067]]}, "properties": {"kind": "single_owner", "winner": "Ouèdo", "color": "#49cb90", "length_m": 7.9, "virtual": false}}, {"type": "Feature", "geometry": {"type": "LineString", "coordinates": [[2.270215, 6.4567668], [2.2702351, 6.4564163]]}, "properties": {"kind": "single_owner", "winner": "Ouèdo", "color": "#49cb90", "length_m": 38.8, "virtual": false}}, {"type": "Feature", "geometry": {"type": "LineString", "coordinates": [[2.270274, 6.4568067], [2.2703344, 6.4568294]]}, "properties": {"kind": "single_owner", "winner": "Ouèdo", "color": "#49cb90", "length_m": 7.1, "virtual": false}}, {"type": "Feature", "geometry": {"type": "LineString", "coordinates": [[2.2703344, 6.4568294], [2.2704859, 6.4568334]]}, "properties": {"kind": "single_owner", "winner": "Ouèdo", "color": "#49cb90", "length_m": 16.8, "virtual": false}}, {"type": "Feature", "geometry": {"type": "LineString", "coordinates": [[2.2704859, 6.4568334], [2.2712141, 6.456852]]}, "properties": {"kind": "single_owner", "winner": "Ouèdo", "color": "#49cb90", "length_m": 80.6, "virtual": false}}, {"type": "Feature", "geometry": {"type": "LineString", "coordinates": [[2.2712141, 6.456852], [2.2717734, 6.456872]]}, "properties": {"kind": "single_owner", "winner": "Ouèdo", "color": "#49cb90", "length_m": 61.9, "virtual": false}}, {"type": "Feature", "geometry": {"type": "LineString", "coordinates": [[2.2717734, 6.456872], [2.2724627, 6.456868]]}, "properties": {"kind": "single_owner", "winner": "Ouèdo", "color": "#49cb90", "length_m": 76.3, "virtual": false}}, {"type": "Feature", "geometry": {"type": "LineString", "coordinates": [[2.2724627, 6.456868], [2.2730246, 6.456908]]}, "properties": {"kind": "single_owner", "winner": "Ouèdo", "color": "#49cb90", "length_m": 62.3, "virtual": false}}, {"type": "Feature", "geometry": {"type": "LineString", "coordinates": [[2.2702968, 6.4555168], [2.27027, 6.4559192]]}, "properties": {"kind": "single_owner", "winner": "Ouèdo", "color": "#49cb90", "length_m": 44.6, "virtual": false}}, {"type": "Feature", "geometry": {"type": "LineString", "coordinates": [[2.27027, 6.4559192], [2.2702351, 6.4564163]]}, "properties": {"kind": "single_owner", "winner": "Ouèdo", "color": "#49cb90", "length_m": 55.1, "virtual": false}}, {"type": "Feature", "geometry": {"type": "LineString", "coordinates": [[2.4048049, 6.3753785], [2.4043858, 6.3755824]]}, "properties": {"kind": "single_owner", "winner": "Agontinkon", "color": "#db5a43", "length_m": 51.6, "virtual": false}}, {"type": "Feature", "geometry": {"type": "LineString", "coordinates": [[2.4048049, 6.3753785], [2.4047208, 6.3753228]]}, "properties": {"kind": "single_owner", "winner": "Agontinkon", "color": "#db5a43", "length_m": 11.2, "virtual": false}}, {"type": "Feature", "geometry": {"type": "LineString", "coordinates": [[2.4047208, 6.3753228], [2.4046751, 6.3752935]]}, "properties": {"kind": "single_owner", "winner": "Agontinkon", "color": "#db5a43", "length_m": 6.0, "virtual": false}}, {"type": "Feature", "geometry": {"type": "LineString", "coordinates": [[2.4047208, 6.3753228], [2.403793, 6.3757424]]}, "properties": {"kind": "single_owner", "winner": "Agontinkon", "color": "#db5a43", "length_m": 112.6, "virtual": false}}, {"type": "Feature", "geometry": {"type": "LineString", "coordinates": [[2.4046751, 6.3752935], [2.404607, 6.3752407]]}, "properties": {"kind": "single_owner", "winner": "Agontinkon", "color": "#db5a43", "length_m": 9.5, "virtual": false}}, {"type": "Feature", "geometry": {"type": "LineString", "coordinates": [[2.404607, 6.3752407], [2.4043201, 6.374998]]}, "properties": {"kind": "single_owner", "winner": "Agontinkon", "color": "#db5a43", "length_m": 41.6, "virtual": false}}, {"type": "Feature", "geometry": {"type": "LineString", "coordinates": [[2.4020506, 6.376217], [2.4027014, 6.3760729]]}, "properties": {"kind": "single_owner", "winner": "Agontinkon", "color": "#db5a43", "length_m": 73.7, "virtual": false}}, {"type": "Feature", "geometry": {"type": "LineString", "coordinates": [[2.4020506, 6.376217], [2.4016097, 6.3762915]]}, "properties": {"kind": "single_owner", "winner": "Agontinkon", "color": "#db5a43", "length_m": 49.5, "virtual": false}}, {"type": "Feature", "geometry": {"type": "LineString", "coordinates": [[2.4030004, 6.3753005], [2.4030513, 6.3752281]]}, "properties": {"kind": "single_owner", "winner": "Agontinkon", "color": "#db5a43", "length_m": 9.8, "virtual": false}}, {"type": "Feature", "geometry": {"type": "LineString", "coordinates": [[2.326867, 6.3615638], [2.3268667, 6.3618293]]}, "properties": {"kind": "single_owner", "winner": "Togbin-Kpèvi", "color": "#d93da2", "length_m": 29.3, "virtual": false}}, {"type": "Feature", "geometry": {"type": "LineString", "coordinates": [[2.3268667, 6.3618293], [2.3264017, 6.3618208]]}, "properties": {"kind": "single_owner", "winner": "Togbin-Kpèvi", "color": "#d93da2", "length_m": 51.5, "virtual": false}}, {"type": "Feature", "geometry": {"type": "LineString", "coordinates": [[2.3968922, 6.3723693], [2.3972726, 6.3718978]]}, "properties": {"kind": "single_owner", "winner": "Houéyihô", "color": "#3edc5e", "length_m": 67.0, "virtual": false}}, {"type": "Feature", "geometry": {"type": "LineString", "coordinates": [[2.3984568, 6.3703348], [2.3970104, 6.3691796]]}, "properties": {"kind": "single_owner", "winner": "Vodjè-Finagnon", "color": "#d2794a", "length_m": 204.7, "virtual": false}}, {"type": "Feature", "geometry": {"type": "LineString", "coordinates": [[2.3982567, 6.3705947], [2.398216, 6.3706404]]}, "properties": {"kind": "single_owner", "winner": "Houéyihô", "color": "#3edc5e", "length_m": 6.8, "virtual": false}}, {"type": "Feature", "geometry": {"type": "LineString", "coordinates": [[2.4268692, 6.3891906], [2.4269552, 6.3892098]]}, "properties": {"kind": "single_owner", "winner": "Ahouansori-Towéta", "color": "#d1713e", "length_m": 9.7, "virtual": false}}, {"type": "Feature", "geometry": {"type": "LineString", "coordinates": [[2.4269552, 6.3892098], [2.4270485, 6.3892212]]}, "properties": {"kind": "single_owner", "winner": "Ahouansori-Towéta", "color": "#d1713e", "length_m": 10.4, "virtual": false}}, {"type": "Feature", "geometry": {"type": "LineString", "coordinates": [[2.4270485, 6.3892212], [2.427202, 6.3892249]]}, "properties": {"kind": "single_owner", "winner": "Ahouansori-Towéta", "color": "#d1713e", "length_m": 17.0, "virtual": false}}, {"type": "Feature", "geometry": {"type": "LineString", "coordinates": [[2.427202, 6.3892249], [2.4273636, 6.3892312]]}, "properties": {"kind": "single_owner", "winner": "Ahouansori-Towéta", "color": "#d1713e", "length_m": 17.9, "virtual": false}}, {"type": "Feature", "geometry": {"type": "LineString", "coordinates": [[2.4273636, 6.3892312], [2.4281026, 6.3892738]]}, "properties": {"kind": "single_owner", "winner": "Ahouansori-Towéta", "color": "#d1713e", "length_m": 81.9, "virtual": false}}, {"type": "Feature", "geometry": {"type": "LineString", "coordinates": [[2.3173475, 6.4304469], [2.3171758, 6.4305052]]}, "properties": {"kind": "single_owner", "winner": "Tankpè-Tanmè", "color": "#ce4b74", "length_m": 20.1, "virtual": false}}, {"type": "Feature", "geometry": {"type": "LineString", "coordinates": [[2.3173475, 6.4304469], [2.3175566, 6.4303759]]}, "properties": {"kind": "single_owner", "winner": "Tankpè-Tanmè", "color": "#ce4b74", "length_m": 24.4, "virtual": false}}, {"type": "Feature", "geometry": {"type": "LineString", "coordinates": [[2.3173475, 6.4304469], [2.3173112, 6.4304898]]}, "properties": {"kind": "single_owner", "winner": "Tankpè-Tanmè", "color": "#ce4b74", "length_m": 6.2, "virtual": false}}, {"type": "Feature", "geometry": {"type": "LineString", "coordinates": [[2.3173112, 6.4304898], [2.3172538, 6.4305681]]}, "properties": {"kind": "single_owner", "winner": "Tankpè-Tanmè", "color": "#ce4b74", "length_m": 10.7, "virtual": false}}, {"type": "Feature", "geometry": {"type": "LineString", "coordinates": [[2.3172538, 6.4305681], [2.3171513, 6.4307015]]}, "properties": {"kind": "single_owner", "winner": "Tankpè-Tanmè", "color": "#ce4b74", "length_m": 18.6, "virtual": false}}, {"type": "Feature", "geometry": {"type": "LineString", "coordinates": [[2.3171513, 6.4307015], [2.3170914, 6.4307721]]}, "properties": {"kind": "single_owner", "winner": "Tankpè-Tanmè", "color": "#ce4b74", "length_m": 10.2, "virtual": false}}, {"type": "Feature", "geometry": {"type": "LineString", "coordinates": [[2.3168432, 6.4306252], [2.3170149, 6.4305692]]}, "properties": {"kind": "single_owner", "winner": "Tankpè-Tanmè", "color": "#ce4b74", "length_m": 20.0, "virtual": false}}, {"type": "Feature", "geometry": {"type": "LineString", "coordinates": [[2.3170149, 6.4305692], [2.3171758, 6.4305052]]}, "properties": {"kind": "single_owner", "winner": "Tankpè-Tanmè", "color": "#ce4b74", "length_m": 19.2, "virtual": false}}, {"type": "Feature", "geometry": {"type": "LineString", "coordinates": [[2.3175566, 6.4303759], [2.3177531, 6.4302673]]}, "properties": {"kind": "single_owner", "winner": "Tankpè-Tanmè", "color": "#ce4b74", "length_m": 24.8, "virtual": false}}, {"type": "Feature", "geometry": {"type": "LineString", "coordinates": [[2.3175566, 6.4303759], [2.3175191, 6.4303539]]}, "properties": {"kind": "single_owner", "winner": "Tankpè-Tanmè", "color": "#ce4b74", "length_m": 4.8, "virtual": false}}, {"type": "Feature", "geometry": {"type": "LineString", "coordinates": [[2.3177531, 6.4302673], [2.3178765, 6.4301874]]}, "properties": {"kind": "single_owner", "winner": "Tankpè-Tanmè", "color": "#ce4b74", "length_m": 16.3, "virtual": false}}, {"type": "Feature", "geometry": {"type": "LineString", "coordinates": [[2.3178765, 6.4301874], [2.3179221, 6.4304086]]}, "properties": {"kind": "single_owner", "winner": "Tankpè-Tanmè", "color": "#ce4b74", "length_m": 25.0, "virtual": false}}, {"type": "Feature", "geometry": {"type": "LineString", "coordinates": [[2.3166642, 6.4296783], [2.3174849, 6.4303286]]}, "properties": {"kind": "single_owner", "winner": "Tankpè-Tanmè", "color": "#ce4b74", "length_m": 115.8, "virtual": false}}, {"type": "Feature", "geometry": {"type": "LineString", "coordinates": [[2.3174849, 6.4303286], [2.3175191, 6.4303539]]}, "properties": {"kind": "single_owner", "winner": "Tankpè-Tanmè", "color": "#ce4b74", "length_m": 4.7, "virtual": false}}, {"type": "Feature", "geometry": {"type": "LineString", "coordinates": [[2.3179221, 6.4304086], [2.3179382, 6.4305392]]}, "properties": {"kind": "single_owner", "winner": "Tankpè-Tanmè", "color": "#ce4b74", "length_m": 14.5, "virtual": false}}, {"type": "Feature", "geometry": {"type": "LineString", "coordinates": [[2.3179382, 6.4305392], [2.3179114, 6.4306085]]}, "properties": {"kind": "single_owner", "winner": "Tankpè-Tanmè", "color": "#ce4b74", "length_m": 8.2, "virtual": false}}, {"type": "Feature", "geometry": {"type": "LineString", "coordinates": [[2.3109269, 6.43829], [2.311053, 6.4382713]]}, "properties": {"kind": "single_owner", "winner": "Houèto", "color": "#de47d2", "length_m": 14.1, "virtual": false}}, {"type": "Feature", "geometry": {"type": "LineString", "coordinates": [[2.311053, 6.4382713], [2.3113319, 6.4382979]]}, "properties": {"kind": "single_owner", "winner": "Houèto", "color": "#de47d2", "length_m": 31.0, "virtual": false}}, {"type": "Feature", "geometry": {"type": "LineString", "coordinates": [[2.3113319, 6.4382979], [2.3114875, 6.4382926]]}, "properties": {"kind": "single_owner", "winner": "Houèto", "color": "#de47d2", "length_m": 17.2, "virtual": false}}, {"type": "Feature", "geometry": {"type": "LineString", "coordinates": [[2.3114875, 6.4382926], [2.3116538, 6.4382713]]}, "properties": {"kind": "single_owner", "winner": "Houèto", "color": "#de47d2", "length_m": 18.5, "virtual": false}}, {"type": "Feature", "geometry": {"type": "LineString", "coordinates": [[2.3727862, 6.3847904], [2.3728333, 6.384619]]}, "properties": {"kind": "single_owner", "winner": "Agla-Les-Pylônes", "color": "#c74a93", "length_m": 19.6, "virtual": false}}, {"type": "Feature", "geometry": {"type": "LineString", "coordinates": [[2.3727862, 6.3847904], [2.3727433, 6.3849481]]}, "properties": {"kind": "single_owner", "winner": "Agla-Les-Pylônes", "color": "#c74a93", "length_m": 18.1, "virtual": false}}, {"type": "Feature", "geometry": {"type": "LineString", "coordinates": [[2.372727, 6.3849537], [2.3727433, 6.3849481]]}, "properties": {"kind": "single_owner", "winner": "Agla-Les-Pylônes", "color": "#c74a93", "length_m": 1.9, "virtual": false}}, {"type": "Feature", "geometry": {"type": "LineString", "coordinates": [[2.4224613, 6.3568268], [2.4246713, 6.3563377]]}, "properties": {"kind": "single_owner", "winner": "Gbèdiga-Guêdêhounguè", "color": "#abc93d", "length_m": 250.4, "virtual": false}}, {"type": "Feature", "geometry": {"type": "LineString", "coordinates": [[2.4349831, 6.3697313], [2.4350944, 6.3697273]]}, "properties": {"kind": "single_owner", "winner": "Bocossi-Tokpa", "color": "#ce4bda", "length_m": 12.3, "virtual": false}}, {"type": "Feature", "geometry": {"type": "LineString", "coordinates": [[2.4350944, 6.3697273], [2.4352325, 6.369746]]}, "properties": {"kind": "single_owner", "winner": "Bocossi-Tokpa", "color": "#ce4bda", "length_m": 15.4, "virtual": false}}, {"type": "Feature", "geometry": {"type": "LineString", "coordinates": [[2.4352325, 6.369746], [2.4356148, 6.3698366]]}, "properties": {"kind": "single_owner", "winner": "Bocossi-Tokpa", "color": "#ce4bda", "length_m": 43.5, "virtual": false}}, {"type": "Feature", "geometry": {"type": "LineString", "coordinates": [[2.3575839, 6.3876335], [2.3577261, 6.3874709]]}, "properties": {"kind": "single_owner", "winner": "Agla-Les-Pylônes", "color": "#c74a93", "length_m": 23.9, "virtual": false}}, {"type": "Feature", "geometry": {"type": "LineString", "coordinates": [[2.3575839, 6.3876335], [2.3573023, 6.3877695]]}, "properties": {"kind": "single_owner", "winner": "Agla-Les-Pylônes", "color": "#c74a93", "length_m": 34.6, "virtual": false}}, {"type": "Feature", "geometry": {"type": "LineString", "coordinates": [[2.3567591, 6.3876516], [2.356728, 6.3878114]]}, "properties": {"kind": "single_owner", "winner": "Agla-Les-Pylônes", "color": "#c74a93", "length_m": 18.0, "virtual": false}}, {"type": "Feature", "geometry": {"type": "LineString", "coordinates": [[2.3567176, 6.3885372], [2.3567095, 6.3884279]]}, "properties": {"kind": "single_owner", "winner": "Agla-Les-Pylônes", "color": "#c74a93", "length_m": 12.1, "virtual": false}}, {"type": "Feature", "geometry": {"type": "LineString", "coordinates": [[2.3567095, 6.3884279], [2.3570542, 6.3883452]]}, "properties": {"kind": "single_owner", "winner": "Agla-Les-Pylônes", "color": "#c74a93", "length_m": 39.2, "virtual": false}}, {"type": "Feature", "geometry": {"type": "LineString", "coordinates": [[2.3567095, 6.3884279], [2.3560256, 6.3885745]]}, "properties": {"kind": "single_owner", "winner": "Agla-Les-Pylônes", "color": "#c74a93", "length_m": 77.4, "virtual": false}}, {"type": "Feature", "geometry": {"type": "LineString", "coordinates": [[2.3567095, 6.3884279], [2.3567042, 6.3883719]]}, "properties": {"kind": "single_owner", "winner": "Agla-Les-Pylônes", "color": "#c74a93", "length_m": 6.2, "virtual": false}}, {"type": "Feature", "geometry": {"type": "LineString", "coordinates": [[2.3567042, 6.3883719], [2.3566961, 6.3881986]]}, "properties": {"kind": "single_owner", "winner": "Agla-Les-Pylônes", "color": "#c74a93", "length_m": 19.2, "virtual": false}}, {"type": "Feature", "geometry": {"type": "LineString", "coordinates": [[2.3566961, 6.3881986], [2.3566881, 6.3880867]]}, "properties": {"kind": "single_owner", "winner": "Agla-Les-Pylônes", "color": "#c74a93", "length_m": 12.4, "virtual": false}}, {"type": "Feature", "geometry": {"type": "LineString", "coordinates": [[2.3566881, 6.3880867], [2.356728, 6.3878114]]}, "properties": {"kind": "single_owner", "winner": "Agla-Les-Pylônes", "color": "#c74a93", "length_m": 30.8, "virtual": false}}, {"type": "Feature", "geometry": {"type": "LineString", "coordinates": [[2.356728, 6.3878114], [2.3569161, 6.3878148]]}, "properties": {"kind": "single_owner", "winner": "Agla-Les-Pylônes", "color": "#c74a93", "length_m": 20.8, "virtual": false}}, {"type": "Feature", "geometry": {"type": "LineString", "coordinates": [[2.356728, 6.3878114], [2.355988, 6.3879507]]}, "properties": {"kind": "single_owner", "winner": "Agla-Les-Pylônes", "color": "#c74a93", "length_m": 83.3, "virtual": false}}, {"type": "Feature", "geometry": {"type": "LineString", "coordinates": [[2.3529211, 6.3505612], [2.3533147, 6.350528]]}, "properties": {"kind": "single_owner", "winner": "Fidjrossè-Kpota", "color": "#53ce4b", "length_m": 43.7, "virtual": false}}, {"type": "Feature", "geometry": {"type": "LineString", "coordinates": [[2.3533147, 6.350528], [2.3554221, 6.3504103]]}, "properties": {"kind": "single_owner", "winner": "Fidjrossè-Kpota", "color": "#53ce4b", "length_m": 233.5, "virtual": false}}, {"type": "Feature", "geometry": {"type": "LineString", "coordinates": [[2.3554221, 6.3504103], [2.3574708, 6.3502961]]}, "properties": {"kind": "single_owner", "winner": "Fidjrossè-Kpota", "color": "#53ce4b", "length_m": 227.0, "virtual": false}}, {"type": "Feature", "geometry": {"type": "LineString", "coordinates": [[2.3574708, 6.3502961], [2.3579495, 6.3502414]]}, "properties": {"kind": "single_owner", "winner": "Fidjrossè-Kpota", "color": "#53ce4b", "length_m": 53.3, "virtual": false}}, {"type": "Feature", "geometry": {"type": "LineString", "coordinates": [[2.3579495, 6.3502414], [2.3582915, 6.3501987]]}, "properties": {"kind": "single_owner", "winner": "Fidjrossè-Kpota", "color": "#53ce4b", "length_m": 38.1, "virtual": false}}, {"type": "Feature", "geometry": {"type": "LineString", "coordinates": [[2.3582915, 6.3501987], [2.3584852, 6.3501744]]}, "properties": {"kind": "single_owner", "winner": "Fidjrossè-Kpota", "color": "#53ce4b", "length_m": 21.6, "virtual": false}}, {"type": "Feature", "geometry": {"type": "LineString", "coordinates": [[2.3584852, 6.3501744], [2.3595084, 6.3500078]]}, "properties": {"kind": "single_owner", "winner": "Fidjrossè-Kpota", "color": "#53ce4b", "length_m": 114.7, "virtual": false}}, {"type": "Feature", "geometry": {"type": "LineString", "coordinates": [[2.3595084, 6.3500078], [2.3605245, 6.3498509]]}, "properties": {"kind": "single_owner", "winner": "Fidjrossè-Kpota", "color": "#53ce4b", "length_m": 113.7, "virtual": false}}, {"type": "Feature", "geometry": {"type": "LineString", "coordinates": [[2.402743, 6.3884572], [2.4044147, 6.3896582]]}, "properties": {"kind": "single_owner", "winner": "Fifadji", "color": "#a24aca", "length_m": 227.7, "virtual": false}}, {"type": "Feature", "geometry": {"type": "LineString", "coordinates": [[2.3581821, 6.3882346], [2.3578334, 6.3883186]]}, "properties": {"kind": "single_owner", "winner": "Agla-Les-Pylônes", "color": "#c74a93", "length_m": 39.7, "virtual": false}}, {"type": "Feature", "geometry": {"type": "LineString", "coordinates": [[2.3578334, 6.3883186], [2.3579077, 6.3888815]]}, "properties": {"kind": "single_owner", "winner": "Agla-Les-Pylônes", "color": "#c74a93", "length_m": 62.8, "virtual": false}}, {"type": "Feature", "geometry": {"type": "LineString", "coordinates": [[2.3579077, 6.3888815], [2.3579196, 6.3889711]]}, "properties": {"kind": "single_owner", "winner": "Agla-Les-Pylônes", "color": "#c74a93", "length_m": 10.0, "virtual": false}}, {"type": "Feature", "geometry": {"type": "LineString", "coordinates": [[2.3579077, 6.3888815], [2.3582853, 6.3888277]]}, "properties": {"kind": "single_owner", "winner": "Agla-Les-Pylônes", "color": "#c74a93", "length_m": 42.2, "virtual": false}}, {"type": "Feature", "geometry": {"type": "LineString", "coordinates": [[2.3039856, 6.3886615], [2.3038868, 6.388659]]}, "properties": {"kind": "single_owner", "winner": "Cocotomey", "color": "#88d347", "length_m": 10.9, "virtual": false}}, {"type": "Feature", "geometry": {"type": "LineString", "coordinates": [[2.4391432, 6.3698673], [2.439166, 6.36981]]}, "properties": {"kind": "single_owner", "winner": "Dédokpo", "color": "#cf4d46", "length_m": 6.8, "virtual": false}}, {"type": "Feature", "geometry": {"type": "LineString", "coordinates": [[2.439166, 6.36981], [2.4391875, 6.3697553]]}, "properties": {"kind": "single_owner", "winner": "Dédokpo", "color": "#cf4d46", "length_m": 6.5, "virtual": false}}, {"type": "Feature", "geometry": {"type": "LineString", "coordinates": [[2.3070994, 6.3856437], [2.3071102, 6.3855251]]}, "properties": {"kind": "single_owner", "winner": "Logbozounkpa", "color": "#ce4c79", "length_m": 13.2, "virtual": false}}, {"type": "Feature", "geometry": {"type": "LineString", "coordinates": [[2.3264017, 6.3618208], [2.3263941, 6.3622248]]}, "properties": {"kind": "single_owner", "winner": "Togbin-Kpèvi", "color": "#d93da2", "length_m": 44.7, "virtual": false}}, {"type": "Feature", "geometry": {"type": "LineString", "coordinates": [[2.384577, 6.3825763], [2.3846176, 6.3825263]]}, "properties": {"kind": "single_owner", "winner": "Sètôvi", "color": "#da4a4f", "length_m": 7.1, "virtual": false}}, {"type": "Feature", "geometry": {"type": "LineString", "coordinates": [[2.3846176, 6.3825263], [2.3846434, 6.382477]]}, "properties": {"kind": "single_owner", "winner": "Sètôvi", "color": "#da4a4f", "length_m": 6.2, "virtual": false}}, {"type": "Feature", "geometry": {"type": "LineString", "coordinates": [[2.3846434, 6.382477], [2.3846863, 6.3823977]]}, "properties": {"kind": "single_owner", "winner": "Sètôvi", "color": "#da4a4f", "length_m": 10.0, "virtual": false}}, {"type": "Feature", "geometry": {"type": "LineString", "coordinates": [[2.401379, 6.3763208], [2.4015105, 6.3763075]]}, "properties": {"kind": "single_owner", "winner": "Agontinkon", "color": "#db5a43", "length_m": 14.6, "virtual": false}}, {"type": "Feature", "geometry": {"type": "LineString", "coordinates": [[2.4015105, 6.3763075], [2.4016097, 6.3762915]]}, "properties": {"kind": "single_owner", "winner": "Agontinkon", "color": "#db5a43", "length_m": 11.1, "virtual": false}}, {"type": "Feature", "geometry": {"type": "LineString", "coordinates": [[2.4027014, 6.3760729], [2.4031627, 6.3759529]]}, "properties": {"kind": "single_owner", "winner": "Agontinkon", "color": "#db5a43", "length_m": 52.7, "virtual": false}}, {"type": "Feature", "geometry": {"type": "LineString", "coordinates": [[2.4031627, 6.3759529], [2.4034256, 6.3758756]]}, "properties": {"kind": "single_owner", "winner": "Agontinkon", "color": "#db5a43", "length_m": 30.3, "virtual": false}}, {"type": "Feature", "geometry": {"type": "LineString", "coordinates": [[2.4034256, 6.3758756], [2.4036428, 6.3757957]]}, "properties": {"kind": "single_owner", "winner": "Agontinkon", "color": "#db5a43", "length_m": 25.6, "virtual": false}}, {"type": "Feature", "geometry": {"type": "LineString", "coordinates": [[2.4036428, 6.3757957], [2.403793, 6.3757424]]}, "properties": {"kind": "single_owner", "winner": "Agontinkon", "color": "#db5a43", "length_m": 17.6, "virtual": false}}, {"type": "Feature", "geometry": {"type": "LineString", "coordinates": [[2.4457154, 6.3591322], [2.4456662, 6.3592722]]}, "properties": {"kind": "single_owner", "winner": "Énagnon", "color": "#68cf45", "length_m": 16.4, "virtual": false}}, {"type": "Feature", "geometry": {"type": "LineString", "coordinates": [[2.4457154, 6.3591322], [2.4461089, 6.3592726]]}, "properties": {"kind": "single_owner", "winner": "Énagnon", "color": "#68cf45", "length_m": 46.2, "virtual": false}}, {"type": "Feature", "geometry": {"type": "LineString", "coordinates": [[2.4456662, 6.3592722], [2.4454935, 6.3592123]]}, "properties": {"kind": "single_owner", "winner": "Énagnon", "color": "#68cf45", "length_m": 20.2, "virtual": false}}, {"type": "Feature", "geometry": {"type": "LineString", "coordinates": [[2.4458951, 6.3903229], [2.4458939, 6.3902188]]}, "properties": {"kind": "single_owner", "winner": "Agbodjèdo", "color": "#88d040", "length_m": 11.5, "virtual": false}}, {"type": "Feature", "geometry": {"type": "LineString", "coordinates": [[2.4458939, 6.3902188], [2.4458978, 6.3900461]]}, "properties": {"kind": "single_owner", "winner": "Agbodjèdo", "color": "#88d040", "length_m": 19.1, "virtual": false}}, {"type": "Feature", "geometry": {"type": "LineString", "coordinates": [[2.4500585, 6.3929526], [2.4498467, 6.3930469]]}, "properties": {"kind": "single_owner", "winner": "Agbodjèdo", "color": "#88d040", "length_m": 25.6, "virtual": false}}, {"type": "Feature", "geometry": {"type": "LineString", "coordinates": [[2.4498467, 6.3930469], [2.4497497, 6.3930794]]}, "properties": {"kind": "single_owner", "winner": "Agbodjèdo", "color": "#88d040", "length_m": 11.3, "virtual": false}}, {"type": "Feature", "geometry": {"type": "LineString", "coordinates": [[2.4825095, 6.3733136], [2.4823575, 6.3738399]]}, "properties": {"kind": "single_owner", "winner": "Dandji", "color": "#c150dd", "length_m": 60.6, "virtual": false}}, {"type": "Feature", "geometry": {"type": "LineString", "coordinates": [[2.4825095, 6.3733136], [2.4819743, 6.3732837]]}, "properties": {"kind": "single_owner", "winner": "Dandji", "color": "#c150dd", "length_m": 59.3, "virtual": false}}, {"type": "Feature", "geometry": {"type": "LineString", "coordinates": [[2.4825095, 6.3733136], [2.4834774, 6.3733739]]}, "properties": {"kind": "single_owner", "winner": "Dandji", "color": "#c150dd", "length_m": 107.3, "virtual": false}}, {"type": "Feature", "geometry": {"type": "LineString", "coordinates": [[2.4823575, 6.3738399], [2.4827304, 6.3739617]]}, "properties": {"kind": "single_owner", "winner": "Dandji", "color": "#c150dd", "length_m": 43.4, "virtual": false}}, {"type": "Feature", "geometry": {"type": "LineString", "coordinates": [[2.4827304, 6.3739617], [2.48265, 6.3742016]]}, "properties": {"kind": "single_owner", "winner": "Dandji", "color": "#c150dd", "length_m": 28.0, "virtual": false}}, {"type": "Feature", "geometry": {"type": "LineString", "coordinates": [[2.4839991, 6.3734126], [2.4842995, 6.3734659]]}, "properties": {"kind": "single_owner", "winner": "Dandji", "color": "#c150dd", "length_m": 33.8, "virtual": false}}, {"type": "Feature", "geometry": {"type": "LineString", "coordinates": [[2.4839991, 6.3734126], [2.4834774, 6.3733739]]}, "properties": {"kind": "single_owner", "winner": "Dandji", "color": "#c150dd", "length_m": 57.9, "virtual": false}}, {"type": "Feature", "geometry": {"type": "LineString", "coordinates": [[2.4786857, 6.3730823], [2.4759275, 6.3729871]]}, "properties": {"kind": "single_owner", "winner": "Dandji", "color": "#c150dd", "length_m": 305.3, "virtual": false}}, {"type": "Feature", "geometry": {"type": "LineString", "coordinates": [[2.4038011, 6.3872684], [2.4036708, 6.3874263]]}, "properties": {"kind": "single_owner", "winner": "Fifadji", "color": "#a24aca", "length_m": 22.6, "virtual": false}}, {"type": "Feature", "geometry": {"type": "LineString", "coordinates": [[2.4036708, 6.3874263], [2.4035838, 6.3875216]]}, "properties": {"kind": "single_owner", "winner": "Fifadji", "color": "#a24aca", "length_m": 14.3, "virtual": false}}, {"type": "Feature", "geometry": {"type": "LineString", "coordinates": [[2.3965853, 6.3860423], [2.3966959, 6.3860102]]}, "properties": {"kind": "single_owner", "winner": "Gbénonkpô", "color": "#dc8c41", "length_m": 12.7, "virtual": false}}, {"type": "Feature", "geometry": {"type": "LineString", "coordinates": [[2.3781149, 6.3792849], [2.3780894, 6.3793129]]}, "properties": {"kind": "single_owner", "winner": "Kouhounou", "color": "#dcca40", "length_m": 4.2, "virtual": false}}, {"type": "Feature", "geometry": {"type": "LineString", "coordinates": [[2.3780894, 6.3793129], [2.3780519, 6.3793303]]}, "properties": {"kind": "single_owner", "winner": "Kouhounou", "color": "#dcca40", "length_m": 4.6, "virtual": false}}, {"type": "Feature", "geometry": {"type": "LineString", "coordinates": [[2.3552554, 6.3889183], [2.3552571, 6.3887891]]}, "properties": {"kind": "single_owner", "winner": "Agla-Les-Pylônes", "color": "#c74a93", "length_m": 14.3, "virtual": false}}, {"type": "Feature", "geometry": {"type": "LineString", "coordinates": [[2.3552554, 6.3889183], [2.3552826, 6.388893]]}, "properties": {"kind": "single_owner", "winner": "Agla-Les-Pylônes", "color": "#c74a93", "length_m": 4.1, "virtual": false}}, {"type": "Feature", "geometry": {"type": "LineString", "coordinates": [[2.3552826, 6.388893], [2.3552906, 6.388869]]}, "properties": {"kind": "single_owner", "winner": "Agla-Les-Pylônes", "color": "#c74a93", "length_m": 2.8, "virtual": false}}, {"type": "Feature", "geometry": {"type": "LineString", "coordinates": [[2.3552906, 6.388869], [2.355296, 6.3888344]]}, "properties": {"kind": "single_owner", "winner": "Agla-Les-Pylônes", "color": "#c74a93", "length_m": 3.9, "virtual": false}}, {"type": "Feature", "geometry": {"type": "LineString", "coordinates": [[2.355296, 6.3888344], [2.3553054, 6.388813]]}, "properties": {"kind": "single_owner", "winner": "Agla-Les-Pylônes", "color": "#c74a93", "length_m": 2.6, "virtual": false}}, {"type": "Feature", "geometry": {"type": "LineString", "coordinates": [[2.3553054, 6.388813], [2.3553094, 6.3887891]]}, "properties": {"kind": "single_owner", "winner": "Agla-Les-Pylônes", "color": "#c74a93", "length_m": 2.7, "virtual": false}}, {"type": "Feature", "geometry": {"type": "LineString", "coordinates": [[2.3553094, 6.3887891], [2.3553121, 6.3887344]]}, "properties": {"kind": "single_owner", "winner": "Agla-Les-Pylônes", "color": "#c74a93", "length_m": 6.1, "virtual": false}}, {"type": "Feature", "geometry": {"type": "LineString", "coordinates": [[2.3552571, 6.3887891], [2.3552531, 6.3887584]]}, "properties": {"kind": "single_owner", "winner": "Agla-Les-Pylônes", "color": "#c74a93", "length_m": 3.4, "virtual": false}}, {"type": "Feature", "geometry": {"type": "LineString", "coordinates": [[2.3552531, 6.3887584], [2.3552437, 6.3887331]]}, "properties": {"kind": "single_owner", "winner": "Agla-Les-Pylônes", "color": "#c74a93", "length_m": 3.0, "virtual": false}}, {"type": "Feature", "geometry": {"type": "LineString", "coordinates": [[2.3552437, 6.3887331], [2.3552383, 6.3887024]]}, "properties": {"kind": "single_owner", "winner": "Agla-Les-Pylônes", "color": "#c74a93", "length_m": 3.4, "virtual": false}}, {"type": "Feature", "geometry": {"type": "LineString", "coordinates": [[2.3552383, 6.3887024], [2.3552383, 6.3886651]]}, "properties": {"kind": "single_owner", "winner": "Agla-Les-Pylônes", "color": "#c74a93", "length_m": 4.1, "virtual": false}}, {"type": "Feature", "geometry": {"type": "LineString", "coordinates": [[2.3552383, 6.3886651], [2.3552451, 6.3884465]]}, "properties": {"kind": "single_owner", "winner": "Agla-Les-Pylônes", "color": "#c74a93", "length_m": 24.2, "virtual": false}}, {"type": "Feature", "geometry": {"type": "LineString", "coordinates": [[2.3570542, 6.3883452], [2.357081, 6.3883372]]}, "properties": {"kind": "single_owner", "winner": "Agla-Les-Pylônes", "color": "#c74a93", "length_m": 3.1, "virtual": false}}, {"type": "Feature", "geometry": {"type": "LineString", "coordinates": [[2.357081, 6.3883372], [2.3571119, 6.3883319]]}, "properties": {"kind": "single_owner", "winner": "Agla-Les-Pylônes", "color": "#c74a93", "length_m": 3.5, "virtual": false}}, {"type": "Feature", "geometry": {"type": "LineString", "coordinates": [[2.3571119, 6.3883319], [2.3571669, 6.3883346]]}, "properties": {"kind": "single_owner", "winner": "Agla-Les-Pylônes", "color": "#c74a93", "length_m": 6.1, "virtual": false}}, {"type": "Feature", "geometry": {"type": "LineString", "coordinates": [[2.3571669, 6.3883346], [2.3572031, 6.3883359]]}, "properties": {"kind": "single_owner", "winner": "Agla-Les-Pylônes", "color": "#c74a93", "length_m": 4.0, "virtual": false}}, {"type": "Feature", "geometry": {"type": "LineString", "coordinates": [[2.3572031, 6.3883359], [2.357242, 6.3883332]]}, "properties": {"kind": "single_owner", "winner": "Agla-Les-Pylônes", "color": "#c74a93", "length_m": 4.3, "virtual": false}}, {"type": "Feature", "geometry": {"type": "LineString", "coordinates": [[2.357242, 6.3883332], [2.3574109, 6.3883026]]}, "properties": {"kind": "single_owner", "winner": "Agla-Les-Pylônes", "color": "#c74a93", "length_m": 19.0, "virtual": false}}, {"type": "Feature", "geometry": {"type": "LineString", "coordinates": [[2.4270532, 6.3530488], [2.427076, 6.3528522]]}, "properties": {"kind": "single_owner", "winner": "Zongo-Nima", "color": "#d440ad", "length_m": 21.9, "virtual": false}}, {"type": "Feature", "geometry": {"type": "LineString", "coordinates": [[2.4265704, 6.3540091], [2.4269995, 6.3539904]]}, "properties": {"kind": "single_owner", "winner": "Zongo-Ehuzu", "color": "#8dc93f", "length_m": 47.5, "virtual": false}}, {"type": "Feature", "geometry": {"type": "LineString", "coordinates": [[2.3600051, 6.6025739], [2.360283, 6.6026106]]}, "properties": {"kind": "single_owner", "winner": "Sokan", "color": "#d040bd", "length_m": 31.0, "virtual": false}}, {"type": "Feature", "geometry": {"type": "LineString", "coordinates": [[2.360283, 6.6026106], [2.3604049, 6.6026415]]}, "properties": {"kind": "single_owner", "winner": "Sokan", "color": "#d040bd", "length_m": 13.9, "virtual": false}}, {"type": "Feature", "geometry": {"type": "LineString", "coordinates": [[2.3604049, 6.6026415], [2.3605637, 6.6026612]]}, "properties": {"kind": "single_owner", "winner": "Sokan", "color": "#d040bd", "length_m": 17.7, "virtual": false}}, {"type": "Feature", "geometry": {"type": "LineString", "coordinates": [[2.3605637, 6.6026612], [2.3606856, 6.602695]]}, "properties": {"kind": "single_owner", "winner": "Sokan", "color": "#d040bd", "length_m": 14.0, "virtual": false}}, {"type": "Feature", "geometry": {"type": "LineString", "coordinates": [[2.3606856, 6.602695], [2.3607876, 6.6026922]]}, "properties": {"kind": "single_owner", "winner": "Sokan", "color": "#d040bd", "length_m": 11.3, "virtual": false}}, {"type": "Feature", "geometry": {"type": "LineString", "coordinates": [[2.3607876, 6.6026922], [2.3608302, 6.6026894]]}, "properties": {"kind": "single_owner", "winner": "Sokan", "color": "#d040bd", "length_m": 4.7, "virtual": false}}, {"type": "Feature", "geometry": {"type": "LineString", "coordinates": [[2.3573676, 6.6037657], [2.3573756, 6.6036304]]}, "properties": {"kind": "single_owner", "winner": "Sokan", "color": "#d040bd", "length_m": 15.0, "virtual": false}}, {"type": "Feature", "geometry": {"type": "LineString", "coordinates": [[2.3573756, 6.6036304], [2.3573427, 6.6034452]]}, "properties": {"kind": "single_owner", "winner": "Sokan", "color": "#d040bd", "length_m": 20.8, "virtual": false}}, {"type": "Feature", "geometry": {"type": "LineString", "coordinates": [[2.3573427, 6.6034452], [2.3572584, 6.6032676]]}, "properties": {"kind": "single_owner", "winner": "Sokan", "color": "#d040bd", "length_m": 21.7, "virtual": false}}, {"type": "Feature", "geometry": {"type": "LineString", "coordinates": [[2.3572584, 6.6032676], [2.3572832, 6.6030679]]}, "properties": {"kind": "single_owner", "winner": "Sokan", "color": "#d040bd", "length_m": 22.2, "virtual": false}}, {"type": "Feature", "geometry": {"type": "LineString", "coordinates": [[2.3572832, 6.6030679], [2.3572335, 6.6027425]]}, "properties": {"kind": "single_owner", "winner": "Sokan", "color": "#d040bd", "length_m": 36.4, "virtual": false}}, {"type": "Feature", "geometry": {"type": "LineString", "coordinates": [[2.3595253, 6.6034415], [2.3593013, 6.603419]]}, "properties": {"kind": "single_owner", "winner": "Sokan", "color": "#d040bd", "length_m": 24.9, "virtual": false}}, {"type": "Feature", "geometry": {"type": "LineString", "coordinates": [[2.4060139, 6.3653757], [2.4058248, 6.3656196]]}, "properties": {"kind": "single_owner", "winner": "Gbégamey-Ahito", "color": "#3bd54b", "length_m": 34.1, "virtual": false}}, {"type": "Feature", "geometry": {"type": "LineString", "coordinates": [[2.4058248, 6.3656196], [2.4057785, 6.3656855]]}, "properties": {"kind": "single_owner", "winner": "Gbégamey-Ahito", "color": "#3bd54b", "length_m": 8.9, "virtual": false}}, {"type": "Feature", "geometry": {"type": "LineString", "coordinates": [[2.4057785, 6.3656855], [2.4057497, 6.3657408]]}, "properties": {"kind": "single_owner", "winner": "Gbégamey-Ahito", "color": "#3bd54b", "length_m": 6.9, "virtual": false}}, {"type": "Feature", "geometry": {"type": "LineString", "coordinates": [[2.4057497, 6.3657408], [2.4057162, 6.3658395]]}, "properties": {"kind": "single_owner", "winner": "Gbégamey-Ahito", "color": "#3bd54b", "length_m": 11.5, "virtual": false}}, {"type": "Feature", "geometry": {"type": "LineString", "coordinates": [[2.4055982, 6.3657235], [2.4056873, 6.3656165]]}, "properties": {"kind": "single_owner", "winner": "Gbégamey-Dodo-Ayidjè", "color": "#d64b9a", "length_m": 15.4, "virtual": false}}, {"type": "Feature", "geometry": {"type": "LineString", "coordinates": [[2.4056873, 6.3656165], [2.4059415, 6.365285]]}, "properties": {"kind": "single_owner", "winner": "Gbégamey-Dodo-Ayidjè", "color": "#d64b9a", "length_m": 46.2, "virtual": false}}, {"type": "Feature", "geometry": {"type": "LineString", "coordinates": [[2.4059415, 6.365285], [2.4063009, 6.3648345]]}, "properties": {"kind": "single_owner", "winner": "Gbégamey-Dodo-Ayidjè", "color": "#d64b9a", "length_m": 63.7, "virtual": false}}, {"type": "Feature", "geometry": {"type": "LineString", "coordinates": [[2.4063009, 6.3648345], [2.4066335, 6.3644133]]}, "properties": {"kind": "single_owner", "winner": "Gbégamey-Dodo-Ayidjè", "color": "#d64b9a", "length_m": 59.3, "virtual": false}}, {"type": "Feature", "geometry": {"type": "LineString", "coordinates": [[2.4066335, 6.3644133], [2.4069098, 6.3640615]]}, "properties": {"kind": "single_owner", "winner": "Gbégamey-Dodo-Ayidjè", "color": "#d64b9a", "length_m": 49.5, "virtual": false}}, {"type": "Feature", "geometry": {"type": "LineString", "coordinates": [[2.4069098, 6.3640615], [2.4075334, 6.3632911]]}, "properties": {"kind": "single_owner", "winner": "Gbégamey-Dodo-Ayidjè", "color": "#d64b9a", "length_m": 109.6, "virtual": false}}, {"type": "Feature", "geometry": {"type": "LineString", "coordinates": [[2.4075334, 6.3632911], [2.4080108, 6.362698]]}, "properties": {"kind": "single_owner", "winner": "Gbégamey-Dodo-Ayidjè", "color": "#d64b9a", "length_m": 84.2, "virtual": false}}, {"type": "Feature", "geometry": {"type": "LineString", "coordinates": [[2.4138406, 6.3588607], [2.4146131, 6.3586741]]}, "properties": {"kind": "single_owner", "winner": "Gbégamey-Mifongou", "color": "#4fd575", "length_m": 87.9, "virtual": false}}, {"type": "Feature", "geometry": {"type": "LineString", "coordinates": [[2.4246715, 6.3562419], [2.4245323, 6.3560441]]}, "properties": {"kind": "single_owner", "winner": "Gbèdiga-Guêdêhounguè", "color": "#abc93d", "length_m": 26.7, "virtual": false}}, {"type": "Feature", "geometry": {"type": "LineString", "coordinates": [[2.4245323, 6.3560441], [2.4243629, 6.3558719]]}, "properties": {"kind": "single_owner", "winner": "Gbèdiga-Guêdêhounguè", "color": "#abc93d", "length_m": 26.7, "virtual": false}}, {"type": "Feature", "geometry": {"type": "LineString", "coordinates": [[2.3970104, 6.3691796], [2.3969467, 6.3691236]]}, "properties": {"kind": "single_owner", "winner": "Vodjè-Finagnon", "color": "#d2794a", "length_m": 9.4, "virtual": false}}, {"type": "Feature", "geometry": {"type": "LineString", "coordinates": [[2.3116375, 6.435981], [2.3116739, 6.4361137]]}, "properties": {"kind": "single_owner", "winner": "Houèto", "color": "#de47d2", "length_m": 15.2, "virtual": false}}, {"type": "Feature", "geometry": {"type": "LineString", "coordinates": [[2.4467354, 6.357405], [2.446717, 6.3573745]]}, "properties": {"kind": "single_owner", "winner": "Xwlacôdji-Kpodji", "color": "#41d477", "length_m": 3.9, "virtual": false}}, {"type": "Feature", "geometry": {"type": "LineString", "coordinates": [[2.4467354, 6.357405], [2.4467428, 6.3574379]]}, "properties": {"kind": "single_owner", "winner": "Xwlacôdji-Kpodji", "color": "#41d477", "length_m": 3.7, "virtual": false}}, {"type": "Feature", "geometry": {"type": "LineString", "coordinates": [[2.4472109, 6.3571329], [2.4477046, 6.356802]]}, "properties": {"kind": "single_owner", "winner": "Énagnon", "color": "#68cf45", "length_m": 65.7, "virtual": false}}, {"type": "Feature", "geometry": {"type": "LineString", "coordinates": [[2.4477046, 6.356802], [2.4483844, 6.3563578]]}, "properties": {"kind": "single_owner", "winner": "Énagnon", "color": "#68cf45", "length_m": 89.8, "virtual": false}}, {"type": "Feature", "geometry": {"type": "LineString", "coordinates": [[2.4483844, 6.3563578], [2.4491661, 6.3558184]]}, "properties": {"kind": "single_owner", "winner": "Énagnon", "color": "#68cf45", "length_m": 105.0, "virtual": false}}, {"type": "Feature", "geometry": {"type": "LineString", "coordinates": [[2.4466755, 6.3575458], [2.4467044, 6.3575281]]}, "properties": {"kind": "single_owner", "winner": "Xwlacôdji-Kpodji", "color": "#41d477", "length_m": 3.7, "virtual": false}}, {"type": "Feature", "geometry": {"type": "LineString", "coordinates": [[2.4466755, 6.3575458], [2.4466445, 6.3575537]]}, "properties": {"kind": "single_owner", "winner": "Xwlacôdji-Kpodji", "color": "#41d477", "length_m": 3.5, "virtual": false}}, {"type": "Feature", "geometry": {"type": "LineString", "coordinates": [[2.4443897, 6.3590772], [2.4443046, 6.3592154]]}, "properties": {"kind": "single_owner", "winner": "Xwlacôdji-Kpodji", "color": "#41d477", "length_m": 17.9, "virtual": false}}, {"type": "Feature", "geometry": {"type": "LineString", "coordinates": [[2.4443897, 6.3590772], [2.4444801, 6.3589565]]}, "properties": {"kind": "single_owner", "winner": "Xwlacôdji-Kpodji", "color": "#41d477", "length_m": 16.7, "virtual": false}}, {"type": "Feature", "geometry": {"type": "LineString", "coordinates": [[2.4443897, 6.3590772], [2.4445252, 6.3591149]]}, "properties": {"kind": "single_owner", "winner": "Xwlacôdji-Kpodji", "color": "#41d477", "length_m": 15.6, "virtual": false}}, {"type": "Feature", "geometry": {"type": "LineString", "coordinates": [[2.4445252, 6.3591149], [2.4446097, 6.3590256]]}, "properties": {"kind": "single_owner", "winner": "Xwlacôdji-Kpodji", "color": "#41d477", "length_m": 13.6, "virtual": false}}, {"type": "Feature", "geometry": {"type": "LineString", "coordinates": [[2.4446097, 6.3590256], [2.4444801, 6.3589565]]}, "properties": {"kind": "single_owner", "winner": "Xwlacôdji-Kpodji", "color": "#41d477", "length_m": 16.2, "virtual": false}}, {"type": "Feature", "geometry": {"type": "LineString", "coordinates": [[2.4444801, 6.3589565], [2.4446262, 6.3587197]]}, "properties": {"kind": "single_owner", "winner": "Xwlacôdji-Kpodji", "color": "#41d477", "length_m": 30.8, "virtual": false}}, {"type": "Feature", "geometry": {"type": "LineString", "coordinates": [[2.3630328, 6.5116268], [2.3630355, 6.5114723]]}, "properties": {"kind": "single_owner", "winner": "Akassato", "color": "#d553dc", "length_m": 17.1, "virtual": false}}, {"type": "Feature", "geometry": {"type": "LineString", "coordinates": [[2.3630355, 6.5114723], [2.3630288, 6.5110725]]}, "properties": {"kind": "single_owner", "winner": "Akassato", "color": "#d553dc", "length_m": 44.2, "virtual": false}}, {"type": "Feature", "geometry": {"type": "LineString", "coordinates": [[2.3630168, 6.5108114], [2.3630154, 6.5106541]]}, "properties": {"kind": "single_owner", "winner": "Akassato", "color": "#d553dc", "length_m": 17.4, "virtual": false}}, {"type": "Feature", "geometry": {"type": "LineString", "coordinates": [[2.3630154, 6.5106541], [2.3630261, 6.5104103]]}, "properties": {"kind": "single_owner", "winner": "Akassato", "color": "#d553dc", "length_m": 27.0, "virtual": false}}, {"type": "Feature", "geometry": {"type": "LineString", "coordinates": [[2.3634902, 6.5020291], [2.3634312, 6.5018559]]}, "properties": {"kind": "single_owner", "winner": "Akassato", "color": "#d553dc", "length_m": 20.2, "virtual": false}}, {"type": "Feature", "geometry": {"type": "LineString", "coordinates": [[2.3634312, 6.5018559], [2.3633695, 6.5016187]]}, "properties": {"kind": "single_owner", "winner": "Akassato", "color": "#d553dc", "length_m": 27.1, "virtual": false}}, {"type": "Feature", "geometry": {"type": "LineString", "coordinates": [[2.3633695, 6.5016187], [2.3633185, 6.5013975]]}, "properties": {"kind": "single_owner", "winner": "Akassato", "color": "#d553dc", "length_m": 25.1, "virtual": false}}, {"type": "Feature", "geometry": {"type": "LineString", "coordinates": [[2.3633185, 6.5013975], [2.3632809, 6.5011843]]}, "properties": {"kind": "single_owner", "winner": "Akassato", "color": "#d553dc", "length_m": 23.9, "virtual": false}}, {"type": "Feature", "geometry": {"type": "LineString", "coordinates": [[2.3630905, 6.5106222], [2.3630999, 6.510862]]}, "properties": {"kind": "single_owner", "winner": "Akassato", "color": "#d553dc", "length_m": 26.5, "virtual": false}}, {"type": "Feature", "geometry": {"type": "LineString", "coordinates": [[2.3630999, 6.510862], [2.3631024, 6.5109712]]}, "properties": {"kind": "single_owner", "winner": "Akassato", "color": "#d553dc", "length_m": 12.1, "virtual": false}}, {"type": "Feature", "geometry": {"type": "LineString", "coordinates": [[2.363112, 6.511335], [2.3631147, 6.5116268]]}, "properties": {"kind": "single_owner", "winner": "Akassato", "color": "#d553dc", "length_m": 32.3, "virtual": false}}, {"type": "Feature", "geometry": {"type": "LineString", "coordinates": [[2.311281, 6.4366508], [2.3112521, 6.4366438]]}, "properties": {"kind": "single_owner", "winner": "Houèto", "color": "#de47d2", "length_m": 3.3, "virtual": false}}, {"type": "Feature", "geometry": {"type": "LineString", "coordinates": [[2.3112521, 6.4366438], [2.3112233, 6.4366241]]}, "properties": {"kind": "single_owner", "winner": "Houèto", "color": "#de47d2", "length_m": 3.9, "virtual": false}}, {"type": "Feature", "geometry": {"type": "LineString", "coordinates": [[2.3112233, 6.4366241], [2.3111737, 6.4365682]]}, "properties": {"kind": "single_owner", "winner": "Houèto", "color": "#de47d2", "length_m": 8.3, "virtual": false}}, {"type": "Feature", "geometry": {"type": "LineString", "coordinates": [[2.3111737, 6.4365682], [2.3111106, 6.4364762]]}, "properties": {"kind": "single_owner", "winner": "Houèto", "color": "#de47d2", "length_m": 12.3, "virtual": false}}, {"type": "Feature", "geometry": {"type": "LineString", "coordinates": [[2.3592657, 6.3877588], [2.3590189, 6.3876362]]}, "properties": {"kind": "single_owner", "winner": "Agla-Les-Pylônes", "color": "#c74a93", "length_m": 30.5, "virtual": false}}, {"type": "Feature", "geometry": {"type": "LineString", "coordinates": [[2.3590189, 6.3876362], [2.3589277, 6.3874976]]}, "properties": {"kind": "single_owner", "winner": "Agla-Les-Pylônes", "color": "#c74a93", "length_m": 18.3, "virtual": false}}, {"type": "Feature", "geometry": {"type": "LineString", "coordinates": [[2.3589277, 6.3874976], [2.3587936, 6.3874016]]}, "properties": {"kind": "single_owner", "winner": "Agla-Les-Pylônes", "color": "#c74a93", "length_m": 18.2, "virtual": false}}, {"type": "Feature", "geometry": {"type": "LineString", "coordinates": [[2.3587936, 6.3874016], [2.3585844, 6.3874336]]}, "properties": {"kind": "single_owner", "winner": "Agla-Les-Pylônes", "color": "#c74a93", "length_m": 23.4, "virtual": false}}, {"type": "Feature", "geometry": {"type": "LineString", "coordinates": [[2.3585844, 6.3874336], [2.3579085, 6.3874443]]}, "properties": {"kind": "single_owner", "winner": "Agla-Les-Pylônes", "color": "#c74a93", "length_m": 74.8, "virtual": false}}, {"type": "Feature", "geometry": {"type": "LineString", "coordinates": [[2.3579085, 6.3874443], [2.3577261, 6.3874709]]}, "properties": {"kind": "single_owner", "winner": "Agla-Les-Pylônes", "color": "#c74a93", "length_m": 20.4, "virtual": false}}, {"type": "Feature", "geometry": {"type": "LineString", "coordinates": [[2.3573023, 6.3877695], [2.3569161, 6.3878148]]}, "properties": {"kind": "single_owner", "winner": "Agla-Les-Pylônes", "color": "#c74a93", "length_m": 43.0, "virtual": false}}, {"type": "Feature", "geometry": {"type": "LineString", "coordinates": [[2.355988, 6.3879507], [2.3556125, 6.388068]]}, "properties": {"kind": "single_owner", "winner": "Agla-Les-Pylônes", "color": "#c74a93", "length_m": 43.5, "virtual": false}}, {"type": "Feature", "geometry": {"type": "LineString", "coordinates": [[2.3556125, 6.388068], [2.3554462, 6.388124]]}, "properties": {"kind": "single_owner", "winner": "Agla-Les-Pylônes", "color": "#c74a93", "length_m": 19.4, "virtual": false}}, {"type": "Feature", "geometry": {"type": "LineString", "coordinates": [[2.3554462, 6.388124], [2.3552826, 6.3881427]]}, "properties": {"kind": "single_owner", "winner": "Agla-Les-Pylônes", "color": "#c74a93", "length_m": 18.2, "virtual": false}}, {"type": "Feature", "geometry": {"type": "LineString", "coordinates": [[2.4073989, 6.3734615], [2.4069553, 6.3738477]]}, "properties": {"kind": "single_owner", "winner": "Gbégamey-Gbagoudo", "color": "#bf45c8", "length_m": 65.0, "virtual": false}}, {"type": "Feature", "geometry": {"type": "LineString", "coordinates": [[2.4069553, 6.3738477], [2.4064809, 6.3742422]]}, "properties": {"kind": "single_owner", "winner": "Gbégamey-Gbagoudo", "color": "#bf45c8", "length_m": 68.2, "virtual": false}}, {"type": "Feature", "geometry": {"type": "LineString", "coordinates": [[2.4060348, 6.374612], [2.4055057, 6.3749701]]}, "properties": {"kind": "single_owner", "winner": "Agontinkon", "color": "#db5a43", "length_m": 70.7, "virtual": false}}, {"type": "Feature", "geometry": {"type": "LineString", "coordinates": [[2.4043858, 6.3755824], [2.4041766, 6.3756757]]}, "properties": {"kind": "single_owner", "winner": "Agontinkon", "color": "#db5a43", "length_m": 25.3, "virtual": false}}, {"type": "Feature", "geometry": {"type": "LineString", "coordinates": [[2.4041766, 6.3756757], [2.4039509, 6.3757685]]}, "properties": {"kind": "single_owner", "winner": "Agontinkon", "color": "#db5a43", "length_m": 27.0, "virtual": false}}, {"type": "Feature", "geometry": {"type": "LineString", "coordinates": [[2.4037474, 6.3758463], [2.4034879, 6.3759323]]}, "properties": {"kind": "single_owner", "winner": "Tonato", "color": "#3ecd8a", "length_m": 30.2, "virtual": false}}, {"type": "Feature", "geometry": {"type": "LineString", "coordinates": [[2.4034879, 6.3759323], [2.4032009, 6.3760202]]}, "properties": {"kind": "single_owner", "winner": "Tonato", "color": "#3ecd8a", "length_m": 33.2, "virtual": false}}, {"type": "Feature", "geometry": {"type": "LineString", "coordinates": [[2.4032009, 6.3760202], [2.4029515, 6.3760921]]}, "properties": {"kind": "single_owner", "winner": "Tonato", "color": "#3ecd8a", "length_m": 28.7, "virtual": false}}, {"type": "Feature", "geometry": {"type": "LineString", "coordinates": [[2.4029515, 6.3760921], [2.4027255, 6.3761502]]}, "properties": {"kind": "single_owner", "winner": "Tonato", "color": "#3ecd8a", "length_m": 25.8, "virtual": false}}, {"type": "Feature", "geometry": {"type": "LineString", "coordinates": [[2.4027255, 6.3761502], [2.4024931, 6.3762051]]}, "properties": {"kind": "single_owner", "winner": "Tonato", "color": "#3ecd8a", "length_m": 26.4, "virtual": false}}, {"type": "Feature", "geometry": {"type": "LineString", "coordinates": [[2.4024931, 6.3762051], [2.4022723, 6.3762527]]}, "properties": {"kind": "single_owner", "winner": "Tonato", "color": "#3ecd8a", "length_m": 25.0, "virtual": false}}, {"type": "Feature", "geometry": {"type": "LineString", "coordinates": [[2.4022723, 6.3762527], [2.4020612, 6.376297]]}, "properties": {"kind": "single_owner", "winner": "Tonato", "color": "#3ecd8a", "length_m": 23.9, "virtual": false}}, {"type": "Feature", "geometry": {"type": "LineString", "coordinates": [[2.4020612, 6.376297], [2.4017316, 6.3763465]]}, "properties": {"kind": "single_owner", "winner": "Tonato", "color": "#3ecd8a", "length_m": 36.9, "virtual": false}}, {"type": "Feature", "geometry": {"type": "LineString", "coordinates": [[2.4017316, 6.3763465], [2.4013185, 6.376389]]}, "properties": {"kind": "single_owner", "winner": "Tonato", "color": "#3ecd8a", "length_m": 45.9, "virtual": false}}, {"type": "Feature", "geometry": {"type": "LineString", "coordinates": [[2.4013185, 6.376389], [2.3995203, 6.3764914]]}, "properties": {"kind": "single_owner", "winner": "Tonato", "color": "#3ecd8a", "length_m": 199.3, "virtual": false}}, {"type": "Feature", "geometry": {"type": "LineString", "coordinates": [[2.4436585, 6.3598479], [2.4439469, 6.3596181]]}, "properties": {"kind": "single_owner", "winner": "Xwlacôdji-Kpodji", "color": "#41d477", "length_m": 40.8, "virtual": false}}, {"type": "Feature", "geometry": {"type": "LineString", "coordinates": [[2.4439469, 6.3596181], [2.4441989, 6.3593716]]}, "properties": {"kind": "single_owner", "winner": "Xwlacôdji-Kpodji", "color": "#41d477", "length_m": 39.0, "virtual": false}}, {"type": "Feature", "geometry": {"type": "LineString", "coordinates": [[2.4441989, 6.3593716], [2.4443046, 6.3592154]]}, "properties": {"kind": "single_owner", "winner": "Xwlacôdji-Kpodji", "color": "#41d477", "length_m": 20.9, "virtual": false}}, {"type": "Feature", "geometry": {"type": "LineString", "coordinates": [[2.4446262, 6.3587197], [2.4448525, 6.3583774]]}, "properties": {"kind": "single_owner", "winner": "Xwlacôdji-Kpodji", "color": "#41d477", "length_m": 45.4, "virtual": false}}, {"type": "Feature", "geometry": {"type": "LineString", "coordinates": [[2.4448525, 6.3583774], [2.4449671, 6.3582294]]}, "properties": {"kind": "single_owner", "winner": "Xwlacôdji-Kpodji", "color": "#41d477", "length_m": 20.7, "virtual": false}}, {"type": "Feature", "geometry": {"type": "LineString", "coordinates": [[2.4449671, 6.3582294], [2.4451299, 6.3580949]]}, "properties": {"kind": "single_owner", "winner": "Xwlacôdji-Kpodji", "color": "#41d477", "length_m": 23.4, "virtual": false}}, {"type": "Feature", "geometry": {"type": "LineString", "coordinates": [[2.4451299, 6.3580949], [2.4452885, 6.3579777]]}, "properties": {"kind": "single_owner", "winner": "Xwlacôdji-Kpodji", "color": "#41d477", "length_m": 21.8, "virtual": false}}, {"type": "Feature", "geometry": {"type": "LineString", "coordinates": [[2.4452885, 6.3579777], [2.4455239, 6.3578789]]}, "properties": {"kind": "single_owner", "winner": "Xwlacôdji-Kpodji", "color": "#41d477", "length_m": 28.2, "virtual": false}}, {"type": "Feature", "geometry": {"type": "LineString", "coordinates": [[2.4455239, 6.3578789], [2.445817, 6.3577903]]}, "properties": {"kind": "single_owner", "winner": "Xwlacôdji-Kpodji", "color": "#41d477", "length_m": 33.9, "virtual": false}}, {"type": "Feature", "geometry": {"type": "LineString", "coordinates": [[2.445817, 6.3577903], [2.4461601, 6.3576768]]}, "properties": {"kind": "single_owner", "winner": "Xwlacôdji-Kpodji", "color": "#41d477", "length_m": 40.0, "virtual": false}}, {"type": "Feature", "geometry": {"type": "LineString", "coordinates": [[2.4461601, 6.3576768], [2.4464287, 6.3575632]]}, "properties": {"kind": "single_owner", "winner": "Xwlacôdji-Kpodji", "color": "#41d477", "length_m": 32.3, "virtual": false}}, {"type": "Feature", "geometry": {"type": "LineString", "coordinates": [[2.4464287, 6.3575632], [2.4465368, 6.3574978]]}, "properties": {"kind": "single_owner", "winner": "Xwlacôdji-Kpodji", "color": "#41d477", "length_m": 14.0, "virtual": false}}, {"type": "Feature", "geometry": {"type": "LineString", "coordinates": [[2.4465368, 6.3574978], [2.4465562, 6.3575232]]}, "properties": {"kind": "single_owner", "winner": "Xwlacôdji-Kpodji", "color": "#41d477", "length_m": 3.5, "virtual": false}}, {"type": "Feature", "geometry": {"type": "LineString", "coordinates": [[2.4465368, 6.3574978], [2.4465248, 6.3574643]]}, "properties": {"kind": "single_owner", "winner": "Xwlacôdji-Kpodji", "color": "#41d477", "length_m": 3.9, "virtual": false}}, {"type": "Feature", "geometry": {"type": "LineString", "coordinates": [[2.4467265, 6.3575025], [2.4467397, 6.3574715]]}, "properties": {"kind": "single_owner", "winner": "Xwlacôdji-Kpodji", "color": "#41d477", "length_m": 3.7, "virtual": false}}, {"type": "Feature", "geometry": {"type": "LineString", "coordinates": [[2.4467265, 6.3575025], [2.4467044, 6.3575281]]}, "properties": {"kind": "single_owner", "winner": "Xwlacôdji-Kpodji", "color": "#41d477", "length_m": 3.7, "virtual": false}}, {"type": "Feature", "geometry": {"type": "LineString", "coordinates": [[2.4466445, 6.3575537], [2.4466125, 6.3575523]]}, "properties": {"kind": "single_owner", "winner": "Xwlacôdji-Kpodji", "color": "#41d477", "length_m": 3.5, "virtual": false}}, {"type": "Feature", "geometry": {"type": "LineString", "coordinates": [[2.4466125, 6.3575523], [2.4465822, 6.3575419]]}, "properties": {"kind": "single_owner", "winner": "Xwlacôdji-Kpodji", "color": "#41d477", "length_m": 3.5, "virtual": false}}, {"type": "Feature", "geometry": {"type": "LineString", "coordinates": [[2.4465822, 6.3575419], [2.4465562, 6.3575232]]}, "properties": {"kind": "single_owner", "winner": "Xwlacôdji-Kpodji", "color": "#41d477", "length_m": 3.5, "virtual": false}}, {"type": "Feature", "geometry": {"type": "LineString", "coordinates": [[2.4465248, 6.3574643], [2.4465243, 6.3574287]]}, "properties": {"kind": "single_owner", "winner": "Xwlacôdji-Kpodji", "color": "#41d477", "length_m": 3.9, "virtual": false}}, {"type": "Feature", "geometry": {"type": "LineString", "coordinates": [[2.4465243, 6.3574287], [2.4465354, 6.3573948]]}, "properties": {"kind": "single_owner", "winner": "Xwlacôdji-Kpodji", "color": "#41d477", "length_m": 3.9, "virtual": false}}, {"type": "Feature", "geometry": {"type": "LineString", "coordinates": [[2.4465354, 6.3573948], [2.4465568, 6.3573663]]}, "properties": {"kind": "single_owner", "winner": "Xwlacôdji-Kpodji", "color": "#41d477", "length_m": 3.9, "virtual": false}}, {"type": "Feature", "geometry": {"type": "LineString", "coordinates": [[2.4465568, 6.3573663], [2.4465863, 6.3573461]]}, "properties": {"kind": "single_owner", "winner": "Xwlacôdji-Kpodji", "color": "#41d477", "length_m": 4.0, "virtual": false}}, {"type": "Feature", "geometry": {"type": "LineString", "coordinates": [[2.4465863, 6.3573461], [2.4466207, 6.3573364]]}, "properties": {"kind": "single_owner", "winner": "Xwlacôdji-Kpodji", "color": "#41d477", "length_m": 4.0, "virtual": false}}, {"type": "Feature", "geometry": {"type": "LineString", "coordinates": [[2.4466207, 6.3573364], [2.4466565, 6.3573382]]}, "properties": {"kind": "single_owner", "winner": "Xwlacôdji-Kpodji", "color": "#41d477", "length_m": 4.0, "virtual": false}}, {"type": "Feature", "geometry": {"type": "LineString", "coordinates": [[2.4466565, 6.3573382], [2.4466898, 6.3573514]]}, "properties": {"kind": "single_owner", "winner": "Xwlacôdji-Kpodji", "color": "#41d477", "length_m": 4.0, "virtual": false}}, {"type": "Feature", "geometry": {"type": "LineString", "coordinates": [[2.4466898, 6.3573514], [2.446717, 6.3573745]]}, "properties": {"kind": "single_owner", "winner": "Xwlacôdji-Kpodji", "color": "#41d477", "length_m": 3.9, "virtual": false}}, {"type": "Feature", "geometry": {"type": "LineString", "coordinates": [[2.4467428, 6.3574379], [2.4467397, 6.3574715]]}, "properties": {"kind": "single_owner", "winner": "Xwlacôdji-Kpodji", "color": "#41d477", "length_m": 3.7, "virtual": false}}]}