{"type": "FeatureCollection", "features": [{"type": "Feature", "geometry": {"type": "Point", "coordinates": [2.4323609, 6.3767003]}, "properties": {"vertex_id": 6563, "attempted_target": "Hindé-Sud", "protected_chef_lieux": ["Hindé-Nord"], "n_voters": 1, "required": 3, "voters_sample": ["EPEM HINDE Cotonou"], "current_owner": "Hindé-Nord", "kind": "insufficient_corroboration_in_protection_zone"}}, {"type": "Feature", "geometry": {"type": "Point", "coordinates": [2.4324343, 6.3777379]}, "properties": {"vertex_id": 6586, "attempted_target": "Hindé-Sud", "protected_chef_lieux": ["Hindé-Nord"], "n_voters": 1, "required": 3, "voters_sample": ["EPEM HINDE Cotonou"], "current_owner": "Hindé-Nord", "kind": "insufficient_corroboration_in_protection_zone"}}, {"type": "Feature", "geometry": {"type": "Point", "coordinates": [2.4319125, 6.3772689]}, "properties": {"vertex_id": 6266, "attempted_target": "Hindé-Sud", "protected_chef_lieux": ["Hindé-Nord"], "n_voters": 1, "required": 3, "voters_sample": ["EPEM HINDE Cotonou"], "current_owner": "Hindé-Nord", "kind": "insufficient_corroboration_in_protection_zone"}}, {"type": "Feature", "geometry": {"type": "Point", "coordinates": [2.4324937, 6.3777729]}, "properties": {"vertex_id": 6587, "attempted_target": "Hindé-Sud", "protected_chef_lieux": ["Hindé-Nord"], "n_voters": 1, "required": 3, "voters_sample": ["EPEM HINDE Cotonou"], "current_owner": "Hindé-Nord", "kind": "insufficient_corroboration_in_protection_zone"}}, {"type": "Feature", "geometry": {"type": "Point", "coordinates": [2.4325664, 6.3778325]}, "properties": {"vertex_id": 6588, "attempted_target": "Hindé-Sud", "protected_chef_lieux": ["Hindé-Nord"], "n_voters": 1, "required": 3, "voters_sample": ["EPEM HINDE Cotonou"], "current_owner": "Hindé-Nord", "kind": "insufficient_corroboration_in_protection_zone"}}, {"type": "Feature", "geometry": {"type": "Point", "coordinates": [2.4326479, 6.3779188]}, "properties": {"vertex_id": 6589, "attempted_target": "Hindé-Sud", "protected_chef_lieux": ["Hindé-Nord"], "n_voters": 1, "required": 3, "voters_sample": ["EPEM HINDE Cotonou"], "current_owner": "Hindé-Nord", "kind": "insufficient_corroboration_in_protection_zone"}}, {"type": "Feature", "geometry": {"type": "Point", "coordinates": [2.4327351, 6.3779985]}, "properties": {"vertex_id": 6590, "attempted_target": "Hindé-Sud", "protected_chef_lieux": ["Hindé-Nord"], "n_voters": 1, "required": 3, "voters_sample": ["EPEM HINDE Cotonou"], "current_owner": "Hindé-Nord", "kind": "insufficient_corroboration_in_protection_zone"}}, {"type": "Feature", "geometry": {"type": "Point", "coordinates": [2.4328615, 6.3781117]}, "properties": {"vertex_id": 6591, "attempted_target": "Hindé-Sud", "protected_chef_lieux": ["Hindé-Nord"], "n_voters": 1, "required": 3, "voters_sample": ["EPEM HINDE Cotonou"], "current_owner": "Hindé-Nord", "kind": "insufficient_corroboration_in_protection_zone"}}, {"type": "Feature", "geometry": {"type": "Point", "coordinates": [2.3989283, 6.3558296]}, "properties": {"vertex_id": 59540, "attempted_target": "Cadjèhoun-Azalokogon", "protected_chef_lieux": ["Haie-Vive-Cocotiers"], "n_voters": 2, "required": 3, "voters_sample": ["La poste de Cadjèhoun", "Paroisse Bon Pasteur de Cadjèhoun (Cotonou)"], "current_owner": "Haie-Vive-Cocotiers", "kind": "insufficient_corroboration_in_protection_zone"}}, {"type": "Feature", "geometry": {"type": "Point", "coordinates": [2.3982834, 6.35586]}, "properties": {"vertex_id": 7606, "attempted_target": "Cadjèhoun-Azalokogon", "protected_chef_lieux": ["Haie-Vive-Cocotiers"], "n_voters": 2, "required": 3, "voters_sample": ["La poste de Cadjèhoun", "Paroisse Bon Pasteur de Cadjèhoun (Cotonou)"], "current_owner": "Haie-Vive-Cocotiers", "kind": "insufficient_corroboration_in_protection_zone"}}, {"type": "Feature", "geometry": {"type": "Point", "coordinates": [2.3968255, 6.3592677]}, "properties": {"vertex_id": 7653, "attempted_target": "Cadjèhoun-Azalokogon", "protected_chef_lieux": ["Cadjèhoun-Agonga"], "n_voters": 1, "required": 3, "voters_sample": ["Marché moderne Cadjehoun"], "current_owner": "Cadjèhoun-Agonga", "kind": "insufficient_corroboration_in_protection_zone"}}, {"type": "Feature", "geometry": {"type": "Point", "coordinates": [2.3968193, 6.3590726]}, "properties": {"vertex_id": 7628, "attempted_target": "Cadjèhoun-Azalokogon", "protected_chef_lieux": ["Cadjèhoun-Agonga"], "n_voters": 1, "required": 3, "voters_sample": ["Marché moderne Cadjehoun"], "current_owner": "Cadjèhoun-Agonga", "kind": "insufficient_corroboration_in_protection_zone"}}, {"type": "Feature", "geometry": {"type": "Point", "coordinates": [2.3958214, 6.3594545]}, "properties": {"vertex_id": 7670, "attempted_target": "Cadjèhoun-Azalokogon", "protected_chef_lieux": ["Cadjèhoun-Agonga"], "n_voters": 1, "required": 3, "voters_sample": ["Marché moderne Cadjehoun"], "current_owner": "Cadjèhoun-Agonga", "kind": "insufficient_corroboration_in_protection_zone"}}, {"type": "Feature", "geometry": {"type": "Point", "coordinates": [2.4648828, 6.3703874]}, "properties": {"vertex_id": 18114, "attempted_target": "Yagbé", "protected_chef_lieux": ["Nvènamèdé"], "n_voters": 1, "required": 3, "voters_sample": ["Hospital Emergency Yagbe"], "current_owner": "Nvènamèdé", "kind": "insufficient_corroboration_in_protection_zone"}}, {"type": "Feature", "geometry": {"type": "Point", "coordinates": [2.4649863, 6.3700845]}, "properties": {"vertex_id": 152490, "attempted_target": "Yagbé", "protected_chef_lieux": ["Nvènamèdé"], "n_voters": 1, "required": 3, "voters_sample": ["Hospital Emergency Yagbe"], "current_owner": "Nvènamèdé", "kind": "insufficient_corroboration_in_protection_zone"}}, {"type": "Feature", "geometry": {"type": "Point", "coordinates": [2.4649784, 6.3701576]}, "properties": {"vertex_id": 152489, "attempted_target": "Yagbé", "protected_chef_lieux": ["Nvènamèdé"], "n_voters": 1, "required": 3, "voters_sample": ["Hospital Emergency Yagbe"], "current_owner": "Nvènamèdé", "kind": "insufficient_corroboration_in_protection_zone"}}, {"type": "Feature", "geometry": {"type": "Point", "coordinates": [2.4654216, 6.3704403]}, "properties": {"vertex_id": 18221, "attempted_target": "Yagbé", "protected_chef_lieux": ["Nvènamèdé"], "n_voters": 1, "required": 3, "voters_sample": ["Hospital Emergency Yagbe"], "current_owner": "Nvènamèdé", "kind": "insufficient_corroboration_in_protection_zone"}}, {"type": "Feature", "geometry": {"type": "Point", "coordinates": [2.4649528, 6.3703943]}, "properties": {"vertex_id": 18286, "attempted_target": "Yagbé", "protected_chef_lieux": ["Nvènamèdé"], "n_voters": 1, "required": 3, "voters_sample": ["Hospital Emergency Yagbe"], "current_owner": "Nvènamèdé", "kind": "insufficient_corroboration_in_protection_zone"}}, {"type": "Feature", "geometry": {"type": "Point", "coordinates": [2.4386156, 6.360036]}, "properties": {"vertex_id": 6918, "attempted_target": "Missèbô", "protected_chef_lieux": ["Tokpa-Hoho"], "n_voters": 1, "required": 3, "voters_sample": ["Centre de santé Missebo"], "current_owner": "Tokpa-Hoho", "kind": "insufficient_corroboration_in_protection_zone"}}, {"type": "Feature", "geometry": {"type": "Point", "coordinates": [2.4390269, 6.3595205]}, "properties": {"vertex_id": 1843, "attempted_target": "Missèbô", "protected_chef_lieux": ["Tokpa-Hoho"], "n_voters": 1, "required": 3, "voters_sample": ["Centre de santé Missebo"], "current_owner": "Tokpa-Hoho", "kind": "insufficient_corroboration_in_protection_zone"}}, {"type": "Feature", "geometry": {"type": "Point", "coordinates": [2.4325503, 6.3624647]}, "properties": {"vertex_id": 6785, "attempted_target": "Missèbô", "protected_chef_lieux": ["Missité"], "n_voters": 1, "required": 3, "voters_sample": ["Carrefour Missebo"], "current_owner": "Missité", "kind": "insufficient_corroboration_in_protection_zone"}}, {"type": "Feature", "geometry": {"type": "Point", "coordinates": [2.4322617, 6.3624336]}, "properties": {"vertex_id": 58329, "attempted_target": "Missèbô", "protected_chef_lieux": ["Missité"], "n_voters": 1, "required": 3, "voters_sample": ["Carrefour Missebo"], "current_owner": "Missité", "kind": "insufficient_corroboration_in_protection_zone"}}, {"type": "Feature", "geometry": {"type": "Point", "coordinates": [2.3642846, 6.3929354]}, "properties": {"vertex_id": 12390, "attempted_target": "Mènontin", "protected_chef_lieux": ["Kindonou"], "n_voters": 2, "required": 3, "voters_sample": ["Menontin", "BOUTIQUE DE MENONTIN"], "current_owner": "Kindonou", "kind": "insufficient_corroboration_in_protection_zone"}}, {"type": "Feature", "geometry": {"type": "Point", "coordinates": [2.3648119, 6.3928695]}, "properties": {"vertex_id": 12391, "attempted_target": "Mènontin", "protected_chef_lieux": ["Kindonou"], "n_voters": 2, "required": 3, "voters_sample": ["Menontin", "BOUTIQUE DE MENONTIN"], "current_owner": "Kindonou", "kind": "insufficient_corroboration_in_protection_zone"}}, {"type": "Feature", "geometry": {"type": "Point", "coordinates": [2.36478, 6.3932473]}, "properties": {"vertex_id": 12680, "attempted_target": "Mènontin", "protected_chef_lieux": ["Kindonou"], "n_voters": 2, "required": 3, "voters_sample": ["Menontin", "BOUTIQUE DE MENONTIN"], "current_owner": "Kindonou", "kind": "insufficient_corroboration_in_protection_zone"}}, {"type": "Feature", "geometry": {"type": "Point", "coordinates": [2.3648202, 6.392246]}, "properties": {"vertex_id": 12681, "attempted_target": "Mènontin", "protected_chef_lieux": ["Kindonou"], "n_voters": 2, "required": 3, "voters_sample": ["Menontin", "BOUTIQUE DE MENONTIN"], "current_owner": "Kindonou", "kind": "insufficient_corroboration_in_protection_zone"}}, {"type": "Feature", "geometry": {"type": "Point", "coordinates": [2.3652932, 6.3928298]}, "properties": {"vertex_id": 12392, "attempted_target": "Mènontin", "protected_chef_lieux": ["Kindonou"], "n_voters": 2, "required": 3, "voters_sample": ["Menontin", "BOUTIQUE DE MENONTIN"], "current_owner": "Kindonou", "kind": "insufficient_corroboration_in_protection_zone"}}, {"type": "Feature", "geometry": {"type": "Point", "coordinates": [2.364815, 6.3921571]}, "properties": {"vertex_id": 12659, "attempted_target": "Mènontin", "protected_chef_lieux": ["Kindonou"], "n_voters": 2, "required": 3, "voters_sample": ["Menontin", "BOUTIQUE DE MENONTIN"], "current_owner": "Kindonou", "kind": "insufficient_corroboration_in_protection_zone"}}, {"type": "Feature", "geometry": {"type": "Point", "coordinates": [2.3643114, 6.3921846]}, "properties": {"vertex_id": 12567, "attempted_target": "Mènontin", "protected_chef_lieux": ["Kindonou"], "n_voters": 2, "required": 3, "voters_sample": ["Menontin", "BOUTIQUE DE MENONTIN"], "current_owner": "Kindonou", "kind": "insufficient_corroboration_in_protection_zone"}}, {"type": "Feature", "geometry": {"type": "Point", "coordinates": [2.3643086, 6.3922959]}, "properties": {"vertex_id": 12568, "attempted_target": "Mènontin", "protected_chef_lieux": ["Kindonou"], "n_voters": 2, "required": 3, "voters_sample": ["Menontin", "BOUTIQUE DE MENONTIN"], "current_owner": "Kindonou", "kind": "insufficient_corroboration_in_protection_zone"}}, {"type": "Feature", "geometry": {"type": "Point", "coordinates": [2.4038279, 6.3870098]}, "properties": {"vertex_id": 5885, "attempted_target": "Fifadji", "protected_chef_lieux": ["Missèkplé"], "n_voters": 2, "required": 3, "voters_sample": ["Pont de FIFADJI", "Nouvelle Pharmacie Fifadji"], "current_owner": "Missèkplé", "kind": "insufficient_corroboration_in_protection_zone"}}, {"type": "Feature", "geometry": {"type": "Point", "coordinates": [2.4051869, 6.3866222]}, "properties": {"vertex_id": 131911, "attempted_target": "Fifadji", "protected_chef_lieux": ["Missèkplé"], "n_voters": 1, "required": 3, "voters_sample": ["Nouvelle Pharmacie Fifadji"], "current_owner": "Missèkplé", "kind": "insufficient_corroboration_in_protection_zone"}}, {"type": "Feature", "geometry": {"type": "Point", "coordinates": [2.4051778, 6.3850184]}, "properties": {"vertex_id": 5905, "attempted_target": "Fifadji", "protected_chef_lieux": ["Missèkplé"], "n_voters": 1, "required": 3, "voters_sample": ["Nouvelle Pharmacie Fifadji"], "current_owner": "Missèkplé", "kind": "insufficient_corroboration_in_protection_zone"}}, {"type": "Feature", "geometry": {"type": "Point", "coordinates": [2.4054217, 6.3852526]}, "properties": {"vertex_id": 2105, "attempted_target": "Fifadji", "protected_chef_lieux": ["Missèkplé"], "n_voters": 1, "required": 3, "voters_sample": ["Nouvelle Pharmacie Fifadji"], "current_owner": "Missèkplé", "kind": "insufficient_corroboration_in_protection_zone"}}, {"type": "Feature", "geometry": {"type": "Point", "coordinates": [2.4050471, 6.385717]}, "properties": {"vertex_id": 2106, "attempted_target": "Fifadji", "protected_chef_lieux": ["Missèkplé"], "n_voters": 1, "required": 3, "voters_sample": ["Nouvelle Pharmacie Fifadji"], "current_owner": "Missèkplé", "kind": "insufficient_corroboration_in_protection_zone"}}, {"type": "Feature", "geometry": {"type": "Point", "coordinates": [2.4046784, 6.3861771]}, "properties": {"vertex_id": 2107, "attempted_target": "Fifadji", "protected_chef_lieux": ["Missèkplé"], "n_voters": 1, "required": 3, "voters_sample": ["Nouvelle Pharmacie Fifadji"], "current_owner": "Missèkplé", "kind": "insufficient_corroboration_in_protection_zone"}}, {"type": "Feature", "geometry": {"type": "Point", "coordinates": [2.4043095, 6.3866373]}, "properties": {"vertex_id": 2108, "attempted_target": "Fifadji", "protected_chef_lieux": ["Missèkplé"], "n_voters": 1, "required": 3, "voters_sample": ["Nouvelle Pharmacie Fifadji"], "current_owner": "Missèkplé", "kind": "insufficient_corroboration_in_protection_zone"}}, {"type": "Feature", "geometry": {"type": "Point", "coordinates": [2.3991341, 6.3682795]}, "properties": {"vertex_id": 384, "attempted_target": "Vodjè-Finagnon", "protected_chef_lieux": ["Vodjè-Kpota"], "n_voters": 1, "required": 3, "voters_sample": ["Église baptiste de Vodje"], "current_owner": "Vodjè-Kpota", "kind": "insufficient_corroboration_in_protection_zone"}}, {"type": "Feature", "geometry": {"type": "Point", "coordinates": [2.3990871, 6.3691689]}, "properties": {"vertex_id": 16389, "attempted_target": "Vodjè-Finagnon", "protected_chef_lieux": ["Vodjè-Kpota"], "n_voters": 1, "required": 3, "voters_sample": ["Église baptiste de Vodje"], "current_owner": "Vodjè-Kpota", "kind": "insufficient_corroboration_in_protection_zone"}}, {"type": "Feature", "geometry": {"type": "Point", "coordinates": [2.3997382, 6.3692945]}, "properties": {"vertex_id": 16390, "attempted_target": "Vodjè-Finagnon", "protected_chef_lieux": ["Vodjè-Kpota"], "n_voters": 1, "required": 3, "voters_sample": ["Église baptiste de Vodje"], "current_owner": "Vodjè-Kpota", "kind": "insufficient_corroboration_in_protection_zone"}}, {"type": "Feature", "geometry": {"type": "Point", "coordinates": [2.3990105, 6.3681927]}, "properties": {"vertex_id": 6712, "attempted_target": "Vodjè-Finagnon", "protected_chef_lieux": ["Vodjè-Kpota"], "n_voters": 1, "required": 3, "voters_sample": ["Église baptiste de Vodje"], "current_owner": "Vodjè-Kpota", "kind": "insufficient_corroboration_in_protection_zone"}}, {"type": "Feature", "geometry": {"type": "Point", "coordinates": [2.3981792, 6.3685744]}, "properties": {"vertex_id": 118889, "attempted_target": "Vodjè-Finagnon", "protected_chef_lieux": ["Vodjè-Kpota"], "n_voters": 1, "required": 3, "voters_sample": ["Église baptiste de Vodje"], "current_owner": "Vodjè-Kpota", "kind": "insufficient_corroboration_in_protection_zone"}}, {"type": "Feature", "geometry": {"type": "Point", "coordinates": [2.3986137, 6.3686677]}, "properties": {"vertex_id": 118890, "attempted_target": "Vodjè-Finagnon", "protected_chef_lieux": ["Vodjè-Kpota"], "n_voters": 1, "required": 3, "voters_sample": ["Église baptiste de Vodje"], "current_owner": "Vodjè-Kpota", "kind": "insufficient_corroboration_in_protection_zone"}}, {"type": "Feature", "geometry": {"type": "Point", "coordinates": [2.3997421, 6.3694411]}, "properties": {"vertex_id": 2035, "attempted_target": "Vodjè-Finagnon", "protected_chef_lieux": ["Vodjè-Kpota"], "n_voters": 1, "required": 3, "voters_sample": ["Église baptiste de Vodje"], "current_owner": "Vodjè-Kpota", "kind": "insufficient_corroboration_in_protection_zone"}}, {"type": "Feature", "geometry": {"type": "Point", "coordinates": [2.3997421, 6.3694411]}, "properties": {"vertex_id": 2035, "attempted_target": "Vodjè-Centre", "protected_chef_lieux": ["Vodjè-Kpota"], "n_voters": 1, "required": 3, "voters_sample": ["Vodje Penterre Noir"], "current_owner": "Vodjè-Kpota", "kind": "insufficient_corroboration_in_protection_zone"}}, {"type": "Feature", "geometry": {"type": "Point", "coordinates": [2.3992724, 6.3693484]}, "properties": {"vertex_id": 2036, "attempted_target": "Vodjè-Finagnon", "protected_chef_lieux": ["Vodjè-Kpota"], "n_voters": 1, "required": 3, "voters_sample": ["Église baptiste de Vodje"], "current_owner": "Vodjè-Kpota", "kind": "insufficient_corroboration_in_protection_zone"}}, {"type": "Feature", "geometry": {"type": "Point", "coordinates": [2.3990584, 6.3693126]}, "properties": {"vertex_id": 2037, "attempted_target": "Vodjè-Finagnon", "protected_chef_lieux": ["Vodjè-Kpota"], "n_voters": 1, "required": 3, "voters_sample": ["Église baptiste de Vodje"], "current_owner": "Vodjè-Kpota", "kind": "insufficient_corroboration_in_protection_zone"}}, {"type": "Feature", "geometry": {"type": "Point", "coordinates": [2.3980822, 6.3691408]}, "properties": {"vertex_id": 2038, "attempted_target": "Vodjè-Finagnon", "protected_chef_lieux": ["Vodjè-Kpota"], "n_voters": 1, "required": 3, "voters_sample": ["Église baptiste de Vodje"], "current_owner": "Vodjè-Kpota", "kind": "insufficient_corroboration_in_protection_zone"}}, {"type": "Feature", "geometry": {"type": "Point", "coordinates": [2.3985132, 6.3690702]}, "properties": {"vertex_id": 380, "attempted_target": "Vodjè-Finagnon", "protected_chef_lieux": ["Vodjè-Kpota"], "n_voters": 1, "required": 3, "voters_sample": ["Église baptiste de Vodje"], "current_owner": "Vodjè-Kpota", "kind": "insufficient_corroboration_in_protection_zone"}}, {"type": "Feature", "geometry": {"type": "Point", "coordinates": [2.3988054, 6.3686981]}, "properties": {"vertex_id": 381, "attempted_target": "Vodjè-Finagnon", "protected_chef_lieux": ["Vodjè-Kpota"], "n_voters": 1, "required": 3, "voters_sample": ["Église baptiste de Vodje"], "current_owner": "Vodjè-Kpota", "kind": "insufficient_corroboration_in_protection_zone"}}, {"type": "Feature", "geometry": {"type": "Point", "coordinates": [2.3990367, 6.3684036]}, "properties": {"vertex_id": 382, "attempted_target": "Vodjè-Finagnon", "protected_chef_lieux": ["Vodjè-Kpota"], "n_voters": 1, "required": 3, "voters_sample": ["Église baptiste de Vodje"], "current_owner": "Vodjè-Kpota", "kind": "insufficient_corroboration_in_protection_zone"}}, {"type": "Feature", "geometry": {"type": "Point", "coordinates": [2.3990638, 6.368369]}, "properties": {"vertex_id": 383, "attempted_target": "Vodjè-Finagnon", "protected_chef_lieux": ["Vodjè-Kpota"], "n_voters": 1, "required": 3, "voters_sample": ["Église baptiste de Vodje"], "current_owner": "Vodjè-Kpota", "kind": "insufficient_corroboration_in_protection_zone"}}, {"type": "Feature", "geometry": {"type": "Point", "coordinates": [2.4026073, 6.369718]}, "properties": {"vertex_id": 5698, "attempted_target": "Vodjè-Finagnon", "protected_chef_lieux": ["Vodjè-Centre"], "n_voters": 1, "required": 3, "voters_sample": ["Apartment Cica located in Vodjè-Kpota 6 minutes from Cotonou airport"], "current_owner": "Vodjè-Centre", "kind": "insufficient_corroboration_in_protection_zone"}}, {"type": "Feature", "geometry": {"type": "Point", "coordinates": [2.4025006, 6.3696348]}, "properties": {"vertex_id": 5699, "attempted_target": "Vodjè-Finagnon", "protected_chef_lieux": ["Vodjè-Centre"], "n_voters": 1, "required": 3, "voters_sample": ["Apartment Cica located in Vodjè-Kpota 6 minutes from Cotonou airport"], "current_owner": "Vodjè-Centre", "kind": "insufficient_corroboration_in_protection_zone"}}, {"type": "Feature", "geometry": {"type": "Point", "coordinates": [2.4535348, 6.3830477]}, "properties": {"vertex_id": 8260, "attempted_target": "Kpondéhou", "protected_chef_lieux": ["Kpondéhou-Tchèmè"], "n_voters": 1, "required": 3, "voters_sample": ["Terrain kpondehou"], "current_owner": "Kpondéhou-Tchèmè", "kind": "insufficient_corroboration_in_protection_zone"}}, {"type": "Feature", "geometry": {"type": "Point", "coordinates": [2.4546356, 6.3824165]}, "properties": {"vertex_id": 7706, "attempted_target": "Kpondéhou", "protected_chef_lieux": ["Kpondéhou-Tchèmè"], "n_voters": 1, "required": 3, "voters_sample": ["Terrain kpondehou"], "current_owner": "Kpondéhou-Tchèmè", "kind": "insufficient_corroboration_in_protection_zone"}}, {"type": "Feature", "geometry": {"type": "Point", "coordinates": [2.4535293, 6.3824218]}, "properties": {"vertex_id": 7707, "attempted_target": "Kpondéhou", "protected_chef_lieux": ["Kpondéhou-Tchèmè"], "n_voters": 1, "required": 3, "voters_sample": ["Terrain kpondehou"], "current_owner": "Kpondéhou-Tchèmè", "kind": "insufficient_corroboration_in_protection_zone"}}, {"type": "Feature", "geometry": {"type": "Point", "coordinates": [2.4535311, 6.3816636]}, "properties": {"vertex_id": 8409, "attempted_target": "Kpondéhou", "protected_chef_lieux": ["Kpondéhou-Tchèmè"], "n_voters": 1, "required": 3, "voters_sample": ["Terrain kpondehou"], "current_owner": "Kpondéhou-Tchèmè", "kind": "insufficient_corroboration_in_protection_zone"}}, {"type": "Feature", "geometry": {"type": "Point", "coordinates": [2.4535253, 6.3823085]}, "properties": {"vertex_id": 7930, "attempted_target": "Kpondéhou", "protected_chef_lieux": ["Kpondéhou-Tchèmè"], "n_voters": 1, "required": 3, "voters_sample": ["Terrain kpondehou"], "current_owner": "Kpondéhou-Tchèmè", "kind": "insufficient_corroboration_in_protection_zone"}}, {"type": "Feature", "geometry": {"type": "Point", "coordinates": [2.4546344, 6.3822981]}, "properties": {"vertex_id": 7931, "attempted_target": "Kpondéhou", "protected_chef_lieux": ["Kpondéhou-Tchèmè"], "n_voters": 1, "required": 3, "voters_sample": ["Terrain kpondehou"], "current_owner": "Kpondéhou-Tchèmè", "kind": "insufficient_corroboration_in_protection_zone"}}, {"type": "Feature", "geometry": {"type": "Point", "coordinates": [2.4530627, 6.3921251]}, "properties": {"vertex_id": 7974, "attempted_target": "Minontchou", "protected_chef_lieux": ["Gankpodo"], "n_voters": 1, "required": 3, "voters_sample": ["Pharmacie Gratias Minontchou"], "current_owner": "Gankpodo", "kind": "insufficient_corroboration_in_protection_zone"}}, {"type": "Feature", "geometry": {"type": "Point", "coordinates": [2.452574, 6.3922581]}, "properties": {"vertex_id": 7975, "attempted_target": "Minontchou", "protected_chef_lieux": ["Gankpodo"], "n_voters": 1, "required": 3, "voters_sample": ["Pharmacie Gratias Minontchou"], "current_owner": "Gankpodo", "kind": "insufficient_corroboration_in_protection_zone"}}, {"type": "Feature", "geometry": {"type": "Point", "coordinates": [2.4343094, 6.3688845]}, "properties": {"vertex_id": 6916, "attempted_target": "Dantôkpa", "protected_chef_lieux": ["Bocossi-Tokpa"], "n_voters": 1, "required": 3, "voters_sample": ["Commissariat Spécial de Dantokpa"], "current_owner": "Bocossi-Tokpa", "kind": "insufficient_corroboration_in_protection_zone"}}, {"type": "Feature", "geometry": {"type": "Point", "coordinates": [2.4211116, 6.3781079]}, "properties": {"vertex_id": 6186, "attempted_target": "Gbèdjromèdè", "protected_chef_lieux": ["Aïdjèdo-Ahito"], "n_voters": 1, "required": 3, "voters_sample": ["Pharmacie Mahuton Gbedjromede"], "current_owner": "Aïdjèdo-Ahito", "kind": "insufficient_corroboration_in_protection_zone"}}, {"type": "Feature", "geometry": {"type": "Point", "coordinates": [2.4212181, 6.3781925]}, "properties": {"vertex_id": 6430, "attempted_target": "Gbèdjromèdè", "protected_chef_lieux": ["Aïdjèdo-Ahito"], "n_voters": 1, "required": 3, "voters_sample": ["Pharmacie Mahuton Gbedjromede"], "current_owner": "Aïdjèdo-Ahito", "kind": "insufficient_corroboration_in_protection_zone"}}, {"type": "Feature", "geometry": {"type": "Point", "coordinates": [2.404409, 6.3673943]}, "properties": {"vertex_id": 2016, "attempted_target": "Vodjè-Centre", "protected_chef_lieux": ["Cadjèhoun-Détinsa"], "n_voters": 2, "required": 3, "voters_sample": ["Ecole primaire Vodje Sud", "CARREFOUR VODJÈ RAIL"], "current_owner": "Cadjèhoun-Détinsa", "kind": "insufficient_corroboration_in_protection_zone"}}, {"type": "Feature", "geometry": {"type": "Point", "coordinates": [2.4042361, 6.3675993]}, "properties": {"vertex_id": 2017, "attempted_target": "Vodjè-Centre", "protected_chef_lieux": ["Cadjèhoun-Détinsa"], "n_voters": 2, "required": 3, "voters_sample": ["Ecole primaire Vodje Sud", "CARREFOUR VODJÈ RAIL"], "current_owner": "Cadjèhoun-Détinsa", "kind": "insufficient_corroboration_in_protection_zone"}}, {"type": "Feature", "geometry": {"type": "Point", "coordinates": [2.4037986, 6.3676937]}, "properties": {"vertex_id": 3203, "attempted_target": "Vodjè-Centre", "protected_chef_lieux": ["Cadjèhoun-Détinsa"], "n_voters": 2, "required": 3, "voters_sample": ["Les Anges De Vodje", "CARREFOUR VODJÈ RAIL"], "current_owner": "Cadjèhoun-Détinsa", "kind": "insufficient_corroboration_in_protection_zone"}}, {"type": "Feature", "geometry": {"type": "Point", "coordinates": [2.4035708, 6.3674821]}, "properties": {"vertex_id": 3202, "attempted_target": "Vodjè-Centre", "protected_chef_lieux": ["Cadjèhoun-Détinsa"], "n_voters": 2, "required": 3, "voters_sample": ["Les Anges De Vodje", "CARREFOUR VODJÈ RAIL"], "current_owner": "Cadjèhoun-Détinsa", "kind": "insufficient_corroboration_in_protection_zone"}}, {"type": "Feature", "geometry": {"type": "Point", "coordinates": [2.4014786, 6.3710512]}, "properties": {"vertex_id": 149707, "attempted_target": "Vodjè-Centre", "protected_chef_lieux": ["Vodjè-Finagnon"], "n_voters": 1, "required": 3, "voters_sample": ["Vodje Penterre Noir"], "current_owner": "Vodjè-Finagnon", "kind": "insufficient_corroboration_in_protection_zone"}}, {"type": "Feature", "geometry": {"type": "Point", "coordinates": [2.4015387, 6.3711023]}, "properties": {"vertex_id": 6701, "attempted_target": "Vodjè-Centre", "protected_chef_lieux": ["Vodjè-Finagnon"], "n_voters": 1, "required": 3, "voters_sample": ["Vodje Penterre Noir"], "current_owner": "Vodjè-Finagnon", "kind": "insufficient_corroboration_in_protection_zone"}}, {"type": "Feature", "geometry": {"type": "Point", "coordinates": [2.4012583, 6.3714347]}, "properties": {"vertex_id": 6702, "attempted_target": "Vodjè-Centre", "protected_chef_lieux": ["Vodjè-Finagnon"], "n_voters": 1, "required": 3, "voters_sample": ["Vodje Penterre Noir"], "current_owner": "Vodjè-Finagnon", "kind": "insufficient_corroboration_in_protection_zone"}}, {"type": "Feature", "geometry": {"type": "Point", "coordinates": [2.4009928, 6.3715973]}, "properties": {"vertex_id": 6703, "attempted_target": "Vodjè-Centre", "protected_chef_lieux": ["Vodjè-Finagnon"], "n_voters": 1, "required": 3, "voters_sample": ["Vodje Penterre Noir"], "current_owner": "Vodjè-Finagnon", "kind": "insufficient_corroboration_in_protection_zone"}}, {"type": "Feature", "geometry": {"type": "Point", "coordinates": [2.4008882, 6.3716799]}, "properties": {"vertex_id": 6704, "attempted_target": "Vodjè-Centre", "protected_chef_lieux": ["Vodjè-Finagnon"], "n_voters": 1, "required": 3, "voters_sample": ["Vodje Penterre Noir"], "current_owner": "Vodjè-Finagnon", "kind": "insufficient_corroboration_in_protection_zone"}}, {"type": "Feature", "geometry": {"type": "Point", "coordinates": [2.4014154, 6.3709974]}, "properties": {"vertex_id": 130959, "attempted_target": "Vodjè-Centre", "protected_chef_lieux": ["Vodjè-Finagnon"], "n_voters": 1, "required": 3, "voters_sample": ["Vodje Penterre Noir"], "current_owner": "Vodjè-Finagnon", "kind": "insufficient_corroboration_in_protection_zone"}}, {"type": "Feature", "geometry": {"type": "Point", "coordinates": [2.4011197, 6.3715383]}, "properties": {"vertex_id": 5723, "attempted_target": "Vodjè-Centre", "protected_chef_lieux": ["Vodjè-Finagnon"], "n_voters": 1, "required": 3, "voters_sample": ["Vodje Penterre Noir"], "current_owner": "Vodjè-Finagnon", "kind": "insufficient_corroboration_in_protection_zone"}}, {"type": "Feature", "geometry": {"type": "Point", "coordinates": [2.4043201, 6.3673283]}, "properties": {"vertex_id": 54915, "attempted_target": "Vodjè-Centre", "protected_chef_lieux": ["Cadjèhoun-Détinsa"], "n_voters": 1, "required": 3, "voters_sample": ["CARREFOUR VODJÈ RAIL"], "current_owner": "Cadjèhoun-Détinsa", "kind": "insufficient_corroboration_in_protection_zone"}}, {"type": "Feature", "geometry": {"type": "Point", "coordinates": [2.4042358, 6.3672584]}, "properties": {"vertex_id": 54916, "attempted_target": "Vodjè-Centre", "protected_chef_lieux": ["Cadjèhoun-Détinsa"], "n_voters": 1, "required": 3, "voters_sample": ["CARREFOUR VODJÈ RAIL"], "current_owner": "Cadjèhoun-Détinsa", "kind": "insufficient_corroboration_in_protection_zone"}}, {"type": "Feature", "geometry": {"type": "Point", "coordinates": [2.4041884, 6.3672155]}, "properties": {"vertex_id": 16399, "attempted_target": "Vodjè-Centre", "protected_chef_lieux": ["Cadjèhoun-Détinsa"], "n_voters": 1, "required": 3, "voters_sample": ["CARREFOUR VODJÈ RAIL"], "current_owner": "Cadjèhoun-Détinsa", "kind": "insufficient_corroboration_in_protection_zone"}}, {"type": "Feature", "geometry": {"type": "Point", "coordinates": [2.404613, 6.3666282]}, "properties": {"vertex_id": 3093, "attempted_target": "Vodjè-Centre", "protected_chef_lieux": ["Cadjèhoun-Détinsa"], "n_voters": 1, "required": 3, "voters_sample": ["CARREFOUR VODJÈ RAIL"], "current_owner": "Cadjèhoun-Détinsa", "kind": "insufficient_corroboration_in_protection_zone"}}, {"type": "Feature", "geometry": {"type": "Point", "coordinates": [2.4048807, 6.3668351]}, "properties": {"vertex_id": 2968, "attempted_target": "Vodjè-Centre", "protected_chef_lieux": ["Cadjèhoun-Détinsa"], "n_voters": 1, "required": 3, "voters_sample": ["CARREFOUR VODJÈ RAIL"], "current_owner": "Cadjèhoun-Détinsa", "kind": "insufficient_corroboration_in_protection_zone"}}, {"type": "Feature", "geometry": {"type": "Point", "coordinates": [2.4052191, 6.3663872]}, "properties": {"vertex_id": 2973, "attempted_target": "Vodjè-Centre", "protected_chef_lieux": ["Cadjèhoun-Détinsa"], "n_voters": 1, "required": 3, "voters_sample": ["CARREFOUR VODJÈ RAIL"], "current_owner": "Cadjèhoun-Détinsa", "kind": "insufficient_corroboration_in_protection_zone"}}, {"type": "Feature", "geometry": {"type": "Point", "coordinates": [2.4049626, 6.3661693]}, "properties": {"vertex_id": 3120, "attempted_target": "Vodjè-Centre", "protected_chef_lieux": ["Cadjèhoun-Détinsa"], "n_voters": 1, "required": 3, "voters_sample": ["CARREFOUR VODJÈ RAIL"], "current_owner": "Cadjèhoun-Détinsa", "kind": "insufficient_corroboration_in_protection_zone"}}, {"type": "Feature", "geometry": {"type": "Point", "coordinates": [2.4042911, 6.3670754]}, "properties": {"vertex_id": 3028, "attempted_target": "Vodjè-Centre", "protected_chef_lieux": ["Cadjèhoun-Détinsa"], "n_voters": 1, "required": 3, "voters_sample": ["CARREFOUR VODJÈ RAIL"], "current_owner": "Cadjèhoun-Détinsa", "kind": "insufficient_corroboration_in_protection_zone"}}, {"type": "Feature", "geometry": {"type": "Point", "coordinates": [2.404349, 6.3671228]}, "properties": {"vertex_id": 3029, "attempted_target": "Vodjè-Centre", "protected_chef_lieux": ["Cadjèhoun-Détinsa"], "n_voters": 1, "required": 3, "voters_sample": ["CARREFOUR VODJÈ RAIL"], "current_owner": "Cadjèhoun-Détinsa", "kind": "insufficient_corroboration_in_protection_zone"}}, {"type": "Feature", "geometry": {"type": "Point", "coordinates": [2.4044421, 6.367187]}, "properties": {"vertex_id": 3030, "attempted_target": "Vodjè-Centre", "protected_chef_lieux": ["Cadjèhoun-Détinsa"], "n_voters": 1, "required": 3, "voters_sample": ["CARREFOUR VODJÈ RAIL"], "current_owner": "Cadjèhoun-Détinsa", "kind": "insufficient_corroboration_in_protection_zone"}}, {"type": "Feature", "geometry": {"type": "Point", "coordinates": [2.404535, 6.3672494]}, "properties": {"vertex_id": 2015, "attempted_target": "Vodjè-Centre", "protected_chef_lieux": ["Cadjèhoun-Détinsa"], "n_voters": 1, "required": 3, "voters_sample": ["CARREFOUR VODJÈ RAIL"], "current_owner": "Cadjèhoun-Détinsa", "kind": "insufficient_corroboration_in_protection_zone"}}, {"type": "Feature", "geometry": {"type": "Point", "coordinates": [2.4048378, 6.3667205]}, "properties": {"vertex_id": 145641, "attempted_target": "Vodjè-Centre", "protected_chef_lieux": ["Cadjèhoun-Détinsa"], "n_voters": 1, "required": 3, "voters_sample": ["CARREFOUR VODJÈ RAIL"], "current_owner": "Cadjèhoun-Détinsa", "kind": "insufficient_corroboration_in_protection_zone"}}, {"type": "Feature", "geometry": {"type": "Point", "coordinates": [2.4051402, 6.3663053]}, "properties": {"vertex_id": 145642, "attempted_target": "Vodjè-Centre", "protected_chef_lieux": ["Cadjèhoun-Détinsa"], "n_voters": 1, "required": 3, "voters_sample": ["CARREFOUR VODJÈ RAIL"], "current_owner": "Cadjèhoun-Détinsa", "kind": "insufficient_corroboration_in_protection_zone"}}, {"type": "Feature", "geometry": {"type": "Point", "coordinates": [2.4053004, 6.3663206]}, "properties": {"vertex_id": 16365, "attempted_target": "Vodjè-Centre", "protected_chef_lieux": ["Cadjèhoun-Détinsa"], "n_voters": 1, "required": 3, "voters_sample": ["CARREFOUR VODJÈ RAIL"], "current_owner": "Cadjèhoun-Détinsa", "kind": "insufficient_corroboration_in_protection_zone"}}, {"type": "Feature", "geometry": {"type": "Point", "coordinates": [2.4402738, 6.3530201]}, "properties": {"vertex_id": 32946, "attempted_target": "Xwlacôdji-Kpodji", "protected_chef_lieux": ["Xwlacôdji-Plage"], "n_voters": 1, "required": 3, "voters_sample": ["Mairie de xwlacodji-Cotonou-BENIN"], "current_owner": "Xwlacôdji-Plage", "kind": "insufficient_corroboration_in_protection_zone"}}, {"type": "Feature", "geometry": {"type": "Point", "coordinates": [2.4402711, 6.3534013]}, "properties": {"vertex_id": 32947, "attempted_target": "Xwlacôdji-Kpodji", "protected_chef_lieux": ["Xwlacôdji-Plage"], "n_voters": 1, "required": 3, "voters_sample": ["Mairie de xwlacodji-Cotonou-BENIN"], "current_owner": "Xwlacôdji-Plage", "kind": "insufficient_corroboration_in_protection_zone"}}, {"type": "Feature", "geometry": {"type": "Point", "coordinates": [2.4402657, 6.3534786]}, "properties": {"vertex_id": 32948, "attempted_target": "Xwlacôdji-Kpodji", "protected_chef_lieux": ["Xwlacôdji-Plage"], "n_voters": 1, "required": 3, "voters_sample": ["Mairie de xwlacodji-Cotonou-BENIN"], "current_owner": "Xwlacôdji-Plage", "kind": "insufficient_corroboration_in_protection_zone"}}, {"type": "Feature", "geometry": {"type": "Point", "coordinates": [2.440255, 6.3535453]}, "properties": {"vertex_id": 32949, "attempted_target": "Xwlacôdji-Kpodji", "protected_chef_lieux": ["Xwlacôdji-Plage"], "n_voters": 1, "required": 3, "voters_sample": ["Mairie de xwlacodji-Cotonou-BENIN"], "current_owner": "Xwlacôdji-Plage", "kind": "insufficient_corroboration_in_protection_zone"}}, {"type": "Feature", "geometry": {"type": "Point", "coordinates": [2.4402308, 6.3536199]}, "properties": {"vertex_id": 32950, "attempted_target": "Xwlacôdji-Kpodji", "protected_chef_lieux": ["Xwlacôdji-Plage"], "n_voters": 1, "required": 3, "voters_sample": ["Mairie de xwlacodji-Cotonou-BENIN"], "current_owner": "Xwlacôdji-Plage", "kind": "insufficient_corroboration_in_protection_zone"}}, {"type": "Feature", "geometry": {"type": "Point", "coordinates": [2.440204, 6.3536785]}, "properties": {"vertex_id": 32951, "attempted_target": "Xwlacôdji-Kpodji", "protected_chef_lieux": ["Xwlacôdji-Plage"], "n_voters": 1, "required": 3, "voters_sample": ["Mairie de xwlacodji-Cotonou-BENIN"], "current_owner": "Xwlacôdji-Plage", "kind": "insufficient_corroboration_in_protection_zone"}}, {"type": "Feature", "geometry": {"type": "Point", "coordinates": [2.4406542, 6.3537567]}, "properties": {"vertex_id": 32979, "attempted_target": "Xwlacôdji-Kpodji", "protected_chef_lieux": ["Xwlacôdji-Plage"], "n_voters": 1, "required": 3, "voters_sample": ["Mairie de xwlacodji-Cotonou-BENIN"], "current_owner": "Xwlacôdji-Plage", "kind": "insufficient_corroboration_in_protection_zone"}}, {"type": "Feature", "geometry": {"type": "Point", "coordinates": [2.4406672, 6.3536323]}, "properties": {"vertex_id": 32980, "attempted_target": "Xwlacôdji-Kpodji", "protected_chef_lieux": ["Xwlacôdji-Plage"], "n_voters": 1, "required": 3, "voters_sample": ["Mairie de xwlacodji-Cotonou-BENIN"], "current_owner": "Xwlacôdji-Plage", "kind": "insufficient_corroboration_in_protection_zone"}}, {"type": "Feature", "geometry": {"type": "Point", "coordinates": [2.4413466, 6.3534212]}, "properties": {"vertex_id": 15068, "attempted_target": "Xwlacôdji-Kpodji", "protected_chef_lieux": ["Xwlacôdji-Plage"], "n_voters": 1, "required": 3, "voters_sample": ["Mairie de xwlacodji-Cotonou-BENIN"], "current_owner": "Xwlacôdji-Plage", "kind": "insufficient_corroboration_in_protection_zone"}}, {"type": "Feature", "geometry": {"type": "Point", "coordinates": [2.4092399, 6.3932022]}, "properties": {"vertex_id": 74155, "attempted_target": "Vossa-Kpodji", "protected_chef_lieux": ["Vossa"], "n_voters": 1, "required": 3, "voters_sample": ["Église Catholique Saint Joseph de Vossa"], "current_owner": "Vossa", "kind": "insufficient_corroboration_in_protection_zone"}}, {"type": "Feature", "geometry": {"type": "Point", "coordinates": [2.4087491, 6.392794]}, "properties": {"vertex_id": 64114, "attempted_target": "Vossa-Kpodji", "protected_chef_lieux": ["Vossa"], "n_voters": 1, "required": 3, "voters_sample": ["Église Catholique Saint Joseph de Vossa"], "current_owner": "Vossa", "kind": "insufficient_corroboration_in_protection_zone"}}, {"type": "Feature", "geometry": {"type": "Point", "coordinates": [2.4087028, 6.39279]}, "properties": {"vertex_id": 64115, "attempted_target": "Vossa-Kpodji", "protected_chef_lieux": ["Vossa"], "n_voters": 1, "required": 3, "voters_sample": ["Église Catholique Saint Joseph de Vossa"], "current_owner": "Vossa", "kind": "insufficient_corroboration_in_protection_zone"}}, {"type": "Feature", "geometry": {"type": "Point", "coordinates": [2.4086726, 6.3927987]}, "properties": {"vertex_id": 64116, "attempted_target": "Vossa-Kpodji", "protected_chef_lieux": ["Vossa"], "n_voters": 1, "required": 3, "voters_sample": ["Église Catholique Saint Joseph de Vossa"], "current_owner": "Vossa", "kind": "insufficient_corroboration_in_protection_zone"}}, {"type": "Feature", "geometry": {"type": "Point", "coordinates": [2.4084789, 6.392946]}, "properties": {"vertex_id": 64117, "attempted_target": "Vossa-Kpodji", "protected_chef_lieux": ["Vossa"], "n_voters": 1, "required": 3, "voters_sample": ["Église Catholique Saint Joseph de Vossa"], "current_owner": "Vossa", "kind": "insufficient_corroboration_in_protection_zone"}}, {"type": "Feature", "geometry": {"type": "Point", "coordinates": [2.4092839, 6.3931346]}, "properties": {"vertex_id": 7160, "attempted_target": "Vossa-Kpodji", "protected_chef_lieux": ["Vossa"], "n_voters": 1, "required": 3, "voters_sample": ["Église Catholique Saint Joseph de Vossa"], "current_owner": "Vossa", "kind": "insufficient_corroboration_in_protection_zone"}}, {"type": "Feature", "geometry": {"type": "Point", "coordinates": [2.4601569, 6.3890841]}, "properties": {"vertex_id": 32297, "attempted_target": "Gankpodo", "protected_chef_lieux": ["Djédjé-Layé"], "n_voters": 2, "required": 3, "voters_sample": ["Gankpodo", "Pressing LA PAIX ( Gankpodo)"], "current_owner": "Djédjé-Layé", "kind": "insufficient_corroboration_in_protection_zone"}}, {"type": "Feature", "geometry": {"type": "Point", "coordinates": [2.4594524, 6.3883667]}, "properties": {"vertex_id": 8243, "attempted_target": "Gankpodo", "protected_chef_lieux": ["Djédjé-Layé"], "n_voters": 2, "required": 3, "voters_sample": ["Gankpodo", "Pressing LA PAIX ( Gankpodo)"], "current_owner": "Djédjé-Layé", "kind": "insufficient_corroboration_in_protection_zone"}}, {"type": "Feature", "geometry": {"type": "Point", "coordinates": [2.4601612, 6.3885586]}, "properties": {"vertex_id": 63924, "attempted_target": "Gankpodo", "protected_chef_lieux": ["Djédjé-Layé"], "n_voters": 2, "required": 3, "voters_sample": ["Gankpodo", "Pressing LA PAIX ( Gankpodo)"], "current_owner": "Djédjé-Layé", "kind": "insufficient_corroboration_in_protection_zone"}}, {"type": "Feature", "geometry": {"type": "Point", "coordinates": [2.4230218, 6.365221]}, "properties": {"vertex_id": 96256, "attempted_target": "Gbèdomidji", "protected_chef_lieux": ["Gbènan"], "n_voters": 1, "required": 3, "voters_sample": ["Gbedomidji"], "current_owner": "Gbènan", "kind": "insufficient_corroboration_in_protection_zone"}}, {"type": "Feature", "geometry": {"type": "Point", "coordinates": [2.4228226, 6.365081]}, "properties": {"vertex_id": 54599, "attempted_target": "Gbèdomidji", "protected_chef_lieux": ["Gbènan"], "n_voters": 1, "required": 3, "voters_sample": ["Gbedomidji"], "current_owner": "Gbènan", "kind": "insufficient_corroboration_in_protection_zone"}}, {"type": "Feature", "geometry": {"type": "Point", "coordinates": [2.4045658, 6.361346]}, "properties": {"vertex_id": 251, "attempted_target": "Cadjèhoun-Aupiais", "protected_chef_lieux": ["Cadjèhoun-Gare"], "n_voters": 1, "required": 3, "voters_sample": ["Clinical International De Cotonou Aupiais"], "current_owner": "Cadjèhoun-Gare", "kind": "insufficient_corroboration_in_protection_zone"}}, {"type": "Feature", "geometry": {"type": "Point", "coordinates": [2.4049409, 6.3608662]}, "properties": {"vertex_id": 252, "attempted_target": "Cadjèhoun-Aupiais", "protected_chef_lieux": ["Cadjèhoun-Gare"], "n_voters": 1, "required": 3, "voters_sample": ["Clinical International De Cotonou Aupiais"], "current_owner": "Cadjèhoun-Gare", "kind": "insufficient_corroboration_in_protection_zone"}}, {"type": "Feature", "geometry": {"type": "Point", "coordinates": [2.4243162, 6.3821531]}, "properties": {"vertex_id": 6445, "attempted_target": "Aïdjèdo", "protected_chef_lieux": ["Ahouansouri-Agata"], "n_voters": 2, "required": 3, "voters_sample": ["Mairie Aïdjedo", "Nouveau marché d'Aidjedo"], "current_owner": "Ahouansouri-Agata", "kind": "insufficient_corroboration_in_protection_zone"}}, {"type": "Feature", "geometry": {"type": "Point", "coordinates": [2.4240232, 6.3822179]}, "properties": {"vertex_id": 6448, "attempted_target": "Aïdjèdo", "protected_chef_lieux": ["Ahouansouri-Agata"], "n_voters": 2, "required": 3, "voters_sample": ["Mairie Aïdjedo", "Nouveau marché d'Aidjedo"], "current_owner": "Ahouansouri-Agata", "kind": "insufficient_corroboration_in_protection_zone"}}, {"type": "Feature", "geometry": {"type": "Point", "coordinates": [2.4241664, 6.3821706]}, "properties": {"vertex_id": 6449, "attempted_target": "Aïdjèdo", "protected_chef_lieux": ["Ahouansouri-Agata"], "n_voters": 2, "required": 3, "voters_sample": ["Mairie Aïdjedo", "Nouveau marché d'Aidjedo"], "current_owner": "Ahouansouri-Agata", "kind": "insufficient_corroboration_in_protection_zone"}}, {"type": "Feature", "geometry": {"type": "Point", "coordinates": [2.4244143, 6.3821577]}, "properties": {"vertex_id": 548, "attempted_target": "Aïdjèdo", "protected_chef_lieux": ["Ahouansouri-Agata"], "n_voters": 1, "required": 3, "voters_sample": ["Nouveau marché d'Aidjedo"], "current_owner": "Ahouansouri-Agata", "kind": "insufficient_corroboration_in_protection_zone"}}, {"type": "Feature", "geometry": {"type": "Point", "coordinates": [2.4245565, 6.382189]}, "properties": {"vertex_id": 6450, "attempted_target": "Aïdjèdo", "protected_chef_lieux": ["Ahouansouri-Agata"], "n_voters": 1, "required": 3, "voters_sample": ["Nouveau marché d'Aidjedo"], "current_owner": "Ahouansouri-Agata", "kind": "insufficient_corroboration_in_protection_zone"}}, {"type": "Feature", "geometry": {"type": "Point", "coordinates": [2.4246849, 6.3822442]}, "properties": {"vertex_id": 6451, "attempted_target": "Aïdjèdo", "protected_chef_lieux": ["Ahouansouri-Agata"], "n_voters": 1, "required": 3, "voters_sample": ["Nouveau marché d'Aidjedo"], "current_owner": "Ahouansouri-Agata", "kind": "insufficient_corroboration_in_protection_zone"}}, {"type": "Feature", "geometry": {"type": "Point", "coordinates": [2.3855541, 6.3663399]}, "properties": {"vertex_id": 13666, "attempted_target": "Missité", "protected_chef_lieux": ["Gbèdégbé"], "n_voters": 1, "required": 3, "voters_sample": ["Complexe Scolaire Missite"], "current_owner": "Gbèdégbé", "kind": "insufficient_corroboration_in_protection_zone"}}, {"type": "Feature", "geometry": {"type": "Point", "coordinates": [2.3855541, 6.3667135]}, "properties": {"vertex_id": 13732, "attempted_target": "Missité", "protected_chef_lieux": ["Gbèdégbé"], "n_voters": 1, "required": 3, "voters_sample": ["Complexe Scolaire Missite"], "current_owner": "Gbèdégbé", "kind": "insufficient_corroboration_in_protection_zone"}}, {"type": "Feature", "geometry": {"type": "Point", "coordinates": [2.3864188, 6.3658936]}, "properties": {"vertex_id": 13678, "attempted_target": "Missité", "protected_chef_lieux": ["Gbèdégbé"], "n_voters": 1, "required": 3, "voters_sample": ["Complexe Scolaire Missite"], "current_owner": "Gbèdégbé", "kind": "insufficient_corroboration_in_protection_zone"}}, {"type": "Feature", "geometry": {"type": "Point", "coordinates": [2.3863168, 6.3658753]}, "properties": {"vertex_id": 13663, "attempted_target": "Missité", "protected_chef_lieux": ["Gbèdégbé"], "n_voters": 1, "required": 3, "voters_sample": ["Complexe Scolaire Missite"], "current_owner": "Gbèdégbé", "kind": "insufficient_corroboration_in_protection_zone"}}, {"type": "Feature", "geometry": {"type": "Point", "coordinates": [2.4594013, 6.3816227]}, "properties": {"vertex_id": 118145, "attempted_target": "Sènadé", "protected_chef_lieux": ["Ahouassa"], "n_voters": 1, "required": 3, "voters_sample": ["Clinique ADEOLA de Sènadé"], "current_owner": "Ahouassa", "kind": "insufficient_corroboration_in_protection_zone"}}, {"type": "Feature", "geometry": {"type": "Point", "coordinates": [2.4592189, 6.3816239]}, "properties": {"vertex_id": 8234, "attempted_target": "Sènadé", "protected_chef_lieux": ["Ahouassa"], "n_voters": 1, "required": 3, "voters_sample": ["Clinique ADEOLA de Sènadé"], "current_owner": "Ahouassa", "kind": "insufficient_corroboration_in_protection_zone"}}, {"type": "Feature", "geometry": {"type": "Point", "coordinates": [2.4592244, 6.3809864]}, "properties": {"vertex_id": 8235, "attempted_target": "Sènadé", "protected_chef_lieux": ["Ahouassa"], "n_voters": 1, "required": 3, "voters_sample": ["Clinique ADEOLA de Sènadé"], "current_owner": "Ahouassa", "kind": "insufficient_corroboration_in_protection_zone"}}, {"type": "Feature", "geometry": {"type": "Point", "coordinates": [2.4594034, 6.3809827]}, "properties": {"vertex_id": 18648, "attempted_target": "Sènadé", "protected_chef_lieux": ["Ahouassa"], "n_voters": 1, "required": 3, "voters_sample": ["Clinique ADEOLA de Sènadé"], "current_owner": "Ahouassa", "kind": "insufficient_corroboration_in_protection_zone"}}, {"type": "Feature", "geometry": {"type": "Point", "coordinates": [2.4041788, 6.3748781]}, "properties": {"vertex_id": 7569, "attempted_target": "Agontinkon", "protected_chef_lieux": ["Vodjè-Ayidoté"], "n_voters": 1, "required": 3, "voters_sample": ["Église Adventiste du 7ème jour à AGONTINKON"], "current_owner": "Vodjè-Ayidoté", "kind": "insufficient_corroboration_in_protection_zone"}}, {"type": "Feature", "geometry": {"type": "Point", "coordinates": [2.4041059, 6.3749402]}, "properties": {"vertex_id": 7570, "attempted_target": "Agontinkon", "protected_chef_lieux": ["Vodjè-Ayidoté"], "n_voters": 1, "required": 3, "voters_sample": ["Église Adventiste du 7ème jour à AGONTINKON"], "current_owner": "Vodjè-Ayidoté", "kind": "insufficient_corroboration_in_protection_zone"}}, {"type": "Feature", "geometry": {"type": "Point", "coordinates": [2.4143261, 6.3674335]}, "properties": {"vertex_id": 34605, "attempted_target": "Gbégamey-Dodo-Ayidjè", "protected_chef_lieux": ["Saint-Jean-Gbèdiga"], "n_voters": 1, "required": 3, "voters_sample": ["Gbégamey"], "current_owner": "Saint-Jean-Gbèdiga", "kind": "insufficient_corroboration_in_protection_zone"}}, {"type": "Feature", "geometry": {"type": "Point", "coordinates": [2.4149188, 6.3669617]}, "properties": {"vertex_id": 34606, "attempted_target": "Gbégamey-Dodo-Ayidjè", "protected_chef_lieux": ["Saint-Jean-Gbèdiga"], "n_voters": 1, "required": 3, "voters_sample": ["Gbégamey"], "current_owner": "Saint-Jean-Gbèdiga", "kind": "insufficient_corroboration_in_protection_zone"}}, {"type": "Feature", "geometry": {"type": "Point", "coordinates": [2.4143862, 6.3660449]}, "properties": {"vertex_id": 3090, "attempted_target": "Gbégamey-Dodo-Ayidjè", "protected_chef_lieux": ["Saint-Jean-Gbèdiga"], "n_voters": 1, "required": 3, "voters_sample": ["Gbégamey"], "current_owner": "Saint-Jean-Gbèdiga", "kind": "insufficient_corroboration_in_protection_zone"}}, {"type": "Feature", "geometry": {"type": "Point", "coordinates": [2.4150261, 6.3668658]}, "properties": {"vertex_id": 3091, "attempted_target": "Gbégamey-Dodo-Ayidjè", "protected_chef_lieux": ["Saint-Jean-Gbèdiga"], "n_voters": 1, "required": 3, "voters_sample": ["Gbégamey"], "current_owner": "Saint-Jean-Gbèdiga", "kind": "insufficient_corroboration_in_protection_zone"}}, {"type": "Feature", "geometry": {"type": "Point", "coordinates": [2.4138567, 6.367065]}, "properties": {"vertex_id": 2996, "attempted_target": "Gbégamey-Dodo-Ayidjè", "protected_chef_lieux": ["Saint-Jean-Gbèdiga"], "n_voters": 1, "required": 3, "voters_sample": ["Gbégamey"], "current_owner": "Saint-Jean-Gbèdiga", "kind": "insufficient_corroboration_in_protection_zone"}}, {"type": "Feature", "geometry": {"type": "Point", "coordinates": [2.4139781, 6.3671537]}, "properties": {"vertex_id": 2997, "attempted_target": "Gbégamey-Dodo-Ayidjè", "protected_chef_lieux": ["Saint-Jean-Gbèdiga"], "n_voters": 1, "required": 3, "voters_sample": ["Gbégamey"], "current_owner": "Saint-Jean-Gbèdiga", "kind": "insufficient_corroboration_in_protection_zone"}}, {"type": "Feature", "geometry": {"type": "Point", "coordinates": [2.4140511, 6.3672063]}, "properties": {"vertex_id": 2998, "attempted_target": "Gbégamey-Dodo-Ayidjè", "protected_chef_lieux": ["Saint-Jean-Gbèdiga"], "n_voters": 1, "required": 3, "voters_sample": ["Gbégamey"], "current_owner": "Saint-Jean-Gbèdiga", "kind": "insufficient_corroboration_in_protection_zone"}}, {"type": "Feature", "geometry": {"type": "Point", "coordinates": [2.4112912, 6.3628139]}, "properties": {"vertex_id": 3008, "attempted_target": "Gbégamey-Dodo-Ayidjè", "protected_chef_lieux": ["Gbégamey-Centre"], "n_voters": 1, "required": 3, "voters_sample": ["Diana bubble tea gbegamey"], "current_owner": "Gbégamey-Centre", "kind": "insufficient_corroboration_in_protection_zone"}}, {"type": "Feature", "geometry": {"type": "Point", "coordinates": [2.4114162, 6.362515]}, "properties": {"vertex_id": 3086, "attempted_target": "Gbégamey-Dodo-Ayidjè", "protected_chef_lieux": ["Gbégamey-Centre"], "n_voters": 1, "required": 3, "voters_sample": ["Diana bubble tea gbegamey"], "current_owner": "Gbégamey-Centre", "kind": "insufficient_corroboration_in_protection_zone"}}, {"type": "Feature", "geometry": {"type": "Point", "coordinates": [2.4115185, 6.3626207]}, "properties": {"vertex_id": 3087, "attempted_target": "Gbégamey-Dodo-Ayidjè", "protected_chef_lieux": ["Gbégamey-Centre"], "n_voters": 1, "required": 3, "voters_sample": ["Diana bubble tea gbegamey"], "current_owner": "Gbégamey-Centre", "kind": "insufficient_corroboration_in_protection_zone"}}, {"type": "Feature", "geometry": {"type": "Point", "coordinates": [2.411939, 6.3631745]}, "properties": {"vertex_id": 784, "attempted_target": "Gbégamey-Dodo-Ayidjè", "protected_chef_lieux": ["Gbégamey-Centre"], "n_voters": 1, "required": 3, "voters_sample": ["Diana bubble tea gbegamey"], "current_owner": "Gbégamey-Centre", "kind": "insufficient_corroboration_in_protection_zone"}}, {"type": "Feature", "geometry": {"type": "Point", "coordinates": [2.4117605, 6.3632634]}, "properties": {"vertex_id": 785, "attempted_target": "Gbégamey-Dodo-Ayidjè", "protected_chef_lieux": ["Gbégamey-Centre"], "n_voters": 1, "required": 3, "voters_sample": ["Diana bubble tea gbegamey"], "current_owner": "Gbégamey-Centre", "kind": "insufficient_corroboration_in_protection_zone"}}, {"type": "Feature", "geometry": {"type": "Point", "coordinates": [2.4112117, 6.3635132]}, "properties": {"vertex_id": 786, "attempted_target": "Gbégamey-Dodo-Ayidjè", "protected_chef_lieux": ["Gbégamey-Centre"], "n_voters": 1, "required": 3, "voters_sample": ["Diana bubble tea gbegamey"], "current_owner": "Gbégamey-Centre", "kind": "insufficient_corroboration_in_protection_zone"}}, {"type": "Feature", "geometry": {"type": "Point", "coordinates": [2.4111117, 6.3635587]}, "properties": {"vertex_id": 787, "attempted_target": "Gbégamey-Dodo-Ayidjè", "protected_chef_lieux": ["Gbégamey-Centre"], "n_voters": 1, "required": 3, "voters_sample": ["Diana bubble tea gbegamey"], "current_owner": "Gbégamey-Centre", "kind": "insufficient_corroboration_in_protection_zone"}}, {"type": "Feature", "geometry": {"type": "Point", "coordinates": [2.4124965, 6.362917]}, "properties": {"vertex_id": 783, "attempted_target": "Gbégamey-Dodo-Ayidjè", "protected_chef_lieux": ["Gbégamey-Centre"], "n_voters": 1, "required": 3, "voters_sample": ["Diana bubble tea gbegamey"], "current_owner": "Gbégamey-Centre", "kind": "insufficient_corroboration_in_protection_zone"}}, {"type": "Feature", "geometry": {"type": "Point", "coordinates": [2.4112207, 6.3636684]}, "properties": {"vertex_id": 3065, "attempted_target": "Gbégamey-Dodo-Ayidjè", "protected_chef_lieux": ["Gbégamey-Centre"], "n_voters": 1, "required": 3, "voters_sample": ["Diana bubble tea gbegamey"], "current_owner": "Gbégamey-Centre", "kind": "insufficient_corroboration_in_protection_zone"}}, {"type": "Feature", "geometry": {"type": "Point", "coordinates": [2.4114367, 6.3629319]}, "properties": {"vertex_id": 3007, "attempted_target": "Gbégamey-Dodo-Ayidjè", "protected_chef_lieux": ["Gbégamey-Centre"], "n_voters": 1, "required": 3, "voters_sample": ["Diana bubble tea gbegamey"], "current_owner": "Gbégamey-Centre", "kind": "insufficient_corroboration_in_protection_zone"}}, {"type": "Feature", "geometry": {"type": "Point", "coordinates": [2.4075321, 6.3651933]}, "properties": {"vertex_id": 3109, "attempted_target": "Gbégamey-Dodo-Ayidjè", "protected_chef_lieux": ["Gbégamey-Ahito"], "n_voters": 1, "required": 3, "voters_sample": ["Superette Gbegamey"], "current_owner": "Gbégamey-Ahito", "kind": "insufficient_corroboration_in_protection_zone"}}, {"type": "Feature", "geometry": {"type": "Point", "coordinates": [2.4074519, 6.3658318]}, "properties": {"vertex_id": 2982, "attempted_target": "Gbégamey-Dodo-Ayidjè", "protected_chef_lieux": ["Gbégamey-Ahito"], "n_voters": 1, "required": 3, "voters_sample": ["Superette Gbegamey"], "current_owner": "Gbégamey-Ahito", "kind": "insufficient_corroboration_in_protection_zone"}}, {"type": "Feature", "geometry": {"type": "Point", "coordinates": [2.4077977, 6.3653874]}, "properties": {"vertex_id": 2987, "attempted_target": "Gbégamey-Dodo-Ayidjè", "protected_chef_lieux": ["Gbégamey-Ahito"], "n_voters": 1, "required": 3, "voters_sample": ["Superette Gbegamey"], "current_owner": "Gbégamey-Ahito", "kind": "insufficient_corroboration_in_protection_zone"}}, {"type": "Feature", "geometry": {"type": "Point", "coordinates": [2.4069644, 6.3654509]}, "properties": {"vertex_id": 816, "attempted_target": "Gbégamey-Dodo-Ayidjè", "protected_chef_lieux": ["Gbégamey-Ahito"], "n_voters": 1, "required": 3, "voters_sample": ["Superette Gbegamey"], "current_owner": "Gbégamey-Ahito", "kind": "insufficient_corroboration_in_protection_zone"}}, {"type": "Feature", "geometry": {"type": "Point", "coordinates": [2.4404173, 6.3857063]}, "properties": {"vertex_id": 131328, "attempted_target": "Hlacômey", "protected_chef_lieux": ["Adôgléta"], "n_voters": 1, "required": 3, "voters_sample": ["Public Primary School De Hlacomey"], "current_owner": "Adôgléta", "kind": "insufficient_corroboration_in_protection_zone"}}, {"type": "Feature", "geometry": {"type": "Point", "coordinates": [2.4404173, 6.3857903]}, "properties": {"vertex_id": 131329, "attempted_target": "Hlacômey", "protected_chef_lieux": ["Adôgléta"], "n_voters": 1, "required": 3, "voters_sample": ["Public Primary School De Hlacomey"], "current_owner": "Adôgléta", "kind": "insufficient_corroboration_in_protection_zone"}}, {"type": "Feature", "geometry": {"type": "Point", "coordinates": [2.4399394, 6.3865616]}, "properties": {"vertex_id": 8096, "attempted_target": "Hlacômey", "protected_chef_lieux": ["Adôgléta"], "n_voters": 1, "required": 3, "voters_sample": ["Public Primary School De Hlacomey"], "current_owner": "Adôgléta", "kind": "insufficient_corroboration_in_protection_zone"}}, {"type": "Feature", "geometry": {"type": "Point", "coordinates": [2.4405192, 6.3861289]}, "properties": {"vertex_id": 8032, "attempted_target": "Hlacômey", "protected_chef_lieux": ["Adôgléta"], "n_voters": 1, "required": 3, "voters_sample": ["Public Primary School De Hlacomey"], "current_owner": "Adôgléta", "kind": "insufficient_corroboration_in_protection_zone"}}, {"type": "Feature", "geometry": {"type": "Point", "coordinates": [2.4405896, 6.3865583]}, "properties": {"vertex_id": 8097, "attempted_target": "Hlacômey", "protected_chef_lieux": ["Adôgléta"], "n_voters": 1, "required": 3, "voters_sample": ["Public Primary School De Hlacomey"], "current_owner": "Adôgléta", "kind": "insufficient_corroboration_in_protection_zone"}}, {"type": "Feature", "geometry": {"type": "Point", "coordinates": [2.4400133, 6.3866408]}, "properties": {"vertex_id": 8101, "attempted_target": "Hlacômey", "protected_chef_lieux": ["Adôgléta"], "n_voters": 1, "required": 3, "voters_sample": ["Public Primary School De Hlacomey"], "current_owner": "Adôgléta", "kind": "insufficient_corroboration_in_protection_zone"}}, {"type": "Feature", "geometry": {"type": "Point", "coordinates": [2.4406465, 6.3865497]}, "properties": {"vertex_id": 8098, "attempted_target": "Hlacômey", "protected_chef_lieux": ["Adôgléta"], "n_voters": 1, "required": 3, "voters_sample": ["Public Primary School De Hlacomey"], "current_owner": "Adôgléta", "kind": "insufficient_corroboration_in_protection_zone"}}, {"type": "Feature", "geometry": {"type": "Point", "coordinates": [2.440664, 6.3866294]}, "properties": {"vertex_id": 8104, "attempted_target": "Hlacômey", "protected_chef_lieux": ["Adôgléta"], "n_voters": 1, "required": 3, "voters_sample": ["Public Primary School De Hlacomey"], "current_owner": "Adôgléta", "kind": "insufficient_corroboration_in_protection_zone"}}, {"type": "Feature", "geometry": {"type": "Point", "coordinates": [2.4404157, 6.3855849]}, "properties": {"vertex_id": 8041, "attempted_target": "Hlacômey", "protected_chef_lieux": ["Adôgléta"], "n_voters": 1, "required": 3, "voters_sample": ["Public Primary School De Hlacomey"], "current_owner": "Adôgléta", "kind": "insufficient_corroboration_in_protection_zone"}}, {"type": "Feature", "geometry": {"type": "Point", "coordinates": [2.4399349, 6.3866362]}, "properties": {"vertex_id": 8106, "attempted_target": "Hlacômey", "protected_chef_lieux": ["Adôgléta"], "n_voters": 1, "required": 3, "voters_sample": ["Public Primary School De Hlacomey"], "current_owner": "Adôgléta", "kind": "insufficient_corroboration_in_protection_zone"}}, {"type": "Feature", "geometry": {"type": "Point", "coordinates": [2.4406022, 6.3866327]}, "properties": {"vertex_id": 8105, "attempted_target": "Hlacômey", "protected_chef_lieux": ["Adôgléta"], "n_voters": 1, "required": 3, "voters_sample": ["Public Primary School De Hlacomey"], "current_owner": "Adôgléta", "kind": "insufficient_corroboration_in_protection_zone"}}, {"type": "Feature", "geometry": {"type": "Point", "coordinates": [2.440479, 6.3859855]}, "properties": {"vertex_id": 8077, "attempted_target": "Hlacômey", "protected_chef_lieux": ["Adôgléta"], "n_voters": 1, "required": 3, "voters_sample": ["Public Primary School De Hlacomey"], "current_owner": "Adôgléta", "kind": "insufficient_corroboration_in_protection_zone"}}, {"type": "Feature", "geometry": {"type": "Point", "coordinates": [2.4396806, 6.3861329]}, "properties": {"vertex_id": 8031, "attempted_target": "Hlacômey", "protected_chef_lieux": ["Adôgléta"], "n_voters": 1, "required": 3, "voters_sample": ["Public Primary School De Hlacomey"], "current_owner": "Adôgléta", "kind": "insufficient_corroboration_in_protection_zone"}}, {"type": "Feature", "geometry": {"type": "Point", "coordinates": [2.439532, 6.3865637]}, "properties": {"vertex_id": 8095, "attempted_target": "Hlacômey", "protected_chef_lieux": ["Adôgléta"], "n_voters": 1, "required": 3, "voters_sample": ["Public Primary School De Hlacomey"], "current_owner": "Adôgléta", "kind": "insufficient_corroboration_in_protection_zone"}}, {"type": "Feature", "geometry": {"type": "Point", "coordinates": [2.4404132, 6.3856491]}, "properties": {"vertex_id": 131327, "attempted_target": "Hlacômey", "protected_chef_lieux": ["Adôgléta"], "n_voters": 1, "required": 3, "voters_sample": ["Public Primary School De Hlacomey"], "current_owner": "Adôgléta", "kind": "insufficient_corroboration_in_protection_zone"}}, {"type": "Feature", "geometry": {"type": "Point", "coordinates": [2.4253043, 6.3601871]}, "properties": {"vertex_id": 6885, "attempted_target": "Zongo-Nima", "protected_chef_lieux": ["Gbéto"], "n_voters": 1, "required": 3, "voters_sample": ["Bank of Africa Zongo"], "current_owner": "Gbéto", "kind": "insufficient_corroboration_in_protection_zone"}}, {"type": "Feature", "geometry": {"type": "Point", "coordinates": [2.4245357, 6.3611529]}, "properties": {"vertex_id": 6890, "attempted_target": "Zongo-Nima", "protected_chef_lieux": ["Gbéto"], "n_voters": 1, "required": 3, "voters_sample": ["Bank of Africa Zongo"], "current_owner": "Gbéto", "kind": "insufficient_corroboration_in_protection_zone"}}, {"type": "Feature", "geometry": {"type": "Point", "coordinates": [2.4257066, 6.3596842]}, "properties": {"vertex_id": 6798, "attempted_target": "Zongo-Nima", "protected_chef_lieux": ["Gbéto"], "n_voters": 1, "required": 3, "voters_sample": ["Bank of Africa Zongo"], "current_owner": "Gbéto", "kind": "insufficient_corroboration_in_protection_zone"}}, {"type": "Feature", "geometry": {"type": "Point", "coordinates": [2.4249143, 6.3606772]}, "properties": {"vertex_id": 56701, "attempted_target": "Zongo-Nima", "protected_chef_lieux": ["Gbéto"], "n_voters": 1, "required": 3, "voters_sample": ["Bank of Africa Zongo"], "current_owner": "Gbéto", "kind": "insufficient_corroboration_in_protection_zone"}}, {"type": "Feature", "geometry": {"type": "Point", "coordinates": [2.4277099, 6.3562128]}, "properties": {"vertex_id": 119113, "attempted_target": "Zongo-Ehuzu", "protected_chef_lieux": ["Zongo-Nima"], "n_voters": 1, "required": 3, "voters_sample": ["Zongo"], "current_owner": "Zongo-Nima", "kind": "insufficient_corroboration_in_protection_zone"}}, {"type": "Feature", "geometry": {"type": "Point", "coordinates": [2.4277183, 6.3561883]}, "properties": {"vertex_id": 119114, "attempted_target": "Zongo-Ehuzu", "protected_chef_lieux": ["Zongo-Nima"], "n_voters": 1, "required": 3, "voters_sample": ["Zongo"], "current_owner": "Zongo-Nima", "kind": "insufficient_corroboration_in_protection_zone"}}, {"type": "Feature", "geometry": {"type": "Point", "coordinates": [2.4277224, 6.356171]}, "properties": {"vertex_id": 119115, "attempted_target": "Zongo-Ehuzu", "protected_chef_lieux": ["Zongo-Nima"], "n_voters": 1, "required": 3, "voters_sample": ["Zongo"], "current_owner": "Zongo-Nima", "kind": "insufficient_corroboration_in_protection_zone"}}, {"type": "Feature", "geometry": {"type": "Point", "coordinates": [2.4277238, 6.3561475]}, "properties": {"vertex_id": 119116, "attempted_target": "Zongo-Ehuzu", "protected_chef_lieux": ["Zongo-Nima"], "n_voters": 1, "required": 3, "voters_sample": ["Zongo"], "current_owner": "Zongo-Nima", "kind": "insufficient_corroboration_in_protection_zone"}}, {"type": "Feature", "geometry": {"type": "Point", "coordinates": [2.4277264, 6.3560333]}, "properties": {"vertex_id": 119117, "attempted_target": "Zongo-Ehuzu", "protected_chef_lieux": ["Zongo-Nima"], "n_voters": 1, "required": 3, "voters_sample": ["Zongo"], "current_owner": "Zongo-Nima", "kind": "insufficient_corroboration_in_protection_zone"}}, {"type": "Feature", "geometry": {"type": "Point", "coordinates": [2.4272645, 6.3564911]}, "properties": {"vertex_id": 2146, "attempted_target": "Zongo-Ehuzu", "protected_chef_lieux": ["Zongo-Nima"], "n_voters": 1, "required": 3, "voters_sample": ["Zongo"], "current_owner": "Zongo-Nima", "kind": "insufficient_corroboration_in_protection_zone"}}, {"type": "Feature", "geometry": {"type": "Point", "coordinates": [2.4275233, 6.3563088]}, "properties": {"vertex_id": 2147, "attempted_target": "Zongo-Ehuzu", "protected_chef_lieux": ["Zongo-Nima"], "n_voters": 1, "required": 3, "voters_sample": ["Zongo"], "current_owner": "Zongo-Nima", "kind": "insufficient_corroboration_in_protection_zone"}}, {"type": "Feature", "geometry": {"type": "Point", "coordinates": [2.4276051, 6.3562623]}, "properties": {"vertex_id": 2148, "attempted_target": "Zongo-Ehuzu", "protected_chef_lieux": ["Zongo-Nima"], "n_voters": 1, "required": 3, "voters_sample": ["Zongo"], "current_owner": "Zongo-Nima", "kind": "insufficient_corroboration_in_protection_zone"}}, {"type": "Feature", "geometry": {"type": "Point", "coordinates": [2.42765, 6.356246]}, "properties": {"vertex_id": 2149, "attempted_target": "Zongo-Ehuzu", "protected_chef_lieux": ["Zongo-Nima"], "n_voters": 1, "required": 3, "voters_sample": ["Zongo"], "current_owner": "Zongo-Nima", "kind": "insufficient_corroboration_in_protection_zone"}}, {"type": "Feature", "geometry": {"type": "Point", "coordinates": [2.4276936, 6.3562334]}, "properties": {"vertex_id": 2150, "attempted_target": "Zongo-Ehuzu", "protected_chef_lieux": ["Zongo-Nima"], "n_voters": 1, "required": 3, "voters_sample": ["Zongo"], "current_owner": "Zongo-Nima", "kind": "insufficient_corroboration_in_protection_zone"}}, {"type": "Feature", "geometry": {"type": "Point", "coordinates": [2.4280523, 6.3902031]}, "properties": {"vertex_id": 73677, "attempted_target": "Ahouansori-Towéta", "protected_chef_lieux": ["Ladji"], "n_voters": 1, "required": 3, "voters_sample": ["Toweta 1"], "current_owner": "Ladji", "kind": "insufficient_corroboration_in_protection_zone"}}, {"type": "Feature", "geometry": {"type": "Point", "coordinates": [2.4279571, 6.3908402]}, "properties": {"vertex_id": 73679, "attempted_target": "Ahouansori-Towéta", "protected_chef_lieux": ["Ladji"], "n_voters": 1, "required": 3, "voters_sample": ["Toweta 1"], "current_owner": "Ladji", "kind": "insufficient_corroboration_in_protection_zone"}}, {"type": "Feature", "geometry": {"type": "Point", "coordinates": [2.4279302, 6.3909801]}, "properties": {"vertex_id": 73680, "attempted_target": "Ahouansori-Towéta", "protected_chef_lieux": ["Ladji"], "n_voters": 1, "required": 3, "voters_sample": ["Toweta 1"], "current_owner": "Ladji", "kind": "insufficient_corroboration_in_protection_zone"}}, {"type": "Feature", "geometry": {"type": "Point", "coordinates": [2.4272742, 6.3908878]}, "properties": {"vertex_id": 62097, "attempted_target": "Ahouansori-Towéta", "protected_chef_lieux": ["Ladji"], "n_voters": 1, "required": 3, "voters_sample": ["Toweta 1"], "current_owner": "Ladji", "kind": "insufficient_corroboration_in_protection_zone"}}, {"type": "Feature", "geometry": {"type": "Point", "coordinates": [2.4274474, 6.3909322]}, "properties": {"vertex_id": 62098, "attempted_target": "Ahouansori-Towéta", "protected_chef_lieux": ["Ladji"], "n_voters": 1, "required": 3, "voters_sample": ["Toweta 1"], "current_owner": "Ladji", "kind": "insufficient_corroboration_in_protection_zone"}}, {"type": "Feature", "geometry": {"type": "Point", "coordinates": [2.4275158, 6.3909601]}, "properties": {"vertex_id": 62099, "attempted_target": "Ahouansori-Towéta", "protected_chef_lieux": ["Ladji"], "n_voters": 1, "required": 3, "voters_sample": ["Toweta 1"], "current_owner": "Ladji", "kind": "insufficient_corroboration_in_protection_zone"}}, {"type": "Feature", "geometry": {"type": "Point", "coordinates": [2.427603, 6.3909961]}, "properties": {"vertex_id": 62100, "attempted_target": "Ahouansori-Towéta", "protected_chef_lieux": ["Ladji"], "n_voters": 1, "required": 3, "voters_sample": ["Toweta 1"], "current_owner": "Ladji", "kind": "insufficient_corroboration_in_protection_zone"}}, {"type": "Feature", "geometry": {"type": "Point", "coordinates": [2.4278804, 6.391129]}, "properties": {"vertex_id": 62101, "attempted_target": "Ahouansori-Towéta", "protected_chef_lieux": ["Ladji"], "n_voters": 1, "required": 3, "voters_sample": ["Toweta 1"], "current_owner": "Ladji", "kind": "insufficient_corroboration_in_protection_zone"}}, {"type": "Feature", "geometry": {"type": "Point", "coordinates": [2.4279946, 6.3905989]}, "properties": {"vertex_id": 73678, "attempted_target": "Ahouansori-Towéta", "protected_chef_lieux": ["Ladji"], "n_voters": 1, "required": 3, "voters_sample": ["Toweta 1"], "current_owner": "Ladji", "kind": "insufficient_corroboration_in_protection_zone"}}, {"type": "Feature", "geometry": {"type": "Point", "coordinates": [2.374637, 6.3606165]}, "properties": {"vertex_id": 41099, "attempted_target": "Fidjrossè-Centre", "protected_chef_lieux": ["Adjaha-Cité"], "n_voters": 2, "required": 3, "voters_sample": ["Ecobank Fidjrossé", "Nouvelle Laverie Fidjrossè Cotonou bénin"], "current_owner": "Adjaha-Cité", "kind": "insufficient_corroboration_in_protection_zone"}}, {"type": "Feature", "geometry": {"type": "Point", "coordinates": [2.3742942, 6.359913]}, "properties": {"vertex_id": 41100, "attempted_target": "Fidjrossè-Centre", "protected_chef_lieux": ["Adjaha-Cité"], "n_voters": 2, "required": 3, "voters_sample": ["Ecobank Fidjrossé", "Nouvelle Laverie Fidjrossè Cotonou bénin"], "current_owner": "Adjaha-Cité", "kind": "insufficient_corroboration_in_protection_zone"}}, {"type": "Feature", "geometry": {"type": "Point", "coordinates": [2.3742673, 6.3596692]}, "properties": {"vertex_id": 13587, "attempted_target": "Fidjrossè-Centre", "protected_chef_lieux": ["Adjaha-Cité"], "n_voters": 2, "required": 3, "voters_sample": ["Ecobank Fidjrossé", "Nouvelle Laverie Fidjrossè Cotonou bénin"], "current_owner": "Adjaha-Cité", "kind": "insufficient_corroboration_in_protection_zone"}}, {"type": "Feature", "geometry": {"type": "Point", "coordinates": [2.3747905, 6.3610427]}, "properties": {"vertex_id": 16431, "attempted_target": "Fidjrossè-Centre", "protected_chef_lieux": ["Adjaha-Cité"], "n_voters": 2, "required": 3, "voters_sample": ["Ecobank Fidjrossé", "Nouvelle Laverie Fidjrossè Cotonou bénin"], "current_owner": "Adjaha-Cité", "kind": "insufficient_corroboration_in_protection_zone"}}, {"type": "Feature", "geometry": {"type": "Point", "coordinates": [2.3741975, 6.3611313]}, "properties": {"vertex_id": 16432, "attempted_target": "Fidjrossè-Centre", "protected_chef_lieux": ["Adjaha-Cité"], "n_voters": 2, "required": 3, "voters_sample": ["Ecobank Fidjrossé", "Nouvelle Laverie Fidjrossè Cotonou bénin"], "current_owner": "Adjaha-Cité", "kind": "insufficient_corroboration_in_protection_zone"}}, {"type": "Feature", "geometry": {"type": "Point", "coordinates": [2.3736072, 6.3609632]}, "properties": {"vertex_id": 34101, "attempted_target": "Fidjrossè-Centre", "protected_chef_lieux": ["Adjaha-Cité"], "n_voters": 2, "required": 3, "voters_sample": ["Ecobank Fidjrossé", "Nouvelle Laverie Fidjrossè Cotonou bénin"], "current_owner": "Adjaha-Cité", "kind": "insufficient_corroboration_in_protection_zone"}}, {"type": "Feature", "geometry": {"type": "Point", "coordinates": [2.3734395, 6.3608506]}, "properties": {"vertex_id": 13623, "attempted_target": "Fidjrossè-Centre", "protected_chef_lieux": ["Adjaha-Cité"], "n_voters": 1, "required": 3, "voters_sample": ["Ecobank Fidjrossé"], "current_owner": "Adjaha-Cité", "kind": "insufficient_corroboration_in_protection_zone"}}, {"type": "Feature", "geometry": {"type": "Point", "coordinates": [2.3744316, 6.3601847]}, "properties": {"vertex_id": 13624, "attempted_target": "Fidjrossè-Centre", "protected_chef_lieux": ["Adjaha-Cité"], "n_voters": 2, "required": 3, "voters_sample": ["Ecobank Fidjrossé", "Nouvelle Laverie Fidjrossè Cotonou bénin"], "current_owner": "Adjaha-Cité", "kind": "insufficient_corroboration_in_protection_zone"}}, {"type": "Feature", "geometry": {"type": "Point", "coordinates": [2.3741231, 6.3609686]}, "properties": {"vertex_id": 130886, "attempted_target": "Fidjrossè-Centre", "protected_chef_lieux": ["Adjaha-Cité"], "n_voters": 2, "required": 3, "voters_sample": ["Ecobank Fidjrossé", "Nouvelle Laverie Fidjrossè Cotonou bénin"], "current_owner": "Adjaha-Cité", "kind": "insufficient_corroboration_in_protection_zone"}}, {"type": "Feature", "geometry": {"type": "Point", "coordinates": [2.373861, 6.3611826]}, "properties": {"vertex_id": 130898, "attempted_target": "Fidjrossè-Centre", "protected_chef_lieux": ["Adjaha-Cité"], "n_voters": 2, "required": 3, "voters_sample": ["Ecobank Fidjrossé", "Nouvelle Laverie Fidjrossè Cotonou bénin"], "current_owner": "Adjaha-Cité", "kind": "insufficient_corroboration_in_protection_zone"}}, {"type": "Feature", "geometry": {"type": "Point", "coordinates": [2.3738359, 6.361172]}, "properties": {"vertex_id": 130899, "attempted_target": "Fidjrossè-Centre", "protected_chef_lieux": ["Adjaha-Cité"], "n_voters": 2, "required": 3, "voters_sample": ["Ecobank Fidjrossé", "Nouvelle Laverie Fidjrossè Cotonou bénin"], "current_owner": "Adjaha-Cité", "kind": "insufficient_corroboration_in_protection_zone"}}, {"type": "Feature", "geometry": {"type": "Point", "coordinates": [2.3738033, 6.3611532]}, "properties": {"vertex_id": 130900, "attempted_target": "Fidjrossè-Centre", "protected_chef_lieux": ["Adjaha-Cité"], "n_voters": 2, "required": 3, "voters_sample": ["Ecobank Fidjrossé", "Nouvelle Laverie Fidjrossè Cotonou bénin"], "current_owner": "Adjaha-Cité", "kind": "insufficient_corroboration_in_protection_zone"}}, {"type": "Feature", "geometry": {"type": "Point", "coordinates": [2.373517, 6.3612931]}, "properties": {"vertex_id": 1621, "attempted_target": "Fidjrossè-Centre", "protected_chef_lieux": ["Adjaha-Cité"], "n_voters": 1, "required": 3, "voters_sample": ["Ecobank Fidjrossé"], "current_owner": "Adjaha-Cité", "kind": "insufficient_corroboration_in_protection_zone"}}, {"type": "Feature", "geometry": {"type": "Point", "coordinates": [2.3736511, 6.3612071]}, "properties": {"vertex_id": 1622, "attempted_target": "Fidjrossè-Centre", "protected_chef_lieux": ["Adjaha-Cité"], "n_voters": 2, "required": 3, "voters_sample": ["Ecobank Fidjrossé", "Nouvelle Laverie Fidjrossè Cotonou bénin"], "current_owner": "Adjaha-Cité", "kind": "insufficient_corroboration_in_protection_zone"}}, {"type": "Feature", "geometry": {"type": "Point", "coordinates": [2.3737683, 6.3611222]}, "properties": {"vertex_id": 1623, "attempted_target": "Fidjrossè-Centre", "protected_chef_lieux": ["Adjaha-Cité"], "n_voters": 2, "required": 3, "voters_sample": ["Ecobank Fidjrossé", "Nouvelle Laverie Fidjrossè Cotonou bénin"], "current_owner": "Adjaha-Cité", "kind": "insufficient_corroboration_in_protection_zone"}}, {"type": "Feature", "geometry": {"type": "Point", "coordinates": [2.3738904, 6.3610493]}, "properties": {"vertex_id": 1624, "attempted_target": "Fidjrossè-Centre", "protected_chef_lieux": ["Adjaha-Cité"], "n_voters": 2, "required": 3, "voters_sample": ["Ecobank Fidjrossé", "Nouvelle Laverie Fidjrossè Cotonou bénin"], "current_owner": "Adjaha-Cité", "kind": "insufficient_corroboration_in_protection_zone"}}, {"type": "Feature", "geometry": {"type": "Point", "coordinates": [2.3736859, 6.3609947]}, "properties": {"vertex_id": 72159, "attempted_target": "Fidjrossè-Centre", "protected_chef_lieux": ["Adjaha-Cité"], "n_voters": 2, "required": 3, "voters_sample": ["Ecobank Fidjrossé", "Nouvelle Laverie Fidjrossè Cotonou bénin"], "current_owner": "Adjaha-Cité", "kind": "insufficient_corroboration_in_protection_zone"}}, {"type": "Feature", "geometry": {"type": "Point", "coordinates": [2.3739821, 6.3610799]}, "properties": {"vertex_id": 72160, "attempted_target": "Fidjrossè-Centre", "protected_chef_lieux": ["Adjaha-Cité"], "n_voters": 2, "required": 3, "voters_sample": ["Ecobank Fidjrossé", "Nouvelle Laverie Fidjrossè Cotonou bénin"], "current_owner": "Adjaha-Cité", "kind": "insufficient_corroboration_in_protection_zone"}}, {"type": "Feature", "geometry": {"type": "Point", "coordinates": [2.3740088, 6.361091]}, "properties": {"vertex_id": 72161, "attempted_target": "Fidjrossè-Centre", "protected_chef_lieux": ["Adjaha-Cité"], "n_voters": 2, "required": 3, "voters_sample": ["Ecobank Fidjrossé", "Nouvelle Laverie Fidjrossè Cotonou bénin"], "current_owner": "Adjaha-Cité", "kind": "insufficient_corroboration_in_protection_zone"}}, {"type": "Feature", "geometry": {"type": "Point", "coordinates": [2.3741104, 6.3611566]}, "properties": {"vertex_id": 72162, "attempted_target": "Fidjrossè-Centre", "protected_chef_lieux": ["Adjaha-Cité"], "n_voters": 2, "required": 3, "voters_sample": ["Ecobank Fidjrossé", "Nouvelle Laverie Fidjrossè Cotonou bénin"], "current_owner": "Adjaha-Cité", "kind": "insufficient_corroboration_in_protection_zone"}}, {"type": "Feature", "geometry": {"type": "Point", "coordinates": [2.3737881, 6.3617574]}, "properties": {"vertex_id": 13795, "attempted_target": "Fidjrossè-Centre", "protected_chef_lieux": ["Adjaha-Cité"], "n_voters": 1, "required": 3, "voters_sample": ["Ecobank Fidjrossé"], "current_owner": "Adjaha-Cité", "kind": "insufficient_corroboration_in_protection_zone"}}, {"type": "Feature", "geometry": {"type": "Point", "coordinates": [2.3739035, 6.3611935]}, "properties": {"vertex_id": 72164, "attempted_target": "Fidjrossè-Centre", "protected_chef_lieux": ["Adjaha-Cité"], "n_voters": 2, "required": 3, "voters_sample": ["Ecobank Fidjrossé", "Nouvelle Laverie Fidjrossè Cotonou bénin"], "current_owner": "Adjaha-Cité", "kind": "insufficient_corroboration_in_protection_zone"}}, {"type": "Feature", "geometry": {"type": "Point", "coordinates": [2.3731162, 6.3618316]}, "properties": {"vertex_id": 13797, "attempted_target": "Fidjrossè-Centre", "protected_chef_lieux": ["Adjaha-Cité"], "n_voters": 1, "required": 3, "voters_sample": ["Ecobank Fidjrossé"], "current_owner": "Adjaha-Cité", "kind": "insufficient_corroboration_in_protection_zone"}}, {"type": "Feature", "geometry": {"type": "Point", "coordinates": [2.3735069, 6.3614838]}, "properties": {"vertex_id": 72166, "attempted_target": "Fidjrossè-Centre", "protected_chef_lieux": ["Adjaha-Cité"], "n_voters": 1, "required": 3, "voters_sample": ["Ecobank Fidjrossé"], "current_owner": "Adjaha-Cité", "kind": "insufficient_corroboration_in_protection_zone"}}, {"type": "Feature", "geometry": {"type": "Point", "coordinates": [2.3733022, 6.3618259]}, "properties": {"vertex_id": 13796, "attempted_target": "Fidjrossè-Centre", "protected_chef_lieux": ["Adjaha-Cité"], "n_voters": 1, "required": 3, "voters_sample": ["Ecobank Fidjrossé"], "current_owner": "Adjaha-Cité", "kind": "insufficient_corroboration_in_protection_zone"}}, {"type": "Feature", "geometry": {"type": "Point", "coordinates": [2.3736075, 6.3614211]}, "properties": {"vertex_id": 72165, "attempted_target": "Fidjrossè-Centre", "protected_chef_lieux": ["Adjaha-Cité"], "n_voters": 1, "required": 3, "voters_sample": ["Ecobank Fidjrossé"], "current_owner": "Adjaha-Cité", "kind": "insufficient_corroboration_in_protection_zone"}}, {"type": "Feature", "geometry": {"type": "Point", "coordinates": [2.3740561, 6.3611692]}, "properties": {"vertex_id": 72163, "attempted_target": "Fidjrossè-Centre", "protected_chef_lieux": ["Adjaha-Cité"], "n_voters": 2, "required": 3, "voters_sample": ["Ecobank Fidjrossé", "Nouvelle Laverie Fidjrossè Cotonou bénin"], "current_owner": "Adjaha-Cité", "kind": "insufficient_corroboration_in_protection_zone"}}, {"type": "Feature", "geometry": {"type": "Point", "coordinates": [2.3748645, 6.3616376]}, "properties": {"vertex_id": 13794, "attempted_target": "Fidjrossè-Centre", "protected_chef_lieux": ["Adjaha-Cité"], "n_voters": 2, "required": 3, "voters_sample": ["Ecobank Fidjrossé", "Nouvelle Laverie Fidjrossè Cotonou bénin"], "current_owner": "Adjaha-Cité", "kind": "insufficient_corroboration_in_protection_zone"}}, {"type": "Feature", "geometry": {"type": "Point", "coordinates": [2.3728623, 6.3613168]}, "properties": {"vertex_id": 132206, "attempted_target": "Fidjrossè-Centre", "protected_chef_lieux": ["Adjaha-Cité"], "n_voters": 1, "required": 3, "voters_sample": ["Ecobank Fidjrossé"], "current_owner": "Adjaha-Cité", "kind": "insufficient_corroboration_in_protection_zone"}}, {"type": "Feature", "geometry": {"type": "Point", "coordinates": [2.4456338, 6.363488]}, "properties": {"vertex_id": 7837, "attempted_target": "Abokicodji-Lagune", "protected_chef_lieux": ["Ohé"], "n_voters": 1, "required": 3, "voters_sample": ["Abokicodji Nazare"], "current_owner": "Ohé", "kind": "insufficient_corroboration_in_protection_zone"}}, {"type": "Feature", "geometry": {"type": "Point", "coordinates": [2.4456338, 6.363488]}, "properties": {"vertex_id": 7837, "attempted_target": "Abokicodji-Centre", "protected_chef_lieux": ["Ohé"], "n_voters": 1, "required": 3, "voters_sample": ["Abokicodji-Centre"], "current_owner": "Ohé", "kind": "insufficient_corroboration_in_protection_zone"}}, {"type": "Feature", "geometry": {"type": "Point", "coordinates": [2.4460325, 6.3639536]}, "properties": {"vertex_id": 15115, "attempted_target": "Abokicodji-Lagune", "protected_chef_lieux": ["Ohé"], "n_voters": 1, "required": 3, "voters_sample": ["Abokicodji Nazare"], "current_owner": "Ohé", "kind": "insufficient_corroboration_in_protection_zone"}}, {"type": "Feature", "geometry": {"type": "Point", "coordinates": [2.4460325, 6.3639536]}, "properties": {"vertex_id": 15115, "attempted_target": "Abokicodji-Centre", "protected_chef_lieux": ["Ohé"], "n_voters": 1, "required": 3, "voters_sample": ["Abokicodji-Centre"], "current_owner": "Ohé", "kind": "insufficient_corroboration_in_protection_zone"}}, {"type": "Feature", "geometry": {"type": "Point", "coordinates": [2.4456644, 6.3635125]}, "properties": {"vertex_id": 7838, "attempted_target": "Abokicodji-Lagune", "protected_chef_lieux": ["Ohé"], "n_voters": 1, "required": 3, "voters_sample": ["Abokicodji Nazare"], "current_owner": "Ohé", "kind": "insufficient_corroboration_in_protection_zone"}}, {"type": "Feature", "geometry": {"type": "Point", "coordinates": [2.4456644, 6.3635125]}, "properties": {"vertex_id": 7838, "attempted_target": "Abokicodji-Centre", "protected_chef_lieux": ["Ohé"], "n_voters": 1, "required": 3, "voters_sample": ["Abokicodji-Centre"], "current_owner": "Ohé", "kind": "insufficient_corroboration_in_protection_zone"}}, {"type": "Feature", "geometry": {"type": "Point", "coordinates": [2.4455068, 6.3637043]}, "properties": {"vertex_id": 131285, "attempted_target": "Abokicodji-Lagune", "protected_chef_lieux": ["Ohé"], "n_voters": 1, "required": 3, "voters_sample": ["Abokicodji Nazare"], "current_owner": "Ohé", "kind": "insufficient_corroboration_in_protection_zone"}}, {"type": "Feature", "geometry": {"type": "Point", "coordinates": [2.4455068, 6.3637043]}, "properties": {"vertex_id": 131285, "attempted_target": "Abokicodji-Centre", "protected_chef_lieux": ["Ohé"], "n_voters": 1, "required": 3, "voters_sample": ["Abokicodji-Centre"], "current_owner": "Ohé", "kind": "insufficient_corroboration_in_protection_zone"}}, {"type": "Feature", "geometry": {"type": "Point", "coordinates": [2.4454014, 6.3633016]}, "properties": {"vertex_id": 7835, "attempted_target": "Abokicodji-Lagune", "protected_chef_lieux": ["Ohé"], "n_voters": 1, "required": 3, "voters_sample": ["Abokicodji Nazare"], "current_owner": "Ohé", "kind": "insufficient_corroboration_in_protection_zone"}}, {"type": "Feature", "geometry": {"type": "Point", "coordinates": [2.4454014, 6.3633016]}, "properties": {"vertex_id": 7835, "attempted_target": "Abokicodji-Centre", "protected_chef_lieux": ["Ohé"], "n_voters": 1, "required": 3, "voters_sample": ["Abokicodji-Centre"], "current_owner": "Ohé", "kind": "insufficient_corroboration_in_protection_zone"}}, {"type": "Feature", "geometry": {"type": "Point", "coordinates": [2.4454588, 6.3633476]}, "properties": {"vertex_id": 7836, "attempted_target": "Abokicodji-Lagune", "protected_chef_lieux": ["Ohé"], "n_voters": 1, "required": 3, "voters_sample": ["Abokicodji Nazare"], "current_owner": "Ohé", "kind": "insufficient_corroboration_in_protection_zone"}}, {"type": "Feature", "geometry": {"type": "Point", "coordinates": [2.4454588, 6.3633476]}, "properties": {"vertex_id": 7836, "attempted_target": "Abokicodji-Centre", "protected_chef_lieux": ["Ohé"], "n_voters": 1, "required": 3, "voters_sample": ["Abokicodji-Centre"], "current_owner": "Ohé", "kind": "insufficient_corroboration_in_protection_zone"}}, {"type": "Feature", "geometry": {"type": "Point", "coordinates": [2.4451665, 6.3631133]}, "properties": {"vertex_id": 7773, "attempted_target": "Abokicodji-Lagune", "protected_chef_lieux": ["Ohé"], "n_voters": 1, "required": 3, "voters_sample": ["Abokicodji Nazare"], "current_owner": "Ohé", "kind": "insufficient_corroboration_in_protection_zone"}}, {"type": "Feature", "geometry": {"type": "Point", "coordinates": [2.4451665, 6.3631133]}, "properties": {"vertex_id": 7773, "attempted_target": "Abokicodji-Centre", "protected_chef_lieux": ["Ohé"], "n_voters": 1, "required": 3, "voters_sample": ["Abokicodji-Centre"], "current_owner": "Ohé", "kind": "insufficient_corroboration_in_protection_zone"}}, {"type": "Feature", "geometry": {"type": "Point", "coordinates": [2.4461044, 6.3638655]}, "properties": {"vertex_id": 7839, "attempted_target": "Abokicodji-Lagune", "protected_chef_lieux": ["Ohé"], "n_voters": 1, "required": 3, "voters_sample": ["Abokicodji Nazare"], "current_owner": "Ohé", "kind": "insufficient_corroboration_in_protection_zone"}}, {"type": "Feature", "geometry": {"type": "Point", "coordinates": [2.4461044, 6.3638655]}, "properties": {"vertex_id": 7839, "attempted_target": "Abokicodji-Centre", "protected_chef_lieux": ["Ohé"], "n_voters": 1, "required": 3, "voters_sample": ["Abokicodji-Centre"], "current_owner": "Ohé", "kind": "insufficient_corroboration_in_protection_zone"}}, {"type": "Feature", "geometry": {"type": "Point", "coordinates": [2.3859668, 6.3891751]}, "properties": {"vertex_id": 7298, "attempted_target": "Zogbo", "protected_chef_lieux": ["Agounvocôdji"], "n_voters": 1, "required": 3, "voters_sample": ["DHL Service Point (UNION ASSURANCES ZOGBO)"], "current_owner": "Agounvocôdji", "kind": "insufficient_corroboration_in_protection_zone"}}, {"type": "Feature", "geometry": {"type": "Point", "coordinates": [2.3859332, 6.3891527]}, "properties": {"vertex_id": 7299, "attempted_target": "Zogbo", "protected_chef_lieux": ["Agounvocôdji"], "n_voters": 1, "required": 3, "voters_sample": ["DHL Service Point (UNION ASSURANCES ZOGBO)"], "current_owner": "Agounvocôdji", "kind": "insufficient_corroboration_in_protection_zone"}}, {"type": "Feature", "geometry": {"type": "Point", "coordinates": [2.3867395, 6.3883472]}, "properties": {"vertex_id": 5783, "attempted_target": "Zogbo", "protected_chef_lieux": ["Agounvocôdji"], "n_voters": 1, "required": 3, "voters_sample": ["DHL Service Point (UNION ASSURANCES ZOGBO)"], "current_owner": "Agounvocôdji", "kind": "insufficient_corroboration_in_protection_zone"}}, {"type": "Feature", "geometry": {"type": "Point", "coordinates": [2.3862797, 6.3886702]}, "properties": {"vertex_id": 5100, "attempted_target": "Zogbo", "protected_chef_lieux": ["Agounvocôdji"], "n_voters": 1, "required": 3, "voters_sample": ["DHL Service Point (UNION ASSURANCES ZOGBO)"], "current_owner": "Agounvocôdji", "kind": "insufficient_corroboration_in_protection_zone"}}, {"type": "Feature", "geometry": {"type": "Point", "coordinates": [2.4254532, 6.3636496]}, "properties": {"vertex_id": 151393, "attempted_target": "Gbéto", "protected_chef_lieux": ["Mifongou"], "n_voters": 1, "required": 3, "voters_sample": ["Souwagbeto, Maro Militaire"], "current_owner": "Mifongou", "kind": "insufficient_corroboration_in_protection_zone"}}, {"type": "Feature", "geometry": {"type": "Point", "coordinates": [2.4255216, 6.3636536]}, "properties": {"vertex_id": 151394, "attempted_target": "Gbéto", "protected_chef_lieux": ["Mifongou"], "n_voters": 1, "required": 3, "voters_sample": ["Souwagbeto, Maro Militaire"], "current_owner": "Mifongou", "kind": "insufficient_corroboration_in_protection_zone"}}, {"type": "Feature", "geometry": {"type": "Point", "coordinates": [2.4255604, 6.3638152]}, "properties": {"vertex_id": 504, "attempted_target": "Gbéto", "protected_chef_lieux": ["Mifongou"], "n_voters": 1, "required": 3, "voters_sample": ["Souwagbeto, Maro Militaire"], "current_owner": "Mifongou", "kind": "insufficient_corroboration_in_protection_zone"}}, {"type": "Feature", "geometry": {"type": "Point", "coordinates": [2.4249483, 6.3641286]}, "properties": {"vertex_id": 3182, "attempted_target": "Gbéto", "protected_chef_lieux": ["Mifongou"], "n_voters": 1, "required": 3, "voters_sample": ["Souwagbeto, Maro Militaire"], "current_owner": "Mifongou", "kind": "insufficient_corroboration_in_protection_zone"}}, {"type": "Feature", "geometry": {"type": "Point", "coordinates": [2.4255116, 6.3638182]}, "properties": {"vertex_id": 129325, "attempted_target": "Gbéto", "protected_chef_lieux": ["Mifongou"], "n_voters": 1, "required": 3, "voters_sample": ["Souwagbeto, Maro Militaire"], "current_owner": "Mifongou", "kind": "insufficient_corroboration_in_protection_zone"}}, {"type": "Feature", "geometry": {"type": "Point", "coordinates": [2.425474, 6.3638256]}, "properties": {"vertex_id": 129326, "attempted_target": "Gbéto", "protected_chef_lieux": ["Mifongou"], "n_voters": 1, "required": 3, "voters_sample": ["Souwagbeto, Maro Militaire"], "current_owner": "Mifongou", "kind": "insufficient_corroboration_in_protection_zone"}}, {"type": "Feature", "geometry": {"type": "Point", "coordinates": [2.4254344, 6.3638476]}, "properties": {"vertex_id": 129327, "attempted_target": "Gbéto", "protected_chef_lieux": ["Mifongou"], "n_voters": 1, "required": 3, "voters_sample": ["Souwagbeto, Maro Militaire"], "current_owner": "Mifongou", "kind": "insufficient_corroboration_in_protection_zone"}}, {"type": "Feature", "geometry": {"type": "Point", "coordinates": [2.4254023, 6.3638829]}, "properties": {"vertex_id": 129328, "attempted_target": "Gbéto", "protected_chef_lieux": ["Mifongou"], "n_voters": 1, "required": 3, "voters_sample": ["Souwagbeto, Maro Militaire"], "current_owner": "Mifongou", "kind": "insufficient_corroboration_in_protection_zone"}}, {"type": "Feature", "geometry": {"type": "Point", "coordinates": [2.4253929, 6.3639035]}, "properties": {"vertex_id": 129329, "attempted_target": "Gbéto", "protected_chef_lieux": ["Mifongou"], "n_voters": 1, "required": 3, "voters_sample": ["Souwagbeto, Maro Militaire"], "current_owner": "Mifongou", "kind": "insufficient_corroboration_in_protection_zone"}}, {"type": "Feature", "geometry": {"type": "Point", "coordinates": [2.4245618, 6.3628254]}, "properties": {"vertex_id": 274, "attempted_target": "Gbéto", "protected_chef_lieux": ["Mifongou"], "n_voters": 1, "required": 3, "voters_sample": ["Souwagbeto, Maro Militaire"], "current_owner": "Mifongou", "kind": "insufficient_corroboration_in_protection_zone"}}, {"type": "Feature", "geometry": {"type": "Point", "coordinates": [2.4253929, 6.3639309]}, "properties": {"vertex_id": 129330, "attempted_target": "Gbéto", "protected_chef_lieux": ["Mifongou"], "n_voters": 1, "required": 3, "voters_sample": ["Souwagbeto, Maro Militaire"], "current_owner": "Mifongou", "kind": "insufficient_corroboration_in_protection_zone"}}, {"type": "Feature", "geometry": {"type": "Point", "coordinates": [2.4256136, 6.3636781]}, "properties": {"vertex_id": 275, "attempted_target": "Gbéto", "protected_chef_lieux": ["Mifongou"], "n_voters": 1, "required": 3, "voters_sample": ["Souwagbeto, Maro Militaire"], "current_owner": "Mifongou", "kind": "insufficient_corroboration_in_protection_zone"}}, {"type": "Feature", "geometry": {"type": "Point", "coordinates": [2.4258346, 6.36383]}, "properties": {"vertex_id": 276, "attempted_target": "Gbéto", "protected_chef_lieux": ["Mifongou"], "n_voters": 1, "required": 3, "voters_sample": ["Souwagbeto, Maro Militaire"], "current_owner": "Mifongou", "kind": "insufficient_corroboration_in_protection_zone"}}, {"type": "Feature", "geometry": {"type": "Point", "coordinates": [2.4262603, 6.3633348]}, "properties": {"vertex_id": 6905, "attempted_target": "Gbéto", "protected_chef_lieux": ["Mifongou"], "n_voters": 1, "required": 3, "voters_sample": ["Souwagbeto, Maro Militaire"], "current_owner": "Mifongou", "kind": "insufficient_corroboration_in_protection_zone"}}, {"type": "Feature", "geometry": {"type": "Point", "coordinates": [2.4257424, 6.3639607]}, "properties": {"vertex_id": 503, "attempted_target": "Gbéto", "protected_chef_lieux": ["Mifongou"], "n_voters": 1, "required": 3, "voters_sample": ["Souwagbeto, Maro Militaire"], "current_owner": "Mifongou", "kind": "insufficient_corroboration_in_protection_zone"}}, {"type": "Feature", "geometry": {"type": "Point", "coordinates": [2.4253636, 6.3636653]}, "properties": {"vertex_id": 505, "attempted_target": "Gbéto", "protected_chef_lieux": ["Mifongou"], "n_voters": 1, "required": 3, "voters_sample": ["Souwagbeto, Maro Militaire"], "current_owner": "Mifongou", "kind": "insufficient_corroboration_in_protection_zone"}}, {"type": "Feature", "geometry": {"type": "Point", "coordinates": [2.4639289, 6.36266]}, "properties": {"vertex_id": 12899, "attempted_target": "Fifadji-Houto (Jak)", "protected_chef_lieux": ["Donaten"], "n_voters": 1, "required": 3, "voters_sample": ["Fifadji-Houto"], "current_owner": "Donaten", "kind": "insufficient_corroboration_in_protection_zone"}}, {"type": "Feature", "geometry": {"type": "Point", "coordinates": [2.4225684, 6.3762581]}, "properties": {"vertex_id": 62050, "attempted_target": "Jéricho-Nord", "protected_chef_lieux": ["Aïdjèdo-Ahito"], "n_voters": 1, "required": 3, "voters_sample": ["HECM SIEGE JERICHO"], "current_owner": "Aïdjèdo-Ahito", "kind": "insufficient_corroboration_in_protection_zone"}}, {"type": "Feature", "geometry": {"type": "Point", "coordinates": [2.422674, 6.3763355]}, "properties": {"vertex_id": 62051, "attempted_target": "Jéricho-Nord", "protected_chef_lieux": ["Aïdjèdo-Ahito"], "n_voters": 1, "required": 3, "voters_sample": ["HECM SIEGE JERICHO"], "current_owner": "Aïdjèdo-Ahito", "kind": "insufficient_corroboration_in_protection_zone"}}, {"type": "Feature", "geometry": {"type": "Point", "coordinates": [2.4289912, 6.3720969]}, "properties": {"vertex_id": 6566, "attempted_target": "Jéricho-Nord", "protected_chef_lieux": ["Jéricho-Sud"], "n_voters": 1, "required": 3, "voters_sample": ["Carrefour Bibe Jericho, Cotonou"], "current_owner": "Jéricho-Sud", "kind": "insufficient_corroboration_in_protection_zone"}}, {"type": "Feature", "geometry": {"type": "Point", "coordinates": [2.4445699, 6.3749559]}, "properties": {"vertex_id": 7744, "attempted_target": "Midombo", "protected_chef_lieux": ["Adjégounlè"], "n_voters": 1, "required": 3, "voters_sample": ["Atelier face a la voie pave marche midombo"], "current_owner": "Adjégounlè", "kind": "insufficient_corroboration_in_protection_zone"}}, {"type": "Feature", "geometry": {"type": "Point", "coordinates": [2.4443865, 6.3749437]}, "properties": {"vertex_id": 7745, "attempted_target": "Midombo", "protected_chef_lieux": ["Adjégounlè"], "n_voters": 1, "required": 3, "voters_sample": ["Atelier face a la voie pave marche midombo"], "current_owner": "Adjégounlè", "kind": "insufficient_corroboration_in_protection_zone"}}, {"type": "Feature", "geometry": {"type": "Point", "coordinates": [2.4445781, 6.375828]}, "properties": {"vertex_id": 7877, "attempted_target": "Midombo", "protected_chef_lieux": ["Adjégounlè"], "n_voters": 1, "required": 3, "voters_sample": ["Atelier face a la voie pave marche midombo"], "current_owner": "Adjégounlè", "kind": "insufficient_corroboration_in_protection_zone"}}, {"type": "Feature", "geometry": {"type": "Point", "coordinates": [2.4433851, 6.3753246]}, "properties": {"vertex_id": 7857, "attempted_target": "Midombo", "protected_chef_lieux": ["Adjégounlè"], "n_voters": 1, "required": 3, "voters_sample": ["Atelier face a la voie pave marche midombo"], "current_owner": "Adjégounlè", "kind": "insufficient_corroboration_in_protection_zone"}}, {"type": "Feature", "geometry": {"type": "Point", "coordinates": [2.4403926, 6.3779042]}, "properties": {"vertex_id": 8291, "attempted_target": "Midombo", "protected_chef_lieux": ["Kpankpan"], "n_voters": 1, "required": 3, "voters_sample": ["MTN Agence Midombo"], "current_owner": "Kpankpan", "kind": "insufficient_corroboration_in_protection_zone"}}, {"type": "Feature", "geometry": {"type": "Point", "coordinates": [2.4404587, 6.3772127]}, "properties": {"vertex_id": 7950, "attempted_target": "Midombo", "protected_chef_lieux": ["Kpankpan"], "n_voters": 1, "required": 3, "voters_sample": ["MTN Agence Midombo"], "current_owner": "Kpankpan", "kind": "insufficient_corroboration_in_protection_zone"}}, {"type": "Feature", "geometry": {"type": "Point", "coordinates": [2.4111705, 6.3627173]}, "properties": {"vertex_id": 3009, "attempted_target": "Gbégamey-Mifongou", "protected_chef_lieux": ["Gbégamey-Centre"], "n_voters": 1, "required": 3, "voters_sample": ["LEMUEL EXPRESS - Agence/Gare de GBEGAMEY"], "current_owner": "Gbégamey-Centre", "kind": "insufficient_corroboration_in_protection_zone"}}, {"type": "Feature", "geometry": {"type": "Point", "coordinates": [2.3909047, 6.3678368]}, "properties": {"vertex_id": 13568, "attempted_target": "Houéyihô", "protected_chef_lieux": ["Houénoussou"], "n_voters": 2, "required": 3, "voters_sample": ["Ceg Houéyiho", "Clinique Houeyiho"], "current_owner": "Houénoussou", "kind": "insufficient_corroboration_in_protection_zone"}}, {"type": "Feature", "geometry": {"type": "Point", "coordinates": [2.3907253, 6.3677241]}, "properties": {"vertex_id": 13569, "attempted_target": "Houéyihô", "protected_chef_lieux": ["Houénoussou"], "n_voters": 2, "required": 3, "voters_sample": ["Ceg Houéyiho", "Clinique Houeyiho"], "current_owner": "Houénoussou", "kind": "insufficient_corroboration_in_protection_zone"}}, {"type": "Feature", "geometry": {"type": "Point", "coordinates": [2.390386, 6.3674709]}, "properties": {"vertex_id": 13570, "attempted_target": "Houéyihô", "protected_chef_lieux": ["Houénoussou"], "n_voters": 2, "required": 3, "voters_sample": ["Ceg Houéyiho", "Clinique Houeyiho"], "current_owner": "Houénoussou", "kind": "insufficient_corroboration_in_protection_zone"}}, {"type": "Feature", "geometry": {"type": "Point", "coordinates": [2.3912751, 6.3668255]}, "properties": {"vertex_id": 16401, "attempted_target": "Houéyihô", "protected_chef_lieux": ["Houénoussou"], "n_voters": 2, "required": 3, "voters_sample": ["Ceg Houéyiho", "Clinique Houeyiho"], "current_owner": "Houénoussou", "kind": "insufficient_corroboration_in_protection_zone"}}, {"type": "Feature", "geometry": {"type": "Point", "coordinates": [2.3914855, 6.3663222]}, "properties": {"vertex_id": 118675, "attempted_target": "Houéyihô", "protected_chef_lieux": ["Houénoussou"], "n_voters": 2, "required": 3, "voters_sample": ["Ceg Houéyiho", "Clinique Houeyiho"], "current_owner": "Houénoussou", "kind": "insufficient_corroboration_in_protection_zone"}}, {"type": "Feature", "geometry": {"type": "Point", "coordinates": [2.3912966, 6.3667145]}, "properties": {"vertex_id": 118677, "attempted_target": "Houéyihô", "protected_chef_lieux": ["Houénoussou"], "n_voters": 2, "required": 3, "voters_sample": ["Ceg Houéyiho", "Clinique Houeyiho"], "current_owner": "Houénoussou", "kind": "insufficient_corroboration_in_protection_zone"}}, {"type": "Feature", "geometry": {"type": "Point", "coordinates": [2.3913355, 6.3665899]}, "properties": {"vertex_id": 118678, "attempted_target": "Houéyihô", "protected_chef_lieux": ["Houénoussou"], "n_voters": 2, "required": 3, "voters_sample": ["Ceg Houéyiho", "Clinique Houeyiho"], "current_owner": "Houénoussou", "kind": "insufficient_corroboration_in_protection_zone"}}, {"type": "Feature", "geometry": {"type": "Point", "coordinates": [2.3918417, 6.3668072]}, "properties": {"vertex_id": 34085, "attempted_target": "Houéyihô", "protected_chef_lieux": ["Houénoussou"], "n_voters": 2, "required": 3, "voters_sample": ["Ceg Houéyiho", "Clinique Houeyiho"], "current_owner": "Houénoussou", "kind": "insufficient_corroboration_in_protection_zone"}}, {"type": "Feature", "geometry": {"type": "Point", "coordinates": [2.3911608, 6.367187]}, "properties": {"vertex_id": 16433, "attempted_target": "Houéyihô", "protected_chef_lieux": ["Houénoussou"], "n_voters": 2, "required": 3, "voters_sample": ["Ceg Houéyiho", "Clinique Houeyiho"], "current_owner": "Houénoussou", "kind": "insufficient_corroboration_in_protection_zone"}}, {"type": "Feature", "geometry": {"type": "Point", "coordinates": [2.391243, 6.3664433]}, "properties": {"vertex_id": 6710, "attempted_target": "Houéyihô", "protected_chef_lieux": ["Houénoussou"], "n_voters": 2, "required": 3, "voters_sample": ["Ceg Houéyiho", "Clinique Houeyiho"], "current_owner": "Houénoussou", "kind": "insufficient_corroboration_in_protection_zone"}}, {"type": "Feature", "geometry": {"type": "Point", "coordinates": [2.3914051, 6.3665149]}, "properties": {"vertex_id": 6711, "attempted_target": "Houéyihô", "protected_chef_lieux": ["Houénoussou"], "n_voters": 2, "required": 3, "voters_sample": ["Ceg Houéyiho", "Clinique Houeyiho"], "current_owner": "Houénoussou", "kind": "insufficient_corroboration_in_protection_zone"}}, {"type": "Feature", "geometry": {"type": "Point", "coordinates": [2.3916661, 6.367145]}, "properties": {"vertex_id": 34112, "attempted_target": "Houéyihô", "protected_chef_lieux": ["Houénoussou"], "n_voters": 2, "required": 3, "voters_sample": ["Ceg Houéyiho", "Clinique Houeyiho"], "current_owner": "Houénoussou", "kind": "insufficient_corroboration_in_protection_zone"}}, {"type": "Feature", "geometry": {"type": "Point", "coordinates": [2.3915139, 6.3670524]}, "properties": {"vertex_id": 34113, "attempted_target": "Houéyihô", "protected_chef_lieux": ["Houénoussou"], "n_voters": 2, "required": 3, "voters_sample": ["Ceg Houéyiho", "Clinique Houeyiho"], "current_owner": "Houénoussou", "kind": "insufficient_corroboration_in_protection_zone"}}, {"type": "Feature", "geometry": {"type": "Point", "coordinates": [2.3910684, 6.3674393]}, "properties": {"vertex_id": 13509, "attempted_target": "Houéyihô", "protected_chef_lieux": ["Houénoussou"], "n_voters": 2, "required": 3, "voters_sample": ["Ceg Houéyiho", "Clinique Houeyiho"], "current_owner": "Houénoussou", "kind": "insufficient_corroboration_in_protection_zone"}}, {"type": "Feature", "geometry": {"type": "Point", "coordinates": [2.3920296, 6.3675623]}, "properties": {"vertex_id": 13651, "attempted_target": "Houéyihô", "protected_chef_lieux": ["Houénoussou"], "n_voters": 2, "required": 3, "voters_sample": ["Ceg Houéyiho", "Clinique Houeyiho"], "current_owner": "Houénoussou", "kind": "insufficient_corroboration_in_protection_zone"}}, {"type": "Feature", "geometry": {"type": "Point", "coordinates": [2.3920546, 6.3673917]}, "properties": {"vertex_id": 13652, "attempted_target": "Houéyihô", "protected_chef_lieux": ["Houénoussou"], "n_voters": 2, "required": 3, "voters_sample": ["Ceg Houéyiho", "Clinique Houeyiho"], "current_owner": "Houénoussou", "kind": "insufficient_corroboration_in_protection_zone"}}, {"type": "Feature", "geometry": {"type": "Point", "coordinates": [2.3903836, 6.3662164]}, "properties": {"vertex_id": 16402, "attempted_target": "Houéyihô", "protected_chef_lieux": ["Houénoussou"], "n_voters": 1, "required": 3, "voters_sample": ["Clinique Houeyiho"], "current_owner": "Houénoussou", "kind": "insufficient_corroboration_in_protection_zone"}}, {"type": "Feature", "geometry": {"type": "Point", "coordinates": [2.3903095, 6.3661767]}, "properties": {"vertex_id": 16403, "attempted_target": "Houéyihô", "protected_chef_lieux": ["Houénoussou"], "n_voters": 1, "required": 3, "voters_sample": ["Clinique Houeyiho"], "current_owner": "Houénoussou", "kind": "insufficient_corroboration_in_protection_zone"}}, {"type": "Feature", "geometry": {"type": "Point", "coordinates": [2.3902316, 6.3661593]}, "properties": {"vertex_id": 16404, "attempted_target": "Houéyihô", "protected_chef_lieux": ["Houénoussou"], "n_voters": 1, "required": 3, "voters_sample": ["Clinique Houeyiho"], "current_owner": "Houénoussou", "kind": "insufficient_corroboration_in_protection_zone"}}, {"type": "Feature", "geometry": {"type": "Point", "coordinates": [2.3901728, 6.366146]}, "properties": {"vertex_id": 16405, "attempted_target": "Houéyihô", "protected_chef_lieux": ["Houénoussou"], "n_voters": 1, "required": 3, "voters_sample": ["Clinique Houeyiho"], "current_owner": "Houénoussou", "kind": "insufficient_corroboration_in_protection_zone"}}, {"type": "Feature", "geometry": {"type": "Point", "coordinates": [2.3915318, 6.3661523]}, "properties": {"vertex_id": 118676, "attempted_target": "Houéyihô", "protected_chef_lieux": ["Houénoussou"], "n_voters": 1, "required": 3, "voters_sample": ["Clinique Houeyiho"], "current_owner": "Houénoussou", "kind": "insufficient_corroboration_in_protection_zone"}}, {"type": "Feature", "geometry": {"type": "Point", "coordinates": [2.3908404, 6.3661043]}, "properties": {"vertex_id": 6709, "attempted_target": "Houéyihô", "protected_chef_lieux": ["Houénoussou"], "n_voters": 1, "required": 3, "voters_sample": ["Clinique Houeyiho"], "current_owner": "Houénoussou", "kind": "insufficient_corroboration_in_protection_zone"}}, {"type": "Feature", "geometry": {"type": "Point", "coordinates": [2.3903457, 6.3659917]}, "properties": {"vertex_id": 130876, "attempted_target": "Houéyihô", "protected_chef_lieux": ["Houénoussou"], "n_voters": 1, "required": 3, "voters_sample": ["Clinique Houeyiho"], "current_owner": "Houénoussou", "kind": "insufficient_corroboration_in_protection_zone"}}, {"type": "Feature", "geometry": {"type": "Point", "coordinates": [2.3903529, 6.3660378]}, "properties": {"vertex_id": 130877, "attempted_target": "Houéyihô", "protected_chef_lieux": ["Houénoussou"], "n_voters": 1, "required": 3, "voters_sample": ["Clinique Houeyiho"], "current_owner": "Houénoussou", "kind": "insufficient_corroboration_in_protection_zone"}}, {"type": "Feature", "geometry": {"type": "Point", "coordinates": [2.3903564, 6.3660822]}, "properties": {"vertex_id": 130878, "attempted_target": "Houéyihô", "protected_chef_lieux": ["Houénoussou"], "n_voters": 1, "required": 3, "voters_sample": ["Clinique Houeyiho"], "current_owner": "Houénoussou", "kind": "insufficient_corroboration_in_protection_zone"}}, {"type": "Feature", "geometry": {"type": "Point", "coordinates": [2.3902796, 6.3668237]}, "properties": {"vertex_id": 13510, "attempted_target": "Houéyihô", "protected_chef_lieux": ["Houénoussou"], "n_voters": 1, "required": 3, "voters_sample": ["Clinique Houeyiho"], "current_owner": "Houénoussou", "kind": "insufficient_corroboration_in_protection_zone"}}, {"type": "Feature", "geometry": {"type": "Point", "coordinates": [2.3915935, 6.3660023]}, "properties": {"vertex_id": 6727, "attempted_target": "Houéyihô", "protected_chef_lieux": ["Houénoussou"], "n_voters": 1, "required": 3, "voters_sample": ["Clinique Houeyiho"], "current_owner": "Houénoussou", "kind": "insufficient_corroboration_in_protection_zone"}}, {"type": "Feature", "geometry": {"type": "Point", "coordinates": [2.4080364, 6.3648214]}, "properties": {"vertex_id": 3107, "attempted_target": "Gbégamey-Centre", "protected_chef_lieux": ["Gbégamey-Ahito"], "n_voters": 1, "required": 3, "voters_sample": ["Gbégamey vont en face de l'universite ENIAMME"], "current_owner": "Gbégamey-Ahito", "kind": "insufficient_corroboration_in_protection_zone"}}, {"type": "Feature", "geometry": {"type": "Point", "coordinates": [2.4092276, 6.3642149]}, "properties": {"vertex_id": 3078, "attempted_target": "Gbégamey-Centre", "protected_chef_lieux": ["Gbégamey-Ahito"], "n_voters": 2, "required": 3, "voters_sample": ["Gbégamey vont en face de l'universite ENIAMME", "Bénin-Semences - Boutique Gbegamey"], "current_owner": "Gbégamey-Ahito", "kind": "insufficient_corroboration_in_protection_zone"}}, {"type": "Feature", "geometry": {"type": "Point", "coordinates": [2.4080953, 6.3640108]}, "properties": {"vertex_id": 131143, "attempted_target": "Gbégamey-Centre", "protected_chef_lieux": ["Gbégamey-Ahito"], "n_voters": 2, "required": 3, "voters_sample": ["Gbégamey vont en face de l'universite ENIAMME", "Bénin-Semences - Boutique Gbegamey"], "current_owner": "Gbégamey-Ahito", "kind": "insufficient_corroboration_in_protection_zone"}}, {"type": "Feature", "geometry": {"type": "Point", "coordinates": [2.4093997, 6.3643521]}, "properties": {"vertex_id": 790, "attempted_target": "Gbégamey-Centre", "protected_chef_lieux": ["Gbégamey-Ahito"], "n_voters": 2, "required": 3, "voters_sample": ["Gbégamey vont en face de l'universite ENIAMME", "Bénin-Semences - Boutique Gbegamey"], "current_owner": "Gbégamey-Ahito", "kind": "insufficient_corroboration_in_protection_zone"}}, {"type": "Feature", "geometry": {"type": "Point", "coordinates": [2.4087997, 6.3646301]}, "properties": {"vertex_id": 791, "attempted_target": "Gbégamey-Centre", "protected_chef_lieux": ["Gbégamey-Ahito"], "n_voters": 2, "required": 3, "voters_sample": ["Gbégamey vont en face de l'universite ENIAMME", "Bénin-Semences - Boutique Gbegamey"], "current_owner": "Gbégamey-Ahito", "kind": "insufficient_corroboration_in_protection_zone"}}, {"type": "Feature", "geometry": {"type": "Point", "coordinates": [2.4081732, 6.3649295]}, "properties": {"vertex_id": 792, "attempted_target": "Gbégamey-Centre", "protected_chef_lieux": ["Gbégamey-Ahito"], "n_voters": 2, "required": 3, "voters_sample": ["Gbégamey vont en face de l'universite ENIAMME", "Bénin-Semences - Boutique Gbegamey"], "current_owner": "Gbégamey-Ahito", "kind": "insufficient_corroboration_in_protection_zone"}}, {"type": "Feature", "geometry": {"type": "Point", "coordinates": [2.3992533, 6.3566946]}, "properties": {"vertex_id": 417, "attempted_target": "Haie-Vive-Cocotiers", "protected_chef_lieux": ["Cadjèhoun-Azalokogon"], "n_voters": 1, "required": 3, "voters_sample": ["Polyclinique Les Cocotiers"], "current_owner": "Cadjèhoun-Azalokogon", "kind": "insufficient_corroboration_in_protection_zone"}}, {"type": "Feature", "geometry": {"type": "Point", "coordinates": [2.399602, 6.3567967]}, "properties": {"vertex_id": 683, "attempted_target": "Haie-Vive-Cocotiers", "protected_chef_lieux": ["Cadjèhoun-Azalokogon"], "n_voters": 1, "required": 3, "voters_sample": ["Polyclinique Les Cocotiers"], "current_owner": "Cadjèhoun-Azalokogon", "kind": "insufficient_corroboration_in_protection_zone"}}, {"type": "Feature", "geometry": {"type": "Point", "coordinates": [2.3995484, 6.3567861]}, "properties": {"vertex_id": 684, "attempted_target": "Haie-Vive-Cocotiers", "protected_chef_lieux": ["Cadjèhoun-Azalokogon"], "n_voters": 1, "required": 3, "voters_sample": ["Polyclinique Les Cocotiers"], "current_owner": "Cadjèhoun-Azalokogon", "kind": "insufficient_corroboration_in_protection_zone"}}, {"type": "Feature", "geometry": {"type": "Point", "coordinates": [2.3994342, 6.3567753]}, "properties": {"vertex_id": 685, "attempted_target": "Haie-Vive-Cocotiers", "protected_chef_lieux": ["Cadjèhoun-Azalokogon"], "n_voters": 1, "required": 3, "voters_sample": ["Polyclinique Les Cocotiers"], "current_owner": "Cadjèhoun-Azalokogon", "kind": "insufficient_corroboration_in_protection_zone"}}, {"type": "Feature", "geometry": {"type": "Point", "coordinates": [2.3996474, 6.3566424]}, "properties": {"vertex_id": 861, "attempted_target": "Haie-Vive-Cocotiers", "protected_chef_lieux": ["Cadjèhoun-Azalokogon"], "n_voters": 1, "required": 3, "voters_sample": ["Polyclinique Les Cocotiers"], "current_owner": "Cadjèhoun-Azalokogon", "kind": "insufficient_corroboration_in_protection_zone"}}, {"type": "Feature", "geometry": {"type": "Point", "coordinates": [2.3996926, 6.3566703]}, "properties": {"vertex_id": 862, "attempted_target": "Haie-Vive-Cocotiers", "protected_chef_lieux": ["Cadjèhoun-Azalokogon"], "n_voters": 1, "required": 3, "voters_sample": ["Polyclinique Les Cocotiers"], "current_owner": "Cadjèhoun-Azalokogon", "kind": "insufficient_corroboration_in_protection_zone"}}, {"type": "Feature", "geometry": {"type": "Point", "coordinates": [2.3993882, 6.3568991]}, "properties": {"vertex_id": 4988, "attempted_target": "Haie-Vive-Cocotiers", "protected_chef_lieux": ["Cadjèhoun-Azalokogon"], "n_voters": 1, "required": 3, "voters_sample": ["Polyclinique Les Cocotiers"], "current_owner": "Cadjèhoun-Azalokogon", "kind": "insufficient_corroboration_in_protection_zone"}}, {"type": "Feature", "geometry": {"type": "Point", "coordinates": [2.4481539, 6.3664881]}, "properties": {"vertex_id": 63773, "attempted_target": "Gbèdjèwin", "protected_chef_lieux": ["Abokicodji-Centre"], "n_voters": 1, "required": 3, "voters_sample": ["CDPA Gbèdjèwin (Akpakpa)"], "current_owner": "Abokicodji-Centre", "kind": "insufficient_corroboration_in_protection_zone"}}, {"type": "Feature", "geometry": {"type": "Point", "coordinates": [2.4464831, 6.3660101]}, "properties": {"vertex_id": 129286, "attempted_target": "Gbèdjèwin", "protected_chef_lieux": ["Abokicodji-Centre"], "n_voters": 1, "required": 3, "voters_sample": ["CDPA Gbèdjèwin (Akpakpa)"], "current_owner": "Abokicodji-Centre", "kind": "insufficient_corroboration_in_protection_zone"}}, {"type": "Feature", "geometry": {"type": "Point", "coordinates": [2.4462725, 6.3658861]}, "properties": {"vertex_id": 7783, "attempted_target": "Gbèdjèwin", "protected_chef_lieux": ["Abokicodji-Centre"], "n_voters": 1, "required": 3, "voters_sample": ["CDPA Gbèdjèwin (Akpakpa)"], "current_owner": "Abokicodji-Centre", "kind": "insufficient_corroboration_in_protection_zone"}}, {"type": "Feature", "geometry": {"type": "Point", "coordinates": [2.4477587, 6.3669822]}, "properties": {"vertex_id": 129287, "attempted_target": "Gbèdjèwin", "protected_chef_lieux": ["Abokicodji-Centre"], "n_voters": 1, "required": 3, "voters_sample": ["CDPA Gbèdjèwin (Akpakpa)"], "current_owner": "Abokicodji-Centre", "kind": "insufficient_corroboration_in_protection_zone"}}, {"type": "Feature", "geometry": {"type": "Point", "coordinates": [2.4467783, 6.367349]}, "properties": {"vertex_id": 2251, "attempted_target": "Gbèdjèwin", "protected_chef_lieux": ["Abokicodji-Centre"], "n_voters": 1, "required": 3, "voters_sample": ["CDPA Gbèdjèwin (Akpakpa)"], "current_owner": "Abokicodji-Centre", "kind": "insufficient_corroboration_in_protection_zone"}}, {"type": "Feature", "geometry": {"type": "Point", "coordinates": [2.4467691, 6.366441]}, "properties": {"vertex_id": 2252, "attempted_target": "Gbèdjèwin", "protected_chef_lieux": ["Abokicodji-Centre"], "n_voters": 1, "required": 3, "voters_sample": ["CDPA Gbèdjèwin (Akpakpa)"], "current_owner": "Abokicodji-Centre", "kind": "insufficient_corroboration_in_protection_zone"}}, {"type": "Feature", "geometry": {"type": "Point", "coordinates": [2.4467713, 6.3662558]}, "properties": {"vertex_id": 2253, "attempted_target": "Gbèdjèwin", "protected_chef_lieux": ["Abokicodji-Centre"], "n_voters": 1, "required": 3, "voters_sample": ["CDPA Gbèdjèwin (Akpakpa)"], "current_owner": "Abokicodji-Centre", "kind": "insufficient_corroboration_in_protection_zone"}}, {"type": "Feature", "geometry": {"type": "Point", "coordinates": [2.4467678, 6.3654392]}, "properties": {"vertex_id": 2254, "attempted_target": "Gbèdjèwin", "protected_chef_lieux": ["Abokicodji-Centre"], "n_voters": 1, "required": 3, "voters_sample": ["CDPA Gbèdjèwin (Akpakpa)"], "current_owner": "Abokicodji-Centre", "kind": "insufficient_corroboration_in_protection_zone"}}, {"type": "Feature", "geometry": {"type": "Point", "coordinates": [2.4468678, 6.3674319]}, "properties": {"vertex_id": 56395, "attempted_target": "Gbèdjèwin", "protected_chef_lieux": ["Abokicodji-Centre"], "n_voters": 1, "required": 3, "voters_sample": ["CDPA Gbèdjèwin (Akpakpa)"], "current_owner": "Abokicodji-Centre", "kind": "insufficient_corroboration_in_protection_zone"}}, {"type": "Feature", "geometry": {"type": "Point", "coordinates": [2.4476755, 6.3670862]}, "properties": {"vertex_id": 32466, "attempted_target": "Gbèdjèwin", "protected_chef_lieux": ["Abokicodji-Centre"], "n_voters": 1, "required": 3, "voters_sample": ["CDPA Gbèdjèwin (Akpakpa)"], "current_owner": "Abokicodji-Centre", "kind": "insufficient_corroboration_in_protection_zone"}}, {"type": "Feature", "geometry": {"type": "Point", "coordinates": [2.4468777, 6.3665233]}, "properties": {"vertex_id": 32467, "attempted_target": "Gbèdjèwin", "protected_chef_lieux": ["Abokicodji-Centre"], "n_voters": 1, "required": 3, "voters_sample": ["CDPA Gbèdjèwin (Akpakpa)"], "current_owner": "Abokicodji-Centre", "kind": "insufficient_corroboration_in_protection_zone"}}, {"type": "Feature", "geometry": {"type": "Point", "coordinates": [2.4463999, 6.3661087]}, "properties": {"vertex_id": 32468, "attempted_target": "Gbèdjèwin", "protected_chef_lieux": ["Abokicodji-Centre"], "n_voters": 1, "required": 3, "voters_sample": ["CDPA Gbèdjèwin (Akpakpa)"], "current_owner": "Abokicodji-Centre", "kind": "insufficient_corroboration_in_protection_zone"}}, {"type": "Feature", "geometry": {"type": "Point", "coordinates": [2.4468619, 6.3663274]}, "properties": {"vertex_id": 32442, "attempted_target": "Gbèdjèwin", "protected_chef_lieux": ["Abokicodji-Centre"], "n_voters": 1, "required": 3, "voters_sample": ["CDPA Gbèdjèwin (Akpakpa)"], "current_owner": "Abokicodji-Centre", "kind": "insufficient_corroboration_in_protection_zone"}}, {"type": "Feature", "geometry": {"type": "Point", "coordinates": [2.4464367, 6.3669452]}, "properties": {"vertex_id": 7771, "attempted_target": "Gbèdjèwin", "protected_chef_lieux": ["Abokicodji-Centre"], "n_voters": 1, "required": 3, "voters_sample": ["CDPA Gbèdjèwin (Akpakpa)"], "current_owner": "Abokicodji-Centre", "kind": "insufficient_corroboration_in_protection_zone"}}, {"type": "Feature", "geometry": {"type": "Point", "coordinates": [2.4477403, 6.3653447]}, "properties": {"vertex_id": 32444, "attempted_target": "Gbèdjèwin", "protected_chef_lieux": ["Abokicodji-Centre"], "n_voters": 1, "required": 3, "voters_sample": ["CDPA Gbèdjèwin (Akpakpa)"], "current_owner": "Abokicodji-Centre", "kind": "insufficient_corroboration_in_protection_zone"}}, {"type": "Feature", "geometry": {"type": "Point", "coordinates": [2.4473483, 6.3658399]}, "properties": {"vertex_id": 32443, "attempted_target": "Gbèdjèwin", "protected_chef_lieux": ["Abokicodji-Centre"], "n_voters": 1, "required": 3, "voters_sample": ["CDPA Gbèdjèwin (Akpakpa)"], "current_owner": "Abokicodji-Centre", "kind": "insufficient_corroboration_in_protection_zone"}}, {"type": "Feature", "geometry": {"type": "Point", "coordinates": [2.4277189, 6.3825864]}, "properties": {"vertex_id": 6175, "attempted_target": "Djidjè", "protected_chef_lieux": ["Aïdjèdo-Gbègo"], "n_voters": 1, "required": 3, "voters_sample": ["Eglise Catholique Ste Famille de Djidjè"], "current_owner": "Aïdjèdo-Gbègo", "kind": "insufficient_corroboration_in_protection_zone"}}, {"type": "Feature", "geometry": {"type": "Point", "coordinates": [2.4323937, 6.3591913]}, "properties": {"vertex_id": 59617, "attempted_target": "Guinkômey", "protected_chef_lieux": ["Avlékété-Joncquet"], "n_voters": 1, "required": 3, "voters_sample": ["TCV Guinkomey station, Cotonou"], "current_owner": "Avlékété-Joncquet", "kind": "insufficient_corroboration_in_protection_zone"}}, {"type": "Feature", "geometry": {"type": "Point", "coordinates": [2.4504782, 6.3718425]}, "properties": {"vertex_id": 32404, "attempted_target": "Ayélawadjè", "protected_chef_lieux": ["Fifatin"], "n_voters": 1, "required": 3, "voters_sample": ["Pharmacie Ayelawadje"], "current_owner": "Fifatin", "kind": "insufficient_corroboration_in_protection_zone"}}, {"type": "Feature", "geometry": {"type": "Point", "coordinates": [2.4491521, 6.3737794]}, "properties": {"vertex_id": 8405, "attempted_target": "Fifatin", "protected_chef_lieux": ["Ayélawadjè"], "n_voters": 1, "required": 3, "voters_sample": ["Fifatin"], "current_owner": "Ayélawadjè", "kind": "insufficient_corroboration_in_protection_zone"}}, {"type": "Feature", "geometry": {"type": "Point", "coordinates": [2.3452168, 6.3946762]}, "properties": {"vertex_id": 14987, "attempted_target": "Godomey-Togoudo", "protected_chef_lieux": ["Nonhouénou\n"], "n_voters": 1, "required": 3, "voters_sample": ["Terrain de foot de Godomey"], "current_owner": "Nonhouénou\n", "kind": "insufficient_corroboration_in_protection_zone"}}, {"type": "Feature", "geometry": {"type": "Point", "coordinates": [2.3443514, 6.3946454]}, "properties": {"vertex_id": 43538, "attempted_target": "Godomey-Togoudo", "protected_chef_lieux": ["Nonhouénou\n"], "n_voters": 1, "required": 3, "voters_sample": ["Terrain de foot de Godomey"], "current_owner": "Nonhouénou\n", "kind": "insufficient_corroboration_in_protection_zone"}}, {"type": "Feature", "geometry": {"type": "Point", "coordinates": [2.3445932, 6.3951834]}, "properties": {"vertex_id": 126866, "attempted_target": "Godomey-Togoudo", "protected_chef_lieux": ["Nonhouénou\n"], "n_voters": 1, "required": 3, "voters_sample": ["Terrain de foot de Godomey"], "current_owner": "Nonhouénou\n", "kind": "insufficient_corroboration_in_protection_zone"}}, {"type": "Feature", "geometry": {"type": "Point", "coordinates": [2.3443097, 6.3954089]}, "properties": {"vertex_id": 126867, "attempted_target": "Godomey-Togoudo", "protected_chef_lieux": ["Nonhouénou\n"], "n_voters": 1, "required": 3, "voters_sample": ["Terrain de foot de Godomey"], "current_owner": "Nonhouénou\n", "kind": "insufficient_corroboration_in_protection_zone"}}, {"type": "Feature", "geometry": {"type": "Point", "coordinates": [2.3440041, 6.394944]}, "properties": {"vertex_id": 43547, "attempted_target": "Godomey-Togoudo", "protected_chef_lieux": ["Nonhouénou\n"], "n_voters": 1, "required": 3, "voters_sample": ["Terrain de foot de Godomey"], "current_owner": "Nonhouénou\n", "kind": "insufficient_corroboration_in_protection_zone"}}, {"type": "Feature", "geometry": {"type": "Point", "coordinates": [2.344497, 6.394886]}, "properties": {"vertex_id": 33314, "attempted_target": "Godomey-Togoudo", "protected_chef_lieux": ["Nonhouénou\n"], "n_voters": 1, "required": 3, "voters_sample": ["Terrain de foot de Godomey"], "current_owner": "Nonhouénou\n", "kind": "insufficient_corroboration_in_protection_zone"}}, {"type": "Feature", "geometry": {"type": "Point", "coordinates": [2.3441437, 6.395159]}, "properties": {"vertex_id": 33313, "attempted_target": "Godomey-Togoudo", "protected_chef_lieux": ["Nonhouénou\n"], "n_voters": 1, "required": 3, "voters_sample": ["Terrain de foot de Godomey"], "current_owner": "Nonhouénou\n", "kind": "insufficient_corroboration_in_protection_zone"}}, {"type": "Feature", "geometry": {"type": "Point", "coordinates": [2.3444365, 6.3950568]}, "properties": {"vertex_id": 47524, "attempted_target": "Godomey-Togoudo", "protected_chef_lieux": ["Nonhouénou\n"], "n_voters": 1, "required": 3, "voters_sample": ["Terrain de foot de Godomey"], "current_owner": "Nonhouénou\n", "kind": "insufficient_corroboration_in_protection_zone"}}, {"type": "Feature", "geometry": {"type": "Point", "coordinates": [2.3441471, 6.3952812]}, "properties": {"vertex_id": 47523, "attempted_target": "Godomey-Togoudo", "protected_chef_lieux": ["Nonhouénou\n"], "n_voters": 1, "required": 3, "voters_sample": ["Terrain de foot de Godomey"], "current_owner": "Nonhouénou\n", "kind": "insufficient_corroboration_in_protection_zone"}}, {"type": "Feature", "geometry": {"type": "Point", "coordinates": [2.3455059, 6.3950104]}, "properties": {"vertex_id": 4666, "attempted_target": "Godomey-Togoudo", "protected_chef_lieux": ["Nonhouénou\n"], "n_voters": 1, "required": 3, "voters_sample": ["Terrain de foot de Godomey"], "current_owner": "Nonhouénou\n", "kind": "insufficient_corroboration_in_protection_zone"}}, {"type": "Feature", "geometry": {"type": "Point", "coordinates": [2.3451647, 6.394622]}, "properties": {"vertex_id": 47553, "attempted_target": "Godomey-Togoudo", "protected_chef_lieux": ["Nonhouénou\n"], "n_voters": 1, "required": 3, "voters_sample": ["Terrain de foot de Godomey"], "current_owner": "Nonhouénou\n", "kind": "insufficient_corroboration_in_protection_zone"}}, {"type": "Feature", "geometry": {"type": "Point", "coordinates": [2.34448, 6.3951815]}, "properties": {"vertex_id": 47554, "attempted_target": "Godomey-Togoudo", "protected_chef_lieux": ["Nonhouénou\n"], "n_voters": 1, "required": 3, "voters_sample": ["Terrain de foot de Godomey"], "current_owner": "Nonhouénou\n", "kind": "insufficient_corroboration_in_protection_zone"}}, {"type": "Feature", "geometry": {"type": "Point", "coordinates": [2.3458171, 6.3953871]}, "properties": {"vertex_id": 4419, "attempted_target": "Godomey-Togoudo", "protected_chef_lieux": ["Nonhouénou\n"], "n_voters": 1, "required": 3, "voters_sample": ["Terrain de foot de Godomey"], "current_owner": "Nonhouénou\n", "kind": "insufficient_corroboration_in_protection_zone"}}, {"type": "Feature", "geometry": {"type": "Point", "coordinates": [2.3060925, 6.3879054]}, "properties": {"vertex_id": 31644, "attempted_target": "Cocotomey", "protected_chef_lieux": ["Tokpa\n"], "n_voters": 1, "required": 3, "voters_sample": ["Pathesthey institut de beauté Cocotomey"], "current_owner": "Tokpa\n", "kind": "insufficient_corroboration_in_protection_zone"}}, {"type": "Feature", "geometry": {"type": "Point", "coordinates": [2.3067685, 6.3879658]}, "properties": {"vertex_id": 31647, "attempted_target": "Cocotomey", "protected_chef_lieux": ["Tokpa\n"], "n_voters": 1, "required": 3, "voters_sample": ["Pathesthey institut de beauté Cocotomey"], "current_owner": "Tokpa\n", "kind": "insufficient_corroboration_in_protection_zone"}}, {"type": "Feature", "geometry": {"type": "Point", "coordinates": [2.3073132, 6.3878691]}, "properties": {"vertex_id": 31648, "attempted_target": "Cocotomey", "protected_chef_lieux": ["Tokpa\n"], "n_voters": 1, "required": 3, "voters_sample": ["Pathesthey institut de beauté Cocotomey"], "current_owner": "Tokpa\n", "kind": "insufficient_corroboration_in_protection_zone"}}]}