{"type": "FeatureCollection", "features": [{"type": "Feature", "geometry": {"type": "LineString", "coordinates": [[2.3487843, 6.3762766], [2.348875491849601, 6.3764954104709055]]}, "properties": {"kind": "split_half", "winner": "Plateau\n", "color": "#c7486a", "length_m": 26.2}}, {"type": "Feature", "geometry": {"type": "LineString", "coordinates": [[2.348875491849601, 6.3764954104709055], [2.3489668, 6.3767145]]}, "properties": {"kind": "split_half", "winner": "Dénou\n", "color": "#dd5452", "length_m": 26.2}}, {"type": "Feature", "geometry": {"type": "LineString", "coordinates": [[2.3489668, 6.3767145], [2.3479687664638287, 6.377135934971252]]}, "properties": {"kind": "split_half", "winner": "Plateau\n", "color": "#c7486a", "length_m": 119.8}}, {"type": "Feature", "geometry": {"type": "LineString", "coordinates": [[2.3479687664638287, 6.377135934971252], [2.3473176, 6.3774109]]}, "properties": {"kind": "split_half", "winner": "Dénou\n", "color": "#dd5452", "length_m": 78.2}}, {"type": "Feature", "geometry": {"type": "LineString", "coordinates": [[2.3473176, 6.3774109], [2.3473761352166, 6.377554859401957]]}, "properties": {"kind": "split_half", "winner": "Plateau\n", "color": "#c7486a", "length_m": 17.2}}, {"type": "Feature", "geometry": {"type": "LineString", "coordinates": [[2.3473761352166, 6.377554859401957], [2.3475157, 6.3778981]]}, "properties": {"kind": "split_half", "winner": "Dénou\n", "color": "#dd5452", "length_m": 41.0}}, {"type": "Feature", "geometry": {"type": "LineString", "coordinates": [[2.347041, 6.3780989], [2.3471761794912873, 6.378041718534126]]}, "properties": {"kind": "split_half", "winner": "Plateau\n", "color": "#c7486a", "length_m": 16.2}}, {"type": "Feature", "geometry": {"type": "LineString", "coordinates": [[2.3471761794912873, 6.378041718534126], [2.3475157, 6.3778981]]}, "properties": {"kind": "split_half", "winner": "Dénou\n", "color": "#dd5452", "length_m": 40.8}}, {"type": "Feature", "geometry": {"type": "LineString", "coordinates": [[2.3178465, 6.397032], [2.3181220406319407, 6.397002092916699]]}, "properties": {"kind": "split_half", "winner": "La-Paix\n", "color": "#cd5c3d", "length_m": 30.7}}, {"type": "Feature", "geometry": {"type": "LineString", "coordinates": [[2.3181220406319407, 6.397002092916699], [2.3184039, 6.3969715]]}, "properties": {"kind": "split_half", "winner": "Atrokpo-Codji", "color": "#43c853", "length_m": 31.4}}, {"type": "Feature", "geometry": {"type": "LineString", "coordinates": [[2.3178465, 6.397032], [2.317862053392714, 6.396767196059079]]}, "properties": {"kind": "split_half", "winner": "La-Paix\n", "color": "#cd5c3d", "length_m": 29.3}}, {"type": "Feature", "geometry": {"type": "LineString", "coordinates": [[2.317862053392714, 6.396767196059079], [2.3178622, 6.3967647]]}, "properties": {"kind": "split_half", "winner": "Atrokpo-Codji", "color": "#43c853", "length_m": 0.3}}, {"type": "Feature", "geometry": {"type": "LineString", "coordinates": [[2.3018304, 6.3906972], [2.3021672575677306, 6.390622954567196]]}, "properties": {"kind": "split_half", "winner": "Tokpa\n", "color": "#d5df41", "length_m": 38.2}}, {"type": "Feature", "geometry": {"type": "LineString", "coordinates": [[2.3021672575677306, 6.390622954567196], [2.3022097, 6.3906136]]}, "properties": {"kind": "split_half", "winner": "Cocotomey", "color": "#88d347", "length_m": 4.8}}, {"type": "Feature", "geometry": {"type": "LineString", "coordinates": [[2.3023284, 6.3911924], [2.302226851465418, 6.390697233261868]]}, "properties": {"kind": "split_half", "winner": "Tokpa\n", "color": "#d5df41", "length_m": 55.9}}, {"type": "Feature", "geometry": {"type": "LineString", "coordinates": [[2.302226851465418, 6.390697233261868], [2.3022097, 6.3906136]]}, "properties": {"kind": "split_half", "winner": "Cocotomey", "color": "#88d347", "length_m": 9.4}}, {"type": "Feature", "geometry": {"type": "LineString", "coordinates": [[2.305503, 6.388073], [2.30553755, 6.38831485]]}, "properties": {"kind": "split_half", "winner": "Tokpa\n", "color": "#d5df41", "length_m": 27.0}}, {"type": "Feature", "geometry": {"type": "LineString", "coordinates": [[2.30553755, 6.38831485], [2.3055721, 6.3885567]]}, "properties": {"kind": "split_half", "winner": "Cocotomey", "color": "#88d347", "length_m": 27.0}}, {"type": "Feature", "geometry": {"type": "LineString", "coordinates": [[2.305503, 6.388073], [2.30579775, 6.3879892]]}, "properties": {"kind": "split_half", "winner": "Tokpa\n", "color": "#d5df41", "length_m": 33.9}}, {"type": "Feature", "geometry": {"type": "LineString", "coordinates": [[2.30579775, 6.3879892], [2.3060925, 6.3879054]]}, "properties": {"kind": "split_half", "winner": "Cocotomey", "color": "#88d347", "length_m": 33.9}}, {"type": "Feature", "geometry": {"type": "LineString", "coordinates": [[2.3060925, 6.3879054], [2.3060542, 6.387457449999999]]}, "properties": {"kind": "split_half", "winner": "Tokpa\n", "color": "#d5df41", "length_m": 49.7}}, {"type": "Feature", "geometry": {"type": "LineString", "coordinates": [[2.3060542, 6.387457449999999], [2.3060159, 6.3870095]]}, "properties": {"kind": "split_half", "winner": "Cocotomey", "color": "#88d347", "length_m": 49.7}}, {"type": "Feature", "geometry": {"type": "LineString", "coordinates": [[2.3055721, 6.3885567], [2.30530195, 6.3885247]]}, "properties": {"kind": "split_half", "winner": "Tokpa\n", "color": "#d5df41", "length_m": 30.1}}, {"type": "Feature", "geometry": {"type": "LineString", "coordinates": [[2.30530195, 6.3885247], [2.3050318, 6.3884927]]}, "properties": {"kind": "split_half", "winner": "Cocotomey", "color": "#88d347", "length_m": 30.1}}, {"type": "Feature", "geometry": {"type": "LineString", "coordinates": [[2.3073132, 6.3878691], [2.3073376999999997, 6.38764965]]}, "properties": {"kind": "split_half", "winner": "Tokpa\n", "color": "#d5df41", "length_m": 24.4}}, {"type": "Feature", "geometry": {"type": "LineString", "coordinates": [[2.3073376999999997, 6.38764965], [2.3073622, 6.3874302]]}, "properties": {"kind": "split_half", "winner": "Cocotomey", "color": "#88d347", "length_m": 24.4}}, {"type": "Feature", "geometry": {"type": "LineString", "coordinates": [[2.3073622, 6.3874302], [2.30758715, 6.38742855]]}, "properties": {"kind": "split_half", "winner": "Tokpa\n", "color": "#d5df41", "length_m": 24.9}}, {"type": "Feature", "geometry": {"type": "LineString", "coordinates": [[2.30758715, 6.38742855], [2.3078121, 6.3874269]]}, "properties": {"kind": "split_half", "winner": "Cocotomey", "color": "#88d347", "length_m": 24.9}}, {"type": "Feature", "geometry": {"type": "LineString", "coordinates": [[2.3046883, 6.3894471], [2.30488675, 6.389419999999999]]}, "properties": {"kind": "split_half", "winner": "Tokpa\n", "color": "#d5df41", "length_m": 22.2}}, {"type": "Feature", "geometry": {"type": "LineString", "coordinates": [[2.30488675, 6.389419999999999], [2.3050852, 6.3893929]]}, "properties": {"kind": "split_half", "winner": "Cocotomey", "color": "#88d347", "length_m": 22.2}}, {"type": "Feature", "geometry": {"type": "LineString", "coordinates": [[2.3046883, 6.3894471], [2.3046748, 6.3896412]]}, "properties": {"kind": "split_half", "winner": "Tokpa\n", "color": "#d5df41", "length_m": 21.5}}, {"type": "Feature", "geometry": {"type": "LineString", "coordinates": [[2.3046748, 6.3896412], [2.3046613, 6.3898353]]}, "properties": {"kind": "split_half", "winner": "Cocotomey", "color": "#88d347", "length_m": 21.5}}, {"type": "Feature", "geometry": {"type": "LineString", "coordinates": [[2.3022258, 6.3899552], [2.30234015, 6.3899112]]}, "properties": {"kind": "split_half", "winner": "Tokpa\n", "color": "#d5df41", "length_m": 13.6}}, {"type": "Feature", "geometry": {"type": "LineString", "coordinates": [[2.30234015, 6.3899112], [2.3024545, 6.3898672]]}, "properties": {"kind": "split_half", "winner": "Cocotomey", "color": "#88d347", "length_m": 13.6}}, {"type": "Feature", "geometry": {"type": "LineString", "coordinates": [[2.3024545, 6.3898672], [2.3023291, 6.38948415]]}, "properties": {"kind": "split_half", "winner": "Tokpa\n", "color": "#d5df41", "length_m": 44.6}}, {"type": "Feature", "geometry": {"type": "LineString", "coordinates": [[2.3023291, 6.38948415], [2.3022037, 6.3891011]]}, "properties": {"kind": "split_half", "winner": "Cocotomey", "color": "#88d347", "length_m": 44.6}}, {"type": "Feature", "geometry": {"type": "LineString", "coordinates": [[2.3033973, 6.3932594], [2.3030435999999996, 6.39284815]]}, "properties": {"kind": "split_half", "winner": "Tokpa\n", "color": "#d5df41", "length_m": 60.0}}, {"type": "Feature", "geometry": {"type": "LineString", "coordinates": [[2.3030435999999996, 6.39284815], [2.3026899, 6.3924369]]}, "properties": {"kind": "split_half", "winner": "Cocotomey", "color": "#88d347", "length_m": 60.0}}, {"type": "Feature", "geometry": {"type": "LineString", "coordinates": [[2.3033973, 6.3932594], [2.3034979499999997, 6.3930099]]}, "properties": {"kind": "split_half", "winner": "Tokpa\n", "color": "#d5df41", "length_m": 29.7}}, {"type": "Feature", "geometry": {"type": "LineString", "coordinates": [[2.3034979499999997, 6.3930099], [2.3035986, 6.3927604]]}, "properties": {"kind": "split_half", "winner": "Cocotomey", "color": "#88d347", "length_m": 29.7}}, {"type": "Feature", "geometry": {"type": "LineString", "coordinates": [[2.3035986, 6.3927604], [2.30373255, 6.39294795]]}, "properties": {"kind": "split_half", "winner": "Tokpa\n", "color": "#d5df41", "length_m": 25.5}}, {"type": "Feature", "geometry": {"type": "LineString", "coordinates": [[2.30373255, 6.39294795], [2.3038665, 6.3931355]]}, "properties": {"kind": "split_half", "winner": "Cocotomey", "color": "#88d347", "length_m": 25.5}}, {"type": "Feature", "geometry": {"type": "LineString", "coordinates": [[2.3044225, 6.3911206], [2.3042650499999997, 6.39117965]]}, "properties": {"kind": "split_half", "winner": "Tokpa\n", "color": "#d5df41", "length_m": 18.6}}, {"type": "Feature", "geometry": {"type": "LineString", "coordinates": [[2.3042650499999997, 6.39117965], [2.3041076, 6.3912387]]}, "properties": {"kind": "split_half", "winner": "Cocotomey", "color": "#88d347", "length_m": 18.6}}, {"type": "Feature", "geometry": {"type": "LineString", "coordinates": [[2.3044225, 6.3911206], [2.30446155, 6.39135675]]}, "properties": {"kind": "split_half", "winner": "Tokpa\n", "color": "#d5df41", "length_m": 26.5}}, {"type": "Feature", "geometry": {"type": "LineString", "coordinates": [[2.30446155, 6.39135675], [2.3045006, 6.3915929]]}, "properties": {"kind": "split_half", "winner": "Cocotomey", "color": "#88d347", "length_m": 26.5}}, {"type": "Feature", "geometry": {"type": "LineString", "coordinates": [[2.3041076, 6.3912387], [2.30362545, 6.39060445]]}, "properties": {"kind": "split_half", "winner": "Tokpa\n", "color": "#d5df41", "length_m": 88.1}}, {"type": "Feature", "geometry": {"type": "LineString", "coordinates": [[2.30362545, 6.39060445], [2.3031433, 6.3899702]]}, "properties": {"kind": "split_half", "winner": "Cocotomey", "color": "#88d347", "length_m": 88.1}}, {"type": "Feature", "geometry": {"type": "LineString", "coordinates": [[2.2814571, 6.3852524], [2.2815106779502545, 6.3865017403854845]]}, "properties": {"kind": "split_half", "winner": "Cococodji", "color": "#ad45c8", "length_m": 138.2}}, {"type": "Feature", "geometry": {"type": "LineString", "coordinates": [[2.2815106779502545, 6.3865017403854845], [2.2815143, 6.3865862]]}, "properties": {"kind": "split_half", "winner": "Gbodjè-Womey\n", "color": "#48d6d4", "length_m": 9.3}}, {"type": "Feature", "geometry": {"type": "LineString", "coordinates": [[2.2819898, 6.3865652], [2.281590730753887, 6.386582824509292]]}, "properties": {"kind": "split_half", "winner": "Cococodji", "color": "#ad45c8", "length_m": 44.2}}, {"type": "Feature", "geometry": {"type": "LineString", "coordinates": [[2.281590730753887, 6.386582824509292], [2.2815143, 6.3865862]]}, "properties": {"kind": "split_half", "winner": "Gbodjè-Womey\n", "color": "#48d6d4", "length_m": 8.5}}, {"type": "Feature", "geometry": {"type": "LineString", "coordinates": [[2.444443, 6.371918], [2.444441256520001, 6.372010291042879]]}, "properties": {"kind": "split_half", "winner": "Adjégounlè", "color": "#7cca39", "length_m": 10.2}}, {"type": "Feature", "geometry": {"type": "LineString", "coordinates": [[2.444441256520001, 6.372010291042879], [2.4444307, 6.3725691]]}, "properties": {"kind": "split_half", "winner": "Misséssin", "color": "#49cf57", "length_m": 61.8}}, {"type": "Feature", "geometry": {"type": "LineString", "coordinates": [[2.4444307, 6.3725691], [2.4454219366054057, 6.372555510347413]]}, "properties": {"kind": "split_half", "winner": "Adjégounlè", "color": "#7cca39", "length_m": 109.7}}, {"type": "Feature", "geometry": {"type": "LineString", "coordinates": [[2.4454219366054057, 6.372555510347413], [2.4457801, 6.3725506]]}, "properties": {"kind": "split_half", "winner": "Misséssin", "color": "#49cf57", "length_m": 39.6}}, {"type": "Feature", "geometry": {"type": "LineString", "coordinates": [[2.4457801, 6.3725506], [2.4457817893994043, 6.372763705667727]]}, "properties": {"kind": "split_half", "winner": "Adjégounlè", "color": "#7cca39", "length_m": 23.6}}, {"type": "Feature", "geometry": {"type": "LineString", "coordinates": [[2.4457817893994043, 6.372763705667727], [2.445785, 6.3731687]]}, "properties": {"kind": "split_half", "winner": "Misséssin", "color": "#49cf57", "length_m": 44.8}}, {"type": "Feature", "geometry": {"type": "LineString", "coordinates": [[2.4027395, 6.363682], [2.4028479214404888, 6.363543327495574]]}, "properties": {"kind": "split_half", "winner": "Cadjèhoun-Kpota", "color": "#ddcf4f", "length_m": 19.5}}, {"type": "Feature", "geometry": {"type": "LineString", "coordinates": [[2.4028479214404888, 6.363543327495574], [2.4031126, 6.3632048]]}, "properties": {"kind": "split_half", "winner": "Cadjèhoun-Gare", "color": "#49cb78", "length_m": 47.5}}, {"type": "Feature", "geometry": {"type": "LineString", "coordinates": [[2.4031126, 6.3632048], [2.4022772944898967, 6.3625691407638705]]}, "properties": {"kind": "split_half", "winner": "Cadjèhoun-Kpota", "color": "#ddcf4f", "length_m": 116.1}}, {"type": "Feature", "geometry": {"type": "LineString", "coordinates": [[2.4022772944898967, 6.3625691407638705], [2.4018683, 6.3622579]]}, "properties": {"kind": "split_half", "winner": "Cadjèhoun-Gare", "color": "#49cb78", "length_m": 56.8}}, {"type": "Feature", "geometry": {"type": "LineString", "coordinates": [[2.402227, 6.3617831], [2.4020044044674647, 6.361609940087164]]}, "properties": {"kind": "split_half", "winner": "Cadjèhoun-Kpota", "color": "#ddcf4f", "length_m": 31.2}}, {"type": "Feature", "geometry": {"type": "LineString", "coordinates": [[2.4020044044674647, 6.361609940087164], [2.400828, 6.3606948]]}, "properties": {"kind": "split_half", "winner": "Cadjèhoun-Gare", "color": "#49cb78", "length_m": 164.8}}, {"type": "Feature", "geometry": {"type": "LineString", "coordinates": [[2.402227, 6.3617831], [2.402185400907547, 6.3618381634209555]]}, "properties": {"kind": "split_half", "winner": "Cadjèhoun-Kpota", "color": "#ddcf4f", "length_m": 7.6}}, {"type": "Feature", "geometry": {"type": "LineString", "coordinates": [[2.402185400907547, 6.3618381634209555], [2.4018683, 6.3622579]]}, "properties": {"kind": "split_half", "winner": "Cadjèhoun-Gare", "color": "#49cb78", "length_m": 58.2}}, {"type": "Feature", "geometry": {"type": "LineString", "coordinates": [[2.400828, 6.3606948], [2.40104319803372, 6.360426248556593]]}, "properties": {"kind": "split_half", "winner": "Cadjèhoun-Kpota", "color": "#ddcf4f", "length_m": 38.1}}, {"type": "Feature", "geometry": {"type": "LineString", "coordinates": [[2.40104319803372, 6.360426248556593], [2.4011898, 6.3602433]]}, "properties": {"kind": "split_half", "winner": "Cadjèhoun-Gare", "color": "#49cb78", "length_m": 25.9}}, {"type": "Feature", "geometry": {"type": "LineString", "coordinates": [[2.4038267, 6.3622914], [2.40446985, 6.36279135]]}, "properties": {"kind": "split_half", "winner": "Cadjèhoun-Détinsa", "color": "#c7b04a", "length_m": 90.1}}, {"type": "Feature", "geometry": {"type": "LineString", "coordinates": [[2.40446985, 6.36279135], [2.405113, 6.3632913]]}, "properties": {"kind": "split_half", "winner": "Cadjèhoun-Gare", "color": "#49cb78", "length_m": 90.1}}, {"type": "Feature", "geometry": {"type": "LineString", "coordinates": [[2.4058484, 6.3645937], [2.406139056679788, 6.364217975046623]]}, "properties": {"kind": "split_half", "winner": "Cadjèhoun-Détinsa", "color": "#c7b04a", "length_m": 52.5}}, {"type": "Feature", "geometry": {"type": "LineString", "coordinates": [[2.406139056679788, 6.364217975046623], [2.4062075, 6.3641295]]}, "properties": {"kind": "split_half", "winner": "Cadjèhoun-Gare", "color": "#49cb78", "length_m": 12.4}}, {"type": "Feature", "geometry": {"type": "LineString", "coordinates": [[2.4054812, 6.3627977], [2.4052971000000003, 6.3630445]]}, "properties": {"kind": "split_half", "winner": "Cadjèhoun-Détinsa", "color": "#c7b04a", "length_m": 34.0}}, {"type": "Feature", "geometry": {"type": "LineString", "coordinates": [[2.4052971000000003, 6.3630445], [2.405113, 6.3632913]]}, "properties": {"kind": "split_half", "winner": "Cadjèhoun-Gare", "color": "#49cb78", "length_m": 34.0}}, {"type": "Feature", "geometry": {"type": "LineString", "coordinates": [[2.405113, 6.3632913], [2.40566025, 6.3637104]]}, "properties": {"kind": "split_half", "winner": "Cadjèhoun-Détinsa", "color": "#c7b04a", "length_m": 76.2}}, {"type": "Feature", "geometry": {"type": "LineString", "coordinates": [[2.40566025, 6.3637104], [2.4062075, 6.3641295]]}, "properties": {"kind": "split_half", "winner": "Cadjèhoun-Gare", "color": "#49cb78", "length_m": 76.2}}, {"type": "Feature", "geometry": {"type": "LineString", "coordinates": [[2.4206387, 6.356245], [2.420669145056138, 6.355726014328013]]}, "properties": {"kind": "split_half", "winner": "Gbèdiga-Guêdêhounguè", "color": "#abc93d", "length_m": 57.5}}, {"type": "Feature", "geometry": {"type": "LineString", "coordinates": [[2.420669145056138, 6.355726014328013], [2.4206773, 6.355587]]}, "properties": {"kind": "split_half", "winner": "Zongo-Ehuzu", "color": "#8dc93f", "length_m": 15.4}}, {"type": "Feature", "geometry": {"type": "LineString", "coordinates": [[2.4206387, 6.356245], [2.421099259539389, 6.356225359224559]]}, "properties": {"kind": "split_half", "winner": "Gbèdiga-Guêdêhounguè", "color": "#abc93d", "length_m": 51.0}}, {"type": "Feature", "geometry": {"type": "LineString", "coordinates": [[2.421099259539389, 6.356225359224559], [2.4217455, 6.3561978]]}, "properties": {"kind": "split_half", "winner": "Zongo-Ehuzu", "color": "#8dc93f", "length_m": 71.6}}, {"type": "Feature", "geometry": {"type": "LineString", "coordinates": [[2.4206773, 6.355587], [2.420549211748642, 6.355580709413266]]}, "properties": {"kind": "split_half", "winner": "Gbèdiga-Guêdêhounguè", "color": "#abc93d", "length_m": 14.2}}, {"type": "Feature", "geometry": {"type": "LineString", "coordinates": [[2.420549211748642, 6.355580709413266], [2.4174927, 6.3554306]]}, "properties": {"kind": "split_half", "winner": "Zongo-Ehuzu", "color": "#8dc93f", "length_m": 338.5}}, {"type": "Feature", "geometry": {"type": "LineString", "coordinates": [[2.4177036, 6.3515638], [2.4177422175172913, 6.351556199335563]]}, "properties": {"kind": "split_half", "winner": "Gbèdiga-Guêdêhounguè", "color": "#abc93d", "length_m": 4.4}}, {"type": "Feature", "geometry": {"type": "LineString", "coordinates": [[2.4177422175172913, 6.351556199335563], [2.4177539, 6.3515539]]}, "properties": {"kind": "split_half", "winner": "Zongo-Ehuzu", "color": "#8dc93f", "length_m": 1.3}}, {"type": "Feature", "geometry": {"type": "LineString", "coordinates": [[2.4177036, 6.3515638], [2.4177307232625886, 6.351065941077661]]}, "properties": {"kind": "split_half", "winner": "Gbèdiga-Guêdêhounguè", "color": "#abc93d", "length_m": 55.1}}, {"type": "Feature", "geometry": {"type": "LineString", "coordinates": [[2.4177307232625886, 6.351065941077661], [2.41777, 6.350345]]}, "properties": {"kind": "split_half", "winner": "Zongo-Ehuzu", "color": "#8dc93f", "length_m": 79.8}}, {"type": "Feature", "geometry": {"type": "LineString", "coordinates": [[2.4035708, 6.3674821], [2.4036847, 6.3675879]]}, "properties": {"kind": "split_half", "winner": "Cadjèhoun-Détinsa", "color": "#c7b04a", "length_m": 17.2}}, {"type": "Feature", "geometry": {"type": "LineString", "coordinates": [[2.4036847, 6.3675879], [2.4037986, 6.3676937]]}, "properties": {"kind": "split_half", "winner": "Vodjè-Kpota", "color": "#cc4446", "length_m": 17.2}}, {"type": "Feature", "geometry": {"type": "LineString", "coordinates": [[2.4037986, 6.3676937], [2.4039935, 6.3674546]]}, "properties": {"kind": "split_half", "winner": "Cadjèhoun-Détinsa", "color": "#c7b04a", "length_m": 34.1}}, {"type": "Feature", "geometry": {"type": "LineString", "coordinates": [[2.4039935, 6.3674546], [2.4041884, 6.3672155]]}, "properties": {"kind": "split_half", "winner": "Vodjè-Kpota", "color": "#cc4446", "length_m": 34.1}}, {"type": "Feature", "geometry": {"type": "LineString", "coordinates": [[2.3899906, 6.3737865], [2.3901823169177714, 6.373949217720125]]}, "properties": {"kind": "split_half", "winner": "Houénoussou", "color": "#dfb041", "length_m": 27.8}}, {"type": "Feature", "geometry": {"type": "LineString", "coordinates": [[2.3901823169177714, 6.373949217720125], [2.3902881, 6.374039]]}, "properties": {"kind": "split_half", "winner": "Houéyihô-Tannou", "color": "#db9443", "length_m": 15.3}}, {"type": "Feature", "geometry": {"type": "LineString", "coordinates": [[2.3902881, 6.374039], [2.390359296129338, 6.373950712754386]]}, "properties": {"kind": "split_half", "winner": "Houénoussou", "color": "#dfb041", "length_m": 12.5}}, {"type": "Feature", "geometry": {"type": "LineString", "coordinates": [[2.390359296129338, 6.373950712754386], [2.3905697, 6.3736898]]}, "properties": {"kind": "split_half", "winner": "Houéyihô-Tannou", "color": "#db9443", "length_m": 37.1}}, {"type": "Feature", "geometry": {"type": "LineString", "coordinates": [[2.3911289, 6.3741907], [2.3909929076292573, 6.374056783261824]]}, "properties": {"kind": "split_half", "winner": "Houénoussou", "color": "#dfb041", "length_m": 21.1}}, {"type": "Feature", "geometry": {"type": "LineString", "coordinates": [[2.3909929076292573, 6.374056783261824], [2.390952, 6.3740165]]}, "properties": {"kind": "split_half", "winner": "Houéyihô-Tannou", "color": "#db9443", "length_m": 6.3}}, {"type": "Feature", "geometry": {"type": "LineString", "coordinates": [[2.390952, 6.3740165], [2.390820196189729, 6.374162799545005]]}, "properties": {"kind": "split_half", "winner": "Houénoussou", "color": "#dfb041", "length_m": 21.8}}, {"type": "Feature", "geometry": {"type": "LineString", "coordinates": [[2.390820196189729, 6.374162799545005], [2.3907065, 6.374289]]}, "properties": {"kind": "split_half", "winner": "Houéyihô-Tannou", "color": "#db9443", "length_m": 18.8}}, {"type": "Feature", "geometry": {"type": "LineString", "coordinates": [[2.4112912, 6.3628139], [2.41123085, 6.3627655999999995]]}, "properties": {"kind": "split_half", "winner": "Gbégamey-Mifongou", "color": "#4fd575", "length_m": 8.5}}, {"type": "Feature", "geometry": {"type": "LineString", "coordinates": [[2.41123085, 6.3627655999999995], [2.4111705, 6.3627173]]}, "properties": {"kind": "split_half", "winner": "Gbégamey-Centre", "color": "#d042c4", "length_m": 8.5}}, {"type": "Feature", "geometry": {"type": "LineString", "coordinates": [[2.4111705, 6.3627173], [2.4102834246757117, 6.3620191085244455]]}, "properties": {"kind": "split_half", "winner": "Gbégamey-Mifongou", "color": "#4fd575", "length_m": 124.8}}, {"type": "Feature", "geometry": {"type": "LineString", "coordinates": [[2.4102834246757117, 6.3620191085244455], [2.4092755, 6.3612258]]}, "properties": {"kind": "split_half", "winner": "Gbégamey-Centre", "color": "#d042c4", "length_m": 141.9}}, {"type": "Feature", "geometry": {"type": "LineString", "coordinates": [[2.3925828, 6.3559906], [2.392580198663775, 6.355751434724028]]}, "properties": {"kind": "split_half", "winner": "Haie-Vive-Cocotiers", "color": "#d6ca4b", "length_m": 26.4}}, {"type": "Feature", "geometry": {"type": "LineString", "coordinates": [[2.392580198663775, 6.355751434724028], [2.3925729, 6.3550804]]}, "properties": {"kind": "split_half", "winner": "Cadjèhoun-Agonga", "color": "#49de78", "length_m": 74.2}}, {"type": "Feature", "geometry": {"type": "LineString", "coordinates": [[2.3925828, 6.3559906], [2.392280175478163, 6.356002976980929]]}, "properties": {"kind": "split_half", "winner": "Haie-Vive-Cocotiers", "color": "#d6ca4b", "length_m": 33.5}}, {"type": "Feature", "geometry": {"type": "LineString", "coordinates": [[2.392280175478163, 6.356002976980929], [2.3919642, 6.3560159]]}, "properties": {"kind": "split_half", "winner": "Cadjèhoun-Agonga", "color": "#49de78", "length_m": 35.0}}, {"type": "Feature", "geometry": {"type": "LineString", "coordinates": [[2.4198682, 6.3794919], [2.4185748836356273, 6.378485594375864]]}, "properties": {"kind": "split_half", "winner": "Missité-Sikê", "color": "#40d4bb", "length_m": 181.2}}, {"type": "Feature", "geometry": {"type": "LineString", "coordinates": [[2.4185748836356273, 6.378485594375864], [2.4185515, 6.3784674]]}, "properties": {"kind": "split_half", "winner": "Gbèdjromèdè", "color": "#4ed9d7", "length_m": 3.3}}, {"type": "Feature", "geometry": {"type": "LineString", "coordinates": [[2.4185515, 6.3784674], [2.4181773446947763, 6.378950616993081]]}, "properties": {"kind": "split_half", "winner": "Missité-Sikê", "color": "#40d4bb", "length_m": 67.6}}, {"type": "Feature", "geometry": {"type": "LineString", "coordinates": [[2.4181773446947763, 6.378950616993081], [2.4181556, 6.3789787]]}, "properties": {"kind": "split_half", "winner": "Gbèdjromèdè", "color": "#4ed9d7", "length_m": 3.9}}, {"type": "Feature", "geometry": {"type": "LineString", "coordinates": [[2.4159256, 6.3771846], [2.4181533699999997, 6.3789769059]]}, "properties": {"kind": "split_half", "winner": "Missité-Sikê", "color": "#40d4bb", "length_m": 316.2}}, {"type": "Feature", "geometry": {"type": "LineString", "coordinates": [[2.4181533699999997, 6.3789769059], [2.4181556, 6.3789787]]}, "properties": {"kind": "split_half", "winner": "Gbèdjromèdè", "color": "#4ed9d7", "length_m": 0.3}}, {"type": "Feature", "geometry": {"type": "LineString", "coordinates": [[2.4252396, 6.3776037], [2.4252468251566626, 6.377561653688484]]}, "properties": {"kind": "split_half", "winner": "Jéricho-Nord", "color": "#4ac7a3", "length_m": 4.7}}, {"type": "Feature", "geometry": {"type": "LineString", "coordinates": [[2.4252468251566626, 6.377561653688484], [2.4253559, 6.3769269]]}, "properties": {"kind": "split_half", "winner": "Aïdjèdo", "color": "#cd3fc8", "length_m": 71.2}}, {"type": "Feature", "geometry": {"type": "LineString", "coordinates": [[2.4252396, 6.3776037], [2.4251863301976004, 6.377561489052648]]}, "properties": {"kind": "split_half", "winner": "Jéricho-Nord", "color": "#4ac7a3", "length_m": 7.5}}, {"type": "Feature", "geometry": {"type": "LineString", "coordinates": [[2.4251863301976004, 6.377561489052648], [2.424466, 6.3769907]]}, "properties": {"kind": "split_half", "winner": "Aïdjèdo", "color": "#cd3fc8", "length_m": 101.6}}, {"type": "Feature", "geometry": {"type": "LineString", "coordinates": [[2.4262705, 6.3718809], [2.426992920615318, 6.3724508263636]]}, "properties": {"kind": "split_half", "winner": "Jéricho-Sud", "color": "#3ed45a", "length_m": 101.8}}, {"type": "Feature", "geometry": {"type": "LineString", "coordinates": [[2.426992920615318, 6.3724508263636], [2.4280418, 6.3732783]]}, "properties": {"kind": "split_half", "winner": "Jéricho-Nord", "color": "#4ac7a3", "length_m": 147.8}}, {"type": "Feature", "geometry": {"type": "LineString", "coordinates": [[2.4275727, 6.373862], [2.4275874895655343, 6.373843597379231]]}, "properties": {"kind": "split_half", "winner": "Jéricho-Sud", "color": "#3ed45a", "length_m": 2.6}}, {"type": "Feature", "geometry": {"type": "LineString", "coordinates": [[2.4275874895655343, 6.373843597379231], [2.4280418, 6.3732783]]}, "properties": {"kind": "split_half", "winner": "Jéricho-Nord", "color": "#4ac7a3", "length_m": 80.2}}, {"type": "Feature", "geometry": {"type": "LineString", "coordinates": [[2.4311252, 6.3533864], [2.431232383423757, 6.353389817653268]]}, "properties": {"kind": "split_half", "winner": "Xwlacôdji-Kpodji", "color": "#41d477", "length_m": 11.9}}, {"type": "Feature", "geometry": {"type": "LineString", "coordinates": [[2.431232383423757, 6.353389817653268], [2.4317148, 6.3534052]]}, "properties": {"kind": "split_half", "winner": "Zongo-Nima", "color": "#d440ad", "length_m": 53.4}}, {"type": "Feature", "geometry": {"type": "LineString", "coordinates": [[2.4317148, 6.3534052], [2.4316949093043783, 6.353893219318035]]}, "properties": {"kind": "split_half", "winner": "Xwlacôdji-Kpodji", "color": "#41d477", "length_m": 54.0}}, {"type": "Feature", "geometry": {"type": "LineString", "coordinates": [[2.4316949093043783, 6.353893219318035], [2.4316877, 6.3540701]]}, "properties": {"kind": "split_half", "winner": "Zongo-Nima", "color": "#d440ad", "length_m": 19.6}}, {"type": "Feature", "geometry": {"type": "LineString", "coordinates": [[2.4316877, 6.3540701], [2.4318634716082568, 6.354077266203778]]}, "properties": {"kind": "split_half", "winner": "Xwlacôdji-Kpodji", "color": "#41d477", "length_m": 19.5}}, {"type": "Feature", "geometry": {"type": "LineString", "coordinates": [[2.4318634716082568, 6.354077266203778], [2.4334488, 6.3541419]]}, "properties": {"kind": "split_half", "winner": "Zongo-Nima", "color": "#d440ad", "length_m": 175.5}}, {"type": "Feature", "geometry": {"type": "LineString", "coordinates": [[2.431747, 6.3527371], [2.431082721121209, 6.352703684883419]]}, "properties": {"kind": "split_half", "winner": "Xwlacôdji-Kpodji", "color": "#41d477", "length_m": 73.6}}, {"type": "Feature", "geometry": {"type": "LineString", "coordinates": [[2.431082721121209, 6.352703684883419], [2.4307729, 6.3526881]]}, "properties": {"kind": "split_half", "winner": "Zongo-Nima", "color": "#d440ad", "length_m": 34.3}}, {"type": "Feature", "geometry": {"type": "LineString", "coordinates": [[2.4307729, 6.3526881], [2.4308009216147064, 6.351837453555504]]}, "properties": {"kind": "split_half", "winner": "Xwlacôdji-Kpodji", "color": "#41d477", "length_m": 94.1}}, {"type": "Feature", "geometry": {"type": "LineString", "coordinates": [[2.4308009216147064, 6.351837453555504], [2.4308141, 6.3514374]]}, "properties": {"kind": "split_half", "winner": "Zongo-Nima", "color": "#d440ad", "length_m": 44.2}}, {"type": "Feature", "geometry": {"type": "LineString", "coordinates": [[2.4308141, 6.3514374], [2.430661386941583, 6.351424540509109]]}, "properties": {"kind": "split_half", "winner": "Xwlacôdji-Kpodji", "color": "#41d477", "length_m": 17.0}}, {"type": "Feature", "geometry": {"type": "LineString", "coordinates": [[2.430661386941583, 6.351424540509109], [2.4279236, 6.351194]]}, "properties": {"kind": "split_half", "winner": "Zongo-Nima", "color": "#d440ad", "length_m": 303.9}}, {"type": "Feature", "geometry": {"type": "LineString", "coordinates": [[2.4008069, 6.3636602], [2.40008645, 6.363087999999999]]}, "properties": {"kind": "split_half", "winner": "Cadjèhoun-Kpota", "color": "#ddcf4f", "length_m": 101.8}}, {"type": "Feature", "geometry": {"type": "LineString", "coordinates": [[2.40008645, 6.363087999999999], [2.399366, 6.3625158]]}, "properties": {"kind": "split_half", "winner": "Cadjèhoun-Azalokogon", "color": "#d951d0", "length_m": 101.8}}, {"type": "Feature", "geometry": {"type": "LineString", "coordinates": [[2.3997425, 6.3620464], [2.3995924910831063, 6.362233423069296]]}, "properties": {"kind": "split_half", "winner": "Cadjèhoun-Kpota", "color": "#ddcf4f", "length_m": 26.5}}, {"type": "Feature", "geometry": {"type": "LineString", "coordinates": [[2.3995924910831063, 6.362233423069296], [2.399366, 6.3625158]]}, "properties": {"kind": "split_half", "winner": "Cadjèhoun-Azalokogon", "color": "#d951d0", "length_m": 40.0}}, {"type": "Feature", "geometry": {"type": "LineString", "coordinates": [[2.3997425, 6.3620464], [2.3988878974443995, 6.361388367128863]]}, "properties": {"kind": "split_half", "winner": "Cadjèhoun-Kpota", "color": "#ddcf4f", "length_m": 119.3}}, {"type": "Feature", "geometry": {"type": "LineString", "coordinates": [[2.3988878974443995, 6.361388367128863], [2.3981252, 6.3608011]]}, "properties": {"kind": "split_half", "winner": "Cadjèhoun-Azalokogon", "color": "#d951d0", "length_m": 106.5}}, {"type": "Feature", "geometry": {"type": "LineString", "coordinates": [[2.4005171, 6.356665], [2.40036205, 6.35636105]]}, "properties": {"kind": "split_half", "winner": "Cadjèhoun-Azalokogon", "color": "#d951d0", "length_m": 37.7}}, {"type": "Feature", "geometry": {"type": "LineString", "coordinates": [[2.40036205, 6.35636105], [2.400207, 6.3560571]]}, "properties": {"kind": "split_half", "winner": "Cadjèhoun-Aupiais", "color": "#d6c34a", "length_m": 37.7}}, {"type": "Feature", "geometry": {"type": "LineString", "coordinates": [[2.400207, 6.3560571], [2.40067525, 6.35585675]]}, "properties": {"kind": "split_half", "winner": "Cadjèhoun-Azalokogon", "color": "#d951d0", "length_m": 56.3}}, {"type": "Feature", "geometry": {"type": "LineString", "coordinates": [[2.40067525, 6.35585675], [2.4011435, 6.3556564]]}, "properties": {"kind": "split_half", "winner": "Cadjèhoun-Aupiais", "color": "#d6c34a", "length_m": 56.3}}, {"type": "Feature", "geometry": {"type": "LineString", "coordinates": [[2.4100317, 6.3640592], [2.4097157, 6.36420565]]}, "properties": {"kind": "split_half", "winner": "Gbégamey-Ahito", "color": "#3bd54b", "length_m": 38.5}}, {"type": "Feature", "geometry": {"type": "LineString", "coordinates": [[2.4097157, 6.36420565], [2.4093997, 6.3643521]]}, "properties": {"kind": "split_half", "winner": "Gbégamey-Centre", "color": "#d042c4", "length_m": 38.5}}, {"type": "Feature", "geometry": {"type": "LineString", "coordinates": [[2.4100317, 6.3640592], [2.409893103127179, 6.363951106589583]]}, "properties": {"kind": "split_half", "winner": "Gbégamey-Ahito", "color": "#3bd54b", "length_m": 19.4}}, {"type": "Feature", "geometry": {"type": "LineString", "coordinates": [[2.409893103127179, 6.363951106589583], [2.4081838, 6.362618]]}, "properties": {"kind": "split_half", "winner": "Gbégamey-Centre", "color": "#d042c4", "length_m": 239.7}}, {"type": "Feature", "geometry": {"type": "LineString", "coordinates": [[2.4093997, 6.3643521], [2.4097982499999997, 6.3646566]]}, "properties": {"kind": "split_half", "winner": "Gbégamey-Ahito", "color": "#3bd54b", "length_m": 55.5}}, {"type": "Feature", "geometry": {"type": "LineString", "coordinates": [[2.4097982499999997, 6.3646566], [2.4101968, 6.3649611]]}, "properties": {"kind": "split_half", "winner": "Gbégamey-Centre", "color": "#d042c4", "length_m": 55.5}}, {"type": "Feature", "geometry": {"type": "LineString", "coordinates": [[2.4069286, 6.3609217], [2.4068988862775385, 6.360960486990557]]}, "properties": {"kind": "split_half", "winner": "Gbégamey-Mifongou", "color": "#4fd575", "length_m": 5.4}}, {"type": "Feature", "geometry": {"type": "LineString", "coordinates": [[2.4068988862775385, 6.360960486990557], [2.4065664, 6.3613945]]}, "properties": {"kind": "split_half", "winner": "Cadjèhoun-Gare", "color": "#49cb78", "length_m": 60.5}}, {"type": "Feature", "geometry": {"type": "LineString", "coordinates": [[2.4065664, 6.3613945], [2.406991220356513, 6.361724785173075]]}, "properties": {"kind": "split_half", "winner": "Gbégamey-Mifongou", "color": "#4fd575", "length_m": 59.5}}, {"type": "Feature", "geometry": {"type": "LineString", "coordinates": [[2.406991220356513, 6.361724785173075], [2.4073973, 6.3620405]]}, "properties": {"kind": "split_half", "winner": "Cadjèhoun-Gare", "color": "#49cb78", "length_m": 56.9}}, {"type": "Feature", "geometry": {"type": "LineString", "coordinates": [[2.4070698, 6.3663099], [2.4072612730325202, 6.366070320683465]]}, "properties": {"kind": "split_half", "winner": "Gbégamey-Ahito", "color": "#3bd54b", "length_m": 33.9}}, {"type": "Feature", "geometry": {"type": "LineString", "coordinates": [[2.4072612730325202, 6.366070320683465], [2.4074519, 6.3658318]]}, "properties": {"kind": "split_half", "winner": "Gbégamey-Dodo-Ayidjè", "color": "#d64b9a", "length_m": 33.8}}, {"type": "Feature", "geometry": {"type": "LineString", "coordinates": [[2.4087176, 6.3668265], [2.4081391255399627, 6.3663718831513005]]}, "properties": {"kind": "split_half", "winner": "Gbégamey-Ahito", "color": "#3bd54b", "length_m": 81.4}}, {"type": "Feature", "geometry": {"type": "LineString", "coordinates": [[2.4081391255399627, 6.3663718831513005], [2.4074519, 6.3658318]]}, "properties": {"kind": "split_half", "winner": "Gbégamey-Dodo-Ayidjè", "color": "#d64b9a", "length_m": 96.7}}, {"type": "Feature", "geometry": {"type": "LineString", "coordinates": [[2.4366367, 6.3566588], [2.4367598245838473, 6.356595313886453]]}, "properties": {"kind": "split_half", "winner": "Xwlacôdji-Kpodji", "color": "#41d477", "length_m": 15.3}}, {"type": "Feature", "geometry": {"type": "LineString", "coordinates": [[2.4367598245838473, 6.356595313886453], [2.4367775, 6.3565862]]}, "properties": {"kind": "split_half", "winner": "Tokpa-Hoho", "color": "#c93b5f", "length_m": 2.2}}, {"type": "Feature", "geometry": {"type": "LineString", "coordinates": [[2.4367393, 6.3567415], [2.4367747024215323, 6.356597573401466]]}, "properties": {"kind": "split_half", "winner": "Xwlacôdji-Kpodji", "color": "#41d477", "length_m": 16.4}}, {"type": "Feature", "geometry": {"type": "LineString", "coordinates": [[2.4367747024215323, 6.356597573401466], [2.4367775, 6.3565862]]}, "properties": {"kind": "split_half", "winner": "Tokpa-Hoho", "color": "#c93b5f", "length_m": 1.3}}, {"type": "Feature", "geometry": {"type": "LineString", "coordinates": [[2.3998565, 6.355913], [2.3998725225528887, 6.356065325007419]]}, "properties": {"kind": "split_half", "winner": "Cadjèhoun-Azalokogon", "color": "#d951d0", "length_m": 16.9}}, {"type": "Feature", "geometry": {"type": "LineString", "coordinates": [[2.3998725225528887, 6.356065325007419], [2.3998782, 6.3561193]]}, "properties": {"kind": "split_half", "winner": "Haie-Vive-Cocotiers", "color": "#d6ca4b", "length_m": 6.0}}, {"type": "Feature", "geometry": {"type": "LineString", "coordinates": [[2.3998782, 6.3561193], [2.3999760684220734, 6.3560630685820545]]}, "properties": {"kind": "split_half", "winner": "Cadjèhoun-Azalokogon", "color": "#d951d0", "length_m": 12.5}}, {"type": "Feature", "geometry": {"type": "LineString", "coordinates": [[2.3999760684220734, 6.3560630685820545], [2.4000378, 6.3560276]]}, "properties": {"kind": "split_half", "winner": "Haie-Vive-Cocotiers", "color": "#d6ca4b", "length_m": 7.9}}, {"type": "Feature", "geometry": {"type": "LineString", "coordinates": [[2.402072, 6.3467782], [2.402067638836379, 6.346524594221142]]}, "properties": {"kind": "split_half", "winner": "Haie-Vive-Cocotiers", "color": "#d6ca4b", "length_m": 28.0}}, {"type": "Feature", "geometry": {"type": "LineString", "coordinates": [[2.402067638836379, 6.346524594221142], [2.4020614, 6.3461618]]}, "properties": {"kind": "split_half", "winner": "Ahouanlèko", "color": "#4fdd80", "length_m": 40.1}}, {"type": "Feature", "geometry": {"type": "LineString", "coordinates": [[2.402072, 6.3467782], [2.402099892003183, 6.346779604959306]]}, "properties": {"kind": "split_half", "winner": "Haie-Vive-Cocotiers", "color": "#d6ca4b", "length_m": 3.1}}, {"type": "Feature", "geometry": {"type": "LineString", "coordinates": [[2.402099892003183, 6.346779604959306], [2.4025028, 6.3467999]]}, "properties": {"kind": "split_half", "winner": "Ahouanlèko", "color": "#4fdd80", "length_m": 44.6}}, {"type": "Feature", "geometry": {"type": "LineString", "coordinates": [[2.3950739, 6.371143], [2.39472665, 6.371062]]}, "properties": {"kind": "split_half", "winner": "Houéyihô", "color": "#3edc5e", "length_m": 39.4}}, {"type": "Feature", "geometry": {"type": "LineString", "coordinates": [[2.39472665, 6.371062], [2.3943794, 6.370981]]}, "properties": {"kind": "split_half", "winner": "Houéyihô-Tannou", "color": "#db9443", "length_m": 39.4}}, {"type": "Feature", "geometry": {"type": "LineString", "coordinates": [[2.3943794, 6.370981], [2.3943197, 6.37117905]]}, "properties": {"kind": "split_half", "winner": "Houéyihô", "color": "#3edc5e", "length_m": 22.9}}, {"type": "Feature", "geometry": {"type": "LineString", "coordinates": [[2.3943197, 6.37117905], [2.39426, 6.3713771]]}, "properties": {"kind": "split_half", "winner": "Houéyihô-Tannou", "color": "#db9443", "length_m": 22.9}}, {"type": "Feature", "geometry": {"type": "LineString", "coordinates": [[2.3471308, 6.3761764], [2.3470079966437374, 6.375870717290651]]}, "properties": {"kind": "split_half", "winner": "Godomey-N'Gbèho", "color": "#cb7746", "length_m": 36.4}}, {"type": "Feature", "geometry": {"type": "LineString", "coordinates": [[2.3470079966437374, 6.375870717290651], [2.3469409, 6.3757037]]}, "properties": {"kind": "split_half", "winner": "Dénou\n", "color": "#dd5452", "length_m": 19.9}}, {"type": "Feature", "geometry": {"type": "LineString", "coordinates": [[2.3469409, 6.3757037], [2.346779853270738, 6.375782890674848]]}, "properties": {"kind": "split_half", "winner": "Godomey-N'Gbèho", "color": "#cb7746", "length_m": 19.9}}, {"type": "Feature", "geometry": {"type": "LineString", "coordinates": [[2.346779853270738, 6.375782890674848], [2.3464394, 6.3759503]]}, "properties": {"kind": "split_half", "winner": "Dénou\n", "color": "#dd5452", "length_m": 42.0}}, {"type": "Feature", "geometry": {"type": "LineString", "coordinates": [[2.350632, 6.3746578], [2.3506184801793335, 6.374610191667768]]}, "properties": {"kind": "split_half", "winner": "Godomey-N'Gbèho", "color": "#cb7746", "length_m": 5.5}}, {"type": "Feature", "geometry": {"type": "LineString", "coordinates": [[2.3506184801793335, 6.374610191667768], [2.3504776, 6.3741141]]}, "properties": {"kind": "split_half", "winner": "Dénou\n", "color": "#dd5452", "length_m": 57.0}}, {"type": "Feature", "geometry": {"type": "LineString", "coordinates": [[2.3504776, 6.3741141], [2.3499627948168595, 6.37427825058523]]}, "properties": {"kind": "split_half", "winner": "Godomey-N'Gbèho", "color": "#cb7746", "length_m": 59.8}}, {"type": "Feature", "geometry": {"type": "LineString", "coordinates": [[2.3499627948168595, 6.37427825058523], [2.3489553, 6.3745995]]}, "properties": {"kind": "split_half", "winner": "Dénou\n", "color": "#dd5452", "length_m": 117.0}}, {"type": "Feature", "geometry": {"type": "LineString", "coordinates": [[2.3810938, 6.3808599], [2.3817783166188073, 6.380849423713313]]}, "properties": {"kind": "split_half", "winner": "Kouhounou", "color": "#dcca40", "length_m": 75.7}}, {"type": "Feature", "geometry": {"type": "LineString", "coordinates": [[2.3817783166188073, 6.380849423713313], [2.3821327, 6.380844]]}, "properties": {"kind": "split_half", "winner": "Védokô", "color": "#3dd9d3", "length_m": 39.2}}, {"type": "Feature", "geometry": {"type": "LineString", "coordinates": [[2.3821327, 6.380844], [2.3817783415994316, 6.381190988272274]]}, "properties": {"kind": "split_half", "winner": "Kouhounou", "color": "#dcca40", "length_m": 54.8}}, {"type": "Feature", "geometry": {"type": "LineString", "coordinates": [[2.3817783415994316, 6.381190988272274], [2.3815942, 6.3813713]]}, "properties": {"kind": "split_half", "winner": "Védokô", "color": "#3dd9d3", "length_m": 28.5}}, {"type": "Feature", "geometry": {"type": "LineString", "coordinates": [[2.3822714, 6.3803892], [2.381685634800824, 6.380398381689855]]}, "properties": {"kind": "split_half", "winner": "Kouhounou", "color": "#dcca40", "length_m": 64.8}}, {"type": "Feature", "geometry": {"type": "LineString", "coordinates": [[2.381685634800824, 6.380398381689855], [2.381391, 6.380403]]}, "properties": {"kind": "split_half", "winner": "Védokô", "color": "#3dd9d3", "length_m": 32.6}}, {"type": "Feature", "geometry": {"type": "LineString", "coordinates": [[2.3814209, 6.3798281], [2.381405214347213, 6.380129694708607]]}, "properties": {"kind": "split_half", "winner": "Kouhounou", "color": "#dcca40", "length_m": 33.4}}, {"type": "Feature", "geometry": {"type": "LineString", "coordinates": [[2.381405214347213, 6.380129694708607], [2.381391, 6.380403]]}, "properties": {"kind": "split_half", "winner": "Védokô", "color": "#3dd9d3", "length_m": 30.3}}, {"type": "Feature", "geometry": {"type": "LineString", "coordinates": [[2.4289321, 6.3654676], [2.429024881670949, 6.365352614371452]]}, "properties": {"kind": "split_half", "winner": "Sèdjro-Saint-Michel", "color": "#dc53ca", "length_m": 16.3}}, {"type": "Feature", "geometry": {"type": "LineString", "coordinates": [[2.429024881670949, 6.365352614371452], [2.4293228, 6.3649834]]}, "properties": {"kind": "split_half", "winner": "Gbédokpo", "color": "#51d9b7", "length_m": 52.5}}, {"type": "Feature", "geometry": {"type": "LineString", "coordinates": [[2.4293228, 6.3649834], [2.4300457761411884, 6.365545827267854]]}, "properties": {"kind": "split_half", "winner": "Sèdjro-Saint-Michel", "color": "#dc53ca", "length_m": 101.3}}, {"type": "Feature", "geometry": {"type": "LineString", "coordinates": [[2.4300457761411884, 6.365545827267854], [2.4306796, 6.3660389]]}, "properties": {"kind": "split_half", "winner": "Gbédokpo", "color": "#51d9b7", "length_m": 88.8}}, {"type": "Feature", "geometry": {"type": "LineString", "coordinates": [[2.4297297, 6.364471], [2.4309647281510487, 6.3654426980664445]]}, "properties": {"kind": "split_half", "winner": "Sèdjro-Saint-Michel", "color": "#dc53ca", "length_m": 173.8}}, {"type": "Feature", "geometry": {"type": "LineString", "coordinates": [[2.4309647281510487, 6.3654426980664445], [2.4310809, 6.3655341]]}, "properties": {"kind": "split_half", "winner": "Gbédokpo", "color": "#51d9b7", "length_m": 16.3}}, {"type": "Feature", "geometry": {"type": "LineString", "coordinates": [[2.4310809, 6.3655341], [2.4311725702489637, 6.365418810079661]]}, "properties": {"kind": "split_half", "winner": "Sèdjro-Saint-Michel", "color": "#dc53ca", "length_m": 16.3}}, {"type": "Feature", "geometry": {"type": "LineString", "coordinates": [[2.4311725702489637, 6.365418810079661], [2.4314628, 6.3650538]]}, "properties": {"kind": "split_half", "winner": "Gbédokpo", "color": "#51d9b7", "length_m": 51.6}}, {"type": "Feature", "geometry": {"type": "LineString", "coordinates": [[2.4303916, 6.3634059], [2.430655482772881, 6.363078495745263]]}, "properties": {"kind": "split_half", "winner": "Missité", "color": "#d13e52", "length_m": 46.5}}, {"type": "Feature", "geometry": {"type": "LineString", "coordinates": [[2.430655482772881, 6.363078495745263], [2.4308091, 6.3628879]]}, "properties": {"kind": "split_half", "winner": "Gbédokpo", "color": "#51d9b7", "length_m": 27.1}}, {"type": "Feature", "geometry": {"type": "LineString", "coordinates": [[2.4308091, 6.3628879], [2.430819954710054, 6.3628964516237465]]}, "properties": {"kind": "split_half", "winner": "Missité", "color": "#d13e52", "length_m": 1.5}}, {"type": "Feature", "geometry": {"type": "LineString", "coordinates": [[2.430819954710054, 6.3628964516237465], [2.4309241, 6.3629785]]}, "properties": {"kind": "split_half", "winner": "Gbédokpo", "color": "#51d9b7", "length_m": 14.7}}, {"type": "Feature", "geometry": {"type": "LineString", "coordinates": [[2.4309241, 6.3629785], [2.431007063933402, 6.3628748691204144]]}, "properties": {"kind": "split_half", "winner": "Missité", "color": "#d13e52", "length_m": 14.7}}, {"type": "Feature", "geometry": {"type": "LineString", "coordinates": [[2.431007063933402, 6.3628748691204144], [2.4313163, 6.3624886]]}, "properties": {"kind": "split_half", "winner": "Gbédokpo", "color": "#51d9b7", "length_m": 54.7}}, {"type": "Feature", "geometry": {"type": "LineString", "coordinates": [[2.4171597, 6.3704398], [2.4174294548941875, 6.370099964604194]]}, "properties": {"kind": "split_half", "winner": "Énagnon-Sikê", "color": "#c8bd45", "length_m": 48.0}}, {"type": "Feature", "geometry": {"type": "LineString", "coordinates": [[2.4174294548941875, 6.370099964604194], [2.4175273, 6.3699767]]}, "properties": {"kind": "split_half", "winner": "Sèhogan-Sikê", "color": "#50d957", "length_m": 17.4}}, {"type": "Feature", "geometry": {"type": "LineString", "coordinates": [[2.4175273, 6.3699767], [2.4179644253191355, 6.370322065371887]]}, "properties": {"kind": "split_half", "winner": "Énagnon-Sikê", "color": "#c8bd45", "length_m": 61.6}}, {"type": "Feature", "geometry": {"type": "LineString", "coordinates": [[2.4179644253191355, 6.370322065371887], [2.4184167, 6.3706794]]}, "properties": {"kind": "split_half", "winner": "Sèhogan-Sikê", "color": "#50d957", "length_m": 63.7}}, {"type": "Feature", "geometry": {"type": "LineString", "coordinates": [[2.4184167, 6.3706794], [2.4187680961024642, 6.370655565330212]]}, "properties": {"kind": "split_half", "winner": "Énagnon-Sikê", "color": "#c8bd45", "length_m": 39.0}}, {"type": "Feature", "geometry": {"type": "LineString", "coordinates": [[2.4187680961024642, 6.370655565330212], [2.4194266, 6.3706109]]}, "properties": {"kind": "split_half", "winner": "Sèhogan-Sikê", "color": "#50d957", "length_m": 73.0}}, {"type": "Feature", "geometry": {"type": "LineString", "coordinates": [[2.4204393, 6.3663055], [2.4216781655739252, 6.367280935639203]]}, "properties": {"kind": "split_half", "winner": "Gbènan", "color": "#b042c8", "length_m": 174.4}}, {"type": "Feature", "geometry": {"type": "LineString", "coordinates": [[2.4216781655739252, 6.367280935639203], [2.422169, 6.3676674]]}, "properties": {"kind": "split_half", "winner": "Yévèdo", "color": "#84d43e", "length_m": 69.1}}, {"type": "Feature", "geometry": {"type": "LineString", "coordinates": [[2.4217034, 6.36826], [2.42178005254314, 6.368162439224517]]}, "properties": {"kind": "split_half", "winner": "Gbènan", "color": "#b042c8", "length_m": 13.7}}, {"type": "Feature", "geometry": {"type": "LineString", "coordinates": [[2.42178005254314, 6.368162439224517], [2.422169, 6.3676674]]}, "properties": {"kind": "split_half", "winner": "Yévèdo", "color": "#84d43e", "length_m": 69.6}}, {"type": "Feature", "geometry": {"type": "LineString", "coordinates": [[2.4257731, 6.3683607], [2.425659327028515, 6.36851795432991]]}, "properties": {"kind": "split_half", "winner": "Sèdami", "color": "#4fd165", "length_m": 21.5}}, {"type": "Feature", "geometry": {"type": "LineString", "coordinates": [[2.425659327028515, 6.36851795432991], [2.4256564, 6.368522]]}, "properties": {"kind": "split_half", "winner": "Gbènan", "color": "#b042c8", "length_m": 0.6}}, {"type": "Feature", "geometry": {"type": "LineString", "coordinates": [[2.4234523, 6.3676988], [2.4241043494865755, 6.368222062697207]]}, "properties": {"kind": "split_half", "winner": "Sèdami", "color": "#4fd165", "length_m": 92.5}}, {"type": "Feature", "geometry": {"type": "LineString", "coordinates": [[2.4241043494865755, 6.368222062697207], [2.424312, 6.3683887]]}, "properties": {"kind": "split_half", "winner": "Gbènan", "color": "#b042c8", "length_m": 29.4}}, {"type": "Feature", "geometry": {"type": "LineString", "coordinates": [[2.424312, 6.3683887], [2.4244742866187647, 6.3681799794927345]]}, "properties": {"kind": "split_half", "winner": "Sèdami", "color": "#4fd165", "length_m": 29.2}}, {"type": "Feature", "geometry": {"type": "LineString", "coordinates": [[2.4244742866187647, 6.3681799794927345], [2.4247667, 6.3678039]]}, "properties": {"kind": "split_half", "winner": "Gbènan", "color": "#b042c8", "length_m": 52.7}}, {"type": "Feature", "geometry": {"type": "LineString", "coordinates": [[2.4256564, 6.368522], [2.4256471710791656, 6.368514551098065]]}, "properties": {"kind": "split_half", "winner": "Sèdami", "color": "#4fd165", "length_m": 1.3}}, {"type": "Feature", "geometry": {"type": "LineString", "coordinates": [[2.4256471710791656, 6.368514551098065], [2.4247667, 6.3678039]]}, "properties": {"kind": "split_half", "winner": "Gbènan", "color": "#b042c8", "length_m": 125.1}}, {"type": "Feature", "geometry": {"type": "LineString", "coordinates": [[2.4640554, 6.3614054], [2.46408785, 6.3610833]]}, "properties": {"kind": "split_half", "winner": "Fifadji-Houto (Jak)", "color": "#5dda4a", "length_m": 35.8}}, {"type": "Feature", "geometry": {"type": "LineString", "coordinates": [[2.46408785, 6.3610833], [2.4641203, 6.3607612]]}, "properties": {"kind": "split_half", "winner": "Donaten", "color": "#a84ed5", "length_m": 35.8}}, {"type": "Feature", "geometry": {"type": "LineString", "coordinates": [[2.4641203, 6.3607612], [2.462387051661648, 6.360597289708651]]}, "properties": {"kind": "split_half", "winner": "Fifadji-Houto (Jak)", "color": "#5dda4a", "length_m": 192.6}}, {"type": "Feature", "geometry": {"type": "LineString", "coordinates": [[2.462387051661648, 6.360597289708651], [2.4615539, 6.3605185]]}, "properties": {"kind": "split_half", "winner": "Donaten", "color": "#a84ed5", "length_m": 92.6}}, {"type": "Feature", "geometry": {"type": "LineString", "coordinates": [[2.4726044, 6.36315], [2.47219105, 6.3631092]]}, "properties": {"kind": "split_half", "winner": "Finagnon", "color": "#dd4f69", "length_m": 46.0}}, {"type": "Feature", "geometry": {"type": "LineString", "coordinates": [[2.47219105, 6.3631092], [2.4717777, 6.3630684]]}, "properties": {"kind": "split_half", "winner": "Donaten", "color": "#a84ed5", "length_m": 46.0}}, {"type": "Feature", "geometry": {"type": "LineString", "coordinates": [[2.4717441, 6.3623474], [2.47191715, 6.3624215500000005]]}, "properties": {"kind": "split_half", "winner": "Finagnon", "color": "#dd4f69", "length_m": 20.8}}, {"type": "Feature", "geometry": {"type": "LineString", "coordinates": [[2.47191715, 6.3624215500000005], [2.4720902, 6.3624957]]}, "properties": {"kind": "split_half", "winner": "Donaten", "color": "#a84ed5", "length_m": 20.8}}, {"type": "Feature", "geometry": {"type": "LineString", "coordinates": [[2.4720902, 6.3624957], [2.47193395, 6.36278205]]}, "properties": {"kind": "split_half", "winner": "Finagnon", "color": "#dd4f69", "length_m": 36.1}}, {"type": "Feature", "geometry": {"type": "LineString", "coordinates": [[2.47193395, 6.36278205], [2.4717777, 6.3630684]]}, "properties": {"kind": "split_half", "winner": "Donaten", "color": "#a84ed5", "length_m": 36.1}}, {"type": "Feature", "geometry": {"type": "LineString", "coordinates": [[2.4705884, 6.3616402], [2.4713835257672354, 6.361718980689317]]}, "properties": {"kind": "split_half", "winner": "Finagnon", "color": "#dd4f69", "length_m": 88.4}}, {"type": "Feature", "geometry": {"type": "LineString", "coordinates": [[2.4713835257672354, 6.361718980689317], [2.4715553, 6.361736]]}, "properties": {"kind": "split_half", "winner": "Donaten", "color": "#a84ed5", "length_m": 19.1}}, {"type": "Feature", "geometry": {"type": "LineString", "coordinates": [[2.4714987, 6.3624757], [2.471527, 6.36210585]]}, "properties": {"kind": "split_half", "winner": "Finagnon", "color": "#dd4f69", "length_m": 41.0}}, {"type": "Feature", "geometry": {"type": "LineString", "coordinates": [[2.471527, 6.36210585], [2.4715553, 6.361736]]}, "properties": {"kind": "split_half", "winner": "Donaten", "color": "#a84ed5", "length_m": 41.0}}, {"type": "Feature", "geometry": {"type": "LineString", "coordinates": [[2.4716015, 6.3640783], [2.47122335, 6.36404545]]}, "properties": {"kind": "split_half", "winner": "Finagnon", "color": "#dd4f69", "length_m": 42.0}}, {"type": "Feature", "geometry": {"type": "LineString", "coordinates": [[2.47122335, 6.36404545], [2.4708452, 6.3640126]]}, "properties": {"kind": "split_half", "winner": "Donaten", "color": "#a84ed5", "length_m": 42.0}}, {"type": "Feature", "geometry": {"type": "LineString", "coordinates": [[2.4716015, 6.3640783], [2.4716242, 6.3638487]]}, "properties": {"kind": "split_half", "winner": "Finagnon", "color": "#dd4f69", "length_m": 25.5}}, {"type": "Feature", "geometry": {"type": "LineString", "coordinates": [[2.4716242, 6.3638487], [2.4716469, 6.3636191]]}, "properties": {"kind": "split_half", "winner": "Donaten", "color": "#a84ed5", "length_m": 25.5}}, {"type": "Feature", "geometry": {"type": "LineString", "coordinates": [[2.4725487, 6.3636943], [2.4720978000000002, 6.3636567]]}, "properties": {"kind": "split_half", "winner": "Finagnon", "color": "#dd4f69", "length_m": 50.1}}, {"type": "Feature", "geometry": {"type": "LineString", "coordinates": [[2.4720978000000002, 6.3636567], [2.4716469, 6.3636191]]}, "properties": {"kind": "split_half", "winner": "Donaten", "color": "#a84ed5", "length_m": 50.1}}, {"type": "Feature", "geometry": {"type": "LineString", "coordinates": [[2.4784068, 6.3661909], [2.4784383124113005, 6.365834972963997]]}, "properties": {"kind": "split_half", "winner": "Finagnon", "color": "#dd4f69", "length_m": 39.5}}, {"type": "Feature", "geometry": {"type": "LineString", "coordinates": [[2.4784383124113005, 6.365834972963997], [2.478457, 6.3656239]]}, "properties": {"kind": "split_half", "winner": "Dandji", "color": "#c150dd", "length_m": 23.4}}, {"type": "Feature", "geometry": {"type": "LineString", "coordinates": [[2.4784068, 6.3661909], [2.4780466670862293, 6.366161624053847]]}, "properties": {"kind": "split_half", "winner": "Finagnon", "color": "#dd4f69", "length_m": 40.0}}, {"type": "Feature", "geometry": {"type": "LineString", "coordinates": [[2.4780466670862293, 6.366161624053847], [2.4769208, 6.3660701]]}, "properties": {"kind": "split_half", "winner": "Dandji", "color": "#c150dd", "length_m": 125.0}}, {"type": "Feature", "geometry": {"type": "LineString", "coordinates": [[2.4783377, 6.3667897], [2.477361019847772, 6.36671650931058]]}, "properties": {"kind": "split_half", "winner": "Finagnon", "color": "#dd4f69", "length_m": 108.4}}, {"type": "Feature", "geometry": {"type": "LineString", "coordinates": [[2.477361019847772, 6.36671650931058], [2.4768805, 6.3666805]]}, "properties": {"kind": "split_half", "winner": "Dandji", "color": "#c150dd", "length_m": 53.3}}, {"type": "Feature", "geometry": {"type": "LineString", "coordinates": [[2.4768229, 6.3673016], [2.476836545344022, 6.36715446244493]]}, "properties": {"kind": "split_half", "winner": "Finagnon", "color": "#dd4f69", "length_m": 16.3}}, {"type": "Feature", "geometry": {"type": "LineString", "coordinates": [[2.476836545344022, 6.36715446244493], [2.4768805, 6.3666805]]}, "properties": {"kind": "split_half", "winner": "Dandji", "color": "#c150dd", "length_m": 52.6}}, {"type": "Feature", "geometry": {"type": "LineString", "coordinates": [[2.4308221, 6.369709], [2.4306144788378297, 6.369990874346713]]}, "properties": {"kind": "split_half", "winner": "Jéricho-Sud", "color": "#3ed45a", "length_m": 38.7}}, {"type": "Feature", "geometry": {"type": "LineString", "coordinates": [[2.4306144788378297, 6.369990874346713], [2.4304902, 6.3701596]]}, "properties": {"kind": "split_half", "winner": "Nouveau-Pont", "color": "#dcc353", "length_m": 23.2}}, {"type": "Feature", "geometry": {"type": "LineString", "coordinates": [[2.4308221, 6.369709], [2.430052742343933, 6.369778571978294]]}, "properties": {"kind": "split_half", "winner": "Jéricho-Sud", "color": "#3ed45a", "length_m": 85.5}}, {"type": "Feature", "geometry": {"type": "LineString", "coordinates": [[2.430052742343933, 6.369778571978294], [2.4299706, 6.369786]]}, "properties": {"kind": "split_half", "winner": "Nouveau-Pont", "color": "#dcc353", "length_m": 9.1}}, {"type": "Feature", "geometry": {"type": "LineString", "coordinates": [[2.4230967, 6.3567683], [2.4229507271763953, 6.356804119385086]]}, "properties": {"kind": "split_half", "winner": "Gbèdiga-Guêdêhounguè", "color": "#abc93d", "length_m": 16.6}}, {"type": "Feature", "geometry": {"type": "LineString", "coordinates": [[2.4229507271763953, 6.356804119385086], [2.4223114, 6.356961]]}, "properties": {"kind": "split_half", "winner": "Zongo-Nima", "color": "#d440ad", "length_m": 72.8}}, {"type": "Feature", "geometry": {"type": "LineString", "coordinates": [[2.4229105, 6.3582409], [2.423052246212278, 6.358174579924813]]}, "properties": {"kind": "split_half", "winner": "Gbèdiga-Guêdêhounguè", "color": "#abc93d", "length_m": 17.3}}, {"type": "Feature", "geometry": {"type": "LineString", "coordinates": [[2.423052246212278, 6.358174579924813], [2.4234989, 6.3579656]]}, "properties": {"kind": "split_half", "winner": "Zongo-Nima", "color": "#d440ad", "length_m": 54.5}}, {"type": "Feature", "geometry": {"type": "LineString", "coordinates": [[2.4234989, 6.3579656], [2.4230033070620256, 6.357546338808009]]}, "properties": {"kind": "split_half", "winner": "Gbèdiga-Guêdêhounguè", "color": "#abc93d", "length_m": 71.8}}, {"type": "Feature", "geometry": {"type": "LineString", "coordinates": [[2.4230033070620256, 6.357546338808009], [2.4223114, 6.356961]]}, "properties": {"kind": "split_half", "winner": "Zongo-Nima", "color": "#d440ad", "length_m": 100.2}}, {"type": "Feature", "geometry": {"type": "LineString", "coordinates": [[2.4467797, 6.3681276], [2.4467790892435004, 6.367787932135312]]}, "properties": {"kind": "split_half", "winner": "Abokicodji-Centre", "color": "#d64a76", "length_m": 37.5}}, {"type": "Feature", "geometry": {"type": "LineString", "coordinates": [[2.4467790892435004, 6.367787932135312], [2.4467783, 6.367349]]}, "properties": {"kind": "split_half", "winner": "Gbèdjèwin", "color": "#46df9f", "length_m": 48.5}}, {"type": "Feature", "geometry": {"type": "LineString", "coordinates": [[2.4467797, 6.3681276], [2.446430339491513, 6.367808284963241]]}, "properties": {"kind": "split_half", "winner": "Abokicodji-Centre", "color": "#d64a76", "length_m": 52.3}}, {"type": "Feature", "geometry": {"type": "LineString", "coordinates": [[2.446430339491513, 6.367808284963241], [2.4460332, 6.3674453]]}, "properties": {"kind": "split_half", "winner": "Gbèdjèwin", "color": "#46df9f", "length_m": 59.5}}, {"type": "Feature", "geometry": {"type": "LineString", "coordinates": [[2.4481246, 6.3648589], [2.447599844417954, 6.364458303134483]]}, "properties": {"kind": "split_half", "winner": "Ohé", "color": "#d64d93", "length_m": 73.0}}, {"type": "Feature", "geometry": {"type": "LineString", "coordinates": [[2.447599844417954, 6.364458303134483], [2.4468482, 6.3638845]]}, "properties": {"kind": "split_half", "winner": "Abokicodji-Centre", "color": "#d64a76", "length_m": 104.6}}, {"type": "Feature", "geometry": {"type": "LineString", "coordinates": [[2.4468482, 6.3638845], [2.446856853462093, 6.364505499766516]]}, "properties": {"kind": "split_half", "winner": "Ohé", "color": "#d64d93", "length_m": 68.7}}, {"type": "Feature", "geometry": {"type": "LineString", "coordinates": [[2.446856853462093, 6.364505499766516], [2.4468596, 6.3647026]]}, "properties": {"kind": "split_half", "winner": "Abokicodji-Centre", "color": "#d64a76", "length_m": 21.8}}, {"type": "Feature", "geometry": {"type": "LineString", "coordinates": [[2.4468615, 6.3785087], [2.44652505, 6.3785083]]}, "properties": {"kind": "split_half", "winner": "Sègbèya-Sud", "color": "#42c8b0", "length_m": 37.2}}, {"type": "Feature", "geometry": {"type": "LineString", "coordinates": [[2.44652505, 6.3785083], [2.4461886, 6.3785079]]}, "properties": {"kind": "split_half", "winner": "Midombo", "color": "#50d9b9", "length_m": 37.2}}, {"type": "Feature", "geometry": {"type": "LineString", "coordinates": [[2.4468615, 6.3785087], [2.44685065, 6.37787685]]}, "properties": {"kind": "split_half", "winner": "Sègbèya-Sud", "color": "#42c8b0", "length_m": 69.9}}, {"type": "Feature", "geometry": {"type": "LineString", "coordinates": [[2.44685065, 6.37787685], [2.4468398, 6.377245]]}, "properties": {"kind": "split_half", "winner": "Midombo", "color": "#50d9b9", "length_m": 69.9}}, {"type": "Feature", "geometry": {"type": "LineString", "coordinates": [[2.4445983, 6.3791555], [2.4453984, 6.37916465]]}, "properties": {"kind": "split_half", "winner": "Sègbèya-Sud", "color": "#42c8b0", "length_m": 88.5}}, {"type": "Feature", "geometry": {"type": "LineString", "coordinates": [[2.4453984, 6.37916465], [2.4461985, 6.3791738]]}, "properties": {"kind": "split_half", "winner": "Midombo", "color": "#50d9b9", "length_m": 88.5}}, {"type": "Feature", "geometry": {"type": "LineString", "coordinates": [[2.4461985, 6.3791738], [2.4461935500000003, 6.37884085]]}, "properties": {"kind": "split_half", "winner": "Sègbèya-Sud", "color": "#42c8b0", "length_m": 36.8}}, {"type": "Feature", "geometry": {"type": "LineString", "coordinates": [[2.4461935500000003, 6.37884085], [2.4461886, 6.3785079]]}, "properties": {"kind": "split_half", "winner": "Midombo", "color": "#50d9b9", "length_m": 36.8}}, {"type": "Feature", "geometry": {"type": "LineString", "coordinates": [[2.4452502, 6.3798533], [2.44491605, 6.379850449999999]]}, "properties": {"kind": "split_half", "winner": "Sègbèya-Sud", "color": "#42c8b0", "length_m": 37.0}}, {"type": "Feature", "geometry": {"type": "LineString", "coordinates": [[2.44491605, 6.379850449999999], [2.4445819, 6.3798476]]}, "properties": {"kind": "split_half", "winner": "Midombo", "color": "#50d9b9", "length_m": 37.0}}, {"type": "Feature", "geometry": {"type": "LineString", "coordinates": [[2.44332, 6.3804375], [2.4439538, 6.38044075]]}, "properties": {"kind": "split_half", "winner": "Sègbèya-Sud", "color": "#42c8b0", "length_m": 70.1}}, {"type": "Feature", "geometry": {"type": "LineString", "coordinates": [[2.4439538, 6.38044075], [2.4445876, 6.380444]]}, "properties": {"kind": "split_half", "winner": "Midombo", "color": "#50d9b9", "length_m": 70.1}}, {"type": "Feature", "geometry": {"type": "LineString", "coordinates": [[2.44332, 6.3804375], [2.44331855, 6.38076735]]}, "properties": {"kind": "split_half", "winner": "Sègbèya-Sud", "color": "#42c8b0", "length_m": 36.5}}, {"type": "Feature", "geometry": {"type": "LineString", "coordinates": [[2.44331855, 6.38076735], [2.4433171, 6.3810972]]}, "properties": {"kind": "split_half", "winner": "Midombo", "color": "#50d9b9", "length_m": 36.5}}, {"type": "Feature", "geometry": {"type": "LineString", "coordinates": [[2.4445876, 6.380444], [2.44458475, 6.380145799999999]]}, "properties": {"kind": "split_half", "winner": "Sègbèya-Sud", "color": "#42c8b0", "length_m": 33.0}}, {"type": "Feature", "geometry": {"type": "LineString", "coordinates": [[2.44458475, 6.380145799999999], [2.4445819, 6.3798476]]}, "properties": {"kind": "split_half", "winner": "Midombo", "color": "#50d9b9", "length_m": 33.0}}, {"type": "Feature", "geometry": {"type": "LineString", "coordinates": [[2.4470273, 6.3891766], [2.4494326106405784, 6.3891675161395005]]}, "properties": {"kind": "split_half", "winner": "Minontchou", "color": "#d34580", "length_m": 266.1}}, {"type": "Feature", "geometry": {"type": "LineString", "coordinates": [[2.4494326106405784, 6.3891675161395005], [2.4495428, 6.3891671]]}, "properties": {"kind": "split_half", "winner": "Sègbèya-Nord", "color": "#c64b87", "length_m": 12.2}}, {"type": "Feature", "geometry": {"type": "LineString", "coordinates": [[2.4495428, 6.3891671], [2.449541561922187, 6.389057246824543]]}, "properties": {"kind": "split_half", "winner": "Minontchou", "color": "#d34580", "length_m": 12.1}}, {"type": "Feature", "geometry": {"type": "LineString", "coordinates": [[2.449541561922187, 6.389057246824543], [2.4495369, 6.3886436]]}, "properties": {"kind": "split_half", "winner": "Sègbèya-Nord", "color": "#c64b87", "length_m": 45.7}}, {"type": "Feature", "geometry": {"type": "LineString", "coordinates": [[2.4453153, 6.3901489], [2.44532085, 6.390701549999999]]}, "properties": {"kind": "split_half", "winner": "Agbodjèdo", "color": "#88d040", "length_m": 61.1}}, {"type": "Feature", "geometry": {"type": "LineString", "coordinates": [[2.44532085, 6.390701549999999], [2.4453264, 6.3912542]]}, "properties": {"kind": "split_half", "winner": "Sègbèya-Nord", "color": "#c64b87", "length_m": 61.1}}, {"type": "Feature", "geometry": {"type": "LineString", "coordinates": [[2.4453153, 6.3901489], [2.4456046000000002, 6.39018385]]}, "properties": {"kind": "split_half", "winner": "Agbodjèdo", "color": "#88d040", "length_m": 32.2}}, {"type": "Feature", "geometry": {"type": "LineString", "coordinates": [[2.4456046000000002, 6.39018385], [2.4458939, 6.3902188]]}, "properties": {"kind": "split_half", "winner": "Sègbèya-Nord", "color": "#c64b87", "length_m": 32.2}}, {"type": "Feature", "geometry": {"type": "LineString", "coordinates": [[2.3672131, 6.5355398], [2.367266637367293, 6.535674385407331]]}, "properties": {"kind": "split_half", "winner": "Glo-Tokpa", "color": "#6dc843", "length_m": 16.0}}, {"type": "Feature", "geometry": {"type": "LineString", "coordinates": [[2.367266637367293, 6.535674385407331], [2.3673069, 6.5357756]]}, "properties": {"kind": "split_half", "winner": "Agassa-Godomey", "color": "#7acc44", "length_m": 12.0}}, {"type": "Feature", "geometry": {"type": "LineString", "coordinates": [[2.3672131, 6.5355398], [2.3661664480730757, 6.535617650922255]]}, "properties": {"kind": "split_half", "winner": "Glo-Tokpa", "color": "#6dc843", "length_m": 116.1}}, {"type": "Feature", "geometry": {"type": "LineString", "coordinates": [[2.3661664480730757, 6.535617650922255], [2.3661026, 6.5356224]]}, "properties": {"kind": "split_half", "winner": "Agassa-Godomey", "color": "#7acc44", "length_m": 7.1}}, {"type": "Feature", "geometry": {"type": "LineString", "coordinates": [[2.3610225, 6.5707616], [2.36201625, 6.5706217]]}, "properties": {"kind": "split_half", "winner": "Kpodji-Les-Monts", "color": "#d83eb2", "length_m": 111.0}}, {"type": "Feature", "geometry": {"type": "LineString", "coordinates": [[2.36201625, 6.5706217], [2.36301, 6.5704818]]}, "properties": {"kind": "split_half", "winner": "Dokomè", "color": "#75d24e", "length_m": 111.0}}, {"type": "Feature", "geometry": {"type": "LineString", "coordinates": [[2.3610225, 6.5707616], [2.3610252, 6.57147305]]}, "properties": {"kind": "split_half", "winner": "Kpodji-Les-Monts", "color": "#d83eb2", "length_m": 78.6}}, {"type": "Feature", "geometry": {"type": "LineString", "coordinates": [[2.3610252, 6.57147305], [2.3610279, 6.5721845]]}, "properties": {"kind": "split_half", "winner": "Dokomè", "color": "#75d24e", "length_m": 78.6}}, {"type": "Feature", "geometry": {"type": "LineString", "coordinates": [[2.3287633, 6.4402697], [2.328773265264646, 6.440354130116212]]}, "properties": {"kind": "split_half", "winner": "Fifonsi\n", "color": "#c7b847", "length_m": 9.4}}, {"type": "Feature", "geometry": {"type": "LineString", "coordinates": [[2.328773265264646, 6.440354130116212], [2.3287887, 6.4404849]]}, "properties": {"kind": "split_half", "winner": "Alédjo\n", "color": "#cfc148", "length_m": 14.6}}, {"type": "Feature", "geometry": {"type": "LineString", "coordinates": [[2.3287633, 6.4402697], [2.328865496143375, 6.440265187880326]]}, "properties": {"kind": "split_half", "winner": "Fifonsi\n", "color": "#c7b847", "length_m": 11.3}}, {"type": "Feature", "geometry": {"type": "LineString", "coordinates": [[2.328865496143375, 6.440265187880326], [2.3293703, 6.4402429]]}, "properties": {"kind": "split_half", "winner": "Alédjo\n", "color": "#cfc148", "length_m": 55.9}}, {"type": "Feature", "geometry": {"type": "LineString", "coordinates": [[2.3276323, 6.4431724], [2.327997637160208, 6.443071585827404]]}, "properties": {"kind": "split_half", "winner": "Fifonsi\n", "color": "#c7b847", "length_m": 41.9}}, {"type": "Feature", "geometry": {"type": "LineString", "coordinates": [[2.327997637160208, 6.443071585827404], [2.3281121, 6.44304]]}, "properties": {"kind": "split_half", "winner": "Alédjo\n", "color": "#cfc148", "length_m": 13.1}}, {"type": "Feature", "geometry": {"type": "LineString", "coordinates": [[2.3281121, 6.44304], [2.3281266159049907, 6.442968889010181]]}, "properties": {"kind": "split_half", "winner": "Fifonsi\n", "color": "#c7b847", "length_m": 8.0}}, {"type": "Feature", "geometry": {"type": "LineString", "coordinates": [[2.3281266159049907, 6.442968889010181], [2.3282406, 6.4424105]]}, "properties": {"kind": "split_half", "winner": "Alédjo\n", "color": "#cfc148", "length_m": 63.0}}, {"type": "Feature", "geometry": {"type": "LineString", "coordinates": [[2.340893, 6.4436544], [2.341223755383885, 6.44370412173912]]}, "properties": {"kind": "split_half", "winner": "Finafa\n", "color": "#84cb46", "length_m": 37.0}}, {"type": "Feature", "geometry": {"type": "LineString", "coordinates": [[2.341223755383885, 6.44370412173912], [2.3421589, 6.4438447]]}, "properties": {"kind": "split_half", "winner": "Alédjo\n", "color": "#cfc148", "length_m": 104.6}}, {"type": "Feature", "geometry": {"type": "LineString", "coordinates": [[2.340893, 6.4436544], [2.3409262031078324, 6.443303331618537]]}, "properties": {"kind": "split_half", "winner": "Finafa\n", "color": "#84cb46", "length_m": 39.0}}, {"type": "Feature", "geometry": {"type": "LineString", "coordinates": [[2.3409262031078324, 6.443303331618537], [2.3409448, 6.4431067]]}, "properties": {"kind": "split_half", "winner": "Alédjo\n", "color": "#cfc148", "length_m": 21.8}}, {"type": "Feature", "geometry": {"type": "LineString", "coordinates": [[2.3480009, 6.4474174], [2.347690102962966, 6.447414577723258]]}, "properties": {"kind": "split_half", "winner": "Agori", "color": "#c644d0", "length_m": 34.4}}, {"type": "Feature", "geometry": {"type": "LineString", "coordinates": [[2.347690102962966, 6.447414577723258], [2.3473732, 6.4474117]]}, "properties": {"kind": "split_half", "winner": "Finafa\n", "color": "#84cb46", "length_m": 35.1}}, {"type": "Feature", "geometry": {"type": "LineString", "coordinates": [[2.3480009, 6.4474174], [2.3479641310522092, 6.447086127613923]]}, "properties": {"kind": "split_half", "winner": "Agori", "color": "#c644d0", "length_m": 36.8}}, {"type": "Feature", "geometry": {"type": "LineString", "coordinates": [[2.3479641310522092, 6.447086127613923], [2.3479173, 6.4466642]]}, "properties": {"kind": "split_half", "winner": "Finafa\n", "color": "#84cb46", "length_m": 46.9}}, {"type": "Feature", "geometry": {"type": "LineString", "coordinates": [[2.349715, 6.4459476], [2.3497722180643934, 6.445756861819704]]}, "properties": {"kind": "split_half", "winner": "Agori", "color": "#c644d0", "length_m": 22.0}}, {"type": "Feature", "geometry": {"type": "LineString", "coordinates": [[2.3497722180643934, 6.445756861819704], [2.3498838, 6.4453849]]}, "properties": {"kind": "split_half", "winner": "Finafa\n", "color": "#84cb46", "length_m": 42.9}}, {"type": "Feature", "geometry": {"type": "LineString", "coordinates": [[2.349715, 6.4459476], [2.3497650135748565, 6.445967195864716]]}, "properties": {"kind": "split_half", "winner": "Agori", "color": "#c644d0", "length_m": 5.9}}, {"type": "Feature", "geometry": {"type": "LineString", "coordinates": [[2.3497650135748565, 6.445967195864716], [2.3503158, 6.446183]]}, "properties": {"kind": "split_half", "winner": "Finafa\n", "color": "#84cb46", "length_m": 65.4}}, {"type": "Feature", "geometry": {"type": "LineString", "coordinates": [[2.3498838, 6.4453849], [2.349883291921289, 6.4452155065577585]]}, "properties": {"kind": "split_half", "winner": "Agori", "color": "#c644d0", "length_m": 18.7}}, {"type": "Feature", "geometry": {"type": "LineString", "coordinates": [[2.349883291921289, 6.4452155065577585], [2.3498823, 6.4448848]]}, "properties": {"kind": "split_half", "winner": "Finafa\n", "color": "#84cb46", "length_m": 36.6}}, {"type": "Feature", "geometry": {"type": "LineString", "coordinates": [[2.3498823, 6.4448848], [2.3500867832262085, 6.44488552811054]]}, "properties": {"kind": "split_half", "winner": "Agori", "color": "#c644d0", "length_m": 22.6}}, {"type": "Feature", "geometry": {"type": "LineString", "coordinates": [[2.3500867832262085, 6.44488552811054], [2.351118, 6.4448892]]}, "properties": {"kind": "split_half", "winner": "Finafa\n", "color": "#84cb46", "length_m": 114.1}}, {"type": "Feature", "geometry": {"type": "LineString", "coordinates": [[2.3495414, 6.4471837], [2.349498929511278, 6.446936613939642]]}, "properties": {"kind": "split_half", "winner": "Agori", "color": "#c644d0", "length_m": 27.7}}, {"type": "Feature", "geometry": {"type": "LineString", "coordinates": [[2.349498929511278, 6.446936613939642], [2.349464, 6.4467334]]}, "properties": {"kind": "split_half", "winner": "Finafa\n", "color": "#84cb46", "length_m": 22.8}}, {"type": "Feature", "geometry": {"type": "LineString", "coordinates": [[2.350211, 6.4466255], [2.3495155002166115, 6.446725961079823]]}, "properties": {"kind": "split_half", "winner": "Agori", "color": "#c644d0", "length_m": 77.7}}, {"type": "Feature", "geometry": {"type": "LineString", "coordinates": [[2.3495155002166115, 6.446725961079823], [2.349464, 6.4467334]]}, "properties": {"kind": "split_half", "winner": "Finafa\n", "color": "#84cb46", "length_m": 5.8}}, {"type": "Feature", "geometry": {"type": "LineString", "coordinates": [[2.3511346, 6.4432953], [2.3511204130347827, 6.443201106835315]]}, "properties": {"kind": "split_half", "winner": "Agori", "color": "#c644d0", "length_m": 10.5}}, {"type": "Feature", "geometry": {"type": "LineString", "coordinates": [[2.3511204130347827, 6.443201106835315], [2.3510661, 6.4428405]]}, "properties": {"kind": "split_half", "winner": "Finafa\n", "color": "#84cb46", "length_m": 40.3}}, {"type": "Feature", "geometry": {"type": "LineString", "coordinates": [[2.3510661, 6.4428405], [2.3513876061449084, 6.4428617602907385]]}, "properties": {"kind": "split_half", "winner": "Agori", "color": "#c644d0", "length_m": 35.6}}, {"type": "Feature", "geometry": {"type": "LineString", "coordinates": [[2.3513876061449084, 6.4428617602907385], [2.3519311, 6.4428977]]}, "properties": {"kind": "split_half", "winner": "Finafa\n", "color": "#84cb46", "length_m": 60.3}}, {"type": "Feature", "geometry": {"type": "LineString", "coordinates": [[2.3375291, 6.4400224], [2.3373604137785544, 6.4391334145923285]]}, "properties": {"kind": "split_half", "winner": "Tchinangbégbo\n", "color": "#ca714a", "length_m": 100.0}}, {"type": "Feature", "geometry": {"type": "LineString", "coordinates": [[2.3373604137785544, 6.4391334145923285], [2.3373421, 6.4390369]]}, "properties": {"kind": "split_half", "winner": "Alédjo\n", "color": "#cfc148", "length_m": 10.9}}, {"type": "Feature", "geometry": {"type": "LineString", "coordinates": [[2.3373421, 6.4390369], [2.3373030545989812, 6.439041808887122]]}, "properties": {"kind": "split_half", "winner": "Tchinangbégbo\n", "color": "#ca714a", "length_m": 4.4}}, {"type": "Feature", "geometry": {"type": "LineString", "coordinates": [[2.3373030545989812, 6.439041808887122], [2.3372729, 6.4390456]]}, "properties": {"kind": "split_half", "winner": "Alédjo\n", "color": "#cfc148", "length_m": 3.4}}, {"type": "Feature", "geometry": {"type": "LineString", "coordinates": [[2.3378566, 6.4393248], [2.3380727079459387, 6.43981733844657]]}, "properties": {"kind": "split_half", "winner": "Tchinangbégbo\n", "color": "#ca714a", "length_m": 59.5}}, {"type": "Feature", "geometry": {"type": "LineString", "coordinates": [[2.3380727079459387, 6.43981733844657], [2.3380823, 6.4398392]]}, "properties": {"kind": "split_half", "winner": "Alédjo\n", "color": "#cfc148", "length_m": 2.6}}, {"type": "Feature", "geometry": {"type": "LineString", "coordinates": [[2.3380823, 6.4398392], [2.338099778945622, 6.439813738491269]]}, "properties": {"kind": "split_half", "winner": "Tchinangbégbo\n", "color": "#ca714a", "length_m": 3.4}}, {"type": "Feature", "geometry": {"type": "LineString", "coordinates": [[2.338099778945622, 6.439813738491269], [2.3383444, 6.4394574]]}, "properties": {"kind": "split_half", "winner": "Alédjo\n", "color": "#cfc148", "length_m": 47.8}}, {"type": "Feature", "geometry": {"type": "LineString", "coordinates": [[2.3313895, 6.4370418], [2.3313941363599797, 6.437039705954691]]}, "properties": {"kind": "split_half", "winner": "Tchinangbégbo\n", "color": "#ca714a", "length_m": 0.6}}, {"type": "Feature", "geometry": {"type": "LineString", "coordinates": [[2.3313941363599797, 6.437039705954691], [2.3318994, 6.4368115]]}, "properties": {"kind": "split_half", "winner": "Alédjo\n", "color": "#cfc148", "length_m": 61.3}}, {"type": "Feature", "geometry": {"type": "LineString", "coordinates": [[2.3318994, 6.4368115], [2.3319263118211735, 6.436947058334938]]}, "properties": {"kind": "split_half", "winner": "Tchinangbégbo\n", "color": "#ca714a", "length_m": 15.3}}, {"type": "Feature", "geometry": {"type": "LineString", "coordinates": [[2.3319263118211735, 6.436947058334938], [2.3321391, 6.4380189]]}, "properties": {"kind": "split_half", "winner": "Alédjo\n", "color": "#cfc148", "length_m": 120.8}}, {"type": "Feature", "geometry": {"type": "LineString", "coordinates": [[2.3335787, 6.4370975], [2.333633909077594, 6.437251051777923]]}, "properties": {"kind": "split_half", "winner": "Tchinangbégbo\n", "color": "#ca714a", "length_m": 18.0}}, {"type": "Feature", "geometry": {"type": "LineString", "coordinates": [[2.333633909077594, 6.437251051777923], [2.3338041, 6.4377244]]}, "properties": {"kind": "split_half", "winner": "Alédjo\n", "color": "#cfc148", "length_m": 55.6}}, {"type": "Feature", "geometry": {"type": "LineString", "coordinates": [[2.3338041, 6.4377244], [2.334315451284234, 6.437872242996193]]}, "properties": {"kind": "split_half", "winner": "Tchinangbégbo\n", "color": "#ca714a", "length_m": 58.9}}, {"type": "Feature", "geometry": {"type": "LineString", "coordinates": [[2.334315451284234, 6.437872242996193], [2.3362522, 6.4384322]]}, "properties": {"kind": "split_half", "winner": "Alédjo\n", "color": "#cfc148", "length_m": 223.0}}, {"type": "Feature", "geometry": {"type": "LineString", "coordinates": [[2.3361739, 6.4479896], [2.3361848533218015, 6.448030858678607]]}, "properties": {"kind": "split_half", "winner": "Aïtchédji\n", "color": "#d86d3e", "length_m": 4.7}}, {"type": "Feature", "geometry": {"type": "LineString", "coordinates": [[2.3361848533218015, 6.448030858678607], [2.3362052, 6.4481075]]}, "properties": {"kind": "split_half", "winner": "Alédjo\n", "color": "#cfc148", "length_m": 8.8}}, {"type": "Feature", "geometry": {"type": "LineString", "coordinates": [[2.3362052, 6.4481075], [2.33596654431225, 6.448117161736539]]}, "properties": {"kind": "split_half", "winner": "Aïtchédji\n", "color": "#d86d3e", "length_m": 26.4}}, {"type": "Feature", "geometry": {"type": "LineString", "coordinates": [[2.33596654431225, 6.448117161736539], [2.3353209, 6.4481433]]}, "properties": {"kind": "split_half", "winner": "Alédjo\n", "color": "#cfc148", "length_m": 71.5}}, {"type": "Feature", "geometry": {"type": "LineString", "coordinates": [[2.3395678, 6.4474158], [2.3396202718950607, 6.4471861710851925]]}, "properties": {"kind": "split_half", "winner": "Aïtchédji\n", "color": "#d86d3e", "length_m": 26.0}}, {"type": "Feature", "geometry": {"type": "LineString", "coordinates": [[2.3396202718950607, 6.4471861710851925], [2.3396595, 6.4470145]]}, "properties": {"kind": "split_half", "winner": "Alédjo\n", "color": "#cfc148", "length_m": 19.5}}, {"type": "Feature", "geometry": {"type": "LineString", "coordinates": [[2.3395678, 6.4474158], [2.339324102509362, 6.4473857449066525]]}, "properties": {"kind": "split_half", "winner": "Aïtchédji\n", "color": "#d86d3e", "length_m": 27.2}}, {"type": "Feature", "geometry": {"type": "LineString", "coordinates": [[2.339324102509362, 6.4473857449066525], [2.339044, 6.4473512]]}, "properties": {"kind": "split_half", "winner": "Alédjo\n", "color": "#cfc148", "length_m": 31.2}}, {"type": "Feature", "geometry": {"type": "LineString", "coordinates": [[2.339044, 6.4473512], [2.3390159638437904, 6.447645579640201]]}, "properties": {"kind": "split_half", "winner": "Aïtchédji\n", "color": "#d86d3e", "length_m": 32.7}}, {"type": "Feature", "geometry": {"type": "LineString", "coordinates": [[2.3390159638437904, 6.447645579640201], [2.3389766, 6.4480589]]}, "properties": {"kind": "split_half", "winner": "Alédjo\n", "color": "#cfc148", "length_m": 45.9}}, {"type": "Feature", "geometry": {"type": "LineString", "coordinates": [[2.333782, 6.4487484], [2.3337632695136867, 6.448935828090014]]}, "properties": {"kind": "split_half", "winner": "Aïtchédji\n", "color": "#d86d3e", "length_m": 20.8}}, {"type": "Feature", "geometry": {"type": "LineString", "coordinates": [[2.3337632695136867, 6.448935828090014], [2.3337516, 6.4490526]]}, "properties": {"kind": "split_half", "winner": "Alédjo\n", "color": "#cfc148", "length_m": 13.0}}, {"type": "Feature", "geometry": {"type": "LineString", "coordinates": [[2.3337516, 6.4490526], [2.333579757109045, 6.449035765154819]]}, "properties": {"kind": "split_half", "winner": "Aïtchédji\n", "color": "#d86d3e", "length_m": 19.1}}, {"type": "Feature", "geometry": {"type": "LineString", "coordinates": [[2.333579757109045, 6.449035765154819], [2.3329697, 6.448976]]}, "properties": {"kind": "split_half", "winner": "Alédjo\n", "color": "#cfc148", "length_m": 67.8}}, {"type": "Feature", "geometry": {"type": "LineString", "coordinates": [[2.3440228, 6.4126535], [2.3439997484547446, 6.412570139372342]]}, "properties": {"kind": "split_half", "winner": "Agonkanmey\n", "color": "#3bd541", "length_m": 9.6}}, {"type": "Feature", "geometry": {"type": "LineString", "coordinates": [[2.3439997484547446, 6.412570139372342], [2.3438839, 6.4121512]]}, "properties": {"kind": "split_half", "winner": "Sèdomey", "color": "#dc4045", "length_m": 48.1}}, {"type": "Feature", "geometry": {"type": "LineString", "coordinates": [[2.3438839, 6.4121512], [2.343693851338237, 6.41216209499797]]}, "properties": {"kind": "split_half", "winner": "Agonkanmey\n", "color": "#3bd541", "length_m": 21.1}}, {"type": "Feature", "geometry": {"type": "LineString", "coordinates": [[2.343693851338237, 6.41216209499797], [2.3433885, 6.4121796]]}, "properties": {"kind": "split_half", "winner": "Sèdomey", "color": "#dc4045", "length_m": 33.8}}, {"type": "Feature", "geometry": {"type": "LineString", "coordinates": [[2.3198881, 6.4114111], [2.3199492905296784, 6.411177418858616]]}, "properties": {"kind": "split_half", "winner": "Assrossa\n", "color": "#ce953a", "length_m": 26.7}}, {"type": "Feature", "geometry": {"type": "LineString", "coordinates": [[2.3199492905296784, 6.411177418858616], [2.3199505, 6.4111728]]}, "properties": {"kind": "split_half", "winner": "Yénandjro\n", "color": "#8acd3e", "length_m": 0.5}}, {"type": "Feature", "geometry": {"type": "LineString", "coordinates": [[2.3199505, 6.4111728], [2.319946703655195, 6.411169542521358]]}, "properties": {"kind": "split_half", "winner": "Assrossa\n", "color": "#ce953a", "length_m": 0.6}}, {"type": "Feature", "geometry": {"type": "LineString", "coordinates": [[2.319946703655195, 6.411169542521358], [2.319544, 6.410824]]}, "properties": {"kind": "split_half", "winner": "Yénandjro\n", "color": "#8acd3e", "length_m": 58.7}}, {"type": "Feature", "geometry": {"type": "LineString", "coordinates": [[2.319544, 6.410824], [2.319998685369211, 6.410601579514893]]}, "properties": {"kind": "split_half", "winner": "Assrossa\n", "color": "#ce953a", "length_m": 56.0}}, {"type": "Feature", "geometry": {"type": "LineString", "coordinates": [[2.319998685369211, 6.410601579514893], [2.3205555, 6.4103292]]}, "properties": {"kind": "split_half", "winner": "Yénandjro\n", "color": "#8acd3e", "length_m": 68.6}}, {"type": "Feature", "geometry": {"type": "LineString", "coordinates": [[2.3167092, 6.4132654], [2.3168219958738527, 6.413501193667506]]}, "properties": {"kind": "split_half", "winner": "Alègléta", "color": "#52ddac", "length_m": 28.9}}, {"type": "Feature", "geometry": {"type": "LineString", "coordinates": [[2.3168219958738527, 6.413501193667506], [2.3169447, 6.4137577]]}, "properties": {"kind": "split_half", "winner": "Yénandjro\n", "color": "#8acd3e", "length_m": 31.4}}, {"type": "Feature", "geometry": {"type": "LineString", "coordinates": [[2.3164661, 6.4139516], [2.316517015999718, 6.4139309718923]]}, "properties": {"kind": "split_half", "winner": "Alègléta", "color": "#52ddac", "length_m": 6.1}}, {"type": "Feature", "geometry": {"type": "LineString", "coordinates": [[2.316517015999718, 6.4139309718923], [2.3169447, 6.4137577]]}, "properties": {"kind": "split_half", "winner": "Yénandjro\n", "color": "#8acd3e", "length_m": 51.0}}, {"type": "Feature", "geometry": {"type": "LineString", "coordinates": [[2.3164661, 6.4139516], [2.3164852450893547, 6.413987337500129]]}, "properties": {"kind": "split_half", "winner": "Alègléta", "color": "#52ddac", "length_m": 4.5}}, {"type": "Feature", "geometry": {"type": "LineString", "coordinates": [[2.3164852450893547, 6.413987337500129], [2.3166101, 6.4142204]]}, "properties": {"kind": "split_half", "winner": "Yénandjro\n", "color": "#8acd3e", "length_m": 29.2}}, {"type": "Feature", "geometry": {"type": "LineString", "coordinates": [[2.321667, 6.4120973], [2.321737490322607, 6.4119299615743985]]}, "properties": {"kind": "split_half", "winner": "Assrossa\n", "color": "#ce953a", "length_m": 20.1}}, {"type": "Feature", "geometry": {"type": "LineString", "coordinates": [[2.321737490322607, 6.4119299615743985], [2.3218986, 6.4115475]]}, "properties": {"kind": "split_half", "winner": "Alègléta", "color": "#52ddac", "length_m": 45.9}}, {"type": "Feature", "geometry": {"type": "LineString", "coordinates": [[2.321667, 6.4120973], [2.32184381398946, 6.412164848099514]]}, "properties": {"kind": "split_half", "winner": "Assrossa\n", "color": "#ce953a", "length_m": 20.9}}, {"type": "Feature", "geometry": {"type": "LineString", "coordinates": [[2.32184381398946, 6.412164848099514], [2.3230114, 6.4126109]]}, "properties": {"kind": "split_half", "winner": "Alègléta", "color": "#52ddac", "length_m": 138.3}}, {"type": "Feature", "geometry": {"type": "LineString", "coordinates": [[2.3229992, 6.4140583], [2.3230341841319744, 6.41397438817987]]}, "properties": {"kind": "split_half", "winner": "Assrossa\n", "color": "#ce953a", "length_m": 10.1}}, {"type": "Feature", "geometry": {"type": "LineString", "coordinates": [[2.3230341841319744, 6.41397438817987], [2.3231249, 6.4137568]]}, "properties": {"kind": "split_half", "winner": "Alègléta", "color": "#52ddac", "length_m": 26.1}}, {"type": "Feature", "geometry": {"type": "LineString", "coordinates": [[2.3231249, 6.4137568], [2.3228412863983157, 6.4136527935434025]]}, "properties": {"kind": "split_half", "winner": "Assrossa\n", "color": "#ce953a", "length_m": 33.4}}, {"type": "Feature", "geometry": {"type": "LineString", "coordinates": [[2.3228412863983157, 6.4136527935434025], [2.3212728, 6.4130776]]}, "properties": {"kind": "split_half", "winner": "Alègléta", "color": "#52ddac", "length_m": 184.8}}, {"type": "Feature", "geometry": {"type": "LineString", "coordinates": [[2.3129537, 6.4145803], [2.312850622302853, 6.414197601590515]]}, "properties": {"kind": "split_half", "winner": "Tankpè-Togoudo", "color": "#76db47", "length_m": 43.8}}, {"type": "Feature", "geometry": {"type": "LineString", "coordinates": [[2.312850622302853, 6.414197601590515], [2.3127988, 6.4140052]]}, "properties": {"kind": "split_half", "winner": "Yénandjro\n", "color": "#8acd3e", "length_m": 22.0}}, {"type": "Feature", "geometry": {"type": "LineString", "coordinates": [[2.3127988, 6.4140052], [2.3126402946128963, 6.414148405451183]]}, "properties": {"kind": "split_half", "winner": "Tankpè-Togoudo", "color": "#76db47", "length_m": 23.6}}, {"type": "Feature", "geometry": {"type": "LineString", "coordinates": [[2.3126402946128963, 6.414148405451183], [2.3124735, 6.4142991]]}, "properties": {"kind": "split_half", "winner": "Yénandjro\n", "color": "#8acd3e", "length_m": 24.9}}, {"type": "Feature", "geometry": {"type": "LineString", "coordinates": [[2.3143099, 6.4145605], [2.314146247427732, 6.414408192621913]]}, "properties": {"kind": "split_half", "winner": "Tankpè-Togoudo", "color": "#76db47", "length_m": 24.7}}, {"type": "Feature", "geometry": {"type": "LineString", "coordinates": [[2.314146247427732, 6.414408192621913], [2.3140892, 6.4143551]]}, "properties": {"kind": "split_half", "winner": "Yénandjro\n", "color": "#8acd3e", "length_m": 8.6}}, {"type": "Feature", "geometry": {"type": "LineString", "coordinates": [[2.3143099, 6.4145605], [2.3143357686062935, 6.414530628685946]]}, "properties": {"kind": "split_half", "winner": "Tankpè-Togoudo", "color": "#76db47", "length_m": 4.4}}, {"type": "Feature", "geometry": {"type": "LineString", "coordinates": [[2.3143357686062935, 6.414530628685946], [2.3146311, 6.4141896]]}, "properties": {"kind": "split_half", "winner": "Yénandjro\n", "color": "#8acd3e", "length_m": 49.9}}, {"type": "Feature", "geometry": {"type": "LineString", "coordinates": [[2.3140892, 6.4143551], [2.3140818744619343, 6.414365514620383]]}, "properties": {"kind": "split_half", "winner": "Tankpè-Togoudo", "color": "#76db47", "length_m": 1.4}}, {"type": "Feature", "geometry": {"type": "LineString", "coordinates": [[2.3140818744619343, 6.414365514620383], [2.3139149, 6.4146029]]}, "properties": {"kind": "split_half", "winner": "Yénandjro\n", "color": "#8acd3e", "length_m": 32.1}}, {"type": "Feature", "geometry": {"type": "LineString", "coordinates": [[2.3180649, 6.4074171], [2.3180717732148652, 6.407642565994779]]}, "properties": {"kind": "split_half", "winner": "Gbègnigan-Midokpo\n", "color": "#c89743", "length_m": 24.9}}, {"type": "Feature", "geometry": {"type": "LineString", "coordinates": [[2.3180717732148652, 6.407642565994779], [2.3180761, 6.4077845]]}, "properties": {"kind": "split_half", "winner": "Yénandjro\n", "color": "#8acd3e", "length_m": 15.7}}, {"type": "Feature", "geometry": {"type": "LineString", "coordinates": [[2.3180761, 6.4077845], [2.31822516336703, 6.40769086041219]]}, "properties": {"kind": "split_half", "winner": "Gbègnigan-Midokpo\n", "color": "#c89743", "length_m": 19.5}}, {"type": "Feature", "geometry": {"type": "LineString", "coordinates": [[2.31822516336703, 6.40769086041219], [2.3188999, 6.407267]]}, "properties": {"kind": "split_half", "winner": "Yénandjro\n", "color": "#8acd3e", "length_m": 88.1}}, {"type": "Feature", "geometry": {"type": "LineString", "coordinates": [[2.3385657, 6.4066173], [2.338371215981864, 6.406250116398553]]}, "properties": {"kind": "split_half", "winner": "Djoukpa-Togoudo\n", "color": "#3dd1c5", "length_m": 45.9}}, {"type": "Feature", "geometry": {"type": "LineString", "coordinates": [[2.338371215981864, 6.406250116398553], [2.3383559, 6.4062212]]}, "properties": {"kind": "split_half", "winner": "Agonkanmey\n", "color": "#3bd541", "length_m": 3.6}}, {"type": "Feature", "geometry": {"type": "LineString", "coordinates": [[2.3383559, 6.4062212], [2.3382977281776602, 6.406264415838121]]}, "properties": {"kind": "split_half", "winner": "Djoukpa-Togoudo\n", "color": "#3dd1c5", "length_m": 8.0}}, {"type": "Feature", "geometry": {"type": "LineString", "coordinates": [[2.3382977281776602, 6.406264415838121], [2.3380883, 6.40642]]}, "properties": {"kind": "split_half", "winner": "Agonkanmey\n", "color": "#3bd541", "length_m": 28.9}}, {"type": "Feature", "geometry": {"type": "LineString", "coordinates": [[2.3248851, 6.4055481], [2.324922939296057, 6.40551381973087]]}, "properties": {"kind": "split_half", "winner": "Hounsa-Agbodokpa\n", "color": "#46cb65", "length_m": 5.6}}, {"type": "Feature", "geometry": {"type": "LineString", "coordinates": [[2.324922939296057, 6.40551381973087], [2.3252115, 6.4052524]]}, "properties": {"kind": "split_half", "winner": "Assrossa\n", "color": "#ce953a", "length_m": 43.1}}, {"type": "Feature", "geometry": {"type": "LineString", "coordinates": [[2.3252115, 6.4052524], [2.325460166182817, 6.405545226415028]]}, "properties": {"kind": "split_half", "winner": "Hounsa-Agbodokpa\n", "color": "#46cb65", "length_m": 42.5}}, {"type": "Feature", "geometry": {"type": "LineString", "coordinates": [[2.325460166182817, 6.405545226415028], [2.326385, 6.4066343]]}, "properties": {"kind": "split_half", "winner": "Assrossa\n", "color": "#ce953a", "length_m": 158.0}}, {"type": "Feature", "geometry": {"type": "LineString", "coordinates": [[2.3283457, 6.405398], [2.328195598697348, 6.405503296586716]]}, "properties": {"kind": "split_half", "winner": "Hounsa-Agbodokpa\n", "color": "#46cb65", "length_m": 20.3}}, {"type": "Feature", "geometry": {"type": "LineString", "coordinates": [[2.328195598697348, 6.405503296586716], [2.3275276, 6.4059719]]}, "properties": {"kind": "split_half", "winner": "Assrossa\n", "color": "#ce953a", "length_m": 90.2}}, {"type": "Feature", "geometry": {"type": "LineString", "coordinates": [[2.3275276, 6.4059719], [2.3272028061453818, 6.405641844825811]]}, "properties": {"kind": "split_half", "winner": "Hounsa-Agbodokpa\n", "color": "#46cb65", "length_m": 51.2}}, {"type": "Feature", "geometry": {"type": "LineString", "coordinates": [[2.3272028061453818, 6.405641844825811], [2.3270893, 6.4055265]]}, "properties": {"kind": "split_half", "winner": "Assrossa\n", "color": "#ce953a", "length_m": 17.9}}, {"type": "Feature", "geometry": {"type": "LineString", "coordinates": [[2.3270893, 6.4055265], [2.326846391843838, 6.405692729456154]]}, "properties": {"kind": "split_half", "winner": "Hounsa-Agbodokpa\n", "color": "#46cb65", "length_m": 32.6}}, {"type": "Feature", "geometry": {"type": "LineString", "coordinates": [[2.326846391843838, 6.405692729456154], [2.3265628, 6.4058868]]}, "properties": {"kind": "split_half", "winner": "Assrossa\n", "color": "#ce953a", "length_m": 38.0}}, {"type": "Feature", "geometry": {"type": "LineString", "coordinates": [[2.3265628, 6.4058868], [2.32643432278186, 6.405706923306554]]}, "properties": {"kind": "split_half", "winner": "Hounsa-Agbodokpa\n", "color": "#46cb65", "length_m": 24.4}}, {"type": "Feature", "geometry": {"type": "LineString", "coordinates": [[2.32643432278186, 6.405706923306554], [2.3262636, 6.4054679]]}, "properties": {"kind": "split_half", "winner": "Assrossa\n", "color": "#ce953a", "length_m": 32.5}}, {"type": "Feature", "geometry": {"type": "LineString", "coordinates": [[2.3306385, 6.4053465], [2.330060729085977, 6.405895936931467]]}, "properties": {"kind": "split_half", "winner": "Hounsa-Agbodokpa\n", "color": "#46cb65", "length_m": 88.2}}, {"type": "Feature", "geometry": {"type": "LineString", "coordinates": [[2.330060729085977, 6.405895936931467], [2.3300186, 6.405936]]}, "properties": {"kind": "split_half", "winner": "Assrossa\n", "color": "#ce953a", "length_m": 6.4}}, {"type": "Feature", "geometry": {"type": "LineString", "coordinates": [[2.3295347, 6.4052243], [2.3299875327293176, 6.405890307550021]]}, "properties": {"kind": "split_half", "winner": "Hounsa-Agbodokpa\n", "color": "#46cb65", "length_m": 89.0}}, {"type": "Feature", "geometry": {"type": "LineString", "coordinates": [[2.3299875327293176, 6.405890307550021], [2.3300186, 6.405936]]}, "properties": {"kind": "split_half", "winner": "Assrossa\n", "color": "#ce953a", "length_m": 6.1}}, {"type": "Feature", "geometry": {"type": "LineString", "coordinates": [[2.4041795, 6.3731753], [2.4050674499999998, 6.373856999999999]]}, "properties": {"kind": "split_half", "winner": "Agontinkon", "color": "#db5a43", "length_m": 123.8}}, {"type": "Feature", "geometry": {"type": "LineString", "coordinates": [[2.4050674499999998, 6.373856999999999], [2.4059554, 6.3745387]]}, "properties": {"kind": "split_half", "winner": "Vodjè-Ayidoté", "color": "#9fdb46", "length_m": 123.8}}, {"type": "Feature", "geometry": {"type": "LineString", "coordinates": [[2.4059554, 6.3745387], [2.40619605, 6.374372449999999]]}, "properties": {"kind": "split_half", "winner": "Agontinkon", "color": "#db5a43", "length_m": 32.3}}, {"type": "Feature", "geometry": {"type": "LineString", "coordinates": [[2.40619605, 6.374372449999999], [2.4064367, 6.3742062]]}, "properties": {"kind": "split_half", "winner": "Vodjè-Ayidoté", "color": "#9fdb46", "length_m": 32.3}}, {"type": "Feature", "geometry": {"type": "LineString", "coordinates": [[2.376709, 6.3934435], [2.376734844251383, 6.394762676427088]]}, "properties": {"kind": "split_half", "winner": "Zogbohouè", "color": "#d3455f", "length_m": 145.8}}, {"type": "Feature", "geometry": {"type": "LineString", "coordinates": [[2.376734844251383, 6.394762676427088], [2.3767367, 6.3948574]]}, "properties": {"kind": "split_half", "winner": "Mènontin", "color": "#93d64b", "length_m": 10.5}}, {"type": "Feature", "geometry": {"type": "LineString", "coordinates": [[2.3767367, 6.3948574], [2.3768284452243695, 6.3948616130853715]]}, "properties": {"kind": "split_half", "winner": "Zogbohouè", "color": "#d3455f", "length_m": 10.2}}, {"type": "Feature", "geometry": {"type": "LineString", "coordinates": [[2.3768284452243695, 6.3948616130853715], [2.3772136, 6.3948793]]}, "properties": {"kind": "split_half", "winner": "Mènontin", "color": "#93d64b", "length_m": 42.7}}, {"type": "Feature", "geometry": {"type": "LineString", "coordinates": [[2.3732141, 6.3860788], [2.3734442, 6.3859408]]}, "properties": {"kind": "split_half", "winner": "Kouhounou", "color": "#dcca40", "length_m": 29.7}}, {"type": "Feature", "geometry": {"type": "LineString", "coordinates": [[2.3734442, 6.3859408], [2.3736743, 6.3858028]]}, "properties": {"kind": "split_half", "winner": "Mènontin", "color": "#93d64b", "length_m": 29.7}}, {"type": "Feature", "geometry": {"type": "LineString", "coordinates": [[2.374623, 6.3874689], [2.37414865, 6.386635849999999]]}, "properties": {"kind": "split_half", "winner": "Kouhounou", "color": "#dcca40", "length_m": 106.0}}, {"type": "Feature", "geometry": {"type": "LineString", "coordinates": [[2.37414865, 6.386635849999999], [2.3736743, 6.3858028]]}, "properties": {"kind": "split_half", "winner": "Mènontin", "color": "#93d64b", "length_m": 106.0}}, {"type": "Feature", "geometry": {"type": "LineString", "coordinates": [[2.4528156, 6.3797409], [2.45324598179891, 6.379741383032322]]}, "properties": {"kind": "split_half", "winner": "Lom-Nava", "color": "#da4949", "length_m": 47.6}}, {"type": "Feature", "geometry": {"type": "LineString", "coordinates": [[2.45324598179891, 6.379741383032322], [2.4535284, 6.3797417]]}, "properties": {"kind": "split_half", "winner": "Kpondéhou-Tchèmè", "color": "#48c78e", "length_m": 31.2}}, {"type": "Feature", "geometry": {"type": "LineString", "coordinates": [[2.4535284, 6.3797417], [2.453528189714453, 6.379729662548131]]}, "properties": {"kind": "split_half", "winner": "Lom-Nava", "color": "#da4949", "length_m": 1.3}}, {"type": "Feature", "geometry": {"type": "LineString", "coordinates": [[2.453528189714453, 6.379729662548131], [2.4535058, 6.378448]]}, "properties": {"kind": "split_half", "winner": "Kpondéhou-Tchèmè", "color": "#48c78e", "length_m": 141.7}}, {"type": "Feature", "geometry": {"type": "LineString", "coordinates": [[2.4535346, 6.3810301], [2.455407397614637, 6.381020581333598]]}, "properties": {"kind": "split_half", "winner": "Sènadé", "color": "#d38544", "length_m": 207.2}}, {"type": "Feature", "geometry": {"type": "LineString", "coordinates": [[2.455407397614637, 6.381020581333598], [2.4554234, 6.3810205]]}, "properties": {"kind": "split_half", "winner": "Kpondéhou-Tchèmè", "color": "#48c78e", "length_m": 1.8}}, {"type": "Feature", "geometry": {"type": "LineString", "coordinates": [[2.4554234, 6.3810205], [2.4554237044317886, 6.381036790874634]]}, "properties": {"kind": "split_half", "winner": "Sènadé", "color": "#d38544", "length_m": 1.8}}, {"type": "Feature", "geometry": {"type": "LineString", "coordinates": [[2.4554237044317886, 6.381036790874634], [2.4554355, 6.381668]]}, "properties": {"kind": "split_half", "winner": "Kpondéhou-Tchèmè", "color": "#48c78e", "length_m": 69.8}}, {"type": "Feature", "geometry": {"type": "LineString", "coordinates": [[2.4542221, 6.3797345], [2.4542204907705467, 6.379635964496545]]}, "properties": {"kind": "split_half", "winner": "Lom-Nava", "color": "#da4949", "length_m": 10.9}}, {"type": "Feature", "geometry": {"type": "LineString", "coordinates": [[2.4542204907705467, 6.379635964496545], [2.4542113, 6.3790732]]}, "properties": {"kind": "split_half", "winner": "Sènadé", "color": "#d38544", "length_m": 62.2}}, {"type": "Feature", "geometry": {"type": "LineString", "coordinates": [[2.4542113, 6.3790732], [2.454773301215351, 6.379070617823743]]}, "properties": {"kind": "split_half", "winner": "Lom-Nava", "color": "#da4949", "length_m": 62.2}}, {"type": "Feature", "geometry": {"type": "LineString", "coordinates": [[2.454773301215351, 6.379070617823743], [2.455996, 6.379065]]}, "properties": {"kind": "split_half", "winner": "Sènadé", "color": "#d38544", "length_m": 135.3}}, {"type": "Feature", "geometry": {"type": "LineString", "coordinates": [[2.3444344, 6.3876792], [2.344309111795424, 6.3875822871727665]]}, "properties": {"kind": "split_half", "winner": "Yolomahouto", "color": "#4ed97f", "length_m": 17.5}}, {"type": "Feature", "geometry": {"type": "LineString", "coordinates": [[2.344309111795424, 6.3875822871727665], [2.3442909, 6.3875682]]}, "properties": {"kind": "split_half", "winner": "Aïmèvo\n", "color": "#49deaa", "length_m": 2.5}}, {"type": "Feature", "geometry": {"type": "LineString", "coordinates": [[2.3444344, 6.3876792], [2.3443537459165507, 6.3878466938230645]]}, "properties": {"kind": "split_half", "winner": "Yolomahouto", "color": "#4ed97f", "length_m": 20.6}}, {"type": "Feature", "geometry": {"type": "LineString", "coordinates": [[2.3443537459165507, 6.3878466938230645], [2.3441997, 6.3881666]]}, "properties": {"kind": "split_half", "winner": "Aïmèvo\n", "color": "#49deaa", "length_m": 39.3}}, {"type": "Feature", "geometry": {"type": "LineString", "coordinates": [[2.3429123, 6.3853981], [2.3427651948156782, 6.38496617581878]]}, "properties": {"kind": "split_half", "winner": "Dénou\n", "color": "#dd5452", "length_m": 50.4}}, {"type": "Feature", "geometry": {"type": "LineString", "coordinates": [[2.3427651948156782, 6.38496617581878], [2.3427259, 6.3848508]]}, "properties": {"kind": "split_half", "winner": "Aïmèvo\n", "color": "#49deaa", "length_m": 13.5}}, {"type": "Feature", "geometry": {"type": "LineString", "coordinates": [[2.3427259, 6.3848508], [2.3425847623340452, 6.384941595888233]]}, "properties": {"kind": "split_half", "winner": "Dénou\n", "color": "#dd5452", "length_m": 18.6}}, {"type": "Feature", "geometry": {"type": "LineString", "coordinates": [[2.3425847623340452, 6.384941595888233], [2.3421635, 6.3852126]]}, "properties": {"kind": "split_half", "winner": "Aïmèvo\n", "color": "#49deaa", "length_m": 55.4}}, {"type": "Feature", "geometry": {"type": "LineString", "coordinates": [[2.3409509, 6.3849127], [2.3409288860464903, 6.384823735673594]]}, "properties": {"kind": "split_half", "winner": "Dénou\n", "color": "#dd5452", "length_m": 10.1}}, {"type": "Feature", "geometry": {"type": "LineString", "coordinates": [[2.3409288860464903, 6.384823735673594], [2.3409194, 6.3847854]]}, "properties": {"kind": "split_half", "winner": "Aïmèvo\n", "color": "#49deaa", "length_m": 4.4}}, {"type": "Feature", "geometry": {"type": "LineString", "coordinates": [[2.3409194, 6.3847854], [2.3408068445295984, 6.384909781005486]]}, "properties": {"kind": "split_half", "winner": "Dénou\n", "color": "#dd5452", "length_m": 18.5}}, {"type": "Feature", "geometry": {"type": "LineString", "coordinates": [[2.3408068445295984, 6.384909781005486], [2.3400999, 6.385691]]}, "properties": {"kind": "split_half", "winner": "Aïmèvo\n", "color": "#49deaa", "length_m": 116.5}}, {"type": "Feature", "geometry": {"type": "LineString", "coordinates": [[2.3846517, 6.3867661], [2.38482155, 6.38697345]]}, "properties": {"kind": "split_half", "winner": "Agounvocôdji", "color": "#46df8d", "length_m": 29.6}}, {"type": "Feature", "geometry": {"type": "LineString", "coordinates": [[2.38482155, 6.38697345], [2.3849914, 6.3871808]]}, "properties": {"kind": "split_half", "winner": "Kouhounou", "color": "#dcca40", "length_m": 29.6}}, {"type": "Feature", "geometry": {"type": "LineString", "coordinates": [[2.3846517, 6.3867661], [2.3839257, 6.38775825]]}, "properties": {"kind": "split_half", "winner": "Agounvocôdji", "color": "#46df8d", "length_m": 135.9}}, {"type": "Feature", "geometry": {"type": "LineString", "coordinates": [[2.3839257, 6.38775825], [2.3831997, 6.3887504]]}, "properties": {"kind": "split_half", "winner": "Kouhounou", "color": "#dcca40", "length_m": 135.9}}, {"type": "Feature", "geometry": {"type": "LineString", "coordinates": [[2.3849084, 6.3856082], [2.3851022, 6.3854375999999995]]}, "properties": {"kind": "split_half", "winner": "Agounvocôdji", "color": "#46df8d", "length_m": 28.6}}, {"type": "Feature", "geometry": {"type": "LineString", "coordinates": [[2.3851022, 6.3854375999999995], [2.385296, 6.385267]]}, "properties": {"kind": "split_half", "winner": "Kouhounou", "color": "#dcca40", "length_m": 28.6}}, {"type": "Feature", "geometry": {"type": "LineString", "coordinates": [[2.3849084, 6.3856082], [2.3851399, 6.3858898]]}, "properties": {"kind": "split_half", "winner": "Agounvocôdji", "color": "#46df8d", "length_m": 40.3}}, {"type": "Feature", "geometry": {"type": "LineString", "coordinates": [[2.3851399, 6.3858898], [2.3853714, 6.3861714]]}, "properties": {"kind": "split_half", "winner": "Kouhounou", "color": "#dcca40", "length_m": 40.3}}, {"type": "Feature", "geometry": {"type": "LineString", "coordinates": [[2.3874583, 6.3862432], [2.3901663895544676, 6.386430981116051]]}, "properties": {"kind": "split_half", "winner": "Agounvocôdji", "color": "#46df8d", "length_m": 300.3}}, {"type": "Feature", "geometry": {"type": "LineString", "coordinates": [[2.3901663895544676, 6.386430981116051], [2.3902056, 6.3864337]]}, "properties": {"kind": "split_half", "winner": "Sètôvi", "color": "#da4a4f", "length_m": 4.3}}, {"type": "Feature", "geometry": {"type": "LineString", "coordinates": [[2.3902056, 6.3864337], [2.3902419450794503, 6.386470695973421]]}, "properties": {"kind": "split_half", "winner": "Agounvocôdji", "color": "#46df8d", "length_m": 5.7}}, {"type": "Feature", "geometry": {"type": "LineString", "coordinates": [[2.3902419450794503, 6.386470695973421], [2.3905518, 6.3867861]]}, "properties": {"kind": "split_half", "winner": "Sètôvi", "color": "#da4a4f", "length_m": 48.9}}, {"type": "Feature", "geometry": {"type": "LineString", "coordinates": [[2.3948686, 6.3835982], [2.394739569935699, 6.38365756212528]]}, "properties": {"kind": "split_half", "winner": "Missogbé", "color": "#60c841", "length_m": 15.7}}, {"type": "Feature", "geometry": {"type": "LineString", "coordinates": [[2.394739569935699, 6.38365756212528], [2.393251, 6.3843424]]}, "properties": {"kind": "split_half", "winner": "Midédji", "color": "#43d748", "length_m": 181.2}}, {"type": "Feature", "geometry": {"type": "LineString", "coordinates": [[2.3948686, 6.3835982], [2.39490619594803, 6.383733584372439]]}, "properties": {"kind": "split_half", "winner": "Missogbé", "color": "#60c841", "length_m": 15.5}}, {"type": "Feature", "geometry": {"type": "LineString", "coordinates": [[2.39490619594803, 6.383733584372439], [2.395023, 6.3841542]]}, "properties": {"kind": "split_half", "winner": "Midédji", "color": "#43d748", "length_m": 48.3}}, {"type": "Feature", "geometry": {"type": "LineString", "coordinates": [[2.3872497, 6.3797562], [2.3872323696475055, 6.379817952985507]]}, "properties": {"kind": "split_half", "winner": "Sètôvi", "color": "#da4a4f", "length_m": 7.1}}, {"type": "Feature", "geometry": {"type": "LineString", "coordinates": [[2.3872323696475055, 6.379817952985507], [2.3871462, 6.380125]]}, "properties": {"kind": "split_half", "winner": "Védokô", "color": "#3dd9d3", "length_m": 35.3}}, {"type": "Feature", "geometry": {"type": "LineString", "coordinates": [[2.3871462, 6.380125], [2.386772364347535, 6.379986360929362]]}, "properties": {"kind": "split_half", "winner": "Sètôvi", "color": "#da4a4f", "length_m": 44.1}}, {"type": "Feature", "geometry": {"type": "LineString", "coordinates": [[2.386772364347535, 6.379986360929362], [2.3861388, 6.3797514]]}, "properties": {"kind": "split_half", "winner": "Védokô", "color": "#3dd9d3", "length_m": 74.7}}, {"type": "Feature", "geometry": {"type": "LineString", "coordinates": [[2.3862747, 6.3826745], [2.3853904480950847, 6.381863601720923]]}, "properties": {"kind": "split_half", "winner": "Sètôvi", "color": "#da4a4f", "length_m": 132.7}}, {"type": "Feature", "geometry": {"type": "LineString", "coordinates": [[2.3853904480950847, 6.381863601720923], [2.3849511, 6.3814607]]}, "properties": {"kind": "split_half", "winner": "Védokô", "color": "#3dd9d3", "length_m": 65.9}}, {"type": "Feature", "geometry": {"type": "LineString", "coordinates": [[2.3845712, 6.3818648], [2.38476115, 6.38166275]]}, "properties": {"kind": "split_half", "winner": "Sètôvi", "color": "#da4a4f", "length_m": 30.7}}, {"type": "Feature", "geometry": {"type": "LineString", "coordinates": [[2.38476115, 6.38166275], [2.3849511, 6.3814607]]}, "properties": {"kind": "split_half", "winner": "Védokô", "color": "#3dd9d3", "length_m": 30.7}}, {"type": "Feature", "geometry": {"type": "LineString", "coordinates": [[2.3845712, 6.3818648], [2.3843684, 6.38168115]]}, "properties": {"kind": "split_half", "winner": "Sètôvi", "color": "#da4a4f", "length_m": 30.3}}, {"type": "Feature", "geometry": {"type": "LineString", "coordinates": [[2.3843684, 6.38168115], [2.3841656, 6.3814975]]}, "properties": {"kind": "split_half", "winner": "Védokô", "color": "#3dd9d3", "length_m": 30.3}}, {"type": "Feature", "geometry": {"type": "LineString", "coordinates": [[2.3695351, 6.3555825], [2.36913283576246, 6.355538253572822]]}, "properties": {"kind": "split_half", "winner": "Fiyégnon-Jacquot", "color": "#dc3e9a", "length_m": 44.8}}, {"type": "Feature", "geometry": {"type": "LineString", "coordinates": [[2.36913283576246, 6.355538253572822], [2.3690778, 6.3555322]]}, "properties": {"kind": "split_half", "winner": "Fidjrossè-Centre", "color": "#d77c47", "length_m": 6.1}}, {"type": "Feature", "geometry": {"type": "LineString", "coordinates": [[2.3689387, 6.3569449], [2.3690723251005203, 6.355587803094859]]}, "properties": {"kind": "split_half", "winner": "Fiyégnon-Jacquot", "color": "#dc3e9a", "length_m": 150.7}}, {"type": "Feature", "geometry": {"type": "LineString", "coordinates": [[2.3690723251005203, 6.355587803094859], [2.3690778, 6.3555322]]}, "properties": {"kind": "split_half", "winner": "Fidjrossè-Centre", "color": "#d77c47", "length_m": 6.2}}, {"type": "Feature", "geometry": {"type": "LineString", "coordinates": [[2.3756991, 6.3548128], [2.3757315500000002, 6.3545219500000005]]}, "properties": {"kind": "split_half", "winner": "Fiyégnon-Jacquot", "color": "#dc3e9a", "length_m": 32.4}}, {"type": "Feature", "geometry": {"type": "LineString", "coordinates": [[2.3757315500000002, 6.3545219500000005], [2.375764, 6.3542311]]}, "properties": {"kind": "split_half", "winner": "Fidjrossè-Centre", "color": "#d77c47", "length_m": 32.4}}, {"type": "Feature", "geometry": {"type": "LineString", "coordinates": [[2.3756991, 6.3548128], [2.37621165, 6.35489435]]}, "properties": {"kind": "split_half", "winner": "Fiyégnon-Jacquot", "color": "#dc3e9a", "length_m": 57.4}}, {"type": "Feature", "geometry": {"type": "LineString", "coordinates": [[2.37621165, 6.35489435], [2.3767242, 6.3549759]]}, "properties": {"kind": "split_half", "winner": "Fidjrossè-Centre", "color": "#d77c47", "length_m": 57.4}}, {"type": "Feature", "geometry": {"type": "LineString", "coordinates": [[2.3695589, 6.3551159], [2.3696442505811715, 6.3551233885561]]}, "properties": {"kind": "split_half", "winner": "Fiyégnon-Jacquot", "color": "#dc3e9a", "length_m": 9.5}}, {"type": "Feature", "geometry": {"type": "LineString", "coordinates": [[2.3696442505811715, 6.3551233885561], [2.3700091, 6.3551554]]}, "properties": {"kind": "split_half", "winner": "Fidjrossè-Centre", "color": "#d77c47", "length_m": 40.5}}, {"type": "Feature", "geometry": {"type": "LineString", "coordinates": [[2.3700091, 6.3551554], [2.3700440656403243, 6.35475401476809]]}, "properties": {"kind": "split_half", "winner": "Fiyégnon-Jacquot", "color": "#dc3e9a", "length_m": 44.5}}, {"type": "Feature", "geometry": {"type": "LineString", "coordinates": [[2.3700440656403243, 6.35475401476809], [2.3702156, 6.3527849]]}, "properties": {"kind": "split_half", "winner": "Fidjrossè-Centre", "color": "#d77c47", "length_m": 218.5}}, {"type": "Feature", "geometry": {"type": "LineString", "coordinates": [[2.3772332, 6.355822], [2.3769522, 6.3557427]]}, "properties": {"kind": "split_half", "winner": "Fiyégnon-Jacquot", "color": "#dc3e9a", "length_m": 32.3}}, {"type": "Feature", "geometry": {"type": "LineString", "coordinates": [[2.3769522, 6.3557427], [2.3766712, 6.3556634]]}, "properties": {"kind": "split_half", "winner": "Fidjrossè-Centre", "color": "#d77c47", "length_m": 32.3}}, {"type": "Feature", "geometry": {"type": "LineString", "coordinates": [[2.3772332, 6.355822], [2.37725095, 6.355566]]}, "properties": {"kind": "split_half", "winner": "Fiyégnon-Jacquot", "color": "#dc3e9a", "length_m": 28.4}}, {"type": "Feature", "geometry": {"type": "LineString", "coordinates": [[2.37725095, 6.355566], [2.3772687, 6.35531]]}, "properties": {"kind": "split_half", "winner": "Fidjrossè-Centre", "color": "#d77c47", "length_m": 28.4}}, {"type": "Feature", "geometry": {"type": "LineString", "coordinates": [[2.3751144, 6.3552813], [2.3758928, 6.355472349999999]]}, "properties": {"kind": "split_half", "winner": "Fiyégnon-Jacquot", "color": "#dc3e9a", "length_m": 88.7}}, {"type": "Feature", "geometry": {"type": "LineString", "coordinates": [[2.3758928, 6.355472349999999], [2.3766712, 6.3556634]]}, "properties": {"kind": "split_half", "winner": "Fidjrossè-Centre", "color": "#d77c47", "length_m": 88.7}}, {"type": "Feature", "geometry": {"type": "LineString", "coordinates": [[2.3766712, 6.3556634], [2.3766461000000003, 6.3559988]]}, "properties": {"kind": "split_half", "winner": "Fiyégnon-Jacquot", "color": "#dc3e9a", "length_m": 37.2}}, {"type": "Feature", "geometry": {"type": "LineString", "coordinates": [[2.3766461000000003, 6.3559988], [2.376621, 6.3563342]]}, "properties": {"kind": "split_half", "winner": "Fidjrossè-Centre", "color": "#d77c47", "length_m": 37.2}}, {"type": "Feature", "geometry": {"type": "LineString", "coordinates": [[2.3909047, 6.3678368], [2.3907992, 6.3680934]]}, "properties": {"kind": "split_half", "winner": "Houénoussou", "color": "#dfb041", "length_m": 30.7}}, {"type": "Feature", "geometry": {"type": "LineString", "coordinates": [[2.3907992, 6.3680934], [2.3906937, 6.36835]]}, "properties": {"kind": "split_half", "winner": "Houéyihô", "color": "#3edc5e", "length_m": 30.7}}, {"type": "Feature", "geometry": {"type": "LineString", "coordinates": [[2.3906937, 6.36835], [2.3900175, 6.3678531]]}, "properties": {"kind": "split_half", "winner": "Houénoussou", "color": "#dfb041", "length_m": 92.8}}, {"type": "Feature", "geometry": {"type": "LineString", "coordinates": [[2.3900175, 6.3678531], [2.3893413, 6.3673562]]}, "properties": {"kind": "split_half", "winner": "Houéyihô", "color": "#3edc5e", "length_m": 92.8}}, {"type": "Feature", "geometry": {"type": "LineString", "coordinates": [[2.3841203, 6.3496732], [2.3840772414499316, 6.349673779932465]]}, "properties": {"kind": "split_half", "winner": "Haie-Vive-Cocotiers", "color": "#d6ca4b", "length_m": 4.8}}, {"type": "Feature", "geometry": {"type": "LineString", "coordinates": [[2.3840772414499316, 6.349673779932465], [2.3833704, 6.3496833]]}, "properties": {"kind": "split_half", "winner": "Fiyégnon-Jacquot", "color": "#dc3e9a", "length_m": 78.2}}, {"type": "Feature", "geometry": {"type": "LineString", "coordinates": [[2.3841203, 6.3496732], [2.384111792416822, 6.348810678110352]]}, "properties": {"kind": "split_half", "winner": "Haie-Vive-Cocotiers", "color": "#d6ca4b", "length_m": 95.3}}, {"type": "Feature", "geometry": {"type": "LineString", "coordinates": [[2.384111792416822, 6.348810678110352], [2.3841041, 6.3480308]]}, "properties": {"kind": "split_half", "winner": "Fiyégnon-Jacquot", "color": "#dc3e9a", "length_m": 86.2}}, {"type": "Feature", "geometry": {"type": "LineString", "coordinates": [[2.3878333, 6.3912807], [2.386755601126983, 6.391058890843146]]}, "properties": {"kind": "split_half", "winner": "Agounvocôdji", "color": "#46df8d", "length_m": 121.7}}, {"type": "Feature", "geometry": {"type": "LineString", "coordinates": [[2.386755601126983, 6.391058890843146], [2.3862037, 6.3909453]]}, "properties": {"kind": "split_half", "winner": "Zogbo", "color": "#88d14f", "length_m": 62.3}}, {"type": "Feature", "geometry": {"type": "LineString", "coordinates": [[2.3860776, 6.3904342], [2.386162507014809, 6.390778339375645]]}, "properties": {"kind": "split_half", "winner": "Agounvocôdji", "color": "#46df8d", "length_m": 39.2}}, {"type": "Feature", "geometry": {"type": "LineString", "coordinates": [[2.386162507014809, 6.390778339375645], [2.3862037, 6.3909453]]}, "properties": {"kind": "split_half", "winner": "Zogbo", "color": "#88d14f", "length_m": 19.0}}, {"type": "Feature", "geometry": {"type": "LineString", "coordinates": [[2.3893599, 6.3889995], [2.389657, 6.38872055]]}, "properties": {"kind": "split_half", "winner": "Agounvocôdji", "color": "#46df8d", "length_m": 45.1}}, {"type": "Feature", "geometry": {"type": "LineString", "coordinates": [[2.389657, 6.38872055], [2.3899541, 6.3884416]]}, "properties": {"kind": "split_half", "winner": "Zogbo", "color": "#88d14f", "length_m": 45.1}}, {"type": "Feature", "geometry": {"type": "LineString", "coordinates": [[2.3899541, 6.3884416], [2.389997817647128, 6.388881548195305]]}, "properties": {"kind": "split_half", "winner": "Agounvocôdji", "color": "#46df8d", "length_m": 48.9}}, {"type": "Feature", "geometry": {"type": "LineString", "coordinates": [[2.389997817647128, 6.388881548195305], [2.3900235, 6.38914]]}, "properties": {"kind": "split_half", "winner": "Zogbo", "color": "#88d14f", "length_m": 28.7}}, {"type": "Feature", "geometry": {"type": "LineString", "coordinates": [[2.3883328, 6.3876243], [2.38859805, 6.387976999999999]]}, "properties": {"kind": "split_half", "winner": "Agounvocôdji", "color": "#46df8d", "length_m": 48.8}}, {"type": "Feature", "geometry": {"type": "LineString", "coordinates": [[2.38859805, 6.387976999999999], [2.3888633, 6.3883297]]}, "properties": {"kind": "split_half", "winner": "Zogbo", "color": "#88d14f", "length_m": 48.8}}, {"type": "Feature", "geometry": {"type": "LineString", "coordinates": [[2.3888633, 6.3883297], [2.3890527, 6.3882188499999994]]}, "properties": {"kind": "split_half", "winner": "Agounvocôdji", "color": "#46df8d", "length_m": 24.3}}, {"type": "Feature", "geometry": {"type": "LineString", "coordinates": [[2.3890527, 6.3882188499999994], [2.3892421, 6.388108]]}, "properties": {"kind": "split_half", "winner": "Zogbo", "color": "#88d14f", "length_m": 24.3}}, {"type": "Feature", "geometry": {"type": "LineString", "coordinates": [[2.3464822, 6.4627467], [2.345483130569281, 6.462693681748952]]}, "properties": {"kind": "split_half", "winner": "Sèmè", "color": "#44df9e", "length_m": 110.7}}, {"type": "Feature", "geometry": {"type": "LineString", "coordinates": [[2.345483130569281, 6.462693681748952], [2.3446355, 6.4626487]]}, "properties": {"kind": "split_half", "winner": "Fandji\n", "color": "#bad840", "length_m": 93.9}}, {"type": "Feature", "geometry": {"type": "LineString", "coordinates": [[2.3446355, 6.4626487], [2.3446178112797056, 6.46297756279147]]}, "properties": {"kind": "split_half", "winner": "Sèmè", "color": "#44df9e", "length_m": 36.4}}, {"type": "Feature", "geometry": {"type": "LineString", "coordinates": [[2.3446178112797056, 6.46297756279147], [2.3445995, 6.463318]]}, "properties": {"kind": "split_half", "winner": "Fandji\n", "color": "#bad840", "length_m": 37.7}}, {"type": "Feature", "geometry": {"type": "LineString", "coordinates": [[2.350695, 6.4602629], [2.3509598854746, 6.459891881358888]]}, "properties": {"kind": "split_half", "winner": "Sèmè", "color": "#44df9e", "length_m": 50.4}}, {"type": "Feature", "geometry": {"type": "LineString", "coordinates": [[2.3509598854746, 6.459891881358888], [2.350991, 6.4598483]]}, "properties": {"kind": "split_half", "winner": "Fandji\n", "color": "#bad840", "length_m": 5.9}}, {"type": "Feature", "geometry": {"type": "LineString", "coordinates": [[2.350991, 6.4598483], [2.351028292185136, 6.459869103785107]]}, "properties": {"kind": "split_half", "winner": "Sèmè", "color": "#44df9e", "length_m": 4.7}}, {"type": "Feature", "geometry": {"type": "LineString", "coordinates": [[2.351028292185136, 6.459869103785107], [2.3514637, 6.460112]]}, "properties": {"kind": "split_half", "winner": "Fandji\n", "color": "#bad840", "length_m": 55.1}}, {"type": "Feature", "geometry": {"type": "LineString", "coordinates": [[2.3486254, 6.4621784], [2.347405051203961, 6.462109514830337]]}, "properties": {"kind": "split_half", "winner": "Sèmè", "color": "#44df9e", "length_m": 135.2}}, {"type": "Feature", "geometry": {"type": "LineString", "coordinates": [[2.347405051203961, 6.462109514830337], [2.3470115, 6.4620873]]}, "properties": {"kind": "split_half", "winner": "Fandji\n", "color": "#bad840", "length_m": 43.6}}, {"type": "Feature", "geometry": {"type": "LineString", "coordinates": [[2.3470115, 6.4620873], [2.3468586188197964, 6.462280900000332]]}, "properties": {"kind": "split_half", "winner": "Sèmè", "color": "#44df9e", "length_m": 27.3}}, {"type": "Feature", "geometry": {"type": "LineString", "coordinates": [[2.3468586188197964, 6.462280900000332], [2.3467438, 6.4624263]]}, "properties": {"kind": "split_half", "winner": "Fandji\n", "color": "#bad840", "length_m": 20.5}}, {"type": "Feature", "geometry": {"type": "LineString", "coordinates": [[2.4157241, 6.3822069], [2.4157301206656348, 6.382212224720752]]}, "properties": {"kind": "split_half", "winner": "Gbèdagba", "color": "#70cb49", "length_m": 0.9}}, {"type": "Feature", "geometry": {"type": "LineString", "coordinates": [[2.4157301206656348, 6.382212224720752], [2.4169811, 6.3833186]]}, "properties": {"kind": "split_half", "winner": "Gbèdjromèdè-Nord", "color": "#ce4bab", "length_m": 184.7}}, {"type": "Feature", "geometry": {"type": "LineString", "coordinates": [[2.4157241, 6.3822069], [2.4158459472199176, 6.382057230126178]]}, "properties": {"kind": "split_half", "winner": "Gbèdagba", "color": "#70cb49", "length_m": 21.3}}, {"type": "Feature", "geometry": {"type": "LineString", "coordinates": [[2.4158459472199176, 6.382057230126178], [2.41612, 6.3817206]]}, "properties": {"kind": "split_half", "winner": "Gbèdjromèdè-Nord", "color": "#ce4bab", "length_m": 48.0}}, {"type": "Feature", "geometry": {"type": "LineString", "coordinates": [[2.4147097, 6.3806559], [2.4161055303711536, 6.381709676215109]]}, "properties": {"kind": "split_half", "winner": "Gbèdagba", "color": "#70cb49", "length_m": 193.4}}, {"type": "Feature", "geometry": {"type": "LineString", "coordinates": [[2.4161055303711536, 6.381709676215109], [2.41612, 6.3817206]]}, "properties": {"kind": "split_half", "winner": "Gbèdjromèdè-Nord", "color": "#ce4bab", "length_m": 2.0}}, {"type": "Feature", "geometry": {"type": "LineString", "coordinates": [[2.4188204, 6.3709976], [2.4193808962958205, 6.371435200719644]]}, "properties": {"kind": "split_half", "winner": "Énagnon-Sikê", "color": "#c8bd45", "length_m": 78.6}}, {"type": "Feature", "geometry": {"type": "LineString", "coordinates": [[2.4193808962958205, 6.371435200719644], [2.4197175, 6.371698]]}, "properties": {"kind": "split_half", "winner": "Fignon-Sikê", "color": "#de4cd6", "length_m": 47.2}}, {"type": "Feature", "geometry": {"type": "LineString", "coordinates": [[2.4197175, 6.371698], [2.419693585252879, 6.3710552730539]]}, "properties": {"kind": "split_half", "winner": "Énagnon-Sikê", "color": "#c8bd45", "length_m": 71.1}}, {"type": "Feature", "geometry": {"type": "LineString", "coordinates": [[2.419693585252879, 6.3710552730539], [2.4196845, 6.3708111]]}, "properties": {"kind": "split_half", "winner": "Fignon-Sikê", "color": "#de4cd6", "length_m": 27.0}}, {"type": "Feature", "geometry": {"type": "LineString", "coordinates": [[2.4196845, 6.3708111], [2.4198713381983192, 6.370957832326354]]}, "properties": {"kind": "split_half", "winner": "Énagnon-Sikê", "color": "#c8bd45", "length_m": 26.3}}, {"type": "Feature", "geometry": {"type": "LineString", "coordinates": [[2.4198713381983192, 6.370957832326354], [2.4213644, 6.3721304]]}, "properties": {"kind": "split_half", "winner": "Fignon-Sikê", "color": "#de4cd6", "length_m": 210.0}}, {"type": "Feature", "geometry": {"type": "LineString", "coordinates": [[2.4299154, 6.3798013], [2.4296548213508213, 6.380131600850433]]}, "properties": {"kind": "split_half", "winner": "Djidjè", "color": "#a5d441", "length_m": 46.5}}, {"type": "Feature", "geometry": {"type": "LineString", "coordinates": [[2.4296548213508213, 6.380131600850433], [2.4295525, 6.3802613]]}, "properties": {"kind": "split_half", "winner": "Aïdjèdo-Gbègo", "color": "#d8673e", "length_m": 18.3}}, {"type": "Feature", "geometry": {"type": "LineString", "coordinates": [[2.4295525, 6.3802613], [2.4296832454287958, 6.38036518828273]]}, "properties": {"kind": "split_half", "winner": "Djidjè", "color": "#a5d441", "length_m": 18.5}}, {"type": "Feature", "geometry": {"type": "LineString", "coordinates": [[2.4296832454287958, 6.38036518828273], [2.4309891, 6.3814028]]}, "properties": {"kind": "split_half", "winner": "Aïdjèdo-Gbègo", "color": "#d8673e", "length_m": 184.5}}, {"type": "Feature", "geometry": {"type": "LineString", "coordinates": [[2.4073586, 6.3734161], [2.4069869348379265, 6.373729128273265]]}, "properties": {"kind": "split_half", "winner": "Gbégamey-Gbagoudo", "color": "#bf45c8", "length_m": 53.7}}, {"type": "Feature", "geometry": {"type": "LineString", "coordinates": [[2.4069869348379265, 6.373729128273265], [2.4069016, 6.373801]]}, "properties": {"kind": "split_half", "winner": "Vodjè-Ayidoté", "color": "#9fdb46", "length_m": 12.3}}, {"type": "Feature", "geometry": {"type": "LineString", "coordinates": [[2.4073586, 6.3734161], [2.4068477753547364, 6.373019861716629]]}, "properties": {"kind": "split_half", "winner": "Gbégamey-Gbagoudo", "color": "#bf45c8", "length_m": 71.5}}, {"type": "Feature", "geometry": {"type": "LineString", "coordinates": [[2.4068477753547364, 6.373019861716629], [2.4062285, 6.3725395]]}, "properties": {"kind": "split_half", "winner": "Vodjè-Ayidoté", "color": "#9fdb46", "length_m": 86.7}}, {"type": "Feature", "geometry": {"type": "LineString", "coordinates": [[2.3955911, 6.3904966], [2.3956834000000002, 6.3902233]]}, "properties": {"kind": "split_half", "winner": "Yénawa-Fifadji", "color": "#b2c93f", "length_m": 31.9}}, {"type": "Feature", "geometry": {"type": "LineString", "coordinates": [[2.3956834000000002, 6.3902233], [2.3957757, 6.38995]]}, "properties": {"kind": "split_half", "winner": "Zogbo", "color": "#88d14f", "length_m": 31.9}}, {"type": "Feature", "geometry": {"type": "LineString", "coordinates": [[2.394521, 6.3898004], [2.3951483500000004, 6.3898752000000005]]}, "properties": {"kind": "split_half", "winner": "Yénawa-Fifadji", "color": "#b2c93f", "length_m": 69.9}}, {"type": "Feature", "geometry": {"type": "LineString", "coordinates": [[2.3951483500000004, 6.3898752000000005], [2.3957757, 6.38995]]}, "properties": {"kind": "split_half", "winner": "Zogbo", "color": "#88d14f", "length_m": 69.9}}, {"type": "Feature", "geometry": {"type": "LineString", "coordinates": [[2.4028163, 6.3835332], [2.401199925384485, 6.382126183830744]]}, "properties": {"kind": "split_half", "winner": "Tonato", "color": "#3ecd8a", "length_m": 237.0}}, {"type": "Feature", "geometry": {"type": "LineString", "coordinates": [[2.401199925384485, 6.382126183830744], [2.4011417, 6.3820755]]}, "properties": {"kind": "split_half", "winner": "Missèkplé", "color": "#d2764b", "length_m": 8.5}}, {"type": "Feature", "geometry": {"type": "LineString", "coordinates": [[2.4011417, 6.3820755], [2.4010935976607066, 6.3821357859343175]]}, "properties": {"kind": "split_half", "winner": "Tonato", "color": "#3ecd8a", "length_m": 8.5}}, {"type": "Feature", "geometry": {"type": "LineString", "coordinates": [[2.4010935976607066, 6.3821357859343175], [2.400784, 6.3825238]]}, "properties": {"kind": "split_half", "winner": "Missèkplé", "color": "#d2764b", "length_m": 54.9}}, {"type": "Feature", "geometry": {"type": "LineString", "coordinates": [[2.4034036, 6.3826274], [2.4034575779049523, 6.382551405548086]]}, "properties": {"kind": "split_half", "winner": "Houénoussou-Sainte-Rita", "color": "#ca4c82", "length_m": 10.3}}, {"type": "Feature", "geometry": {"type": "LineString", "coordinates": [[2.4034575779049523, 6.382551405548086], [2.4037792, 6.3820986]]}, "properties": {"kind": "split_half", "winner": "Missèkplé", "color": "#d2764b", "length_m": 61.4}}, {"type": "Feature", "geometry": {"type": "LineString", "coordinates": [[2.4054701, 6.3833642], [2.404284719719373, 6.382476969954958]]}, "properties": {"kind": "split_half", "winner": "Houénoussou-Sainte-Rita", "color": "#ca4c82", "length_m": 163.8}}, {"type": "Feature", "geometry": {"type": "LineString", "coordinates": [[2.404284719719373, 6.382476969954958], [2.4037792, 6.3820986]]}, "properties": {"kind": "split_half", "winner": "Missèkplé", "color": "#d2764b", "length_m": 69.8}}, {"type": "Feature", "geometry": {"type": "LineString", "coordinates": [[2.4044954, 6.3811761], [2.4061017596221563, 6.38235762314216]]}, "properties": {"kind": "split_half", "winner": "Houénoussou-Sainte-Rita", "color": "#ca4c82", "length_m": 220.5}}, {"type": "Feature", "geometry": {"type": "LineString", "coordinates": [[2.4061017596221563, 6.38235762314216], [2.4061901, 6.3824226]]}, "properties": {"kind": "split_half", "winner": "Missèkplé", "color": "#d2764b", "length_m": 12.1}}, {"type": "Feature", "geometry": {"type": "LineString", "coordinates": [[2.4061901, 6.3824226], [2.406258821455565, 6.382337933977405]]}, "properties": {"kind": "split_half", "winner": "Houénoussou-Sainte-Rita", "color": "#ca4c82", "length_m": 12.1}}, {"type": "Feature", "geometry": {"type": "LineString", "coordinates": [[2.406258821455565, 6.382337933977405], [2.4065599, 6.381967]]}, "properties": {"kind": "split_half", "winner": "Missèkplé", "color": "#d2764b", "length_m": 52.8}}, {"type": "Feature", "geometry": {"type": "LineString", "coordinates": [[2.4064195, 6.3840882], [2.40742071468971, 6.384883006689531]]}, "properties": {"kind": "split_half", "winner": "Mèdédjro", "color": "#c9643b", "length_m": 141.4}}, {"type": "Feature", "geometry": {"type": "LineString", "coordinates": [[2.40742071468971, 6.384883006689531], [2.4078194, 6.3851995]]}, "properties": {"kind": "split_half", "winner": "Missèkplé", "color": "#d2764b", "length_m": 56.3}}, {"type": "Feature", "geometry": {"type": "LineString", "coordinates": [[2.4078194, 6.3851995], [2.4075151803198303, 6.385607217097134]]}, "properties": {"kind": "split_half", "winner": "Mèdédjro", "color": "#c9643b", "length_m": 56.2}}, {"type": "Feature", "geometry": {"type": "LineString", "coordinates": [[2.4075151803198303, 6.385607217097134], [2.4074508, 6.3856935]]}, "properties": {"kind": "split_half", "winner": "Missèkplé", "color": "#d2764b", "length_m": 11.9}}, {"type": "Feature", "geometry": {"type": "LineString", "coordinates": [[2.4074508, 6.3856935], [2.4075368018529937, 6.38576332222735]]}, "properties": {"kind": "split_half", "winner": "Mèdédjro", "color": "#c9643b", "length_m": 12.3}}, {"type": "Feature", "geometry": {"type": "LineString", "coordinates": [[2.4075368018529937, 6.38576332222735], [2.4088174, 6.386803]]}, "properties": {"kind": "split_half", "winner": "Missèkplé", "color": "#d2764b", "length_m": 182.4}}, {"type": "Feature", "geometry": {"type": "LineString", "coordinates": [[2.4111181, 6.3848195], [2.412129645329053, 6.383542436769526]]}, "properties": {"kind": "split_half", "winner": "Gbèdagba", "color": "#70cb49", "length_m": 180.1}}, {"type": "Feature", "geometry": {"type": "LineString", "coordinates": [[2.412129645329053, 6.383542436769526], [2.4122092, 6.383442]]}, "properties": {"kind": "split_half", "winner": "Mèdédjro", "color": "#c9643b", "length_m": 14.2}}, {"type": "Feature", "geometry": {"type": "LineString", "coordinates": [[2.4122092, 6.383442], [2.4121067830726903, 6.3833623946992075]]}, "properties": {"kind": "split_half", "winner": "Gbèdagba", "color": "#70cb49", "length_m": 14.3}}, {"type": "Feature", "geometry": {"type": "LineString", "coordinates": [[2.4121067830726903, 6.3833623946992075], [2.4117306, 6.38307]]}, "properties": {"kind": "split_half", "winner": "Mèdédjro", "color": "#c9643b", "length_m": 52.7}}, {"type": "Feature", "geometry": {"type": "LineString", "coordinates": [[2.4050813, 6.3771312], [2.404960078484643, 6.37728183508262]]}, "properties": {"kind": "split_half", "winner": "Agontinkon", "color": "#db5a43", "length_m": 21.4}}, {"type": "Feature", "geometry": {"type": "LineString", "coordinates": [[2.404960078484643, 6.37728183508262], [2.4047075, 6.3775957]]}, "properties": {"kind": "split_half", "winner": "Houénoussou-Sainte-Rita", "color": "#ca4c82", "length_m": 44.5}}, {"type": "Feature", "geometry": {"type": "LineString", "coordinates": [[2.406393, 6.3788215], [2.405605547538966, 6.3782488157954695]]}, "properties": {"kind": "split_half", "winner": "Agontinkon", "color": "#db5a43", "length_m": 107.7}}, {"type": "Feature", "geometry": {"type": "LineString", "coordinates": [[2.405605547538966, 6.3782488157954695], [2.4047075, 6.3775957]]}, "properties": {"kind": "split_half", "winner": "Houénoussou-Sainte-Rita", "color": "#ca4c82", "length_m": 122.8}}, {"type": "Feature", "geometry": {"type": "LineString", "coordinates": [[2.4073803, 6.3818639], [2.407154237002201, 6.381687101960372]]}, "properties": {"kind": "split_half", "winner": "Houénoussou-Sainte-Rita", "color": "#ca4c82", "length_m": 31.7}}, {"type": "Feature", "geometry": {"type": "LineString", "coordinates": [[2.407154237002201, 6.381687101960372], [2.4069329, 6.381514]]}, "properties": {"kind": "split_half", "winner": "Houéhoun", "color": "#cdb33b", "length_m": 31.1}}, {"type": "Feature", "geometry": {"type": "LineString", "coordinates": [[2.4069329, 6.381514], [2.407114514933146, 6.381276855494349]]}, "properties": {"kind": "split_half", "winner": "Houénoussou-Sainte-Rita", "color": "#ca4c82", "length_m": 33.0}}, {"type": "Feature", "geometry": {"type": "LineString", "coordinates": [[2.407114514933146, 6.381276855494349], [2.40731, 6.3810216]]}, "properties": {"kind": "split_half", "winner": "Houéhoun", "color": "#cdb33b", "length_m": 35.6}}, {"type": "Feature", "geometry": {"type": "LineString", "coordinates": [[2.40731, 6.3810216], [2.407067367592915, 6.3808413049313]]}, "properties": {"kind": "split_half", "winner": "Houénoussou-Sainte-Rita", "color": "#ca4c82", "length_m": 33.4}}, {"type": "Feature", "geometry": {"type": "LineString", "coordinates": [[2.407067367592915, 6.3808413049313], [2.4039759, 6.3785441]]}, "properties": {"kind": "split_half", "winner": "Houéhoun", "color": "#cdb33b", "length_m": 426.0}}, {"type": "Feature", "geometry": {"type": "LineString", "coordinates": [[2.4139342, 6.3871308], [2.4133080451551505, 6.3879326012684015]]}, "properties": {"kind": "split_half", "winner": "Gbèdjromèdè-Nord", "color": "#ce4bab", "length_m": 112.5}}, {"type": "Feature", "geometry": {"type": "LineString", "coordinates": [[2.4133080451551505, 6.3879326012684015], [2.4131977, 6.3880739]]}, "properties": {"kind": "split_half", "winner": "Mèdédjro", "color": "#c9643b", "length_m": 19.8}}, {"type": "Feature", "geometry": {"type": "LineString", "coordinates": [[2.4139342, 6.3871308], [2.4135448241245663, 6.386822158296486]]}, "properties": {"kind": "split_half", "winner": "Gbèdjromèdè-Nord", "color": "#ce4bab", "length_m": 55.0}}, {"type": "Feature", "geometry": {"type": "LineString", "coordinates": [[2.4135448241245663, 6.386822158296486], [2.4134548, 6.3867508]]}, "properties": {"kind": "split_half", "winner": "Mèdédjro", "color": "#c9643b", "length_m": 12.7}}, {"type": "Feature", "geometry": {"type": "LineString", "coordinates": [[2.4134548, 6.3867508], [2.413526365469147, 6.386661818155618]]}, "properties": {"kind": "split_half", "winner": "Gbèdjromèdè-Nord", "color": "#ce4bab", "length_m": 12.6}}, {"type": "Feature", "geometry": {"type": "LineString", "coordinates": [[2.413526365469147, 6.386661818155618], [2.4138164, 6.3863012]]}, "properties": {"kind": "split_half", "winner": "Mèdédjro", "color": "#c9643b", "length_m": 51.2}}, {"type": "Feature", "geometry": {"type": "LineString", "coordinates": [[2.4083665, 6.3826272], [2.408141940346469, 6.382450739699363]]}, "properties": {"kind": "split_half", "winner": "Houéhoun", "color": "#cdb33b", "length_m": 31.6}}, {"type": "Feature", "geometry": {"type": "LineString", "coordinates": [[2.408141940346469, 6.382450739699363], [2.4078987, 6.3822596]]}, "properties": {"kind": "split_half", "winner": "Mèdédjro", "color": "#c9643b", "length_m": 34.2}}, {"type": "Feature", "geometry": {"type": "LineString", "coordinates": [[2.4083665, 6.3826272], [2.408544942712984, 6.382402537430564]]}, "properties": {"kind": "split_half", "winner": "Houéhoun", "color": "#cdb33b", "length_m": 31.7}}, {"type": "Feature", "geometry": {"type": "LineString", "coordinates": [[2.408544942712984, 6.382402537430564], [2.409456, 6.3812555]]}, "properties": {"kind": "split_half", "winner": "Mèdédjro", "color": "#c9643b", "length_m": 162.0}}, {"type": "Feature", "geometry": {"type": "LineString", "coordinates": [[2.4078987, 6.3822596], [2.407692940180846, 6.382505035958918]]}, "properties": {"kind": "split_half", "winner": "Houéhoun", "color": "#cdb33b", "length_m": 35.4}}, {"type": "Feature", "geometry": {"type": "LineString", "coordinates": [[2.407692940180846, 6.382505035958918], [2.4075139, 6.3827186]]}, "properties": {"kind": "split_half", "winner": "Mèdédjro", "color": "#c9643b", "length_m": 30.8}}, {"type": "Feature", "geometry": {"type": "LineString", "coordinates": [[2.423733, 6.3779226], [2.4235552609265243, 6.378148612698723]]}, "properties": {"kind": "split_half", "winner": "Aïdjèdo", "color": "#cd3fc8", "length_m": 31.8}}, {"type": "Feature", "geometry": {"type": "LineString", "coordinates": [[2.4235552609265243, 6.378148612698723], [2.4233626, 6.3783936]]}, "properties": {"kind": "split_half", "winner": "Aïdjèdo-Ahito", "color": "#d841a1", "length_m": 34.5}}, {"type": "Feature", "geometry": {"type": "LineString", "coordinates": [[2.423733, 6.3779226], [2.4236855328873594, 6.377885184114638]]}, "properties": {"kind": "split_half", "winner": "Aïdjèdo", "color": "#cd3fc8", "length_m": 6.7}}, {"type": "Feature", "geometry": {"type": "LineString", "coordinates": [[2.4236855328873594, 6.377885184114638], [2.4224957, 6.3769473]]}, "properties": {"kind": "split_half", "winner": "Aïdjèdo-Ahito", "color": "#d841a1", "length_m": 167.6}}, {"type": "Feature", "geometry": {"type": "LineString", "coordinates": [[2.4233626, 6.3783936], [2.423413450374178, 6.378434270192664]]}, "properties": {"kind": "split_half", "winner": "Aïdjèdo", "color": "#cd3fc8", "length_m": 7.2}}, {"type": "Feature", "geometry": {"type": "LineString", "coordinates": [[2.423413450374178, 6.378434270192664], [2.4244695, 6.3792789]]}, "properties": {"kind": "split_half", "winner": "Aïdjèdo-Ahito", "color": "#d841a1", "length_m": 149.6}}, {"type": "Feature", "geometry": {"type": "LineString", "coordinates": [[2.4233626, 6.3783936], [2.423287851709698, 6.378488637706517]]}, "properties": {"kind": "split_half", "winner": "Aïdjèdo", "color": "#cd3fc8", "length_m": 13.4}}, {"type": "Feature", "geometry": {"type": "LineString", "coordinates": [[2.423287851709698, 6.378488637706517], [2.4230034, 6.3788503]]}, "properties": {"kind": "split_half", "winner": "Aïdjèdo-Ahito", "color": "#d841a1", "length_m": 50.9}}, {"type": "Feature", "geometry": {"type": "LineString", "coordinates": [[2.4230034, 6.3788503], [2.4223762, 6.3783549]]}, "properties": {"kind": "split_half", "winner": "Aïdjèdo", "color": "#cd3fc8", "length_m": 88.4}}, {"type": "Feature", "geometry": {"type": "LineString", "coordinates": [[2.4223762, 6.3783549], [2.421749, 6.3778595]]}, "properties": {"kind": "split_half", "winner": "Aïdjèdo-Ahito", "color": "#d841a1", "length_m": 88.4}}, {"type": "Feature", "geometry": {"type": "LineString", "coordinates": [[2.433323, 6.3870538], [2.4331526363158287, 6.387268738797635]]}, "properties": {"kind": "split_half", "winner": "Ahouansori-Towéta-Kpota", "color": "#62d440", "length_m": 30.3}}, {"type": "Feature", "geometry": {"type": "LineString", "coordinates": [[2.4331526363158287, 6.387268738797635], [2.4329538, 6.3875196]]}, "properties": {"kind": "split_half", "winner": "Djidjè-Aïchédji", "color": "#dbc944", "length_m": 35.4}}, {"type": "Feature", "geometry": {"type": "LineString", "coordinates": [[2.4329538, 6.3875196], [2.432702176970114, 6.38731962871341]]}, "properties": {"kind": "split_half", "winner": "Ahouansori-Towéta-Kpota", "color": "#62d440", "length_m": 35.5}}, {"type": "Feature", "geometry": {"type": "LineString", "coordinates": [[2.432702176970114, 6.38731962871341], [2.4315849, 6.3864317]]}, "properties": {"kind": "split_half", "winner": "Djidjè-Aïchédji", "color": "#dbc944", "length_m": 157.8}}, {"type": "Feature", "geometry": {"type": "LineString", "coordinates": [[2.4308628, 6.3873391], [2.431063143359562, 6.387495553369276]]}, "properties": {"kind": "split_half", "winner": "Ahouansori-Towéta-Kpota", "color": "#62d440", "length_m": 28.1}}, {"type": "Feature", "geometry": {"type": "LineString", "coordinates": [[2.431063143359562, 6.387495553369276], [2.4322427, 6.3884167]]}, "properties": {"kind": "split_half", "winner": "Djidjè-Aïchédji", "color": "#dbc944", "length_m": 165.5}}, {"type": "Feature", "geometry": {"type": "LineString", "coordinates": [[2.4308628, 6.3873391], [2.4307053771908205, 6.387535258819338]]}, "properties": {"kind": "split_half", "winner": "Ahouansori-Towéta-Kpota", "color": "#62d440", "length_m": 27.8}}, {"type": "Feature", "geometry": {"type": "LineString", "coordinates": [[2.4307053771908205, 6.387535258819338], [2.4304881, 6.387806]]}, "properties": {"kind": "split_half", "winner": "Djidjè-Aïchédji", "color": "#dbc944", "length_m": 38.4}}, {"type": "Feature", "geometry": {"type": "LineString", "coordinates": [[2.4211116, 6.3781079], [2.4208805122244, 6.378401340823577]]}, "properties": {"kind": "split_half", "winner": "Gbèdjromèdè", "color": "#4ed9d7", "length_m": 41.3}}, {"type": "Feature", "geometry": {"type": "LineString", "coordinates": [[2.4208805122244, 6.378401340823577], [2.4207421, 6.3785771]]}, "properties": {"kind": "split_half", "winner": "Aïdjèdo-Ahito", "color": "#d841a1", "length_m": 24.7}}, {"type": "Feature", "geometry": {"type": "LineString", "coordinates": [[2.4211116, 6.3781079], [2.4199645865452775, 6.3772186174602465]]}, "properties": {"kind": "split_half", "winner": "Gbèdjromèdè", "color": "#4ed9d7", "length_m": 160.5}}, {"type": "Feature", "geometry": {"type": "LineString", "coordinates": [[2.4199645865452775, 6.3772186174602465], [2.419922, 6.3771856]]}, "properties": {"kind": "split_half", "winner": "Aïdjèdo-Ahito", "color": "#d841a1", "length_m": 6.0}}, {"type": "Feature", "geometry": {"type": "LineString", "coordinates": [[2.4252164, 6.3828448], [2.426222126358426, 6.383654001005873]]}, "properties": {"kind": "split_half", "winner": "Ahouansouri-Agata", "color": "#dbcc47", "length_m": 142.8}}, {"type": "Feature", "geometry": {"type": "LineString", "coordinates": [[2.426222126358426, 6.383654001005873], [2.4266227, 6.3839763]]}, "properties": {"kind": "split_half", "winner": "Aïdjèdo-Gbègo", "color": "#d8673e", "length_m": 56.9}}, {"type": "Feature", "geometry": {"type": "LineString", "coordinates": [[2.4266227, 6.3839763], [2.426308512262956, 6.3843744362408525]]}, "properties": {"kind": "split_half", "winner": "Ahouansouri-Agata", "color": "#dbcc47", "length_m": 56.1}}, {"type": "Feature", "geometry": {"type": "LineString", "coordinates": [[2.426308512262956, 6.3843744362408525], [2.4262548, 6.3844425]]}, "properties": {"kind": "split_half", "winner": "Aïdjèdo-Gbègo", "color": "#d8673e", "length_m": 9.6}}, {"type": "Feature", "geometry": {"type": "LineString", "coordinates": [[2.4328303, 6.3761051], [2.432772558060311, 6.376178316877936]]}, "properties": {"kind": "split_half", "winner": "Hindé-Nord", "color": "#cb7648", "length_m": 10.3}}, {"type": "Feature", "geometry": {"type": "LineString", "coordinates": [[2.432772558060311, 6.376178316877936], [2.4323609, 6.3767003]]}, "properties": {"kind": "split_half", "winner": "Hindé-Sud", "color": "#cb4954", "length_m": 73.5}}, {"type": "Feature", "geometry": {"type": "LineString", "coordinates": [[2.4323609, 6.3767003], [2.433048516059491, 6.3772591732762]]}, "properties": {"kind": "split_half", "winner": "Hindé-Nord", "color": "#cb7648", "length_m": 98.0}}, {"type": "Feature", "geometry": {"type": "LineString", "coordinates": [[2.433048516059491, 6.3772591732762], [2.4337298, 6.3778129]]}, "properties": {"kind": "split_half", "winner": "Hindé-Sud", "color": "#cb4954", "length_m": 97.1}}, {"type": "Feature", "geometry": {"type": "LineString", "coordinates": [[2.4296609, 6.3754914], [2.4301045376428263, 6.37586005884669]]}, "properties": {"kind": "split_half", "winner": "Hindé-Nord", "color": "#cb7648", "length_m": 63.8}}, {"type": "Feature", "geometry": {"type": "LineString", "coordinates": [[2.4301045376428263, 6.37586005884669], [2.4305076, 6.376195]]}, "properties": {"kind": "split_half", "winner": "Aïdjèdo-Vignon", "color": "#4bda71", "length_m": 58.0}}, {"type": "Feature", "geometry": {"type": "LineString", "coordinates": [[2.4305076, 6.376195], [2.4302975948870746, 6.376460213377008]]}, "properties": {"kind": "split_half", "winner": "Hindé-Nord", "color": "#cb7648", "length_m": 37.4}}, {"type": "Feature", "geometry": {"type": "LineString", "coordinates": [[2.4302975948870746, 6.376460213377008], [2.4302128, 6.3765673]]}, "properties": {"kind": "split_half", "winner": "Aïdjèdo-Vignon", "color": "#4bda71", "length_m": 15.1}}, {"type": "Feature", "geometry": {"type": "LineString", "coordinates": [[2.4248356, 6.3841918], [2.4264937158180455, 6.385506956810163]]}, "properties": {"kind": "split_half", "winner": "Ahouansouri-Agata", "color": "#dbcc47", "length_m": 234.1}}, {"type": "Feature", "geometry": {"type": "LineString", "coordinates": [[2.4264937158180455, 6.385506956810163], [2.4265031, 6.3855144]]}, "properties": {"kind": "split_half", "winner": "Ahouansori-Towéta", "color": "#d1713e", "length_m": 1.3}}, {"type": "Feature", "geometry": {"type": "LineString", "coordinates": [[2.4265031, 6.3855144], [2.4265102430847487, 6.38550532415236]]}, "properties": {"kind": "split_half", "winner": "Ahouansouri-Agata", "color": "#dbcc47", "length_m": 1.3}}, {"type": "Feature", "geometry": {"type": "LineString", "coordinates": [[2.4265102430847487, 6.38550532415236], [2.4268542, 6.3850683]]}, "properties": {"kind": "split_half", "winner": "Ahouansori-Towéta", "color": "#d1713e", "length_m": 61.5}}, {"type": "Feature", "geometry": {"type": "LineString", "coordinates": [[2.4309285, 6.3785167], [2.4305730805685526, 6.378967267350512]]}, "properties": {"kind": "split_half", "winner": "Hindé-Nord", "color": "#cb7648", "length_m": 63.5}}, {"type": "Feature", "geometry": {"type": "LineString", "coordinates": [[2.4305730805685526, 6.378967267350512], [2.4304795, 6.3790859]]}, "properties": {"kind": "split_half", "winner": "Djidjè", "color": "#a5d441", "length_m": 16.7}}, {"type": "Feature", "geometry": {"type": "LineString", "coordinates": [[2.4309285, 6.3785167], [2.431372948474481, 6.378869411111967]]}, "properties": {"kind": "split_half", "winner": "Hindé-Nord", "color": "#cb7648", "length_m": 62.8}}, {"type": "Feature", "geometry": {"type": "LineString", "coordinates": [[2.431372948474481, 6.378869411111967], [2.4323519, 6.3796463]]}, "properties": {"kind": "split_half", "winner": "Djidjè", "color": "#a5d441", "length_m": 138.2}}, {"type": "Feature", "geometry": {"type": "LineString", "coordinates": [[2.4332321, 6.3784446], [2.43359465, 6.37871815]]}, "properties": {"kind": "split_half", "winner": "Hindé-Nord", "color": "#cb7648", "length_m": 50.2}}, {"type": "Feature", "geometry": {"type": "LineString", "coordinates": [[2.43359465, 6.37871815], [2.4339572, 6.3789917]]}, "properties": {"kind": "split_half", "winner": "Djidjè", "color": "#a5d441", "length_m": 50.2}}, {"type": "Feature", "geometry": {"type": "LineString", "coordinates": [[2.4332321, 6.3784446], [2.4330900210632396, 6.378627425599395]]}, "properties": {"kind": "split_half", "winner": "Hindé-Nord", "color": "#cb7648", "length_m": 25.6}}, {"type": "Feature", "geometry": {"type": "LineString", "coordinates": [[2.4330900210632396, 6.378627425599395], [2.4328067, 6.378992]]}, "properties": {"kind": "split_half", "winner": "Djidjè", "color": "#a5d441", "length_m": 51.1}}, {"type": "Feature", "geometry": {"type": "LineString", "coordinates": [[2.4314132, 6.3779021], [2.432463534404207, 6.37872359943821]]}, "properties": {"kind": "split_half", "winner": "Hindé-Nord", "color": "#cb7648", "length_m": 147.5}}, {"type": "Feature", "geometry": {"type": "LineString", "coordinates": [[2.432463534404207, 6.37872359943821], [2.4328067, 6.378992]]}, "properties": {"kind": "split_half", "winner": "Djidjè", "color": "#a5d441", "length_m": 48.2}}, {"type": "Feature", "geometry": {"type": "LineString", "coordinates": [[2.3845382, 6.3905507], [2.384298997811585, 6.390781554794973]]}, "properties": {"kind": "split_half", "winner": "Agounvocôdji", "color": "#46df8d", "length_m": 36.8}}, {"type": "Feature", "geometry": {"type": "LineString", "coordinates": [[2.384298997811585, 6.390781554794973], [2.3842717, 6.3908079]]}, "properties": {"kind": "split_half", "winner": "Zogbohouè", "color": "#d3455f", "length_m": 4.2}}, {"type": "Feature", "geometry": {"type": "LineString", "coordinates": [[2.3845382, 6.3905507], [2.384265228596335, 6.390442349310349]]}, "properties": {"kind": "split_half", "winner": "Agounvocôdji", "color": "#46df8d", "length_m": 32.5}}, {"type": "Feature", "geometry": {"type": "LineString", "coordinates": [[2.384265228596335, 6.390442349310349], [2.3827268, 6.3898317]]}, "properties": {"kind": "split_half", "winner": "Zogbohouè", "color": "#d3455f", "length_m": 183.1}}, {"type": "Feature", "geometry": {"type": "LineString", "coordinates": [[2.3966258, 6.3729156], [2.3963677879285536, 6.373242795777682]]}, "properties": {"kind": "split_half", "winner": "Vodjè-Finagnon", "color": "#d2794a", "length_m": 46.1}}, {"type": "Feature", "geometry": {"type": "LineString", "coordinates": [[2.3963677879285536, 6.373242795777682], [2.3962551, 6.3733857]]}, "properties": {"kind": "split_half", "winner": "Houéyihô-Tannou", "color": "#db9443", "length_m": 20.1}}, {"type": "Feature", "geometry": {"type": "LineString", "coordinates": [[2.3962551, 6.3733857], [2.396398683071791, 6.373497836311057]]}, "properties": {"kind": "split_half", "winner": "Vodjè-Finagnon", "color": "#d2794a", "length_m": 20.1}}, {"type": "Feature", "geometry": {"type": "LineString", "coordinates": [[2.396398683071791, 6.373497836311057], [2.3978034, 6.3745949]]}, "properties": {"kind": "split_half", "winner": "Houéyihô-Tannou", "color": "#db9443", "length_m": 197.1}}, {"type": "Feature", "geometry": {"type": "LineString", "coordinates": [[2.396779, 6.3759056], [2.396621715296947, 6.375779645395055]]}, "properties": {"kind": "split_half", "winner": "Vodjè-Finagnon", "color": "#d2794a", "length_m": 22.3}}, {"type": "Feature", "geometry": {"type": "LineString", "coordinates": [[2.396621715296947, 6.375779645395055], [2.395167, 6.3746147]]}, "properties": {"kind": "split_half", "winner": "Houéyihô-Tannou", "color": "#db9443", "length_m": 206.1}}, {"type": "Feature", "geometry": {"type": "LineString", "coordinates": [[2.396779, 6.3759056], [2.396655336586552, 6.376063849910987]]}, "properties": {"kind": "split_half", "winner": "Vodjè-Finagnon", "color": "#d2794a", "length_m": 22.2}}, {"type": "Feature", "geometry": {"type": "LineString", "coordinates": [[2.396655336586552, 6.376063849910987], [2.396464, 6.3763087]]}, "properties": {"kind": "split_half", "winner": "Houéyihô-Tannou", "color": "#db9443", "length_m": 34.4}}, {"type": "Feature", "geometry": {"type": "LineString", "coordinates": [[2.4535293, 6.3824218], [2.4516507355968002, 6.3824336896481215]]}, "properties": {"kind": "split_half", "winner": "Kpondéhou-Tchèmè", "color": "#48c78e", "length_m": 207.8}}, {"type": "Feature", "geometry": {"type": "LineString", "coordinates": [[2.4516507355968002, 6.3824336896481215], [2.4515859, 6.3824341]]}, "properties": {"kind": "split_half", "winner": "Ayélawadjè-Agongbomè", "color": "#83ce4d", "length_m": 7.2}}, {"type": "Feature", "geometry": {"type": "LineString", "coordinates": [[2.4515859, 6.3824341], [2.451582503434421, 6.3823639478570815]]}, "properties": {"kind": "split_half", "winner": "Kpondéhou-Tchèmè", "color": "#48c78e", "length_m": 7.8}}, {"type": "Feature", "geometry": {"type": "LineString", "coordinates": [[2.451582503434421, 6.3823639478570815], [2.4515807, 6.3823267]]}, "properties": {"kind": "split_half", "winner": "Ayélawadjè-Agongbomè", "color": "#83ce4d", "length_m": 4.1}}, {"type": "Feature", "geometry": {"type": "LineString", "coordinates": [[2.4509362, 6.3823328], [2.4515463165431983, 6.382327025429149]]}, "properties": {"kind": "split_half", "winner": "Kpondéhou-Tchèmè", "color": "#48c78e", "length_m": 67.5}}, {"type": "Feature", "geometry": {"type": "LineString", "coordinates": [[2.4515463165431983, 6.382327025429149], [2.4515807, 6.3823267]]}, "properties": {"kind": "split_half", "winner": "Ayélawadjè-Agongbomè", "color": "#83ce4d", "length_m": 3.8}}, {"type": "Feature", "geometry": {"type": "LineString", "coordinates": [[2.4446248, 6.3626789], [2.444724306980858, 6.362758670991076]]}, "properties": {"kind": "split_half", "winner": "Ohé", "color": "#d64d93", "length_m": 14.1}}, {"type": "Feature", "geometry": {"type": "LineString", "coordinates": [[2.444724306980858, 6.362758670991076], [2.4448895, 6.3628911]]}, "properties": {"kind": "split_half", "winner": "Abokicodji-Lagune", "color": "#44db71", "length_m": 23.4}}, {"type": "Feature", "geometry": {"type": "LineString", "coordinates": [[2.4442683, 6.3636459], [2.4443528457522232, 6.363543171194819]]}, "properties": {"kind": "split_half", "winner": "Ohé", "color": "#d64d93", "length_m": 14.7}}, {"type": "Feature", "geometry": {"type": "LineString", "coordinates": [[2.4443528457522232, 6.363543171194819], [2.4448895, 6.3628911]]}, "properties": {"kind": "split_half", "winner": "Abokicodji-Lagune", "color": "#44db71", "length_m": 93.4}}, {"type": "Feature", "geometry": {"type": "LineString", "coordinates": [[2.4428048, 6.3698049], [2.4427085561590087, 6.369280533607373]]}, "properties": {"kind": "split_half", "winner": "Dédokpo", "color": "#cf4d46", "length_m": 58.9}}, {"type": "Feature", "geometry": {"type": "LineString", "coordinates": [[2.4427085561590087, 6.369280533607373], [2.4427071, 6.3692726]]}, "properties": {"kind": "split_half", "winner": "Misséssin", "color": "#49cf57", "length_m": 0.9}}, {"type": "Feature", "geometry": {"type": "LineString", "coordinates": [[2.4428048, 6.3698049], [2.442072359065098, 6.369695596010239]]}, "properties": {"kind": "split_half", "winner": "Dédokpo", "color": "#cf4d46", "length_m": 81.9}}, {"type": "Feature", "geometry": {"type": "LineString", "coordinates": [[2.442072359065098, 6.369695596010239], [2.4414693, 6.3696056]]}, "properties": {"kind": "split_half", "winner": "Misséssin", "color": "#49cf57", "length_m": 67.5}}, {"type": "Feature", "geometry": {"type": "LineString", "coordinates": [[2.4414311, 6.3791577], [2.4413893824754447, 6.3794326806193045]]}, "properties": {"kind": "split_half", "winner": "Midombo", "color": "#50d9b9", "length_m": 30.7}}, {"type": "Feature", "geometry": {"type": "LineString", "coordinates": [[2.4413893824754447, 6.3794326806193045], [2.4413371, 6.3797773]]}, "properties": {"kind": "split_half", "winner": "Kpankpan", "color": "#49df44", "length_m": 38.5}}, {"type": "Feature", "geometry": {"type": "LineString", "coordinates": [[2.4413371, 6.3797773], [2.44186261068506, 6.379774202358555]]}, "properties": {"kind": "split_half", "winner": "Midombo", "color": "#50d9b9", "length_m": 58.1}}, {"type": "Feature", "geometry": {"type": "LineString", "coordinates": [[2.44186261068506, 6.379774202358555], [2.4432202, 6.3797662]]}, "properties": {"kind": "split_half", "winner": "Kpankpan", "color": "#49df44", "length_m": 150.2}}, {"type": "Feature", "geometry": {"type": "LineString", "coordinates": [[2.4403926, 6.3779042], [2.44069715, 6.3778866999999995]]}, "properties": {"kind": "split_half", "winner": "Midombo", "color": "#50d9b9", "length_m": 33.7}}, {"type": "Feature", "geometry": {"type": "LineString", "coordinates": [[2.44069715, 6.3778866999999995], [2.4410017, 6.3778692]]}, "properties": {"kind": "split_half", "winner": "Kpankpan", "color": "#49df44", "length_m": 33.7}}, {"type": "Feature", "geometry": {"type": "LineString", "coordinates": [[2.4403926, 6.3779042], [2.44036575, 6.37816635]]}, "properties": {"kind": "split_half", "winner": "Midombo", "color": "#50d9b9", "length_m": 29.1}}, {"type": "Feature", "geometry": {"type": "LineString", "coordinates": [[2.44036575, 6.37816635], [2.4403389, 6.3784285]]}, "properties": {"kind": "split_half", "winner": "Kpankpan", "color": "#49df44", "length_m": 29.1}}, {"type": "Feature", "geometry": {"type": "LineString", "coordinates": [[2.4399023, 6.3784105], [2.4401206, 6.3784195]]}, "properties": {"kind": "split_half", "winner": "Midombo", "color": "#50d9b9", "length_m": 24.2}}, {"type": "Feature", "geometry": {"type": "LineString", "coordinates": [[2.4401206, 6.3784195], [2.4403389, 6.3784285]]}, "properties": {"kind": "split_half", "winner": "Kpankpan", "color": "#49df44", "length_m": 24.2}}, {"type": "Feature", "geometry": {"type": "LineString", "coordinates": [[2.4403389, 6.3784285], [2.44023675, 6.379101]]}, "properties": {"kind": "split_half", "winner": "Midombo", "color": "#50d9b9", "length_m": 75.2}}, {"type": "Feature", "geometry": {"type": "LineString", "coordinates": [[2.44023675, 6.379101], [2.4401346, 6.3797735]]}, "properties": {"kind": "split_half", "winner": "Kpankpan", "color": "#49df44", "length_m": 75.2}}, {"type": "Feature", "geometry": {"type": "LineString", "coordinates": [[2.4579022, 6.3822615], [2.4579058, 6.3819421]]}, "properties": {"kind": "split_half", "winner": "Ahouassa", "color": "#3dc973", "length_m": 35.3}}, {"type": "Feature", "geometry": {"type": "LineString", "coordinates": [[2.4579058, 6.3819421], [2.4579094, 6.3816227]]}, "properties": {"kind": "split_half", "winner": "Sènadé", "color": "#d38544", "length_m": 35.3}}, {"type": "Feature", "geometry": {"type": "LineString", "coordinates": [[2.4592189, 6.3816239], [2.45856415, 6.3816233]]}, "properties": {"kind": "split_half", "winner": "Ahouassa", "color": "#3dc973", "length_m": 72.4}}, {"type": "Feature", "geometry": {"type": "LineString", "coordinates": [[2.45856415, 6.3816233], [2.4579094, 6.3816227]]}, "properties": {"kind": "split_half", "winner": "Sènadé", "color": "#d38544", "length_m": 72.4}}, {"type": "Feature", "geometry": {"type": "LineString", "coordinates": [[2.4592244, 6.3809864], [2.4592162477490205, 6.380488336285387]]}, "properties": {"kind": "split_half", "winner": "Ahouassa", "color": "#3dc973", "length_m": 55.1}}, {"type": "Feature", "geometry": {"type": "LineString", "coordinates": [[2.4592162477490205, 6.380488336285387], [2.4592139, 6.3803449]]}, "properties": {"kind": "split_half", "winner": "Sènadé", "color": "#d38544", "length_m": 15.9}}, {"type": "Feature", "geometry": {"type": "LineString", "coordinates": [[2.4592244, 6.3809864], [2.458325054860065, 6.380982301822101]]}, "properties": {"kind": "split_half", "winner": "Ahouassa", "color": "#3dc973", "length_m": 99.5}}, {"type": "Feature", "geometry": {"type": "LineString", "coordinates": [[2.458325054860065, 6.380982301822101], [2.4579077, 6.3809804]]}, "properties": {"kind": "split_half", "winner": "Sènadé", "color": "#d38544", "length_m": 46.2}}, {"type": "Feature", "geometry": {"type": "LineString", "coordinates": [[2.4616032, 6.3809595], [2.4616059079973867, 6.381079607648797]]}, "properties": {"kind": "split_half", "winner": "Ahouassa", "color": "#3dc973", "length_m": 13.3}}, {"type": "Feature", "geometry": {"type": "LineString", "coordinates": [[2.4616059079973867, 6.381079607648797], [2.4616168, 6.3815627]]}, "properties": {"kind": "split_half", "winner": "Suru-Léré", "color": "#ca4c98", "length_m": 53.4}}, {"type": "Feature", "geometry": {"type": "LineString", "coordinates": [[2.4616032, 6.3809595], [2.4614826099439955, 6.380960771792572]]}, "properties": {"kind": "split_half", "winner": "Ahouassa", "color": "#3dc973", "length_m": 13.3}}, {"type": "Feature", "geometry": {"type": "LineString", "coordinates": [[2.4614826099439955, 6.380960771792572], [2.4594034, 6.3809827]]}, "properties": {"kind": "split_half", "winner": "Suru-Léré", "color": "#ca4c98", "length_m": 230.0}}, {"type": "Feature", "geometry": {"type": "LineString", "coordinates": [[2.4628699, 6.3839931], [2.4632348, 6.3839808]]}, "properties": {"kind": "split_half", "winner": "Ahouassa", "color": "#3dc973", "length_m": 40.4}}, {"type": "Feature", "geometry": {"type": "LineString", "coordinates": [[2.4632348, 6.3839808], [2.4635997, 6.3839685]]}, "properties": {"kind": "split_half", "winner": "Kowégbo", "color": "#4ad651", "length_m": 40.4}}, {"type": "Feature", "geometry": {"type": "LineString", "coordinates": [[2.4635997, 6.3839685], [2.4635663, 6.3837135499999995]]}, "properties": {"kind": "split_half", "winner": "Ahouassa", "color": "#3dc973", "length_m": 28.4}}, {"type": "Feature", "geometry": {"type": "LineString", "coordinates": [[2.4635663, 6.3837135499999995], [2.4635329, 6.3834586]]}, "properties": {"kind": "split_half", "winner": "Kowégbo", "color": "#4ad651", "length_m": 28.4}}, {"type": "Feature", "geometry": {"type": "LineString", "coordinates": [[2.464168, 6.3803055], [2.465337822146511, 6.3802996486387435]]}, "properties": {"kind": "split_half", "winner": "Kowégbo", "color": "#4ad651", "length_m": 129.4}}, {"type": "Feature", "geometry": {"type": "LineString", "coordinates": [[2.465337822146511, 6.3802996486387435], [2.4657274, 6.3802977]]}, "properties": {"kind": "split_half", "winner": "Suru-Léré", "color": "#ca4c98", "length_m": 43.1}}, {"type": "Feature", "geometry": {"type": "LineString", "coordinates": [[2.4657274, 6.3802977], [2.465730146781652, 6.379906195951335]]}, "properties": {"kind": "split_half", "winner": "Kowégbo", "color": "#4ad651", "length_m": 43.3}}, {"type": "Feature", "geometry": {"type": "LineString", "coordinates": [[2.465730146781652, 6.379906195951335], [2.4657321, 6.3796278]]}, "properties": {"kind": "split_half", "winner": "Suru-Léré", "color": "#ca4c98", "length_m": 30.8}}, {"type": "Feature", "geometry": {"type": "LineString", "coordinates": [[2.4641772, 6.3822078], [2.4641745, 6.38187665]]}, "properties": {"kind": "split_half", "winner": "Kowégbo", "color": "#4ad651", "length_m": 36.6}}, {"type": "Feature", "geometry": {"type": "LineString", "coordinates": [[2.4641745, 6.38187665], [2.4641718, 6.3815455]]}, "properties": {"kind": "split_half", "winner": "Suru-Léré", "color": "#ca4c98", "length_m": 36.6}}, {"type": "Feature", "geometry": {"type": "LineString", "coordinates": [[2.4641718, 6.3815455], [2.46495465, 6.381539]]}, "properties": {"kind": "split_half", "winner": "Kowégbo", "color": "#4ad651", "length_m": 86.6}}, {"type": "Feature", "geometry": {"type": "LineString", "coordinates": [[2.46495465, 6.381539], [2.4657375, 6.3815325]]}, "properties": {"kind": "split_half", "winner": "Suru-Léré", "color": "#ca4c98", "length_m": 86.6}}, {"type": "Feature", "geometry": {"type": "LineString", "coordinates": [[2.452574, 6.3922581], [2.4523447999999997, 6.3923205]]}, "properties": {"kind": "split_half", "winner": "Minontchou", "color": "#d34580", "length_m": 26.3}}, {"type": "Feature", "geometry": {"type": "LineString", "coordinates": [[2.4523447999999997, 6.3923205], [2.4521156, 6.3923829]]}, "properties": {"kind": "split_half", "winner": "Gankpodo", "color": "#43d4ca", "length_m": 26.3}}, {"type": "Feature", "geometry": {"type": "LineString", "coordinates": [[2.4521156, 6.3923829], [2.452112318192839, 6.391488110305055]]}, "properties": {"kind": "split_half", "winner": "Minontchou", "color": "#d34580", "length_m": 98.9}}, {"type": "Feature", "geometry": {"type": "LineString", "coordinates": [[2.452112318192839, 6.391488110305055], [2.452109, 6.3905834]]}, "properties": {"kind": "split_half", "winner": "Gankpodo", "color": "#43d4ca", "length_m": 100.0}}, {"type": "Feature", "geometry": {"type": "LineString", "coordinates": [[2.4516482, 6.3905842], [2.4519419274393277, 6.390583690056529]]}, "properties": {"kind": "split_half", "winner": "Minontchou", "color": "#d34580", "length_m": 32.5}}, {"type": "Feature", "geometry": {"type": "LineString", "coordinates": [[2.4519419274393277, 6.390583690056529], [2.452109, 6.3905834]]}, "properties": {"kind": "split_half", "winner": "Gankpodo", "color": "#43d4ca", "length_m": 18.5}}, {"type": "Feature", "geometry": {"type": "LineString", "coordinates": [[2.4511737, 6.3926393], [2.45086615, 6.392723]]}, "properties": {"kind": "split_half", "winner": "Agbodjèdo", "color": "#88d040", "length_m": 35.3}}, {"type": "Feature", "geometry": {"type": "LineString", "coordinates": [[2.45086615, 6.392723], [2.4505586, 6.3928067]]}, "properties": {"kind": "split_half", "winner": "Minontchou", "color": "#d34580", "length_m": 35.3}}, {"type": "Feature", "geometry": {"type": "LineString", "coordinates": [[2.4505586, 6.3928067], [2.4507616, 6.3936715]]}, "properties": {"kind": "split_half", "winner": "Agbodjèdo", "color": "#88d040", "length_m": 98.2}}, {"type": "Feature", "geometry": {"type": "LineString", "coordinates": [[2.4507616, 6.3936715], [2.4509646, 6.3945363]]}, "properties": {"kind": "split_half", "winner": "Minontchou", "color": "#d34580", "length_m": 98.2}}, {"type": "Feature", "geometry": {"type": "LineString", "coordinates": [[2.4446307, 6.3859338], [2.443785912862367, 6.385937495989022]]}, "properties": {"kind": "split_half", "winner": "Sègbèya-Nord", "color": "#c64b87", "length_m": 93.5}}, {"type": "Feature", "geometry": {"type": "LineString", "coordinates": [[2.443785912862367, 6.385937495989022], [2.443465, 6.3859389]]}, "properties": {"kind": "split_half", "winner": "Adôgléta", "color": "#90d348", "length_m": 35.5}}, {"type": "Feature", "geometry": {"type": "LineString", "coordinates": [[2.443465, 6.3859389], [2.4434683109249162, 6.386331341982712]]}, "properties": {"kind": "split_half", "winner": "Sègbèya-Nord", "color": "#c64b87", "length_m": 43.4}}, {"type": "Feature", "geometry": {"type": "LineString", "coordinates": [[2.4434683109249162, 6.386331341982712], [2.4434701, 6.3865434]]}, "properties": {"kind": "split_half", "winner": "Adôgléta", "color": "#90d348", "length_m": 23.4}}, {"type": "Feature", "geometry": {"type": "LineString", "coordinates": [[2.4418608, 6.3859519], [2.44185955, 6.3862493]]}, "properties": {"kind": "split_half", "winner": "Sègbèya-Nord", "color": "#c64b87", "length_m": 32.9}}, {"type": "Feature", "geometry": {"type": "LineString", "coordinates": [[2.44185955, 6.3862493], [2.4418583, 6.3865467]]}, "properties": {"kind": "split_half", "winner": "Adôgléta", "color": "#90d348", "length_m": 32.9}}, {"type": "Feature", "geometry": {"type": "LineString", "coordinates": [[2.4406465, 6.3865497], [2.4412523999999998, 6.3865482]]}, "properties": {"kind": "split_half", "winner": "Sègbèya-Nord", "color": "#c64b87", "length_m": 67.0}}, {"type": "Feature", "geometry": {"type": "LineString", "coordinates": [[2.4412523999999998, 6.3865482], [2.4418583, 6.3865467]]}, "properties": {"kind": "split_half", "winner": "Adôgléta", "color": "#90d348", "length_m": 67.0}}, {"type": "Feature", "geometry": {"type": "LineString", "coordinates": [[2.4427987, 6.3843973], [2.442761419246858, 6.384129823363588]]}, "properties": {"kind": "split_half", "winner": "Sègbèya-Sud", "color": "#42c8b0", "length_m": 29.9}}, {"type": "Feature", "geometry": {"type": "LineString", "coordinates": [[2.442761419246858, 6.384129823363588], [2.4427111, 6.3837688]]}, "properties": {"kind": "split_half", "winner": "Adôgléta", "color": "#90d348", "length_m": 40.3}}, {"type": "Feature", "geometry": {"type": "LineString", "coordinates": [[2.4406664, 6.3837795], [2.4423850324324534, 6.383770506325121]]}, "properties": {"kind": "split_half", "winner": "Sègbèya-Sud", "color": "#42c8b0", "length_m": 190.1}}, {"type": "Feature", "geometry": {"type": "LineString", "coordinates": [[2.4423850324324534, 6.383770506325121], [2.4427111, 6.3837688]]}, "properties": {"kind": "split_half", "winner": "Adôgléta", "color": "#90d348", "length_m": 36.1}}, {"type": "Feature", "geometry": {"type": "LineString", "coordinates": [[2.4382803, 6.3828178], [2.438552829459602, 6.38202059004218]]}, "properties": {"kind": "split_half", "winner": "Adôgléta", "color": "#90d348", "length_m": 93.1}}, {"type": "Feature", "geometry": {"type": "LineString", "coordinates": [[2.438552829459602, 6.38202059004218], [2.4388139, 6.3812569]]}, "properties": {"kind": "split_half", "winner": "Kpankpan", "color": "#49df44", "length_m": 89.2}}, {"type": "Feature", "geometry": {"type": "LineString", "coordinates": [[2.4393435, 6.3814303], [2.439180262576876, 6.381376853305949]]}, "properties": {"kind": "split_half", "winner": "Adôgléta", "color": "#90d348", "length_m": 19.0}}, {"type": "Feature", "geometry": {"type": "LineString", "coordinates": [[2.439180262576876, 6.381376853305949], [2.4388139, 6.3812569]]}, "properties": {"kind": "split_half", "winner": "Kpankpan", "color": "#49df44", "length_m": 42.6}}, {"type": "Feature", "geometry": {"type": "LineString", "coordinates": [[2.4614229, 6.3854465], [2.4604307247698336, 6.385459518839428]]}, "properties": {"kind": "split_half", "winner": "Ahouassa", "color": "#3dc973", "length_m": 109.8}}, {"type": "Feature", "geometry": {"type": "LineString", "coordinates": [[2.4604307247698336, 6.385459518839428], [2.4594338, 6.3854726]]}, "properties": {"kind": "split_half", "winner": "Djédjé-Layé", "color": "#60d347", "length_m": 110.3}}, {"type": "Feature", "geometry": {"type": "LineString", "coordinates": [[2.4594207, 6.3849297], [2.459431921983338, 6.385394769828574]]}, "properties": {"kind": "split_half", "winner": "Ahouassa", "color": "#3dc973", "length_m": 51.4}}, {"type": "Feature", "geometry": {"type": "LineString", "coordinates": [[2.459431921983338, 6.385394769828574], [2.4594338, 6.3854726]]}, "properties": {"kind": "split_half", "winner": "Djédjé-Layé", "color": "#60d347", "length_m": 8.6}}, {"type": "Feature", "geometry": {"type": "LineString", "coordinates": [[2.4601333, 6.3858034], [2.4607837, 6.38580395]]}, "properties": {"kind": "split_half", "winner": "Ahouassa", "color": "#3dc973", "length_m": 72.0}}, {"type": "Feature", "geometry": {"type": "LineString", "coordinates": [[2.4607837, 6.38580395], [2.4614341, 6.3858045]]}, "properties": {"kind": "split_half", "winner": "Djédjé-Layé", "color": "#60d347", "length_m": 72.0}}, {"type": "Feature", "geometry": {"type": "LineString", "coordinates": [[2.4614341, 6.3858045], [2.4614422, 6.3861333]]}, "properties": {"kind": "split_half", "winner": "Ahouassa", "color": "#3dc973", "length_m": 36.4}}, {"type": "Feature", "geometry": {"type": "LineString", "coordinates": [[2.4614422, 6.3861333], [2.4614503, 6.3864621]]}, "properties": {"kind": "split_half", "winner": "Djédjé-Layé", "color": "#60d347", "length_m": 36.4}}, {"type": "Feature", "geometry": {"type": "LineString", "coordinates": [[2.4541518, 6.389124], [2.454154780655736, 6.388887269697781]]}, "properties": {"kind": "split_half", "winner": "Kpondéhou", "color": "#41c872", "length_m": 26.2}}, {"type": "Feature", "geometry": {"type": "LineString", "coordinates": [[2.454154780655736, 6.388887269697781], [2.4541608, 6.3884092]]}, "properties": {"kind": "split_half", "winner": "Gankpodo", "color": "#43d4ca", "length_m": 52.9}}, {"type": "Feature", "geometry": {"type": "LineString", "coordinates": [[2.4541608, 6.3884092], [2.4548025640732845, 6.388402845900265]]}, "properties": {"kind": "split_half", "winner": "Kpondéhou", "color": "#41c872", "length_m": 71.0}}, {"type": "Feature", "geometry": {"type": "LineString", "coordinates": [[2.4548025640732845, 6.388402845900265], [2.4561707, 6.3883893]]}, "properties": {"kind": "split_half", "winner": "Gankpodo", "color": "#43d4ca", "length_m": 151.4}}, {"type": "Feature", "geometry": {"type": "LineString", "coordinates": [[2.4573787, 6.3877751], [2.4583194500000003, 6.387768899999999]]}, "properties": {"kind": "split_half", "winner": "Djédjé-Layé", "color": "#60d347", "length_m": 104.1}}, {"type": "Feature", "geometry": {"type": "LineString", "coordinates": [[2.4583194500000003, 6.387768899999999], [2.4592602, 6.3877627]]}, "properties": {"kind": "split_half", "winner": "Gankpodo", "color": "#43d4ca", "length_m": 104.1}}, {"type": "Feature", "geometry": {"type": "LineString", "coordinates": [[2.4592787, 6.3883628], [2.45926945, 6.38806275]]}, "properties": {"kind": "split_half", "winner": "Djédjé-Layé", "color": "#60d347", "length_m": 33.2}}, {"type": "Feature", "geometry": {"type": "LineString", "coordinates": [[2.45926945, 6.38806275], [2.4592602, 6.3877627]]}, "properties": {"kind": "split_half", "winner": "Gankpodo", "color": "#43d4ca", "length_m": 33.2}}, {"type": "Feature", "geometry": {"type": "LineString", "coordinates": [[2.4592787, 6.3883628], [2.4593655500000002, 6.38836475]]}, "properties": {"kind": "split_half", "winner": "Djédjé-Layé", "color": "#60d347", "length_m": 9.6}}, {"type": "Feature", "geometry": {"type": "LineString", "coordinates": [[2.4593655500000002, 6.38836475], [2.4594524, 6.3883667]]}, "properties": {"kind": "split_half", "winner": "Gankpodo", "color": "#43d4ca", "length_m": 9.6}}, {"type": "Feature", "geometry": {"type": "LineString", "coordinates": [[2.4594524, 6.3883667], [2.45945335, 6.3884688999999995]]}, "properties": {"kind": "split_half", "winner": "Djédjé-Layé", "color": "#60d347", "length_m": 11.3}}, {"type": "Feature", "geometry": {"type": "LineString", "coordinates": [[2.45945335, 6.3884688999999995], [2.4594543, 6.3885711]]}, "properties": {"kind": "split_half", "winner": "Gankpodo", "color": "#43d4ca", "length_m": 11.3}}, {"type": "Feature", "geometry": {"type": "LineString", "coordinates": [[2.4601612, 6.3885586], [2.45980775, 6.38856485]]}, "properties": {"kind": "split_half", "winner": "Djédjé-Layé", "color": "#60d347", "length_m": 39.1}}, {"type": "Feature", "geometry": {"type": "LineString", "coordinates": [[2.45980775, 6.38856485], [2.4594543, 6.3885711]]}, "properties": {"kind": "split_half", "winner": "Gankpodo", "color": "#43d4ca", "length_m": 39.1}}, {"type": "Feature", "geometry": {"type": "LineString", "coordinates": [[2.4606911, 6.3902655], [2.46092155, 6.3902216]]}, "properties": {"kind": "split_half", "winner": "Djédjé-Layé", "color": "#60d347", "length_m": 26.0}}, {"type": "Feature", "geometry": {"type": "LineString", "coordinates": [[2.46092155, 6.3902216], [2.461152, 6.3901777]]}, "properties": {"kind": "split_half", "winner": "Gankpodo", "color": "#43d4ca", "length_m": 26.0}}, {"type": "Feature", "geometry": {"type": "LineString", "coordinates": [[2.4606911, 6.3902655], [2.46069755, 6.3918543]]}, "properties": {"kind": "split_half", "winner": "Djédjé-Layé", "color": "#60d347", "length_m": 175.6}}, {"type": "Feature", "geometry": {"type": "LineString", "coordinates": [[2.46069755, 6.3918543], [2.460704, 6.3934431]]}, "properties": {"kind": "split_half", "winner": "Gankpodo", "color": "#43d4ca", "length_m": 175.6}}, {"type": "Feature", "geometry": {"type": "LineString", "coordinates": [[2.4579418, 6.3891116], [2.45904935, 6.38909785]]}, "properties": {"kind": "split_half", "winner": "Djédjé-Layé", "color": "#60d347", "length_m": 122.5}}, {"type": "Feature", "geometry": {"type": "LineString", "coordinates": [[2.45904935, 6.38909785], [2.4601569, 6.3890841]]}, "properties": {"kind": "split_half", "winner": "Gankpodo", "color": "#43d4ca", "length_m": 122.5}}, {"type": "Feature", "geometry": {"type": "LineString", "coordinates": [[2.4601569, 6.3890841], [2.4601549499999997, 6.3893168]]}, "properties": {"kind": "split_half", "winner": "Djédjé-Layé", "color": "#60d347", "length_m": 25.7}}, {"type": "Feature", "geometry": {"type": "LineString", "coordinates": [[2.4601549499999997, 6.3893168], [2.460153, 6.3895495]]}, "properties": {"kind": "split_half", "winner": "Gankpodo", "color": "#43d4ca", "length_m": 25.7}}, {"type": "Feature", "geometry": {"type": "LineString", "coordinates": [[2.4616398, 6.3900849], [2.4613959, 6.3901313]]}, "properties": {"kind": "split_half", "winner": "Yénawa", "color": "#de4ad4", "length_m": 27.5}}, {"type": "Feature", "geometry": {"type": "LineString", "coordinates": [[2.4613959, 6.3901313], [2.461152, 6.3901777]]}, "properties": {"kind": "split_half", "winner": "Djédjé-Layé", "color": "#60d347", "length_m": 27.5}}, {"type": "Feature", "geometry": {"type": "LineString", "coordinates": [[2.4616398, 6.3900849], [2.461637, 6.39046525]]}, "properties": {"kind": "split_half", "winner": "Yénawa", "color": "#de4ad4", "length_m": 42.0}}, {"type": "Feature", "geometry": {"type": "LineString", "coordinates": [[2.461637, 6.39046525], [2.4616342, 6.3908456]]}, "properties": {"kind": "split_half", "winner": "Djédjé-Layé", "color": "#60d347", "length_m": 42.0}}, {"type": "Feature", "geometry": {"type": "LineString", "coordinates": [[2.4623471, 6.3871], [2.462344668695726, 6.386771029646212]]}, "properties": {"kind": "split_half", "winner": "Yénawa", "color": "#de4ad4", "length_m": 36.4}}, {"type": "Feature", "geometry": {"type": "LineString", "coordinates": [[2.462344668695726, 6.386771029646212], [2.4623422, 6.386437]]}, "properties": {"kind": "split_half", "winner": "Djédjé-Layé", "color": "#60d347", "length_m": 36.9}}, {"type": "Feature", "geometry": {"type": "LineString", "coordinates": [[2.4636147, 6.386442], [2.4631106778139116, 6.38644001955919]]}, "properties": {"kind": "split_half", "winner": "Yénawa", "color": "#de4ad4", "length_m": 55.8}}, {"type": "Feature", "geometry": {"type": "LineString", "coordinates": [[2.4631106778139116, 6.38644001955919], [2.4623422, 6.386437]]}, "properties": {"kind": "split_half", "winner": "Djédjé-Layé", "color": "#60d347", "length_m": 85.0}}, {"type": "Feature", "geometry": {"type": "LineString", "coordinates": [[2.4496413, 6.3771947], [2.4505260134286995, 6.377188456922646]]}, "properties": {"kind": "split_half", "winner": "Lom-Nava", "color": "#da4949", "length_m": 97.9}}, {"type": "Feature", "geometry": {"type": "LineString", "coordinates": [[2.4505260134286995, 6.377188456922646], [2.4509167, 6.3771857]]}, "properties": {"kind": "split_half", "winner": "Ayélawadjè", "color": "#b24bc6", "length_m": 43.2}}, {"type": "Feature", "geometry": {"type": "LineString", "coordinates": [[2.45091, 6.3778241], [2.45091335, 6.3775049]]}, "properties": {"kind": "split_half", "winner": "Lom-Nava", "color": "#da4949", "length_m": 35.3}}, {"type": "Feature", "geometry": {"type": "LineString", "coordinates": [[2.45091335, 6.3775049], [2.4509167, 6.3771857]]}, "properties": {"kind": "split_half", "winner": "Ayélawadjè", "color": "#b24bc6", "length_m": 35.3}}, {"type": "Feature", "geometry": {"type": "LineString", "coordinates": [[2.45091, 6.3778241], [2.4518977499999997, 6.3778171]]}, "properties": {"kind": "split_half", "winner": "Lom-Nava", "color": "#da4949", "length_m": 109.3}}, {"type": "Feature", "geometry": {"type": "LineString", "coordinates": [[2.4518977499999997, 6.3778171], [2.4528855, 6.3778101]]}, "properties": {"kind": "split_half", "winner": "Ayélawadjè", "color": "#b24bc6", "length_m": 109.3}}, {"type": "Feature", "geometry": {"type": "LineString", "coordinates": [[2.4516329, 6.3749918], [2.4515912691110957, 6.376140877582027]]}, "properties": {"kind": "split_half", "winner": "Lom-Nava", "color": "#da4949", "length_m": 127.1}}, {"type": "Feature", "geometry": {"type": "LineString", "coordinates": [[2.4515912691110957, 6.376140877582027], [2.4515817, 6.376405]]}, "properties": {"kind": "split_half", "winner": "Ayélawadjè", "color": "#b24bc6", "length_m": 29.2}}, {"type": "Feature", "geometry": {"type": "LineString", "coordinates": [[2.4509194, 6.3770816], [2.4506382800613316, 6.377083687252378]]}, "properties": {"kind": "split_half", "winner": "Lom-Nava", "color": "#da4949", "length_m": 31.1}}, {"type": "Feature", "geometry": {"type": "LineString", "coordinates": [[2.4506382800613316, 6.377083687252378], [2.4496399, 6.3770911]]}, "properties": {"kind": "split_half", "winner": "Ayélawadjè", "color": "#b24bc6", "length_m": 110.5}}, {"type": "Feature", "geometry": {"type": "LineString", "coordinates": [[2.4509194, 6.3770816], [2.4509165061689053, 6.3768024693207]]}, "properties": {"kind": "split_half", "winner": "Lom-Nava", "color": "#da4949", "length_m": 30.9}}, {"type": "Feature", "geometry": {"type": "LineString", "coordinates": [[2.4509165061689053, 6.3768024693207], [2.4509124, 6.3764064]]}, "properties": {"kind": "split_half", "winner": "Ayélawadjè", "color": "#b24bc6", "length_m": 43.8}}, {"type": "Feature", "geometry": {"type": "LineString", "coordinates": [[2.4509124, 6.3764064], [2.451317235523567, 6.376405553190299]]}, "properties": {"kind": "split_half", "winner": "Lom-Nava", "color": "#da4949", "length_m": 44.8}}, {"type": "Feature", "geometry": {"type": "LineString", "coordinates": [[2.451317235523567, 6.376405553190299], [2.4515817, 6.376405]]}, "properties": {"kind": "split_half", "winner": "Ayélawadjè", "color": "#b24bc6", "length_m": 29.3}}, {"type": "Feature", "geometry": {"type": "LineString", "coordinates": [[2.4523256, 6.3750427], [2.452698290196228, 6.375073200549791]]}, "properties": {"kind": "split_half", "winner": "Lom-Nava", "color": "#da4949", "length_m": 41.4}}, {"type": "Feature", "geometry": {"type": "LineString", "coordinates": [[2.452698290196228, 6.375073200549791], [2.4530282, 6.3751002]]}, "properties": {"kind": "split_half", "winner": "Ayélawadjè", "color": "#b24bc6", "length_m": 36.6}}, {"type": "Feature", "geometry": {"type": "LineString", "coordinates": [[2.4523256, 6.3750427], [2.452323079827015, 6.375419590485191]]}, "properties": {"kind": "split_half", "winner": "Lom-Nava", "color": "#da4949", "length_m": 41.7}}, {"type": "Feature", "geometry": {"type": "LineString", "coordinates": [[2.452323079827015, 6.375419590485191], [2.4523165, 6.3764036]]}, "properties": {"kind": "split_half", "winner": "Ayélawadjè", "color": "#b24bc6", "length_m": 108.8}}, {"type": "Feature", "geometry": {"type": "LineString", "coordinates": [[2.4491521, 6.3737794], [2.4509671657494265, 6.373800140316451]]}, "properties": {"kind": "split_half", "winner": "Fifatin", "color": "#4bd29e", "length_m": 200.8}}, {"type": "Feature", "geometry": {"type": "LineString", "coordinates": [[2.4509671657494265, 6.373800140316451], [2.4516725, 6.3738082]]}, "properties": {"kind": "split_half", "winner": "Ayélawadjè", "color": "#b24bc6", "length_m": 78.0}}, {"type": "Feature", "geometry": {"type": "LineString", "coordinates": [[2.4491521, 6.3737794], [2.449155616102027, 6.3734079489359]]}, "properties": {"kind": "split_half", "winner": "Fifatin", "color": "#4bd29e", "length_m": 41.1}}, {"type": "Feature", "geometry": {"type": "LineString", "coordinates": [[2.449155616102027, 6.3734079489359], [2.4491577, 6.3731878]]}, "properties": {"kind": "split_half", "winner": "Ayélawadjè", "color": "#b24bc6", "length_m": 24.3}}, {"type": "Feature", "geometry": {"type": "LineString", "coordinates": [[2.4491577, 6.3731878], [2.4484547, 6.3731814]]}, "properties": {"kind": "split_half", "winner": "Fifatin", "color": "#4bd29e", "length_m": 77.8}}, {"type": "Feature", "geometry": {"type": "LineString", "coordinates": [[2.4484547, 6.3731814], [2.4477517, 6.373175]]}, "properties": {"kind": "split_half", "winner": "Ayélawadjè", "color": "#b24bc6", "length_m": 77.8}}, {"type": "Feature", "geometry": {"type": "LineString", "coordinates": [[2.4516463, 6.3743814], [2.451647305784464, 6.374359395585702]]}, "properties": {"kind": "split_half", "winner": "Fifatin", "color": "#4bd29e", "length_m": 2.4}}, {"type": "Feature", "geometry": {"type": "LineString", "coordinates": [[2.451647305784464, 6.374359395585702], [2.4516725, 6.3738082]]}, "properties": {"kind": "split_half", "winner": "Ayélawadjè", "color": "#b24bc6", "length_m": 61.0}}, {"type": "Feature", "geometry": {"type": "LineString", "coordinates": [[2.4537411, 6.3739644], [2.4533211351251523, 6.373922125390082]]}, "properties": {"kind": "split_half", "winner": "Fifatin", "color": "#4bd29e", "length_m": 46.7}}, {"type": "Feature", "geometry": {"type": "LineString", "coordinates": [[2.4533211351251523, 6.373922125390082], [2.4531371, 6.3739036]]}, "properties": {"kind": "split_half", "winner": "Lom-Nava", "color": "#da4949", "length_m": 20.5}}, {"type": "Feature", "geometry": {"type": "LineString", "coordinates": [[2.4537411, 6.3739644], [2.4537808272482637, 6.373555500030064]]}, "properties": {"kind": "split_half", "winner": "Fifatin", "color": "#4bd29e", "length_m": 45.4}}, {"type": "Feature", "geometry": {"type": "LineString", "coordinates": [[2.4537808272482637, 6.373555500030064], [2.4537985, 6.3733736]]}, "properties": {"kind": "split_half", "winner": "Lom-Nava", "color": "#da4949", "length_m": 20.2}}, {"type": "Feature", "geometry": {"type": "LineString", "coordinates": [[2.3418057, 6.4957295], [2.3412872112349663, 6.494609091028411]]}, "properties": {"kind": "split_half", "winner": "Zopah-Akassato", "color": "#c84244", "length_m": 136.5}}, {"type": "Feature", "geometry": {"type": "LineString", "coordinates": [[2.3412872112349663, 6.494609091028411], [2.3411308, 6.4942711]]}, "properties": {"kind": "split_half", "winner": "Zoundja\n", "color": "#8ad345", "length_m": 41.2}}, {"type": "Feature", "geometry": {"type": "LineString", "coordinates": [[2.3411308, 6.4942711], [2.340827117256903, 6.494405669506888]]}, "properties": {"kind": "split_half", "winner": "Zopah-Akassato", "color": "#c84244", "length_m": 36.7}}, {"type": "Feature", "geometry": {"type": "LineString", "coordinates": [[2.340827117256903, 6.494405669506888], [2.3405075, 6.4945473]]}, "properties": {"kind": "split_half", "winner": "Zoundja\n", "color": "#8ad345", "length_m": 38.7}}, {"type": "Feature", "geometry": {"type": "LineString", "coordinates": [[2.3417993, 6.4939839], [2.34230312530743, 6.4951373672754125]]}, "properties": {"kind": "split_half", "winner": "Zopah-Akassato", "color": "#c84244", "length_m": 139.2}}, {"type": "Feature", "geometry": {"type": "LineString", "coordinates": [[2.34230312530743, 6.4951373672754125], [2.3424741, 6.4955288]]}, "properties": {"kind": "split_half", "winner": "Zoundja\n", "color": "#8ad345", "length_m": 47.2}}, {"type": "Feature", "geometry": {"type": "LineString", "coordinates": [[2.3424741, 6.4955288], [2.342924714817619, 6.4954012901846445]]}, "properties": {"kind": "split_half", "winner": "Zopah-Akassato", "color": "#c84244", "length_m": 51.8}}, {"type": "Feature", "geometry": {"type": "LineString", "coordinates": [[2.342924714817619, 6.4954012901846445], [2.3439361, 6.4951151]]}, "properties": {"kind": "split_half", "winner": "Zoundja\n", "color": "#8ad345", "length_m": 116.3}}, {"type": "Feature", "geometry": {"type": "LineString", "coordinates": [[2.3516235, 6.494815], [2.3516429503917546, 6.494387393406108]]}, "properties": {"kind": "split_half", "winner": "Zopah-Akassato", "color": "#c84244", "length_m": 47.3}}, {"type": "Feature", "geometry": {"type": "LineString", "coordinates": [[2.3516429503917546, 6.494387393406108], [2.3516557, 6.4941071]]}, "properties": {"kind": "split_half", "winner": "Houèkè-Honou", "color": "#4dd6af", "length_m": 31.0}}, {"type": "Feature", "geometry": {"type": "LineString", "coordinates": [[2.3516557, 6.4941071], [2.351935402517134, 6.494125617029831]]}, "properties": {"kind": "split_half", "winner": "Zopah-Akassato", "color": "#c84244", "length_m": 31.0}}, {"type": "Feature", "geometry": {"type": "LineString", "coordinates": [[2.351935402517134, 6.494125617029831], [2.3523596, 6.4941537]]}, "properties": {"kind": "split_half", "winner": "Houèkè-Honou", "color": "#4dd6af", "length_m": 47.0}}, {"type": "Feature", "geometry": {"type": "LineString", "coordinates": [[2.3545503, 6.49179], [2.354589265287089, 6.491793057094479]]}, "properties": {"kind": "split_half", "winner": "Zopah-Akassato", "color": "#c84244", "length_m": 4.3}}, {"type": "Feature", "geometry": {"type": "LineString", "coordinates": [[2.354589265287089, 6.491793057094479], [2.3552424, 6.4918443]]}, "properties": {"kind": "split_half", "winner": "Houèkè-Honou", "color": "#4dd6af", "length_m": 72.5}}, {"type": "Feature", "geometry": {"type": "LineString", "coordinates": [[2.3545503, 6.49179], [2.35454881848172, 6.491830334186431]]}, "properties": {"kind": "split_half", "winner": "Zopah-Akassato", "color": "#c84244", "length_m": 4.5}}, {"type": "Feature", "geometry": {"type": "LineString", "coordinates": [[2.35454881848172, 6.491830334186431], [2.3545254, 6.4924679]]}, "properties": {"kind": "split_half", "winner": "Houèkè-Honou", "color": "#4dd6af", "length_m": 70.5}}, {"type": "Feature", "geometry": {"type": "LineString", "coordinates": [[2.3545254, 6.4924679], [2.353888113571949, 6.492440169073755]]}, "properties": {"kind": "split_half", "winner": "Zopah-Akassato", "color": "#c84244", "length_m": 70.6}}, {"type": "Feature", "geometry": {"type": "LineString", "coordinates": [[2.353888113571949, 6.492440169073755], [2.3537969, 6.4924362]]}, "properties": {"kind": "split_half", "winner": "Houèkè-Honou", "color": "#4dd6af", "length_m": 10.1}}, {"type": "Feature", "geometry": {"type": "LineString", "coordinates": [[2.3537969, 6.4924362], [2.3537907418898394, 6.4925269912524515]]}, "properties": {"kind": "split_half", "winner": "Zopah-Akassato", "color": "#c84244", "length_m": 10.1}}, {"type": "Feature", "geometry": {"type": "LineString", "coordinates": [[2.3537907418898394, 6.4925269912524515], [2.3537404, 6.4932692]]}, "properties": {"kind": "split_half", "winner": "Houèkè-Honou", "color": "#4dd6af", "length_m": 82.2}}, {"type": "Feature", "geometry": {"type": "LineString", "coordinates": [[2.3524288, 6.4931758], [2.3530193418862124, 6.493217852921754]]}, "properties": {"kind": "split_half", "winner": "Zopah-Akassato", "color": "#c84244", "length_m": 65.5}}, {"type": "Feature", "geometry": {"type": "LineString", "coordinates": [[2.3530193418862124, 6.493217852921754], [2.3537404, 6.4932692]]}, "properties": {"kind": "split_half", "winner": "Houèkè-Honou", "color": "#4dd6af", "length_m": 80.0}}, {"type": "Feature", "geometry": {"type": "LineString", "coordinates": [[2.3478976, 6.4973088], [2.347379337673742, 6.497263961809808]]}, "properties": {"kind": "split_half", "winner": "Zopah-Akassato", "color": "#c84244", "length_m": 57.5}}, {"type": "Feature", "geometry": {"type": "LineString", "coordinates": [[2.347379337673742, 6.497263961809808], [2.3471567, 6.4972447]]}, "properties": {"kind": "split_half", "winner": "Houèkè-Honou", "color": "#4dd6af", "length_m": 24.7}}, {"type": "Feature", "geometry": {"type": "LineString", "coordinates": [[2.3471567, 6.4972447], [2.3471452630779264, 6.497472434065881]]}, "properties": {"kind": "split_half", "winner": "Zopah-Akassato", "color": "#c84244", "length_m": 25.2}}, {"type": "Feature", "geometry": {"type": "LineString", "coordinates": [[2.3471452630779264, 6.497472434065881], [2.3470861, 6.4986505]]}, "properties": {"kind": "split_half", "winner": "Houèkè-Honou", "color": "#4dd6af", "length_m": 130.4}}, {"type": "Feature", "geometry": {"type": "LineString", "coordinates": [[2.3464621, 6.4972231], [2.346392032515467, 6.498171209236792]]}, "properties": {"kind": "split_half", "winner": "Zopah-Akassato", "color": "#c84244", "length_m": 105.1}}, {"type": "Feature", "geometry": {"type": "LineString", "coordinates": [[2.346392032515467, 6.498171209236792], [2.3463601, 6.4986033]]}, "properties": {"kind": "split_half", "winner": "Houèkè-Honou", "color": "#4dd6af", "length_m": 47.9}}, {"type": "Feature", "geometry": {"type": "LineString", "coordinates": [[2.3463601, 6.4986033], [2.345894664188095, 6.498587505479158]]}, "properties": {"kind": "split_half", "winner": "Zopah-Akassato", "color": "#c84244", "length_m": 51.5}}, {"type": "Feature", "geometry": {"type": "LineString", "coordinates": [[2.345894664188095, 6.498587505479158], [2.3457118, 6.4985813]]}, "properties": {"kind": "split_half", "winner": "Houèkè-Honou", "color": "#4dd6af", "length_m": 20.2}}, {"type": "Feature", "geometry": {"type": "LineString", "coordinates": [[2.3568207, 6.4903061], [2.3568062683306596, 6.490623124151932]]}, "properties": {"kind": "split_half", "winner": "Zopah-Kokpo", "color": "#dada4a", "length_m": 35.1}}, {"type": "Feature", "geometry": {"type": "LineString", "coordinates": [[2.3568062683306596, 6.490623124151932], [2.356781, 6.4911782]]}, "properties": {"kind": "split_half", "winner": "Houèkè-Honou", "color": "#4dd6af", "length_m": 61.4}}, {"type": "Feature", "geometry": {"type": "LineString", "coordinates": [[2.358115, 6.4912343], [2.357816005807239, 6.491221726106287]]}, "properties": {"kind": "split_half", "winner": "Zopah-Kokpo", "color": "#dada4a", "length_m": 33.1}}, {"type": "Feature", "geometry": {"type": "LineString", "coordinates": [[2.357816005807239, 6.491221726106287], [2.356781, 6.4911782]]}, "properties": {"kind": "split_half", "winner": "Houèkè-Honou", "color": "#4dd6af", "length_m": 114.6}}, {"type": "Feature", "geometry": {"type": "LineString", "coordinates": [[2.361294, 6.4980558], [2.3613263702228147, 6.49743068592499]]}, "properties": {"kind": "split_half", "winner": "Houèkè-Gbo", "color": "#c141d8", "length_m": 69.2}}, {"type": "Feature", "geometry": {"type": "LineString", "coordinates": [[2.3613263702228147, 6.49743068592499], [2.3613335, 6.497293]]}, "properties": {"kind": "split_half", "winner": "Houèkè-Honou", "color": "#4dd6af", "length_m": 15.2}}, {"type": "Feature", "geometry": {"type": "LineString", "coordinates": [[2.361294, 6.4980558], [2.36192735799504, 6.498071705655701]]}, "properties": {"kind": "split_half", "winner": "Houèkè-Gbo", "color": "#c141d8", "length_m": 70.1}}, {"type": "Feature", "geometry": {"type": "LineString", "coordinates": [[2.36192735799504, 6.498071705655701], [2.3620227, 6.4980741]]}, "properties": {"kind": "split_half", "winner": "Houèkè-Honou", "color": "#4dd6af", "length_m": 10.6}}, {"type": "Feature", "geometry": {"type": "LineString", "coordinates": [[2.3613335, 6.497293], [2.361202130839315, 6.497291051728549]]}, "properties": {"kind": "split_half", "winner": "Houèkè-Gbo", "color": "#c141d8", "length_m": 14.5}}, {"type": "Feature", "geometry": {"type": "LineString", "coordinates": [[2.361202130839315, 6.497291051728549], [2.3610031, 6.4972881]]}, "properties": {"kind": "split_half", "winner": "Houèkè-Honou", "color": "#4dd6af", "length_m": 22.0}}, {"type": "Feature", "geometry": {"type": "LineString", "coordinates": [[2.3619528, 6.4994796], [2.3620181553109805, 6.4981654814079635]]}, "properties": {"kind": "split_half", "winner": "Houèkè-Gbo", "color": "#c141d8", "length_m": 145.4}}, {"type": "Feature", "geometry": {"type": "LineString", "coordinates": [[2.3620181553109805, 6.4981654814079635], [2.3620227, 6.4980741]]}, "properties": {"kind": "split_half", "winner": "Houèkè-Honou", "color": "#4dd6af", "length_m": 10.1}}, {"type": "Feature", "geometry": {"type": "LineString", "coordinates": [[2.3613521, 6.4965888], [2.3606712815, 6.4965534354]]}, "properties": {"kind": "split_half", "winner": "Houèkè-Gbo", "color": "#c141d8", "length_m": 75.4}}, {"type": "Feature", "geometry": {"type": "LineString", "coordinates": [[2.3606712815, 6.4965534354], [2.3606706, 6.4965534]]}, "properties": {"kind": "split_half", "winner": "Houèkè-Honou", "color": "#4dd6af", "length_m": 0.1}}, {"type": "Feature", "geometry": {"type": "LineString", "coordinates": [[2.3607397, 6.4952933], [2.3606706691, 6.4965521398999995]]}, "properties": {"kind": "split_half", "winner": "Houèkè-Gbo", "color": "#c141d8", "length_m": 139.4}}, {"type": "Feature", "geometry": {"type": "LineString", "coordinates": [[2.3606706691, 6.4965521398999995], [2.3606706, 6.4965534]]}, "properties": {"kind": "split_half", "winner": "Houèkè-Honou", "color": "#4dd6af", "length_m": 0.1}}, {"type": "Feature", "geometry": {"type": "LineString", "coordinates": [[2.3593343, 6.4952367], [2.3595451115077806, 6.4952511962256185]]}, "properties": {"kind": "split_half", "winner": "Houèkè-Gbo", "color": "#c141d8", "length_m": 23.4}}, {"type": "Feature", "geometry": {"type": "LineString", "coordinates": [[2.3595451115077806, 6.4952511962256185], [2.3600527, 6.4952861]]}, "properties": {"kind": "split_half", "winner": "Houèkè-Honou", "color": "#4dd6af", "length_m": 56.3}}, {"type": "Feature", "geometry": {"type": "LineString", "coordinates": [[2.3600527, 6.4952861], [2.3600328285728294, 6.49582297563277]]}, "properties": {"kind": "split_half", "winner": "Houèkè-Gbo", "color": "#c141d8", "length_m": 59.4}}, {"type": "Feature", "geometry": {"type": "LineString", "coordinates": [[2.3600328285728294, 6.49582297563277], [2.3600069, 6.4965235]]}, "properties": {"kind": "split_half", "winner": "Houèkè-Honou", "color": "#4dd6af", "length_m": 77.5}}, {"type": "Feature", "geometry": {"type": "LineString", "coordinates": [[2.3595107, 6.4920621], [2.359543746757595, 6.491172011673727]]}, "properties": {"kind": "split_half", "winner": "Houèkè-Gbo", "color": "#c141d8", "length_m": 98.5}}, {"type": "Feature", "geometry": {"type": "LineString", "coordinates": [[2.359543746757595, 6.491172011673727], [2.3595487, 6.4910386]]}, "properties": {"kind": "split_half", "winner": "Zopah-Kokpo", "color": "#dada4a", "length_m": 14.8}}, {"type": "Feature", "geometry": {"type": "LineString", "coordinates": [[2.3595487, 6.4910386], [2.359588809648556, 6.4911402301415375]]}, "properties": {"kind": "split_half", "winner": "Houèkè-Gbo", "color": "#c141d8", "length_m": 12.1}}, {"type": "Feature", "geometry": {"type": "LineString", "coordinates": [[2.359588809648556, 6.4911402301415375], [2.3599421, 6.4920354]]}, "properties": {"kind": "split_half", "winner": "Zopah-Kokpo", "color": "#dada4a", "length_m": 106.4}}, {"type": "Feature", "geometry": {"type": "LineString", "coordinates": [[2.3578269, 6.4861854], [2.357890721181337, 6.4864353727090505]]}, "properties": {"kind": "split_half", "winner": "Houèkè-Gbo", "color": "#c141d8", "length_m": 28.5}}, {"type": "Feature", "geometry": {"type": "LineString", "coordinates": [[2.357890721181337, 6.4864353727090505], [2.3579098, 6.4865101]]}, "properties": {"kind": "split_half", "winner": "Zopah-Kokpo", "color": "#dada4a", "length_m": 8.5}}, {"type": "Feature", "geometry": {"type": "LineString", "coordinates": [[2.3578269, 6.4861854], [2.35815912734038, 6.4861710150149765]]}, "properties": {"kind": "split_half", "winner": "Houèkè-Gbo", "color": "#c141d8", "length_m": 36.8}}, {"type": "Feature", "geometry": {"type": "LineString", "coordinates": [[2.35815912734038, 6.4861710150149765], [2.3595937, 6.4861089]]}, "properties": {"kind": "split_half", "winner": "Zopah-Kokpo", "color": "#dada4a", "length_m": 158.9}}, {"type": "Feature", "geometry": {"type": "LineString", "coordinates": [[2.3397597, 6.5130242], [2.3397571065649516, 6.5130674645553475]]}, "properties": {"kind": "split_half", "winner": "Zèkanmey-Domè", "color": "#db7644", "length_m": 4.8}}, {"type": "Feature", "geometry": {"type": "LineString", "coordinates": [[2.3397571065649516, 6.5130674645553475], [2.3396895, 6.5141953]]}, "properties": {"kind": "split_half", "winner": "Zoundja\n", "color": "#8ad345", "length_m": 124.9}}, {"type": "Feature", "geometry": {"type": "LineString", "coordinates": [[2.3397597, 6.5130242], [2.3399121395826876, 6.513030225997569]]}, "properties": {"kind": "split_half", "winner": "Zèkanmey-Domè", "color": "#db7644", "length_m": 16.9}}, {"type": "Feature", "geometry": {"type": "LineString", "coordinates": [[2.3399121395826876, 6.513030225997569], [2.3415229, 6.5130939]]}, "properties": {"kind": "split_half", "winner": "Zoundja\n", "color": "#8ad345", "length_m": 178.3}}, {"type": "Feature", "geometry": {"type": "LineString", "coordinates": [[2.3329911, 6.5130316], [2.3330528236238988, 6.513013628038723]]}, "properties": {"kind": "split_half", "winner": "Zèkanmey-Domè", "color": "#db7644", "length_m": 7.1}}, {"type": "Feature", "geometry": {"type": "LineString", "coordinates": [[2.3330528236238988, 6.513013628038723], [2.3336014, 6.5128539]]}, "properties": {"kind": "split_half", "winner": "Zoundja\n", "color": "#8ad345", "length_m": 63.2}}, {"type": "Feature", "geometry": {"type": "LineString", "coordinates": [[2.3329911, 6.5130316], [2.3329701528388402, 6.512968009153015]]}, "properties": {"kind": "split_half", "winner": "Zèkanmey-Domè", "color": "#db7644", "length_m": 7.4}}, {"type": "Feature", "geometry": {"type": "LineString", "coordinates": [[2.3329701528388402, 6.512968009153015], [2.332692, 6.5121236]]}, "properties": {"kind": "split_half", "winner": "Zoundja\n", "color": "#8ad345", "length_m": 98.3}}, {"type": "Feature", "geometry": {"type": "LineString", "coordinates": [[2.3419895, 6.5116542], [2.3419568143949006, 6.512249510616407]]}, "properties": {"kind": "split_half", "winner": "Zèkanmey-Domè", "color": "#db7644", "length_m": 65.9}}, {"type": "Feature", "geometry": {"type": "LineString", "coordinates": [[2.3419568143949006, 6.512249510616407], [2.3419487, 6.5123973]]}, "properties": {"kind": "split_half", "winner": "Zoundja\n", "color": "#8ad345", "length_m": 16.4}}, {"type": "Feature", "geometry": {"type": "LineString", "coordinates": [[2.3419487, 6.5123973], [2.341805214741251, 6.51238966472084]]}, "properties": {"kind": "split_half", "winner": "Zèkanmey-Domè", "color": "#db7644", "length_m": 15.9}}, {"type": "Feature", "geometry": {"type": "LineString", "coordinates": [[2.341805214741251, 6.51238966472084], [2.3412064, 6.5123578]]}, "properties": {"kind": "split_half", "winner": "Zoundja\n", "color": "#8ad345", "length_m": 66.3}}, {"type": "Feature", "geometry": {"type": "LineString", "coordinates": [[2.365259, 6.4981254], [2.36534555, 6.4979133000000004]]}, "properties": {"kind": "split_half", "winner": "Akassato", "color": "#d553dc", "length_m": 25.3}}, {"type": "Feature", "geometry": {"type": "LineString", "coordinates": [[2.36534555, 6.4979133000000004], [2.3654321, 6.4977012]]}, "properties": {"kind": "split_half", "winner": "Houèkè-Gbo", "color": "#c141d8", "length_m": 25.3}}, {"type": "Feature", "geometry": {"type": "LineString", "coordinates": [[2.365259, 6.4981254], [2.36516385, 6.49808915]]}, "properties": {"kind": "split_half", "winner": "Akassato", "color": "#d553dc", "length_m": 11.3}}, {"type": "Feature", "geometry": {"type": "LineString", "coordinates": [[2.36516385, 6.49808915], [2.3650687, 6.4980529]]}, "properties": {"kind": "split_half", "winner": "Houèkè-Gbo", "color": "#c141d8", "length_m": 11.3}}, {"type": "Feature", "geometry": {"type": "LineString", "coordinates": [[2.3598363, 6.5041707], [2.3593390999999997, 6.5041437]]}, "properties": {"kind": "split_half", "winner": "Akassato", "color": "#d553dc", "length_m": 55.1}}, {"type": "Feature", "geometry": {"type": "LineString", "coordinates": [[2.3593390999999997, 6.5041437], [2.3588419, 6.5041167]]}, "properties": {"kind": "split_half", "winner": "Houèkè-Honou", "color": "#4dd6af", "length_m": 55.1}}, {"type": "Feature", "geometry": {"type": "LineString", "coordinates": [[2.3588704, 6.5035419], [2.35885615, 6.5038293]]}, "properties": {"kind": "split_half", "winner": "Akassato", "color": "#d553dc", "length_m": 31.8}}, {"type": "Feature", "geometry": {"type": "LineString", "coordinates": [[2.35885615, 6.5038293], [2.3588419, 6.5041167]]}, "properties": {"kind": "split_half", "winner": "Houèkè-Honou", "color": "#4dd6af", "length_m": 31.8}}, {"type": "Feature", "geometry": {"type": "LineString", "coordinates": [[2.359816, 6.5045149], [2.360145053718214, 6.504511303366336]]}, "properties": {"kind": "split_half", "winner": "Akassato", "color": "#d553dc", "length_m": 36.4}}, {"type": "Feature", "geometry": {"type": "LineString", "coordinates": [[2.360145053718214, 6.504511303366336], [2.360246, 6.5045102]]}, "properties": {"kind": "split_half", "winner": "Houèkè-Honou", "color": "#4dd6af", "length_m": 11.2}}, {"type": "Feature", "geometry": {"type": "LineString", "coordinates": [[2.359816, 6.5045149], [2.3597974299245155, 6.504828960483405]]}, "properties": {"kind": "split_half", "winner": "Akassato", "color": "#d553dc", "length_m": 34.8}}, {"type": "Feature", "geometry": {"type": "LineString", "coordinates": [[2.3597974299245155, 6.504828960483405], [2.3597807, 6.5051119]]}, "properties": {"kind": "split_half", "winner": "Houèkè-Honou", "color": "#4dd6af", "length_m": 31.3}}, {"type": "Feature", "geometry": {"type": "LineString", "coordinates": [[2.3572948, 6.5061528], [2.3573129, 6.50580935]]}, "properties": {"kind": "split_half", "winner": "Akassato", "color": "#d553dc", "length_m": 38.0}}, {"type": "Feature", "geometry": {"type": "LineString", "coordinates": [[2.3573129, 6.50580935], [2.357331, 6.5054659]]}, "properties": {"kind": "split_half", "winner": "Houèkè-Honou", "color": "#4dd6af", "length_m": 38.0}}, {"type": "Feature", "geometry": {"type": "LineString", "coordinates": [[2.357331, 6.5054659], [2.35666675, 6.505428]]}, "properties": {"kind": "split_half", "winner": "Akassato", "color": "#d553dc", "length_m": 73.6}}, {"type": "Feature", "geometry": {"type": "LineString", "coordinates": [[2.35666675, 6.505428], [2.3560025, 6.5053901]]}, "properties": {"kind": "split_half", "winner": "Houèkè-Honou", "color": "#4dd6af", "length_m": 73.6}}, {"type": "Feature", "geometry": {"type": "LineString", "coordinates": [[2.3573688, 6.5047402], [2.3570346, 6.5047201999999995]]}, "properties": {"kind": "split_half", "winner": "Akassato", "color": "#d553dc", "length_m": 37.0}}, {"type": "Feature", "geometry": {"type": "LineString", "coordinates": [[2.3570346, 6.5047201999999995], [2.3567004, 6.5047002]]}, "properties": {"kind": "split_half", "winner": "Houèkè-Honou", "color": "#4dd6af", "length_m": 37.0}}, {"type": "Feature", "geometry": {"type": "LineString", "coordinates": [[2.3573688, 6.5047402], [2.3574012, 6.5041116500000005]]}, "properties": {"kind": "split_half", "winner": "Akassato", "color": "#d553dc", "length_m": 69.6}}, {"type": "Feature", "geometry": {"type": "LineString", "coordinates": [[2.3574012, 6.5041116500000005], [2.3574336, 6.5034831]]}, "properties": {"kind": "split_half", "winner": "Houèkè-Honou", "color": "#4dd6af", "length_m": 69.6}}, {"type": "Feature", "geometry": {"type": "LineString", "coordinates": [[2.3613994, 6.5039012], [2.36140572220348, 6.503996090526781]]}, "properties": {"kind": "split_half", "winner": "Akassato", "color": "#d553dc", "length_m": 10.5}}, {"type": "Feature", "geometry": {"type": "LineString", "coordinates": [[2.36140572220348, 6.503996090526781], [2.3614104, 6.5040663]]}, "properties": {"kind": "split_half", "winner": "Houèkè-Honou", "color": "#4dd6af", "length_m": 7.8}}, {"type": "Feature", "geometry": {"type": "LineString", "coordinates": [[2.3614104, 6.5040663], [2.36132976357712, 6.504055669066641]]}, "properties": {"kind": "split_half", "winner": "Akassato", "color": "#d553dc", "length_m": 9.0}}, {"type": "Feature", "geometry": {"type": "LineString", "coordinates": [[2.36132976357712, 6.504055669066641], [2.3609022, 6.5039993]]}, "properties": {"kind": "split_half", "winner": "Houèkè-Honou", "color": "#4dd6af", "length_m": 47.7}}, {"type": "Feature", "geometry": {"type": "LineString", "coordinates": [[2.3543746, 6.5081111], [2.35475655, 6.50813285]]}, "properties": {"kind": "split_half", "winner": "Akassato", "color": "#d553dc", "length_m": 42.3}}, {"type": "Feature", "geometry": {"type": "LineString", "coordinates": [[2.35475655, 6.50813285], [2.3551385, 6.5081546]]}, "properties": {"kind": "split_half", "winner": "Houèkè-Honou", "color": "#4dd6af", "length_m": 42.3}}, {"type": "Feature", "geometry": {"type": "LineString", "coordinates": [[2.3543746, 6.5081111], [2.35433905, 6.50870065]]}, "properties": {"kind": "split_half", "winner": "Akassato", "color": "#d553dc", "length_m": 65.3}}, {"type": "Feature", "geometry": {"type": "LineString", "coordinates": [[2.35433905, 6.50870065], [2.3543035, 6.5092902]]}, "properties": {"kind": "split_half", "winner": "Houèkè-Honou", "color": "#4dd6af", "length_m": 65.3}}, {"type": "Feature", "geometry": {"type": "LineString", "coordinates": [[2.3552569, 6.5060807], [2.3551976999999997, 6.50711765]]}, "properties": {"kind": "split_half", "winner": "Akassato", "color": "#d553dc", "length_m": 114.8}}, {"type": "Feature", "geometry": {"type": "LineString", "coordinates": [[2.3551976999999997, 6.50711765], [2.3551385, 6.5081546]]}, "properties": {"kind": "split_half", "winner": "Houèkè-Honou", "color": "#4dd6af", "length_m": 114.8}}, {"type": "Feature", "geometry": {"type": "LineString", "coordinates": [[2.3612586, 6.5028945], [2.3615078, 6.502918]]}, "properties": {"kind": "split_half", "winner": "Akassato", "color": "#d553dc", "length_m": 27.7}}, {"type": "Feature", "geometry": {"type": "LineString", "coordinates": [[2.3615078, 6.502918], [2.361757, 6.5029415]]}, "properties": {"kind": "split_half", "winner": "Houèkè-Honou", "color": "#4dd6af", "length_m": 27.7}}, {"type": "Feature", "geometry": {"type": "LineString", "coordinates": [[2.361757, 6.5029415], [2.36181685, 6.501928700000001]]}, "properties": {"kind": "split_half", "winner": "Akassato", "color": "#d553dc", "length_m": 112.2}}, {"type": "Feature", "geometry": {"type": "LineString", "coordinates": [[2.36181685, 6.501928700000001], [2.3618767, 6.5009159]]}, "properties": {"kind": "split_half", "winner": "Houèkè-Honou", "color": "#4dd6af", "length_m": 112.2}}, {"type": "Feature", "geometry": {"type": "LineString", "coordinates": [[2.3623807, 6.5022874], [2.3624093999999998, 6.50168775]]}, "properties": {"kind": "split_half", "winner": "Akassato", "color": "#d553dc", "length_m": 66.4}}, {"type": "Feature", "geometry": {"type": "LineString", "coordinates": [[2.3624093999999998, 6.50168775], [2.3624381, 6.5010881]]}, "properties": {"kind": "split_half", "winner": "Houèkè-Honou", "color": "#4dd6af", "length_m": 66.4}}, {"type": "Feature", "geometry": {"type": "LineString", "coordinates": [[2.3624381, 6.5010881], [2.3628421, 6.50107625]]}, "properties": {"kind": "split_half", "winner": "Akassato", "color": "#d553dc", "length_m": 44.7}}, {"type": "Feature", "geometry": {"type": "LineString", "coordinates": [[2.3628421, 6.50107625], [2.3632461, 6.5010644]]}, "properties": {"kind": "split_half", "winner": "Houèkè-Honou", "color": "#4dd6af", "length_m": 44.7}}, {"type": "Feature", "geometry": {"type": "LineString", "coordinates": [[2.3615633, 6.5108641], [2.3615808865030155, 6.510645411835]]}, "properties": {"kind": "split_half", "winner": "Akassato", "color": "#d553dc", "length_m": 24.3}}, {"type": "Feature", "geometry": {"type": "LineString", "coordinates": [[2.3615808865030155, 6.510645411835], [2.3616033, 6.5103667]]}, "properties": {"kind": "split_half", "winner": "Misséssinto", "color": "#dc3e51", "length_m": 30.9}}, {"type": "Feature", "geometry": {"type": "LineString", "coordinates": [[2.3615633, 6.5108641], [2.3622946999999996, 6.51091435]]}, "properties": {"kind": "split_half", "winner": "Akassato", "color": "#d553dc", "length_m": 81.1}}, {"type": "Feature", "geometry": {"type": "LineString", "coordinates": [[2.3622946999999996, 6.51091435], [2.3630261, 6.5109646]]}, "properties": {"kind": "split_half", "winner": "Misséssinto", "color": "#dc3e51", "length_m": 81.1}}, {"type": "Feature", "geometry": {"type": "LineString", "coordinates": [[2.3572554, 6.5290457], [2.357411602529575, 6.529226881468571]]}, "properties": {"kind": "split_half", "winner": "Adjagbo", "color": "#cd3f8f", "length_m": 26.5}}, {"type": "Feature", "geometry": {"type": "LineString", "coordinates": [[2.357411602529575, 6.529226881468571], [2.3574874, 6.5293148]]}, "properties": {"kind": "split_half", "winner": "Glo-Tokpa", "color": "#6dc843", "length_m": 12.8}}, {"type": "Feature", "geometry": {"type": "LineString", "coordinates": [[2.3574874, 6.5293148], [2.3574112529041513, 6.529364984027006]]}, "properties": {"kind": "split_half", "winner": "Adjagbo", "color": "#cd3f8f", "length_m": 10.1}}, {"type": "Feature", "geometry": {"type": "LineString", "coordinates": [[2.3574112529041513, 6.529364984027006], [2.3573519, 6.5294041]]}, "properties": {"kind": "split_half", "winner": "Glo-Tokpa", "color": "#6dc843", "length_m": 7.9}}, {"type": "Feature", "geometry": {"type": "LineString", "coordinates": [[2.3508026, 6.5160155], [2.350648801370135, 6.516005898114017]]}, "properties": {"kind": "split_half", "winner": "Adjagbo", "color": "#cd3f8f", "length_m": 17.0}}, {"type": "Feature", "geometry": {"type": "LineString", "coordinates": [[2.350648801370135, 6.516005898114017], [2.3497983, 6.5159528]]}, "properties": {"kind": "split_half", "winner": "Misséssinto", "color": "#dc3e51", "length_m": 94.3}}, {"type": "Feature", "geometry": {"type": "LineString", "coordinates": [[2.3497983, 6.5159528], [2.3498676957307962, 6.514863560745156]]}, "properties": {"kind": "split_half", "winner": "Adjagbo", "color": "#cd3f8f", "length_m": 120.6}}, {"type": "Feature", "geometry": {"type": "LineString", "coordinates": [[2.3498676957307962, 6.514863560745156], [2.3499276, 6.5139233]]}, "properties": {"kind": "split_half", "winner": "Misséssinto", "color": "#dc3e51", "length_m": 104.1}}, {"type": "Feature", "geometry": {"type": "LineString", "coordinates": [[2.330078, 6.4904189], [2.3300846631926824, 6.490457257845116]]}, "properties": {"kind": "split_half", "winner": "Cité-les-Palmiers\n", "color": "#4aca79", "length_m": 4.3}}, {"type": "Feature", "geometry": {"type": "LineString", "coordinates": [[2.3300846631926824, 6.490457257845116], [2.3301454, 6.4908069]]}, "properties": {"kind": "split_half", "winner": "Zoundja\n", "color": "#8ad345", "length_m": 39.2}}, {"type": "Feature", "geometry": {"type": "LineString", "coordinates": [[2.330078, 6.4904189], [2.3300366997351034, 6.490433037483167]]}, "properties": {"kind": "split_half", "winner": "Cité-les-Palmiers\n", "color": "#4aca79", "length_m": 4.8}}, {"type": "Feature", "geometry": {"type": "LineString", "coordinates": [[2.3300366997351034, 6.490433037483167], [2.3283921, 6.490996]]}, "properties": {"kind": "split_half", "winner": "Zoundja\n", "color": "#8ad345", "length_m": 192.3}}, {"type": "Feature", "geometry": {"type": "LineString", "coordinates": [[2.3301746, 6.4909504], [2.330546810083446, 6.490843693699943]]}, "properties": {"kind": "split_half", "winner": "Cité-les-Palmiers\n", "color": "#4aca79", "length_m": 42.8}}, {"type": "Feature", "geometry": {"type": "LineString", "coordinates": [[2.330546810083446, 6.490843693699943], [2.3307055, 6.4907982]]}, "properties": {"kind": "split_half", "winner": "Zoundja\n", "color": "#8ad345", "length_m": 18.3}}, {"type": "Feature", "geometry": {"type": "LineString", "coordinates": [[2.3307983, 6.4913923], [2.3307309406558194, 6.490961069543344]]}, "properties": {"kind": "split_half", "winner": "Cité-les-Palmiers\n", "color": "#4aca79", "length_m": 48.2}}, {"type": "Feature", "geometry": {"type": "LineString", "coordinates": [[2.3307309406558194, 6.490961069543344], [2.3307055, 6.4907982]]}, "properties": {"kind": "split_half", "winner": "Zoundja\n", "color": "#8ad345", "length_m": 18.2}}, {"type": "Feature", "geometry": {"type": "LineString", "coordinates": [[2.3493648, 6.483636], [2.3493617490074326, 6.483689541478592]]}, "properties": {"kind": "split_half", "winner": "Zopah-Akassato", "color": "#c84244", "length_m": 5.9}}, {"type": "Feature", "geometry": {"type": "LineString", "coordinates": [[2.3493617490074326, 6.483689541478592], [2.3493382, 6.4841028]]}, "properties": {"kind": "split_half", "winner": "Zopah-Kokpo", "color": "#dada4a", "length_m": 45.8}}, {"type": "Feature", "geometry": {"type": "LineString", "coordinates": [[2.3493648, 6.483636], [2.3493090802802246, 6.483632659136857]]}, "properties": {"kind": "split_half", "winner": "Zopah-Akassato", "color": "#c84244", "length_m": 6.2}}, {"type": "Feature", "geometry": {"type": "LineString", "coordinates": [[2.3493090802802246, 6.483632659136857], [2.3486443, 6.4835928]]}, "properties": {"kind": "split_half", "winner": "Zopah-Kokpo", "color": "#dada4a", "length_m": 73.7}}, {"type": "Feature", "geometry": {"type": "LineString", "coordinates": [[2.3486443, 6.4835928], [2.348678694892962, 6.4829025451303295]]}, "properties": {"kind": "split_half", "winner": "Zopah-Akassato", "color": "#c84244", "length_m": 76.4}}, {"type": "Feature", "geometry": {"type": "LineString", "coordinates": [[2.348678694892962, 6.4829025451303295], [2.3486837, 6.4828021]]}, "properties": {"kind": "split_half", "winner": "Zopah-Kokpo", "color": "#dada4a", "length_m": 11.1}}, {"type": "Feature", "geometry": {"type": "LineString", "coordinates": [[2.3472788, 6.4827244], [2.348590808768811, 6.482796962517856]]}, "properties": {"kind": "split_half", "winner": "Zopah-Akassato", "color": "#c84244", "length_m": 145.4}}, {"type": "Feature", "geometry": {"type": "LineString", "coordinates": [[2.348590808768811, 6.482796962517856], [2.3486837, 6.4828021]]}, "properties": {"kind": "split_half", "winner": "Zopah-Kokpo", "color": "#dada4a", "length_m": 10.3}}, {"type": "Feature", "geometry": {"type": "LineString", "coordinates": [[2.3540429, 6.4880367], [2.3532419731224494, 6.487997437112816]]}, "properties": {"kind": "split_half", "winner": "Zopah-Akassato", "color": "#c84244", "length_m": 88.7}}, {"type": "Feature", "geometry": {"type": "LineString", "coordinates": [[2.3532419731224494, 6.487997437112816], [2.3527088, 6.4879713]]}, "properties": {"kind": "split_half", "winner": "Zopah-Kokpo", "color": "#dada4a", "length_m": 59.1}}, {"type": "Feature", "geometry": {"type": "LineString", "coordinates": [[2.3527088, 6.4879713], [2.3527405802766355, 6.487440537440213]]}, "properties": {"kind": "split_half", "winner": "Zopah-Akassato", "color": "#c84244", "length_m": 58.8}}, {"type": "Feature", "geometry": {"type": "LineString", "coordinates": [[2.3527405802766355, 6.487440537440213], [2.3527486, 6.4873066]]}, "properties": {"kind": "split_half", "winner": "Zopah-Kokpo", "color": "#dada4a", "length_m": 14.8}}, {"type": "Feature", "geometry": {"type": "LineString", "coordinates": [[2.3546734, 6.4894666], [2.354554184271167, 6.489460283141307]]}, "properties": {"kind": "split_half", "winner": "Zopah-Akassato", "color": "#c84244", "length_m": 13.2}}, {"type": "Feature", "geometry": {"type": "LineString", "coordinates": [[2.354554184271167, 6.489460283141307], [2.353977, 6.4894297]]}, "properties": {"kind": "split_half", "winner": "Zopah-Kokpo", "color": "#dada4a", "length_m": 63.9}}, {"type": "Feature", "geometry": {"type": "LineString", "coordinates": [[2.3546734, 6.4894666], [2.3546671380095625, 6.489588775786689]]}, "properties": {"kind": "split_half", "winner": "Zopah-Akassato", "color": "#c84244", "length_m": 13.5}}, {"type": "Feature", "geometry": {"type": "LineString", "coordinates": [[2.3546671380095625, 6.489588775786689], [2.354636, 6.4901963]]}, "properties": {"kind": "split_half", "winner": "Zopah-Kokpo", "color": "#dada4a", "length_m": 67.2}}, {"type": "Feature", "geometry": {"type": "LineString", "coordinates": [[2.353977, 6.4894297], [2.3540041436801213, 6.488844290264702]]}, "properties": {"kind": "split_half", "winner": "Zopah-Akassato", "color": "#c84244", "length_m": 64.8}}, {"type": "Feature", "geometry": {"type": "LineString", "coordinates": [[2.3540041436801213, 6.488844290264702], [2.3540098, 6.4887223]]}, "properties": {"kind": "split_half", "winner": "Zopah-Kokpo", "color": "#dada4a", "length_m": 13.5}}, {"type": "Feature", "geometry": {"type": "LineString", "coordinates": [[2.3526686, 6.4886413], [2.3538892724352363, 6.488715020897147]]}, "properties": {"kind": "split_half", "winner": "Zopah-Akassato", "color": "#c84244", "length_m": 135.3}}, {"type": "Feature", "geometry": {"type": "LineString", "coordinates": [[2.3538892724352363, 6.488715020897147], [2.3540098, 6.4887223]]}, "properties": {"kind": "split_half", "winner": "Zopah-Kokpo", "color": "#dada4a", "length_m": 13.4}}, {"type": "Feature", "geometry": {"type": "LineString", "coordinates": [[2.3520522, 6.4865389], [2.352043250553633, 6.486686931350175]]}, "properties": {"kind": "split_half", "winner": "Zopah-Akassato", "color": "#c84244", "length_m": 16.4}}, {"type": "Feature", "geometry": {"type": "LineString", "coordinates": [[2.352043250553633, 6.486686931350175], [2.3520069, 6.4872882]]}, "properties": {"kind": "split_half", "winner": "Zopah-Kokpo", "color": "#dada4a", "length_m": 66.6}}, {"type": "Feature", "geometry": {"type": "LineString", "coordinates": [[2.3520522, 6.4865389], [2.3519020083105397, 6.486531461770634]]}, "properties": {"kind": "split_half", "winner": "Zopah-Akassato", "color": "#c84244", "length_m": 16.6}}, {"type": "Feature", "geometry": {"type": "LineString", "coordinates": [[2.3519020083105397, 6.486531461770634], [2.3517049, 6.4865217]]}, "properties": {"kind": "split_half", "winner": "Zopah-Kokpo", "color": "#dada4a", "length_m": 21.8}}, {"type": "Feature", "geometry": {"type": "LineString", "coordinates": [[2.351356, 6.4865103], [2.3514002800811653, 6.485940260185887]]}, "properties": {"kind": "split_half", "winner": "Zopah-Akassato", "color": "#c84244", "length_m": 63.2}}, {"type": "Feature", "geometry": {"type": "LineString", "coordinates": [[2.3514002800811653, 6.485940260185887], [2.3514145, 6.4857572]]}, "properties": {"kind": "split_half", "winner": "Zopah-Kokpo", "color": "#dada4a", "length_m": 20.3}}, {"type": "Feature", "geometry": {"type": "LineString", "coordinates": [[2.3507208, 6.485718], [2.35123195543105, 6.485746884666134]]}, "properties": {"kind": "split_half", "winner": "Zopah-Akassato", "color": "#c84244", "length_m": 56.6}}, {"type": "Feature", "geometry": {"type": "LineString", "coordinates": [[2.35123195543105, 6.485746884666134], [2.3514145, 6.4857572]]}, "properties": {"kind": "split_half", "winner": "Zopah-Kokpo", "color": "#dada4a", "length_m": 20.2}}, {"type": "Feature", "geometry": {"type": "LineString", "coordinates": [[2.3507208, 6.485718], [2.350728075416768, 6.485193265946827]]}, "properties": {"kind": "split_half", "winner": "Zopah-Akassato", "color": "#c84244", "length_m": 58.0}}, {"type": "Feature", "geometry": {"type": "LineString", "coordinates": [[2.350728075416768, 6.485193265946827], [2.3507377, 6.4844991]]}, "properties": {"kind": "split_half", "winner": "Zopah-Kokpo", "color": "#dada4a", "length_m": 76.7}}, {"type": "Feature", "geometry": {"type": "LineString", "coordinates": [[2.3507377, 6.4844991], [2.350061574470704, 6.484459541026237]]}, "properties": {"kind": "split_half", "winner": "Zopah-Akassato", "color": "#c84244", "length_m": 74.9}}, {"type": "Feature", "geometry": {"type": "LineString", "coordinates": [[2.350061574470704, 6.484459541026237], [2.3500472, 6.4844587]]}, "properties": {"kind": "split_half", "winner": "Zopah-Kokpo", "color": "#dada4a", "length_m": 1.6}}, {"type": "Feature", "geometry": {"type": "LineString", "coordinates": [[2.3500472, 6.4844587], [2.350047966173799, 6.484444306749145]]}, "properties": {"kind": "split_half", "winner": "Zopah-Akassato", "color": "#c84244", "length_m": 1.6}}, {"type": "Feature", "geometry": {"type": "LineString", "coordinates": [[2.350047966173799, 6.484444306749145], [2.3500897, 6.4836603]]}, "properties": {"kind": "split_half", "winner": "Zopah-Kokpo", "color": "#dada4a", "length_m": 86.8}}, {"type": "Feature", "geometry": {"type": "LineString", "coordinates": [[2.3388792, 6.4857866], [2.3396838478265987, 6.487539382148669]]}, "properties": {"kind": "split_half", "winner": "Zopah-Akassato", "color": "#c84244", "length_m": 213.2}}, {"type": "Feature", "geometry": {"type": "LineString", "coordinates": [[2.3396838478265987, 6.487539382148669], [2.3396957, 6.4875652]]}, "properties": {"kind": "split_half", "winner": "Cité-les-Palmiers\n", "color": "#4aca79", "length_m": 3.1}}, {"type": "Feature", "geometry": {"type": "LineString", "coordinates": [[2.3393258, 6.4885529], [2.3392338281779455, 6.488370871279163]]}, "properties": {"kind": "split_half", "winner": "Zopah-Akassato", "color": "#c84244", "length_m": 22.5}}, {"type": "Feature", "geometry": {"type": "LineString", "coordinates": [[2.3392338281779455, 6.488370871279163], [2.3389944, 6.487897]]}, "properties": {"kind": "split_half", "winner": "Cité-les-Palmiers\n", "color": "#4aca79", "length_m": 58.7}}, {"type": "Feature", "geometry": {"type": "LineString", "coordinates": [[2.3389944, 6.487897], [2.339660081890778, 6.487582051687779]]}, "properties": {"kind": "split_half", "winner": "Zopah-Akassato", "color": "#c84244", "length_m": 81.5}}, {"type": "Feature", "geometry": {"type": "LineString", "coordinates": [[2.339660081890778, 6.487582051687779], [2.3396957, 6.4875652]]}, "properties": {"kind": "split_half", "winner": "Cité-les-Palmiers\n", "color": "#4aca79", "length_m": 4.4}}, {"type": "Feature", "geometry": {"type": "LineString", "coordinates": [[2.3443348, 6.4841291], [2.3443882993818534, 6.483419962078707]]}, "properties": {"kind": "split_half", "winner": "Zopah-Akassato", "color": "#c84244", "length_m": 78.6}}, {"type": "Feature", "geometry": {"type": "LineString", "coordinates": [[2.3443882993818534, 6.483419962078707], [2.344394, 6.4833444]]}, "properties": {"kind": "split_half", "winner": "Cité-les-Palmiers\n", "color": "#4aca79", "length_m": 8.4}}, {"type": "Feature", "geometry": {"type": "LineString", "coordinates": [[2.344394, 6.4833444], [2.3444744530462622, 6.483349394764113]]}, "properties": {"kind": "split_half", "winner": "Zopah-Akassato", "color": "#c84244", "length_m": 8.9}}, {"type": "Feature", "geometry": {"type": "LineString", "coordinates": [[2.3444744530462622, 6.483349394764113], [2.3450834, 6.4833872]]}, "properties": {"kind": "split_half", "winner": "Cité-les-Palmiers\n", "color": "#4aca79", "length_m": 67.5}}, {"type": "Feature", "geometry": {"type": "LineString", "coordinates": [[2.3421342, 6.4860009], [2.3411606837423107, 6.485937736874834]]}, "properties": {"kind": "split_half", "winner": "Zopah-Akassato", "color": "#c84244", "length_m": 107.9}}, {"type": "Feature", "geometry": {"type": "LineString", "coordinates": [[2.3411606837423107, 6.485937736874834], [2.340633, 6.4859035]]}, "properties": {"kind": "split_half", "winner": "Cité-les-Palmiers\n", "color": "#4aca79", "length_m": 58.5}}, {"type": "Feature", "geometry": {"type": "LineString", "coordinates": [[2.340633, 6.4859035], [2.3409214773646783, 6.486535292959371]]}, "properties": {"kind": "split_half", "winner": "Zopah-Akassato", "color": "#c84244", "length_m": 76.8}}, {"type": "Feature", "geometry": {"type": "LineString", "coordinates": [[2.3409214773646783, 6.486535292959371], [2.3414084, 6.4876017]]}, "properties": {"kind": "split_half", "winner": "Cité-les-Palmiers\n", "color": "#4aca79", "length_m": 129.6}}, {"type": "Feature", "geometry": {"type": "LineString", "coordinates": [[2.3429319, 6.4840868], [2.3426909317358455, 6.484080123556193]]}, "properties": {"kind": "split_half", "winner": "Zopah-Akassato", "color": "#c84244", "length_m": 26.7}}, {"type": "Feature", "geometry": {"type": "LineString", "coordinates": [[2.3426909317358455, 6.484080123556193], [2.3422281, 6.4840673]]}, "properties": {"kind": "split_half", "winner": "Cité-les-Palmiers\n", "color": "#4aca79", "length_m": 51.2}}, {"type": "Feature", "geometry": {"type": "LineString", "coordinates": [[2.3422281, 6.4840673], [2.342186230799715, 6.484723012390267]]}, "properties": {"kind": "split_half", "winner": "Zopah-Akassato", "color": "#c84244", "length_m": 72.6}}, {"type": "Feature", "geometry": {"type": "LineString", "coordinates": [[2.342186230799715, 6.484723012390267], [2.342152, 6.4852591]]}, "properties": {"kind": "split_half", "winner": "Cité-les-Palmiers\n", "color": "#4aca79", "length_m": 59.4}}, {"type": "Feature", "geometry": {"type": "LineString", "coordinates": [[2.342152, 6.4852591], [2.3417763880242632, 6.485236573205154]]}, "properties": {"kind": "split_half", "winner": "Zopah-Akassato", "color": "#c84244", "length_m": 41.6}}, {"type": "Feature", "geometry": {"type": "LineString", "coordinates": [[2.3417763880242632, 6.485236573205154], [2.3417735, 6.4852364]]}, "properties": {"kind": "split_half", "winner": "Cité-les-Palmiers\n", "color": "#4aca79", "length_m": 0.3}}, {"type": "Feature", "geometry": {"type": "LineString", "coordinates": [[2.3475568, 6.4779223], [2.347846659757652, 6.477938409998974]]}, "properties": {"kind": "split_half", "winner": "Cité-les-Palmiers\n", "color": "#4aca79", "length_m": 32.1}}, {"type": "Feature", "geometry": {"type": "LineString", "coordinates": [[2.347846659757652, 6.477938409998974], [2.3482801, 6.4779625]]}, "properties": {"kind": "split_half", "winner": "Zopah-Kokpo", "color": "#dada4a", "length_m": 48.0}}, {"type": "Feature", "geometry": {"type": "LineString", "coordinates": [[2.3475568, 6.4779223], [2.347540747123895, 6.478275907815486]]}, "properties": {"kind": "split_half", "winner": "Cité-les-Palmiers\n", "color": "#4aca79", "length_m": 39.1}}, {"type": "Feature", "geometry": {"type": "LineString", "coordinates": [[2.347540747123895, 6.478275907815486], [2.3475243, 6.4786382]]}, "properties": {"kind": "split_half", "winner": "Zopah-Kokpo", "color": "#dada4a", "length_m": 40.1}}, {"type": "Feature", "geometry": {"type": "LineString", "coordinates": [[2.3241308, 6.4951611], [2.3254167500696723, 6.496126814775771]]}, "properties": {"kind": "split_half", "winner": "Kansounkpa", "color": "#c93e91", "length_m": 177.9}}, {"type": "Feature", "geometry": {"type": "LineString", "coordinates": [[2.3254167500696723, 6.496126814775771], [2.3256712, 6.4963179]]}, "properties": {"kind": "split_half", "winner": "Zoundja\n", "color": "#8ad345", "length_m": 35.2}}, {"type": "Feature", "geometry": {"type": "LineString", "coordinates": [[2.3253264, 6.4967911], [2.3254523663516338, 6.496618225064985]]}, "properties": {"kind": "split_half", "winner": "Kansounkpa", "color": "#c93e91", "length_m": 23.7}}, {"type": "Feature", "geometry": {"type": "LineString", "coordinates": [[2.3254523663516338, 6.496618225064985], [2.3256712, 6.4963179]]}, "properties": {"kind": "split_half", "winner": "Zoundja\n", "color": "#8ad345", "length_m": 41.1}}, {"type": "Feature", "geometry": {"type": "LineString", "coordinates": [[2.3242403, 6.5000894], [2.324169219597121, 6.50009273802997]]}, "properties": {"kind": "split_half", "winner": "Kansounkpa", "color": "#c93e91", "length_m": 7.9}}, {"type": "Feature", "geometry": {"type": "LineString", "coordinates": [[2.324169219597121, 6.50009273802997], [2.3241317, 6.5000945]]}, "properties": {"kind": "split_half", "winner": "Zoundja\n", "color": "#8ad345", "length_m": 4.2}}, {"type": "Feature", "geometry": {"type": "LineString", "coordinates": [[2.3241317, 6.5000945], [2.3241465221823954, 6.500147965729354]]}, "properties": {"kind": "split_half", "winner": "Kansounkpa", "color": "#c93e91", "length_m": 6.1}}, {"type": "Feature", "geometry": {"type": "LineString", "coordinates": [[2.3241465221823954, 6.500147965729354], [2.3241485, 6.5001551]]}, "properties": {"kind": "split_half", "winner": "Zoundja\n", "color": "#8ad345", "length_m": 0.8}}, {"type": "Feature", "geometry": {"type": "LineString", "coordinates": [[2.3145316, 6.4951271], [2.314807566733553, 6.494983356199609]]}, "properties": {"kind": "split_half", "winner": "Ouéga-Agué", "color": "#c3de49", "length_m": 34.4}}, {"type": "Feature", "geometry": {"type": "LineString", "coordinates": [[2.314807566733553, 6.494983356199609], [2.3148933, 6.4949387]]}, "properties": {"kind": "split_half", "winner": "Kansounkpa", "color": "#c93e91", "length_m": 10.7}}, {"type": "Feature", "geometry": {"type": "LineString", "coordinates": [[2.3145316, 6.4951271], [2.314323893941599, 6.4952526235109795]]}, "properties": {"kind": "split_half", "winner": "Ouéga-Agué", "color": "#c3de49", "length_m": 26.8}}, {"type": "Feature", "geometry": {"type": "LineString", "coordinates": [[2.314323893941599, 6.4952526235109795], [2.3140792, 6.4954005]]}, "properties": {"kind": "split_half", "winner": "Kansounkpa", "color": "#c93e91", "length_m": 31.6}}, {"type": "Feature", "geometry": {"type": "LineString", "coordinates": [[2.3197432, 6.493279], [2.3197917452912886, 6.493489053294502]]}, "properties": {"kind": "split_half", "winner": "Ouéga-Agué", "color": "#c3de49", "length_m": 23.8}}, {"type": "Feature", "geometry": {"type": "LineString", "coordinates": [[2.3197917452912886, 6.493489053294502], [2.3198634, 6.4937991]]}, "properties": {"kind": "split_half", "winner": "Kansounkpa", "color": "#c93e91", "length_m": 35.2}}, {"type": "Feature", "geometry": {"type": "LineString", "coordinates": [[2.3198634, 6.4937991], [2.3194867528743903, 6.493868250700978]]}, "properties": {"kind": "split_half", "winner": "Ouéga-Agué", "color": "#c3de49", "length_m": 42.4}}, {"type": "Feature", "geometry": {"type": "LineString", "coordinates": [[2.3194867528743903, 6.493868250700978], [2.3189478, 6.4939672]]}, "properties": {"kind": "split_half", "winner": "Kansounkpa", "color": "#c93e91", "length_m": 60.6}}, {"type": "Feature", "geometry": {"type": "LineString", "coordinates": [[2.3190572, 6.4945046], [2.318821589217662, 6.494549095995141]]}, "properties": {"kind": "split_half", "winner": "Ouéga-Agué", "color": "#c3de49", "length_m": 26.5}}, {"type": "Feature", "geometry": {"type": "LineString", "coordinates": [[2.318821589217662, 6.494549095995141], [2.3181385, 6.4946781]]}, "properties": {"kind": "split_half", "winner": "Kansounkpa", "color": "#c93e91", "length_m": 76.9}}, {"type": "Feature", "geometry": {"type": "LineString", "coordinates": [[2.3181385, 6.4946781], [2.3178953544498566, 6.4947201865327155]]}, "properties": {"kind": "split_half", "winner": "Ouéga-Agué", "color": "#c3de49", "length_m": 27.3}}, {"type": "Feature", "geometry": {"type": "LineString", "coordinates": [[2.3178953544498566, 6.4947201865327155], [2.3174978, 6.494789]]}, "properties": {"kind": "split_half", "winner": "Kansounkpa", "color": "#c93e91", "length_m": 44.6}}, {"type": "Feature", "geometry": {"type": "LineString", "coordinates": [[2.2580692, 6.4811005], [2.2579173245161654, 6.481544082562329]]}, "properties": {"kind": "split_half", "winner": "Dassèkomey", "color": "#d13bc2", "length_m": 51.8}}, {"type": "Feature", "geometry": {"type": "LineString", "coordinates": [[2.2579173245161654, 6.481544082562329], [2.257846, 6.4817524]]}, "properties": {"kind": "split_half", "winner": "Kpossidja", "color": "#cfb848", "length_m": 24.3}}, {"type": "Feature", "geometry": {"type": "LineString", "coordinates": [[2.2580692, 6.4811005], [2.2580064178507326, 6.4810531103144795]]}, "properties": {"kind": "split_half", "winner": "Dassèkomey", "color": "#d13bc2", "length_m": 8.7}}, {"type": "Feature", "geometry": {"type": "LineString", "coordinates": [[2.2580064178507326, 6.4810531103144795], [2.2578983, 6.4809715]]}, "properties": {"kind": "split_half", "winner": "Kpossidja", "color": "#cfb848", "length_m": 15.0}}, {"type": "Feature", "geometry": {"type": "LineString", "coordinates": [[2.354483, 6.6075257], [2.3545687021783612, 6.607757388880476]]}, "properties": {"kind": "split_half", "winner": "Zinvié-Fandji", "color": "#53dc41", "length_m": 27.3}}, {"type": "Feature", "geometry": {"type": "LineString", "coordinates": [[2.3545687021783612, 6.607757388880476], [2.3546, 6.607842]]}, "properties": {"kind": "split_half", "winner": "Sokan", "color": "#d040bd", "length_m": 10.0}}, {"type": "Feature", "geometry": {"type": "LineString", "coordinates": [[2.354483, 6.6075257], [2.3552114149297774, 6.607346769936472]]}, "properties": {"kind": "split_half", "winner": "Zinvié-Fandji", "color": "#53dc41", "length_m": 83.0}}, {"type": "Feature", "geometry": {"type": "LineString", "coordinates": [[2.3552114149297774, 6.607346769936472], [2.3552691, 6.6073326]]}, "properties": {"kind": "split_half", "winner": "Sokan", "color": "#d040bd", "length_m": 6.6}}, {"type": "Feature", "geometry": {"type": "LineString", "coordinates": [[2.3232659, 6.4238892], [2.3227022998284674, 6.423115688805881]]}, "properties": {"kind": "split_half", "winner": "Alègléta", "color": "#52ddac", "length_m": 105.8}}, {"type": "Feature", "geometry": {"type": "LineString", "coordinates": [[2.3227022998284674, 6.423115688805881], [2.3225952, 6.4229687]]}, "properties": {"kind": "split_half", "winner": "Tankpè-Tanmè", "color": "#ce4b74", "length_m": 20.1}}, {"type": "Feature", "geometry": {"type": "LineString", "coordinates": [[2.3225952, 6.4229687], [2.3228389975826986, 6.422953673817842]]}, "properties": {"kind": "split_half", "winner": "Alègléta", "color": "#52ddac", "length_m": 27.0}}, {"type": "Feature", "geometry": {"type": "LineString", "coordinates": [[2.3228389975826986, 6.422953673817842], [2.3231436, 6.4229349]]}, "properties": {"kind": "split_half", "winner": "Tankpè-Tanmè", "color": "#ce4b74", "length_m": 33.8}}, {"type": "Feature", "geometry": {"type": "LineString", "coordinates": [[2.3235066, 6.4228903], [2.323346540240362, 6.422909965744572]]}, "properties": {"kind": "split_half", "winner": "Alègléta", "color": "#52ddac", "length_m": 17.8}}, {"type": "Feature", "geometry": {"type": "LineString", "coordinates": [[2.323346540240362, 6.422909965744572], [2.3231436, 6.4229349]]}, "properties": {"kind": "split_half", "winner": "Tankpè-Tanmè", "color": "#ce4b74", "length_m": 22.6}}, {"type": "Feature", "geometry": {"type": "LineString", "coordinates": [[2.3254682, 6.4221102], [2.32512176480626, 6.42169978757803]]}, "properties": {"kind": "split_half", "winner": "Alègléta", "color": "#52ddac", "length_m": 59.4}}, {"type": "Feature", "geometry": {"type": "LineString", "coordinates": [[2.32512176480626, 6.42169978757803], [2.3251211, 6.421699]]}, "properties": {"kind": "split_half", "winner": "Tankpè-Tanmè", "color": "#ce4b74", "length_m": 0.1}}, {"type": "Feature", "geometry": {"type": "LineString", "coordinates": [[2.3251211, 6.421699], [2.3251161953883583, 6.421702214761701]]}, "properties": {"kind": "split_half", "winner": "Alègléta", "color": "#52ddac", "length_m": 0.6}}, {"type": "Feature", "geometry": {"type": "LineString", "coordinates": [[2.3251161953883583, 6.421702214761701], [2.3243212, 6.4222233]]}, "properties": {"kind": "split_half", "winner": "Tankpè-Tanmè", "color": "#ce4b74", "length_m": 105.1}}, {"type": "Feature", "geometry": {"type": "LineString", "coordinates": [[2.3241077, 6.4217815], [2.324248497633312, 6.422072855477271]]}, "properties": {"kind": "split_half", "winner": "Alègléta", "color": "#52ddac", "length_m": 35.8}}, {"type": "Feature", "geometry": {"type": "LineString", "coordinates": [[2.324248497633312, 6.422072855477271], [2.3243212, 6.4222233]]}, "properties": {"kind": "split_half", "winner": "Tankpè-Tanmè", "color": "#ce4b74", "length_m": 18.5}}, {"type": "Feature", "geometry": {"type": "LineString", "coordinates": [[2.3209669, 6.4238071], [2.3213429260573526, 6.423445670017231]]}, "properties": {"kind": "split_half", "winner": "Alègléta", "color": "#52ddac", "length_m": 57.7}}, {"type": "Feature", "geometry": {"type": "LineString", "coordinates": [[2.3213429260573526, 6.423445670017231], [2.3214976, 6.423297]]}, "properties": {"kind": "split_half", "winner": "Tankpè-Tanmè", "color": "#ce4b74", "length_m": 23.7}}, {"type": "Feature", "geometry": {"type": "LineString", "coordinates": [[2.3214976, 6.423297], [2.3216288065018915, 6.423449128181426]]}, "properties": {"kind": "split_half", "winner": "Alègléta", "color": "#52ddac", "length_m": 22.2}}, {"type": "Feature", "geometry": {"type": "LineString", "coordinates": [[2.3216288065018915, 6.423449128181426], [2.321983, 6.4238598]]}, "properties": {"kind": "split_half", "winner": "Tankpè-Tanmè", "color": "#ce4b74", "length_m": 60.0}}, {"type": "Feature", "geometry": {"type": "LineString", "coordinates": [[2.3209193, 6.4237615], [2.321072398924481, 6.423615717769804]]}, "properties": {"kind": "split_half", "winner": "Alègléta", "color": "#52ddac", "length_m": 23.4}}, {"type": "Feature", "geometry": {"type": "LineString", "coordinates": [[2.321072398924481, 6.423615717769804], [2.3214466, 6.4232594]]}, "properties": {"kind": "split_half", "winner": "Tankpè-Tanmè", "color": "#ce4b74", "length_m": 57.1}}, {"type": "Feature", "geometry": {"type": "LineString", "coordinates": [[2.3209193, 6.4237615], [2.320890309461295, 6.423640926148925]]}, "properties": {"kind": "split_half", "winner": "Alègléta", "color": "#52ddac", "length_m": 13.7}}, {"type": "Feature", "geometry": {"type": "LineString", "coordinates": [[2.320890309461295, 6.423640926148925], [2.3207678, 6.4231314]]}, "properties": {"kind": "split_half", "winner": "Tankpè-Tanmè", "color": "#ce4b74", "length_m": 57.9}}, {"type": "Feature", "geometry": {"type": "LineString", "coordinates": [[2.3176811, 6.4268993], [2.317672020192759, 6.426910245182606]]}, "properties": {"kind": "split_half", "winner": "Tankpê-Yoho", "color": "#df44d5", "length_m": 1.6}}, {"type": "Feature", "geometry": {"type": "LineString", "coordinates": [[2.317672020192759, 6.426910245182606], [2.3176076, 6.4269879]]}, "properties": {"kind": "split_half", "winner": "Tankpè-Tanmè", "color": "#ce4b74", "length_m": 11.2}}, {"type": "Feature", "geometry": {"type": "LineString", "coordinates": [[2.3176076, 6.4269879], [2.317656191498198, 6.4271170685156545]]}, "properties": {"kind": "split_half", "winner": "Tankpê-Yoho", "color": "#df44d5", "length_m": 15.3}}, {"type": "Feature", "geometry": {"type": "LineString", "coordinates": [[2.317656191498198, 6.4271170685156545], [2.3178057, 6.4275145]]}, "properties": {"kind": "split_half", "winner": "Tankpè-Tanmè", "color": "#ce4b74", "length_m": 46.9}}, {"type": "Feature", "geometry": {"type": "LineString", "coordinates": [[2.3127882, 6.4364958], [2.31296935, 6.43651465]]}, "properties": {"kind": "split_half", "winner": "Houèto", "color": "#de47d2", "length_m": 20.1}}, {"type": "Feature", "geometry": {"type": "LineString", "coordinates": [[2.31296935, 6.43651465], [2.3131505, 6.4365335]]}, "properties": {"kind": "split_half", "winner": "Tankpê-Yoho", "color": "#df44d5", "length_m": 20.1}}, {"type": "Feature", "geometry": {"type": "LineString", "coordinates": [[2.3127882, 6.4364958], [2.3129519, 6.43623345]]}, "properties": {"kind": "split_half", "winner": "Houèto", "color": "#de47d2", "length_m": 34.2}}, {"type": "Feature", "geometry": {"type": "LineString", "coordinates": [[2.3129519, 6.43623345], [2.3131156, 6.4359711]]}, "properties": {"kind": "split_half", "winner": "Tankpê-Yoho", "color": "#df44d5", "length_m": 34.2}}, {"type": "Feature", "geometry": {"type": "LineString", "coordinates": [[2.3116375, 6.435981], [2.31187495, 6.435666250000001]]}, "properties": {"kind": "split_half", "winner": "Houèto", "color": "#de47d2", "length_m": 43.6}}, {"type": "Feature", "geometry": {"type": "LineString", "coordinates": [[2.31187495, 6.435666250000001], [2.3121124, 6.4353515]]}, "properties": {"kind": "split_half", "winner": "Tankpê-Yoho", "color": "#df44d5", "length_m": 43.6}}, {"type": "Feature", "geometry": {"type": "LineString", "coordinates": [[2.3116375, 6.435981], [2.3115631499999996, 6.4357102]]}, "properties": {"kind": "split_half", "winner": "Houèto", "color": "#de47d2", "length_m": 31.0}}, {"type": "Feature", "geometry": {"type": "LineString", "coordinates": [[2.3115631499999996, 6.4357102], [2.3114888, 6.4354394]]}, "properties": {"kind": "split_half", "winner": "Tankpê-Yoho", "color": "#df44d5", "length_m": 31.0}}, {"type": "Feature", "geometry": {"type": "LineString", "coordinates": [[2.3061241, 6.4328794], [2.30659717044315, 6.43279073417617]]}, "properties": {"kind": "split_half", "winner": "Houèto", "color": "#de47d2", "length_m": 53.2}}, {"type": "Feature", "geometry": {"type": "LineString", "coordinates": [[2.30659717044315, 6.43279073417617], [2.3067174, 6.4327682]]}, "properties": {"kind": "split_half", "winner": "Tankpê-Yoho", "color": "#df44d5", "length_m": 13.5}}, {"type": "Feature", "geometry": {"type": "LineString", "coordinates": [[2.3067174, 6.4327682], [2.3067185832509787, 6.4328016055939266]]}, "properties": {"kind": "split_half", "winner": "Houèto", "color": "#de47d2", "length_m": 3.7}}, {"type": "Feature", "geometry": {"type": "LineString", "coordinates": [[2.3067185832509787, 6.4328016055939266], [2.3067355, 6.4332792]]}, "properties": {"kind": "split_half", "winner": "Tankpê-Yoho", "color": "#df44d5", "length_m": 52.8}}, {"type": "Feature", "geometry": {"type": "LineString", "coordinates": [[2.3102838, 6.4387521], [2.3102762783415645, 6.438545729900161]]}, "properties": {"kind": "split_half", "winner": "Houèto", "color": "#de47d2", "length_m": 22.8}}, {"type": "Feature", "geometry": {"type": "LineString", "coordinates": [[2.3102762783415645, 6.438545729900161], [2.3102229, 6.4370812]]}, "properties": {"kind": "split_half", "winner": "Tankpê-Yoho", "color": "#df44d5", "length_m": 162.0}}, {"type": "Feature", "geometry": {"type": "LineString", "coordinates": [[2.3102229, 6.4370812], [2.3103787000000002, 6.43719295]]}, "properties": {"kind": "split_half", "winner": "Houèto", "color": "#de47d2", "length_m": 21.2}}, {"type": "Feature", "geometry": {"type": "LineString", "coordinates": [[2.3103787000000002, 6.43719295], [2.3105345, 6.4373047]]}, "properties": {"kind": "split_half", "winner": "Tankpê-Yoho", "color": "#df44d5", "length_m": 21.2}}, {"type": "Feature", "geometry": {"type": "LineString", "coordinates": [[2.3102071, 6.4364306], [2.3103967, 6.436418099999999]]}, "properties": {"kind": "split_half", "winner": "Houèto", "color": "#de47d2", "length_m": 21.0}}, {"type": "Feature", "geometry": {"type": "LineString", "coordinates": [[2.3103967, 6.436418099999999], [2.3105863, 6.4364056]]}, "properties": {"kind": "split_half", "winner": "Tankpê-Yoho", "color": "#df44d5", "length_m": 21.0}}, {"type": "Feature", "geometry": {"type": "LineString", "coordinates": [[2.3105863, 6.4364056], [2.3104651, 6.435978499999999]]}, "properties": {"kind": "split_half", "winner": "Houèto", "color": "#de47d2", "length_m": 49.1}}, {"type": "Feature", "geometry": {"type": "LineString", "coordinates": [[2.3104651, 6.435978499999999], [2.3103439, 6.4355514]]}, "properties": {"kind": "split_half", "winner": "Tankpê-Yoho", "color": "#df44d5", "length_m": 49.1}}, {"type": "Feature", "geometry": {"type": "LineString", "coordinates": [[2.3375022, 6.4158388], [2.3374720618453244, 6.415706192119429]]}, "properties": {"kind": "split_half", "winner": "Cité-la-Victoire\n", "color": "#41d871", "length_m": 15.0}}, {"type": "Feature", "geometry": {"type": "LineString", "coordinates": [[2.3374720618453244, 6.415706192119429], [2.3374097, 6.4154318]]}, "properties": {"kind": "split_half", "winner": "Agonkanmey\n", "color": "#3bd541", "length_m": 31.1}}, {"type": "Feature", "geometry": {"type": "LineString", "coordinates": [[2.3374097, 6.4154318], [2.3372755832489225, 6.415446444734086]]}, "properties": {"kind": "split_half", "winner": "Cité-la-Victoire\n", "color": "#41d871", "length_m": 14.9}}, {"type": "Feature", "geometry": {"type": "LineString", "coordinates": [[2.3372755832489225, 6.415446444734086], [2.3370214, 6.4154742]]}, "properties": {"kind": "split_half", "winner": "Agonkanmey\n", "color": "#3bd541", "length_m": 28.3}}, {"type": "Feature", "geometry": {"type": "LineString", "coordinates": [[2.3373397, 6.4148224], [2.3370543503761145, 6.414850996681846]]}, "properties": {"kind": "split_half", "winner": "Cité-la-Victoire\n", "color": "#41d871", "length_m": 31.7}}, {"type": "Feature", "geometry": {"type": "LineString", "coordinates": [[2.3370543503761145, 6.414850996681846], [2.3369236, 6.4148641]]}, "properties": {"kind": "split_half", "winner": "Agonkanmey\n", "color": "#3bd541", "length_m": 14.5}}, {"type": "Feature", "geometry": {"type": "LineString", "coordinates": [[2.3367793, 6.4135205], [2.3369164281617993, 6.414797321886303]]}, "properties": {"kind": "split_half", "winner": "Cité-la-Victoire\n", "color": "#41d871", "length_m": 142.0}}, {"type": "Feature", "geometry": {"type": "LineString", "coordinates": [[2.3369164281617993, 6.414797321886303], [2.3369236, 6.4148641]]}, "properties": {"kind": "split_half", "winner": "Agonkanmey\n", "color": "#3bd541", "length_m": 7.4}}, {"type": "Feature", "geometry": {"type": "LineString", "coordinates": [[2.3316497, 6.4064627], [2.3325354358789143, 6.405571788162699]]}, "properties": {"kind": "split_half", "winner": "Hounsa-Agbodokpa\n", "color": "#46cb65", "length_m": 138.9}}, {"type": "Feature", "geometry": {"type": "LineString", "coordinates": [[2.3325354358789143, 6.405571788162699], [2.3328818, 6.4052234]]}, "properties": {"kind": "split_half", "winner": "Djoukpa-Togoudo\n", "color": "#3dd1c5", "length_m": 54.3}}, {"type": "Feature", "geometry": {"type": "LineString", "coordinates": [[2.3333405, 6.4029929], [2.333011361064284, 6.403303534713253]]}, "properties": {"kind": "split_half", "winner": "Hounsa-Agbodokpa\n", "color": "#46cb65", "length_m": 50.0}}, {"type": "Feature", "geometry": {"type": "LineString", "coordinates": [[2.333011361064284, 6.403303534713253], [2.3329225, 6.4033874]]}, "properties": {"kind": "split_half", "winner": "Djoukpa-Togoudo\n", "color": "#3dd1c5", "length_m": 13.5}}, {"type": "Feature", "geometry": {"type": "LineString", "coordinates": [[2.3329225, 6.4033874], [2.332912164489169, 6.403853640734296]]}, "properties": {"kind": "split_half", "winner": "Hounsa-Agbodokpa\n", "color": "#46cb65", "length_m": 51.6}}, {"type": "Feature", "geometry": {"type": "LineString", "coordinates": [[2.332912164489169, 6.403853640734296], [2.3328818, 6.4052234]]}, "properties": {"kind": "split_half", "winner": "Djoukpa-Togoudo\n", "color": "#3dd1c5", "length_m": 151.5}}, {"type": "Feature", "geometry": {"type": "LineString", "coordinates": [[2.2907147, 6.4073223], [2.2905864688911697, 6.407420060927132]]}, "properties": {"kind": "split_half", "winner": "Sodo\n", "color": "#d77846", "length_m": 17.8}}, {"type": "Feature", "geometry": {"type": "LineString", "coordinates": [[2.2905864688911697, 6.407420060927132], [2.2902745, 6.4076579]]}, "properties": {"kind": "split_half", "winner": "Womey-Yénawa", "color": "#c93e43", "length_m": 43.4}}, {"type": "Feature", "geometry": {"type": "LineString", "coordinates": [[2.2907147, 6.4073223], [2.290658878205807, 6.407168631079846]]}, "properties": {"kind": "split_half", "winner": "Sodo\n", "color": "#d77846", "length_m": 18.1}}, {"type": "Feature", "geometry": {"type": "LineString", "coordinates": [[2.290658878205807, 6.407168631079846], [2.2903987, 6.4064524]]}, "properties": {"kind": "split_half", "winner": "Womey-Yénawa", "color": "#c93e43", "length_m": 84.2}}, {"type": "Feature", "geometry": {"type": "LineString", "coordinates": [[2.2906779, 6.408402], [2.290831183160125, 6.408704427753013]]}, "properties": {"kind": "split_half", "winner": "Sodo\n", "color": "#d77846", "length_m": 37.5}}, {"type": "Feature", "geometry": {"type": "LineString", "coordinates": [[2.290831183160125, 6.408704427753013], [2.2908742, 6.4087893]]}, "properties": {"kind": "split_half", "winner": "Womey-Yénawa", "color": "#c93e43", "length_m": 10.5}}, {"type": "Feature", "geometry": {"type": "LineString", "coordinates": [[2.2908742, 6.4087893], [2.290935886783386, 6.40889146345358]]}, "properties": {"kind": "split_half", "winner": "Sodo\n", "color": "#d77846", "length_m": 13.2}}, {"type": "Feature", "geometry": {"type": "LineString", "coordinates": [[2.290935886783386, 6.40889146345358], [2.2909472, 6.4089102]]}, "properties": {"kind": "split_half", "winner": "Womey-Yénawa", "color": "#c93e43", "length_m": 2.4}}, {"type": "Feature", "geometry": {"type": "LineString", "coordinates": [[2.2992008, 6.4071198], [2.2991586208001404, 6.407613519536565]]}, "properties": {"kind": "split_half", "winner": "Sodo\n", "color": "#d77846", "length_m": 54.8}}, {"type": "Feature", "geometry": {"type": "LineString", "coordinates": [[2.2991586208001404, 6.407613519536565], [2.2991516, 6.4076957]]}, "properties": {"kind": "split_half", "winner": "Womey-Centre\n", "color": "#47c74e", "length_m": 9.1}}, {"type": "Feature", "geometry": {"type": "LineString", "coordinates": [[2.2992008, 6.4071198], [2.2997434352899284, 6.407175074793405]]}, "properties": {"kind": "split_half", "winner": "Sodo\n", "color": "#d77846", "length_m": 60.3}}, {"type": "Feature", "geometry": {"type": "LineString", "coordinates": [[2.2997434352899284, 6.407175074793405], [2.3001452, 6.407216]]}, "properties": {"kind": "split_half", "winner": "Womey-Centre\n", "color": "#47c74e", "length_m": 44.7}}, {"type": "Feature", "geometry": {"type": "LineString", "coordinates": [[2.3273841, 6.3892115], [2.327070890906252, 6.389351162746852]]}, "properties": {"kind": "split_half", "winner": "Ounvènoumèdé\n", "color": "#7dcf46", "length_m": 37.9}}, {"type": "Feature", "geometry": {"type": "LineString", "coordinates": [[2.327070890906252, 6.389351162746852], [2.326982, 6.3893908]]}, "properties": {"kind": "split_half", "winner": "Atrokpo-Codji", "color": "#43c853", "length_m": 10.8}}, {"type": "Feature", "geometry": {"type": "LineString", "coordinates": [[2.3273841, 6.3892115], [2.3273514659309416, 6.388889744958775]]}, "properties": {"kind": "split_half", "winner": "Ounvènoumèdé\n", "color": "#7dcf46", "length_m": 35.7}}, {"type": "Feature", "geometry": {"type": "LineString", "coordinates": [[2.3273514659309416, 6.388889744958775], [2.3272681, 6.3880678]]}, "properties": {"kind": "split_half", "winner": "Atrokpo-Codji", "color": "#43c853", "length_m": 91.3}}, {"type": "Feature", "geometry": {"type": "LineString", "coordinates": [[2.3421948, 6.4469894], [2.34233510141477, 6.447445379598003]]}, "properties": {"kind": "split_half", "winner": "Finafa\n", "color": "#84cb46", "length_m": 52.7}}, {"type": "Feature", "geometry": {"type": "LineString", "coordinates": [[2.34233510141477, 6.447445379598003], [2.3423692, 6.4475562]]}, "properties": {"kind": "split_half", "winner": "Aïtchédji\n", "color": "#d86d3e", "length_m": 12.8}}, {"type": "Feature", "geometry": {"type": "LineString", "coordinates": [[2.3423692, 6.4475562], [2.3427432297927897, 6.447549231193308]]}, "properties": {"kind": "split_half", "winner": "Finafa\n", "color": "#84cb46", "length_m": 41.4}}, {"type": "Feature", "geometry": {"type": "LineString", "coordinates": [[2.3427432297927897, 6.447549231193308], [2.3430401, 6.4475437]]}, "properties": {"kind": "split_half", "winner": "Aïtchédji\n", "color": "#d86d3e", "length_m": 32.8}}, {"type": "Feature", "geometry": {"type": "LineString", "coordinates": [[2.3430224, 6.4478527], [2.343508049796718, 6.447809667739532]]}, "properties": {"kind": "split_half", "winner": "Finafa\n", "color": "#84cb46", "length_m": 53.9}}, {"type": "Feature", "geometry": {"type": "LineString", "coordinates": [[2.343508049796718, 6.447809667739532], [2.3435438, 6.4478065]]}, "properties": {"kind": "split_half", "winner": "Aïtchédji\n", "color": "#d86d3e", "length_m": 4.0}}, {"type": "Feature", "geometry": {"type": "LineString", "coordinates": [[2.3435438, 6.4478065], [2.3435559372227854, 6.44784110122343]]}, "properties": {"kind": "split_half", "winner": "Finafa\n", "color": "#84cb46", "length_m": 4.1}}, {"type": "Feature", "geometry": {"type": "LineString", "coordinates": [[2.3435559372227854, 6.44784110122343], [2.3437952, 6.4485232]]}, "properties": {"kind": "split_half", "winner": "Aïtchédji\n", "color": "#d86d3e", "length_m": 79.9}}, {"type": "Feature", "geometry": {"type": "LineString", "coordinates": [[2.3399488, 6.4562091], [2.3410941535000003, 6.4557653442000005]]}, "properties": {"kind": "split_half", "winner": "Aïtchédji\n", "color": "#d86d3e", "length_m": 135.9}}, {"type": "Feature", "geometry": {"type": "LineString", "coordinates": [[2.3410941535000003, 6.4557653442000005], [2.3410953, 6.4557649]]}, "properties": {"kind": "split_half", "winner": "Sèmè", "color": "#44df9e", "length_m": 0.1}}, {"type": "Feature", "geometry": {"type": "LineString", "coordinates": [[2.3410953, 6.4557649], [2.3410951, 6.455764392]]}, "properties": {"kind": "split_half", "winner": "Aïtchédji\n", "color": "#d86d3e", "length_m": 0.1}}, {"type": "Feature", "geometry": {"type": "LineString", "coordinates": [[2.3410951, 6.455764392], [2.3408953, 6.4552569]]}, "properties": {"kind": "split_half", "winner": "Sèmè", "color": "#44df9e", "length_m": 60.3}}, {"type": "Feature", "geometry": {"type": "LineString", "coordinates": [[2.3419261, 6.453281], [2.3428477985317184, 6.453016932552103]]}, "properties": {"kind": "split_half", "winner": "Aïtchédji\n", "color": "#d86d3e", "length_m": 106.1}}, {"type": "Feature", "geometry": {"type": "LineString", "coordinates": [[2.3428477985317184, 6.453016932552103], [2.3430521, 6.4529584]]}, "properties": {"kind": "split_half", "winner": "Sèmè", "color": "#44df9e", "length_m": 23.5}}, {"type": "Feature", "geometry": {"type": "LineString", "coordinates": [[2.3430521, 6.4529584], [2.3430371151259077, 6.4527490998693535]]}, "properties": {"kind": "split_half", "winner": "Aïtchédji\n", "color": "#d86d3e", "length_m": 23.2}}, {"type": "Feature", "geometry": {"type": "LineString", "coordinates": [[2.3430371151259077, 6.4527490998693535], [2.3430214, 6.4525296]]}, "properties": {"kind": "split_half", "winner": "Sèmè", "color": "#44df9e", "length_m": 24.3}}, {"type": "Feature", "geometry": {"type": "LineString", "coordinates": [[2.3417442, 6.4542828], [2.3419116431051847, 6.454694745065506]]}, "properties": {"kind": "split_half", "winner": "Aïtchédji\n", "color": "#d86d3e", "length_m": 49.2}}, {"type": "Feature", "geometry": {"type": "LineString", "coordinates": [[2.3419116431051847, 6.454694745065506], [2.3419641, 6.4548238]]}, "properties": {"kind": "split_half", "winner": "Sèmè", "color": "#44df9e", "length_m": 15.4}}, {"type": "Feature", "geometry": {"type": "LineString", "coordinates": [[2.3419641, 6.4548238], [2.3418012424670365, 6.454878930420225]]}, "properties": {"kind": "split_half", "winner": "Aïtchédji\n", "color": "#d86d3e", "length_m": 19.0}}, {"type": "Feature", "geometry": {"type": "LineString", "coordinates": [[2.3418012424670365, 6.454878930420225], [2.3414049, 6.4550131]]}, "properties": {"kind": "split_half", "winner": "Sèmè", "color": "#44df9e", "length_m": 46.3}}, {"type": "Feature", "geometry": {"type": "LineString", "coordinates": [[2.3414049, 6.4550131], [2.3415326643005945, 6.4553447703176]]}, "properties": {"kind": "split_half", "winner": "Aïtchédji\n", "color": "#d86d3e", "length_m": 39.3}}, {"type": "Feature", "geometry": {"type": "LineString", "coordinates": [[2.3415326643005945, 6.4553447703176], [2.3422058, 6.4570922]]}, "properties": {"kind": "split_half", "winner": "Sèmè", "color": "#44df9e", "length_m": 207.0}}, {"type": "Feature", "geometry": {"type": "LineString", "coordinates": [[2.343788, 6.4514219], [2.3438058719723363, 6.451728613716659]]}, "properties": {"kind": "split_half", "winner": "Aïtchédji\n", "color": "#d86d3e", "length_m": 34.0}}, {"type": "Feature", "geometry": {"type": "LineString", "coordinates": [[2.3438058719723363, 6.451728613716659], [2.3438183, 6.4519419]]}, "properties": {"kind": "split_half", "winner": "Sèmè", "color": "#44df9e", "length_m": 23.6}}, {"type": "Feature", "geometry": {"type": "LineString", "coordinates": [[2.3438183, 6.4519419], [2.3436588761325905, 6.451946256950743]]}, "properties": {"kind": "split_half", "winner": "Aïtchédji\n", "color": "#d86d3e", "length_m": 17.6}}, {"type": "Feature", "geometry": {"type": "LineString", "coordinates": [[2.3436588761325905, 6.451946256950743], [2.3430316, 6.4519634]]}, "properties": {"kind": "split_half", "winner": "Sèmè", "color": "#44df9e", "length_m": 69.4}}, {"type": "Feature", "geometry": {"type": "LineString", "coordinates": [[2.3527036, 6.474355], [2.3527446123974536, 6.473583661245407]]}, "properties": {"kind": "split_half", "winner": "Zopah-Kokpo", "color": "#dada4a", "length_m": 85.4}}, {"type": "Feature", "geometry": {"type": "LineString", "coordinates": [[2.3527446123974536, 6.473583661245407], [2.3527519, 6.4734466]]}, "properties": {"kind": "split_half", "winner": "Fandji\n", "color": "#bad840", "length_m": 15.2}}, {"type": "Feature", "geometry": {"type": "LineString", "coordinates": [[2.3527519, 6.4734466], [2.3528224972349965, 6.4734507594362904]]}, "properties": {"kind": "split_half", "winner": "Zopah-Kokpo", "color": "#dada4a", "length_m": 7.8}}, {"type": "Feature", "geometry": {"type": "LineString", "coordinates": [[2.3528224972349965, 6.4734507594362904], [2.3530014, 6.4734613]]}, "properties": {"kind": "split_half", "winner": "Fandji\n", "color": "#bad840", "length_m": 19.8}}, {"type": "Feature", "geometry": {"type": "LineString", "coordinates": [[2.3483338, 6.4770444], [2.34834629837692, 6.4768191619545465]]}, "properties": {"kind": "split_half", "winner": "Zopah-Kokpo", "color": "#dada4a", "length_m": 24.9}}, {"type": "Feature", "geometry": {"type": "LineString", "coordinates": [[2.34834629837692, 6.4768191619545465], [2.3484133, 6.4756117]]}, "properties": {"kind": "split_half", "winner": "Fandji\n", "color": "#bad840", "length_m": 133.7}}, {"type": "Feature", "geometry": {"type": "LineString", "coordinates": [[2.3483338, 6.4770444], [2.347922939952616, 6.47702573320137]]}, "properties": {"kind": "split_half", "winner": "Zopah-Kokpo", "color": "#dada4a", "length_m": 45.5}}, {"type": "Feature", "geometry": {"type": "LineString", "coordinates": [[2.347922939952616, 6.47702573320137], [2.3479024, 6.4770248]]}, "properties": {"kind": "split_half", "winner": "Fandji\n", "color": "#bad840", "length_m": 2.3}}, {"type": "Feature", "geometry": {"type": "LineString", "coordinates": [[2.3549533, 6.4713543], [2.3546272007611653, 6.471376459846992]]}, "properties": {"kind": "split_half", "winner": "Zopah-Kokpo", "color": "#dada4a", "length_m": 36.2}}, {"type": "Feature", "geometry": {"type": "LineString", "coordinates": [[2.3546272007611653, 6.471376459846992], [2.3541042, 6.471412]]}, "properties": {"kind": "split_half", "winner": "Fandji\n", "color": "#bad840", "length_m": 58.0}}, {"type": "Feature", "geometry": {"type": "LineString", "coordinates": [[2.3541042, 6.471412], [2.3541420735854723, 6.471910865111576]]}, "properties": {"kind": "split_half", "winner": "Zopah-Kokpo", "color": "#dada4a", "length_m": 55.3}}, {"type": "Feature", "geometry": {"type": "LineString", "coordinates": [[2.3541420735854723, 6.471910865111576], [2.35422, 6.4729373]]}, "properties": {"kind": "split_half", "winner": "Fandji\n", "color": "#bad840", "length_m": 113.8}}, {"type": "Feature", "geometry": {"type": "LineString", "coordinates": [[2.3506621, 6.4746345], [2.350751210356447, 6.474637207448082]]}, "properties": {"kind": "split_half", "winner": "Zopah-Kokpo", "color": "#dada4a", "length_m": 9.9}}, {"type": "Feature", "geometry": {"type": "LineString", "coordinates": [[2.350751210356447, 6.474637207448082], [2.3509649, 6.4746437]]}, "properties": {"kind": "split_half", "winner": "Fandji\n", "color": "#bad840", "length_m": 23.7}}, {"type": "Feature", "geometry": {"type": "LineString", "coordinates": [[2.3509649, 6.4746437], [2.350977445566748, 6.47443257870883]]}, "properties": {"kind": "split_half", "winner": "Zopah-Kokpo", "color": "#dada4a", "length_m": 23.4}}, {"type": "Feature", "geometry": {"type": "LineString", "coordinates": [[2.350977445566748, 6.47443257870883], [2.3509783, 6.4744182]]}, "properties": {"kind": "split_half", "winner": "Fandji\n", "color": "#bad840", "length_m": 1.6}}, {"type": "Feature", "geometry": {"type": "LineString", "coordinates": [[2.3491817, 6.4775315], [2.3492598518512584, 6.476174738774548]]}, "properties": {"kind": "split_half", "winner": "Zopah-Kokpo", "color": "#dada4a", "length_m": 150.2}}, {"type": "Feature", "geometry": {"type": "LineString", "coordinates": [[2.3492598518512584, 6.476174738774548], [2.3492649, 6.4760871]]}, "properties": {"kind": "split_half", "winner": "Fandji\n", "color": "#bad840", "length_m": 9.7}}, {"type": "Feature", "geometry": {"type": "LineString", "coordinates": [[2.3492649, 6.4760871], [2.349346791174688, 6.476093028318168]]}, "properties": {"kind": "split_half", "winner": "Zopah-Kokpo", "color": "#dada4a", "length_m": 9.1}}, {"type": "Feature", "geometry": {"type": "LineString", "coordinates": [[2.349346791174688, 6.476093028318168], [2.3496724, 6.4761166]]}, "properties": {"kind": "split_half", "winner": "Fandji\n", "color": "#bad840", "length_m": 36.1}}, {"type": "Feature", "geometry": {"type": "LineString", "coordinates": [[2.3500483, 6.474948], [2.350501944950202, 6.474966791191822]]}, "properties": {"kind": "split_half", "winner": "Zopah-Kokpo", "color": "#dada4a", "length_m": 50.2}}, {"type": "Feature", "geometry": {"type": "LineString", "coordinates": [[2.350501944950202, 6.474966791191822], [2.3505094, 6.4749671]]}, "properties": {"kind": "split_half", "winner": "Fandji\n", "color": "#bad840", "length_m": 0.8}}, {"type": "Feature", "geometry": {"type": "LineString", "coordinates": [[2.3505094, 6.4749671], [2.3505043655731828, 6.474960953537304]]}, "properties": {"kind": "split_half", "winner": "Zopah-Kokpo", "color": "#dada4a", "length_m": 0.9}}, {"type": "Feature", "geometry": {"type": "LineString", "coordinates": [[2.3505043655731828, 6.474960953537304], [2.3502183, 6.4746117]]}, "properties": {"kind": "split_half", "winner": "Fandji\n", "color": "#bad840", "length_m": 49.9}}, {"type": "Feature", "geometry": {"type": "LineString", "coordinates": [[2.353331, 6.4697919], [2.3535211729250816, 6.472649008640433]]}, "properties": {"kind": "split_half", "winner": "Zopah-Kokpo", "color": "#dada4a", "length_m": 316.5}}, {"type": "Feature", "geometry": {"type": "LineString", "coordinates": [[2.3535211729250816, 6.472649008640433], [2.3535374, 6.4728928]]}, "properties": {"kind": "split_half", "winner": "Fandji\n", "color": "#bad840", "length_m": 27.0}}, {"type": "Feature", "geometry": {"type": "LineString", "coordinates": [[2.3528783, 6.4728499], [2.353299828295695, 6.472877336752974]]}, "properties": {"kind": "split_half", "winner": "Zopah-Kokpo", "color": "#dada4a", "length_m": 46.7}}, {"type": "Feature", "geometry": {"type": "LineString", "coordinates": [[2.353299828295695, 6.472877336752974], [2.3535374, 6.4728928]]}, "properties": {"kind": "split_half", "winner": "Fandji\n", "color": "#bad840", "length_m": 26.3}}, {"type": "Feature", "geometry": {"type": "LineString", "coordinates": [[2.3519818, 6.4742853], [2.3519950235442084, 6.474062695539929]]}, "properties": {"kind": "split_half", "winner": "Zopah-Kokpo", "color": "#dada4a", "length_m": 24.7}}, {"type": "Feature", "geometry": {"type": "LineString", "coordinates": [[2.3519950235442084, 6.474062695539929], [2.3520089, 6.4738291]]}, "properties": {"kind": "split_half", "winner": "Fandji\n", "color": "#bad840", "length_m": 25.9}}, {"type": "Feature", "geometry": {"type": "LineString", "coordinates": [[2.3519818, 6.4742853], [2.3510258698698276, 6.474227096189655]]}, "properties": {"kind": "split_half", "winner": "Zopah-Kokpo", "color": "#dada4a", "length_m": 105.9}}, {"type": "Feature", "geometry": {"type": "LineString", "coordinates": [[2.3510258698698276, 6.474227096189655], [2.3509898, 6.4742249]]}, "properties": {"kind": "split_half", "winner": "Fandji\n", "color": "#bad840", "length_m": 4.0}}, {"type": "Feature", "geometry": {"type": "LineString", "coordinates": [[2.3416551, 6.4746332], [2.3442452270300795, 6.4747772109445885]]}, "properties": {"kind": "split_half", "winner": "Cité-les-Palmiers\n", "color": "#4aca79", "length_m": 287.0}}, {"type": "Feature", "geometry": {"type": "LineString", "coordinates": [[2.3442452270300795, 6.4747772109445885], [2.3442828, 6.4747793]]}, "properties": {"kind": "split_half", "winner": "Fandji\n", "color": "#bad840", "length_m": 4.2}}, {"type": "Feature", "geometry": {"type": "LineString", "coordinates": [[2.3442828, 6.4747793], [2.344280724967586, 6.474819984945886]]}, "properties": {"kind": "split_half", "winner": "Cité-les-Palmiers\n", "color": "#4aca79", "length_m": 4.5}}, {"type": "Feature", "geometry": {"type": "LineString", "coordinates": [[2.344280724967586, 6.474819984945886], [2.3442538, 6.4753479]]}, "properties": {"kind": "split_half", "winner": "Fandji\n", "color": "#bad840", "length_m": 58.4}}, {"type": "Feature", "geometry": {"type": "LineString", "coordinates": [[2.3442538, 6.4753479], [2.344741400529949, 6.475373800099162]]}, "properties": {"kind": "split_half", "winner": "Cité-les-Palmiers\n", "color": "#4aca79", "length_m": 54.0}}, {"type": "Feature", "geometry": {"type": "LineString", "coordinates": [[2.344741400529949, 6.475373800099162], [2.345662, 6.4754227]]}, "properties": {"kind": "split_half", "winner": "Fandji\n", "color": "#bad840", "length_m": 102.0}}, {"type": "Feature", "geometry": {"type": "LineString", "coordinates": [[2.3416715, 6.4723238], [2.341643257855639, 6.472869505118342]]}, "properties": {"kind": "split_half", "winner": "Cité-les-Palmiers\n", "color": "#4aca79", "length_m": 60.4}}, {"type": "Feature", "geometry": {"type": "LineString", "coordinates": [[2.341643257855639, 6.472869505118342], [2.3416107, 6.4734986]]}, "properties": {"kind": "split_half", "winner": "Fandji\n", "color": "#bad840", "length_m": 69.6}}, {"type": "Feature", "geometry": {"type": "LineString", "coordinates": [[2.3416715, 6.4723238], [2.3411320428510796, 6.472300340353651]]}, "properties": {"kind": "split_half", "winner": "Cité-les-Palmiers\n", "color": "#4aca79", "length_m": 59.7}}, {"type": "Feature", "geometry": {"type": "LineString", "coordinates": [[2.3411320428510796, 6.472300340353651], [2.340731, 6.4722829]]}, "properties": {"kind": "split_half", "winner": "Fandji\n", "color": "#bad840", "length_m": 44.4}}, {"type": "Feature", "geometry": {"type": "LineString", "coordinates": [[2.3452227, 6.4761334], [2.3454302013297497, 6.4761444182362595]]}, "properties": {"kind": "split_half", "winner": "Cité-les-Palmiers\n", "color": "#4aca79", "length_m": 23.0}}, {"type": "Feature", "geometry": {"type": "LineString", "coordinates": [[2.3454302013297497, 6.4761444182362595], [2.3456163, 6.4761543]]}, "properties": {"kind": "split_half", "winner": "Fandji\n", "color": "#bad840", "length_m": 20.6}}, {"type": "Feature", "geometry": {"type": "LineString", "coordinates": [[2.3456163, 6.4761543], [2.3456082791582102, 6.476341558512494]]}, "properties": {"kind": "split_half", "winner": "Cité-les-Palmiers\n", "color": "#4aca79", "length_m": 20.7}}, {"type": "Feature", "geometry": {"type": "LineString", "coordinates": [[2.3456082791582102, 6.476341558512494], [2.3455707, 6.4772189]]}, "properties": {"kind": "split_half", "winner": "Fandji\n", "color": "#bad840", "length_m": 97.1}}, {"type": "Feature", "geometry": {"type": "LineString", "coordinates": [[2.3536837, 6.4621628], [2.3539523927918022, 6.4621863522712095]]}, "properties": {"kind": "split_half", "winner": "Fandji\n", "color": "#bad840", "length_m": 29.8}}, {"type": "Feature", "geometry": {"type": "LineString", "coordinates": [[2.3539523927918022, 6.4621863522712095], [2.3540385, 6.4621939]]}, "properties": {"kind": "split_half", "winner": "Agamandin", "color": "#d04077", "length_m": 9.6}}, {"type": "Feature", "geometry": {"type": "LineString", "coordinates": [[2.3536837, 6.4621628], [2.3537011441153592, 6.461956601610752]]}, "properties": {"kind": "split_half", "winner": "Fandji\n", "color": "#bad840", "length_m": 22.9}}, {"type": "Feature", "geometry": {"type": "LineString", "coordinates": [[2.3537011441153592, 6.461956601610752], [2.3537851, 6.4609642]]}, "properties": {"kind": "split_half", "winner": "Agamandin", "color": "#d04077", "length_m": 110.1}}, {"type": "Feature", "geometry": {"type": "LineString", "coordinates": [[2.3360805, 6.4177989], [2.3361381148175693, 6.418486459284909]]}, "properties": {"kind": "split_half", "winner": "Cité-la-Victoire\n", "color": "#41d871", "length_m": 76.3}}, {"type": "Feature", "geometry": {"type": "LineString", "coordinates": [[2.3361381148175693, 6.418486459284909], [2.3361831, 6.4190233]]}, "properties": {"kind": "split_half", "winner": "Zogbadjè", "color": "#de47cf", "length_m": 59.6}}, {"type": "Feature", "geometry": {"type": "LineString", "coordinates": [[2.3361831, 6.4190233], [2.3359619240900598, 6.4187817886439325]]}, "properties": {"kind": "split_half", "winner": "Cité-la-Victoire\n", "color": "#41d871", "length_m": 36.2}}, {"type": "Feature", "geometry": {"type": "LineString", "coordinates": [[2.3359619240900598, 6.4187817886439325], [2.3357872, 6.418591]]}, "properties": {"kind": "split_half", "winner": "Zogbadjè", "color": "#de47cf", "length_m": 28.6}}, {"type": "Feature", "geometry": {"type": "LineString", "coordinates": [[2.336936, 6.4177493], [2.3369005319097833, 6.417559949292984]]}, "properties": {"kind": "split_half", "winner": "Cité-la-Victoire\n", "color": "#41d871", "length_m": 21.3}}, {"type": "Feature", "geometry": {"type": "LineString", "coordinates": [[2.3369005319097833, 6.417559949292984], [2.3367532, 6.4167734]]}, "properties": {"kind": "split_half", "winner": "Zogbadjè", "color": "#de47cf", "length_m": 88.5}}, {"type": "Feature", "geometry": {"type": "LineString", "coordinates": [[2.336936, 6.4177493], [2.3367456636682737, 6.417764295398629]]}, "properties": {"kind": "split_half", "winner": "Cité-la-Victoire\n", "color": "#41d871", "length_m": 21.1}}, {"type": "Feature", "geometry": {"type": "LineString", "coordinates": [[2.3367456636682737, 6.417764295398629], [2.3365019, 6.4177835]]}, "properties": {"kind": "split_half", "winner": "Zogbadjè", "color": "#de47cf", "length_m": 27.1}}, {"type": "Feature", "geometry": {"type": "LineString", "coordinates": [[2.3365019, 6.4177835], [2.3365205061523695, 6.417941384509366]]}, "properties": {"kind": "split_half", "winner": "Cité-la-Victoire\n", "color": "#41d871", "length_m": 17.6}}, {"type": "Feature", "geometry": {"type": "LineString", "coordinates": [[2.3365205061523695, 6.417941384509366], [2.3366895, 6.4193754]]}, "properties": {"kind": "split_half", "winner": "Zogbadjè", "color": "#de47cf", "length_m": 159.6}}, {"type": "Feature", "geometry": {"type": "LineString", "coordinates": [[2.3331018, 6.4196029], [2.3332148793320164, 6.4198150313737985]]}, "properties": {"kind": "split_half", "winner": "Cité-la-Victoire\n", "color": "#41d871", "length_m": 26.6}}, {"type": "Feature", "geometry": {"type": "LineString", "coordinates": [[2.3332148793320164, 6.4198150313737985], [2.333417, 6.4201942]]}, "properties": {"kind": "split_half", "winner": "Zogbadjè", "color": "#de47cf", "length_m": 47.5}}, {"type": "Feature", "geometry": {"type": "LineString", "coordinates": [[2.333417, 6.4201942], [2.333721788626858, 6.419903937273861]]}, "properties": {"kind": "split_half", "winner": "Cité-la-Victoire\n", "color": "#41d871", "length_m": 46.5}}, {"type": "Feature", "geometry": {"type": "LineString", "coordinates": [[2.333721788626858, 6.419903937273861], [2.3346109, 6.4190572]]}, "properties": {"kind": "split_half", "winner": "Zogbadjè", "color": "#de47cf", "length_m": 135.8}}, {"type": "Feature", "geometry": {"type": "LineString", "coordinates": [[2.3314349, 6.421053], [2.3318880613348054, 6.420663653225245]]}, "properties": {"kind": "split_half", "winner": "Cité-la-Victoire\n", "color": "#41d871", "length_m": 66.1}}, {"type": "Feature", "geometry": {"type": "LineString", "coordinates": [[2.3318880613348054, 6.420663653225245], [2.3322487, 6.4203538]]}, "properties": {"kind": "split_half", "winner": "Zogbadjè", "color": "#de47cf", "length_m": 52.6}}, {"type": "Feature", "geometry": {"type": "LineString", "coordinates": [[2.3322487, 6.4203538], [2.3323646682042725, 6.4205136721264555]]}, "properties": {"kind": "split_half", "winner": "Cité-la-Victoire\n", "color": "#41d871", "length_m": 21.8}}, {"type": "Feature", "geometry": {"type": "LineString", "coordinates": [[2.3323646682042725, 6.4205136721264555], [2.3324962, 6.420695]]}, "properties": {"kind": "split_half", "winner": "Zogbadjè", "color": "#de47cf", "length_m": 24.8}}, {"type": "Feature", "geometry": {"type": "LineString", "coordinates": [[2.3448012, 6.4273818], [2.3456865853095143, 6.428933154205973]]}, "properties": {"kind": "split_half", "winner": "Zogbadjè", "color": "#de47cf", "length_m": 197.5}}, {"type": "Feature", "geometry": {"type": "LineString", "coordinates": [[2.3456865853095143, 6.428933154205973], [2.3456958, 6.4289493]]}, "properties": {"kind": "split_half", "winner": "Tokpa-Zoungo-Nord\n", "color": "#ce693a", "length_m": 2.1}}, {"type": "Feature", "geometry": {"type": "LineString", "coordinates": [[2.3452327, 6.429238], [2.3454003388773277, 6.429538659053741]]}, "properties": {"kind": "split_half", "winner": "Zogbadjè", "color": "#de47cf", "length_m": 38.1}}, {"type": "Feature", "geometry": {"type": "LineString", "coordinates": [[2.3454003388773277, 6.429538659053741], [2.3456937, 6.4300648]]}, "properties": {"kind": "split_half", "winner": "Tokpa-Zoungo-Nord\n", "color": "#ce693a", "length_m": 66.6}}, {"type": "Feature", "geometry": {"type": "LineString", "coordinates": [[2.3452327, 6.429238], [2.3456720718658866, 6.428964092296089]]}, "properties": {"kind": "split_half", "winner": "Zogbadjè", "color": "#de47cf", "length_m": 57.3}}, {"type": "Feature", "geometry": {"type": "LineString", "coordinates": [[2.3456720718658866, 6.428964092296089], [2.3456958, 6.4289493]]}, "properties": {"kind": "split_half", "winner": "Tokpa-Zoungo-Nord\n", "color": "#ce693a", "length_m": 3.1}}, {"type": "Feature", "geometry": {"type": "LineString", "coordinates": [[2.3652932, 6.3928298], [2.3661056, 6.39279245]]}, "properties": {"kind": "split_half", "winner": "Mènontin", "color": "#93d64b", "length_m": 90.0}}, {"type": "Feature", "geometry": {"type": "LineString", "coordinates": [[2.3661056, 6.39279245], [2.366918, 6.3927551]]}, "properties": {"kind": "split_half", "winner": "Kindonou", "color": "#59de47", "length_m": 90.0}}, {"type": "Feature", "geometry": {"type": "LineString", "coordinates": [[2.3652932, 6.3928298], [2.36528305, 6.393090600000001]]}, "properties": {"kind": "split_half", "winner": "Mènontin", "color": "#93d64b", "length_m": 28.9}}, {"type": "Feature", "geometry": {"type": "LineString", "coordinates": [[2.36528305, 6.393090600000001], [2.3652729, 6.3933514]]}, "properties": {"kind": "split_half", "winner": "Kindonou", "color": "#59de47", "length_m": 28.9}}, {"type": "Feature", "geometry": {"type": "LineString", "coordinates": [[2.3666867, 6.3902385], [2.366406864925577, 6.390264368466357]]}, "properties": {"kind": "split_half", "winner": "Mènontin", "color": "#93d64b", "length_m": 31.1}}, {"type": "Feature", "geometry": {"type": "LineString", "coordinates": [[2.366406864925577, 6.390264368466357], [2.3647828, 6.3904145]]}, "properties": {"kind": "split_half", "winner": "Kindonou", "color": "#59de47", "length_m": 180.4}}, {"type": "Feature", "geometry": {"type": "LineString", "coordinates": [[2.3647653, 6.3896724], [2.3647740500000003, 6.39004345]]}, "properties": {"kind": "split_half", "winner": "Mènontin", "color": "#93d64b", "length_m": 41.0}}, {"type": "Feature", "geometry": {"type": "LineString", "coordinates": [[2.3647740500000003, 6.39004345], [2.3647828, 6.3904145]]}, "properties": {"kind": "split_half", "winner": "Kindonou", "color": "#59de47", "length_m": 41.0}}, {"type": "Feature", "geometry": {"type": "LineString", "coordinates": [[2.3436445, 6.415857], [2.343893492401723, 6.41584163211703]]}, "properties": {"kind": "split_half", "winner": "Agonkanmey\n", "color": "#3bd541", "length_m": 27.6}}, {"type": "Feature", "geometry": {"type": "LineString", "coordinates": [[2.343893492401723, 6.41584163211703], [2.3439491, 6.4158382]]}, "properties": {"kind": "split_half", "winner": "Zogbadjè", "color": "#de47cf", "length_m": 6.2}}, {"type": "Feature", "geometry": {"type": "LineString", "coordinates": [[2.3439491, 6.4158382], [2.343943122283336, 6.4157689951822094]]}, "properties": {"kind": "split_half", "winner": "Agonkanmey\n", "color": "#3bd541", "length_m": 7.7}}, {"type": "Feature", "geometry": {"type": "LineString", "coordinates": [[2.343943122283336, 6.4157689951822094], [2.343894, 6.4152003]]}, "properties": {"kind": "split_half", "winner": "Zogbadjè", "color": "#de47cf", "length_m": 63.1}}, {"type": "Feature", "geometry": {"type": "LineString", "coordinates": [[2.4720667, 6.372625], [2.47206835, 6.3726669000000005]]}, "properties": {"kind": "split_half", "winner": "Yagbé", "color": "#cc5745", "length_m": 4.6}}, {"type": "Feature", "geometry": {"type": "LineString", "coordinates": [[2.47206835, 6.3726669000000005], [2.47207, 6.3727088]]}, "properties": {"kind": "split_half", "winner": "Tanto", "color": "#b3cd3b", "length_m": 4.6}}, {"type": "Feature", "geometry": {"type": "LineString", "coordinates": [[2.4720667, 6.372625], [2.47188505, 6.37263]]}, "properties": {"kind": "split_half", "winner": "Yagbé", "color": "#cc5745", "length_m": 20.1}}, {"type": "Feature", "geometry": {"type": "LineString", "coordinates": [[2.47188505, 6.37263], [2.4717034, 6.372635]]}, "properties": {"kind": "split_half", "winner": "Tanto", "color": "#b3cd3b", "length_m": 20.1}}, {"type": "Feature", "geometry": {"type": "LineString", "coordinates": [[2.4712895, 6.3726146], [2.47130245, 6.37196895]]}, "properties": {"kind": "split_half", "winner": "Yagbé", "color": "#cc5745", "length_m": 71.4}}, {"type": "Feature", "geometry": {"type": "LineString", "coordinates": [[2.47130245, 6.37196895], [2.4713154, 6.3713233]]}, "properties": {"kind": "split_half", "winner": "Tanto", "color": "#b3cd3b", "length_m": 71.4}}, {"type": "Feature", "geometry": {"type": "LineString", "coordinates": [[2.4697268, 6.3712056], [2.4705211, 6.37126445]]}, "properties": {"kind": "split_half", "winner": "Yagbé", "color": "#cc5745", "length_m": 88.1}}, {"type": "Feature", "geometry": {"type": "LineString", "coordinates": [[2.4705211, 6.37126445], [2.4713154, 6.3713233]]}, "properties": {"kind": "split_half", "winner": "Tanto", "color": "#b3cd3b", "length_m": 88.1}}, {"type": "Feature", "geometry": {"type": "LineString", "coordinates": [[2.4699714, 6.3694651], [2.469879423729741, 6.3699022643206895]]}, "properties": {"kind": "split_half", "winner": "Yagbé", "color": "#cc5745", "length_m": 49.4}}, {"type": "Feature", "geometry": {"type": "LineString", "coordinates": [[2.469879423729741, 6.3699022643206895], [2.4698552, 6.3700174]]}, "properties": {"kind": "split_half", "winner": "Tanto", "color": "#b3cd3b", "length_m": 13.0}}, {"type": "Feature", "geometry": {"type": "LineString", "coordinates": [[2.4698552, 6.3700174], [2.46999063466424, 6.370035224893669]]}, "properties": {"kind": "split_half", "winner": "Yagbé", "color": "#cc5745", "length_m": 15.1}}, {"type": "Feature", "geometry": {"type": "LineString", "coordinates": [[2.46999063466424, 6.370035224893669], [2.4714242, 6.3702239]]}, "properties": {"kind": "split_half", "winner": "Tanto", "color": "#b3cd3b", "length_m": 160.0}}, {"type": "Feature", "geometry": {"type": "LineString", "coordinates": [[2.4690144, 6.3688331], [2.4690041022077542, 6.368970699810181]]}, "properties": {"kind": "split_half", "winner": "Yagbé", "color": "#cc5745", "length_m": 15.3}}, {"type": "Feature", "geometry": {"type": "LineString", "coordinates": [[2.4690041022077542, 6.368970699810181], [2.468968, 6.3694531]]}, "properties": {"kind": "split_half", "winner": "Tanto", "color": "#b3cd3b", "length_m": 53.5}}, {"type": "Feature", "geometry": {"type": "LineString", "coordinates": [[2.4690144, 6.3688331], [2.4688778684061155, 6.368822442802135]]}, "properties": {"kind": "split_half", "winner": "Yagbé", "color": "#cc5745", "length_m": 15.2}}, {"type": "Feature", "geometry": {"type": "LineString", "coordinates": [[2.4688778684061155, 6.368822442802135], [2.4685801, 6.3687992]]}, "properties": {"kind": "split_half", "winner": "Tanto", "color": "#b3cd3b", "length_m": 33.0}}, {"type": "Feature", "geometry": {"type": "LineString", "coordinates": [[2.4685801, 6.3687992], [2.468608765602812, 6.368485617183798]]}, "properties": {"kind": "split_half", "winner": "Yagbé", "color": "#cc5745", "length_m": 34.8}}, {"type": "Feature", "geometry": {"type": "LineString", "coordinates": [[2.468608765602812, 6.368485617183798], [2.4686955, 6.3675368]]}, "properties": {"kind": "split_half", "winner": "Tanto", "color": "#b3cd3b", "length_m": 105.3}}, {"type": "Feature", "geometry": {"type": "LineString", "coordinates": [[2.3831195, 6.3628022], [2.383439023272359, 6.363454682987625]]}, "properties": {"kind": "split_half", "winner": "Aïbatin-Dodo", "color": "#e05a40", "length_m": 80.3}}, {"type": "Feature", "geometry": {"type": "LineString", "coordinates": [[2.383439023272359, 6.363454682987625], [2.3835309, 6.3636423]]}, "properties": {"kind": "split_half", "winner": "Aïbatin-Kpota", "color": "#c93e47", "length_m": 23.1}}, {"type": "Feature", "geometry": {"type": "LineString", "coordinates": [[2.3835309, 6.3636423], [2.3836284403943133, 6.363616362483566]]}, "properties": {"kind": "split_half", "winner": "Aïbatin-Dodo", "color": "#e05a40", "length_m": 11.2}}, {"type": "Feature", "geometry": {"type": "LineString", "coordinates": [[2.3836284403943133, 6.363616362483566], [2.3839126, 6.3635408]]}, "properties": {"kind": "split_half", "winner": "Aïbatin-Kpota", "color": "#c93e47", "length_m": 32.5}}, {"type": "Feature", "geometry": {"type": "LineString", "coordinates": [[2.3865336, 6.3632134], [2.3864441000000003, 6.363473300000001]]}, "properties": {"kind": "split_half", "winner": "Aïbatin-Dodo", "color": "#e05a40", "length_m": 30.4}}, {"type": "Feature", "geometry": {"type": "LineString", "coordinates": [[2.3864441000000003, 6.363473300000001], [2.3863546, 6.3637332]]}, "properties": {"kind": "split_half", "winner": "Gbèdégbé", "color": "#d443c3", "length_m": 30.4}}, {"type": "Feature", "geometry": {"type": "LineString", "coordinates": [[2.3863546, 6.3637332], [2.3860192500000004, 6.3635516]]}, "properties": {"kind": "split_half", "winner": "Aïbatin-Dodo", "color": "#e05a40", "length_m": 42.2}}, {"type": "Feature", "geometry": {"type": "LineString", "coordinates": [[2.3860192500000004, 6.3635516], [2.3856839, 6.36337]]}, "properties": {"kind": "split_half", "winner": "Gbèdégbé", "color": "#d443c3", "length_m": 42.2}}, {"type": "Feature", "geometry": {"type": "LineString", "coordinates": [[2.374699, 6.3799554], [2.3746772236264726, 6.380007599248309]]}, "properties": {"kind": "split_half", "winner": "Agla-Petit-Château", "color": "#44d079", "length_m": 6.3}}, {"type": "Feature", "geometry": {"type": "LineString", "coordinates": [[2.3746772236264726, 6.380007599248309], [2.3746106, 6.3801673]]}, "properties": {"kind": "split_half", "winner": "Ahogbohoué-Cité-De-l'Expérience", "color": "#4ddac4", "length_m": 19.1}}, {"type": "Feature", "geometry": {"type": "LineString", "coordinates": [[2.374699, 6.3799554], [2.374626506722111, 6.37995691553891]]}, "properties": {"kind": "split_half", "winner": "Agla-Petit-Château", "color": "#44d079", "length_m": 8.0}}, {"type": "Feature", "geometry": {"type": "LineString", "coordinates": [[2.374626506722111, 6.37995691553891], [2.3722595, 6.3800064]]}, "properties": {"kind": "split_half", "winner": "Ahogbohoué-Cité-De-l'Expérience", "color": "#4ddac4", "length_m": 261.9}}, {"type": "Feature", "geometry": {"type": "LineString", "coordinates": [[2.4838073, 6.3716169], [2.48379205, 6.37177455]]}, "properties": {"kind": "split_half", "winner": "Dandji-Hokanmè", "color": "#4bcebd", "length_m": 17.5}}, {"type": "Feature", "geometry": {"type": "LineString", "coordinates": [[2.48379205, 6.37177455], [2.4837768, 6.3719322]]}, "properties": {"kind": "split_half", "winner": "Dandji", "color": "#c150dd", "length_m": 17.5}}, {"type": "Feature", "geometry": {"type": "LineString", "coordinates": [[2.4837768, 6.3719322], [2.4840631999999996, 6.3719608]]}, "properties": {"kind": "split_half", "winner": "Dandji-Hokanmè", "color": "#4bcebd", "length_m": 31.8}}, {"type": "Feature", "geometry": {"type": "LineString", "coordinates": [[2.4840631999999996, 6.3719608], [2.4843496, 6.3719894]]}, "properties": {"kind": "split_half", "winner": "Dandji", "color": "#c150dd", "length_m": 31.8}}, {"type": "Feature", "geometry": {"type": "LineString", "coordinates": [[2.4812876, 6.3705074], [2.481614318362902, 6.3705419730228625]]}, "properties": {"kind": "split_half", "winner": "Dandji-Hokanmè", "color": "#4bcebd", "length_m": 36.3}}, {"type": "Feature", "geometry": {"type": "LineString", "coordinates": [[2.481614318362902, 6.3705419730228625], [2.4827741, 6.3706647]]}, "properties": {"kind": "split_half", "winner": "Dandji", "color": "#c150dd", "length_m": 129.0}}, {"type": "Feature", "geometry": {"type": "LineString", "coordinates": [[2.4827741, 6.3706647], [2.482750047348081, 6.370958072490939]]}, "properties": {"kind": "split_half", "winner": "Dandji-Hokanmè", "color": "#4bcebd", "length_m": 32.5}}, {"type": "Feature", "geometry": {"type": "LineString", "coordinates": [[2.482750047348081, 6.370958072490939], [2.4827259, 6.3712526]]}, "properties": {"kind": "split_half", "winner": "Dandji", "color": "#c150dd", "length_m": 32.7}}, {"type": "Feature", "geometry": {"type": "LineString", "coordinates": [[2.4827259, 6.3712526], [2.4830044, 6.371281]]}, "properties": {"kind": "split_half", "winner": "Dandji-Hokanmè", "color": "#4bcebd", "length_m": 31.0}}, {"type": "Feature", "geometry": {"type": "LineString", "coordinates": [[2.4830044, 6.371281], [2.4832829, 6.3713094]]}, "properties": {"kind": "split_half", "winner": "Dandji", "color": "#c150dd", "length_m": 31.0}}, {"type": "Feature", "geometry": {"type": "LineString", "coordinates": [[2.4831073, 6.3678514], [2.4815050284279114, 6.367718431404806]]}, "properties": {"kind": "split_half", "winner": "Dandji-Hokanmè", "color": "#4bcebd", "length_m": 177.9}}, {"type": "Feature", "geometry": {"type": "LineString", "coordinates": [[2.4815050284279114, 6.367718431404806], [2.4814685, 6.3677154]]}, "properties": {"kind": "split_half", "winner": "Dandji", "color": "#c150dd", "length_m": 4.1}}, {"type": "Feature", "geometry": {"type": "LineString", "coordinates": [[2.4813921, 6.3684887], [2.481442660505283, 6.368493466280467]]}, "properties": {"kind": "split_half", "winner": "Dandji-Hokanmè", "color": "#4bcebd", "length_m": 5.6}}, {"type": "Feature", "geometry": {"type": "LineString", "coordinates": [[2.481442660505283, 6.368493466280467], [2.4844578, 6.3687777]]}, "properties": {"kind": "split_half", "winner": "Dandji", "color": "#c150dd", "length_m": 335.0}}, {"type": "Feature", "geometry": {"type": "LineString", "coordinates": [[2.4813921, 6.3684887], [2.481409900029704, 6.368407106575249]]}, "properties": {"kind": "split_half", "winner": "Dandji-Hokanmè", "color": "#4bcebd", "length_m": 9.2}}, {"type": "Feature", "geometry": {"type": "LineString", "coordinates": [[2.481409900029704, 6.368407106575249], [2.4814219, 6.3683521]]}, "properties": {"kind": "split_half", "winner": "Dandji", "color": "#c150dd", "length_m": 6.2}}, {"type": "Feature", "geometry": {"type": "LineString", "coordinates": [[2.4814219, 6.3683521], [2.4813679777717073, 6.36834737899693]]}, "properties": {"kind": "split_half", "winner": "Dandji-Hokanmè", "color": "#4bcebd", "length_m": 6.0}}, {"type": "Feature", "geometry": {"type": "LineString", "coordinates": [[2.4813679777717073, 6.36834737899693], [2.4798377, 6.3682134]]}, "properties": {"kind": "split_half", "winner": "Dandji", "color": "#c150dd", "length_m": 169.9}}, {"type": "Feature", "geometry": {"type": "LineString", "coordinates": [[2.4814219, 6.3683521], [2.4814445448669127, 6.368042701142416]]}, "properties": {"kind": "split_half", "winner": "Dandji-Hokanmè", "color": "#4bcebd", "length_m": 34.3}}, {"type": "Feature", "geometry": {"type": "LineString", "coordinates": [[2.4814445448669127, 6.368042701142416], [2.4814685, 6.3677154]]}, "properties": {"kind": "split_half", "winner": "Dandji", "color": "#c150dd", "length_m": 36.3}}, {"type": "Feature", "geometry": {"type": "LineString", "coordinates": [[2.4849254, 6.3656321], [2.4852132751092713, 6.365659980368119]]}, "properties": {"kind": "split_half", "winner": "Dandji-Hokanmè", "color": "#4bcebd", "length_m": 32.0}}, {"type": "Feature", "geometry": {"type": "LineString", "coordinates": [[2.4852132751092713, 6.365659980368119], [2.485833, 6.36572]]}, "properties": {"kind": "split_half", "winner": "Tokplégbé", "color": "#c74886", "length_m": 68.9}}, {"type": "Feature", "geometry": {"type": "LineString", "coordinates": [[2.4849254, 6.3656321], [2.4849377275260993, 6.365500368488647]]}, "properties": {"kind": "split_half", "winner": "Dandji-Hokanmè", "color": "#4bcebd", "length_m": 14.6}}, {"type": "Feature", "geometry": {"type": "LineString", "coordinates": [[2.4849377275260993, 6.365500368488647], [2.4849824, 6.365023]]}, "properties": {"kind": "split_half", "winner": "Tokplégbé", "color": "#c74886", "length_m": 53.0}}, {"type": "Feature", "geometry": {"type": "LineString", "coordinates": [[2.485833, 6.36572], [2.485806087370797, 6.366003550462205]]}, "properties": {"kind": "split_half", "winner": "Dandji-Hokanmè", "color": "#4bcebd", "length_m": 31.5}}, {"type": "Feature", "geometry": {"type": "LineString", "coordinates": [[2.485806087370797, 6.366003550462205], [2.4857899, 6.3661741]]}, "properties": {"kind": "split_half", "winner": "Tokplégbé", "color": "#c74886", "length_m": 18.9}}, {"type": "Feature", "geometry": {"type": "LineString", "coordinates": [[2.482053, 6.3623113], [2.482080601112051, 6.3620234730188105]]}, "properties": {"kind": "split_half", "winner": "Tokplégbé", "color": "#c74886", "length_m": 32.0}}, {"type": "Feature", "geometry": {"type": "LineString", "coordinates": [[2.482080601112051, 6.3620234730188105], [2.4821128, 6.3616877]]}, "properties": {"kind": "split_half", "winner": "Finagnon", "color": "#dd4f69", "length_m": 37.3}}, {"type": "Feature", "geometry": {"type": "LineString", "coordinates": [[2.4821128, 6.3616877], [2.482066737865547, 6.361683447843655]]}, "properties": {"kind": "split_half", "winner": "Tokplégbé", "color": "#c74886", "length_m": 5.1}}, {"type": "Feature", "geometry": {"type": "LineString", "coordinates": [[2.482066737865547, 6.361683447843655], [2.4805204, 6.3615407]]}, "properties": {"kind": "split_half", "winner": "Finagnon", "color": "#dd4f69", "length_m": 171.8}}, {"type": "Feature", "geometry": {"type": "LineString", "coordinates": [[2.4836411, 6.3624663], [2.4836723999999997, 6.3621503]]}, "properties": {"kind": "split_half", "winner": "Tokplégbé", "color": "#c74886", "length_m": 35.1}}, {"type": "Feature", "geometry": {"type": "LineString", "coordinates": [[2.4836723999999997, 6.3621503], [2.4837037, 6.3618343]]}, "properties": {"kind": "split_half", "winner": "Finagnon", "color": "#dd4f69", "length_m": 35.1}}, {"type": "Feature", "geometry": {"type": "LineString", "coordinates": [[2.4836411, 6.3624663], [2.4844242, 6.3625427000000006]]}, "properties": {"kind": "split_half", "winner": "Tokplégbé", "color": "#c74886", "length_m": 87.0}}, {"type": "Feature", "geometry": {"type": "LineString", "coordinates": [[2.4844242, 6.3625427000000006], [2.4852073, 6.3626191]]}, "properties": {"kind": "split_half", "winner": "Finagnon", "color": "#dd4f69", "length_m": 87.0}}, {"type": "Feature", "geometry": {"type": "LineString", "coordinates": [[2.366751, 6.3801077], [2.36578715, 6.3801248]]}, "properties": {"kind": "split_half", "winner": "Agla-Les-Pylônes", "color": "#c74a93", "length_m": 106.6}}, {"type": "Feature", "geometry": {"type": "LineString", "coordinates": [[2.36578715, 6.3801248], [2.3648233, 6.3801419]]}, "properties": {"kind": "split_half", "winner": "Agla-Centre", "color": "#a63ace", "length_m": 106.6}}, {"type": "Feature", "geometry": {"type": "LineString", "coordinates": [[2.3648175, 6.3795392], [2.3648204, 6.37984055]]}, "properties": {"kind": "split_half", "winner": "Agla-Les-Pylônes", "color": "#c74a93", "length_m": 33.3}}, {"type": "Feature", "geometry": {"type": "LineString", "coordinates": [[2.3648204, 6.37984055], [2.3648233, 6.3801419]]}, "properties": {"kind": "split_half", "winner": "Agla-Centre", "color": "#a63ace", "length_m": 33.3}}, {"type": "Feature", "geometry": {"type": "LineString", "coordinates": [[2.3672102, 6.3800971], [2.3672380986238664, 6.380218252357345]]}, "properties": {"kind": "split_half", "winner": "Agla-Les-Pylônes", "color": "#c74a93", "length_m": 13.7}}, {"type": "Feature", "geometry": {"type": "LineString", "coordinates": [[2.3672380986238664, 6.380218252357345], [2.3672642, 6.3803316]]}, "properties": {"kind": "split_half", "winner": "Agla-Centre", "color": "#a63ace", "length_m": 12.9}}, {"type": "Feature", "geometry": {"type": "LineString", "coordinates": [[2.3672642, 6.3803316], [2.367262712616528, 6.380203244315192]]}, "properties": {"kind": "split_half", "winner": "Agla-Les-Pylônes", "color": "#c74a93", "length_m": 14.2}}, {"type": "Feature", "geometry": {"type": "LineString", "coordinates": [[2.367262712616528, 6.380203244315192], [2.3672615, 6.3800986]]}, "properties": {"kind": "split_half", "winner": "Agla-Centre", "color": "#a63ace", "length_m": 11.6}}, {"type": "Feature", "geometry": {"type": "LineString", "coordinates": [[2.3791368, 6.3814268], [2.378152032854134, 6.381146751915555]]}, "properties": {"kind": "split_half", "winner": "Agla-Petit-Château", "color": "#44d079", "length_m": 113.3}}, {"type": "Feature", "geometry": {"type": "LineString", "coordinates": [[2.378152032854134, 6.381146751915555], [2.3780126, 6.3811071]]}, "properties": {"kind": "split_half", "winner": "Kouhounou", "color": "#dcca40", "length_m": 16.0}}, {"type": "Feature", "geometry": {"type": "LineString", "coordinates": [[2.3780126, 6.3811071], [2.378047304462546, 6.3809876216478]]}, "properties": {"kind": "split_half", "winner": "Agla-Petit-Château", "color": "#44d079", "length_m": 13.8}}, {"type": "Feature", "geometry": {"type": "LineString", "coordinates": [[2.378047304462546, 6.3809876216478], [2.3780842, 6.3808606]]}, "properties": {"kind": "split_half", "winner": "Kouhounou", "color": "#dcca40", "length_m": 14.6}}, {"type": "Feature", "geometry": {"type": "LineString", "coordinates": [[2.3742992, 6.3842846], [2.37446705, 6.3846121]]}, "properties": {"kind": "split_half", "winner": "Agla-Petit-Château", "color": "#44d079", "length_m": 40.7}}, {"type": "Feature", "geometry": {"type": "LineString", "coordinates": [[2.37446705, 6.3846121], [2.3746349, 6.3849396]]}, "properties": {"kind": "split_half", "winner": "Kouhounou", "color": "#dcca40", "length_m": 40.7}}, {"type": "Feature", "geometry": {"type": "LineString", "coordinates": [[2.3742992, 6.3842846], [2.37403555, 6.38435915]]}, "properties": {"kind": "split_half", "winner": "Agla-Petit-Château", "color": "#44d079", "length_m": 30.3}}, {"type": "Feature", "geometry": {"type": "LineString", "coordinates": [[2.37403555, 6.38435915], [2.3737719, 6.3844337]]}, "properties": {"kind": "split_half", "winner": "Kouhounou", "color": "#dcca40", "length_m": 30.3}}, {"type": "Feature", "geometry": {"type": "LineString", "coordinates": [[2.3746349, 6.3849396], [2.37489215, 6.3848388]]}, "properties": {"kind": "split_half", "winner": "Agla-Petit-Château", "color": "#44d079", "length_m": 30.6}}, {"type": "Feature", "geometry": {"type": "LineString", "coordinates": [[2.37489215, 6.3848388], [2.3751494, 6.384738]]}, "properties": {"kind": "split_half", "winner": "Kouhounou", "color": "#dcca40", "length_m": 30.6}}, {"type": "Feature", "geometry": {"type": "LineString", "coordinates": [[2.3713022, 6.3789248], [2.370487425031144, 6.378950910350969]]}, "properties": {"kind": "split_half", "winner": "Agla-Petit-Château", "color": "#44d079", "length_m": 90.2}}, {"type": "Feature", "geometry": {"type": "LineString", "coordinates": [[2.370487425031144, 6.378950910350969], [2.3701913, 6.3789604]]}, "properties": {"kind": "split_half", "winner": "Agla-Centre", "color": "#a63ace", "length_m": 32.8}}, {"type": "Feature", "geometry": {"type": "LineString", "coordinates": [[2.3701913, 6.3789604], [2.3701920338811178, 6.379270492998354]]}, "properties": {"kind": "split_half", "winner": "Agla-Petit-Château", "color": "#44d079", "length_m": 34.3}}, {"type": "Feature", "geometry": {"type": "LineString", "coordinates": [[2.3701920338811178, 6.379270492998354], [2.3701926, 6.3795097]]}, "properties": {"kind": "split_half", "winner": "Agla-Centre", "color": "#a63ace", "length_m": 26.4}}, {"type": "Feature", "geometry": {"type": "LineString", "coordinates": [[2.3674431, 6.3744508], [2.367166115737196, 6.374099394518936]]}, "properties": {"kind": "split_half", "winner": "Agla-Centre", "color": "#a63ace", "length_m": 49.5}}, {"type": "Feature", "geometry": {"type": "LineString", "coordinates": [[2.367166115737196, 6.374099394518936], [2.3668945, 6.3737548]]}, "properties": {"kind": "split_half", "winner": "Agla-Finafa", "color": "#dd52c1", "length_m": 48.5}}, {"type": "Feature", "geometry": {"type": "LineString", "coordinates": [[2.3668945, 6.3737548], [2.3665531656555605, 6.3739886049132775]]}, "properties": {"kind": "split_half", "winner": "Agla-Centre", "color": "#a63ace", "length_m": 45.8}}, {"type": "Feature", "geometry": {"type": "LineString", "coordinates": [[2.3665531656555605, 6.3739886049132775], [2.3665012, 6.3740242]]}, "properties": {"kind": "split_half", "winner": "Agla-Finafa", "color": "#dd52c1", "length_m": 7.0}}, {"type": "Feature", "geometry": {"type": "LineString", "coordinates": [[2.3778985, 6.3572231], [2.37802005, 6.35758565]]}, "properties": {"kind": "split_half", "winner": "Adjaha-Cité", "color": "#4bc695", "length_m": 42.3}}, {"type": "Feature", "geometry": {"type": "LineString", "coordinates": [[2.37802005, 6.35758565], [2.3781416, 6.3579482]]}, "properties": {"kind": "split_half", "winner": "Fidjrossè-Centre", "color": "#d77c47", "length_m": 42.3}}, {"type": "Feature", "geometry": {"type": "LineString", "coordinates": [[2.3778985, 6.3572231], [2.3772261500000003, 6.3571092]]}, "properties": {"kind": "split_half", "winner": "Adjaha-Cité", "color": "#4bc695", "length_m": 75.4}}, {"type": "Feature", "geometry": {"type": "LineString", "coordinates": [[2.3772261500000003, 6.3571092], [2.3765538, 6.3569953]]}, "properties": {"kind": "split_half", "winner": "Fidjrossè-Centre", "color": "#d77c47", "length_m": 75.4}}, {"type": "Feature", "geometry": {"type": "LineString", "coordinates": [[2.3765538, 6.3569953], [2.3765874, 6.35666475]]}, "properties": {"kind": "split_half", "winner": "Adjaha-Cité", "color": "#4bc695", "length_m": 36.7}}, {"type": "Feature", "geometry": {"type": "LineString", "coordinates": [[2.3765874, 6.35666475], [2.376621, 6.3563342]]}, "properties": {"kind": "split_half", "winner": "Fidjrossè-Centre", "color": "#d77c47", "length_m": 36.7}}, {"type": "Feature", "geometry": {"type": "LineString", "coordinates": [[2.3744921, 6.3557015], [2.3744378943238553, 6.3565649347234645]]}, "properties": {"kind": "split_half", "winner": "Adjaha-Cité", "color": "#4bc695", "length_m": 95.6}}, {"type": "Feature", "geometry": {"type": "LineString", "coordinates": [[2.3744378943238553, 6.3565649347234645], [2.3743937, 6.3572689]]}, "properties": {"kind": "split_half", "winner": "Fidjrossè-Centre", "color": "#d77c47", "length_m": 78.0}}, {"type": "Feature", "geometry": {"type": "LineString", "coordinates": [[2.3738413, 6.3571632], [2.3741517002382992, 6.3572225941078715]]}, "properties": {"kind": "split_half", "winner": "Adjaha-Cité", "color": "#4bc695", "length_m": 35.0}}, {"type": "Feature", "geometry": {"type": "LineString", "coordinates": [[2.3741517002382992, 6.3572225941078715], [2.3743937, 6.3572689]]}, "properties": {"kind": "split_half", "winner": "Fidjrossè-Centre", "color": "#d77c47", "length_m": 27.3}}, {"type": "Feature", "geometry": {"type": "LineString", "coordinates": [[2.3643656, 6.3583131], [2.364557529701752, 6.358060413849399]]}, "properties": {"kind": "split_half", "winner": "Fidjrossè-Kpota", "color": "#53ce4b", "length_m": 35.1}}, {"type": "Feature", "geometry": {"type": "LineString", "coordinates": [[2.364557529701752, 6.358060413849399], [2.364606, 6.3579966]]}, "properties": {"kind": "split_half", "winner": "Fidjrossè-Centre", "color": "#d77c47", "length_m": 8.9}}, {"type": "Feature", "geometry": {"type": "LineString", "coordinates": [[2.3647427, 6.3567872], [2.36461699993782, 6.357899282335046]]}, "properties": {"kind": "split_half", "winner": "Fidjrossè-Kpota", "color": "#53ce4b", "length_m": 123.7}}, {"type": "Feature", "geometry": {"type": "LineString", "coordinates": [[2.36461699993782, 6.357899282335046], [2.364606, 6.3579966]]}, "properties": {"kind": "split_half", "winner": "Fidjrossè-Centre", "color": "#d77c47", "length_m": 10.8}}, {"type": "Feature", "geometry": {"type": "LineString", "coordinates": [[2.4581709, 6.3743578], [2.458186485986708, 6.374183379721265]]}, "properties": {"kind": "split_half", "winner": "Irédé", "color": "#d951c7", "length_m": 19.4}}, {"type": "Feature", "geometry": {"type": "LineString", "coordinates": [[2.458186485986708, 6.374183379721265], [2.4582233, 6.3737714]]}, "properties": {"kind": "split_half", "winner": "Sènadé-Sèkon", "color": "#d74484", "length_m": 45.7}}, {"type": "Feature", "geometry": {"type": "LineString", "coordinates": [[2.4581709, 6.3743578], [2.457995487117787, 6.374344834052037]]}, "properties": {"kind": "split_half", "winner": "Irédé", "color": "#d951c7", "length_m": 19.5}}, {"type": "Feature", "geometry": {"type": "LineString", "coordinates": [[2.457995487117787, 6.374344834052037], [2.4568762, 6.3742621]]}, "properties": {"kind": "split_half", "winner": "Sènadé-Sèkon", "color": "#d74484", "length_m": 124.2}}, {"type": "Feature", "geometry": {"type": "LineString", "coordinates": [[2.4582233, 6.3737714], [2.4586362204328447, 6.373808810345803]]}, "properties": {"kind": "split_half", "winner": "Irédé", "color": "#d951c7", "length_m": 45.9}}, {"type": "Feature", "geometry": {"type": "LineString", "coordinates": [[2.4586362204328447, 6.373808810345803], [2.459603, 6.3738964]]}, "properties": {"kind": "split_half", "winner": "Sènadé-Sèkon", "color": "#d74484", "length_m": 107.4}}, {"type": "Feature", "geometry": {"type": "LineString", "coordinates": [[2.4560672, 6.3677307], [2.4570291323425675, 6.367847741197575]]}, "properties": {"kind": "split_half", "winner": "Sodjatinmè-Centre", "color": "#4ed5a8", "length_m": 107.2}}, {"type": "Feature", "geometry": {"type": "LineString", "coordinates": [[2.4570291323425675, 6.367847741197575], [2.4574611, 6.3679003]]}, "properties": {"kind": "split_half", "winner": "Sodjatinmè-Est", "color": "#d446df", "length_m": 48.1}}, {"type": "Feature", "geometry": {"type": "LineString", "coordinates": [[2.4574611, 6.3679003], [2.4575123586449776, 6.367453902565615]]}, "properties": {"kind": "split_half", "winner": "Sodjatinmè-Centre", "color": "#4ed5a8", "length_m": 49.7}}, {"type": "Feature", "geometry": {"type": "LineString", "coordinates": [[2.4575123586449776, 6.367453902565615], [2.4575356, 6.3672515]]}, "properties": {"kind": "split_half", "winner": "Sodjatinmè-Est", "color": "#d446df", "length_m": 22.5}}, {"type": "Feature", "geometry": {"type": "LineString", "coordinates": [[2.4575356, 6.3672515], [2.457732799717001, 6.367266441072778]]}, "properties": {"kind": "split_half", "winner": "Sodjatinmè-Centre", "color": "#4ed5a8", "length_m": 21.9}}, {"type": "Feature", "geometry": {"type": "LineString", "coordinates": [[2.457732799717001, 6.367266441072778], [2.4587657, 6.3673447]]}, "properties": {"kind": "split_half", "winner": "Sodjatinmè-Est", "color": "#d446df", "length_m": 114.6}}, {"type": "Feature", "geometry": {"type": "LineString", "coordinates": [[2.4598599, 6.3727247], [2.459730009308144, 6.37271075014618]]}, "properties": {"kind": "split_half", "winner": "Irédé", "color": "#d951c7", "length_m": 14.5}}, {"type": "Feature", "geometry": {"type": "LineString", "coordinates": [[2.459730009308144, 6.37271075014618], [2.4597193, 6.3727096]]}, "properties": {"kind": "split_half", "winner": "Sodjatinmè-Est", "color": "#d446df", "length_m": 1.2}}, {"type": "Feature", "geometry": {"type": "LineString", "coordinates": [[2.4597193, 6.3727096], [2.4597197561841875, 6.372704877581292]]}, "properties": {"kind": "split_half", "winner": "Irédé", "color": "#d951c7", "length_m": 0.5}}, {"type": "Feature", "geometry": {"type": "LineString", "coordinates": [[2.4597197561841875, 6.372704877581292], [2.4597318, 6.3725802]]}, "properties": {"kind": "split_half", "winner": "Sodjatinmè-Est", "color": "#d446df", "length_m": 13.8}}, {"type": "Feature", "geometry": {"type": "LineString", "coordinates": [[2.4597318, 6.3725802], [2.4596071329166587, 6.3725678163173]]}, "properties": {"kind": "split_half", "winner": "Irédé", "color": "#d951c7", "length_m": 13.9}}, {"type": "Feature", "geometry": {"type": "LineString", "coordinates": [[2.4596071329166587, 6.3725678163173], [2.4586657, 6.3724743]]}, "properties": {"kind": "split_half", "winner": "Sodjatinmè-Est", "color": "#d446df", "length_m": 104.7}}, {"type": "Feature", "geometry": {"type": "LineString", "coordinates": [[2.4572904, 6.3697813], [2.457288361159493, 6.3698005419354065]]}, "properties": {"kind": "split_half", "winner": "Irédé", "color": "#d951c7", "length_m": 2.1}}, {"type": "Feature", "geometry": {"type": "LineString", "coordinates": [[2.457288361159493, 6.3698005419354065], [2.457223, 6.3704174]]}, "properties": {"kind": "split_half", "winner": "Sodjatinmè-Est", "color": "#d446df", "length_m": 68.6}}, {"type": "Feature", "geometry": {"type": "LineString", "coordinates": [[2.457223, 6.3704174], [2.457851338315122, 6.370467941508218]]}, "properties": {"kind": "split_half", "winner": "Irédé", "color": "#d951c7", "length_m": 69.7}}, {"type": "Feature", "geometry": {"type": "LineString", "coordinates": [[2.457851338315122, 6.370467941508218], [2.4584227, 6.3705139]]}, "properties": {"kind": "split_half", "winner": "Sodjatinmè-Est", "color": "#d446df", "length_m": 63.4}}, {"type": "Feature", "geometry": {"type": "LineString", "coordinates": [[2.4435132, 6.3670418], [2.443328814867246, 6.366892309807407]]}, "properties": {"kind": "split_half", "winner": "Abokicodji-Lagune", "color": "#44db71", "length_m": 26.3}}, {"type": "Feature", "geometry": {"type": "LineString", "coordinates": [[2.443328814867246, 6.366892309807407], [2.442142, 6.3659301]]}, "properties": {"kind": "split_half", "winner": "Dédokpo", "color": "#cf4d46", "length_m": 169.0}}, {"type": "Feature", "geometry": {"type": "LineString", "coordinates": [[2.4435132, 6.3670418], [2.443706115269803, 6.36680529640691]]}, "properties": {"kind": "split_half", "winner": "Abokicodji-Lagune", "color": "#44db71", "length_m": 33.7}}, {"type": "Feature", "geometry": {"type": "LineString", "coordinates": [[2.443706115269803, 6.36680529640691], [2.443931, 6.3665296]]}, "properties": {"kind": "split_half", "winner": "Dédokpo", "color": "#cf4d46", "length_m": 39.3}}, {"type": "Feature", "geometry": {"type": "LineString", "coordinates": [[2.4672796, 6.3706226], [2.4672708934757996, 6.370621745748459]]}, "properties": {"kind": "split_half", "winner": "Yagbé", "color": "#cc5745", "length_m": 1.0}}, {"type": "Feature", "geometry": {"type": "LineString", "coordinates": [[2.4672708934757996, 6.370621745748459], [2.4654216, 6.3704403]]}, "properties": {"kind": "split_half", "winner": "Nvènamèdé", "color": "#45cc78", "length_m": 205.6}}, {"type": "Feature", "geometry": {"type": "LineString", "coordinates": [[2.4654266, 6.3709249], [2.4654244465289845, 6.370716185589178]]}, "properties": {"kind": "split_half", "winner": "Yagbé", "color": "#cc5745", "length_m": 23.1}}, {"type": "Feature", "geometry": {"type": "LineString", "coordinates": [[2.4654244465289845, 6.370716185589178], [2.4654216, 6.3704403]]}, "properties": {"kind": "split_half", "winner": "Nvènamèdé", "color": "#45cc78", "length_m": 30.5}}, {"type": "Feature", "geometry": {"type": "LineString", "coordinates": [[2.2989525, 6.3950619], [2.298797112142617, 6.395153373267864]]}, "properties": {"kind": "split_half", "winner": "Sodo\n", "color": "#d77846", "length_m": 19.9}}, {"type": "Feature", "geometry": {"type": "LineString", "coordinates": [[2.298797112142617, 6.395153373267864], [2.2984332, 6.3953676]]}, "properties": {"kind": "split_half", "winner": "Cocotomey", "color": "#88d347", "length_m": 46.7}}, {"type": "Feature", "geometry": {"type": "LineString", "coordinates": [[2.2989525, 6.3950619], [2.2990364, 6.395334849999999]]}, "properties": {"kind": "split_half", "winner": "Sodo\n", "color": "#d77846", "length_m": 31.6}}, {"type": "Feature", "geometry": {"type": "LineString", "coordinates": [[2.2990364, 6.395334849999999], [2.2991203, 6.3956078]]}, "properties": {"kind": "split_half", "winner": "Cocotomey", "color": "#88d347", "length_m": 31.6}}, {"type": "Feature", "geometry": {"type": "LineString", "coordinates": [[2.2984332, 6.3953676], [2.298397956319303, 6.395042158352712]]}, "properties": {"kind": "split_half", "winner": "Sodo\n", "color": "#d77846", "length_m": 36.2}}, {"type": "Feature", "geometry": {"type": "LineString", "coordinates": [[2.298397956319303, 6.395042158352712], [2.2983956, 6.3950204]]}, "properties": {"kind": "split_half", "winner": "Cocotomey", "color": "#88d347", "length_m": 2.4}}, {"type": "Feature", "geometry": {"type": "LineString", "coordinates": [[2.3016999, 6.3959713], [2.301698355075244, 6.396152431988984]]}, "properties": {"kind": "split_half", "winner": "Sodo\n", "color": "#d77846", "length_m": 20.0}}, {"type": "Feature", "geometry": {"type": "LineString", "coordinates": [[2.301698355075244, 6.396152431988984], [2.3016962, 6.3964051]]}, "properties": {"kind": "split_half", "winner": "Cocotomey", "color": "#88d347", "length_m": 27.9}}, {"type": "Feature", "geometry": {"type": "LineString", "coordinates": [[2.3016999, 6.3959713], [2.3015236669293246, 6.3959952547574215]]}, "properties": {"kind": "split_half", "winner": "Sodo\n", "color": "#d77846", "length_m": 19.7}}, {"type": "Feature", "geometry": {"type": "LineString", "coordinates": [[2.3015236669293246, 6.3959952547574215], [2.3010135, 6.3960646]]}, "properties": {"kind": "split_half", "winner": "Cocotomey", "color": "#88d347", "length_m": 57.0}}, {"type": "Feature", "geometry": {"type": "LineString", "coordinates": [[2.3016956, 6.3965728], [2.302396010072896, 6.396481710317907]]}, "properties": {"kind": "split_half", "winner": "Sodo\n", "color": "#d77846", "length_m": 78.1}}, {"type": "Feature", "geometry": {"type": "LineString", "coordinates": [[2.302396010072896, 6.396481710317907], [2.3025814, 6.3964576]]}, "properties": {"kind": "split_half", "winner": "Tokpa\n", "color": "#d5df41", "length_m": 20.7}}, {"type": "Feature", "geometry": {"type": "LineString", "coordinates": [[2.3025814, 6.3964576], [2.302587513058566, 6.396672333847302]]}, "properties": {"kind": "split_half", "winner": "Sodo\n", "color": "#d77846", "length_m": 23.7}}, {"type": "Feature", "geometry": {"type": "LineString", "coordinates": [[2.302587513058566, 6.396672333847302], [2.3025995, 6.3970934]]}, "properties": {"kind": "split_half", "winner": "Tokpa\n", "color": "#d5df41", "length_m": 46.6}}, {"type": "Feature", "geometry": {"type": "LineString", "coordinates": [[2.3342113, 6.381829], [2.3341844865331525, 6.381773421681925]]}, "properties": {"kind": "split_half", "winner": "Dèkoungbé\n", "color": "#49da4d", "length_m": 6.8}}, {"type": "Feature", "geometry": {"type": "LineString", "coordinates": [[2.3341844865331525, 6.381773421681925], [2.3341742, 6.3817521]]}, "properties": {"kind": "split_half", "winner": "Dénou\n", "color": "#dd5452", "length_m": 2.6}}, {"type": "Feature", "geometry": {"type": "LineString", "coordinates": [[2.3341742, 6.3817521], [2.3341907214325004, 6.3817444986242]]}, "properties": {"kind": "split_half", "winner": "Dèkoungbé\n", "color": "#49da4d", "length_m": 2.0}}, {"type": "Feature", "geometry": {"type": "LineString", "coordinates": [[2.3341907214325004, 6.3817444986242], [2.3348495, 6.3814414]]}, "properties": {"kind": "split_half", "winner": "Dénou\n", "color": "#dd5452", "length_m": 80.2}}, {"type": "Feature", "geometry": {"type": "LineString", "coordinates": [[2.3338865, 6.3811152], [2.334224054877362, 6.380970925461409]]}, "properties": {"kind": "split_half", "winner": "Dèkoungbé\n", "color": "#49da4d", "length_m": 40.6}}, {"type": "Feature", "geometry": {"type": "LineString", "coordinates": [[2.334224054877362, 6.380970925461409], [2.3342557, 6.3809574]]}, "properties": {"kind": "split_half", "winner": "Fignonhou\n", "color": "#ca7f39", "length_m": 3.8}}, {"type": "Feature", "geometry": {"type": "LineString", "coordinates": [[2.3340697, 6.3805151], [2.3343727309061806, 6.380378240906478]]}, "properties": {"kind": "split_half", "winner": "Dèkoungbé\n", "color": "#49da4d", "length_m": 36.8}}, {"type": "Feature", "geometry": {"type": "LineString", "coordinates": [[2.3343727309061806, 6.380378240906478], [2.3351345, 6.3800342]]}, "properties": {"kind": "split_half", "winner": "Fignonhou\n", "color": "#ca7f39", "length_m": 92.5}}, {"type": "Feature", "geometry": {"type": "LineString", "coordinates": [[2.3340697, 6.3805151], [2.334238254240297, 6.380915914733782]]}, "properties": {"kind": "split_half", "winner": "Dèkoungbé\n", "color": "#49da4d", "length_m": 48.1}}, {"type": "Feature", "geometry": {"type": "LineString", "coordinates": [[2.334238254240297, 6.380915914733782], [2.3342557, 6.3809574]]}, "properties": {"kind": "split_half", "winner": "Fignonhou\n", "color": "#ca7f39", "length_m": 5.0}}, {"type": "Feature", "geometry": {"type": "LineString", "coordinates": [[2.3335126, 6.3754761], [2.3332552612124013, 6.375270702599591]]}, "properties": {"kind": "split_half", "winner": "Dèkoungbé\n", "color": "#49da4d", "length_m": 36.4}}, {"type": "Feature", "geometry": {"type": "LineString", "coordinates": [[2.3332552612124013, 6.375270702599591], [2.3331866, 6.3752159]]}, "properties": {"kind": "split_half", "winner": "Fignonhou\n", "color": "#ca7f39", "length_m": 9.7}}, {"type": "Feature", "geometry": {"type": "LineString", "coordinates": [[2.3335126, 6.3754761], [2.333247306468332, 6.37576827473302]]}, "properties": {"kind": "split_half", "winner": "Dèkoungbé\n", "color": "#49da4d", "length_m": 43.6}}, {"type": "Feature", "geometry": {"type": "LineString", "coordinates": [[2.333247306468332, 6.37576827473302], [2.3331356, 6.3758913]]}, "properties": {"kind": "split_half", "winner": "Fignonhou\n", "color": "#ca7f39", "length_m": 18.4}}, {"type": "Feature", "geometry": {"type": "LineString", "coordinates": [[2.3331356, 6.3758913], [2.3332557880040636, 6.375979654424609]]}, "properties": {"kind": "split_half", "winner": "Dèkoungbé\n", "color": "#49da4d", "length_m": 16.5}}, {"type": "Feature", "geometry": {"type": "LineString", "coordinates": [[2.3332557880040636, 6.375979654424609], [2.3333206, 6.3760273]]}, "properties": {"kind": "split_half", "winner": "Fignonhou\n", "color": "#ca7f39", "length_m": 8.9}}, {"type": "Feature", "geometry": {"type": "LineString", "coordinates": [[2.3331349, 6.376861], [2.333176036772546, 6.376901960409105]]}, "properties": {"kind": "split_half", "winner": "Dèkoungbé\n", "color": "#49da4d", "length_m": 6.4}}, {"type": "Feature", "geometry": {"type": "LineString", "coordinates": [[2.333176036772546, 6.376901960409105], [2.3332282, 6.3769539]]}, "properties": {"kind": "split_half", "winner": "Fignonhou\n", "color": "#ca7f39", "length_m": 8.1}}, {"type": "Feature", "geometry": {"type": "LineString", "coordinates": [[2.3332282, 6.3769539], [2.3331785227386033, 6.377011633599071]]}, "properties": {"kind": "split_half", "winner": "Dèkoungbé\n", "color": "#49da4d", "length_m": 8.4}}, {"type": "Feature", "geometry": {"type": "LineString", "coordinates": [[2.3331785227386033, 6.377011633599071], [2.3329908, 6.3772298]]}, "properties": {"kind": "split_half", "winner": "Fignonhou\n", "color": "#ca7f39", "length_m": 31.8}}, {"type": "Feature", "geometry": {"type": "LineString", "coordinates": [[2.3255415, 6.3765942], [2.3258869159442788, 6.376457027075226]]}, "properties": {"kind": "split_half", "winner": "Dèkoungbé\n", "color": "#49da4d", "length_m": 41.1}}, {"type": "Feature", "geometry": {"type": "LineString", "coordinates": [[2.3258869159442788, 6.376457027075226], [2.3259935, 6.3764147]]}, "properties": {"kind": "split_half", "winner": "Abikouholi\n", "color": "#bcde4c", "length_m": 12.7}}, {"type": "Feature", "geometry": {"type": "LineString", "coordinates": [[2.3259935, 6.3764147], [2.325999340292215, 6.376307496943869]]}, "properties": {"kind": "split_half", "winner": "Dèkoungbé\n", "color": "#49da4d", "length_m": 11.9}}, {"type": "Feature", "geometry": {"type": "LineString", "coordinates": [[2.325999340292215, 6.376307496943869], [2.3260143, 6.3760329]]}, "properties": {"kind": "split_half", "winner": "Abikouholi\n", "color": "#bcde4c", "length_m": 30.4}}, {"type": "Feature", "geometry": {"type": "LineString", "coordinates": [[2.3256146, 6.3770218], [2.325704647422356, 6.376998420019271]]}, "properties": {"kind": "split_half", "winner": "Dèkoungbé\n", "color": "#49da4d", "length_m": 10.3}}, {"type": "Feature", "geometry": {"type": "LineString", "coordinates": [[2.325704647422356, 6.376998420019271], [2.3275854, 6.3765101]]}, "properties": {"kind": "split_half", "winner": "Abikouholi\n", "color": "#bcde4c", "length_m": 215.0}}, {"type": "Feature", "geometry": {"type": "LineString", "coordinates": [[2.3256146, 6.3770218], [2.3256681979134353, 6.377344491716547]]}, "properties": {"kind": "split_half", "winner": "Dèkoungbé\n", "color": "#49da4d", "length_m": 36.2}}, {"type": "Feature", "geometry": {"type": "LineString", "coordinates": [[2.3256681979134353, 6.377344491716547], [2.3256777, 6.3774017]]}, "properties": {"kind": "split_half", "winner": "Abikouholi\n", "color": "#bcde4c", "length_m": 6.4}}, {"type": "Feature", "geometry": {"type": "LineString", "coordinates": [[2.3180116, 6.3752846], [2.3180294682120395, 6.375282624211091]]}, "properties": {"kind": "split_half", "winner": "Dèkoungbé-Église\n", "color": "#68dd50", "length_m": 2.0}}, {"type": "Feature", "geometry": {"type": "LineString", "coordinates": [[2.3180294682120395, 6.375282624211091], [2.3187586, 6.375202]]}, "properties": {"kind": "split_half", "winner": "Gninkindji\n", "color": "#c8419d", "length_m": 81.2}}, {"type": "Feature", "geometry": {"type": "LineString", "coordinates": [[2.3180116, 6.3752846], [2.318011001266451, 6.375268143669457]]}, "properties": {"kind": "split_half", "winner": "Dèkoungbé-Église\n", "color": "#68dd50", "length_m": 1.8}}, {"type": "Feature", "geometry": {"type": "LineString", "coordinates": [[2.318011001266451, 6.375268143669457], [2.3179405, 6.3733304]]}, "properties": {"kind": "split_half", "winner": "Gninkindji\n", "color": "#c8419d", "length_m": 214.3}}, {"type": "Feature", "geometry": {"type": "LineString", "coordinates": [[2.3117651, 6.3751982], [2.3115828376995826, 6.37527167595811]]}, "properties": {"kind": "split_half", "winner": "Gninkindji\n", "color": "#c8419d", "length_m": 21.7}}, {"type": "Feature", "geometry": {"type": "LineString", "coordinates": [[2.3115828376995826, 6.37527167595811], [2.3112608, 6.3754015]]}, "properties": {"kind": "split_half", "winner": "Hêdomè\n", "color": "#db4648", "length_m": 38.4}}, {"type": "Feature", "geometry": {"type": "LineString", "coordinates": [[2.3115086, 6.3758093], [2.3114402042882345, 6.37569674240816]]}, "properties": {"kind": "split_half", "winner": "Gninkindji\n", "color": "#c8419d", "length_m": 14.6}}, {"type": "Feature", "geometry": {"type": "LineString", "coordinates": [[2.3114402042882345, 6.37569674240816], [2.3112608, 6.3754015]]}, "properties": {"kind": "split_half", "winner": "Hêdomè\n", "color": "#db4648", "length_m": 38.2}}, {"type": "Feature", "geometry": {"type": "LineString", "coordinates": [[2.3122908, 6.3729434], [2.312101072249141, 6.373024785595372]]}, "properties": {"kind": "split_half", "winner": "Gninkindji\n", "color": "#c8419d", "length_m": 22.8}}, {"type": "Feature", "geometry": {"type": "LineString", "coordinates": [[2.312101072249141, 6.373024785595372], [2.3118495, 6.3731327]]}, "properties": {"kind": "split_half", "winner": "Hêdomè\n", "color": "#db4648", "length_m": 30.3}}, {"type": "Feature", "geometry": {"type": "LineString", "coordinates": [[2.3118495, 6.3731327], [2.311922721204027, 6.373246120103543]]}, "properties": {"kind": "split_half", "winner": "Gninkindji\n", "color": "#c8419d", "length_m": 14.9}}, {"type": "Feature", "geometry": {"type": "LineString", "coordinates": [[2.311922721204027, 6.373246120103543], [2.3125841, 6.3742706]]}, "properties": {"kind": "split_half", "winner": "Hêdomè\n", "color": "#db4648", "length_m": 134.8}}, {"type": "Feature", "geometry": {"type": "LineString", "coordinates": [[2.3256139, 6.4195609], [2.3255564660209096, 6.419491166267065]]}, "properties": {"kind": "split_half", "winner": "Cité-la-Victoire\n", "color": "#41d871", "length_m": 10.0}}, {"type": "Feature", "geometry": {"type": "LineString", "coordinates": [[2.3255564660209096, 6.419491166267065], [2.3252324, 6.4190977]]}, "properties": {"kind": "split_half", "winner": "Alègléta", "color": "#52ddac", "length_m": 56.4}}, {"type": "Feature", "geometry": {"type": "LineString", "coordinates": [[2.3256139, 6.4195609], [2.3254727353582196, 6.419692508289384]]}, "properties": {"kind": "split_half", "winner": "Cité-la-Victoire\n", "color": "#41d871", "length_m": 21.3}}, {"type": "Feature", "geometry": {"type": "LineString", "coordinates": [[2.3254727353582196, 6.419692508289384], [2.3253938, 6.4197661]]}, "properties": {"kind": "split_half", "winner": "Alègléta", "color": "#52ddac", "length_m": 11.9}}, {"type": "Feature", "geometry": {"type": "LineString", "coordinates": [[2.2997209, 6.4302459], [2.299561934483524, 6.429815937201356]]}, "properties": {"kind": "split_half", "winner": "Houèto", "color": "#de47d2", "length_m": 50.7}}, {"type": "Feature", "geometry": {"type": "LineString", "coordinates": [[2.299561934483524, 6.429815937201356], [2.2992982, 6.4291026]]}, "properties": {"kind": "split_half", "winner": "Maria-Gléta\n", "color": "#d1523e", "length_m": 84.1}}, {"type": "Feature", "geometry": {"type": "LineString", "coordinates": [[2.2997209, 6.4302459], [2.2999798580448854, 6.429948567720403]]}, "properties": {"kind": "split_half", "winner": "Houèto", "color": "#de47d2", "length_m": 43.6}}, {"type": "Feature", "geometry": {"type": "LineString", "coordinates": [[2.2999798580448854, 6.429948567720403], [2.3001015, 6.4298089]]}, "properties": {"kind": "split_half", "winner": "Maria-Gléta\n", "color": "#d1523e", "length_m": 20.5}}, {"type": "Feature", "geometry": {"type": "LineString", "coordinates": [[2.2985136, 6.4299715], [2.2980516454470328, 6.429298741073834]]}, "properties": {"kind": "split_half", "winner": "Houèto", "color": "#de47d2", "length_m": 90.2}}, {"type": "Feature", "geometry": {"type": "LineString", "coordinates": [[2.2980516454470328, 6.429298741073834], [2.2980453, 6.4292895]]}, "properties": {"kind": "split_half", "winner": "Maria-Gléta\n", "color": "#d1523e", "length_m": 1.2}}, {"type": "Feature", "geometry": {"type": "LineString", "coordinates": [[2.2980453, 6.4292895], [2.298036386304226, 6.429296283555155]]}, "properties": {"kind": "split_half", "winner": "Houèto", "color": "#de47d2", "length_m": 1.2}}, {"type": "Feature", "geometry": {"type": "LineString", "coordinates": [[2.298036386304226, 6.429296283555155], [2.2978231, 6.4294586]]}, "properties": {"kind": "split_half", "winner": "Maria-Gléta\n", "color": "#d1523e", "length_m": 29.6}}, {"type": "Feature", "geometry": {"type": "LineString", "coordinates": [[2.3572861, 6.474084], [2.3576237164432605, 6.474050002794512]]}, "properties": {"kind": "split_half", "winner": "Gbodjo", "color": "#a9d648", "length_m": 37.5}}, {"type": "Feature", "geometry": {"type": "LineString", "coordinates": [[2.3576237164432605, 6.474050002794512], [2.3578164, 6.4740306]]}, "properties": {"kind": "split_half", "winner": "Zopah-Kokpo", "color": "#dada4a", "length_m": 21.4}}, {"type": "Feature", "geometry": {"type": "LineString", "coordinates": [[2.3580096, 6.4751043], [2.3578490548992708, 6.474212078081505]]}, "properties": {"kind": "split_half", "winner": "Gbodjo", "color": "#a9d648", "length_m": 100.2}}, {"type": "Feature", "geometry": {"type": "LineString", "coordinates": [[2.3578490548992708, 6.474212078081505], [2.3578164, 6.4740306]]}, "properties": {"kind": "split_half", "winner": "Zopah-Kokpo", "color": "#dada4a", "length_m": 20.4}}, {"type": "Feature", "geometry": {"type": "LineString", "coordinates": [[2.3536359, 6.5344639], [2.3535929752315026, 6.534433515396014]]}, "properties": {"kind": "split_half", "winner": "Adjagbo", "color": "#cd3f8f", "length_m": 5.8}}, {"type": "Feature", "geometry": {"type": "LineString", "coordinates": [[2.3535929752315026, 6.534433515396014], [2.3534959, 6.5343648]]}, "properties": {"kind": "split_half", "winner": "Gbétagbo", "color": "#dc4191", "length_m": 13.2}}, {"type": "Feature", "geometry": {"type": "LineString", "coordinates": [[2.3534959, 6.5343648], [2.3534160016745616, 6.534150532436162]]}, "properties": {"kind": "split_half", "winner": "Adjagbo", "color": "#cd3f8f", "length_m": 25.3}}, {"type": "Feature", "geometry": {"type": "LineString", "coordinates": [[2.3534160016745616, 6.534150532436162], [2.3533567, 6.5339915]]}, "properties": {"kind": "split_half", "winner": "Gbétagbo", "color": "#dc4191", "length_m": 18.8}}, {"type": "Feature", "geometry": {"type": "LineString", "coordinates": [[2.4845674, 6.3751293], [2.4853509539804874, 6.375324591838641]]}, "properties": {"kind": "split_half", "winner": "Tchanhounkpamè", "color": "#d38948", "length_m": 89.3}}, {"type": "Feature", "geometry": {"type": "LineString", "coordinates": [[2.4853509539804874, 6.375324591838641], [2.4855195, 6.3753666]]}, "properties": {"kind": "split_half", "winner": "Dandji-Hokanmè", "color": "#4bcebd", "length_m": 19.2}}, {"type": "Feature", "geometry": {"type": "LineString", "coordinates": [[2.4854113, 6.3758684], [2.485477143211677, 6.375563038413868]]}, "properties": {"kind": "split_half", "winner": "Tchanhounkpamè", "color": "#d38948", "length_m": 34.5}}, {"type": "Feature", "geometry": {"type": "LineString", "coordinates": [[2.485477143211677, 6.375563038413868], [2.4855195, 6.3753666]]}, "properties": {"kind": "split_half", "winner": "Dandji-Hokanmè", "color": "#4bcebd", "length_m": 22.2}}, {"type": "Feature", "geometry": {"type": "LineString", "coordinates": [[2.4759317, 6.3730462], [2.4759275, 6.3732083500000005]]}, "properties": {"kind": "split_half", "winner": "Dandji", "color": "#c150dd", "length_m": 17.9}}, {"type": "Feature", "geometry": {"type": "LineString", "coordinates": [[2.4759275, 6.3732083500000005], [2.4759233, 6.3733705]]}, "properties": {"kind": "split_half", "winner": "Avotrou-Houézèkomè", "color": "#c0d24e", "length_m": 17.9}}, {"type": "Feature", "geometry": {"type": "LineString", "coordinates": [[2.4759317, 6.3730462], [2.47561975, 6.3730294999999995]]}, "properties": {"kind": "split_half", "winner": "Dandji", "color": "#c150dd", "length_m": 34.6}}, {"type": "Feature", "geometry": {"type": "LineString", "coordinates": [[2.47561975, 6.3730294999999995], [2.4753078, 6.3730128]]}, "properties": {"kind": "split_half", "winner": "Avotrou-Houézèkomè", "color": "#c0d24e", "length_m": 34.6}}, {"type": "Feature", "geometry": {"type": "LineString", "coordinates": [[2.4823575, 6.3738399], [2.48211215, 6.37378685]]}, "properties": {"kind": "split_half", "winner": "Tchanhounkpamè", "color": "#d38948", "length_m": 27.8}}, {"type": "Feature", "geometry": {"type": "LineString", "coordinates": [[2.48211215, 6.37378685], [2.4818668, 6.3737338]]}, "properties": {"kind": "split_half", "winner": "Dandji", "color": "#c150dd", "length_m": 27.8}}, {"type": "Feature", "geometry": {"type": "LineString", "coordinates": [[2.4818668, 6.3737338], [2.48192055, 6.37350875]]}, "properties": {"kind": "split_half", "winner": "Tchanhounkpamè", "color": "#d38948", "length_m": 25.6}}, {"type": "Feature", "geometry": {"type": "LineString", "coordinates": [[2.48192055, 6.37350875], [2.4819743, 6.3732837]]}, "properties": {"kind": "split_half", "winner": "Dandji", "color": "#c150dd", "length_m": 25.6}}, {"type": "Feature", "geometry": {"type": "LineString", "coordinates": [[2.4778842, 6.3775569], [2.477880408604535, 6.378575618796975]]}, "properties": {"kind": "split_half", "winner": "Tchanhounkpamè", "color": "#d38948", "length_m": 112.6}}, {"type": "Feature", "geometry": {"type": "LineString", "coordinates": [[2.477880408604535, 6.378575618796975], [2.477879, 6.3789541]]}, "properties": {"kind": "split_half", "winner": "Avotrou-Houézèkomè", "color": "#c0d24e", "length_m": 41.8}}, {"type": "Feature", "geometry": {"type": "LineString", "coordinates": [[2.4778842, 6.3775569], [2.4783219631959277, 6.377552324352971]]}, "properties": {"kind": "split_half", "winner": "Tchanhounkpamè", "color": "#d38948", "length_m": 48.4}}, {"type": "Feature", "geometry": {"type": "LineString", "coordinates": [[2.4783219631959277, 6.377552324352971], [2.4784391, 6.3775511]]}, "properties": {"kind": "split_half", "winner": "Avotrou-Houézèkomè", "color": "#c0d24e", "length_m": 13.0}}, {"type": "Feature", "geometry": {"type": "LineString", "coordinates": [[2.4772217, 6.3789579], [2.4775043776847334, 6.378956265776354]]}, "properties": {"kind": "split_half", "winner": "Tchanhounkpamè", "color": "#d38948", "length_m": 31.3}}, {"type": "Feature", "geometry": {"type": "LineString", "coordinates": [[2.4775043776847334, 6.378956265776354], [2.477879, 6.3789541]]}, "properties": {"kind": "split_half", "winner": "Avotrou-Houézèkomè", "color": "#c0d24e", "length_m": 41.4}}, {"type": "Feature", "geometry": {"type": "LineString", "coordinates": [[2.47378, 6.3735776], [2.473443694497844, 6.373599521438024]]}, "properties": {"kind": "split_half", "winner": "Yagbé", "color": "#cc5745", "length_m": 37.3}}, {"type": "Feature", "geometry": {"type": "LineString", "coordinates": [[2.473443694497844, 6.373599521438024], [2.4732093, 6.3736148]]}, "properties": {"kind": "split_half", "winner": "Avotrou-Houézèkomè", "color": "#c0d24e", "length_m": 26.0}}, {"type": "Feature", "geometry": {"type": "LineString", "coordinates": [[2.4732093, 6.3736148], [2.473207829487644, 6.373837442573196]]}, "properties": {"kind": "split_half", "winner": "Yagbé", "color": "#cc5745", "length_m": 24.6}}, {"type": "Feature", "geometry": {"type": "LineString", "coordinates": [[2.473207829487644, 6.373837442573196], [2.4732009, 6.3748866]]}, "properties": {"kind": "split_half", "winner": "Avotrou-Houézèkomè", "color": "#c0d24e", "length_m": 116.0}}, {"type": "Feature", "geometry": {"type": "LineString", "coordinates": [[2.4760332, 6.3762449], [2.47514795, 6.376270699999999]]}, "properties": {"kind": "split_half", "winner": "Avotrou-Houézèkomè", "color": "#c0d24e", "length_m": 98.0}}, {"type": "Feature", "geometry": {"type": "LineString", "coordinates": [[2.47514795, 6.376270699999999], [2.4742627, 6.3762965]]}, "properties": {"kind": "split_half", "winner": "Avotrou-Gbègo", "color": "#dbdd4d", "length_m": 98.0}}, {"type": "Feature", "geometry": {"type": "LineString", "coordinates": [[2.4742662, 6.3757912], [2.47426445, 6.37604385]]}, "properties": {"kind": "split_half", "winner": "Avotrou-Houézèkomè", "color": "#c0d24e", "length_m": 27.9}}, {"type": "Feature", "geometry": {"type": "LineString", "coordinates": [[2.47426445, 6.37604385], [2.4742627, 6.3762965]]}, "properties": {"kind": "split_half", "winner": "Avotrou-Gbègo", "color": "#dbdd4d", "length_m": 27.9}}, {"type": "Feature", "geometry": {"type": "LineString", "coordinates": [[2.4742884, 6.378975], [2.47428035, 6.37828535]]}, "properties": {"kind": "split_half", "winner": "Avotrou-Houézèkomè", "color": "#c0d24e", "length_m": 76.2}}, {"type": "Feature", "geometry": {"type": "LineString", "coordinates": [[2.47428035, 6.37828535], [2.4742723, 6.3775957]]}, "properties": {"kind": "split_half", "winner": "Avotrou-Gbègo", "color": "#dbdd4d", "length_m": 76.2}}, {"type": "Feature", "geometry": {"type": "LineString", "coordinates": [[2.4742723, 6.3775957], [2.47453085, 6.377591949999999]]}, "properties": {"kind": "split_half", "winner": "Avotrou-Houézèkomè", "color": "#c0d24e", "length_m": 28.6}}, {"type": "Feature", "geometry": {"type": "LineString", "coordinates": [[2.47453085, 6.377591949999999], [2.4747894, 6.3775882]]}, "properties": {"kind": "split_half", "winner": "Avotrou-Gbègo", "color": "#dbdd4d", "length_m": 28.6}}, {"type": "Feature", "geometry": {"type": "LineString", "coordinates": [[2.4699794, 6.3734914], [2.4699866999999998, 6.3733220500000005]]}, "properties": {"kind": "split_half", "winner": "Yagbé", "color": "#cc5745", "length_m": 18.7}}, {"type": "Feature", "geometry": {"type": "LineString", "coordinates": [[2.4699866999999998, 6.3733220500000005], [2.469994, 6.3731527]]}, "properties": {"kind": "split_half", "winner": "Avotrou-Gbègo", "color": "#dbdd4d", "length_m": 18.7}}, {"type": "Feature", "geometry": {"type": "LineString", "coordinates": [[2.4699794, 6.3734914], [2.4706347912744775, 6.373491524421694]]}, "properties": {"kind": "split_half", "winner": "Yagbé", "color": "#cc5745", "length_m": 72.5}}, {"type": "Feature", "geometry": {"type": "LineString", "coordinates": [[2.4706347912744775, 6.373491524421694], [2.4720864, 6.3734918]]}, "properties": {"kind": "split_half", "winner": "Avotrou-Gbègo", "color": "#dbdd4d", "length_m": 160.6}}, {"type": "Feature", "geometry": {"type": "LineString", "coordinates": [[2.4715799, 6.3741588], [2.4713202836549426, 6.374161149764531]]}, "properties": {"kind": "split_half", "winner": "Yagbé", "color": "#cc5745", "length_m": 28.7}}, {"type": "Feature", "geometry": {"type": "LineString", "coordinates": [[2.4713202836549426, 6.374161149764531], [2.4699889, 6.3741732]]}, "properties": {"kind": "split_half", "winner": "Avotrou-Gbègo", "color": "#dbdd4d", "length_m": 147.3}}, {"type": "Feature", "geometry": {"type": "LineString", "coordinates": [[2.4715799, 6.3741588], [2.471579559185771, 6.374416114742889]]}, "properties": {"kind": "split_half", "winner": "Yagbé", "color": "#cc5745", "length_m": 28.4}}, {"type": "Feature", "geometry": {"type": "LineString", "coordinates": [[2.471579559185771, 6.374416114742889], [2.471579, 6.3748383]]}, "properties": {"kind": "split_half", "winner": "Avotrou-Gbègo", "color": "#dbdd4d", "length_m": 46.7}}, {"type": "Feature", "geometry": {"type": "LineString", "coordinates": [[2.4748977, 6.380182], [2.4747189738126334, 6.380182861970111]]}, "properties": {"kind": "split_half", "winner": "Avotrou-Aïmonlonfidé", "color": "#53dcd3", "length_m": 19.8}}, {"type": "Feature", "geometry": {"type": "LineString", "coordinates": [[2.4747189738126334, 6.380182861970111], [2.4743586, 6.3801846]]}, "properties": {"kind": "split_half", "winner": "Avotrou-Houézèkomè", "color": "#c0d24e", "length_m": 39.9}}, {"type": "Feature", "geometry": {"type": "LineString", "coordinates": [[2.4748977, 6.380182], [2.474901562375672, 6.380363670047877]]}, "properties": {"kind": "split_half", "winner": "Avotrou-Aïmonlonfidé", "color": "#53dcd3", "length_m": 20.1}}, {"type": "Feature", "geometry": {"type": "LineString", "coordinates": [[2.474901562375672, 6.380363670047877], [2.4749284, 6.381626]]}, "properties": {"kind": "split_half", "winner": "Avotrou-Houézèkomè", "color": "#c0d24e", "length_m": 139.6}}, {"type": "Feature", "geometry": {"type": "LineString", "coordinates": [[2.4658629, 6.3783469], [2.465884002198472, 6.378346705010487]]}, "properties": {"kind": "split_half", "winner": "Avotrou-Gbègo", "color": "#dbdd4d", "length_m": 2.3}}, {"type": "Feature", "geometry": {"type": "LineString", "coordinates": [[2.465884002198472, 6.378346705010487], [2.4665447, 6.3783406]]}, "properties": {"kind": "split_half", "winner": "Suru-Léré", "color": "#ca4c98", "length_m": 73.1}}, {"type": "Feature", "geometry": {"type": "LineString", "coordinates": [[2.4681357, 6.3776854], [2.4673492, 6.37768625]]}, "properties": {"kind": "split_half", "winner": "Avotrou-Gbègo", "color": "#dbdd4d", "length_m": 87.0}}, {"type": "Feature", "geometry": {"type": "LineString", "coordinates": [[2.4673492, 6.37768625], [2.4665627, 6.3776871]]}, "properties": {"kind": "split_half", "winner": "Suru-Léré", "color": "#ca4c98", "length_m": 87.0}}, {"type": "Feature", "geometry": {"type": "LineString", "coordinates": [[2.4665627, 6.3776871], [2.4665537, 6.37801385]]}, "properties": {"kind": "split_half", "winner": "Avotrou-Gbègo", "color": "#dbdd4d", "length_m": 36.1}}, {"type": "Feature", "geometry": {"type": "LineString", "coordinates": [[2.4665537, 6.37801385], [2.4665447, 6.3783406]]}, "properties": {"kind": "split_half", "winner": "Suru-Léré", "color": "#ca4c98", "length_m": 36.1}}, {"type": "Feature", "geometry": {"type": "LineString", "coordinates": [[2.4716018, 6.3789374], [2.4716041506981163, 6.379163488039722]]}, "properties": {"kind": "split_half", "winner": "Avotrou-Aïmonlonfidé", "color": "#53dcd3", "length_m": 25.0}}, {"type": "Feature", "geometry": {"type": "LineString", "coordinates": [[2.4716041506981163, 6.379163488039722], [2.4716085, 6.3795818]]}, "properties": {"kind": "split_half", "winner": "Avotrou-Gbègo", "color": "#dbdd4d", "length_m": 46.2}}, {"type": "Feature", "geometry": {"type": "LineString", "coordinates": [[2.4700905, 6.3802571], [2.470093596327733, 6.379651585791319]]}, "properties": {"kind": "split_half", "winner": "Avotrou-Aïmonlonfidé", "color": "#53dcd3", "length_m": 66.9}}, {"type": "Feature", "geometry": {"type": "LineString", "coordinates": [[2.470093596327733, 6.379651585791319], [2.4700939, 6.3795922]]}, "properties": {"kind": "split_half", "winner": "Avotrou-Gbègo", "color": "#dbdd4d", "length_m": 6.6}}, {"type": "Feature", "geometry": {"type": "LineString", "coordinates": [[2.4700939, 6.3795922], [2.4701547598966713, 6.379591782105556]]}, "properties": {"kind": "split_half", "winner": "Avotrou-Aïmonlonfidé", "color": "#53dcd3", "length_m": 6.7}}, {"type": "Feature", "geometry": {"type": "LineString", "coordinates": [[2.4701547598966713, 6.379591782105556], [2.4716085, 6.3795818]]}, "properties": {"kind": "split_half", "winner": "Avotrou-Gbègo", "color": "#dbdd4d", "length_m": 160.8}}, {"type": "Feature", "geometry": {"type": "LineString", "coordinates": [[2.3357683, 6.3834777], [2.335750983143481, 6.383025738251891]]}, "properties": {"kind": "split_half", "winner": "Ounvènoumèdé\n", "color": "#7dcf46", "length_m": 50.0}}, {"type": "Feature", "geometry": {"type": "LineString", "coordinates": [[2.335750983143481, 6.383025738251891], [2.3357472, 6.382927]]}, "properties": {"kind": "split_half", "winner": "Dénou\n", "color": "#dd5452", "length_m": 10.9}}, {"type": "Feature", "geometry": {"type": "LineString", "coordinates": [[2.3340325, 6.3836866], [2.3356393442036523, 6.382974779356683]]}, "properties": {"kind": "split_half", "winner": "Ounvènoumèdé\n", "color": "#7dcf46", "length_m": 194.4}}, {"type": "Feature", "geometry": {"type": "LineString", "coordinates": [[2.3356393442036523, 6.382974779356683], [2.3357472, 6.382927]]}, "properties": {"kind": "split_half", "winner": "Dénou\n", "color": "#dd5452", "length_m": 13.0}}, {"type": "Feature", "geometry": {"type": "LineString", "coordinates": [[2.3369348, 6.3839914], [2.336946969680369, 6.383978771300255]]}, "properties": {"kind": "split_half", "winner": "Ounvènoumèdé\n", "color": "#7dcf46", "length_m": 1.9}}, {"type": "Feature", "geometry": {"type": "LineString", "coordinates": [[2.336946969680369, 6.383978771300255], [2.3373643, 6.3835457]]}, "properties": {"kind": "split_half", "winner": "Dénou\n", "color": "#dd5452", "length_m": 66.5}}, {"type": "Feature", "geometry": {"type": "LineString", "coordinates": [[2.3369348, 6.3839914], [2.3368997417223896, 6.383981111562005]]}, "properties": {"kind": "split_half", "winner": "Ounvènoumèdé\n", "color": "#7dcf46", "length_m": 4.0}}, {"type": "Feature", "geometry": {"type": "LineString", "coordinates": [[2.3368997417223896, 6.383981111562005], [2.3362751, 6.3837978]]}, "properties": {"kind": "split_half", "winner": "Dénou\n", "color": "#dd5452", "length_m": 72.0}}, {"type": "Feature", "geometry": {"type": "LineString", "coordinates": [[2.3345488, 6.3942805], [2.3345543209175803, 6.394278301588041]]}, "properties": {"kind": "split_half", "winner": "Ounvènoumèdé\n", "color": "#7dcf46", "length_m": 0.7}}, {"type": "Feature", "geometry": {"type": "LineString", "coordinates": [[2.3345543209175803, 6.394278301588041], [2.3349481, 6.3941215]]}, "properties": {"kind": "split_half", "winner": "Salamey", "color": "#7dd24c", "length_m": 46.9}}, {"type": "Feature", "geometry": {"type": "LineString", "coordinates": [[2.3345488, 6.3942805], [2.3345624102376252, 6.394315060914671]]}, "properties": {"kind": "split_half", "winner": "Ounvènoumèdé\n", "color": "#7dcf46", "length_m": 4.1}}, {"type": "Feature", "geometry": {"type": "LineString", "coordinates": [[2.3345624102376252, 6.394315060914671], [2.3347255, 6.3947292]]}, "properties": {"kind": "split_half", "winner": "Salamey", "color": "#7dd24c", "length_m": 49.2}}, {"type": "Feature", "geometry": {"type": "LineString", "coordinates": [[2.3383311, 6.3887429], [2.338309805526942, 6.388722838590588]]}, "properties": {"kind": "split_half", "winner": "Ounvènoumèdé\n", "color": "#7dcf46", "length_m": 3.2}}, {"type": "Feature", "geometry": {"type": "LineString", "coordinates": [[2.338309805526942, 6.388722838590588], [2.3381325, 6.3885558]]}, "properties": {"kind": "split_half", "winner": "Aïmèvo\n", "color": "#49deaa", "length_m": 26.9}}, {"type": "Feature", "geometry": {"type": "LineString", "coordinates": [[2.3383311, 6.3887429], [2.3383145761588864, 6.3887629642282]]}, "properties": {"kind": "split_half", "winner": "Ounvènoumèdé\n", "color": "#7dcf46", "length_m": 2.9}}, {"type": "Feature", "geometry": {"type": "LineString", "coordinates": [[2.3383145761588864, 6.3887629642282], [2.3380604, 6.3890716]]}, "properties": {"kind": "split_half", "winner": "Aïmèvo\n", "color": "#49deaa", "length_m": 44.2}}, {"type": "Feature", "geometry": {"type": "LineString", "coordinates": [[2.344523, 6.4357964], [2.3445116047706462, 6.435811074681562]]}, "properties": {"kind": "split_half", "winner": "Finafa\n", "color": "#84cb46", "length_m": 2.1}}, {"type": "Feature", "geometry": {"type": "LineString", "coordinates": [[2.3445116047706462, 6.435811074681562], [2.3442273, 6.4361772]]}, "properties": {"kind": "split_half", "winner": "Tchinangbégbo\n", "color": "#ca714a", "length_m": 51.3}}, {"type": "Feature", "geometry": {"type": "LineString", "coordinates": [[2.344523, 6.4357964], [2.3445097455872626, 6.435783391128508]]}, "properties": {"kind": "split_half", "winner": "Finafa\n", "color": "#84cb46", "length_m": 2.1}}, {"type": "Feature", "geometry": {"type": "LineString", "coordinates": [[2.3445097455872626, 6.435783391128508], [2.3439724, 6.435256]]}, "properties": {"kind": "split_half", "winner": "Tchinangbégbo\n", "color": "#ca714a", "length_m": 83.3}}, {"type": "Feature", "geometry": {"type": "LineString", "coordinates": [[2.3430987, 6.4372267], [2.3432623817890716, 6.436922323387331]]}, "properties": {"kind": "split_half", "winner": "Finafa\n", "color": "#84cb46", "length_m": 38.2}}, {"type": "Feature", "geometry": {"type": "LineString", "coordinates": [[2.3432623817890716, 6.436922323387331], [2.343323, 6.4368096]]}, "properties": {"kind": "split_half", "winner": "Tchinangbégbo\n", "color": "#ca714a", "length_m": 14.2}}, {"type": "Feature", "geometry": {"type": "LineString", "coordinates": [[2.343323, 6.4368096], [2.3434387432879857, 6.436881523768916]]}, "properties": {"kind": "split_half", "winner": "Finafa\n", "color": "#84cb46", "length_m": 15.1}}, {"type": "Feature", "geometry": {"type": "LineString", "coordinates": [[2.3434387432879857, 6.436881523768916], [2.3447253, 6.437681]]}, "properties": {"kind": "split_half", "winner": "Tchinangbégbo\n", "color": "#ca714a", "length_m": 167.5}}, {"type": "Feature", "geometry": {"type": "LineString", "coordinates": [[2.3330196, 6.4292813], [2.3327723779792766, 6.429662686847653]]}, "properties": {"kind": "split_half", "winner": "Tchinangbégbo\n", "color": "#ca714a", "length_m": 50.3}}, {"type": "Feature", "geometry": {"type": "LineString", "coordinates": [[2.3327723779792766, 6.429662686847653], [2.3327467, 6.4297023]]}, "properties": {"kind": "split_half", "winner": "Tankpè-Tanmè", "color": "#ce4b74", "length_m": 5.2}}, {"type": "Feature", "geometry": {"type": "LineString", "coordinates": [[2.3330196, 6.4292813], [2.3332683209372354, 6.429526791818037]]}, "properties": {"kind": "split_half", "winner": "Tchinangbégbo\n", "color": "#ca714a", "length_m": 38.6}}, {"type": "Feature", "geometry": {"type": "LineString", "coordinates": [[2.3332683209372354, 6.429526791818037], [2.3333354, 6.429593]]}, "properties": {"kind": "split_half", "winner": "Tankpè-Tanmè", "color": "#ce4b74", "length_m": 10.4}}, {"type": "Feature", "geometry": {"type": "LineString", "coordinates": [[2.3265884, 6.3844657], [2.326533925933482, 6.38435129693627]]}, "properties": {"kind": "split_half", "winner": "Agbo Codji Sèdégbé", "color": "#87ca3a", "length_m": 14.0}}, {"type": "Feature", "geometry": {"type": "LineString", "coordinates": [[2.326533925933482, 6.38435129693627], [2.3262988, 6.3838575]]}, "properties": {"kind": "split_half", "winner": "Atrokpo-Codji", "color": "#43c853", "length_m": 60.5}}, {"type": "Feature", "geometry": {"type": "LineString", "coordinates": [[2.3265884, 6.3844657], [2.326545508535783, 6.384467933687213]]}, "properties": {"kind": "split_half", "winner": "Agbo Codji Sèdégbé", "color": "#87ca3a", "length_m": 4.8}}, {"type": "Feature", "geometry": {"type": "LineString", "coordinates": [[2.326545508535783, 6.384467933687213], [2.3254862, 6.3845231]]}, "properties": {"kind": "split_half", "winner": "Atrokpo-Codji", "color": "#43c853", "length_m": 117.3}}, {"type": "Feature", "geometry": {"type": "LineString", "coordinates": [[2.3254817, 6.3846898], [2.3254819715142863, 6.384677210311266]]}, "properties": {"kind": "split_half", "winner": "Agbo Codji Sèdégbé", "color": "#87ca3a", "length_m": 1.4}}, {"type": "Feature", "geometry": {"type": "LineString", "coordinates": [[2.3254819715142863, 6.384677210311266], [2.3254836, 6.3846017]]}, "properties": {"kind": "split_half", "winner": "Atrokpo-Codji", "color": "#43c853", "length_m": 8.3}}, {"type": "Feature", "geometry": {"type": "LineString", "coordinates": [[2.3254817, 6.3846898], [2.325455858362064, 6.384690479319763]]}, "properties": {"kind": "split_half", "winner": "Agbo Codji Sèdégbé", "color": "#87ca3a", "length_m": 2.9}}, {"type": "Feature", "geometry": {"type": "LineString", "coordinates": [[2.325455858362064, 6.384690479319763], [2.3248236, 6.3847071]]}, "properties": {"kind": "split_half", "winner": "Atrokpo-Codji", "color": "#43c853", "length_m": 70.0}}, {"type": "Feature", "geometry": {"type": "LineString", "coordinates": [[2.32527, 6.3857557], [2.3249083350420316, 6.384906143828571]]}, "properties": {"kind": "split_half", "winner": "Agbo Codji Sèdégbé", "color": "#87ca3a", "length_m": 102.1}}, {"type": "Feature", "geometry": {"type": "LineString", "coordinates": [[2.3249083350420316, 6.384906143828571], [2.3248236, 6.3847071]]}, "properties": {"kind": "split_half", "winner": "Atrokpo-Codji", "color": "#43c853", "length_m": 23.9}}, {"type": "Feature", "geometry": {"type": "LineString", "coordinates": [[2.3312665, 6.4241484], [2.331337171155507, 6.4242265991012815]]}, "properties": {"kind": "split_half", "winner": "Zogbadjè", "color": "#de47cf", "length_m": 11.7}}, {"type": "Feature", "geometry": {"type": "LineString", "coordinates": [[2.331337171155507, 6.4242265991012815], [2.3317143, 6.4246439]]}, "properties": {"kind": "split_half", "winner": "Tankpè-Tanmè", "color": "#ce4b74", "length_m": 62.2}}, {"type": "Feature", "geometry": {"type": "LineString", "coordinates": [[2.3317143, 6.4246439], [2.331357909303005, 6.424654880272251]]}, "properties": {"kind": "split_half", "winner": "Zogbadjè", "color": "#de47cf", "length_m": 39.4}}, {"type": "Feature", "geometry": {"type": "LineString", "coordinates": [[2.331357909303005, 6.424654880272251], [2.3312956, 6.4246568]]}, "properties": {"kind": "split_half", "winner": "Tankpè-Tanmè", "color": "#ce4b74", "length_m": 6.9}}, {"type": "Feature", "geometry": {"type": "LineString", "coordinates": [[2.3277642, 6.3843789], [2.3276600803252006, 6.384157330026154]]}, "properties": {"kind": "split_half", "winner": "Atrokpo-Codji", "color": "#43c853", "length_m": 27.1}}, {"type": "Feature", "geometry": {"type": "LineString", "coordinates": [[2.3276600803252006, 6.384157330026154], [2.3270839, 6.3829312]]}, "properties": {"kind": "split_half", "winner": "Dèkoungbé\n", "color": "#49da4d", "length_m": 149.8}}, {"type": "Feature", "geometry": {"type": "LineString", "coordinates": [[2.3277642, 6.3843789], [2.327999415999132, 6.384313894851148]]}, "properties": {"kind": "split_half", "winner": "Atrokpo-Codji", "color": "#43c853", "length_m": 27.0}}, {"type": "Feature", "geometry": {"type": "LineString", "coordinates": [[2.327999415999132, 6.384313894851148], [2.3281492, 6.3842725]]}, "properties": {"kind": "split_half", "winner": "Dèkoungbé\n", "color": "#49da4d", "length_m": 17.2}}, {"type": "Feature", "geometry": {"type": "LineString", "coordinates": [[2.3503671, 6.4526906], [2.350325485891095, 6.45285944113675]]}, "properties": {"kind": "split_half", "winner": "Agori", "color": "#c644d0", "length_m": 19.2}}, {"type": "Feature", "geometry": {"type": "LineString", "coordinates": [[2.350325485891095, 6.45285944113675], [2.3501734, 6.4534765]]}, "properties": {"kind": "split_half", "winner": "Sèmè", "color": "#44df9e", "length_m": 70.3}}, {"type": "Feature", "geometry": {"type": "LineString", "coordinates": [[2.3517114, 6.4528918], [2.3506919503889243, 6.4532793631908945]]}, "properties": {"kind": "split_half", "winner": "Agori", "color": "#c644d0", "length_m": 120.6}}, {"type": "Feature", "geometry": {"type": "LineString", "coordinates": [[2.3506919503889243, 6.4532793631908945], [2.3501734, 6.4534765]]}, "properties": {"kind": "split_half", "winner": "Sèmè", "color": "#44df9e", "length_m": 61.4}}, {"type": "Feature", "geometry": {"type": "LineString", "coordinates": [[2.3518988, 6.4539467], [2.3519181897139707, 6.454003902602979]]}, "properties": {"kind": "split_half", "winner": "Agori", "color": "#c644d0", "length_m": 6.7}}, {"type": "Feature", "geometry": {"type": "LineString", "coordinates": [[2.3519181897139707, 6.454003902602979], [2.3520633, 6.454432]]}, "properties": {"kind": "split_half", "winner": "Sèmè", "color": "#44df9e", "length_m": 50.0}}, {"type": "Feature", "geometry": {"type": "LineString", "coordinates": [[2.3518988, 6.4539467], [2.351843034609358, 6.453967463849398]]}, "properties": {"kind": "split_half", "winner": "Agori", "color": "#c644d0", "length_m": 6.6}}, {"type": "Feature", "geometry": {"type": "LineString", "coordinates": [[2.351843034609358, 6.453967463849398], [2.3502052, 6.4545773]]}, "properties": {"kind": "split_half", "winner": "Sèmè", "color": "#44df9e", "length_m": 193.3}}, {"type": "Feature", "geometry": {"type": "LineString", "coordinates": [[2.3483706, 6.4531887], [2.34842049106598, 6.452105896323614]]}, "properties": {"kind": "split_half", "winner": "Agori", "color": "#c644d0", "length_m": 119.8}}, {"type": "Feature", "geometry": {"type": "LineString", "coordinates": [[2.34842049106598, 6.452105896323614], [2.3484242, 6.4520254]]}, "properties": {"kind": "split_half", "winner": "Sèmè", "color": "#44df9e", "length_m": 8.9}}, {"type": "Feature", "geometry": {"type": "LineString", "coordinates": [[2.3484242, 6.4520254], [2.3483352060316403, 6.452021849118469]]}, "properties": {"kind": "split_half", "winner": "Agori", "color": "#c644d0", "length_m": 9.9}}, {"type": "Feature", "geometry": {"type": "LineString", "coordinates": [[2.3483352060316403, 6.452021849118469], [2.3480232, 6.4520094]]}, "properties": {"kind": "split_half", "winner": "Sèmè", "color": "#44df9e", "length_m": 34.5}}, {"type": "Feature", "geometry": {"type": "LineString", "coordinates": [[2.2988733, 6.3805047], [2.2984751294432133, 6.380537771104926]]}, "properties": {"kind": "split_half", "winner": "Zounga\n", "color": "#4dd68f", "length_m": 44.2}}, {"type": "Feature", "geometry": {"type": "LineString", "coordinates": [[2.2984751294432133, 6.380537771104926], [2.298299, 6.3805524]]}, "properties": {"kind": "split_half", "winner": "Cocotomey", "color": "#88d347", "length_m": 19.6}}, {"type": "Feature", "geometry": {"type": "LineString", "coordinates": [[2.2978582, 6.3812609], [2.2981606125428056, 6.38109398981317]]}, "properties": {"kind": "split_half", "winner": "Zounga\n", "color": "#4dd68f", "length_m": 38.2}}, {"type": "Feature", "geometry": {"type": "LineString", "coordinates": [[2.2981606125428056, 6.38109398981317], [2.2984311, 6.3809447]]}, "properties": {"kind": "split_half", "winner": "Cocotomey", "color": "#88d347", "length_m": 34.2}}, {"type": "Feature", "geometry": {"type": "LineString", "coordinates": [[2.2978582, 6.3812609], [2.2979608488676617, 6.381523687677756]]}, "properties": {"kind": "split_half", "winner": "Zounga\n", "color": "#4dd68f", "length_m": 31.2}}, {"type": "Feature", "geometry": {"type": "LineString", "coordinates": [[2.2979608488676617, 6.381523687677756], [2.2980455, 6.3817404]]}, "properties": {"kind": "split_half", "winner": "Cocotomey", "color": "#88d347", "length_m": 25.7}}, {"type": "Feature", "geometry": {"type": "LineString", "coordinates": [[2.2984311, 6.3809447], [2.2983508456073274, 6.380706366932282]]}, "properties": {"kind": "split_half", "winner": "Zounga\n", "color": "#4dd68f", "length_m": 27.8}}, {"type": "Feature", "geometry": {"type": "LineString", "coordinates": [[2.2983508456073274, 6.380706366932282], [2.298299, 6.3805524]]}, "properties": {"kind": "split_half", "winner": "Cocotomey", "color": "#88d347", "length_m": 18.0}}, {"type": "Feature", "geometry": {"type": "LineString", "coordinates": [[2.2966015, 6.3806935], [2.2973162798306204, 6.382361778326274]]}, "properties": {"kind": "split_half", "winner": "Zounga\n", "color": "#4dd68f", "length_m": 200.7}}, {"type": "Feature", "geometry": {"type": "LineString", "coordinates": [[2.2973162798306204, 6.382361778326274], [2.2973806, 6.3825119]]}, "properties": {"kind": "split_half", "winner": "Cocotomey", "color": "#88d347", "length_m": 18.1}}, {"type": "Feature", "geometry": {"type": "LineString", "coordinates": [[2.2960811, 6.3840532], [2.296149303662579, 6.384044288161806]]}, "properties": {"kind": "split_half", "winner": "Zounga\n", "color": "#4dd68f", "length_m": 7.6}}, {"type": "Feature", "geometry": {"type": "LineString", "coordinates": [[2.296149303662579, 6.384044288161806], [2.2965908, 6.3839866]]}, "properties": {"kind": "split_half", "winner": "Cocotomey", "color": "#88d347", "length_m": 49.3}}, {"type": "Feature", "geometry": {"type": "LineString", "coordinates": [[2.2965908, 6.3839866], [2.2965851413021774, 6.383426873946796]]}, "properties": {"kind": "split_half", "winner": "Zounga\n", "color": "#4dd68f", "length_m": 61.9}}, {"type": "Feature", "geometry": {"type": "LineString", "coordinates": [[2.2965851413021774, 6.383426873946796], [2.2965803, 6.382948]]}, "properties": {"kind": "split_half", "winner": "Cocotomey", "color": "#88d347", "length_m": 52.9}}, {"type": "Feature", "geometry": {"type": "LineString", "coordinates": [[2.2965803, 6.382948], [2.2969328827106312, 6.382947252686073]]}, "properties": {"kind": "split_half", "winner": "Zounga\n", "color": "#4dd68f", "length_m": 39.0}}, {"type": "Feature", "geometry": {"type": "LineString", "coordinates": [[2.2969328827106312, 6.382947252686073], [2.2970521, 6.382947]]}, "properties": {"kind": "split_half", "winner": "Cocotomey", "color": "#88d347", "length_m": 13.2}}, {"type": "Feature", "geometry": {"type": "LineString", "coordinates": [[2.2973806, 6.3825119], [2.297164145556006, 6.382580992919173]]}, "properties": {"kind": "split_half", "winner": "Zounga\n", "color": "#4dd68f", "length_m": 25.1}}, {"type": "Feature", "geometry": {"type": "LineString", "coordinates": [[2.297164145556006, 6.382580992919173], [2.2969088, 6.3826625]]}, "properties": {"kind": "split_half", "winner": "Cocotomey", "color": "#88d347", "length_m": 29.7}}, {"type": "Feature", "geometry": {"type": "LineString", "coordinates": [[2.2970521, 6.382947], [2.296997300496907, 6.3828382040570135]]}, "properties": {"kind": "split_half", "winner": "Zounga\n", "color": "#4dd68f", "length_m": 13.5}}, {"type": "Feature", "geometry": {"type": "LineString", "coordinates": [[2.296997300496907, 6.3828382040570135], [2.2969088, 6.3826625]]}, "properties": {"kind": "split_half", "winner": "Cocotomey", "color": "#88d347", "length_m": 21.8}}, {"type": "Feature", "geometry": {"type": "LineString", "coordinates": [[2.3311485, 6.4614996], [2.333099475431016, 6.461478311470806]]}, "properties": {"kind": "split_half", "winner": "Aïfa-Calavi", "color": "#62d53b", "length_m": 215.8}}, {"type": "Feature", "geometry": {"type": "LineString", "coordinates": [[2.333099475431016, 6.461478311470806], [2.3336229, 6.4614726]]}, "properties": {"kind": "split_half", "winner": "Aïtchédji\n", "color": "#d86d3e", "length_m": 57.9}}, {"type": "Feature", "geometry": {"type": "LineString", "coordinates": [[2.3336229, 6.4614726], [2.3335971074796777, 6.4620198461294605]]}, "properties": {"kind": "split_half", "winner": "Aïfa-Calavi", "color": "#62d53b", "length_m": 60.6}}, {"type": "Feature", "geometry": {"type": "LineString", "coordinates": [[2.3335971074796777, 6.4620198461294605], [2.3335939, 6.4620879]]}, "properties": {"kind": "split_half", "winner": "Aïtchédji\n", "color": "#d86d3e", "length_m": 7.5}}, {"type": "Feature", "geometry": {"type": "LineString", "coordinates": [[2.3340176, 6.462675], [2.334027117845001, 6.462485224576034]]}, "properties": {"kind": "split_half", "winner": "Aïfa-Calavi", "color": "#62d53b", "length_m": 21.0}}, {"type": "Feature", "geometry": {"type": "LineString", "coordinates": [[2.334027117845001, 6.462485224576034], [2.3340487, 6.4620549]]}, "properties": {"kind": "split_half", "winner": "Aïtchédji\n", "color": "#d86d3e", "length_m": 47.6}}, {"type": "Feature", "geometry": {"type": "LineString", "coordinates": [[2.3340176, 6.462675], [2.3342856094333504, 6.462684166337447]]}, "properties": {"kind": "split_half", "winner": "Aïfa-Calavi", "color": "#62d53b", "length_m": 29.7}}, {"type": "Feature", "geometry": {"type": "LineString", "coordinates": [[2.3342856094333504, 6.462684166337447], [2.3352193, 6.4627161]]}, "properties": {"kind": "split_half", "winner": "Aïtchédji\n", "color": "#d86d3e", "length_m": 103.4}}, {"type": "Feature", "geometry": {"type": "LineString", "coordinates": [[2.3541449, 6.3797182], [2.35362173097806, 6.379739313320383]]}, "properties": {"kind": "split_half", "winner": "Plateau\n", "color": "#c7486a", "length_m": 57.9}}, {"type": "Feature", "geometry": {"type": "LineString", "coordinates": [[2.35362173097806, 6.379739313320383], [2.3531017, 6.3797603]]}, "properties": {"kind": "split_half", "winner": "Agla-Agongbomey", "color": "#3dd5a5", "length_m": 57.6}}, {"type": "Feature", "geometry": {"type": "LineString", "coordinates": [[2.3541449, 6.3797182], [2.3540303002675724, 6.379510449551388]]}, "properties": {"kind": "split_half", "winner": "Plateau\n", "color": "#c7486a", "length_m": 26.2}}, {"type": "Feature", "geometry": {"type": "LineString", "coordinates": [[2.3540303002675724, 6.379510449551388], [2.353679, 6.3788736]]}, "properties": {"kind": "split_half", "winner": "Agla-Agongbomey", "color": "#3dd5a5", "length_m": 80.4}}, {"type": "Feature", "geometry": {"type": "LineString", "coordinates": [[2.3541449, 6.3797182], [2.3543805870862755, 6.379707592423683]]}, "properties": {"kind": "split_half", "winner": "Plateau\n", "color": "#c7486a", "length_m": 26.1}}, {"type": "Feature", "geometry": {"type": "LineString", "coordinates": [[2.3543805870862755, 6.379707592423683], [2.3545715, 6.379699]]}, "properties": {"kind": "split_half", "winner": "Agla-Agongbomey", "color": "#3dd5a5", "length_m": 21.1}}, {"type": "Feature", "geometry": {"type": "LineString", "coordinates": [[2.3526473, 6.3803561], [2.352894450275412, 6.380032041606315]]}, "properties": {"kind": "split_half", "winner": "Plateau\n", "color": "#c7486a", "length_m": 45.1}}, {"type": "Feature", "geometry": {"type": "LineString", "coordinates": [[2.352894450275412, 6.380032041606315], [2.3531017, 6.3797603]]}, "properties": {"kind": "split_half", "winner": "Agla-Agongbomey", "color": "#3dd5a5", "length_m": 37.8}}, {"type": "Feature", "geometry": {"type": "LineString", "coordinates": [[2.3516466, 6.376387], [2.351685749504511, 6.375695619750338]]}, "properties": {"kind": "split_half", "winner": "Plateau\n", "color": "#c7486a", "length_m": 76.5}}, {"type": "Feature", "geometry": {"type": "LineString", "coordinates": [[2.351685749504511, 6.375695619750338], [2.3516916, 6.3755923]]}, "properties": {"kind": "split_half", "winner": "Agla-Agongbomey", "color": "#3dd5a5", "length_m": 11.4}}, {"type": "Feature", "geometry": {"type": "LineString", "coordinates": [[2.3516916, 6.3755923], [2.3516257516874437, 6.37561979696957]]}, "properties": {"kind": "split_half", "winner": "Plateau\n", "color": "#c7486a", "length_m": 7.9}}, {"type": "Feature", "geometry": {"type": "LineString", "coordinates": [[2.3516257516874437, 6.37561979696957], [2.3511262, 6.3758284]]}, "properties": {"kind": "split_half", "winner": "Agla-Agongbomey", "color": "#3dd5a5", "length_m": 59.9}}, {"type": "Feature", "geometry": {"type": "LineString", "coordinates": [[2.3601462, 6.3728536], [2.3603204899490855, 6.372696227585475]]}, "properties": {"kind": "split_half", "winner": "Agla-Agongbomey", "color": "#3dd5a5", "length_m": 26.0}}, {"type": "Feature", "geometry": {"type": "LineString", "coordinates": [[2.3603204899490855, 6.372696227585475], [2.360855, 6.3722136]]}, "properties": {"kind": "split_half", "winner": "Hlazounto", "color": "#a73fcd", "length_m": 79.6}}, {"type": "Feature", "geometry": {"type": "LineString", "coordinates": [[2.3601462, 6.3728536], [2.3601561322844105, 6.37264032960955]]}, "properties": {"kind": "split_half", "winner": "Agla-Agongbomey", "color": "#3dd5a5", "length_m": 23.6}}, {"type": "Feature", "geometry": {"type": "LineString", "coordinates": [[2.3601561322844105, 6.37264032960955], [2.3601589, 6.3725809]]}, "properties": {"kind": "split_half", "winner": "Hlazounto", "color": "#a73fcd", "length_m": 6.6}}, {"type": "Feature", "geometry": {"type": "LineString", "coordinates": [[2.3591786, 6.3735089], [2.3589846999999997, 6.3732443]]}, "properties": {"kind": "split_half", "winner": "Agla-Agongbomey", "color": "#3dd5a5", "length_m": 36.3}}, {"type": "Feature", "geometry": {"type": "LineString", "coordinates": [[2.3589846999999997, 6.3732443], [2.3587908, 6.3729797]]}, "properties": {"kind": "split_half", "winner": "Hlazounto", "color": "#a73fcd", "length_m": 36.3}}, {"type": "Feature", "geometry": {"type": "LineString", "coordinates": [[2.358293, 6.3732411], [2.3581190342660174, 6.372989571926137]]}, "properties": {"kind": "split_half", "winner": "Agla-Agongbomey", "color": "#3dd5a5", "length_m": 33.8}}, {"type": "Feature", "geometry": {"type": "LineString", "coordinates": [[2.3581190342660174, 6.372989571926137], [2.358016, 6.3728406]]}, "properties": {"kind": "split_half", "winner": "Hlazounto", "color": "#a73fcd", "length_m": 20.0}}, {"type": "Feature", "geometry": {"type": "LineString", "coordinates": [[2.358293, 6.3732411], [2.3585419, 6.3731104]]}, "properties": {"kind": "split_half", "winner": "Agla-Agongbomey", "color": "#3dd5a5", "length_m": 31.1}}, {"type": "Feature", "geometry": {"type": "LineString", "coordinates": [[2.3585419, 6.3731104], [2.3587908, 6.3729797]]}, "properties": {"kind": "split_half", "winner": "Hlazounto", "color": "#a73fcd", "length_m": 31.1}}, {"type": "Feature", "geometry": {"type": "LineString", "coordinates": [[2.355701, 6.3743949], [2.3557965310396805, 6.374356102314912]]}, "properties": {"kind": "split_half", "winner": "Agla-Agongbomey", "color": "#3dd5a5", "length_m": 11.4}}, {"type": "Feature", "geometry": {"type": "LineString", "coordinates": [[2.3557965310396805, 6.374356102314912], [2.3558022, 6.3743538]]}, "properties": {"kind": "split_half", "winner": "Hlazounto", "color": "#a73fcd", "length_m": 0.7}}, {"type": "Feature", "geometry": {"type": "LineString", "coordinates": [[2.355701, 6.3743949], [2.3555298865522714, 6.374523111567909]]}, "properties": {"kind": "split_half", "winner": "Agla-Agongbomey", "color": "#3dd5a5", "length_m": 23.6}}, {"type": "Feature", "geometry": {"type": "LineString", "coordinates": [[2.3555298865522714, 6.374523111567909], [2.3550776, 6.374862]]}, "properties": {"kind": "split_half", "winner": "Hlazounto", "color": "#a73fcd", "length_m": 62.5}}, {"type": "Feature", "geometry": {"type": "LineString", "coordinates": [[2.3558022, 6.3743538], [2.3558013126581336, 6.374351912813995]]}, "properties": {"kind": "split_half", "winner": "Agla-Agongbomey", "color": "#3dd5a5", "length_m": 0.2}}, {"type": "Feature", "geometry": {"type": "LineString", "coordinates": [[2.3558013126581336, 6.374351912813995], [2.3557462, 6.3742347]]}, "properties": {"kind": "split_half", "winner": "Hlazounto", "color": "#a73fcd", "length_m": 14.3}}, {"type": "Feature", "geometry": {"type": "LineString", "coordinates": [[2.3549322, 6.3743781], [2.355020634124205, 6.374672414117626]]}, "properties": {"kind": "split_half", "winner": "Agla-Agongbomey", "color": "#3dd5a5", "length_m": 34.0}}, {"type": "Feature", "geometry": {"type": "LineString", "coordinates": [[2.355020634124205, 6.374672414117626], [2.3550776, 6.374862]]}, "properties": {"kind": "split_half", "winner": "Hlazounto", "color": "#a73fcd", "length_m": 21.9}}, {"type": "Feature", "geometry": {"type": "LineString", "coordinates": [[2.3649604, 6.362632], [2.365534495372963, 6.362619193538525]]}, "properties": {"kind": "split_half", "winner": "Adjaha-Cité", "color": "#4bc695", "length_m": 63.5}}, {"type": "Feature", "geometry": {"type": "LineString", "coordinates": [[2.365534495372963, 6.362619193538525], [2.3657449, 6.3626145]]}, "properties": {"kind": "split_half", "winner": "Fidjrossè-Kpota", "color": "#53ce4b", "length_m": 23.3}}, {"type": "Feature", "geometry": {"type": "LineString", "coordinates": [[2.3649604, 6.362632], [2.365592248845824, 6.363336944771913]]}, "properties": {"kind": "split_half", "winner": "Adjaha-Cité", "color": "#4bc695", "length_m": 104.7}}, {"type": "Feature", "geometry": {"type": "LineString", "coordinates": [[2.365592248845824, 6.363336944771913], [2.3657522, 6.3635154]]}, "properties": {"kind": "split_half", "winner": "Fidjrossè-Kpota", "color": "#53ce4b", "length_m": 26.5}}, {"type": "Feature", "geometry": {"type": "LineString", "coordinates": [[2.3652416, 6.3639295], [2.3656040562942158, 6.363635545531856]]}, "properties": {"kind": "split_half", "winner": "Adjaha-Cité", "color": "#4bc695", "length_m": 51.6}}, {"type": "Feature", "geometry": {"type": "LineString", "coordinates": [[2.3656040562942158, 6.363635545531856], [2.3657522, 6.3635154]]}, "properties": {"kind": "split_half", "winner": "Fidjrossè-Kpota", "color": "#53ce4b", "length_m": 21.1}}, {"type": "Feature", "geometry": {"type": "LineString", "coordinates": [[2.3127056, 6.4034591], [2.3119855980065624, 6.403716576846932]]}, "properties": {"kind": "split_half", "winner": "Gbègnigan-Midokpo\n", "color": "#c89743", "length_m": 84.6}}, {"type": "Feature", "geometry": {"type": "LineString", "coordinates": [[2.3119855980065624, 6.403716576846932], [2.3112705, 6.4039723]]}, "properties": {"kind": "split_half", "winner": "Womey-Centre\n", "color": "#47c74e", "length_m": 84.0}}, {"type": "Feature", "geometry": {"type": "LineString", "coordinates": [[2.3112705, 6.4039723], [2.3119309174392786, 6.404136654872462]]}, "properties": {"kind": "split_half", "winner": "Gbègnigan-Midokpo\n", "color": "#c89743", "length_m": 75.3}}, {"type": "Feature", "geometry": {"type": "LineString", "coordinates": [[2.3119309174392786, 6.404136654872462], [2.3136276, 6.4045589]]}, "properties": {"kind": "split_half", "winner": "Womey-Centre\n", "color": "#47c74e", "length_m": 193.4}}, {"type": "Feature", "geometry": {"type": "LineString", "coordinates": [[2.3442037, 6.3907349], [2.344267796494077, 6.3906995429769795]]}, "properties": {"kind": "split_half", "winner": "Salamey", "color": "#7dd24c", "length_m": 8.1}}, {"type": "Feature", "geometry": {"type": "LineString", "coordinates": [[2.344267796494077, 6.3906995429769795], [2.3451471, 6.3902145]]}, "properties": {"kind": "split_half", "winner": "Yolomahouto", "color": "#4ed97f", "length_m": 111.1}}, {"type": "Feature", "geometry": {"type": "LineString", "coordinates": [[2.3442037, 6.3907349], [2.344246369923241, 6.390788844496455]]}, "properties": {"kind": "split_half", "winner": "Salamey", "color": "#7dd24c", "length_m": 7.6}}, {"type": "Feature", "geometry": {"type": "LineString", "coordinates": [[2.344246369923241, 6.390788844496455], [2.3442775, 6.3908282]]}, "properties": {"kind": "split_half", "winner": "Yolomahouto", "color": "#4ed97f", "length_m": 5.5}}, {"type": "Feature", "geometry": {"type": "LineString", "coordinates": [[2.3438753, 6.3936485], [2.3435399516726463, 6.393577235850117]]}, "properties": {"kind": "split_half", "winner": "Salamey", "color": "#7dd24c", "length_m": 37.9}}, {"type": "Feature", "geometry": {"type": "LineString", "coordinates": [[2.3435399516726463, 6.393577235850117], [2.3433972, 6.3935469]]}, "properties": {"kind": "split_half", "winner": "Nonhouénou\n", "color": "#dd8d50", "length_m": 16.1}}, {"type": "Feature", "geometry": {"type": "LineString", "coordinates": [[2.3433972, 6.3935469], [2.343581673283926, 6.393931329937006]]}, "properties": {"kind": "split_half", "winner": "Salamey", "color": "#7dd24c", "length_m": 47.1}}, {"type": "Feature", "geometry": {"type": "LineString", "coordinates": [[2.343581673283926, 6.393931329937006], [2.3436474, 6.3940683]]}, "properties": {"kind": "split_half", "winner": "Nonhouénou\n", "color": "#dd8d50", "length_m": 16.8}}, {"type": "Feature", "geometry": {"type": "LineString", "coordinates": [[2.4681896, 6.38575], [2.4681893580492718, 6.3856778702181405]]}, "properties": {"kind": "split_half", "winner": "Yénawa", "color": "#de4ad4", "length_m": 8.0}}, {"type": "Feature", "geometry": {"type": "LineString", "coordinates": [[2.4681893580492718, 6.3856778702181405], [2.4681879, 6.3852432]]}, "properties": {"kind": "split_half", "winner": "Kowégbo", "color": "#4ad651", "length_m": 48.0}}, {"type": "Feature", "geometry": {"type": "LineString", "coordinates": [[2.4681896, 6.38575], [2.4668225575688307, 6.385754662780386]]}, "properties": {"kind": "split_half", "winner": "Yénawa", "color": "#de4ad4", "length_m": 151.2}}, {"type": "Feature", "geometry": {"type": "LineString", "coordinates": [[2.4668225575688307, 6.385754662780386], [2.4665771, 6.3857555]]}, "properties": {"kind": "split_half", "winner": "Kowégbo", "color": "#4ad651", "length_m": 27.2}}, {"type": "Feature", "geometry": {"type": "LineString", "coordinates": [[2.4665801, 6.3862802], [2.4665771740482128, 6.385768451032397]]}, "properties": {"kind": "split_half", "winner": "Yénawa", "color": "#de4ad4", "length_m": 56.6}}, {"type": "Feature", "geometry": {"type": "LineString", "coordinates": [[2.4665771740482128, 6.385768451032397], [2.4665771, 6.3857555]]}, "properties": {"kind": "split_half", "winner": "Kowégbo", "color": "#4ad651", "length_m": 1.4}}, {"type": "Feature", "geometry": {"type": "LineString", "coordinates": [[2.315733, 6.4177488], [2.3152450890281013, 6.418089844088394]]}, "properties": {"kind": "split_half", "winner": "Tankpè-Togoudo", "color": "#76db47", "length_m": 65.8}}, {"type": "Feature", "geometry": {"type": "LineString", "coordinates": [[2.3152450890281013, 6.418089844088394], [2.3152091, 6.418115]]}, "properties": {"kind": "split_half", "winner": "Alègléta", "color": "#52ddac", "length_m": 4.9}}, {"type": "Feature", "geometry": {"type": "LineString", "coordinates": [[2.3152091, 6.418115], [2.315225532221945, 6.418154657851663]]}, "properties": {"kind": "split_half", "winner": "Tankpè-Togoudo", "color": "#76db47", "length_m": 4.7}}, {"type": "Feature", "geometry": {"type": "LineString", "coordinates": [[2.315225532221945, 6.418154657851663], [2.3152553, 6.4182265]]}, "properties": {"kind": "split_half", "winner": "Alègléta", "color": "#52ddac", "length_m": 8.6}}, {"type": "Feature", "geometry": {"type": "LineString", "coordinates": [[2.3054119, 6.4139403], [2.3053458531283764, 6.413336130273734]]}, "properties": {"kind": "split_half", "winner": "Tankpè-Togoudo", "color": "#76db47", "length_m": 67.2}}, {"type": "Feature", "geometry": {"type": "LineString", "coordinates": [[2.3053458531283764, 6.413336130273734], [2.3053455, 6.4133329]]}, "properties": {"kind": "split_half", "winner": "Womey-Centre\n", "color": "#47c74e", "length_m": 0.4}}, {"type": "Feature", "geometry": {"type": "LineString", "coordinates": [[2.3053455, 6.4133329], [2.3053466764378117, 6.413332071022874]]}, "properties": {"kind": "split_half", "winner": "Tankpè-Togoudo", "color": "#76db47", "length_m": 0.2}}, {"type": "Feature", "geometry": {"type": "LineString", "coordinates": [[2.3053466764378117, 6.413332071022874], [2.3055842, 6.4131647]]}, "properties": {"kind": "split_half", "winner": "Womey-Centre\n", "color": "#47c74e", "length_m": 32.1}}, {"type": "Feature", "geometry": {"type": "LineString", "coordinates": [[2.306164, 6.4128888], [2.306165801408169, 6.412836559163084]]}, "properties": {"kind": "split_half", "winner": "Tankpè-Togoudo", "color": "#76db47", "length_m": 5.8}}, {"type": "Feature", "geometry": {"type": "LineString", "coordinates": [[2.306165801408169, 6.412836559163084], [2.3061673, 6.4127931]]}, "properties": {"kind": "split_half", "winner": "Womey-Centre\n", "color": "#47c74e", "length_m": 4.8}}, {"type": "Feature", "geometry": {"type": "LineString", "coordinates": [[2.3061673, 6.4127931], [2.305952702040635, 6.4129335760300945]]}, "properties": {"kind": "split_half", "winner": "Tankpè-Togoudo", "color": "#76db47", "length_m": 28.4}}, {"type": "Feature", "geometry": {"type": "LineString", "coordinates": [[2.305952702040635, 6.4129335760300945], [2.3057087, 6.4130933]]}, "properties": {"kind": "split_half", "winner": "Womey-Centre\n", "color": "#47c74e", "length_m": 32.3}}, {"type": "Feature", "geometry": {"type": "LineString", "coordinates": [[2.3057087, 6.4130933], [2.3056988552645516, 6.413023066216618]]}, "properties": {"kind": "split_half", "winner": "Tankpè-Togoudo", "color": "#76db47", "length_m": 7.8}}, {"type": "Feature", "geometry": {"type": "LineString", "coordinates": [[2.3056988552645516, 6.413023066216618], [2.3056759, 6.4128593]]}, "properties": {"kind": "split_half", "winner": "Womey-Centre\n", "color": "#47c74e", "length_m": 18.3}}, {"type": "Feature", "geometry": {"type": "LineString", "coordinates": [[2.3043887, 6.4139006], [2.3047711467500736, 6.4139408533573965]]}, "properties": {"kind": "split_half", "winner": "Tankpè-Togoudo", "color": "#76db47", "length_m": 42.5}}, {"type": "Feature", "geometry": {"type": "LineString", "coordinates": [[2.3047711467500736, 6.4139408533573965], [2.3048685, 6.4139511]]}, "properties": {"kind": "split_half", "winner": "Womey-Centre\n", "color": "#47c74e", "length_m": 10.8}}, {"type": "Feature", "geometry": {"type": "LineString", "coordinates": [[2.3043887, 6.4139006], [2.304402698851522, 6.414393122973275]]}, "properties": {"kind": "split_half", "winner": "Tankpè-Togoudo", "color": "#76db47", "length_m": 54.5}}, {"type": "Feature", "geometry": {"type": "LineString", "coordinates": [[2.304402698851522, 6.414393122973275], [2.3044029, 6.4144002]]}, "properties": {"kind": "split_half", "winner": "Womey-Centre\n", "color": "#47c74e", "length_m": 0.8}}, {"type": "Feature", "geometry": {"type": "LineString", "coordinates": [[2.3098166, 6.4062541], [2.309899607294359, 6.40641816147591]]}, "properties": {"kind": "split_half", "winner": "Womey-Centre\n", "color": "#47c74e", "length_m": 20.3}}, {"type": "Feature", "geometry": {"type": "LineString", "coordinates": [[2.309899607294359, 6.40641816147591], [2.3099186, 6.4064557]]}, "properties": {"kind": "split_half", "winner": "Yénandjro\n", "color": "#8acd3e", "length_m": 4.7}}, {"type": "Feature", "geometry": {"type": "LineString", "coordinates": [[2.3099186, 6.4064557], [2.3098689942327555, 6.40648159605675]]}, "properties": {"kind": "split_half", "winner": "Womey-Centre\n", "color": "#47c74e", "length_m": 6.2}}, {"type": "Feature", "geometry": {"type": "LineString", "coordinates": [[2.3098689942327555, 6.40648159605675], [2.3098165, 6.406509]]}, "properties": {"kind": "split_half", "winner": "Yénandjro\n", "color": "#8acd3e", "length_m": 6.5}}, {"type": "Feature", "geometry": {"type": "LineString", "coordinates": [[2.3061008, 6.4163878], [2.3062363871180276, 6.416869757915902]]}, "properties": {"kind": "split_half", "winner": "Tankpè-Togoudo", "color": "#76db47", "length_m": 55.3}}, {"type": "Feature", "geometry": {"type": "LineString", "coordinates": [[2.3062363871180276, 6.416869757915902], [2.3062519, 6.4169249]]}, "properties": {"kind": "split_half", "winner": "Maria-Gléta\n", "color": "#d1523e", "length_m": 6.3}}, {"type": "Feature", "geometry": {"type": "LineString", "coordinates": [[2.3062519, 6.4169249], [2.3063042734629917, 6.416911961891553]]}, "properties": {"kind": "split_half", "winner": "Tankpè-Togoudo", "color": "#76db47", "length_m": 6.0}}, {"type": "Feature", "geometry": {"type": "LineString", "coordinates": [[2.3063042734629917, 6.416911961891553], [2.3071121, 6.4167124]]}, "properties": {"kind": "split_half", "winner": "Maria-Gléta\n", "color": "#d1523e", "length_m": 92.1}}, {"type": "Feature", "geometry": {"type": "LineString", "coordinates": [[2.3056346, 6.4164574], [2.3056654620885606, 6.416632179589417]]}, "properties": {"kind": "split_half", "winner": "Tankpè-Togoudo", "color": "#76db47", "length_m": 19.6}}, {"type": "Feature", "geometry": {"type": "LineString", "coordinates": [[2.3056654620885606, 6.416632179589417], [2.3057905, 6.4173403]]}, "properties": {"kind": "split_half", "winner": "Maria-Gléta\n", "color": "#d1523e", "length_m": 79.5}}, {"type": "Feature", "geometry": {"type": "LineString", "coordinates": [[2.3056346, 6.4164574], [2.305354179130008, 6.416498954115719]]}, "properties": {"kind": "split_half", "winner": "Tankpè-Togoudo", "color": "#76db47", "length_m": 31.4}}, {"type": "Feature", "geometry": {"type": "LineString", "coordinates": [[2.305354179130008, 6.416498954115719], [2.3053316, 6.4165023]]}, "properties": {"kind": "split_half", "winner": "Maria-Gléta\n", "color": "#d1523e", "length_m": 2.5}}, {"type": "Feature", "geometry": {"type": "LineString", "coordinates": [[2.3044188, 6.4149581], [2.304435097255277, 6.415030012200108]]}, "properties": {"kind": "split_half", "winner": "Tankpè-Togoudo", "color": "#76db47", "length_m": 8.2}}, {"type": "Feature", "geometry": {"type": "LineString", "coordinates": [[2.304435097255277, 6.415030012200108], [2.304564, 6.4155988]]}, "properties": {"kind": "split_half", "winner": "Maria-Gléta\n", "color": "#d1523e", "length_m": 64.5}}, {"type": "Feature", "geometry": {"type": "LineString", "coordinates": [[2.304564, 6.4155988], [2.304926587484548, 6.415501755031374]]}, "properties": {"kind": "split_half", "winner": "Tankpè-Togoudo", "color": "#76db47", "length_m": 41.5}}, {"type": "Feature", "geometry": {"type": "LineString", "coordinates": [[2.304926587484548, 6.415501755031374], [2.3049862, 6.4154858]]}, "properties": {"kind": "split_half", "winner": "Maria-Gléta\n", "color": "#d1523e", "length_m": 6.8}}, {"type": "Feature", "geometry": {"type": "LineString", "coordinates": [[2.3050732, 6.4158051], [2.3049898220438427, 6.41549909331723]]}, "properties": {"kind": "split_half", "winner": "Tankpè-Togoudo", "color": "#76db47", "length_m": 35.1}}, {"type": "Feature", "geometry": {"type": "LineString", "coordinates": [[2.3049898220438427, 6.41549909331723], [2.3049862, 6.4154858]]}, "properties": {"kind": "split_half", "winner": "Maria-Gléta\n", "color": "#d1523e", "length_m": 1.5}}, {"type": "Feature", "geometry": {"type": "LineString", "coordinates": [[2.2999708, 6.4154006], [2.299897555600868, 6.415398960530691]]}, "properties": {"kind": "split_half", "winner": "Womey-Centre\n", "color": "#47c74e", "length_m": 8.1}}, {"type": "Feature", "geometry": {"type": "LineString", "coordinates": [[2.299897555600868, 6.415398960530691], [2.2996402, 6.4153932]]}, "properties": {"kind": "split_half", "winner": "Maria-Gléta\n", "color": "#d1523e", "length_m": 28.5}}, {"type": "Feature", "geometry": {"type": "LineString", "coordinates": [[2.2999708, 6.4154006], [2.299983508981676, 6.41535027985989]]}, "properties": {"kind": "split_half", "winner": "Womey-Centre\n", "color": "#47c74e", "length_m": 5.7}}, {"type": "Feature", "geometry": {"type": "LineString", "coordinates": [[2.299983508981676, 6.41535027985989], [2.3000324, 6.4151567]]}, "properties": {"kind": "split_half", "winner": "Maria-Gléta\n", "color": "#d1523e", "length_m": 22.1}}, {"type": "Feature", "geometry": {"type": "LineString", "coordinates": [[2.3164603, 6.4447103], [2.3166087103511583, 6.444997393650259]]}, "properties": {"kind": "split_half", "winner": "Tokan", "color": "#d344ad", "length_m": 35.7}}, {"type": "Feature", "geometry": {"type": "LineString", "coordinates": [[2.3166087103511583, 6.444997393650259], [2.3167151, 6.4452032]]}, "properties": {"kind": "split_half", "winner": "Fifonsi\n", "color": "#c7b847", "length_m": 25.6}}, {"type": "Feature", "geometry": {"type": "LineString", "coordinates": [[2.3174735, 6.4448685], [2.3168377717306607, 6.445149062040807]]}, "properties": {"kind": "split_half", "winner": "Tokan", "color": "#d344ad", "length_m": 76.9}}, {"type": "Feature", "geometry": {"type": "LineString", "coordinates": [[2.3168377717306607, 6.445149062040807], [2.3167151, 6.4452032]]}, "properties": {"kind": "split_half", "winner": "Fifonsi\n", "color": "#c7b847", "length_m": 14.8}}, {"type": "Feature", "geometry": {"type": "LineString", "coordinates": [[2.3194684, 6.4486486], [2.319374542986646, 6.448740974849677]]}, "properties": {"kind": "split_half", "winner": "Tokan", "color": "#d344ad", "length_m": 14.6}}, {"type": "Feature", "geometry": {"type": "LineString", "coordinates": [[2.319374542986646, 6.448740974849677], [2.3192341, 6.4488792]]}, "properties": {"kind": "split_half", "winner": "Aïdégnon\n", "color": "#c34dce", "length_m": 21.8}}, {"type": "Feature", "geometry": {"type": "LineString", "coordinates": [[2.3192341, 6.4488792], [2.3193361448214724, 6.449028006543346]]}, "properties": {"kind": "split_half", "winner": "Tokan", "color": "#d344ad", "length_m": 20.0}}, {"type": "Feature", "geometry": {"type": "LineString", "coordinates": [[2.3193361448214724, 6.449028006543346], [2.3196197, 6.4494415]]}, "properties": {"kind": "split_half", "winner": "Aïdégnon\n", "color": "#c34dce", "length_m": 55.4}}, {"type": "Feature", "geometry": {"type": "LineString", "coordinates": [[2.3231001, 6.4458239], [2.3228875250766605, 6.446052820080736]]}, "properties": {"kind": "split_half", "winner": "Fifonsi\n", "color": "#c7b847", "length_m": 34.5}}, {"type": "Feature", "geometry": {"type": "LineString", "coordinates": [[2.3228875250766605, 6.446052820080736], [2.3228582, 6.4460844]]}, "properties": {"kind": "split_half", "winner": "Aïdégnon\n", "color": "#c34dce", "length_m": 4.8}}, {"type": "Feature", "geometry": {"type": "LineString", "coordinates": [[2.3228582, 6.4460844], [2.322462911209504, 6.446308506837575]]}, "properties": {"kind": "split_half", "winner": "Fifonsi\n", "color": "#c7b847", "length_m": 50.3}}, {"type": "Feature", "geometry": {"type": "LineString", "coordinates": [[2.322462911209504, 6.446308506837575], [2.3224504, 6.4463156]]}, "properties": {"kind": "split_half", "winner": "Aïdégnon\n", "color": "#c34dce", "length_m": 1.6}}, {"type": "Feature", "geometry": {"type": "LineString", "coordinates": [[2.3224504, 6.4463156], [2.322450907393274, 6.446316866516544]]}, "properties": {"kind": "split_half", "winner": "Fifonsi\n", "color": "#c7b847", "length_m": 0.2}}, {"type": "Feature", "geometry": {"type": "LineString", "coordinates": [[2.322450907393274, 6.446316866516544], [2.3226181, 6.4467342]]}, "properties": {"kind": "split_half", "winner": "Aïdégnon\n", "color": "#c34dce", "length_m": 49.7}}, {"type": "Feature", "geometry": {"type": "LineString", "coordinates": [[2.3299544, 6.4471545], [2.3302450048679537, 6.44691851938095]]}, "properties": {"kind": "split_half", "winner": "Aïdégnon\n", "color": "#c34dce", "length_m": 41.4}}, {"type": "Feature", "geometry": {"type": "LineString", "coordinates": [[2.3302450048679537, 6.44691851938095], [2.3305561, 6.4466659]]}, "properties": {"kind": "split_half", "winner": "Alédjo\n", "color": "#cfc148", "length_m": 44.3}}, {"type": "Feature", "geometry": {"type": "LineString", "coordinates": [[2.3305561, 6.4466659], [2.330625101591132, 6.4471792650398365]]}, "properties": {"kind": "split_half", "winner": "Aïdégnon\n", "color": "#c34dce", "length_m": 57.3}}, {"type": "Feature", "geometry": {"type": "LineString", "coordinates": [[2.330625101591132, 6.4471792650398365], [2.3307591, 6.4481762]]}, "properties": {"kind": "split_half", "winner": "Alédjo\n", "color": "#cfc148", "length_m": 111.2}}, {"type": "Feature", "geometry": {"type": "LineString", "coordinates": [[2.3294362, 6.4453845], [2.329430321893894, 6.445475675137969]]}, "properties": {"kind": "split_half", "winner": "Aïdégnon\n", "color": "#c34dce", "length_m": 10.1}}, {"type": "Feature", "geometry": {"type": "LineString", "coordinates": [[2.329430321893894, 6.445475675137969], [2.3294043, 6.4458793]]}, "properties": {"kind": "split_half", "winner": "Alédjo\n", "color": "#cfc148", "length_m": 44.7}}, {"type": "Feature", "geometry": {"type": "LineString", "coordinates": [[2.3294362, 6.4453845], [2.3293424558347344, 6.445391681660049]]}, "properties": {"kind": "split_half", "winner": "Aïdégnon\n", "color": "#c34dce", "length_m": 10.4}}, {"type": "Feature", "geometry": {"type": "LineString", "coordinates": [[2.3293424558347344, 6.445391681660049], [2.3285786, 6.4454502]]}, "properties": {"kind": "split_half", "winner": "Alédjo\n", "color": "#cfc148", "length_m": 84.8}}, {"type": "Feature", "geometry": {"type": "LineString", "coordinates": [[2.3214107, 6.4324254], [2.3214211838781527, 6.432467226202032]]}, "properties": {"kind": "split_half", "winner": "Fifonsi\n", "color": "#c7b847", "length_m": 4.8}}, {"type": "Feature", "geometry": {"type": "LineString", "coordinates": [[2.3214211838781527, 6.432467226202032], [2.3215162, 6.4328463]]}, "properties": {"kind": "split_half", "winner": "Tankpè-Tanmè", "color": "#ce4b74", "length_m": 43.2}}, {"type": "Feature", "geometry": {"type": "LineString", "coordinates": [[2.3214107, 6.4324254], [2.3212826265516915, 6.432464802277323]]}, "properties": {"kind": "split_half", "winner": "Fifonsi\n", "color": "#c7b847", "length_m": 14.8}}, {"type": "Feature", "geometry": {"type": "LineString", "coordinates": [[2.3212826265516915, 6.432464802277323], [2.320014, 6.4328551]]}, "properties": {"kind": "split_half", "winner": "Tankpè-Tanmè", "color": "#ce4b74", "length_m": 146.8}}, {"type": "Feature", "geometry": {"type": "LineString", "coordinates": [[2.3215162, 6.4328463], [2.3219095591624015, 6.43278570966958]]}, "properties": {"kind": "split_half", "winner": "Fifonsi\n", "color": "#c7b847", "length_m": 44.0}}, {"type": "Feature", "geometry": {"type": "LineString", "coordinates": [[2.3219095591624015, 6.43278570966958], [2.3223803, 6.4327132]]}, "properties": {"kind": "split_half", "winner": "Tankpè-Tanmè", "color": "#ce4b74", "length_m": 52.7}}, {"type": "Feature", "geometry": {"type": "LineString", "coordinates": [[2.3223803, 6.4327132], [2.3226864013340367, 6.433229214236988]]}, "properties": {"kind": "split_half", "winner": "Fifonsi\n", "color": "#c7b847", "length_m": 66.3}}, {"type": "Feature", "geometry": {"type": "LineString", "coordinates": [[2.3226864013340367, 6.433229214236988], [2.3228516, 6.4335077]]}, "properties": {"kind": "split_half", "winner": "Tankpè-Tanmè", "color": "#ce4b74", "length_m": 35.8}}, {"type": "Feature", "geometry": {"type": "LineString", "coordinates": [[2.3197362, 6.4321083], [2.319842705938909, 6.432394616181344]]}, "properties": {"kind": "split_half", "winner": "Fifonsi\n", "color": "#c7b847", "length_m": 33.8}}, {"type": "Feature", "geometry": {"type": "LineString", "coordinates": [[2.319842705938909, 6.432394616181344], [2.320014, 6.4328551]]}, "properties": {"kind": "split_half", "winner": "Tankpè-Tanmè", "color": "#ce4b74", "length_m": 54.3}}, {"type": "Feature", "geometry": {"type": "LineString", "coordinates": [[2.3238319, 6.4337745], [2.3238873000392855, 6.433745511607351]]}, "properties": {"kind": "split_half", "winner": "Fifonsi\n", "color": "#c7b847", "length_m": 6.9}}, {"type": "Feature", "geometry": {"type": "LineString", "coordinates": [[2.3238873000392855, 6.433745511607351], [2.3242189, 6.433572]]}, "properties": {"kind": "split_half", "winner": "Tankpè-Tanmè", "color": "#ce4b74", "length_m": 41.4}}, {"type": "Feature", "geometry": {"type": "LineString", "coordinates": [[2.3238319, 6.4337745], [2.323799686428876, 6.433715909690461]]}, "properties": {"kind": "split_half", "winner": "Fifonsi\n", "color": "#c7b847", "length_m": 7.4}}, {"type": "Feature", "geometry": {"type": "LineString", "coordinates": [[2.323799686428876, 6.433715909690461], [2.3230918, 6.4324284]]}, "properties": {"kind": "split_half", "winner": "Tankpè-Tanmè", "color": "#ce4b74", "length_m": 162.4}}, {"type": "Feature", "geometry": {"type": "LineString", "coordinates": [[2.3247721, 6.4341508], [2.3247545963316028, 6.434160996072]]}, "properties": {"kind": "split_half", "winner": "Fifonsi\n", "color": "#c7b847", "length_m": 2.2}}, {"type": "Feature", "geometry": {"type": "LineString", "coordinates": [[2.3247545963316028, 6.434160996072], [2.3246303, 6.4342334]]}, "properties": {"kind": "split_half", "winner": "Tankpè-Tanmè", "color": "#ce4b74", "length_m": 15.9}}, {"type": "Feature", "geometry": {"type": "LineString", "coordinates": [[2.3247721, 6.4341508], [2.324820627511287, 6.434211926494259]]}, "properties": {"kind": "split_half", "winner": "Fifonsi\n", "color": "#c7b847", "length_m": 8.6}}, {"type": "Feature", "geometry": {"type": "LineString", "coordinates": [[2.324820627511287, 6.434211926494259], [2.3253383, 6.434864]]}, "properties": {"kind": "split_half", "winner": "Tankpè-Tanmè", "color": "#ce4b74", "length_m": 92.1}}, {"type": "Feature", "geometry": {"type": "LineString", "coordinates": [[2.3245305, 6.4340753], [2.32456750074472, 6.434133915408219]]}, "properties": {"kind": "split_half", "winner": "Fifonsi\n", "color": "#c7b847", "length_m": 7.7}}, {"type": "Feature", "geometry": {"type": "LineString", "coordinates": [[2.32456750074472, 6.434133915408219], [2.3246303, 6.4342334]]}, "properties": {"kind": "split_half", "winner": "Tankpè-Tanmè", "color": "#ce4b74", "length_m": 13.0}}, {"type": "Feature", "geometry": {"type": "LineString", "coordinates": [[2.3260116, 6.4568041], [2.325872469074243, 6.456401944085277]]}, "properties": {"kind": "split_half", "winner": "Ahossougbéta", "color": "#a0d041", "length_m": 47.0}}, {"type": "Feature", "geometry": {"type": "LineString", "coordinates": [[2.325872469074243, 6.456401944085277], [2.3257541, 6.4560598]]}, "properties": {"kind": "split_half", "winner": "Aïdégnon\n", "color": "#c34dce", "length_m": 40.0}}, {"type": "Feature", "geometry": {"type": "LineString", "coordinates": [[2.3260116, 6.4568041], [2.3264969593412133, 6.456648688458839]]}, "properties": {"kind": "split_half", "winner": "Ahossougbéta", "color": "#a0d041", "length_m": 56.4}}, {"type": "Feature", "geometry": {"type": "LineString", "coordinates": [[2.3264969593412133, 6.456648688458839], [2.3265344, 6.4566367]]}, "properties": {"kind": "split_half", "winner": "Aïdégnon\n", "color": "#c34dce", "length_m": 4.3}}, {"type": "Feature", "geometry": {"type": "LineString", "coordinates": [[2.3326756, 6.4523332], [2.3315084557710226, 6.452795596215303]]}, "properties": {"kind": "split_half", "winner": "Aïtchédji\n", "color": "#d86d3e", "length_m": 138.9}}, {"type": "Feature", "geometry": {"type": "LineString", "coordinates": [[2.3315084557710226, 6.452795596215303], [2.3314042, 6.4528369]]}, "properties": {"kind": "split_half", "winner": "Aïdégnon\n", "color": "#c34dce", "length_m": 12.4}}, {"type": "Feature", "geometry": {"type": "LineString", "coordinates": [[2.3310186, 6.4534255], [2.3313746877427093, 6.453299308267758]]}, "properties": {"kind": "split_half", "winner": "Aïtchédji\n", "color": "#d86d3e", "length_m": 41.8}}, {"type": "Feature", "geometry": {"type": "LineString", "coordinates": [[2.3313746877427093, 6.453299308267758], [2.3315079, 6.4532521]]}, "properties": {"kind": "split_half", "winner": "Aïdégnon\n", "color": "#c34dce", "length_m": 15.6}}, {"type": "Feature", "geometry": {"type": "LineString", "coordinates": [[2.3315079, 6.4532521], [2.3314500782952705, 6.453020590146542]]}, "properties": {"kind": "split_half", "winner": "Aïtchédji\n", "color": "#d86d3e", "length_m": 26.4}}, {"type": "Feature", "geometry": {"type": "LineString", "coordinates": [[2.3314500782952705, 6.453020590146542], [2.3314042, 6.4528369]]}, "properties": {"kind": "split_half", "winner": "Aïdégnon\n", "color": "#c34dce", "length_m": 20.9}}, {"type": "Feature", "geometry": {"type": "LineString", "coordinates": [[2.3319983, 6.4502943], [2.3328645574315994, 6.449972172058832]]}, "properties": {"kind": "split_half", "winner": "Aïtchédji\n", "color": "#d86d3e", "length_m": 102.2}}, {"type": "Feature", "geometry": {"type": "LineString", "coordinates": [[2.3328645574315994, 6.449972172058832], [2.3330538, 6.4499018]]}, "properties": {"kind": "split_half", "winner": "Aïdégnon\n", "color": "#c34dce", "length_m": 22.3}}, {"type": "Feature", "geometry": {"type": "LineString", "coordinates": [[2.3322169, 6.4496653], [2.3328955860630716, 6.449857090242462]]}, "properties": {"kind": "split_half", "winner": "Aïtchédji\n", "color": "#d86d3e", "length_m": 78.0}}, {"type": "Feature", "geometry": {"type": "LineString", "coordinates": [[2.3328955860630716, 6.449857090242462], [2.3330538, 6.4499018]]}, "properties": {"kind": "split_half", "winner": "Aïdégnon\n", "color": "#c34dce", "length_m": 18.2}}, {"type": "Feature", "geometry": {"type": "LineString", "coordinates": [[2.3299809, 6.4576917], [2.3297917119335727, 6.457736342780289]]}, "properties": {"kind": "split_half", "winner": "Aïtchédji\n", "color": "#d86d3e", "length_m": 21.5}}, {"type": "Feature", "geometry": {"type": "LineString", "coordinates": [[2.3297917119335727, 6.457736342780289], [2.3294677, 6.4578128]]}, "properties": {"kind": "split_half", "winner": "Aïdégnon\n", "color": "#c34dce", "length_m": 36.8}}, {"type": "Feature", "geometry": {"type": "LineString", "coordinates": [[2.3294677, 6.4578128], [2.3294406244029595, 6.45750874541227]]}, "properties": {"kind": "split_half", "winner": "Aïtchédji\n", "color": "#d86d3e", "length_m": 33.7}}, {"type": "Feature", "geometry": {"type": "LineString", "coordinates": [[2.3294406244029595, 6.45750874541227], [2.3294181, 6.4572558]]}, "properties": {"kind": "split_half", "winner": "Aïdégnon\n", "color": "#c34dce", "length_m": 28.1}}, {"type": "Feature", "geometry": {"type": "LineString", "coordinates": [[2.3314002, 6.4521453], [2.331811439294396, 6.452031483455802]]}, "properties": {"kind": "split_half", "winner": "Aïtchédji\n", "color": "#d86d3e", "length_m": 47.2}}, {"type": "Feature", "geometry": {"type": "LineString", "coordinates": [[2.331811439294396, 6.452031483455802], [2.3319541, 6.451992]]}, "properties": {"kind": "split_half", "winner": "Aïdégnon\n", "color": "#c34dce", "length_m": 16.4}}, {"type": "Feature", "geometry": {"type": "LineString", "coordinates": [[2.3319541, 6.451992], [2.331903795201764, 6.4518384344166435]]}, "properties": {"kind": "split_half", "winner": "Aïtchédji\n", "color": "#d86d3e", "length_m": 17.9}}, {"type": "Feature", "geometry": {"type": "LineString", "coordinates": [[2.331903795201764, 6.4518384344166435], [2.3312862, 6.4499531]]}, "properties": {"kind": "split_half", "winner": "Aïdégnon\n", "color": "#c34dce", "length_m": 219.3}}, {"type": "Feature", "geometry": {"type": "LineString", "coordinates": [[2.3321432, 6.4508193], [2.332194905945785, 6.450983403416629]]}, "properties": {"kind": "split_half", "winner": "Aïtchédji\n", "color": "#d86d3e", "length_m": 19.0}}, {"type": "Feature", "geometry": {"type": "LineString", "coordinates": [[2.332194905945785, 6.450983403416629], [2.3323095, 6.4513471]]}, "properties": {"kind": "split_half", "winner": "Aïdégnon\n", "color": "#c34dce", "length_m": 42.2}}, {"type": "Feature", "geometry": {"type": "LineString", "coordinates": [[2.3321432, 6.4508193], [2.332335788163055, 6.45074986171824]]}, "properties": {"kind": "split_half", "winner": "Aïtchédji\n", "color": "#d86d3e", "length_m": 22.6}}, {"type": "Feature", "geometry": {"type": "LineString", "coordinates": [[2.332335788163055, 6.45074986171824], [2.3338062, 6.4502197]]}, "properties": {"kind": "split_half", "winner": "Aïdégnon\n", "color": "#c34dce", "length_m": 172.9}}, {"type": "Feature", "geometry": {"type": "LineString", "coordinates": [[2.3306612, 6.4552676], [2.330590860555842, 6.454980801603378]]}, "properties": {"kind": "split_half", "winner": "Aïtchédji\n", "color": "#d86d3e", "length_m": 32.6}}, {"type": "Feature", "geometry": {"type": "LineString", "coordinates": [[2.330590860555842, 6.454980801603378], [2.3305164, 6.4546772]]}, "properties": {"kind": "split_half", "winner": "Aïdégnon\n", "color": "#c34dce", "length_m": 34.6}}, {"type": "Feature", "geometry": {"type": "LineString", "coordinates": [[2.3305164, 6.4546772], [2.3307997738807225, 6.454603712808483]]}, "properties": {"kind": "split_half", "winner": "Aïtchédji\n", "color": "#d86d3e", "length_m": 32.4}}, {"type": "Feature", "geometry": {"type": "LineString", "coordinates": [[2.3307997738807225, 6.454603712808483], [2.3312024, 6.4544993]]}, "properties": {"kind": "split_half", "winner": "Aïdégnon\n", "color": "#c34dce", "length_m": 46.0}}, {"type": "Feature", "geometry": {"type": "LineString", "coordinates": [[2.3175774, 6.434388], [2.3174549577282453, 6.434750216864918]]}, "properties": {"kind": "split_half", "winner": "Fifonsi\n", "color": "#c7b847", "length_m": 42.3}}, {"type": "Feature", "geometry": {"type": "LineString", "coordinates": [[2.3174549577282453, 6.434750216864918], [2.3173905, 6.4349409]]}, "properties": {"kind": "split_half", "winner": "Tankpê-Yoho", "color": "#df44d5", "length_m": 22.3}}, {"type": "Feature", "geometry": {"type": "LineString", "coordinates": [[2.3173905, 6.4349409], [2.3172604887003705, 6.434920789020247]]}, "properties": {"kind": "split_half", "winner": "Fifonsi\n", "color": "#c7b847", "length_m": 14.6}}, {"type": "Feature", "geometry": {"type": "LineString", "coordinates": [[2.3172604887003705, 6.434920789020247], [2.3171067, 6.434897]]}, "properties": {"kind": "split_half", "winner": "Tankpê-Yoho", "color": "#df44d5", "length_m": 17.2}}, {"type": "Feature", "geometry": {"type": "LineString", "coordinates": [[2.3153461, 6.4369335], [2.3157927829983156, 6.437050253403148]]}, "properties": {"kind": "split_half", "winner": "Fifonsi\n", "color": "#c7b847", "length_m": 51.1}}, {"type": "Feature", "geometry": {"type": "LineString", "coordinates": [[2.3157927829983156, 6.437050253403148], [2.3158756, 6.4370719]]}, "properties": {"kind": "split_half", "winner": "Tankpê-Yoho", "color": "#df44d5", "length_m": 9.5}}, {"type": "Feature", "geometry": {"type": "LineString", "coordinates": [[2.3153461, 6.4369335], [2.3153680431389616, 6.437037974979488]]}, "properties": {"kind": "split_half", "winner": "Fifonsi\n", "color": "#c7b847", "length_m": 11.8}}, {"type": "Feature", "geometry": {"type": "LineString", "coordinates": [[2.3153680431389616, 6.437037974979488], [2.3154625, 6.4374877]]}, "properties": {"kind": "split_half", "winner": "Tankpê-Yoho", "color": "#df44d5", "length_m": 50.8}}, {"type": "Feature", "geometry": {"type": "LineString", "coordinates": [[2.2781541, 6.3827296], [2.2780576876731415, 6.382782168377604]]}, "properties": {"kind": "split_half", "winner": "Cococodji", "color": "#ad45c8", "length_m": 12.1}}, {"type": "Feature", "geometry": {"type": "LineString", "coordinates": [[2.2780576876731415, 6.382782168377604], [2.2780237, 6.3828007]]}, "properties": {"kind": "split_half", "winner": "Amahoun\n", "color": "#d26c4e", "length_m": 4.3}}, {"type": "Feature", "geometry": {"type": "LineString", "coordinates": [[2.2781541, 6.3827296], [2.2780066259929597, 6.382564289903613]]}, "properties": {"kind": "split_half", "winner": "Cococodji", "color": "#ad45c8", "length_m": 24.5}}, {"type": "Feature", "geometry": {"type": "LineString", "coordinates": [[2.2780066259929597, 6.382564289903613], [2.2778829, 6.3824256]]}, "properties": {"kind": "split_half", "winner": "Amahoun\n", "color": "#d26c4e", "length_m": 20.6}}, {"type": "Feature", "geometry": {"type": "LineString", "coordinates": [[2.2782002, 6.3819181], [2.277948217514815, 6.382321129030039]]}, "properties": {"kind": "split_half", "winner": "Cococodji", "color": "#ad45c8", "length_m": 52.6}}, {"type": "Feature", "geometry": {"type": "LineString", "coordinates": [[2.277948217514815, 6.382321129030039], [2.2778829, 6.3824256]]}, "properties": {"kind": "split_half", "winner": "Amahoun\n", "color": "#d26c4e", "length_m": 13.6}}, {"type": "Feature", "geometry": {"type": "LineString", "coordinates": [[2.2796092, 6.3838383], [2.279566317549972, 6.383839927235827]]}, "properties": {"kind": "split_half", "winner": "Cococodji", "color": "#ad45c8", "length_m": 4.7}}, {"type": "Feature", "geometry": {"type": "LineString", "coordinates": [[2.279566317549972, 6.383839927235827], [2.2795196, 6.3838417]]}, "properties": {"kind": "split_half", "winner": "Amahoun\n", "color": "#d26c4e", "length_m": 5.2}}, {"type": "Feature", "geometry": {"type": "LineString", "coordinates": [[2.2795196, 6.3838417], [2.279518773606076, 6.383825723050802]]}, "properties": {"kind": "split_half", "winner": "Cococodji", "color": "#ad45c8", "length_m": 1.8}}, {"type": "Feature", "geometry": {"type": "LineString", "coordinates": [[2.279518773606076, 6.383825723050802], [2.2795127, 6.3837083]]}, "properties": {"kind": "split_half", "winner": "Amahoun\n", "color": "#d26c4e", "length_m": 13.0}}, {"type": "Feature", "geometry": {"type": "LineString", "coordinates": [[2.2893741, 6.3789564], [2.2893810414237175, 6.378980899766683]]}, "properties": {"kind": "split_half", "winner": "Amahoun\n", "color": "#d26c4e", "length_m": 2.8}}, {"type": "Feature", "geometry": {"type": "LineString", "coordinates": [[2.2893810414237175, 6.378980899766683], [2.2897012, 6.3801109]]}, "properties": {"kind": "split_half", "winner": "Zounga\n", "color": "#4dd68f", "length_m": 129.8}}, {"type": "Feature", "geometry": {"type": "LineString", "coordinates": [[2.2893741, 6.3789564], [2.289398814740059, 6.378962218169282]]}, "properties": {"kind": "split_half", "winner": "Amahoun\n", "color": "#d26c4e", "length_m": 2.8}}, {"type": "Feature", "geometry": {"type": "LineString", "coordinates": [[2.289398814740059, 6.378962218169282], [2.2898197, 6.3790613]]}, "properties": {"kind": "split_half", "winner": "Zounga\n", "color": "#4dd68f", "length_m": 47.8}}, {"type": "Feature", "geometry": {"type": "LineString", "coordinates": [[2.2887358, 6.3799089], [2.2889302303807053, 6.3799495909151185]]}, "properties": {"kind": "split_half", "winner": "Amahoun\n", "color": "#d26c4e", "length_m": 22.0}}, {"type": "Feature", "geometry": {"type": "LineString", "coordinates": [[2.2889302303807053, 6.3799495909151185], [2.2892098, 6.3800081]]}, "properties": {"kind": "split_half", "winner": "Zounga\n", "color": "#4dd68f", "length_m": 31.6}}, {"type": "Feature", "geometry": {"type": "LineString", "coordinates": [[2.2892098, 6.3800081], [2.289099706659199, 6.37959931651423]]}, "properties": {"kind": "split_half", "winner": "Amahoun\n", "color": "#d26c4e", "length_m": 46.8}}, {"type": "Feature", "geometry": {"type": "LineString", "coordinates": [[2.289099706659199, 6.37959931651423], [2.2888944, 6.378837]]}, "properties": {"kind": "split_half", "winner": "Zounga\n", "color": "#4dd68f", "length_m": 87.3}}, {"type": "Feature", "geometry": {"type": "LineString", "coordinates": [[2.2861606, 6.3736122], [2.286020818758869, 6.373596271888959]]}, "properties": {"kind": "split_half", "winner": "Djèkpota", "color": "#39ca56", "length_m": 15.6}}, {"type": "Feature", "geometry": {"type": "LineString", "coordinates": [[2.286020818758869, 6.373596271888959], [2.285871, 6.3735792]]}, "properties": {"kind": "split_half", "winner": "Amahoun\n", "color": "#d26c4e", "length_m": 16.7}}, {"type": "Feature", "geometry": {"type": "LineString", "coordinates": [[2.285871, 6.3735792], [2.2858502168786226, 6.373713560446897]]}, "properties": {"kind": "split_half", "winner": "Djèkpota", "color": "#39ca56", "length_m": 15.0}}, {"type": "Feature", "geometry": {"type": "LineString", "coordinates": [[2.2858502168786226, 6.373713560446897], [2.2858411, 6.3737725]]}, "properties": {"kind": "split_half", "winner": "Amahoun\n", "color": "#d26c4e", "length_m": 6.6}}, {"type": "Feature", "geometry": {"type": "LineString", "coordinates": [[2.3305638, 6.3743875], [2.3306033223526983, 6.374453125933245]]}, "properties": {"kind": "split_half", "winner": "Dèkoungbé\n", "color": "#49da4d", "length_m": 8.5}}, {"type": "Feature", "geometry": {"type": "LineString", "coordinates": [[2.3306033223526983, 6.374453125933245], [2.3308115, 6.3747988]]}, "properties": {"kind": "split_half", "winner": "Ningboto\n", "color": "#dea749", "length_m": 44.6}}, {"type": "Feature", "geometry": {"type": "LineString", "coordinates": [[2.3314215, 6.3743718], [2.331816554405021, 6.374768051260594]]}, "properties": {"kind": "split_half", "winner": "Dèkoungbé\n", "color": "#49da4d", "length_m": 61.9}}, {"type": "Feature", "geometry": {"type": "LineString", "coordinates": [[2.331816554405021, 6.374768051260594], [2.3318506, 6.3748022]]}, "properties": {"kind": "split_half", "winner": "Ningboto\n", "color": "#dea749", "length_m": 5.3}}, {"type": "Feature", "geometry": {"type": "LineString", "coordinates": [[2.3314215, 6.3743718], [2.3310385827906823, 6.374639842046522]]}, "properties": {"kind": "split_half", "winner": "Dèkoungbé\n", "color": "#49da4d", "length_m": 51.7}}, {"type": "Feature", "geometry": {"type": "LineString", "coordinates": [[2.3310385827906823, 6.374639842046522], [2.3308115, 6.3747988]]}, "properties": {"kind": "split_half", "winner": "Ningboto\n", "color": "#dea749", "length_m": 30.7}}, {"type": "Feature", "geometry": {"type": "LineString", "coordinates": [[2.3469692, 6.361731], [2.346968939959971, 6.361772389704647]]}, "properties": {"kind": "split_half", "winner": "Godomey-N'Gbèho", "color": "#cb7746", "length_m": 4.6}}, {"type": "Feature", "geometry": {"type": "LineString", "coordinates": [[2.346968939959971, 6.361772389704647], [2.3469668, 6.362113]]}, "properties": {"kind": "split_half", "winner": "Fidjrossè-Kpota", "color": "#53ce4b", "length_m": 37.7}}, {"type": "Feature", "geometry": {"type": "LineString", "coordinates": [[2.3488502, 6.3622064], [2.347332897260819, 6.362131155189636]]}, "properties": {"kind": "split_half", "winner": "Godomey-N'Gbèho", "color": "#cb7746", "length_m": 168.1}}, {"type": "Feature", "geometry": {"type": "LineString", "coordinates": [[2.347332897260819, 6.362131155189636], [2.3469668, 6.362113]]}, "properties": {"kind": "split_half", "winner": "Fidjrossè-Kpota", "color": "#53ce4b", "length_m": 40.6}}, {"type": "Feature", "geometry": {"type": "LineString", "coordinates": [[2.3348709, 6.3740557], [2.3350539551212592, 6.374410938184211]]}, "properties": {"kind": "split_half", "winner": "Fignonhou\n", "color": "#ca7f39", "length_m": 44.2}}, {"type": "Feature", "geometry": {"type": "LineString", "coordinates": [[2.3350539551212592, 6.374410938184211], [2.3350881, 6.3744772]]}, "properties": {"kind": "split_half", "winner": "Ningboto\n", "color": "#dea749", "length_m": 8.2}}, {"type": "Feature", "geometry": {"type": "LineString", "coordinates": [[2.3348709, 6.3740557], [2.33524798944585, 6.3738655562620945]]}, "properties": {"kind": "split_half", "winner": "Fignonhou\n", "color": "#ca7f39", "length_m": 46.7}}, {"type": "Feature", "geometry": {"type": "LineString", "coordinates": [[2.33524798944585, 6.3738655562620945], [2.3354133, 6.3737822]]}, "properties": {"kind": "split_half", "winner": "Ningboto\n", "color": "#dea749", "length_m": 20.5}}, {"type": "Feature", "geometry": {"type": "LineString", "coordinates": [[2.3354133, 6.3737822], [2.3353176034384147, 6.373655101709548]]}, "properties": {"kind": "split_half", "winner": "Fignonhou\n", "color": "#ca7f39", "length_m": 17.6}}, {"type": "Feature", "geometry": {"type": "LineString", "coordinates": [[2.3353176034384147, 6.373655101709548], [2.3350668, 6.373322]]}, "properties": {"kind": "split_half", "winner": "Ningboto\n", "color": "#dea749", "length_m": 46.1}}, {"type": "Feature", "geometry": {"type": "LineString", "coordinates": [[2.3383573, 6.3741452], [2.3385550003602984, 6.374420735597469]]}, "properties": {"kind": "split_half", "winner": "Godomey-N'Gbèho", "color": "#cb7746", "length_m": 37.5}}, {"type": "Feature", "geometry": {"type": "LineString", "coordinates": [[2.3385550003602984, 6.374420735597469], [2.3387035, 6.3746277]]}, "properties": {"kind": "split_half", "winner": "Fignonhou\n", "color": "#ca7f39", "length_m": 28.2}}, {"type": "Feature", "geometry": {"type": "LineString", "coordinates": [[2.3383573, 6.3741452], [2.3380987665095825, 6.374286222874134]]}, "properties": {"kind": "split_half", "winner": "Godomey-N'Gbèho", "color": "#cb7746", "length_m": 32.6}}, {"type": "Feature", "geometry": {"type": "LineString", "coordinates": [[2.3380987665095825, 6.374286222874134], [2.3378471, 6.3744235]]}, "properties": {"kind": "split_half", "winner": "Fignonhou\n", "color": "#ca7f39", "length_m": 31.7}}, {"type": "Feature", "geometry": {"type": "LineString", "coordinates": [[2.3392787, 6.3746465], [2.339640161243362, 6.375254810475107]]}, "properties": {"kind": "split_half", "winner": "Godomey-N'Gbèho", "color": "#cb7746", "length_m": 78.2}}, {"type": "Feature", "geometry": {"type": "LineString", "coordinates": [[2.339640161243362, 6.375254810475107], [2.339654, 6.3752781]]}, "properties": {"kind": "split_half", "winner": "Fignonhou\n", "color": "#ca7f39", "length_m": 3.0}}, {"type": "Feature", "geometry": {"type": "LineString", "coordinates": [[2.339654, 6.3752781], [2.339671457431496, 6.37527163353149]]}, "properties": {"kind": "split_half", "winner": "Godomey-N'Gbèho", "color": "#cb7746", "length_m": 2.1}}, {"type": "Feature", "geometry": {"type": "LineString", "coordinates": [[2.339671457431496, 6.37527163353149], [2.3399974, 6.3751509]]}, "properties": {"kind": "split_half", "winner": "Fignonhou\n", "color": "#ca7f39", "length_m": 38.4}}, {"type": "Feature", "geometry": {"type": "LineString", "coordinates": [[2.2478447, 6.4504895], [2.247856351481075, 6.450865125230952]]}, "properties": {"kind": "split_half", "winner": "Zoungo", "color": "#c1d746", "length_m": 41.5}}, {"type": "Feature", "geometry": {"type": "LineString", "coordinates": [[2.247856351481075, 6.450865125230952], [2.2478598, 6.4509763]]}, "properties": {"kind": "split_half", "winner": "Hêvié", "color": "#d47f3e", "length_m": 12.3}}, {"type": "Feature", "geometry": {"type": "LineString", "coordinates": [[2.2478598, 6.4509763], [2.247772139637456, 6.450980035332102]]}, "properties": {"kind": "split_half", "winner": "Zoungo", "color": "#c1d746", "length_m": 9.7}}, {"type": "Feature", "geometry": {"type": "LineString", "coordinates": [[2.247772139637456, 6.450980035332102], [2.247604, 6.4509872]]}, "properties": {"kind": "split_half", "winner": "Hêvié", "color": "#d47f3e", "length_m": 18.6}}, {"type": "Feature", "geometry": {"type": "LineString", "coordinates": [[2.2454516, 6.4341644], [2.245563210828121, 6.4340614349395056]]}, "properties": {"kind": "split_half", "winner": "Hêvié", "color": "#d47f3e", "length_m": 16.8}}, {"type": "Feature", "geometry": {"type": "LineString", "coordinates": [[2.245563210828121, 6.4340614349395056], [2.2460067, 6.4336523]]}, "properties": {"kind": "split_half", "winner": "Hounzévié\n", "color": "#cf9b48", "length_m": 66.7}}, {"type": "Feature", "geometry": {"type": "LineString", "coordinates": [[2.2454516, 6.4341644], [2.2454231620537315, 6.434087140635417]]}, "properties": {"kind": "split_half", "winner": "Hêvié", "color": "#d47f3e", "length_m": 9.1}}, {"type": "Feature", "geometry": {"type": "LineString", "coordinates": [[2.2454231620537315, 6.434087140635417], [2.2452906, 6.433727]]}, "properties": {"kind": "split_half", "winner": "Hounzévié\n", "color": "#cf9b48", "length_m": 42.4}}, {"type": "Feature", "geometry": {"type": "LineString", "coordinates": [[2.2606677, 6.4044756], [2.2609006651254235, 6.404496308011149]]}, "properties": {"kind": "split_half", "winner": "Akossavié", "color": "#d5ad4f", "length_m": 25.9}}, {"type": "Feature", "geometry": {"type": "LineString", "coordinates": [[2.2609006651254235, 6.404496308011149], [2.2609017, 6.4044964]]}, "properties": {"kind": "split_half", "winner": "Sogan", "color": "#d1a93d", "length_m": 0.1}}, {"type": "Feature", "geometry": {"type": "LineString", "coordinates": [[2.2609017, 6.4044964], [2.2609015670206607, 6.404498490435208]]}, "properties": {"kind": "split_half", "winner": "Akossavié", "color": "#d5ad4f", "length_m": 0.2}}, {"type": "Feature", "geometry": {"type": "LineString", "coordinates": [[2.2609015670206607, 6.404498490435208], [2.2608742, 6.4049287]]}, "properties": {"kind": "split_half", "winner": "Sogan", "color": "#d1a93d", "length_m": 47.7}}, {"type": "Feature", "geometry": {"type": "LineString", "coordinates": [[2.247144, 6.4210905], [2.247299643280926, 6.421201174270586]]}, "properties": {"kind": "split_half", "winner": "Adovié", "color": "#c24bda", "length_m": 21.1}}, {"type": "Feature", "geometry": {"type": "LineString", "coordinates": [[2.247299643280926, 6.421201174270586], [2.247785, 6.4215463]]}, "properties": {"kind": "split_half", "winner": "Hounzévié\n", "color": "#cf9b48", "length_m": 65.9}}, {"type": "Feature", "geometry": {"type": "LineString", "coordinates": [[2.247144, 6.4210905], [2.247198597701514, 6.420959822852921]]}, "properties": {"kind": "split_half", "winner": "Adovié", "color": "#c24bda", "length_m": 15.7}}, {"type": "Feature", "geometry": {"type": "LineString", "coordinates": [[2.247198597701514, 6.420959822852921], [2.2472754, 6.420776]]}, "properties": {"kind": "split_half", "winner": "Hounzévié\n", "color": "#cf9b48", "length_m": 22.0}}, {"type": "Feature", "geometry": {"type": "LineString", "coordinates": [[2.2494757, 6.4323929], [2.249557116257555, 6.432291857780263]]}, "properties": {"kind": "split_half", "winner": "Adovié", "color": "#c24bda", "length_m": 14.3}}, {"type": "Feature", "geometry": {"type": "LineString", "coordinates": [[2.249557116257555, 6.432291857780263], [2.249786, 6.4320078]]}, "properties": {"kind": "split_half", "winner": "Hounzévié\n", "color": "#cf9b48", "length_m": 40.3}}, {"type": "Feature", "geometry": {"type": "LineString", "coordinates": [[2.249786, 6.4320078], [2.2496993835164814, 6.431951658414595]]}, "properties": {"kind": "split_half", "winner": "Adovié", "color": "#c24bda", "length_m": 11.4}}, {"type": "Feature", "geometry": {"type": "LineString", "coordinates": [[2.2496993835164814, 6.431951658414595], [2.2494077, 6.4317626]]}, "properties": {"kind": "split_half", "winner": "Hounzévié\n", "color": "#cf9b48", "length_m": 38.4}}, {"type": "Feature", "geometry": {"type": "LineString", "coordinates": [[2.2558914, 6.4151304], [2.255942162451186, 6.415127215245401]]}, "properties": {"kind": "split_half", "winner": "Akossavié", "color": "#d5ad4f", "length_m": 5.6}}, {"type": "Feature", "geometry": {"type": "LineString", "coordinates": [[2.255942162451186, 6.415127215245401], [2.2566517, 6.4150827]]}, "properties": {"kind": "split_half", "winner": "Adovié", "color": "#c24bda", "length_m": 78.6}}, {"type": "Feature", "geometry": {"type": "LineString", "coordinates": [[2.2558914, 6.4151304], [2.255906174473168, 6.415168646821669]]}, "properties": {"kind": "split_half", "winner": "Akossavié", "color": "#d5ad4f", "length_m": 4.5}}, {"type": "Feature", "geometry": {"type": "LineString", "coordinates": [[2.255906174473168, 6.415168646821669], [2.2559162, 6.4151946]]}, "properties": {"kind": "split_half", "winner": "Adovié", "color": "#c24bda", "length_m": 3.1}}, {"type": "Feature", "geometry": {"type": "LineString", "coordinates": [[2.2543041, 6.4150441], [2.2543544617901734, 6.4150340276419655]]}, "properties": {"kind": "split_half", "winner": "Akossavié", "color": "#d5ad4f", "length_m": 5.7}}, {"type": "Feature", "geometry": {"type": "LineString", "coordinates": [[2.2543544617901734, 6.4150340276419655], [2.2545576, 6.4149934]]}, "properties": {"kind": "split_half", "winner": "Adovié", "color": "#c24bda", "length_m": 22.9}}, {"type": "Feature", "geometry": {"type": "LineString", "coordinates": [[2.2543041, 6.4150441], [2.2536954090252315, 6.4150664803454065]]}, "properties": {"kind": "split_half", "winner": "Akossavié", "color": "#d5ad4f", "length_m": 67.4}}, {"type": "Feature", "geometry": {"type": "LineString", "coordinates": [[2.2536954090252315, 6.4150664803454065], [2.2534093, 6.415077]]}, "properties": {"kind": "split_half", "winner": "Adovié", "color": "#c24bda", "length_m": 31.7}}, {"type": "Feature", "geometry": {"type": "LineString", "coordinates": [[2.2534093, 6.415077], [2.2534150785239446, 6.415100457034885]]}, "properties": {"kind": "split_half", "winner": "Akossavié", "color": "#d5ad4f", "length_m": 2.7}}, {"type": "Feature", "geometry": {"type": "LineString", "coordinates": [[2.2534150785239446, 6.415100457034885], [2.2534767, 6.4153506]]}, "properties": {"kind": "split_half", "winner": "Adovié", "color": "#c24bda", "length_m": 28.5}}, {"type": "Feature", "geometry": {"type": "LineString", "coordinates": [[2.2440317, 6.4157859], [2.2440275026777723, 6.415798082005555]]}, "properties": {"kind": "split_half", "winner": "Akossavié", "color": "#d5ad4f", "length_m": 1.4}}, {"type": "Feature", "geometry": {"type": "LineString", "coordinates": [[2.2440275026777723, 6.415798082005555], [2.2438341, 6.4163594]]}, "properties": {"kind": "split_half", "winner": "Hounzévié\n", "color": "#cf9b48", "length_m": 65.6}}, {"type": "Feature", "geometry": {"type": "LineString", "coordinates": [[2.2440317, 6.4157859], [2.244020448068096, 6.415781396044231]]}, "properties": {"kind": "split_half", "winner": "Akossavié", "color": "#d5ad4f", "length_m": 1.3}}, {"type": "Feature", "geometry": {"type": "LineString", "coordinates": [[2.244020448068096, 6.415781396044231], [2.2438903, 6.4157293]]}, "properties": {"kind": "split_half", "winner": "Hounzévié\n", "color": "#cf9b48", "length_m": 15.5}}]}