{"type": "FeatureCollection", "generator": "eya · build_menontin_kouhounou_frontier_pilot.py", "note": "Mènontin ↔ Kouhounou 150 m equal-split frontier pilot.", "n_edges": 285, "n_corridors": 5, "corridor_stats": [{"cluster_id": 0, "n_vertices": 3, "total_length_m": 84.2, "menontin_share_m": 84.2, "kouhounou_share_m": 0.0}, {"cluster_id": 1, "n_vertices": 1, "total_length_m": 0.0, "menontin_share_m": 0.0, "kouhounou_share_m": 0.0}, {"cluster_id": 2, "n_vertices": 1, "total_length_m": 0.0, "menontin_share_m": 0.0, "kouhounou_share_m": 0.0}, {"cluster_id": 3, "n_vertices": 1, "total_length_m": 0.0, "menontin_share_m": 0.0, "kouhounou_share_m": 0.0}, {"cluster_id": 4, "n_vertices": 1, "total_length_m": 0.0, "menontin_share_m": 0.0, "kouhounou_share_m": 0.0}], "features": [{"type": "Feature", "geometry": {"type": "LineString", "coordinates": [[2.3830381, 6.3774377], [2.3848865, 6.3773346]]}, "properties": {"kind": "single_owner", "winner": "Kouhounou", "color": "#dcca40", "length_m": 204.8, "d_M_u": 1647.391128932607, "d_K_u": 308.5668825543381, "d_M_v": 1852.1940211967135, "d_K_v": 103.76399029023162, "current_owner_u": "Védokô", "current_owner_v": "Védokô"}}, {"type": "Feature", "geometry": {"type": "LineString", "coordinates": [[2.3848865, 6.3773346], [2.3867886, 6.3772183]]}, "properties": {"kind": "single_owner", "winner": "Kouhounou", "color": "#dcca40", "length_m": 210.8, "d_M_u": 1852.1940211967135, "d_K_u": 103.76399029023162, "d_M_v": null, "d_K_v": 314.58262764903, "current_owner_u": "Védokô", "current_owner_v": "Védokô"}}, {"type": "Feature", "geometry": {"type": "LineString", "coordinates": [[2.3848865, 6.3773346], [2.3848755, 6.3772511]]}, "properties": {"kind": "single_owner", "winner": "Kouhounou", "color": "#dcca40", "length_m": 9.3, "d_M_u": 1852.1940211967135, "d_K_u": 103.76399029023162, "d_M_v": 1861.503985613092, "d_K_v": 94.45402587385298, "current_owner_u": "Védokô", "current_owner_v": "Védokô"}}, {"type": "Feature", "geometry": {"type": "LineString", "coordinates": [[2.3869794, 6.3773139], [2.3862428, 6.3773593]]}, "properties": {"kind": "single_owner", "winner": "Kouhounou", "color": "#dcca40", "length_m": 81.6, "d_M_u": null, "d_K_u": 873.6076920401711, "d_M_v": 1988.7132025827723, "d_K_v": 927.6394689062753, "current_owner_u": "Védokô", "current_owner_v": "Védokô"}}, {"type": "Feature", "geometry": {"type": "LineString", "coordinates": [[2.3862428, 6.3773593], [2.3850245, 6.3774351]]}, "properties": {"kind": "single_owner", "winner": "Kouhounou", "color": "#dcca40", "length_m": 135.0, "d_M_u": 1988.7132025827723, "d_K_u": 927.6394689062753, "d_M_v": 1853.6744120636606, "d_K_v": 792.6006783871637, "current_owner_u": "Védokô", "current_owner_v": "Védokô"}}, {"type": "Feature", "geometry": {"type": "LineString", "coordinates": [[2.3862428, 6.3773593], [2.3862542, 6.3774803]]}, "properties": {"kind": "single_owner", "winner": "Kouhounou", "color": "#dcca40", "length_m": 13.4, "d_M_u": 1988.7132025827723, "d_K_u": 927.6394689062753, "d_M_v": null, "d_K_v": 941.0741350501909, "current_owner_u": "Védokô", "current_owner_v": "Védokô"}}, {"type": "Feature", "geometry": {"type": "LineString", "coordinates": [[2.3850245, 6.3774351], [2.3830457, 6.377541]]}, "properties": {"kind": "single_owner", "winner": "Kouhounou", "color": "#dcca40", "length_m": 219.2, "d_M_u": 1853.6744120636606, "d_K_u": 792.6006783871637, "d_M_v": 1637.7396680274248, "d_K_v": 573.3764151647329, "current_owner_u": "Védokô", "current_owner_v": "Védokô"}}, {"type": "Feature", "geometry": {"type": "LineString", "coordinates": [[2.3850245, 6.3774351], [2.3849425, 6.3775283]]}, "properties": {"kind": "single_owner", "winner": "Kouhounou", "color": "#dcca40", "length_m": 13.7, "d_M_u": 1853.6744120636606, "d_K_u": 792.6006783871637, "d_M_v": 1839.9474091099617, "d_K_v": 779.1589641459806, "current_owner_u": "Védokô", "current_owner_v": "Védokô"}}, {"type": "Feature", "geometry": {"type": "LineString", "coordinates": [[2.3768272, 6.3893328], [2.3757727, 6.3875381]]}, "properties": {"kind": "single_owner", "winner": "Mènontin", "color": "#93d64b", "length_m": 230.1, "d_M_u": 375.6931789316833, "d_K_u": 616.3127026749623, "d_M_v": 179.45395501264764, "d_K_v": 415.9829435443401, "current_owner_u": "Zogbohouè", "current_owner_v": "Agla-Petit-Château"}}, {"type": "Feature", "geometry": {"type": "LineString", "coordinates": [[2.3757727, 6.3875381], [2.3757053, 6.3874331]]}, "properties": {"kind": "single_owner", "winner": "Mènontin", "color": "#93d64b", "length_m": 13.8, "d_M_u": 179.45395501264764, "d_K_u": 415.9829435443401, "d_M_v": 165.9029819438641, "d_K_v": 402.18755623181676, "current_owner_u": "Agla-Petit-Château", "current_owner_v": "Agla-Petit-Château"}}, {"type": "Feature", "geometry": {"type": "LineString", "coordinates": [[2.3757727, 6.3875381], [2.3750851, 6.3879798]]}, "properties": {"kind": "single_owner", "winner": "Mènontin", "color": "#93d64b", "length_m": 90.4, "d_M_u": 179.45395501264764, "d_K_u": 415.9829435443401, "d_M_v": 89.06432000489761, "d_K_v": 329.6838437481767, "current_owner_u": "Agla-Petit-Château", "current_owner_v": "Agla-Petit-Château"}}, {"type": "Feature", "geometry": {"type": "LineString", "coordinates": [[2.3757053, 6.3874331], [2.3754855, 6.3870532]]}, "properties": {"kind": "single_owner", "winner": "Mènontin", "color": "#93d64b", "length_m": 48.5, "d_M_u": 165.9029819438641, "d_K_u": 402.18755623181676, "d_M_v": 214.3542448245199, "d_K_v": 353.6614581290231, "current_owner_u": "Agla-Petit-Château", "current_owner_v": "Agla-Petit-Château"}}, {"type": "Feature", "geometry": {"type": "LineString", "coordinates": [[2.3757053, 6.3874331], [2.37502, 6.3878769]]}, "properties": {"kind": "single_owner", "winner": "Mènontin", "color": "#93d64b", "length_m": 90.3, "d_M_u": 165.9029819438641, "d_K_u": 402.18755623181676, "d_M_v": 75.60147294769634, "d_K_v": 316.2209966909754, "current_owner_u": "Agla-Petit-Château", "current_owner_v": "Agla-Petit-Château"}}, {"type": "Feature", "geometry": {"type": "LineString", "coordinates": [[2.3754855, 6.3870532], [2.3752611, 6.3866882]]}, "properties": {"kind": "single_owner", "winner": "Mènontin", "color": "#93d64b", "length_m": 47.4, "d_M_u": 214.3542448245199, "d_K_u": 353.6614581290231, "d_M_v": 259.5124399550867, "d_K_v": 306.28878831831025, "current_owner_u": "Agla-Petit-Château", "current_owner_v": "Agla-Petit-Château"}}, {"type": "Feature", "geometry": {"type": "LineString", "coordinates": [[2.3754855, 6.3870532], [2.3748018, 6.3874925]]}, "properties": {"kind": "single_owner", "winner": "Mènontin", "color": "#93d64b", "length_m": 89.9, "d_M_u": 214.3542448245199, "d_K_u": 353.6614581290231, "d_M_v": 124.47100422727561, "d_K_v": 268.16274526800555, "current_owner_u": "Agla-Petit-Château", "current_owner_v": "Agla-Petit-Château"}}, {"type": "Feature", "geometry": {"type": "LineString", "coordinates": [[2.3752611, 6.3866882], [2.3745929, 6.3871247]]}, "properties": {"kind": "single_owner", "winner": "Mènontin", "color": "#93d64b", "length_m": 88.3, "d_M_u": 259.5124399550867, "d_K_u": 306.28878831831025, "d_M_v": 171.23685599312608, "d_K_v": 221.39689350215508, "current_owner_u": "Agla-Petit-Château", "current_owner_v": "Agla-Petit-Château"}}, {"type": "Feature", "geometry": {"type": "LineString", "coordinates": [[2.3752611, 6.3866882], [2.3749876, 6.3862145]]}, "properties": {"kind": "single_owner", "winner": "Mènontin", "color": "#93d64b", "length_m": 60.5, "d_M_u": 259.5124399550867, "d_K_u": 306.28878831831025, "d_M_v": 319.9883920765568, "d_K_v": 245.81283619684015, "current_owner_u": "Agla-Petit-Château", "current_owner_v": "Agla-Petit-Château"}}, {"type": "Feature", "geometry": {"type": "LineString", "coordinates": [[2.3749876, 6.3862145], [2.3743222, 6.386634]]}, "properties": {"kind": "single_owner", "winner": "Mènontin", "color": "#93d64b", "length_m": 87.0, "d_M_u": 319.9883920765568, "d_K_u": 245.81283619684015, "d_M_v": 233.19669452193574, "d_K_v": 159.43705497334543, "current_owner_u": "Agla-Petit-Château", "current_owner_v": "Agla-Petit-Château"}}, {"type": "Feature", "geometry": {"type": "LineString", "coordinates": [[2.3749876, 6.3862145], [2.3748227, 6.3859282]]}, "properties": {"kind": "single_owner", "winner": "Mènontin", "color": "#93d64b", "length_m": 36.5, "d_M_u": 319.9883920765568, "d_K_u": 245.81283619684015, "d_M_v": 324.359246796917, "d_K_v": 209.28388788060604, "current_owner_u": "Agla-Petit-Château", "current_owner_v": "Agla-Petit-Château"}}, {"type": "Feature", "geometry": {"type": "LineString", "coordinates": [[2.3748227, 6.3859282], [2.3747474, 6.3857972]]}, "properties": {"kind": "single_owner", "winner": "Kouhounou", "color": "#dcca40", "length_m": 16.7, "d_M_u": 324.359246796917, "d_K_u": 209.28388788060604, "d_M_v": 307.6533781082628, "d_K_v": 192.57801919195185, "current_owner_u": "Agla-Petit-Château", "current_owner_v": "Agla-Petit-Château"}}, {"type": "Feature", "geometry": {"type": "LineString", "coordinates": [[2.3747474, 6.3857972], [2.3744797, 6.3853218]]}, "properties": {"kind": "single_owner", "winner": "Kouhounou", "color": "#dcca40", "length_m": 60.3, "d_M_u": 307.6533781082628, "d_K_u": 192.57801919195185, "d_M_v": 247.33224328693598, "d_K_v": 132.256884370625, "current_owner_u": "Agla-Petit-Château", "current_owner_v": "Agla-Petit-Château"}}, {"type": "Feature", "geometry": {"type": "LineString", "coordinates": [[2.3747474, 6.3857972], [2.374075, 6.3862222]]}, "properties": {"kind": "single_owner", "winner": "Kouhounou", "color": "#dcca40", "length_m": 88.0, "d_M_u": 307.6533781082628, "d_K_u": 192.57801919195185, "d_M_v": 221.40891666567393, "d_K_v": 106.33355774936294, "current_owner_u": "Agla-Petit-Château", "current_owner_v": "Agla-Petit-Château"}}, {"type": "Feature", "geometry": {"type": "LineString", "coordinates": [[2.3744797, 6.3853218], [2.3746026, 6.3852585]]}, "properties": {"kind": "single_owner", "winner": "Kouhounou", "color": "#dcca40", "length_m": 15.3, "d_M_u": 247.33224328693598, "d_K_u": 132.256884370625, "d_M_v": 262.62335395204934, "d_K_v": 147.54799503573835, "current_owner_u": "Agla-Petit-Château", "current_owner_v": "Kouhounou"}}, {"type": "Feature", "geometry": {"type": "LineString", "coordinates": [[2.3744797, 6.3853218], [2.3737951, 6.3857324]]}, "properties": {"kind": "single_owner", "winner": "Kouhounou", "color": "#dcca40", "length_m": 88.3, "d_M_u": 247.33224328693598, "d_K_u": 132.256884370625, "d_M_v": 159.03717664419528, "d_K_v": 43.961817727884295, "current_owner_u": "Agla-Petit-Château", "current_owner_v": "Agla-Petit-Château"}}, {"type": "Feature", "geometry": {"type": "LineString", "coordinates": [[2.3842478, 6.3862209], [2.3846517, 6.3867661]]}, "properties": {"kind": "single_owner", "winner": "Kouhounou", "color": "#dcca40", "length_m": 75.0, "d_M_u": 1310.1425073228868, "d_K_u": 0.0, "d_M_v": 1385.1664623540062, "d_K_v": 75.02395503111941, "current_owner_u": "Agounvocôdji", "current_owner_v": "Agounvocôdji"}}, {"type": "Feature", "geometry": {"type": "LineString", "coordinates": [[2.3842478, 6.3862209], [2.3841738, 6.3861295]]}, "properties": {"kind": "single_owner", "winner": "Kouhounou", "color": "#dcca40", "length_m": 13.0, "d_M_u": 1310.1425073228868, "d_K_u": 0.0, "d_M_v": 1297.1387916393564, "d_K_v": 13.003715683530434, "current_owner_u": "Agounvocôdji", "current_owner_v": "Agounvocôdji"}}, {"type": "Feature", "geometry": {"type": "LineString", "coordinates": [[2.3842478, 6.3862209], [2.384459, 6.3860184]]}, "properties": {"kind": "single_owner", "winner": "Kouhounou", "color": "#dcca40", "length_m": 32.4, "d_M_u": 1310.1425073228868, "d_K_u": 0.0, "d_M_v": 1342.4994117297142, "d_K_v": 32.35690440682751, "current_owner_u": "Agounvocôdji", "current_owner_v": "Agounvocôdji"}}, {"type": "Feature", "geometry": {"type": "LineString", "coordinates": [[2.384459, 6.3860184], [2.3852117, 6.3867968]]}, "properties": {"kind": "single_owner", "winner": "Kouhounou", "color": "#dcca40", "length_m": 119.7, "d_M_u": 1342.4994117297142, "d_K_u": 32.35690440682751, "d_M_v": 1462.2388004399345, "d_K_v": 152.0962931170478, "current_owner_u": "Agounvocôdji", "current_owner_v": "Agounvocôdji"}}, {"type": "Feature", "geometry": {"type": "LineString", "coordinates": [[2.384459, 6.3860184], [2.383609, 6.3851059]]}, "properties": {"kind": "single_owner", "winner": "Kouhounou", "color": "#dcca40", "length_m": 137.9, "d_M_u": 1342.4994117297142, "d_K_u": 32.35690440682751, "d_M_v": 1369.8027908469737, "d_K_v": 162.4620958418265, "current_owner_u": "Agounvocôdji", "current_owner_v": "Agounvocôdji"}}, {"type": "Feature", "geometry": {"type": "LineString", "coordinates": [[2.384459, 6.3860184], [2.3849084, 6.3856082]]}, "properties": {"kind": "single_owner", "winner": "Kouhounou", "color": "#dcca40", "length_m": 67.3, "d_M_u": 1342.4994117297142, "d_K_u": 32.35690440682751, "d_M_v": 1409.7880053734089, "d_K_v": 99.64549805052218, "current_owner_u": "Agounvocôdji", "current_owner_v": "Agounvocôdji"}}, {"type": "Feature", "geometry": {"type": "LineString", "coordinates": [[2.3849084, 6.3856082], [2.385296, 6.385267]]}, "properties": {"kind": "single_owner", "winner": "Kouhounou", "color": "#dcca40", "length_m": 57.1, "d_M_u": 1409.7880053734089, "d_K_u": 99.64549805052218, "d_M_v": 1466.8946861916168, "d_K_v": 156.75217886873017, "current_owner_u": "Agounvocôdji", "current_owner_v": "Agounvocôdji"}}, {"type": "Feature", "geometry": {"type": "LineString", "coordinates": [[2.3849084, 6.3856082], [2.3853714, 6.3861714]]}, "properties": {"kind": "single_owner", "winner": "Kouhounou", "color": "#dcca40", "length_m": 80.6, "d_M_u": 1409.7880053734089, "d_K_u": 99.64549805052218, "d_M_v": 1490.406933226609, "d_K_v": 180.26442590372227, "current_owner_u": "Agounvocôdji", "current_owner_v": "Agounvocôdji"}}, {"type": "Feature", "geometry": {"type": "LineString", "coordinates": [[2.3849084, 6.3856082], [2.3840569, 6.3847295]]}, "properties": {"kind": "single_owner", "winner": "Kouhounou", "color": "#dcca40", "length_m": 135.3, "d_M_u": 1409.7880053734089, "d_K_u": 99.64549805052218, "d_M_v": 1434.5052812522028, "d_K_v": 227.16458624705558, "current_owner_u": "Agounvocôdji", "current_owner_v": "Agounvocôdji"}}, {"type": "Feature", "geometry": {"type": "LineString", "coordinates": [[2.385296, 6.385267], [2.3857181, 6.3848468]]}, "properties": {"kind": "single_owner", "winner": "Kouhounou", "color": "#dcca40", "length_m": 65.9, "d_M_u": 1466.8946861916168, "d_K_u": 156.75217886873017, "d_M_v": 1532.7584922250394, "d_K_v": 222.61598490215272, "current_owner_u": "Agounvocôdji", "current_owner_v": "Agounvocôdji"}}, {"type": "Feature", "geometry": {"type": "LineString", "coordinates": [[2.385296, 6.385267], [2.38443, 6.3842745]]}, "properties": {"kind": "single_owner", "winner": "Kouhounou", "color": "#dcca40", "length_m": 145.7, "d_M_u": 1466.8946861916168, "d_K_u": 156.75217886873017, "d_M_v": 1499.5692573144875, "d_K_v": 292.2285623093402, "current_owner_u": "Agounvocôdji", "current_owner_v": "Agounvocôdji"}}, {"type": "Feature", "geometry": {"type": "LineString", "coordinates": [[2.385296, 6.385267], [2.3855319, 6.3855426]]}, "properties": {"kind": "single_owner", "winner": "Kouhounou", "color": "#dcca40", "length_m": 40.1, "d_M_u": 1466.8946861916168, "d_K_u": 156.75217886873017, "d_M_v": 1507.009166400602, "d_K_v": 196.86665907771538, "current_owner_u": "Agounvocôdji", "current_owner_v": "Agounvocôdji"}}, {"type": "Feature", "geometry": {"type": "LineString", "coordinates": [[2.3604056, 6.3888837], [2.3630633, 6.3885948]]}, "properties": {"kind": "single_owner", "winner": "Mènontin", "color": "#93d64b", "length_m": 295.7, "d_M_u": 406.4689921891056, "d_K_u": 1519.8938179352544, "d_M_v": 110.72262672141682, "d_K_v": 1224.1474524675657, "current_owner_u": "Kindonou", "current_owner_v": "Kindonou"}}, {"type": "Feature", "geometry": {"type": "LineString", "coordinates": [[2.3630633, 6.3885948], [2.3635542, 6.3885335]]}, "properties": {"kind": "single_owner", "winner": "Mènontin", "color": "#93d64b", "length_m": 54.7, "d_M_u": 110.72262672141682, "d_K_u": 1224.1474524675657, "d_M_v": 55.99403655817061, "d_K_v": 1169.4188623043194, "current_owner_u": "Kindonou", "current_owner_v": "Kindonou"}}, {"type": "Feature", "geometry": {"type": "LineString", "coordinates": [[2.3635542, 6.3885335], [2.3640556, 6.3884643]]}, "properties": {"kind": "single_owner", "winner": "Mènontin", "color": "#93d64b", "length_m": 56.0, "d_M_u": 55.99403655817061, "d_K_u": 1169.4188623043194, "d_M_v": 0.0, "d_K_v": 1113.4248257461488, "current_owner_u": "Kindonou", "current_owner_v": "Kindonou"}}, {"type": "Feature", "geometry": {"type": "LineString", "coordinates": [[2.3640556, 6.3884643], [2.3648981, 6.3882816]]}, "properties": {"kind": "single_owner", "winner": "Mènontin", "color": "#93d64b", "length_m": 95.4, "d_M_u": 0.0, "d_K_u": 1113.4248257461488, "d_M_v": 95.36734869705234, "d_K_v": 1018.0574770490964, "current_owner_u": "Kindonou", "current_owner_v": "Kindonou"}}, {"type": "Feature", "geometry": {"type": "LineString", "coordinates": [[2.3640556, 6.3884643], [2.3640876, 6.3885653]]}, "properties": {"kind": "single_owner", "winner": "Mènontin", "color": "#93d64b", "length_m": 11.7, "d_M_u": 0.0, "d_K_u": 1113.4248257461488, "d_M_v": 11.71235782080136, "d_K_v": 1125.1371835669502, "current_owner_u": "Kindonou", "current_owner_v": "Kindonou"}}, {"type": "Feature", "geometry": {"type": "LineString", "coordinates": [[2.3640556, 6.3884643], [2.3640354, 6.3883812]]}, "properties": {"kind": "single_owner", "winner": "Mènontin", "color": "#93d64b", "length_m": 9.5, "d_M_u": 0.0, "d_K_u": 1113.4248257461488, "d_M_v": 9.453789598946697, "d_K_v": 1106.4952351243583, "current_owner_u": "Kindonou", "current_owner_v": "Kindonou"}}, {"type": "Feature", "geometry": {"type": "LineString", "coordinates": [[2.3648981, 6.3882816], [2.3653784, 6.3881747]]}, "properties": {"kind": "single_owner", "winner": "Mènontin", "color": "#93d64b", "length_m": 54.4, "d_M_u": 95.36734869705234, "d_K_u": 1018.0574770490964, "d_M_v": 149.80028555098986, "d_K_v": 963.6245401951588, "current_owner_u": "Kindonou", "current_owner_v": "Kindonou"}}, {"type": "Feature", "geometry": {"type": "LineString", "coordinates": [[2.3653784, 6.3881747], [2.36577, 6.3880787]]}, "properties": {"kind": "single_owner", "winner": "Mènontin", "color": "#93d64b", "length_m": 44.6, "d_M_u": 149.80028555098986, "d_K_u": 963.6245401951588, "d_M_v": 194.40313509316354, "d_K_v": 919.0216906529852, "current_owner_u": "Kindonou", "current_owner_v": "Kindonou"}}, {"type": "Feature", "geometry": {"type": "LineString", "coordinates": [[2.36577, 6.3880787], [2.3664784, 6.3878878]]}, "properties": {"kind": "single_owner", "winner": "Mènontin", "color": "#93d64b", "length_m": 81.2, "d_M_u": 194.40313509316354, "d_K_u": 919.0216906529852, "d_M_v": 275.56361824089606, "d_K_v": 837.8612075052527, "current_owner_u": "Kindonou", "current_owner_v": "Mènontin"}}, {"type": "Feature", "geometry": {"type": "LineString", "coordinates": [[2.3687687, 6.3873083], [2.3718251, 6.38657]]}, "properties": {"kind": "single_owner", "winner": "Mènontin", "color": "#93d64b", "length_m": 347.8, "d_M_u": 536.9346034650823, "d_K_u": 576.4902222810664, "d_M_v": 387.1640975838294, "d_K_v": 228.65583898030226, "current_owner_u": "Mènontin", "current_owner_v": "Agla-Petit-Château"}}, {"type": "Feature", "geometry": {"type": "LineString", "coordinates": [[2.3718251, 6.38657], [2.3719954, 6.3865167]]}, "properties": {"kind": "single_owner", "winner": "Mènontin", "color": "#93d64b", "length_m": 19.7, "d_M_u": 387.1640975838294, "d_K_u": 228.65583898030226, "d_M_v": 367.4243059405768, "d_K_v": 208.91604733704966, "current_owner_u": "Agla-Petit-Château", "current_owner_v": "Agla-Petit-Château"}}, {"type": "Feature", "geometry": {"type": "LineString", "coordinates": [[2.3719954, 6.3865167], [2.3721712, 6.3864487]]}, "properties": {"kind": "single_owner", "winner": "Mènontin", "color": "#93d64b", "length_m": 20.9, "d_M_u": 367.4243059405768, "d_K_u": 208.91604733704966, "d_M_v": 346.5737848219519, "d_K_v": 188.06552621842476, "current_owner_u": "Agla-Petit-Château", "current_owner_v": "Agla-Petit-Château"}}, {"type": "Feature", "geometry": {"type": "LineString", "coordinates": [[2.3721712, 6.3864487], [2.3723146, 6.3863834]]}, "properties": {"kind": "single_owner", "winner": "Mènontin", "color": "#93d64b", "length_m": 17.4, "d_M_u": 346.5737848219519, "d_K_u": 188.06552621842476, "d_M_v": 329.1446880672128, "d_K_v": 170.6364294636857, "current_owner_u": "Agla-Petit-Château", "current_owner_v": "Agla-Petit-Château"}}, {"type": "Feature", "geometry": {"type": "LineString", "coordinates": [[2.3723146, 6.3863834], [2.3723996, 6.386340949999999]]}, "properties": {"kind": "split_half", "winner": "Mènontin", "color": "#93d64b", "length_m": 10.5, "split_t": 0.5}}, {"type": "Feature", "geometry": {"type": "LineString", "coordinates": [[2.3723996, 6.386340949999999], [2.3724846, 6.3862985]]}, "properties": {"kind": "split_half", "winner": "Kouhounou", "color": "#dcca40", "length_m": 10.5, "split_t": 0.5}}, {"type": "Feature", "geometry": {"type": "LineString", "coordinates": [[2.3724846, 6.3862985], [2.3735867, 6.3856266]]}, "properties": {"kind": "single_owner", "winner": "Kouhounou", "color": "#dcca40", "length_m": 142.8, "d_M_u": 308.12631110380386, "d_K_u": 149.61805250027672, "d_M_v": 165.36195666142734, "d_K_v": 6.8536980579002025, "current_owner_u": "Agla-Petit-Château", "current_owner_v": "Agla-Petit-Château"}}, {"type": "Feature", "geometry": {"type": "LineString", "coordinates": [[2.3735867, 6.3856266], [2.3737153, 6.3855587]]}, "properties": {"kind": "single_owner", "winner": "Kouhounou", "color": "#dcca40", "length_m": 16.1, "d_M_u": 165.36195666142734, "d_K_u": 6.8536980579002025, "d_M_v": 180.23040180818793, "d_K_v": 22.939009395905206, "current_owner_u": "Agla-Petit-Château", "current_owner_v": "Agla-Petit-Château"}}, {"type": "Feature", "geometry": {"type": "LineString", "coordinates": [[2.3735867, 6.3856266], [2.3735736, 6.385566]]}, "properties": {"kind": "single_owner", "winner": "Kouhounou", "color": "#dcca40", "length_m": 6.9, "d_M_u": 165.36195666142734, "d_K_u": 6.8536980579002025, "d_M_v": 172.21565471932755, "d_K_v": 0.0, "current_owner_u": "Agla-Petit-Château", "current_owner_v": "Agla-Petit-Château"}}, {"type": "Feature", "geometry": {"type": "LineString", "coordinates": [[2.3735867, 6.3856266], [2.3736328, 6.3857316]]}, "properties": {"kind": "single_owner", "winner": "Kouhounou", "color": "#dcca40", "length_m": 12.7, "d_M_u": 165.36195666142734, "d_K_u": 6.8536980579002025, "d_M_v": 152.68421335755505, "d_K_v": 19.531441361772494, "current_owner_u": "Agla-Petit-Château", "current_owner_v": "Agla-Petit-Château"}}, {"type": "Feature", "geometry": {"type": "LineString", "coordinates": [[2.3737153, 6.3855587], [2.3737552, 6.3856626]]}, "properties": {"kind": "single_owner", "winner": "Kouhounou", "color": "#dcca40", "length_m": 12.3, "d_M_u": 180.23040180818793, "d_K_u": 22.939009395905206, "d_M_v": 167.92626816151508, "d_K_v": 35.0727262105645, "current_owner_u": "Agla-Petit-Château", "current_owner_v": "Agla-Petit-Château"}}, {"type": "Feature", "geometry": {"type": "LineString", "coordinates": [[2.3737153, 6.3855587], [2.3743397, 6.3851839]]}, "properties": {"kind": "single_owner", "winner": "Kouhounou", "color": "#dcca40", "length_m": 80.5, "d_M_u": 180.23040180818793, "d_K_u": 22.939009395905206, "d_M_v": 260.77866958749433, "d_K_v": 103.48727717521159, "current_owner_u": "Agla-Petit-Château", "current_owner_v": "Agla-Petit-Château"}}, {"type": "Feature", "geometry": {"type": "LineString", "coordinates": [[2.3737153, 6.3855587], [2.3736901, 6.3854886]]}, "properties": {"kind": "single_owner", "winner": "Kouhounou", "color": "#dcca40", "length_m": 8.2, "d_M_u": 180.23040180818793, "d_K_u": 22.939009395905206, "d_M_v": 187.68522460849954, "d_K_v": 15.469569889171995, "current_owner_u": "Agla-Petit-Château", "current_owner_v": "Agla-Petit-Château"}}, {"type": "Feature", "geometry": {"type": "LineString", "coordinates": [[2.3737552, 6.3856626], [2.374443, 6.3852572]]}, "properties": {"kind": "single_owner", "winner": "Kouhounou", "color": "#dcca40", "length_m": 88.3, "d_M_u": 167.92626816151508, "d_K_u": 35.0727262105645, "d_M_v": 256.23209444556346, "d_K_v": 123.3785524946129, "current_owner_u": "Agla-Petit-Château", "current_owner_v": "Agla-Petit-Château"}}, {"type": "Feature", "geometry": {"type": "LineString", "coordinates": [[2.3737552, 6.3856626], [2.3737951, 6.3857324]]}, "properties": {"kind": "single_owner", "winner": "Kouhounou", "color": "#dcca40", "length_m": 8.9, "d_M_u": 167.92626816151508, "d_K_u": 35.0727262105645, "d_M_v": 159.03717664419528, "d_K_v": 43.961817727884295, "current_owner_u": "Agla-Petit-Château", "current_owner_v": "Agla-Petit-Château"}}, {"type": "Feature", "geometry": {"type": "LineString", "coordinates": [[2.3737552, 6.3856626], [2.3736328, 6.3857316]]}, "properties": {"kind": "single_owner", "winner": "Kouhounou", "color": "#dcca40", "length_m": 15.5, "d_M_u": 167.92626816151508, "d_K_u": 35.0727262105645, "d_M_v": 152.68421335755505, "d_K_v": 19.531441361772494, "current_owner_u": "Agla-Petit-Château", "current_owner_v": "Agla-Petit-Château"}}, {"type": "Feature", "geometry": {"type": "LineString", "coordinates": [[2.3736328, 6.3857316], [2.3736743, 6.3858028]]}, "properties": {"kind": "single_owner", "winner": "Kouhounou", "color": "#dcca40", "length_m": 9.1, "d_M_u": 152.68421335755505, "d_K_u": 19.531441361772494, "d_M_v": 143.57257476797366, "d_K_v": 28.64307995135389, "current_owner_u": "Agla-Petit-Château", "current_owner_v": "Agla-Petit-Château"}}, {"type": "Feature", "geometry": {"type": "LineString", "coordinates": [[2.3736328, 6.3857316], [2.3725424, 6.3863877]]}, "properties": {"kind": "single_owner", "winner": "Kouhounou", "color": "#dcca40", "length_m": 140.8, "d_M_u": 152.68421335755505, "d_K_u": 19.531441361772494, "d_M_v": 293.43692649235777, "d_K_v": 160.2841544965752, "current_owner_u": "Agla-Petit-Château", "current_owner_v": "Agla-Petit-Château"}}, {"type": "Feature", "geometry": {"type": "LineString", "coordinates": [[2.3840747, 6.3860148], [2.383838, 6.3857929]]}, "properties": {"kind": "single_owner", "winner": "Kouhounou", "color": "#dcca40", "length_m": 35.9, "d_M_u": 1280.3772620435666, "d_K_u": 29.765245279320208, "d_M_v": 1244.497511307798, "d_K_v": 0.0, "current_owner_u": "Agounvocôdji", "current_owner_v": "Agounvocôdji"}}, {"type": "Feature", "geometry": {"type": "LineString", "coordinates": [[2.3840747, 6.3860148], [2.3841738, 6.3861295]]}, "properties": {"kind": "single_owner", "winner": "Kouhounou", "color": "#dcca40", "length_m": 16.8, "d_M_u": 1280.3772620435666, "d_K_u": 29.765245279320208, "d_M_v": 1297.1387916393564, "d_K_v": 13.003715683530434, "current_owner_u": "Agounvocôdji", "current_owner_v": "Agounvocôdji"}}, {"type": "Feature", "geometry": {"type": "LineString", "coordinates": [[2.3841738, 6.3861295], [2.3838957, 6.3865516]]}, "properties": {"kind": "single_owner", "winner": "Kouhounou", "color": "#dcca40", "length_m": 55.9, "d_M_u": 1297.1387916393564, "d_K_u": 13.003715683530434, "d_M_v": 1342.5914518124562, "d_K_v": 68.89278563898631, "current_owner_u": "Agounvocôdji", "current_owner_v": "Agounvocôdji"}}, {"type": "Feature", "geometry": {"type": "LineString", "coordinates": [[2.3846517, 6.3867661], [2.3831997, 6.3887504]]}, "properties": {"kind": "single_owner", "winner": "Kouhounou", "color": "#dcca40", "length_m": 271.9, "d_M_u": 1385.1664623540062, "d_K_u": 75.02395503111941, "d_M_v": 1156.5200827477267, "d_K_v": 346.8967252596575, "current_owner_u": "Agounvocôdji", "current_owner_v": "Agounvocôdji"}}, {"type": "Feature", "geometry": {"type": "LineString", "coordinates": [[2.3846517, 6.3867661], [2.3849914, 6.3871808]]}, "properties": {"kind": "single_owner", "winner": "Kouhounou", "color": "#dcca40", "length_m": 59.3, "d_M_u": 1385.1664623540062, "d_K_u": 75.02395503111941, "d_M_v": 1444.442792854362, "d_K_v": 134.3002855314754, "current_owner_u": "Agounvocôdji", "current_owner_v": "Agounvocôdji"}}, {"type": "Feature", "geometry": {"type": "LineString", "coordinates": [[2.3849914, 6.3871808], [2.3852258, 6.3874551]]}, "properties": {"kind": "single_owner", "winner": "Kouhounou", "color": "#dcca40", "length_m": 39.9, "d_M_u": 1444.442792854362, "d_K_u": 134.3002855314754, "d_M_v": 1484.3401951310045, "d_K_v": 174.19768780811776, "current_owner_u": "Agounvocôdji", "current_owner_v": "Agounvocôdji"}}, {"type": "Feature", "geometry": {"type": "LineString", "coordinates": [[2.3849914, 6.3871808], [2.3839044, 6.3886171]]}, "properties": {"kind": "single_owner", "winner": "Kouhounou", "color": "#dcca40", "length_m": 199.2, "d_M_u": 1444.442792854362, "d_K_u": 134.3002855314754, "d_M_v": 1274.6818031588648, "d_K_v": 333.4692397390616, "current_owner_u": "Agounvocôdji", "current_owner_v": "Agounvocôdji"}}, {"type": "Feature", "geometry": {"type": "LineString", "coordinates": [[2.3852258, 6.3874551], [2.385612, 6.3879098]]}, "properties": {"kind": "single_owner", "winner": "Kouhounou", "color": "#dcca40", "length_m": 66.0, "d_M_u": 1484.3401951310045, "d_K_u": 174.19768780811776, "d_M_v": 1468.1370620530581, "d_K_v": 240.16527066780003, "current_owner_u": "Agounvocôdji", "current_owner_v": "Agounvocôdji"}}, {"type": "Feature", "geometry": {"type": "LineString", "coordinates": [[2.38443, 6.3842745], [2.3840569, 6.3847295]]}, "properties": {"kind": "single_owner", "winner": "Kouhounou", "color": "#dcca40", "length_m": 65.1, "d_M_u": 1499.5692573144875, "d_K_u": 292.2285623093402, "d_M_v": 1434.5052812522028, "d_K_v": 227.16458624705558, "current_owner_u": "Agounvocôdji", "current_owner_v": "Agounvocôdji"}}, {"type": "Feature", "geometry": {"type": "LineString", "coordinates": [[2.3840569, 6.3847295], [2.383609, 6.3851059]]}, "properties": {"kind": "single_owner", "winner": "Kouhounou", "color": "#dcca40", "length_m": 64.7, "d_M_u": 1434.5052812522028, "d_K_u": 227.16458624705558, "d_M_v": 1369.8027908469737, "d_K_v": 162.4620958418265, "current_owner_u": "Agounvocôdji", "current_owner_v": "Agounvocôdji"}}, {"type": "Feature", "geometry": {"type": "LineString", "coordinates": [[2.383609, 6.3851059], [2.3834761, 6.3849808]]}, "properties": {"kind": "single_owner", "winner": "Kouhounou", "color": "#dcca40", "length_m": 20.2, "d_M_u": 1369.8027908469737, "d_K_u": 162.4620958418265, "d_M_v": 1349.6188153056967, "d_K_v": 142.27812030054946, "current_owner_u": "Agounvocôdji", "current_owner_v": "Agounvocôdji"}}, {"type": "Feature", "geometry": {"type": "LineString", "coordinates": [[2.383838, 6.3857929], [2.3833836, 6.3860061]]}, "properties": {"kind": "single_owner", "winner": "Kouhounou", "color": "#dcca40", "length_m": 55.5, "d_M_u": 1244.497511307798, "d_K_u": 0.0, "d_M_v": 1188.9778114259057, "d_K_v": 55.51969988189247, "current_owner_u": "Agounvocôdji", "current_owner_v": "Agounvocôdji"}}, {"type": "Feature", "geometry": {"type": "LineString", "coordinates": [[2.383838, 6.3857929], [2.3837703, 6.385743]]}, "properties": {"kind": "single_owner", "winner": "Kouhounou", "color": "#dcca40", "length_m": 9.3, "d_M_u": 1244.497511307798, "d_K_u": 0.0, "d_M_v": 1253.7990659499644, "d_K_v": 9.301554642166389, "current_owner_u": "Agounvocôdji", "current_owner_v": "Agounvocôdji"}}, {"type": "Feature", "geometry": {"type": "LineString", "coordinates": [[2.3837703, 6.385743], [2.3836804, 6.3856804]]}, "properties": {"kind": "single_owner", "winner": "Kouhounou", "color": "#dcca40", "length_m": 12.1, "d_M_u": 1253.7990659499644, "d_K_u": 9.301554642166389, "d_M_v": 1265.9150280389597, "d_K_v": 21.417516731161687, "current_owner_u": "Agounvocôdji", "current_owner_v": "Agounvocôdji"}}, {"type": "Feature", "geometry": {"type": "LineString", "coordinates": [[2.3836804, 6.3856804], [2.3834924, 6.385557]]}, "properties": {"kind": "single_owner", "winner": "Kouhounou", "color": "#dcca40", "length_m": 24.9, "d_M_u": 1265.9150280389597, "d_K_u": 21.417516731161687, "d_M_v": 1290.7872939898523, "d_K_v": 46.28978268205424, "current_owner_u": "Agounvocôdji", "current_owner_v": "Agounvocôdji"}}, {"type": "Feature", "geometry": {"type": "LineString", "coordinates": [[2.3834924, 6.385557], [2.3834029, 6.3855084]]}, "properties": {"kind": "single_owner", "winner": "Kouhounou", "color": "#dcca40", "length_m": 11.3, "d_M_u": 1290.7872939898523, "d_K_u": 46.28978268205424, "d_M_v": 1302.0520891671365, "d_K_v": 57.55457785933834, "current_owner_u": "Agounvocôdji", "current_owner_v": "Agounvocôdji"}}, {"type": "Feature", "geometry": {"type": "LineString", "coordinates": [[2.3834029, 6.3855084], [2.3831722, 6.3853813]]}, "properties": {"kind": "single_owner", "winner": "Kouhounou", "color": "#dcca40", "length_m": 29.1, "d_M_u": 1302.0520891671365, "d_K_u": 57.55457785933834, "d_M_v": 1294.028816553531, "d_K_v": 86.68812154838375, "current_owner_u": "Agounvocôdji", "current_owner_v": "Agounvocôdji"}}, {"type": "Feature", "geometry": {"type": "LineString", "coordinates": [[2.3831722, 6.3853813], [2.3834761, 6.3849808]]}, "properties": {"kind": "single_owner", "winner": "Kouhounou", "color": "#dcca40", "length_m": 55.6, "d_M_u": 1294.028816553531, "d_K_u": 86.68812154838375, "d_M_v": 1349.6188153056967, "d_K_v": 142.27812030054946, "current_owner_u": "Agounvocôdji", "current_owner_v": "Agounvocôdji"}}, {"type": "Feature", "geometry": {"type": "LineString", "coordinates": [[2.3831722, 6.3853813], [2.3821495, 6.3849185]]}, "properties": {"kind": "single_owner", "winner": "Kouhounou", "color": "#dcca40", "length_m": 124.2, "d_M_u": 1294.028816553531, "d_K_u": 86.68812154838375, "d_M_v": 1169.8607138779435, "d_K_v": 210.85622422397125, "current_owner_u": "Agounvocôdji", "current_owner_v": "Kouhounou"}}, {"type": "Feature", "geometry": {"type": "LineString", "coordinates": [[2.386036, 6.3876079], [2.3852117, 6.3867968]]}, "properties": {"kind": "single_owner", "winner": "Kouhounou", "color": "#dcca40", "length_m": 127.9, "d_M_u": 1539.5571496003563, "d_K_u": 279.9811366603475, "d_M_v": 1462.2388004399345, "d_K_v": 152.0962931170478, "current_owner_u": "Agounvocôdji", "current_owner_v": "Agounvocôdji"}}, {"type": "Feature", "geometry": {"type": "LineString", "coordinates": [[2.3852117, 6.3867968], [2.3852387, 6.3866912]]}, "properties": {"kind": "single_owner", "winner": "Kouhounou", "color": "#dcca40", "length_m": 12.0, "d_M_u": 1462.2388004399345, "d_K_u": 152.0962931170478, "d_M_v": 1474.2879274369473, "d_K_v": 164.14542011406056, "current_owner_u": "Agounvocôdji", "current_owner_v": "Agounvocôdji"}}, {"type": "Feature", "geometry": {"type": "LineString", "coordinates": [[2.3834761, 6.3849808], [2.3827882, 6.384295]]}, "properties": {"kind": "single_owner", "winner": "Kouhounou", "color": "#dcca40", "length_m": 107.4, "d_M_u": 1349.6188153056967, "d_K_u": 142.27812030054946, "d_M_v": 1268.5663563468593, "d_K_v": 249.69463851955862, "current_owner_u": "Agounvocôdji", "current_owner_v": "Kouhounou"}}, {"type": "Feature", "geometry": {"type": "LineString", "coordinates": [[2.3834761, 6.3849808], [2.3838629, 6.3844571]]}, "properties": {"kind": "single_owner", "winner": "Kouhounou", "color": "#dcca40", "length_m": 72.0, "d_M_u": 1349.6188153056967, "d_K_u": 142.27812030054946, "d_M_v": 1421.6070383571878, "d_K_v": 214.2663433520406, "current_owner_u": "Agounvocôdji", "current_owner_v": "Agounvocôdji"}}, {"type": "Feature", "geometry": {"type": "LineString", "coordinates": [[2.3853714, 6.3861714], [2.3853512, 6.3862505]]}, "properties": {"kind": "single_owner", "winner": "Kouhounou", "color": "#dcca40", "length_m": 9.0, "d_M_u": 1490.406933226609, "d_K_u": 180.26442590372227, "d_M_v": 1499.4316986613314, "d_K_v": 189.28919133844482, "current_owner_u": "Agounvocôdji", "current_owner_v": "Agounvocôdji"}}, {"type": "Feature", "geometry": {"type": "LineString", "coordinates": [[2.3853714, 6.3861714], [2.3855319, 6.3855426]]}, "properties": {"kind": "single_owner", "winner": "Kouhounou", "color": "#dcca40", "length_m": 71.7, "d_M_u": 1490.406933226609, "d_K_u": 180.26442590372227, "d_M_v": 1507.009166400602, "d_K_v": 196.86665907771538, "current_owner_u": "Agounvocôdji", "current_owner_v": "Agounvocôdji"}}, {"type": "Feature", "geometry": {"type": "LineString", "coordinates": [[2.3855319, 6.3855426], [2.3857364, 6.3857489]]}, "properties": {"kind": "single_owner", "winner": "Kouhounou", "color": "#dcca40", "length_m": 32.1, "d_M_u": 1507.009166400602, "d_K_u": 196.86665907771538, "d_M_v": 1539.13180541487, "d_K_v": 228.9892980919835, "current_owner_u": "Agounvocôdji", "current_owner_v": "Agounvocôdji"}}, {"type": "Feature", "geometry": {"type": "LineString", "coordinates": [[2.3857364, 6.3857489], [2.385837, 6.3858249]]}, "properties": {"kind": "single_owner", "winner": "Kouhounou", "color": "#dcca40", "length_m": 13.9, "d_M_u": 1539.13180541487, "d_K_u": 228.9892980919835, "d_M_v": 1553.0758709886081, "d_K_v": 242.9333636657216, "current_owner_u": "Agounvocôdji", "current_owner_v": "Agounvocôdji"}}, {"type": "Feature", "geometry": {"type": "LineString", "coordinates": [[2.3871783, 6.3867633], [2.3853512, 6.3862505]]}, "properties": {"kind": "single_owner", "winner": "Kouhounou", "color": "#dcca40", "length_m": 209.9, "d_M_u": 1709.3587785897614, "d_K_u": 399.2162712668748, "d_M_v": 1499.4316986613314, "d_K_v": 189.28919133844482, "current_owner_u": "Agounvocôdji", "current_owner_v": "Agounvocôdji"}}, {"type": "Feature", "geometry": {"type": "LineString", "coordinates": [[2.3852387, 6.3866912], [2.3853512, 6.3862505]]}, "properties": {"kind": "single_owner", "winner": "Kouhounou", "color": "#dcca40", "length_m": 50.3, "d_M_u": 1474.2879274369473, "d_K_u": 164.14542011406056, "d_M_v": 1499.4316986613314, "d_K_v": 189.28919133844482, "current_owner_u": "Agounvocôdji", "current_owner_v": "Agounvocôdji"}}, {"type": "Feature", "geometry": {"type": "LineString", "coordinates": [[2.3852387, 6.3866912], [2.3874691, 6.3874976]]}, "properties": {"kind": "single_owner", "winner": "Kouhounou", "color": "#dcca40", "length_m": 262.4, "d_M_u": 1474.2879274369473, "d_K_u": 164.14542011406056, "d_M_v": 1679.8289899524684, "d_K_v": 426.4986842767065, "current_owner_u": "Agounvocôdji", "current_owner_v": "Agounvocôdji"}}, {"type": "Feature", "geometry": {"type": "LineString", "coordinates": [[2.3827485, 6.3868672], [2.3825661, 6.3875584]]}, "properties": {"kind": "single_owner", "winner": "Kouhounou", "color": "#dcca40", "length_m": 79.0, "d_M_u": 1207.7641038410247, "d_K_u": 185.17695170405634, "d_M_v": 1200.9324427235586, "d_K_v": 264.2018762425795, "current_owner_u": "Agounvocôdji", "current_owner_v": "Zogbohouè"}}, {"type": "Feature", "geometry": {"type": "LineString", "coordinates": [[2.3827485, 6.3868672], [2.3829311, 6.3862211]]}, "properties": {"kind": "single_owner", "winner": "Kouhounou", "color": "#dcca40", "length_m": 74.2, "d_M_u": 1207.7641038410247, "d_K_u": 185.17695170405634, "d_M_v": 1133.5423317223833, "d_K_v": 110.95517958541494, "current_owner_u": "Agounvocôdji", "current_owner_v": "Agounvocôdji"}}, {"type": "Feature", "geometry": {"type": "LineString", "coordinates": [[2.3827485, 6.3868672], [2.3834544, 6.386544]]}, "properties": {"kind": "single_owner", "winner": "Kouhounou", "color": "#dcca40", "length_m": 85.9, "d_M_u": 1207.7641038410247, "d_K_u": 185.17695170405634, "d_M_v": 1293.6409808550557, "d_K_v": 117.84325659638691, "current_owner_u": "Agounvocôdji", "current_owner_v": "Agounvocôdji"}}, {"type": "Feature", "geometry": {"type": "LineString", "coordinates": [[2.3834544, 6.386544], [2.3832531, 6.3873244]]}, "properties": {"kind": "single_owner", "winner": "Kouhounou", "color": "#dcca40", "length_m": 89.1, "d_M_u": 1293.6409808550557, "d_K_u": 117.84325659638691, "d_M_v": 1297.907302728468, "d_K_v": 206.93676123999057, "current_owner_u": "Agounvocôdji", "current_owner_v": "Agounvocôdji"}}, {"type": "Feature", "geometry": {"type": "LineString", "coordinates": [[2.3834544, 6.386544], [2.383551, 6.3865333]]}, "properties": {"kind": "single_owner", "winner": "Kouhounou", "color": "#dcca40", "length_m": 10.8, "d_M_u": 1293.6409808550557, "d_K_u": 117.84325659638691, "d_M_v": 1304.392939392654, "d_K_v": 107.09129805878854, "current_owner_u": "Agounvocôdji", "current_owner_v": "Agounvocôdji"}}, {"type": "Feature", "geometry": {"type": "LineString", "coordinates": [[2.383551, 6.3865333], [2.3836463, 6.3865346]]}, "properties": {"kind": "single_owner", "winner": "Kouhounou", "color": "#dcca40", "length_m": 10.5, "d_M_u": 1304.392939392654, "d_K_u": 107.09129805878854, "d_M_v": 1314.9368060522143, "d_K_v": 96.5474313992282, "current_owner_u": "Agounvocôdji", "current_owner_v": "Agounvocôdji"}}, {"type": "Feature", "geometry": {"type": "LineString", "coordinates": [[2.3836463, 6.3865346], [2.3838957, 6.3865516]]}, "properties": {"kind": "single_owner", "winner": "Kouhounou", "color": "#dcca40", "length_m": 27.7, "d_M_u": 1314.9368060522143, "d_K_u": 96.5474313992282, "d_M_v": 1342.5914518124562, "d_K_v": 68.89278563898631, "current_owner_u": "Agounvocôdji", "current_owner_v": "Agounvocôdji"}}, {"type": "Feature", "geometry": {"type": "LineString", "coordinates": [[2.3838957, 6.3865516], [2.3832168, 6.387617]]}, "properties": {"kind": "single_owner", "winner": "Kouhounou", "color": "#dcca40", "length_m": 139.7, "d_M_u": 1342.5914518124562, "d_K_u": 68.89278563898631, "d_M_v": 1265.0558082712857, "d_K_v": 208.57265877366967, "current_owner_u": "Agounvocôdji", "current_owner_v": "<unclaimed>"}}, {"type": "Feature", "geometry": {"type": "LineString", "coordinates": [[2.3829311, 6.3862211], [2.3831692, 6.3861156]]}, "properties": {"kind": "single_owner", "winner": "Kouhounou", "color": "#dcca40", "length_m": 28.8, "d_M_u": 1133.5423317223833, "d_K_u": 110.95517958541494, "d_M_v": 1162.3491021800364, "d_K_v": 82.14840912776181, "current_owner_u": "Agounvocôdji", "current_owner_v": "Agounvocôdji"}}, {"type": "Feature", "geometry": {"type": "LineString", "coordinates": [[2.3829311, 6.3862211], [2.3819689, 6.3867155]]}, "properties": {"kind": "single_owner", "winner": "Kouhounou", "color": "#dcca40", "length_m": 119.7, "d_M_u": 1133.5423317223833, "d_K_u": 110.95517958541494, "d_M_v": 1013.8860760206323, "d_K_v": 230.61143528716588, "current_owner_u": "Agounvocôdji", "current_owner_v": "Zogbohouè"}}, {"type": "Feature", "geometry": {"type": "LineString", "coordinates": [[2.3636285, 6.3930025], [2.3642846, 6.3929354]]}, "properties": {"kind": "single_owner", "winner": "Mènontin", "color": "#93d64b", "length_m": 73.0, "d_M_u": 185.1747250348851, "d_K_u": 1682.5912355154605, "d_M_v": 112.21342942866845, "d_K_v": 1609.6299399092438, "current_owner_u": "Kindonou", "current_owner_v": "Kindonou"}}, {"type": "Feature", "geometry": {"type": "LineString", "coordinates": [[2.3642846, 6.3929354], [2.3643086, 6.3922959]]}, "properties": {"kind": "single_owner", "winner": "Mènontin", "color": "#93d64b", "length_m": 70.7, "d_M_u": 112.21342942866845, "d_K_u": 1609.6299399092438, "d_M_v": 179.21944721175637, "d_K_v": 1538.8897659277218, "current_owner_u": "Kindonou", "current_owner_v": "Kindonou"}}, {"type": "Feature", "geometry": {"type": "LineString", "coordinates": [[2.3642846, 6.3929354], [2.3640857, 6.3943075]]}, "properties": {"kind": "single_owner", "winner": "Mènontin", "color": "#93d64b", "length_m": 153.3, "d_M_u": 112.21342942866845, "d_K_u": 1609.6299399092438, "d_M_v": 265.4731800540116, "d_K_v": 1762.8896905345869, "current_owner_u": "Kindonou", "current_owner_v": "Kindonou"}}, {"type": "Feature", "geometry": {"type": "LineString", "coordinates": [[2.3642846, 6.3929354], [2.3648119, 6.3928695]]}, "properties": {"kind": "single_owner", "winner": "Mènontin", "color": "#93d64b", "length_m": 58.8, "d_M_u": 112.21342942866845, "d_K_u": 1609.6299399092438, "d_M_v": 53.425992458176076, "d_K_v": 1572.1336496314639, "current_owner_u": "Kindonou", "current_owner_v": "Kindonou"}}, {"type": "Feature", "geometry": {"type": "LineString", "coordinates": [[2.3648119, 6.3928695], [2.3652932, 6.3928298]]}, "properties": {"kind": "single_owner", "winner": "Mènontin", "color": "#93d64b", "length_m": 53.4, "d_M_u": 53.425992458176076, "d_K_u": 1572.1336496314639, "d_M_v": 0.0, "d_K_v": 1527.7249821332473, "current_owner_u": "Kindonou", "current_owner_v": "Kindonou"}}, {"type": "Feature", "geometry": {"type": "LineString", "coordinates": [[2.3648119, 6.3928695], [2.3648202, 6.392246]]}, "properties": {"kind": "single_owner", "winner": "Mènontin", "color": "#93d64b", "length_m": 68.9, "d_M_u": 53.425992458176076, "d_K_u": 1572.1336496314639, "d_M_v": 122.35379869552656, "d_K_v": 1503.2058433941133, "current_owner_u": "Kindonou", "current_owner_v": "Kindonou"}}, {"type": "Feature", "geometry": {"type": "LineString", "coordinates": [[2.3648119, 6.3928695], [2.36478, 6.3932473]]}, "properties": {"kind": "single_owner", "winner": "Mènontin", "color": "#93d64b", "length_m": 41.9, "d_M_u": 53.425992458176076, "d_K_u": 1572.1336496314639, "d_M_v": 95.3368480168183, "d_K_v": 1614.044505190106, "current_owner_u": "Kindonou", "current_owner_v": "Kindonou"}}, {"type": "Feature", "geometry": {"type": "LineString", "coordinates": [[2.3652932, 6.3928298], [2.366918, 6.3927551]]}, "properties": {"kind": "single_owner", "winner": "Mènontin", "color": "#93d64b", "length_m": 179.9, "d_M_u": 0.0, "d_K_u": 1527.7249821332473, "d_M_v": 154.80241568687762, "d_K_v": 1347.786380052377, "current_owner_u": "Kindonou", "current_owner_v": "Mènontin"}}, {"type": "Feature", "geometry": {"type": "LineString", "coordinates": [[2.3652932, 6.3928298], [2.3652729, 6.3933514]]}, "properties": {"kind": "single_owner", "winner": "Mènontin", "color": "#93d64b", "length_m": 57.7, "d_M_u": 0.0, "d_K_u": 1527.7249821332473, "d_M_v": 57.70138335504391, "d_K_v": 1569.8107913032013, "current_owner_u": "Kindonou", "current_owner_v": "Kindonou"}}, {"type": "Feature", "geometry": {"type": "LineString", "coordinates": [[2.3610698, 6.3925488], [2.3643086, 6.3922959]]}, "properties": {"kind": "single_owner", "winner": "Mènontin", "color": "#93d64b", "length_m": 359.4, "d_M_u": 533.0361109214216, "d_K_u": 1792.8869477283267, "d_M_v": 179.21944721175637, "d_K_v": 1538.8897659277218, "current_owner_u": "Kindonou", "current_owner_v": "Kindonou"}}, {"type": "Feature", "geometry": {"type": "LineString", "coordinates": [[2.3670139, 6.3942434], [2.3651524, 6.3942962]]}, "properties": {"kind": "single_owner", "winner": "Mènontin", "color": "#93d64b", "length_m": 206.0, "d_M_u": 287.02487661939244, "d_K_u": 1445.4227977443384, "d_M_v": 163.05525116290073, "d_K_v": 1646.2970194175414, "current_owner_u": "Mènontin", "current_owner_v": "Kindonou"}}, {"type": "Feature", "geometry": {"type": "LineString", "coordinates": [[2.3643114, 6.3921846], [2.3643086, 6.3922959]]}, "properties": {"kind": "single_owner", "winner": "Mènontin", "color": "#93d64b", "length_m": 12.3, "d_M_u": 187.99296522955288, "d_K_u": 1526.5827650828169, "d_M_v": 179.21944721175637, "d_K_v": 1538.8897659277218, "current_owner_u": "Kindonou", "current_owner_v": "Kindonou"}}, {"type": "Feature", "geometry": {"type": "LineString", "coordinates": [[2.3643114, 6.3921846], [2.3637497, 6.3922176]]}, "properties": {"kind": "single_owner", "winner": "Mènontin", "color": "#93d64b", "length_m": 62.2, "d_M_u": 187.99296522955288, "d_K_u": 1526.5827650828169, "d_M_v": 250.23991985766935, "d_K_v": 1553.1251897534767, "current_owner_u": "Kindonou", "current_owner_v": "Kindonou"}}, {"type": "Feature", "geometry": {"type": "LineString", "coordinates": [[2.3643114, 6.3921846], [2.364815, 6.3921571]]}, "properties": {"kind": "single_owner", "winner": "Mènontin", "color": "#93d64b", "length_m": 55.8, "d_M_u": 187.99296522955288, "d_K_u": 1526.5827650828169, "d_M_v": 132.19762822878087, "d_K_v": 1493.362013860859, "current_owner_u": "Kindonou", "current_owner_v": "Kindonou"}}, {"type": "Feature", "geometry": {"type": "LineString", "coordinates": [[2.3643114, 6.3921846], [2.3643158, 6.3913056]]}, "properties": {"kind": "single_owner", "winner": "Mènontin", "color": "#93d64b", "length_m": 97.2, "d_M_u": 187.99296522955288, "d_K_u": 1526.5827650828169, "d_M_v": 285.1588444932428, "d_K_v": 1429.416885819127, "current_owner_u": "Kindonou", "current_owner_v": "Kindonou"}}, {"type": "Feature", "geometry": {"type": "LineString", "coordinates": [[2.3643086, 6.3922959], [2.3648202, 6.392246]]}, "properties": {"kind": "single_owner", "winner": "Mènontin", "color": "#93d64b", "length_m": 56.9, "d_M_u": 179.21944721175637, "d_K_u": 1538.8897659277218, "d_M_v": 122.35379869552656, "d_K_v": 1503.2058433941133, "current_owner_u": "Kindonou", "current_owner_v": "Kindonou"}}, {"type": "Feature", "geometry": {"type": "LineString", "coordinates": [[2.3863323, 6.3771706], [2.3859031, 6.3771893]]}, "properties": {"kind": "single_owner", "winner": "Kouhounou", "color": "#dcca40", "length_m": 47.5, "d_M_u": null, "d_K_u": 169.74858595183622, "d_M_v": 1975.3957933258425, "d_K_v": 122.22189903568466, "current_owner_u": "Védokô", "current_owner_v": "Védokô"}}, {"type": "Feature", "geometry": {"type": "LineString", "coordinates": [[2.3863323, 6.3771706], [2.3862172, 6.3760044]]}, "properties": {"kind": "single_owner", "winner": "Kouhounou", "color": "#dcca40", "length_m": 129.5, "d_M_u": null, "d_K_u": 169.74858595183622, "d_M_v": null, "d_K_v": 189.12607768201235, "current_owner_u": "Védokô", "current_owner_v": "Ahogbohoué-Cité-Eucharistie"}}, {"type": "Feature", "geometry": {"type": "LineString", "coordinates": [[2.3863323, 6.3771706], [2.3867878, 6.3771458]]}, "properties": {"kind": "single_owner", "winner": "Kouhounou", "color": "#dcca40", "length_m": 50.5, "d_M_u": null, "d_K_u": 169.74858595183622, "d_M_v": null, "d_K_v": 220.21433988594274, "current_owner_u": "Védokô", "current_owner_v": "Védokô"}}, {"type": "Feature", "geometry": {"type": "LineString", "coordinates": [[2.3843543, 6.3776139], [2.3843522, 6.3775786]]}, "properties": {"kind": "single_owner", "winner": "Kouhounou", "color": "#dcca40", "length_m": 3.9, "d_M_u": 1778.3161546774006, "d_K_u": 717.5277097134198, "d_M_v": 1774.4071829103086, "d_K_v": 713.6187379463277, "current_owner_u": "Védokô", "current_owner_v": "Védokô"}}, {"type": "Feature", "geometry": {"type": "LineString", "coordinates": [[2.3843522, 6.3775786], [2.3849425, 6.3775283]]}, "properties": {"kind": "single_owner", "winner": "Kouhounou", "color": "#dcca40", "length_m": 65.5, "d_M_u": 1774.4071829103086, "d_K_u": 713.6187379463277, "d_M_v": 1839.9474091099617, "d_K_v": 779.1589641459806, "current_owner_u": "Védokô", "current_owner_v": "Védokô"}}, {"type": "Feature", "geometry": {"type": "LineString", "coordinates": [[2.3843522, 6.3775786], [2.383073, 6.3776149]]}, "properties": {"kind": "single_owner", "winner": "Kouhounou", "color": "#dcca40", "length_m": 141.6, "d_M_u": 1774.4071829103086, "d_K_u": 713.6187379463277, "d_M_v": 1632.8344462670168, "d_K_v": 572.0460013030357, "current_owner_u": "Védokô", "current_owner_v": "Védokô"}}, {"type": "Feature", "geometry": {"type": "LineString", "coordinates": [[2.3821835, 6.3783284], [2.3820984, 6.3777648]]}, "properties": {"kind": "single_owner", "winner": "Kouhounou", "color": "#dcca40", "length_m": 63.0, "d_M_u": 1586.5544324731309, "d_K_u": 525.7659875091495, "d_M_v": 1523.5467722181531, "d_K_v": 462.7583272541717, "current_owner_u": "Védokô", "current_owner_v": "Védokô"}}, {"type": "Feature", "geometry": {"type": "LineString", "coordinates": [[2.364815, 6.3921571], [2.3648202, 6.392246]]}, "properties": {"kind": "single_owner", "winner": "Mènontin", "color": "#93d64b", "length_m": 9.8, "d_M_u": 132.19762822878087, "d_K_u": 1493.362013860859, "d_M_v": 122.35379869552656, "d_K_v": 1503.2058433941133, "current_owner_u": "Kindonou", "current_owner_v": "Kindonou"}}, {"type": "Feature", "geometry": {"type": "LineString", "coordinates": [[2.364815, 6.3921571], [2.3676188, 6.3918849]]}, "properties": {"kind": "single_owner", "winner": "Mènontin", "color": "#93d64b", "length_m": 311.6, "d_M_u": 132.19762822878087, "d_K_u": 1493.362013860859, "d_M_v": 0.0, "d_K_v": 1206.1792307022795, "current_owner_u": "Kindonou", "current_owner_v": "Mènontin"}}, {"type": "Feature", "geometry": {"type": "LineString", "coordinates": [[2.364815, 6.3921571], [2.3648022, 6.3916045]]}, "properties": {"kind": "single_owner", "winner": "Mènontin", "color": "#93d64b", "length_m": 61.1, "d_M_u": 132.19762822878087, "d_K_u": 1493.362013860859, "d_M_v": 193.29844321200477, "d_K_v": 1432.261198877635, "current_owner_u": "Kindonou", "current_owner_v": "Kindonou"}}, {"type": "Feature", "geometry": {"type": "LineString", "coordinates": [[2.3729432, 6.3892174], [2.3749095, 6.3879437]]}, "properties": {"kind": "single_owner", "winner": "Mènontin", "color": "#93d64b", "length_m": 259.1, "d_M_u": 142.213127535914, "d_K_u": 534.9207495051777, "d_M_v": 61.31996629051185, "d_K_v": 301.93949003379095, "current_owner_u": "Mènontin", "current_owner_v": "Agla-Petit-Château"}}, {"type": "Feature", "geometry": {"type": "LineString", "coordinates": [[2.3749095, 6.3879437], [2.3748726, 6.3878881]]}, "properties": {"kind": "single_owner", "winner": "Mènontin", "color": "#93d64b", "length_m": 7.4, "d_M_u": 61.31996629051185, "d_K_u": 301.93949003379095, "d_M_v": 53.941763785625945, "d_K_v": 294.56128752890504, "current_owner_u": "Agla-Petit-Château", "current_owner_v": "Agla-Petit-Château"}}, {"type": "Feature", "geometry": {"type": "LineString", "coordinates": [[2.3749095, 6.3879437], [2.3749671, 6.3880474]]}, "properties": {"kind": "single_owner", "winner": "Mènontin", "color": "#93d64b", "length_m": 13.1, "d_M_u": 61.31996629051185, "d_K_u": 301.93949003379095, "d_M_v": 74.43504194546334, "d_K_v": 315.05456568874246, "current_owner_u": "Agla-Petit-Château", "current_owner_v": "Agla-Petit-Château"}}, {"type": "Feature", "geometry": {"type": "LineString", "coordinates": [[2.3749095, 6.3879437], [2.37502, 6.3878769]]}, "properties": {"kind": "single_owner", "winner": "Mènontin", "color": "#93d64b", "length_m": 14.3, "d_M_u": 61.31996629051185, "d_K_u": 301.93949003379095, "d_M_v": 75.60147294769634, "d_K_v": 316.2209966909754, "current_owner_u": "Agla-Petit-Château", "current_owner_v": "Agla-Petit-Château"}}, {"type": "Feature", "geometry": {"type": "LineString", "coordinates": [[2.37502, 6.3878769], [2.3748018, 6.3874925]]}, "properties": {"kind": "single_owner", "winner": "Mènontin", "color": "#93d64b", "length_m": 48.9, "d_M_u": 75.60147294769634, "d_K_u": 316.2209966909754, "d_M_v": 124.47100422727561, "d_K_v": 268.16274526800555, "current_owner_u": "Agla-Petit-Château", "current_owner_v": "Agla-Petit-Château"}}, {"type": "Feature", "geometry": {"type": "LineString", "coordinates": [[2.37502, 6.3878769], [2.3750851, 6.3879798]]}, "properties": {"kind": "single_owner", "winner": "Mènontin", "color": "#93d64b", "length_m": 13.5, "d_M_u": 75.60147294769634, "d_K_u": 316.2209966909754, "d_M_v": 89.06432000489761, "d_K_v": 329.6838437481767, "current_owner_u": "Agla-Petit-Château", "current_owner_v": "Agla-Petit-Château"}}, {"type": "Feature", "geometry": {"type": "LineString", "coordinates": [[2.36478, 6.3932473], [2.3646398, 6.3943002]]}, "properties": {"kind": "single_owner", "winner": "Mènontin", "color": "#93d64b", "length_m": 117.4, "d_M_u": 95.3368480168183, "d_K_u": 1614.044505190106, "d_M_v": 212.75332391282544, "d_K_v": 1703.0068655326938, "current_owner_u": "Kindonou", "current_owner_v": "Kindonou"}}, {"type": "Feature", "geometry": {"type": "LineString", "coordinates": [[2.3648202, 6.392246], [2.3671448, 6.3920353]]}, "properties": {"kind": "single_owner", "winner": "Mènontin", "color": "#93d64b", "length_m": 258.2, "d_M_u": 122.35379869552656, "d_K_u": 1503.2058433941133, "d_M_v": 71.3734469402932, "d_K_v": 1264.3574113057925, "current_owner_u": "Kindonou", "current_owner_v": "Mènontin"}}, {"type": "Feature", "geometry": {"type": "LineString", "coordinates": [[2.383073, 6.3776149], [2.382853, 6.3776296]]}, "properties": {"kind": "single_owner", "winner": "Kouhounou", "color": "#dcca40", "length_m": 24.4, "d_M_u": 1632.8344462670168, "d_K_u": 572.0460013030357, "d_M_v": 1608.4420123269438, "d_K_v": 547.6535673629626, "current_owner_u": "Védokô", "current_owner_v": "Védokô"}}, {"type": "Feature", "geometry": {"type": "LineString", "coordinates": [[2.382853, 6.3776296], [2.3826733, 6.3776536]]}, "properties": {"kind": "single_owner", "winner": "Kouhounou", "color": "#dcca40", "length_m": 20.1, "d_M_u": 1608.4420123269438, "d_K_u": 547.6535673629626, "d_M_v": 1588.3858507486875, "d_K_v": 527.5974057847062, "current_owner_u": "Védokô", "current_owner_v": "Védokô"}}, {"type": "Feature", "geometry": {"type": "LineString", "coordinates": [[2.3826733, 6.3776536], [2.382475, 6.377681]]}, "properties": {"kind": "single_owner", "winner": "Kouhounou", "color": "#dcca40", "length_m": 22.1, "d_M_u": 1588.3858507486875, "d_K_u": 527.5974057847062, "d_M_v": 1566.2401403331767, "d_K_v": 505.45169536919525, "current_owner_u": "Védokô", "current_owner_v": "Védokô"}}, {"type": "Feature", "geometry": {"type": "LineString", "coordinates": [[2.382475, 6.377681], [2.3823005, 6.3777149]]}, "properties": {"kind": "single_owner", "winner": "Kouhounou", "color": "#dcca40", "length_m": 19.7, "d_M_u": 1566.2401403331767, "d_K_u": 505.45169536919525, "d_M_v": 1546.575143583975, "d_K_v": 485.78669861999356, "current_owner_u": "Védokô", "current_owner_v": "Védokô"}}, {"type": "Feature", "geometry": {"type": "LineString", "coordinates": [[2.3823005, 6.3777149], [2.3820984, 6.3777648]]}, "properties": {"kind": "single_owner", "winner": "Kouhounou", "color": "#dcca40", "length_m": 23.0, "d_M_u": 1546.575143583975, "d_K_u": 485.78669861999356, "d_M_v": 1523.5467722181531, "d_K_v": 462.7583272541717, "current_owner_u": "Védokô", "current_owner_v": "Védokô"}}, {"type": "Feature", "geometry": {"type": "LineString", "coordinates": [[2.3820984, 6.3777648], [2.3819558, 6.3778029]]}, "properties": {"kind": "single_owner", "winner": "Kouhounou", "color": "#dcca40", "length_m": 16.3, "d_M_u": 1523.5467722181531, "d_K_u": 462.7583272541717, "d_M_v": 1507.2186596204592, "d_K_v": 446.43021465647786, "current_owner_u": "Védokô", "current_owner_v": "Védokô"}}, {"type": "Feature", "geometry": {"type": "LineString", "coordinates": [[2.3819558, 6.3778029], [2.3818096, 6.3778535]]}, "properties": {"kind": "single_owner", "winner": "Kouhounou", "color": "#dcca40", "length_m": 17.1, "d_M_u": 1507.2186596204592, "d_K_u": 446.43021465647786, "d_M_v": 1490.1049384272987, "d_K_v": 429.31649346331744, "current_owner_u": "Védokô", "current_owner_v": "Védokô"}}, {"type": "Feature", "geometry": {"type": "LineString", "coordinates": [[2.3818096, 6.3778535], [2.3815964, 6.3779441]]}, "properties": {"kind": "single_owner", "winner": "Kouhounou", "color": "#dcca40", "length_m": 25.6, "d_M_u": 1490.1049384272987, "d_K_u": 429.31649346331744, "d_M_v": 1464.480789615409, "d_K_v": 403.6923446514277, "current_owner_u": "Védokô", "current_owner_v": "Kouhounou"}}, {"type": "Feature", "geometry": {"type": "LineString", "coordinates": [[2.3652729, 6.3933514], [2.3652156, 6.3939327]]}, "properties": {"kind": "single_owner", "winner": "Mènontin", "color": "#93d64b", "length_m": 64.6, "d_M_u": 57.70138335504391, "d_K_u": 1569.8107913032013, "d_M_v": 122.27020303474836, "d_K_v": 1605.511971289389, "current_owner_u": "Kindonou", "current_owner_v": "Kindonou"}}, {"type": "Feature", "geometry": {"type": "LineString", "coordinates": [[2.3652729, 6.3933514], [2.3667619, 6.3932454]]}, "properties": {"kind": "single_owner", "winner": "Mènontin", "color": "#93d64b", "length_m": 165.1, "d_M_u": 57.70138335504391, "d_K_u": 1569.8107913032013, "d_M_v": 211.6849176942614, "d_K_v": 1404.6688820597606, "current_owner_u": "Kindonou", "current_owner_v": "Mènontin"}}, {"type": "Feature", "geometry": {"type": "LineString", "coordinates": [[2.3652156, 6.3939327], [2.3651524, 6.3942962]]}, "properties": {"kind": "single_owner", "winner": "Mènontin", "color": "#93d64b", "length_m": 40.8, "d_M_u": 122.27020303474836, "d_K_u": 1605.511971289389, "d_M_v": 163.05525116290073, "d_K_v": 1646.2970194175414, "current_owner_u": "Kindonou", "current_owner_v": "Kindonou"}}, {"type": "Feature", "geometry": {"type": "LineString", "coordinates": [[2.3652156, 6.3939327], [2.3665359, 6.3938127]]}, "properties": {"kind": "single_owner", "winner": "Mènontin", "color": "#93d64b", "length_m": 146.7, "d_M_u": 122.27020303474836, "d_K_u": 1605.511971289389, "d_M_v": 268.9339810708733, "d_K_v": 1458.848193253264, "current_owner_u": "Kindonou", "current_owner_v": "Mènontin"}}, {"type": "Feature", "geometry": {"type": "LineString", "coordinates": [[2.3651524, 6.3942962], [2.3646398, 6.3943002]]}, "properties": {"kind": "single_owner", "winner": "Mènontin", "color": "#93d64b", "length_m": 56.7, "d_M_u": 163.05525116290073, "d_K_u": 1646.2970194175414, "d_M_v": 212.75332391282544, "d_K_v": 1703.0068655326938, "current_owner_u": "Kindonou", "current_owner_v": "Kindonou"}}, {"type": "Feature", "geometry": {"type": "LineString", "coordinates": [[2.3651524, 6.3942962], [2.3650783, 6.3947066]]}, "properties": {"kind": "single_owner", "winner": "Mènontin", "color": "#93d64b", "length_m": 46.1, "d_M_u": 163.05525116290073, "d_K_u": 1646.2970194175414, "d_M_v": 209.15556773995107, "d_K_v": 1692.3973359945917, "current_owner_u": "Kindonou", "current_owner_v": "Kindonou"}}, {"type": "Feature", "geometry": {"type": "LineString", "coordinates": [[2.3653875, 6.3888915], [2.3668227, 6.3885306]]}, "properties": {"kind": "single_owner", "winner": "Mènontin", "color": "#93d64b", "length_m": 163.7, "d_M_u": 203.4110333054773, "d_K_u": 1055.2743857248333, "d_M_v": 289.9255980500638, "d_K_v": 904.4176405868777, "current_owner_u": "Kindonou", "current_owner_v": "Mènontin"}}, {"type": "Feature", "geometry": {"type": "LineString", "coordinates": [[2.3653875, 6.3888915], [2.3654314, 6.3893922]]}, "properties": {"kind": "single_owner", "winner": "Mènontin", "color": "#93d64b", "length_m": 55.6, "d_M_u": 203.4110333054773, "d_K_u": 1055.2743857248333, "d_M_v": 258.97107911346745, "d_K_v": 1110.8344315328236, "current_owner_u": "Kindonou", "current_owner_v": "Kindonou"}}, {"type": "Feature", "geometry": {"type": "LineString", "coordinates": [[2.3653875, 6.3888915], [2.3653483, 6.3883874]]}, "properties": {"kind": "single_owner", "winner": "Mènontin", "color": "#93d64b", "length_m": 55.9, "d_M_u": 203.4110333054773, "d_K_u": 1055.2743857248333, "d_M_v": 147.51932578383014, "d_K_v": 999.3826782031862, "current_owner_u": "Kindonou", "current_owner_v": "Kindonou"}}, {"type": "Feature", "geometry": {"type": "LineString", "coordinates": [[2.371421, 6.3868622], [2.3716026, 6.3873211]]}, "properties": {"kind": "single_owner", "winner": "Mènontin", "color": "#93d64b", "length_m": 54.6, "d_M_u": 134.25654287592553, "d_K_u": 306.4721975952531, "d_M_v": 156.23698281884515, "d_K_v": 361.03245538399375, "current_owner_u": "Agla-Petit-Château", "current_owner_v": "Mènontin"}}, {"type": "Feature", "geometry": {"type": "LineString", "coordinates": [[2.371421, 6.3868622], [2.3719347, 6.3867302]]}, "properties": {"kind": "single_owner", "winner": "Mènontin", "color": "#93d64b", "length_m": 58.7, "d_M_u": 134.25654287592553, "d_K_u": 306.4721975952531, "d_M_v": 75.58343859212037, "d_K_v": 247.7990933114479, "current_owner_u": "Agla-Petit-Château", "current_owner_v": "Agla-Petit-Château"}}, {"type": "Feature", "geometry": {"type": "LineString", "coordinates": [[2.371421, 6.3868622], [2.371047, 6.3869502]]}, "properties": {"kind": "single_owner", "winner": "Mènontin", "color": "#93d64b", "length_m": 42.5, "d_M_u": 134.25654287592553, "d_K_u": 306.4721975952531, "d_M_v": 176.75968782188156, "d_K_v": 348.9753425412091, "current_owner_u": "Agla-Petit-Château", "current_owner_v": "Mènontin"}}, {"type": "Feature", "geometry": {"type": "LineString", "coordinates": [[2.3663765, 6.3891504], [2.3658879, 6.389285]]}, "properties": {"kind": "single_owner", "winner": "Mènontin", "color": "#93d64b", "length_m": 56.1, "d_M_u": 360.5897518239305, "d_K_u": 1015.1758914901101, "d_M_v": 310.84456540215297, "d_K_v": 1071.2393058482733, "current_owner_u": "Mènontin", "current_owner_v": "Kindonou"}}, {"type": "Feature", "geometry": {"type": "LineString", "coordinates": [[2.3745929, 6.3871247], [2.3743222, 6.386634]]}, "properties": {"kind": "single_owner", "winner": "Mènontin", "color": "#93d64b", "length_m": 62.0, "d_M_u": 171.23685599312608, "d_K_u": 221.39689350215508, "d_M_v": 233.19669452193574, "d_K_v": 159.43705497334543, "current_owner_u": "Agla-Petit-Château", "current_owner_v": "Agla-Petit-Château"}}, {"type": "Feature", "geometry": {"type": "LineString", "coordinates": [[2.3745929, 6.3871247], [2.3748018, 6.3874925]]}, "properties": {"kind": "single_owner", "winner": "Mènontin", "color": "#93d64b", "length_m": 46.8, "d_M_u": 171.23685599312608, "d_K_u": 221.39689350215508, "d_M_v": 124.47100422727561, "d_K_v": 268.16274526800555, "current_owner_u": "Agla-Petit-Château", "current_owner_v": "Agla-Petit-Château"}}, {"type": "Feature", "geometry": {"type": "LineString", "coordinates": [[2.3732141, 6.3860788], [2.3738429, 6.3872993]]}, "properties": {"kind": "single_owner", "winner": "Mènontin", "color": "#93d64b", "length_m": 151.8, "d_M_u": 84.21980592765516, "d_K_u": 87.9958487916724, "d_M_v": 130.6024603771757, "d_K_v": 239.78793426269596, "current_owner_u": "Agla-Petit-Château", "current_owner_v": "Agla-Petit-Château"}}, {"type": "Feature", "geometry": {"type": "LineString", "coordinates": [[2.3732141, 6.3860788], [2.3728305, 6.3863357]]}, "properties": {"kind": "single_owner", "winner": "Mènontin", "color": "#93d64b", "length_m": 51.1, "d_M_u": 84.21980592765516, "d_K_u": 87.9958487916724, "d_M_v": 33.15773878128238, "d_K_v": 139.05791593804517, "current_owner_u": "Agla-Petit-Château", "current_owner_v": "Agla-Petit-Château"}}, {"type": "Feature", "geometry": {"type": "LineString", "coordinates": [[2.3732141, 6.3860788], [2.3732287390384137, 6.386070020394172]]}, "properties": {"kind": "split_half", "winner": "Mènontin", "color": "#93d64b", "length_m": 1.9, "split_t": 0.032}}, {"type": "Feature", "geometry": {"type": "LineString", "coordinates": [[2.3732287390384137, 6.386070020394172], [2.3736743, 6.3858028]]}, "properties": {"kind": "split_half", "winner": "Kouhounou", "color": "#dcca40", "length_m": 57.5, "split_t": 0.032}}, {"type": "Feature", "geometry": {"type": "LineString", "coordinates": [[2.3738429, 6.3872993], [2.3741147, 6.3878033]]}, "properties": {"kind": "single_owner", "winner": "Mènontin", "color": "#93d64b", "length_m": 63.3, "d_M_u": 130.6024603771757, "d_K_u": 239.78793426269596, "d_M_v": 67.29387015174498, "d_K_v": 303.09652448812665, "current_owner_u": "Agla-Petit-Château", "current_owner_v": "Mènontin"}}, {"type": "Feature", "geometry": {"type": "LineString", "coordinates": [[2.3738429, 6.3872993], [2.3734516, 6.3875522]]}, "properties": {"kind": "single_owner", "winner": "Mènontin", "color": "#93d64b", "length_m": 51.5, "d_M_u": 130.6024603771757, "d_K_u": 239.78793426269596, "d_M_v": 182.13344347440653, "d_K_v": 290.0676440152695, "current_owner_u": "Agla-Petit-Château", "current_owner_v": "Agla-Petit-Château"}}, {"type": "Feature", "geometry": {"type": "LineString", "coordinates": [[2.3743222, 6.386634], [2.3743219528, 6.3866335882]]}, "properties": {"kind": "split_half", "winner": "Mènontin", "color": "#93d64b", "length_m": 0.1, "split_t": 0.001}}, {"type": "Feature", "geometry": {"type": "LineString", "coordinates": [[2.3743219528, 6.3866335882], [2.374075, 6.3862222]]}, "properties": {"kind": "split_half", "winner": "Kouhounou", "color": "#dcca40", "length_m": 53.1, "split_t": 0.001}}, {"type": "Feature", "geometry": {"type": "LineString", "coordinates": [[2.3725631, 6.3881246], [2.3719347, 6.3867302]]}, "properties": {"kind": "single_owner", "winner": "Mènontin", "color": "#93d64b", "length_m": 169.1, "d_M_u": 244.67242028050424, "d_K_u": 406.96531553409125, "d_M_v": 75.58343859212037, "d_K_v": 247.7990933114479, "current_owner_u": "Mènontin", "current_owner_v": "Agla-Petit-Château"}}, {"type": "Feature", "geometry": {"type": "LineString", "coordinates": [[2.3725631, 6.3881246], [2.3734516, 6.3875522]]}, "properties": {"kind": "single_owner", "winner": "Mènontin", "color": "#93d64b", "length_m": 116.9, "d_M_u": 244.67242028050424, "d_K_u": 406.96531553409125, "d_M_v": 182.13344347440653, "d_K_v": 290.0676440152695, "current_owner_u": "Mènontin", "current_owner_v": "Agla-Petit-Château"}}, {"type": "Feature", "geometry": {"type": "LineString", "coordinates": [[2.3719347, 6.3867302], [2.3721051, 6.386677]]}, "properties": {"kind": "single_owner", "winner": "Mènontin", "color": "#93d64b", "length_m": 19.7, "d_M_u": 75.58343859212037, "d_K_u": 247.7990933114479, "d_M_v": 55.8363828261638, "d_K_v": 228.05203754549134, "current_owner_u": "Agla-Petit-Château", "current_owner_v": "Agla-Petit-Château"}}, {"type": "Feature", "geometry": {"type": "LineString", "coordinates": [[2.374075, 6.3862222], [2.3737951, 6.3857324]]}, "properties": {"kind": "single_owner", "winner": "Kouhounou", "color": "#dcca40", "length_m": 62.4, "d_M_u": 221.40891666567393, "d_K_u": 106.33355774936294, "d_M_v": 159.03717664419528, "d_K_v": 43.961817727884295, "current_owner_u": "Agla-Petit-Château", "current_owner_v": "Agla-Petit-Château"}}, {"type": "Feature", "geometry": {"type": "LineString", "coordinates": [[2.3741147, 6.3878033], [2.374623, 6.3874689]]}, "properties": {"kind": "single_owner", "winner": "Mènontin", "color": "#93d64b", "length_m": 67.3, "d_M_u": 67.29387015174498, "d_K_u": 303.09652448812665, "d_M_v": 0.0, "d_K_v": 240.6195237432791, "current_owner_u": "Mènontin", "current_owner_v": "Agla-Petit-Château"}}, {"type": "Feature", "geometry": {"type": "LineString", "coordinates": [[2.374623, 6.3874689], [2.3748726, 6.3878881]]}, "properties": {"kind": "single_owner", "winner": "Mènontin", "color": "#93d64b", "length_m": 53.9, "d_M_u": 0.0, "d_K_u": 240.6195237432791, "d_M_v": 53.941763785625945, "d_K_v": 294.56128752890504, "current_owner_u": "Agla-Petit-Château", "current_owner_v": "Agla-Petit-Château"}}, {"type": "Feature", "geometry": {"type": "LineString", "coordinates": [[2.374623, 6.3874689], [2.373980962671083, 6.386341358739634]]}, "properties": {"kind": "split_half", "winner": "Mènontin", "color": "#93d64b", "length_m": 143.5, "split_t": 0.677}}, {"type": "Feature", "geometry": {"type": "LineString", "coordinates": [[2.373980962671083, 6.386341358739634], [2.3736743, 6.3858028]]}, "properties": {"kind": "split_half", "winner": "Kouhounou", "color": "#dcca40", "length_m": 68.5, "split_t": 0.677}}, {"type": "Feature", "geometry": {"type": "LineString", "coordinates": [[2.3734516, 6.3875522], [2.3728305, 6.3863357]]}, "properties": {"kind": "single_owner", "winner": "Mènontin", "color": "#93d64b", "length_m": 151.0, "d_M_u": 182.13344347440653, "d_K_u": 290.0676440152695, "d_M_v": 33.15773878128238, "d_K_v": 139.05791593804517, "current_owner_u": "Agla-Petit-Château", "current_owner_v": "Agla-Petit-Château"}}, {"type": "Feature", "geometry": {"type": "LineString", "coordinates": [[2.3654314, 6.3893922], [2.3654569, 6.3898594]]}, "properties": {"kind": "single_owner", "winner": "Mènontin", "color": "#93d64b", "length_m": 51.7, "d_M_u": 258.97107911346745, "d_K_u": 1110.8344315328236, "d_M_v": 237.47105471578766, "d_K_v": 1162.5557101503541, "current_owner_u": "Kindonou", "current_owner_v": "Kindonou"}}, {"type": "Feature", "geometry": {"type": "LineString", "coordinates": [[2.3654314, 6.3893922], [2.3658879, 6.389285]]}, "properties": {"kind": "single_owner", "winner": "Mènontin", "color": "#93d64b", "length_m": 51.9, "d_M_u": 258.97107911346745, "d_K_u": 1110.8344315328236, "d_M_v": 310.84456540215297, "d_K_v": 1071.2393058482733, "current_owner_u": "Kindonou", "current_owner_v": "Kindonou"}}, {"type": "Feature", "geometry": {"type": "LineString", "coordinates": [[2.3658879, 6.389285], [2.3660664, 6.3900439]]}, "properties": {"kind": "single_owner", "winner": "Mènontin", "color": "#93d64b", "length_m": 86.2, "d_M_u": 310.84456540215297, "d_K_u": 1071.2393058482733, "d_M_v": 307.42676444555195, "d_K_v": 1157.4209891313346, "current_owner_u": "Kindonou", "current_owner_v": "Mènontin"}}, {"type": "Feature", "geometry": {"type": "LineString", "coordinates": [[2.3736677, 6.3844748], [2.3737719, 6.3844337]]}, "properties": {"kind": "single_owner", "winner": "Kouhounou", "color": "#dcca40", "length_m": 12.4, "d_M_u": 358.25615107617125, "d_K_u": 186.04049635684373, "d_M_v": 370.64660754186656, "d_K_v": 198.43095282253904, "current_owner_u": "Agla-Petit-Château", "current_owner_v": "Agla-Petit-Château"}}, {"type": "Feature", "geometry": {"type": "LineString", "coordinates": [[2.3736677, 6.3844748], [2.3733061, 6.3843846]]}, "properties": {"kind": "single_owner", "winner": "Kouhounou", "color": "#dcca40", "length_m": 41.2, "d_M_u": 358.25615107617125, "d_K_u": 186.04049635684373, "d_M_v": 317.0290527254228, "d_K_v": 144.81339800609527, "current_owner_u": "Agla-Petit-Château", "current_owner_v": "Agla-Petit-Château"}}, {"type": "Feature", "geometry": {"type": "LineString", "coordinates": [[2.3736677, 6.3844748], [2.3742798, 6.3851375]]}, "properties": {"kind": "single_owner", "winner": "Kouhounou", "color": "#dcca40", "length_m": 99.8, "d_M_u": 358.25615107617125, "d_K_u": 186.04049635684373, "d_M_v": 263.5944012271694, "d_K_v": 91.37874650784183, "current_owner_u": "Agla-Petit-Château", "current_owner_v": "Agla-Petit-Château"}}, {"type": "Feature", "geometry": {"type": "LineString", "coordinates": [[2.3733061, 6.3843846], [2.3732922, 6.3842922]]}, "properties": {"kind": "single_owner", "winner": "Kouhounou", "color": "#dcca40", "length_m": 10.3, "d_M_u": 317.0290527254228, "d_K_u": 144.81339800609527, "d_M_v": 327.35805558470184, "d_K_v": 155.14240086537436, "current_owner_u": "Agla-Petit-Château", "current_owner_v": "Agla-Petit-Château"}}, {"type": "Feature", "geometry": {"type": "LineString", "coordinates": [[2.3733061, 6.3843846], [2.373486, 6.3849799]]}, "properties": {"kind": "single_owner", "winner": "Kouhounou", "color": "#dcca40", "length_m": 68.7, "d_M_u": 317.0290527254228, "d_K_u": 144.81339800609527, "d_M_v": 248.28082479956862, "d_K_v": 76.06517008024109, "current_owner_u": "Agla-Petit-Château", "current_owner_v": "Agla-Petit-Château"}}, {"type": "Feature", "geometry": {"type": "LineString", "coordinates": [[2.3732736, 6.3839934], [2.3732922, 6.3842922]]}, "properties": {"kind": "single_owner", "winner": "Kouhounou", "color": "#dcca40", "length_m": 33.1, "d_M_u": 360.45144125479726, "d_K_u": 188.2357865354698, "d_M_v": 327.35805558470184, "d_K_v": 155.14240086537436, "current_owner_u": "Agla-Petit-Château", "current_owner_v": "Agla-Petit-Château"}}, {"type": "Feature", "geometry": {"type": "LineString", "coordinates": [[2.3742992, 6.3842846], [2.3737719, 6.3844337]]}, "properties": {"kind": "single_owner", "winner": "Kouhounou", "color": "#dcca40", "length_m": 60.6, "d_M_u": 389.931551986327, "d_K_u": 217.7158972669994, "d_M_v": 370.64660754186656, "d_K_v": 198.43095282253904, "current_owner_u": "Agla-Petit-Château", "current_owner_v": "Agla-Petit-Château"}}, {"type": "Feature", "geometry": {"type": "LineString", "coordinates": [[2.3719503, 6.3849667], [2.372727, 6.3849537]]}, "properties": {"kind": "single_owner", "winner": "Kouhounou", "color": "#dcca40", "length_m": 85.9, "d_M_u": 510.48280469940653, "d_K_u": 338.26714998007895, "d_M_v": 424.54570398408345, "d_K_v": 252.33004926475584, "current_owner_u": "Agla-Petit-Château", "current_owner_v": "Agla-Petit-Château"}}, {"type": "Feature", "geometry": {"type": "LineString", "coordinates": [[2.3746349, 6.3849396], [2.3742798, 6.3851375]]}, "properties": {"kind": "single_owner", "winner": "Kouhounou", "color": "#dcca40", "length_m": 45.0, "d_M_u": 308.5588070917874, "d_K_u": 136.34315237245983, "d_M_v": 263.5944012271694, "d_K_v": 91.37874650784183, "current_owner_u": "Kouhounou", "current_owner_v": "Agla-Petit-Château"}}, {"type": "Feature", "geometry": {"type": "LineString", "coordinates": [[2.3616751, 6.3889286], [2.3628626, 6.3888131]]}, "properties": {"kind": "single_owner", "winner": "Mènontin", "color": "#93d64b", "length_m": 132.0, "d_M_u": 277.9004276608033, "d_K_u": 1401.8314786295236, "d_M_v": 145.91024907767095, "d_K_v": 1269.8413000463913, "current_owner_u": "Kindonou", "current_owner_v": "Kindonou"}}, {"type": "Feature", "geometry": {"type": "LineString", "coordinates": [[2.3629328, 6.389435], [2.3628626, 6.3888131]]}, "properties": {"kind": "single_owner", "winner": "Mènontin", "color": "#93d64b", "length_m": 69.2, "d_M_u": 215.0923539390938, "d_K_u": 1339.0234049078142, "d_M_v": 145.91024907767095, "d_K_v": 1269.8413000463913, "current_owner_u": "Kindonou", "current_owner_v": "Kindonou"}}, {"type": "Feature", "geometry": {"type": "LineString", "coordinates": [[2.3629328, 6.389435], [2.3636242, 6.3893475]]}, "properties": {"kind": "single_owner", "winner": "Mènontin", "color": "#93d64b", "length_m": 77.1, "d_M_u": 215.0923539390938, "d_K_u": 1339.0234049078142, "d_M_v": 292.1899562078768, "d_K_v": 1416.1210071765972, "current_owner_u": "Kindonou", "current_owner_v": "Kindonou"}}, {"type": "Feature", "geometry": {"type": "LineString", "coordinates": [[2.3628626, 6.3888131], [2.3630372, 6.388788]]}, "properties": {"kind": "single_owner", "winner": "Mènontin", "color": "#93d64b", "length_m": 19.5, "d_M_u": 145.91024907767095, "d_K_u": 1269.8413000463913, "d_M_v": 126.39627470344405, "d_K_v": 1250.3273256721643, "current_owner_u": "Kindonou", "current_owner_v": "Kindonou"}}, {"type": "Feature", "geometry": {"type": "LineString", "coordinates": [[2.3642842, 6.3904584], [2.3642171, 6.3895411]]}, "properties": {"kind": "single_owner", "winner": "Mènontin", "color": "#93d64b", "length_m": 101.7, "d_M_u": 197.41945542612535, "d_K_u": 1335.6938491533006, "d_M_v": 95.74975906950945, "d_K_v": 1234.0241527966846, "current_owner_u": "Kindonou", "current_owner_v": "Kindonou"}}, {"type": "Feature", "geometry": {"type": "LineString", "coordinates": [[2.3642171, 6.3895411], [2.3647653, 6.3896724]]}, "properties": {"kind": "single_owner", "winner": "Mènontin", "color": "#93d64b", "length_m": 62.4, "d_M_u": 95.74975906950945, "d_K_u": 1234.0241527966846, "d_M_v": 158.1088045265339, "d_K_v": 1218.6455817933834, "current_owner_u": "Kindonou", "current_owner_v": "Kindonou"}}, {"type": "Feature", "geometry": {"type": "LineString", "coordinates": [[2.3642171, 6.3895411], [2.3641464, 6.389603]]}, "properties": {"kind": "single_owner", "winner": "Mènontin", "color": "#93d64b", "length_m": 10.4, "d_M_u": 95.74975906950945, "d_K_u": 1234.0241527966846, "d_M_v": 106.14175297766842, "d_K_v": 1244.4161467048436, "current_owner_u": "Kindonou", "current_owner_v": "Kindonou"}}, {"type": "Feature", "geometry": {"type": "LineString", "coordinates": [[2.3642171, 6.3895411], [2.3641786, 6.3891592]]}, "properties": {"kind": "single_owner", "winner": "Mènontin", "color": "#93d64b", "length_m": 42.4, "d_M_u": 95.74975906950945, "d_K_u": 1234.0241527966846, "d_M_v": 53.320217031723544, "d_K_v": 1191.5946107588986, "current_owner_u": "Kindonou", "current_owner_v": "Kindonou"}}, {"type": "Feature", "geometry": {"type": "LineString", "coordinates": [[2.3641786, 6.3891592], [2.3641132, 6.3886813]]}, "properties": {"kind": "single_owner", "winner": "Mènontin", "color": "#93d64b", "length_m": 53.3, "d_M_u": 53.320217031723544, "d_K_u": 1191.5946107588986, "d_M_v": 0.0, "d_K_v": 1138.274393727175, "current_owner_u": "Kindonou", "current_owner_v": "Kindonou"}}, {"type": "Feature", "geometry": {"type": "LineString", "coordinates": [[2.3641786, 6.3891592], [2.3649361, 6.3890006]]}, "properties": {"kind": "single_owner", "winner": "Mènontin", "color": "#93d64b", "length_m": 85.6, "d_M_u": 53.320217031723544, "d_K_u": 1191.5946107588986, "d_M_v": 138.93545772652845, "d_K_v": 1112.2660480339748, "current_owner_u": "Kindonou", "current_owner_v": "Kindonou"}}, {"type": "Feature", "geometry": {"type": "LineString", "coordinates": [[2.3641132, 6.3886813], [2.3641009, 6.3886176]]}, "properties": {"kind": "single_owner", "winner": "Mènontin", "color": "#93d64b", "length_m": 7.2, "d_M_u": 0.0, "d_K_u": 1138.274393727175, "d_M_v": 7.1716713792274325, "d_K_v": 1131.1027223479475, "current_owner_u": "Kindonou", "current_owner_v": "Kindonou"}}, {"type": "Feature", "geometry": {"type": "LineString", "coordinates": [[2.3641009, 6.3886176], [2.3640876, 6.3885653]]}, "properties": {"kind": "single_owner", "winner": "Mènontin", "color": "#93d64b", "length_m": 6.0, "d_M_u": 7.1716713792274325, "d_K_u": 1131.1027223479475, "d_M_v": 11.71235782080136, "d_K_v": 1125.1371835669502, "current_owner_u": "Kindonou", "current_owner_v": "Kindonou"}}, {"type": "Feature", "geometry": {"type": "LineString", "coordinates": [[2.3641009, 6.3886176], [2.3645493, 6.3885402]]}, "properties": {"kind": "single_owner", "winner": "Mènontin", "color": "#93d64b", "length_m": 50.3, "d_M_u": 7.1716713792274325, "d_K_u": 1131.1027223479475, "d_M_v": 57.50987661802768, "d_K_v": 1089.3921273689887, "current_owner_u": "Kindonou", "current_owner_v": "Kindonou"}}, {"type": "Feature", "geometry": {"type": "LineString", "coordinates": [[2.3641009, 6.3886176], [2.3636829, 6.3887001]]}, "properties": {"kind": "single_owner", "winner": "Mènontin", "color": "#93d64b", "length_m": 47.1, "d_M_u": 7.1716713792274325, "d_K_u": 1131.1027223479475, "d_M_v": 54.3050053623152, "d_K_v": 1178.2360563310353, "current_owner_u": "Kindonou", "current_owner_v": "Kindonou"}}, {"type": "Feature", "geometry": {"type": "LineString", "coordinates": [[2.3640876, 6.3885653], [2.3638898, 6.3885973]]}, "properties": {"kind": "single_owner", "winner": "Mènontin", "color": "#93d64b", "length_m": 22.2, "d_M_u": 11.71235782080136, "d_K_u": 1125.1371835669502, "d_M_v": 33.87871455317485, "d_K_v": 1147.3035402993237, "current_owner_u": "Kindonou", "current_owner_v": "Kindonou"}}, {"type": "Feature", "geometry": {"type": "LineString", "coordinates": [[2.3640876, 6.3885653], [2.3649493, 6.3883812]]}, "properties": {"kind": "single_owner", "winner": "Mènontin", "color": "#93d64b", "length_m": 97.5, "d_M_u": 11.71235782080136, "d_K_u": 1125.1371835669502, "d_M_v": 96.62164243547146, "d_K_v": 1029.9587633631731, "current_owner_u": "Kindonou", "current_owner_v": "Kindonou"}}, {"type": "Feature", "geometry": {"type": "LineString", "coordinates": [[2.3640354, 6.3883812], [2.3636033, 6.3884382]]}, "properties": {"kind": "single_owner", "winner": "Mènontin", "color": "#93d64b", "length_m": 48.2, "d_M_u": 9.453789598946697, "d_K_u": 1106.4952351243583, "d_M_v": 57.66978511504552, "d_K_v": 1154.7112306404572, "current_owner_u": "Kindonou", "current_owner_v": "Kindonou"}}, {"type": "Feature", "geometry": {"type": "LineString", "coordinates": [[2.3640354, 6.3883812], [2.3641752, 6.3883498]]}, "properties": {"kind": "single_owner", "winner": "Mènontin", "color": "#93d64b", "length_m": 15.9, "d_M_u": 9.453789598946697, "d_K_u": 1106.4952351243583, "d_M_v": 25.30434478656735, "d_K_v": 1090.6446799367377, "current_owner_u": "Kindonou", "current_owner_v": "Kindonou"}}, {"type": "Feature", "geometry": {"type": "LineString", "coordinates": [[2.3641464, 6.389603], [2.363645, 6.3902352]]}, "properties": {"kind": "single_owner", "winner": "Mènontin", "color": "#93d64b", "length_m": 89.2, "d_M_u": 106.14175297766842, "d_K_u": 1244.4161467048436, "d_M_v": 195.36342757323604, "d_K_v": 1333.6378213004114, "current_owner_u": "Kindonou", "current_owner_v": "Kindonou"}}, {"type": "Feature", "geometry": {"type": "LineString", "coordinates": [[2.3649361, 6.3890006], [2.3649693, 6.3897454]]}, "properties": {"kind": "single_owner", "winner": "Mènontin", "color": "#93d64b", "length_m": 82.4, "d_M_u": 138.93545772652845, "d_K_u": 1112.2660480339748, "d_M_v": 182.07626126665198, "d_K_v": 1194.6781250532654, "current_owner_u": "Kindonou", "current_owner_v": "Kindonou"}}, {"type": "Feature", "geometry": {"type": "LineString", "coordinates": [[2.3649361, 6.3890006], [2.3648686, 6.388471]]}, "properties": {"kind": "single_owner", "winner": "Mènontin", "color": "#93d64b", "length_m": 59.0, "d_M_u": 138.93545772652845, "d_K_u": 1112.2660480339748, "d_M_v": 93.65227756145619, "d_K_v": 1053.24972642556, "current_owner_u": "Kindonou", "current_owner_v": "Kindonou"}}, {"type": "Feature", "geometry": {"type": "LineString", "coordinates": [[2.3649693, 6.3897454], [2.3647653, 6.3896724]]}, "properties": {"kind": "single_owner", "winner": "Mènontin", "color": "#93d64b", "length_m": 24.0, "d_M_u": 182.07626126665198, "d_K_u": 1194.6781250532654, "d_M_v": 158.1088045265339, "d_K_v": 1218.6455817933834, "current_owner_u": "Kindonou", "current_owner_v": "Kindonou"}}, {"type": "Feature", "geometry": {"type": "LineString", "coordinates": [[2.3649693, 6.3897454], [2.3654569, 6.3898594]]}, "properties": {"kind": "single_owner", "winner": "Mènontin", "color": "#93d64b", "length_m": 55.4, "d_M_u": 182.07626126665198, "d_K_u": 1194.6781250532654, "d_M_v": 237.47105471578766, "d_K_v": 1162.5557101503541, "current_owner_u": "Kindonou", "current_owner_v": "Kindonou"}}, {"type": "Feature", "geometry": {"type": "LineString", "coordinates": [[2.3648686, 6.388471], [2.3645493, 6.3885402]]}, "properties": {"kind": "single_owner", "winner": "Mènontin", "color": "#93d64b", "length_m": 36.1, "d_M_u": 93.65227756145619, "d_K_u": 1053.24972642556, "d_M_v": 57.50987661802768, "d_K_v": 1089.3921273689887, "current_owner_u": "Kindonou", "current_owner_v": "Kindonou"}}, {"type": "Feature", "geometry": {"type": "LineString", "coordinates": [[2.3648686, 6.388471], [2.3653483, 6.3883874]]}, "properties": {"kind": "single_owner", "winner": "Mènontin", "color": "#93d64b", "length_m": 53.9, "d_M_u": 93.65227756145619, "d_K_u": 1053.24972642556, "d_M_v": 147.51932578383014, "d_K_v": 999.3826782031862, "current_owner_u": "Kindonou", "current_owner_v": "Kindonou"}}, {"type": "Feature", "geometry": {"type": "LineString", "coordinates": [[2.3653483, 6.3883874], [2.3666883, 6.3880152]]}, "properties": {"kind": "single_owner", "winner": "Mènontin", "color": "#93d64b", "length_m": 153.8, "d_M_u": 147.51932578383014, "d_K_u": 999.3826782031862, "d_M_v": 231.04507633043153, "d_K_v": 845.5371188672455, "current_owner_u": "Kindonou", "current_owner_v": "Mènontin"}}, {"type": "Feature", "geometry": {"type": "LineString", "coordinates": [[2.3735736, 6.385566], [2.3733685, 6.3850156]]}, "properties": {"kind": "single_owner", "winner": "Kouhounou", "color": "#dcca40", "length_m": 64.9, "d_M_u": 172.21565471932755, "d_K_u": 0.0, "d_M_v": 237.15011799094037, "d_K_v": 64.93446327161284, "current_owner_u": "Agla-Petit-Château", "current_owner_v": "Agla-Petit-Château"}}, {"type": "Feature", "geometry": {"type": "LineString", "coordinates": [[2.3735736, 6.385566], [2.3724136, 6.3862505]]}, "properties": {"kind": "single_owner", "winner": "Kouhounou", "color": "#dcca40", "length_m": 149.0, "d_M_u": 172.21565471932755, "d_K_u": 0.0, "d_M_v": 321.19033955903376, "d_K_v": 148.97468483970624, "current_owner_u": "Agla-Petit-Château", "current_owner_v": "Agla-Petit-Château"}}, {"type": "Feature", "geometry": {"type": "LineString", "coordinates": [[2.3735736, 6.385566], [2.3736901, 6.3854886]]}, "properties": {"kind": "single_owner", "winner": "Kouhounou", "color": "#dcca40", "length_m": 15.5, "d_M_u": 172.21565471932755, "d_K_u": 0.0, "d_M_v": 187.68522460849954, "d_K_v": 15.469569889171995, "current_owner_u": "Agla-Petit-Château", "current_owner_v": "Agla-Petit-Château"}}, {"type": "Feature", "geometry": {"type": "LineString", "coordinates": [[2.3733685, 6.3850156], [2.3732896, 6.3848014]]}, "properties": {"kind": "single_owner", "winner": "Kouhounou", "color": "#dcca40", "length_m": 25.2, "d_M_u": 237.15011799094037, "d_K_u": 64.93446327161284, "d_M_v": 262.3854126421525, "d_K_v": 90.16975792282497, "current_owner_u": "Agla-Petit-Château", "current_owner_v": "Agla-Petit-Château"}}, {"type": "Feature", "geometry": {"type": "LineString", "coordinates": [[2.3732896, 6.3848014], [2.3731729, 6.3844456]]}, "properties": {"kind": "single_owner", "winner": "Kouhounou", "color": "#dcca40", "length_m": 41.4, "d_M_u": 262.3854126421525, "d_K_u": 90.16975792282497, "d_M_v": 303.78029204637755, "d_K_v": 131.56463732704998, "current_owner_u": "Agla-Petit-Château", "current_owner_v": "Agla-Petit-Château"}}, {"type": "Feature", "geometry": {"type": "LineString", "coordinates": [[2.3731729, 6.3844456], [2.3731552, 6.3843425]]}, "properties": {"kind": "single_owner", "winner": "Kouhounou", "color": "#dcca40", "length_m": 11.6, "d_M_u": 303.78029204637755, "d_K_u": 131.56463732704998, "d_M_v": 315.3439602923958, "d_K_v": 143.12830557306827, "current_owner_u": "Agla-Petit-Château", "current_owner_v": "Agla-Petit-Château"}}, {"type": "Feature", "geometry": {"type": "LineString", "coordinates": [[2.3731552, 6.3843425], [2.372925, 6.3842493]]}, "properties": {"kind": "single_owner", "winner": "Kouhounou", "color": "#dcca40", "length_m": 27.5, "d_M_u": 315.3439602923958, "d_K_u": 143.12830557306827, "d_M_v": 342.8155586962786, "d_K_v": 170.599903976951, "current_owner_u": "Agla-Petit-Château", "current_owner_v": "Agla-Petit-Château"}}, {"type": "Feature", "geometry": {"type": "LineString", "coordinates": [[2.3731552, 6.3843425], [2.373141, 6.3842319]]}, "properties": {"kind": "single_owner", "winner": "Kouhounou", "color": "#dcca40", "length_m": 12.3, "d_M_u": 315.3439602923958, "d_K_u": 143.12830557306827, "d_M_v": 327.67019766108046, "d_K_v": 155.45454294175295, "current_owner_u": "Agla-Petit-Château", "current_owner_v": "Agla-Petit-Château"}}, {"type": "Feature", "geometry": {"type": "LineString", "coordinates": [[2.362558, 6.3885727], [2.363053, 6.3885212]]}, "properties": {"kind": "single_owner", "winner": "Mènontin", "color": "#93d64b", "length_m": 55.1, "d_M_u": 174.29224005807276, "d_K_u": 1271.3336855834846, "d_M_v": 119.23606841124635, "d_K_v": 1216.2775139366581, "current_owner_u": "Kindonou", "current_owner_v": "Kindonou"}}, {"type": "Feature", "geometry": {"type": "LineString", "coordinates": [[2.363053, 6.3885212], [2.3636033, 6.3884382]]}, "properties": {"kind": "single_owner", "winner": "Mènontin", "color": "#93d64b", "length_m": 61.6, "d_M_u": 119.23606841124635, "d_K_u": 1216.2775139366581, "d_M_v": 57.66978511504552, "d_K_v": 1154.7112306404572, "current_owner_u": "Kindonou", "current_owner_v": "Kindonou"}}, {"type": "Feature", "geometry": {"type": "LineString", "coordinates": [[2.3636033, 6.3884382], [2.3635947, 6.3876615]]}, "properties": {"kind": "single_owner", "winner": "Mènontin", "color": "#93d64b", "length_m": 85.9, "d_M_u": 57.66978511504552, "d_K_u": 1154.7112306404572, "d_M_v": 143.53147437147865, "d_K_v": 1240.5729198968904, "current_owner_u": "Kindonou", "current_owner_v": "Kindonou"}}, {"type": "Feature", "geometry": {"type": "LineString", "coordinates": [[2.3641752, 6.3883498], [2.3648795, 6.3882173]]}, "properties": {"kind": "single_owner", "winner": "Mènontin", "color": "#93d64b", "length_m": 79.3, "d_M_u": 25.30434478656735, "d_K_u": 1090.6446799367377, "d_M_v": 104.5846092319247, "d_K_v": 1011.3644154913803, "current_owner_u": "Kindonou", "current_owner_v": "Kindonou"}}, {"type": "Feature", "geometry": {"type": "LineString", "coordinates": [[2.3641752, 6.3883498], [2.3640944, 6.3876375]]}, "properties": {"kind": "single_owner", "winner": "Mènontin", "color": "#93d64b", "length_m": 79.2, "d_M_u": 25.30434478656735, "d_K_u": 1090.6446799367377, "d_M_v": 104.54775444274173, "d_K_v": 1169.8880895929121, "current_owner_u": "Kindonou", "current_owner_v": "Kindonou"}}, {"type": "Feature", "geometry": {"type": "LineString", "coordinates": [[2.3648795, 6.3882173], [2.365353, 6.3881106]]}, "properties": {"kind": "single_owner", "winner": "Mènontin", "color": "#93d64b", "length_m": 53.7, "d_M_u": 104.5846092319247, "d_K_u": 1011.3644154913803, "d_M_v": 158.2786007275824, "d_K_v": 957.6704239957227, "current_owner_u": "Kindonou", "current_owner_v": "Kindonou"}}, {"type": "Feature", "geometry": {"type": "LineString", "coordinates": [[2.365353, 6.3881106], [2.3657298, 6.3880174]]}, "properties": {"kind": "single_owner", "winner": "Mènontin", "color": "#93d64b", "length_m": 42.9, "d_M_u": 158.2786007275824, "d_K_u": 957.6704239957227, "d_M_v": 201.21761813468876, "d_K_v": 914.7314065886163, "current_owner_u": "Kindonou", "current_owner_v": "Kindonou"}}, {"type": "Feature", "geometry": {"type": "LineString", "coordinates": [[2.3657298, 6.3880174], [2.3664513, 6.3878228]]}, "properties": {"kind": "single_owner", "winner": "Mènontin", "color": "#93d64b", "length_m": 82.7, "d_M_u": 201.21761813468876, "d_K_u": 914.7314065886163, "d_M_v": 283.8838338890083, "d_K_v": 832.0651908342968, "current_owner_u": "Kindonou", "current_owner_v": "<unclaimed>"}}, {"type": "Feature", "geometry": {"type": "LineString", "coordinates": [[2.3664513, 6.3878228], [2.3671433, 6.3876309]]}, "properties": {"kind": "single_owner", "winner": "Mènontin", "color": "#93d64b", "length_m": 79.4, "d_M_u": 283.8838338890083, "d_K_u": 832.0651908342968, "d_M_v": 363.3232568609264, "d_K_v": 752.6257678623788, "current_owner_u": "<unclaimed>", "current_owner_v": "Mènontin"}}, {"type": "Feature", "geometry": {"type": "LineString", "coordinates": [[2.3679909, 6.3874176], [2.3687366, 6.387247]]}, "properties": {"kind": "single_owner", "winner": "Mènontin", "color": "#93d64b", "length_m": 84.6, "d_M_u": 460.0108381907933, "d_K_u": 655.9381865325118, "d_M_v": 544.6344376998661, "d_K_v": 571.3145870234391, "current_owner_u": "Mènontin", "current_owner_v": "<unclaimed>"}}, {"type": "Feature", "geometry": {"type": "LineString", "coordinates": [[2.3687366, 6.387247], [2.3717926, 6.3865036]]}, "properties": {"kind": "single_owner", "winner": "Mènontin", "color": "#93d64b", "length_m": 347.9, "d_M_u": 544.6344376998661, "d_K_u": 571.3145870234391, "d_M_v": 395.6061539706601, "d_K_v": 223.39049925133264, "current_owner_u": "<unclaimed>", "current_owner_v": "Agla-Petit-Château"}}, {"type": "Feature", "geometry": {"type": "LineString", "coordinates": [[2.3717926, 6.3865036], [2.3719455, 6.3864636]]}, "properties": {"kind": "single_owner", "winner": "Mènontin", "color": "#93d64b", "length_m": 17.5, "d_M_u": 395.6061539706601, "d_K_u": 223.39049925133264, "d_M_v": 378.12271599760334, "d_K_v": 205.90706127827585, "current_owner_u": "Agla-Petit-Château", "current_owner_v": "Agla-Petit-Château"}}, {"type": "Feature", "geometry": {"type": "LineString", "coordinates": [[2.3719455, 6.3864636], [2.372089, 6.3864077]]}, "properties": {"kind": "single_owner", "winner": "Mènontin", "color": "#93d64b", "length_m": 17.0, "d_M_u": 378.12271599760334, "d_K_u": 205.90706127827585, "d_M_v": 361.0873535498335, "d_K_v": 188.87169883050598, "current_owner_u": "Agla-Petit-Château", "current_owner_v": "Agla-Petit-Château"}}, {"type": "Feature", "geometry": {"type": "LineString", "coordinates": [[2.372089, 6.3864077], [2.3722513, 6.3863318]]}, "properties": {"kind": "single_owner", "winner": "Mènontin", "color": "#93d64b", "length_m": 19.8, "d_M_u": 361.0873535498335, "d_K_u": 188.87169883050598, "d_M_v": 341.2688380179328, "d_K_v": 169.0531832986053, "current_owner_u": "Agla-Petit-Château", "current_owner_v": "Agla-Petit-Château"}}, {"type": "Feature", "geometry": {"type": "LineString", "coordinates": [[2.3722513, 6.3863318], [2.37233245, 6.38629115]]}, "properties": {"kind": "split_half", "winner": "Mènontin", "color": "#93d64b", "length_m": 10.0, "split_t": 0.5}}, {"type": "Feature", "geometry": {"type": "LineString", "coordinates": [[2.37233245, 6.38629115], [2.3724136, 6.3862505]]}, "properties": {"kind": "split_half", "winner": "Kouhounou", "color": "#dcca40", "length_m": 10.0, "split_t": 0.5}}, {"type": "Feature", "geometry": {"type": "LineString", "coordinates": [[2.3736901, 6.3854886], [2.373486, 6.3849799]]}, "properties": {"kind": "single_owner", "winner": "Kouhounou", "color": "#dcca40", "length_m": 60.6, "d_M_u": 187.68522460849954, "d_K_u": 15.469569889171995, "d_M_v": 248.28082479956862, "d_K_v": 76.06517008024109, "current_owner_u": "Agla-Petit-Château", "current_owner_v": "Agla-Petit-Château"}}, {"type": "Feature", "geometry": {"type": "LineString", "coordinates": [[2.3736901, 6.3854886], [2.3742798, 6.3851375]]}, "properties": {"kind": "single_owner", "winner": "Kouhounou", "color": "#dcca40", "length_m": 75.9, "d_M_u": 187.68522460849954, "d_K_u": 15.469569889171995, "d_M_v": 263.5944012271694, "d_K_v": 91.37874650784183, "current_owner_u": "Agla-Petit-Château", "current_owner_v": "Agla-Petit-Château"}}, {"type": "Feature", "geometry": {"type": "LineString", "coordinates": [[2.3753426, 6.3886129], [2.3749671, 6.3880474]]}, "properties": {"kind": "single_owner", "winner": "Mènontin", "color": "#93d64b", "length_m": 75.1, "d_M_u": 149.48967763805405, "d_K_u": 390.10920138133315, "d_M_v": 74.43504194546334, "d_K_v": 315.05456568874246, "current_owner_u": "Zogbohouè", "current_owner_v": "Agla-Petit-Château"}}, {"type": "Feature", "geometry": {"type": "LineString", "coordinates": [[2.3749671, 6.3880474], [2.3744872, 6.3883639]]}, "properties": {"kind": "single_owner", "winner": "Mènontin", "color": "#93d64b", "length_m": 63.6, "d_M_u": 74.43504194546334, "d_K_u": 315.05456568874246, "d_M_v": 138.01666571374426, "d_K_v": 378.63618945702336, "current_owner_u": "Agla-Petit-Château", "current_owner_v": "Mènontin"}}, {"type": "Feature", "geometry": {"type": "LineString", "coordinates": [[2.3749671, 6.3880474], [2.3750851, 6.3879798]]}, "properties": {"kind": "single_owner", "winner": "Mènontin", "color": "#93d64b", "length_m": 15.0, "d_M_u": 74.43504194546334, "d_K_u": 315.05456568874246, "d_M_v": 89.06432000489761, "d_K_v": 329.6838437481767, "current_owner_u": "Agla-Petit-Château", "current_owner_v": "Agla-Petit-Château"}}, {"type": "Feature", "geometry": {"type": "LineString", "coordinates": [[2.3736743, 6.3858028], [2.3737951, 6.3857324]]}, "properties": {"kind": "single_owner", "winner": "Kouhounou", "color": "#dcca40", "length_m": 15.5, "d_M_u": 143.57257476797366, "d_K_u": 28.64307995135389, "d_M_v": 159.03717664419528, "d_K_v": 43.961817727884295, "current_owner_u": "Agla-Petit-Château", "current_owner_v": "Agla-Petit-Château"}}, {"type": "Feature", "geometry": {"type": "LineString", "coordinates": [[2.3750851, 6.3879798], [2.3754499, 6.3885384]]}, "properties": {"kind": "single_owner", "winner": "Mènontin", "color": "#93d64b", "length_m": 73.8, "d_M_u": 89.06432000489761, "d_K_u": 329.6838437481767, "d_M_v": 162.8306988308614, "d_K_v": 403.45022257414047, "current_owner_u": "Agla-Petit-Château", "current_owner_v": "Zogbohouè"}}, {"type": "Feature", "geometry": {"type": "LineString", "coordinates": [[2.3647653, 6.3896724], [2.3647828, 6.3904145]]}, "properties": {"kind": "single_owner", "winner": "Mènontin", "color": "#93d64b", "length_m": 82.1, "d_M_u": 158.1088045265339, "d_K_u": 1218.6455817933834, "d_M_v": 240.16338068185158, "d_K_v": 1300.700157948701, "current_owner_u": "Kindonou", "current_owner_v": "Kindonou"}}, {"type": "Feature", "geometry": {"type": "LineString", "coordinates": [[2.3743397, 6.3851839], [2.3745529, 6.3850768]]}, "properties": {"kind": "single_owner", "winner": "Kouhounou", "color": "#dcca40", "length_m": 26.4, "d_M_u": 260.77866958749433, "d_K_u": 103.48727717521159, "d_M_v": 287.16912790268094, "d_K_v": 129.8777354903982, "current_owner_u": "Agla-Petit-Château", "current_owner_v": "Kouhounou"}}, {"type": "Feature", "geometry": {"type": "LineString", "coordinates": [[2.3746522, 6.3851519], [2.374443, 6.3852572]]}, "properties": {"kind": "single_owner", "winner": "Kouhounou", "color": "#dcca40", "length_m": 25.9, "d_M_u": 282.137813363824, "d_K_u": 149.28427141287344, "d_M_v": 256.23209444556346, "d_K_v": 123.3785524946129, "current_owner_u": "Kouhounou", "current_owner_v": "Agla-Petit-Château"}}, {"type": "Feature", "geometry": {"type": "LineString", "coordinates": [[2.3728305, 6.3863357], [2.3725745, 6.3864917]]}, "properties": {"kind": "single_owner", "winner": "Mènontin", "color": "#93d64b", "length_m": 33.2, "d_M_u": 33.15773878128238, "d_K_u": 139.05791593804517, "d_M_v": 0.0, "d_K_v": 172.21565471932755, "current_owner_u": "Agla-Petit-Château", "current_owner_v": "Agla-Petit-Château"}}, {"type": "Feature", "geometry": {"type": "LineString", "coordinates": [[2.3720108, 6.3844737], [2.3727862, 6.3847904]]}, "properties": {"kind": "single_owner", "winner": "Kouhounou", "color": "#dcca40", "length_m": 92.6, "d_M_u": 497.22231738119274, "d_K_u": 325.00666266186516, "d_M_v": 404.5725073634344, "d_K_v": 232.3568526441068, "current_owner_u": "Agla-Petit-Château", "current_owner_v": "Agla-Petit-Château"}}, {"type": "Feature", "geometry": {"type": "LineString", "coordinates": [[2.3636242, 6.3893475], [2.3635572, 6.3894461]]}, "properties": {"kind": "single_owner", "winner": "Mènontin", "color": "#93d64b", "length_m": 13.2, "d_M_u": 292.1899562078768, "d_K_u": 1416.1210071765972, "d_M_v": 305.37072994975927, "d_K_v": 1429.3017809184796, "current_owner_u": "Kindonou", "current_owner_v": "Kindonou"}}, {"type": "Feature", "geometry": {"type": "LineString", "coordinates": [[2.3630637, 6.3900073], [2.3634902, 6.3895394]]}, "properties": {"kind": "single_owner", "winner": "Mènontin", "color": "#93d64b", "length_m": 70.0, "d_M_u": 288.4516168883328, "d_K_u": 1412.382667857053, "d_M_v": 318.0713254059965, "d_K_v": 1442.002376374717, "current_owner_u": "Kindonou", "current_owner_v": "Kindonou"}}, {"type": "Feature", "geometry": {"type": "LineString", "coordinates": [[2.3634902, 6.3895394], [2.3635572, 6.3894461]]}, "properties": {"kind": "single_owner", "winner": "Mènontin", "color": "#93d64b", "length_m": 12.7, "d_M_u": 318.0713254059965, "d_K_u": 1442.002376374717, "d_M_v": 305.37072994975927, "d_K_v": 1429.3017809184796, "current_owner_u": "Kindonou", "current_owner_v": "Kindonou"}}, {"type": "Feature", "geometry": {"type": "LineString", "coordinates": [[2.3833836, 6.3860061], [2.3831692, 6.3861156]]}, "properties": {"kind": "single_owner", "winner": "Kouhounou", "color": "#dcca40", "length_m": 26.6, "d_M_u": 1188.9778114259057, "d_K_u": 55.51969988189247, "d_M_v": 1162.3491021800364, "d_K_v": 82.14840912776181, "current_owner_u": "Agounvocôdji", "current_owner_v": "Agounvocôdji"}}, {"type": "Feature", "geometry": {"type": "LineString", "coordinates": [[2.3831213, 6.3773444], [2.3848755, 6.3772511]]}, "properties": {"kind": "single_owner", "winner": "Kouhounou", "color": "#dcca40", "length_m": 194.3, "d_M_u": 1667.5690178906814, "d_K_u": 288.7922352522648, "d_M_v": 1861.503985613092, "d_K_v": 94.45402587385298, "current_owner_u": "Védokô", "current_owner_v": "Védokô"}}, {"type": "Feature", "geometry": {"type": "LineString", "coordinates": [[2.3847292, 6.3762177], [2.3848755, 6.3772511]]}, "properties": {"kind": "single_owner", "winner": "Kouhounou", "color": "#dcca40", "length_m": 115.4, "d_M_u": 1959.6734006368836, "d_K_u": 118.75321160600582, "d_M_v": 1861.503985613092, "d_K_v": 94.45402587385298, "current_owner_u": "Ahogbohoué-Cité-Eucharistie", "current_owner_v": "Védokô"}}, {"type": "Feature", "geometry": {"type": "LineString", "coordinates": [[2.3725745, 6.3864917], [2.3723331, 6.386593]]}, "properties": {"kind": "single_owner", "winner": "Mènontin", "color": "#93d64b", "length_m": 29.0, "d_M_u": 0.0, "d_K_u": 172.21565471932755, "d_M_v": 28.958294660652363, "d_K_v": 201.17394937997992, "current_owner_u": "Agla-Petit-Château", "current_owner_v": "Agla-Petit-Château"}}, {"type": "Feature", "geometry": {"type": "LineString", "coordinates": [[2.3723331, 6.386593], [2.3721051, 6.386677]]}, "properties": {"kind": "single_owner", "winner": "Mènontin", "color": "#93d64b", "length_m": 26.9, "d_M_u": 28.958294660652363, "d_K_u": 201.17394937997992, "d_M_v": 55.8363828261638, "d_K_v": 228.05203754549134, "current_owner_u": "Agla-Petit-Château", "current_owner_v": "Agla-Petit-Château"}}, {"type": "Feature", "geometry": {"type": "LineString", "coordinates": [[2.3636829, 6.3887001], [2.3631653, 6.3887694]]}, "properties": {"kind": "single_owner", "winner": "Mènontin", "color": "#93d64b", "length_m": 57.8, "d_M_u": 54.3050053623152, "d_K_u": 1178.2360563310353, "d_M_v": 112.07640369838671, "d_K_v": 1236.007454667107, "current_owner_u": "Kindonou", "current_owner_v": "Kindonou"}}, {"type": "Feature", "geometry": {"type": "LineString", "coordinates": [[2.3631653, 6.3887694], [2.3630372, 6.388788]]}, "properties": {"kind": "single_owner", "winner": "Mènontin", "color": "#93d64b", "length_m": 14.3, "d_M_u": 112.07640369838671, "d_K_u": 1236.007454667107, "d_M_v": 126.39627470344405, "d_K_v": 1250.3273256721643, "current_owner_u": "Kindonou", "current_owner_v": "Kindonou"}}, {"type": "Feature", "geometry": {"type": "LineString", "coordinates": [[2.373141, 6.3842319], [2.3731317, 6.3833533]]}, "properties": {"kind": "single_owner", "winner": "Kouhounou", "color": "#dcca40", "length_m": 97.1, "d_M_u": 327.67019766108046, "d_K_u": 155.45454294175295, "d_M_v": 424.7960910322626, "d_K_v": 252.5804363129351, "current_owner_u": "Agla-Petit-Château", "current_owner_v": "Agla-Petit-Château"}}, {"type": "Feature", "geometry": {"type": "LineString", "coordinates": [[2.372925, 6.3842493], [2.3728333, 6.384619]]}, "properties": {"kind": "single_owner", "winner": "Kouhounou", "color": "#dcca40", "length_m": 42.1, "d_M_u": 342.8155586962786, "d_K_u": 170.599903976951, "d_M_v": 384.9225120364623, "d_K_v": 212.7068573171347, "current_owner_u": "Agla-Petit-Château", "current_owner_v": "Agla-Petit-Château"}}, {"type": "Feature", "geometry": {"type": "LineString", "coordinates": [[2.3725424, 6.3863877], [2.37246205, 6.3864322]]}, "properties": {"kind": "split_half", "winner": "Kouhounou", "color": "#dcca40", "length_m": 10.2, "split_t": 0.5}}, {"type": "Feature", "geometry": {"type": "LineString", "coordinates": [[2.37246205, 6.3864322], [2.3723817, 6.3864767]]}, "properties": {"kind": "split_half", "winner": "Mènontin", "color": "#93d64b", "length_m": 10.2, "split_t": 0.5}}, {"type": "Feature", "geometry": {"type": "LineString", "coordinates": [[2.3723817, 6.3864767], [2.3722298, 6.3865476]]}, "properties": {"kind": "single_owner", "winner": "Mènontin", "color": "#93d64b", "length_m": 18.5, "d_M_u": 313.7554940038639, "d_K_u": 180.60272200808134, "d_M_v": 332.29768291721655, "d_K_v": 199.14491092143402, "current_owner_u": "Agla-Petit-Château", "current_owner_v": "Agla-Petit-Château"}}, {"type": "Feature", "geometry": {"type": "LineString", "coordinates": [[2.3722298, 6.3865476], [2.3720491, 6.3866153]]}, "properties": {"kind": "single_owner", "winner": "Mènontin", "color": "#93d64b", "length_m": 21.3, "d_M_u": 332.29768291721655, "d_K_u": 199.14491092143402, "d_M_v": 353.64307746567357, "d_K_v": 220.49030546989107, "current_owner_u": "Agla-Petit-Château", "current_owner_v": "Agla-Petit-Château"}}, {"type": "Feature", "geometry": {"type": "LineString", "coordinates": [[2.3720491, 6.3866153], [2.3718516, 6.3866743]]}, "properties": {"kind": "single_owner", "winner": "Mènontin", "color": "#93d64b", "length_m": 22.8, "d_M_u": 353.64307746567357, "d_K_u": 220.49030546989107, "d_M_v": 376.4447944614967, "d_K_v": 243.2920224657142, "current_owner_u": "Agla-Petit-Château", "current_owner_v": "Agla-Petit-Château"}}, {"type": "Feature", "geometry": {"type": "LineString", "coordinates": [[2.3718516, 6.3866743], [2.368809, 6.387407]]}, "properties": {"kind": "single_owner", "winner": "Mènontin", "color": "#93d64b", "length_m": 346.2, "d_M_u": 376.4447944614967, "d_K_u": 243.2920224657142, "d_M_v": 343.8399252073202, "d_K_v": 589.4971957203815, "current_owner_u": "Agla-Petit-Château", "current_owner_v": "Mènontin"}}, {"type": "Feature", "geometry": {"type": "LineString", "coordinates": [[2.3665183, 6.3879881], [2.3658009, 6.388188]]}, "properties": {"kind": "single_owner", "winner": "Mènontin", "color": "#93d64b", "length_m": 82.4, "d_M_u": 82.38355267890297, "d_K_u": 850.9535682487988, "d_M_v": 0.0, "d_K_v": 933.3371209277018, "current_owner_u": "Mènontin", "current_owner_v": "Kindonou"}}, {"type": "Feature", "geometry": {"type": "LineString", "coordinates": [[2.3658009, 6.388188], [2.3654066, 6.3882866]]}, "properties": {"kind": "single_owner", "winner": "Mènontin", "color": "#93d64b", "length_m": 45.0, "d_M_u": 0.0, "d_K_u": 933.3371209277018, "d_M_v": 44.961829438993426, "d_K_v": 978.2989503666952, "current_owner_u": "Kindonou", "current_owner_v": "Kindonou"}}, {"type": "Feature", "geometry": {"type": "LineString", "coordinates": [[2.3654066, 6.3882866], [2.3649493, 6.3883812]]}, "properties": {"kind": "single_owner", "winner": "Mènontin", "color": "#93d64b", "length_m": 51.7, "d_M_u": 44.961829438993426, "d_K_u": 978.2989503666952, "d_M_v": 96.62164243547146, "d_K_v": 1029.9587633631731, "current_owner_u": "Kindonou", "current_owner_v": "Kindonou"}}, {"type": "Feature", "geometry": {"type": "LineString", "coordinates": [[2.3638898, 6.3885973], [2.3635559, 6.3886345]]}, "properties": {"kind": "single_owner", "winner": "Mènontin", "color": "#93d64b", "length_m": 37.2, "d_M_u": 33.87871455317485, "d_K_u": 1147.3035402993237, "d_M_v": 71.04571755111635, "d_K_v": 1184.4705432972653, "current_owner_u": "Kindonou", "current_owner_v": "Kindonou"}}, {"type": "Feature", "geometry": {"type": "LineString", "coordinates": [[2.3635559, 6.3886345], [2.3630812, 6.3886944]]}, "properties": {"kind": "single_owner", "winner": "Mènontin", "color": "#93d64b", "length_m": 52.9, "d_M_u": 71.04571755111635, "d_K_u": 1184.4705432972653, "d_M_v": 123.97680058806247, "d_K_v": 1237.4016263342114, "current_owner_u": "Kindonou", "current_owner_v": "Kindonou"}}, {"type": "Feature", "geometry": {"type": "LineString", "coordinates": [[2.3630812, 6.3886944], [2.3604398, 6.3889856]]}, "properties": {"kind": "single_owner", "winner": "Mènontin", "color": "#93d64b", "length_m": 294.0, "d_M_u": 123.97680058806247, "d_K_u": 1237.4016263342114, "d_M_v": 417.9582605129182, "d_K_v": 1531.383086259067, "current_owner_u": "Kindonou", "current_owner_v": "Kindonou"}}, {"type": "Feature", "geometry": {"type": "LineString", "coordinates": [[2.3848755, 6.3772511], [2.3852643, 6.3772324]]}, "properties": {"kind": "single_owner", "winner": "Kouhounou", "color": "#dcca40", "length_m": 43.1, "d_M_u": 1861.503985613092, "d_K_u": 94.45402587385298, "d_M_v": 1904.5659528885515, "d_K_v": 51.39205859839358, "current_owner_u": "Védokô", "current_owner_v": "Védokô"}}, {"type": "Feature", "geometry": {"type": "LineString", "coordinates": [[2.3852643, 6.3772324], [2.3859031, 6.3771893]]}, "properties": {"kind": "single_owner", "winner": "Kouhounou", "color": "#dcca40", "length_m": 70.8, "d_M_u": 1904.5659528885515, "d_K_u": 51.39205859839358, "d_M_v": 1975.3957933258425, "d_K_v": 122.22189903568466, "current_owner_u": "Védokô", "current_owner_v": "Védokô"}}, {"type": "Feature", "geometry": {"type": "LineString", "coordinates": [[2.3852643, 6.3772324], [2.3852321, 6.3767686]]}, "properties": {"kind": "single_owner", "winner": "Kouhounou", "color": "#dcca40", "length_m": 51.4, "d_M_u": 1904.5659528885515, "d_K_u": 51.39205859839358, "d_M_v": 1955.958011486945, "d_K_v": 0.0, "current_owner_u": "Védokô", "current_owner_v": "Ahogbohoué-Cité-Eucharistie"}}, {"type": "Feature", "geometry": {"type": "LineString", "coordinates": [[2.3859031, 6.3771893], [2.3858054, 6.3760518]]}, "properties": {"kind": "single_owner", "winner": "Kouhounou", "color": "#dcca40", "length_m": 126.2, "d_M_u": 1975.3957933258425, "d_K_u": 122.22189903568466, "d_M_v": null, "d_K_v": 143.26897947466227, "current_owner_u": "Védokô", "current_owner_v": "Ahogbohoué-Cité-Eucharistie"}}, {"type": "Feature", "geometry": {"type": "LineString", "coordinates": [[2.3727862, 6.3847904], [2.3727433, 6.3849481]]}, "properties": {"kind": "single_owner", "winner": "Kouhounou", "color": "#dcca40", "length_m": 18.1, "d_M_u": 404.5725073634344, "d_K_u": 232.3568526441068, "d_M_v": 422.6391688391336, "d_K_v": 250.42351411980601, "current_owner_u": "Agla-Petit-Château", "current_owner_v": "Agla-Petit-Château"}}, {"type": "Feature", "geometry": {"type": "LineString", "coordinates": [[2.3727862, 6.3847904], [2.3728333, 6.384619]]}, "properties": {"kind": "single_owner", "winner": "Kouhounou", "color": "#dcca40", "length_m": 19.6, "d_M_u": 404.5725073634344, "d_K_u": 232.3568526441068, "d_M_v": 384.9225120364623, "d_K_v": 212.7068573171347, "current_owner_u": "Agla-Petit-Château", "current_owner_v": "Agla-Petit-Château"}}, {"type": "Feature", "geometry": {"type": "LineString", "coordinates": [[2.372727, 6.3849537], [2.3727433, 6.3849481]]}, "properties": {"kind": "single_owner", "winner": "Kouhounou", "color": "#dcca40", "length_m": 1.9, "d_M_u": 424.54570398408345, "d_K_u": 252.33004926475584, "d_M_v": 422.6391688391336, "d_K_v": 250.42351411980601, "current_owner_u": "Agla-Petit-Château", "current_owner_v": "Agla-Petit-Château"}}, {"type": "Feature", "geometry": {"type": "LineString", "coordinates": [[2.3870053, 6.3775757], [2.3862678, 6.377625]]}, "properties": {"kind": "single_owner", "winner": "Kouhounou", "color": "#dcca40", "length_m": 81.8, "d_M_u": null, "d_K_u": 902.6885632184376, "d_M_v": null, "d_K_v": 957.1398780889463, "current_owner_u": "Védokô", "current_owner_v": "Védokô"}}, {"type": "Feature", "geometry": {"type": "LineString", "coordinates": [[2.3862678, 6.377625], [2.3862542, 6.3774803]]}, "properties": {"kind": "single_owner", "winner": "Kouhounou", "color": "#dcca40", "length_m": 16.1, "d_M_u": null, "d_K_u": 957.1398780889463, "d_M_v": null, "d_K_v": 941.0741350501909, "current_owner_u": "Védokô", "current_owner_v": "Védokô"}}, {"type": "Feature", "geometry": {"type": "LineString", "coordinates": [[2.3862678, 6.377625], [2.3863346, 6.3783366]]}, "properties": {"kind": "single_owner", "winner": "Kouhounou", "color": "#dcca40", "length_m": 79.0, "d_M_u": null, "d_K_u": 957.1398780889463, "d_M_v": null, "d_K_v": 1036.1465164370945, "current_owner_u": "Védokô", "current_owner_v": "Védokô"}}]}