{"type": "FeatureCollection", "evidence_source": "OSM amenities (ODbL)", "audit_only": false, "evidence_radius_m": 150, "n_nodes_total": 71551, "n_agree": 203, "n_disagree": 123, "n_no_evidence": 71225, "features": [{"type": "Feature", "geometry": {"type": "Point", "coordinates": [2.4299141, 6.36708085]}, "properties": {"lat": 6.36708085, "lng": 2.4299141, "verdict": "AGREE", "current_owner": "Sèdjro-Saint-Michel", "top_poi_quartier": "Sèdjro-Saint-Michel", "top_vote_weight": 3.0, "runner_up_weight": 0.0, "n_pois_total": 5, "n_supporting_pois": 5, "consensus_pct": 100.0, "nid": 260, "color": "#16a34a"}}, {"type": "Feature", "geometry": {"type": "Point", "coordinates": [2.4290341, 6.35982555]}, "properties": {"lat": 6.35982555, "lng": 2.4290341, "verdict": "DISAGREE", "current_owner": "Dota", "top_poi_quartier": "Guinkômey", "top_vote_weight": 0.85, "runner_up_weight": 0.85, "n_pois_total": 2, "n_supporting_pois": 1, "consensus_pct": 50.0, "nid": 5044, "color": "#dc2626"}}, {"type": "Feature", "geometry": {"type": "Point", "coordinates": [2.4502993, 6.3928773]}, "properties": {"lat": 6.3928773, "lng": 2.4502993, "verdict": "AGREE", "current_owner": "Minontchou", "top_poi_quartier": "Minontchou", "top_vote_weight": 1.7, "runner_up_weight": 0.0, "n_pois_total": 2, "n_supporting_pois": 2, "consensus_pct": 100.0, "nid": 5990, "color": "#16a34a"}}, {"type": "Feature", "geometry": {"type": "Point", "coordinates": [2.308479375, 6.484528325]}, "properties": {"lat": 6.484528325, "lng": 2.308479375, "verdict": "AGREE", "current_owner": "Ouéga-Agué", "top_poi_quartier": "Ouéga-Agué", "top_vote_weight": 1.0, "runner_up_weight": 0.0, "n_pois_total": 1, "n_supporting_pois": 1, "consensus_pct": 100.0, "nid": 7162, "color": "#16a34a"}}, {"type": "Feature", "geometry": {"type": "Point", "coordinates": [2.303795111111111, 6.440517288888889]}, "properties": {"lat": 6.440517288888889, "lng": 2.303795111111111, "verdict": "AGREE", "current_owner": "Houèto", "top_poi_quartier": "Houèto", "top_vote_weight": 1.7, "runner_up_weight": 0.0, "n_pois_total": 2, "n_supporting_pois": 2, "consensus_pct": 100.0, "nid": 9032, "color": "#16a34a"}}, {"type": "Feature", "geometry": {"type": "Point", "coordinates": [2.36431028, 6.3922291200000005]}, "properties": {"lat": 6.3922291200000005, "lng": 2.36431028, "verdict": "AGREE", "current_owner": "Kindonou", "top_poi_quartier": "Kindonou", "top_vote_weight": 1.7, "runner_up_weight": 0.0, "n_pois_total": 2, "n_supporting_pois": 2, "consensus_pct": 100.0, "nid": 9843, "color": "#16a34a"}}, {"type": "Feature", "geometry": {"type": "Point", "coordinates": [2.4297652, 6.366964]}, "properties": {"lat": 6.366964, "lng": 2.4297652, "verdict": "AGREE", "current_owner": "Sèdjro-Saint-Michel", "top_poi_quartier": "Sèdjro-Saint-Michel", "top_vote_weight": 3.0, "runner_up_weight": 0.0, "n_pois_total": 5, "n_supporting_pois": 5, "consensus_pct": 100.0, "nid": 259, "color": "#16a34a"}}, {"type": "Feature", "geometry": {"type": "Point", "coordinates": [2.3036286, 6.4403262]}, "properties": {"lat": 6.4403262, "lng": 2.3036286, "verdict": "AGREE", "current_owner": "Houèto", "top_poi_quartier": "Houèto", "top_vote_weight": 1.7, "runner_up_weight": 0.0, "n_pois_total": 2, "n_supporting_pois": 2, "consensus_pct": 100.0, "nid": 51830, "color": "#16a34a"}}, {"type": "Feature", "geometry": {"type": "Point", "coordinates": [2.450129675, 6.3929259]}, "properties": {"lat": 6.3929259, "lng": 2.450129675, "verdict": "AGREE", "current_owner": "Minontchou", "top_poi_quartier": "Minontchou", "top_vote_weight": 1.7, "runner_up_weight": 0.0, "n_pois_total": 2, "n_supporting_pois": 2, "consensus_pct": 100.0, "nid": 5991, "color": "#16a34a"}}, {"type": "Feature", "geometry": {"type": "Point", "coordinates": [2.4298008857142857, 6.367187042857142]}, "properties": {"lat": 6.367187042857142, "lng": 2.4298008857142857, "verdict": "AGREE", "current_owner": "Sèdjro-Saint-Michel", "top_poi_quartier": "Sèdjro-Saint-Michel", "top_vote_weight": 3.0, "runner_up_weight": 0.0, "n_pois_total": 5, "n_supporting_pois": 5, "consensus_pct": 100.0, "nid": 376, "color": "#16a34a"}}, {"type": "Feature", "geometry": {"type": "Point", "coordinates": [2.3082528, 6.4844314]}, "properties": {"lat": 6.4844314, "lng": 2.3082528, "verdict": "AGREE", "current_owner": "Ouéga-Agué", "top_poi_quartier": "Ouéga-Agué", "top_vote_weight": 1.0, "runner_up_weight": 0.0, "n_pois_total": 1, "n_supporting_pois": 1, "consensus_pct": 100.0, "nid": 47150, "color": "#16a34a"}}, {"type": "Feature", "geometry": {"type": "Point", "coordinates": [2.4301545, 6.3672687]}, "properties": {"lat": 6.3672687, "lng": 2.4301545, "verdict": "AGREE", "current_owner": "Sèdjro-Saint-Michel", "top_poi_quartier": "Sèdjro-Saint-Michel", "top_vote_weight": 2.4, "runner_up_weight": 0.0, "n_pois_total": 4, "n_supporting_pois": 4, "consensus_pct": 100.0, "nid": 1462, "color": "#16a34a"}}, {"type": "Feature", "geometry": {"type": "Point", "coordinates": [2.4505586, 6.3928067]}, "properties": {"lat": 6.3928067, "lng": 2.4505586, "verdict": "AGREE", "current_owner": "Minontchou", "top_poi_quartier": "Minontchou", "top_vote_weight": 1.7, "runner_up_weight": 0.0, "n_pois_total": 2, "n_supporting_pois": 2, "consensus_pct": 100.0, "nid": 5989, "color": "#16a34a"}}, {"type": "Feature", "geometry": {"type": "Point", "coordinates": [2.3035782, 6.4402005]}, "properties": {"lat": 6.4402005, "lng": 2.3035782, "verdict": "AGREE", "current_owner": "Houèto", "top_poi_quartier": "Houèto", "top_vote_weight": 1.7, "runner_up_weight": 0.0, "n_pois_total": 2, "n_supporting_pois": 2, "consensus_pct": 100.0, "nid": 49237, "color": "#16a34a"}}, {"type": "Feature", "geometry": {"type": "Point", "coordinates": [2.3087935, 6.484772]}, "properties": {"lat": 6.484772, "lng": 2.3087935, "verdict": "AGREE", "current_owner": "Ouéga-Agué", "top_poi_quartier": "Ouéga-Agué", "top_vote_weight": 1.0, "runner_up_weight": 0.0, "n_pois_total": 1, "n_supporting_pois": 1, "consensus_pct": 100.0, "nid": 78228, "color": "#16a34a"}}, {"type": "Feature", "geometry": {"type": "Point", "coordinates": [2.3079665285714284, 6.4844593857142865]}, "properties": {"lat": 6.4844593857142865, "lng": 2.3079665285714284, "verdict": "AGREE", "current_owner": "Ouéga-Agué", "top_poi_quartier": "Ouéga-Agué", "top_vote_weight": 1.0, "runner_up_weight": 0.0, "n_pois_total": 1, "n_supporting_pois": 1, "consensus_pct": 100.0, "nid": 8145, "color": "#16a34a"}}, {"type": "Feature", "geometry": {"type": "Point", "coordinates": [2.44968766, 6.3930916]}, "properties": {"lat": 6.3930916, "lng": 2.44968766, "verdict": "AGREE", "current_owner": "Minontchou", "top_poi_quartier": "Minontchou", "top_vote_weight": 1.7, "runner_up_weight": 0.0, "n_pois_total": 2, "n_supporting_pois": 2, "consensus_pct": 100.0, "nid": 48026, "color": "#16a34a"}}, {"type": "Feature", "geometry": {"type": "Point", "coordinates": [2.3086055, 6.4849797]}, "properties": {"lat": 6.4849797, "lng": 2.3086055, "verdict": "AGREE", "current_owner": "Ouéga-Agué", "top_poi_quartier": "Ouéga-Agué", "top_vote_weight": 1.0, "runner_up_weight": 0.0, "n_pois_total": 1, "n_supporting_pois": 1, "consensus_pct": 100.0, "nid": 7163, "color": "#16a34a"}}, {"type": "Feature", "geometry": {"type": "Point", "coordinates": [2.3001592, 6.5593557]}, "properties": {"lat": 6.5593557, "lng": 2.3001592, "verdict": "AGREE", "current_owner": "Golo-Djigbé", "top_poi_quartier": "Golo-Djigbé", "top_vote_weight": 1.0, "runner_up_weight": 0.0, "n_pois_total": 1, "n_supporting_pois": 1, "consensus_pct": 100.0, "nid": 13766, "color": "#16a34a"}}, {"type": "Feature", "geometry": {"type": "Point", "coordinates": [2.4411341777777777, 6.389576151851852]}, "properties": {"lat": 6.389576151851852, "lng": 2.4411341777777777, "verdict": "DISAGREE", "current_owner": "Hlacômey", "top_poi_quartier": "Agbatô", "top_vote_weight": 1.7, "runner_up_weight": 0.0, "n_pois_total": 2, "n_supporting_pois": 2, "consensus_pct": 100.0, "nid": 6046, "color": "#dc2626"}}, {"type": "Feature", "geometry": {"type": "Point", "coordinates": [2.3084063, 6.484069]}, "properties": {"lat": 6.484069, "lng": 2.3084063, "verdict": "AGREE", "current_owner": "Ouéga-Agué", "top_poi_quartier": "Ouéga-Agué", "top_vote_weight": 1.0, "runner_up_weight": 0.0, "n_pois_total": 1, "n_supporting_pois": 1, "consensus_pct": 100.0, "nid": 7161, "color": "#16a34a"}}, {"type": "Feature", "geometry": {"type": "Point", "coordinates": [2.3648170800000003, 6.392192660000001]}, "properties": {"lat": 6.392192660000001, "lng": 2.3648170800000003, "verdict": "AGREE", "current_owner": "Kindonou", "top_poi_quartier": "Kindonou", "top_vote_weight": 1.7, "runner_up_weight": 0.0, "n_pois_total": 2, "n_supporting_pois": 2, "consensus_pct": 100.0, "nid": 9914, "color": "#16a34a"}}, {"type": "Feature", "geometry": {"type": "Point", "coordinates": [2.3077492, 6.4847825]}, "properties": {"lat": 6.4847825, "lng": 2.3077492, "verdict": "AGREE", "current_owner": "Ouéga-Agué", "top_poi_quartier": "Ouéga-Agué", "top_vote_weight": 1.0, "runner_up_weight": 0.0, "n_pois_total": 1, "n_supporting_pois": 1, "consensus_pct": 100.0, "nid": 8144, "color": "#16a34a"}}, {"type": "Feature", "geometry": {"type": "Point", "coordinates": [2.4855345, 6.3681074]}, "properties": {"lat": 6.3681074, "lng": 2.4855345, "verdict": "DISAGREE", "current_owner": "Dandji-Hokanmè", "top_poi_quartier": "Tokplégbé", "top_vote_weight": 0.85, "runner_up_weight": 0.6, "n_pois_total": 2, "n_supporting_pois": 1, "consensus_pct": 58.6, "nid": 10959, "color": "#dc2626"}}, {"type": "Feature", "geometry": {"type": "Point", "coordinates": [2.3637497, 6.3922176]}, "properties": {"lat": 6.3922176, "lng": 2.3637497, "verdict": "AGREE", "current_owner": "Kindonou", "top_poi_quartier": "Kindonou", "top_vote_weight": 1.7, "runner_up_weight": 0.0, "n_pois_total": 2, "n_supporting_pois": 2, "consensus_pct": 100.0, "nid": 9913, "color": "#16a34a"}}, {"type": "Feature", "geometry": {"type": "Point", "coordinates": [2.4413131, 6.3900419]}, "properties": {"lat": 6.3900419, "lng": 2.4413131, "verdict": "DISAGREE", "current_owner": "Hlacômey", "top_poi_quartier": "Agbatô", "top_vote_weight": 1.7, "runner_up_weight": 0.0, "n_pois_total": 2, "n_supporting_pois": 2, "consensus_pct": 100.0, "nid": 81377, "color": "#dc2626"}}, {"type": "Feature", "geometry": {"type": "Point", "coordinates": [2.3642846, 6.3929354]}, "properties": {"lat": 6.3929354, "lng": 2.3642846, "verdict": "AGREE", "current_owner": "Kindonou", "top_poi_quartier": "Kindonou", "top_vote_weight": 1.7, "runner_up_weight": 0.0, "n_pois_total": 2, "n_supporting_pois": 2, "consensus_pct": 100.0, "nid": 9683, "color": "#16a34a"}}, {"type": "Feature", "geometry": {"type": "Point", "coordinates": [2.4303225499999996, 6.36656765]}, "properties": {"lat": 6.36656765, "lng": 2.4303225499999996, "verdict": "AGREE", "current_owner": "Sèdjro-Saint-Michel", "top_poi_quartier": "Sèdjro-Saint-Michel", "top_vote_weight": 2.4, "runner_up_weight": 0.0, "n_pois_total": 4, "n_supporting_pois": 4, "consensus_pct": 100.0, "nid": 5151, "color": "#16a34a"}}, {"type": "Feature", "geometry": {"type": "Point", "coordinates": [2.4505809, 6.3922868]}, "properties": {"lat": 6.3922868, "lng": 2.4505809, "verdict": "AGREE", "current_owner": "Minontchou", "top_poi_quartier": "Minontchou", "top_vote_weight": 1.7, "runner_up_weight": 0.0, "n_pois_total": 2, "n_supporting_pois": 2, "consensus_pct": 100.0, "nid": 26186, "color": "#16a34a"}}, {"type": "Feature", "geometry": {"type": "Point", "coordinates": [2.4295131, 6.3592233]}, "properties": {"lat": 6.3592233, "lng": 2.4295131, "verdict": "DISAGREE", "current_owner": "Dota", "top_poi_quartier": "Guinkômey", "top_vote_weight": 0.85, "runner_up_weight": 0.85, "n_pois_total": 2, "n_supporting_pois": 1, "consensus_pct": 50.0, "nid": 44109, "color": "#dc2626"}}, {"type": "Feature", "geometry": {"type": "Point", "coordinates": [2.4296576, 6.3602295]}, "properties": {"lat": 6.3602295, "lng": 2.4296576, "verdict": "DISAGREE", "current_owner": "Dota", "top_poi_quartier": "Guinkômey", "top_vote_weight": 0.85, "runner_up_weight": 0.85, "n_pois_total": 2, "n_supporting_pois": 1, "consensus_pct": 50.0, "nid": 5045, "color": "#dc2626"}}, {"type": "Feature", "geometry": {"type": "Point", "coordinates": [2.3003793333333333, 6.55915515]}, "properties": {"lat": 6.55915515, "lng": 2.3003793333333333, "verdict": "AGREE", "current_owner": "Golo-Djigbé", "top_poi_quartier": "Golo-Djigbé", "top_vote_weight": 1.0, "runner_up_weight": 0.0, "n_pois_total": 1, "n_supporting_pois": 1, "consensus_pct": 100.0, "nid": 8267, "color": "#16a34a"}}, {"type": "Feature", "geometry": {"type": "Point", "coordinates": [2.4337130866666663, 6.371624373333334]}, "properties": {"lat": 6.371624373333334, "lng": 2.4337130866666663, "verdict": "AGREE", "current_owner": "Dantôkpa", "top_poi_quartier": "Dantôkpa", "top_vote_weight": 1.7, "runner_up_weight": 0.0, "n_pois_total": 2, "n_supporting_pois": 2, "consensus_pct": 100.0, "nid": 88632, "color": "#16a34a"}}, {"type": "Feature", "geometry": {"type": "Point", "coordinates": [2.4294283500000002, 6.3676910499999995]}, "properties": {"lat": 6.3676910499999995, "lng": 2.4294283500000002, "verdict": "AGREE", "current_owner": "Sèdjro-Saint-Michel", "top_poi_quartier": "Sèdjro-Saint-Michel", "top_vote_weight": 3.6, "runner_up_weight": 0.0, "n_pois_total": 6, "n_supporting_pois": 6, "consensus_pct": 100.0, "nid": 4891, "color": "#16a34a"}}, {"type": "Feature", "geometry": {"type": "Point", "coordinates": [2.3043729, 6.4412164]}, "properties": {"lat": 6.4412164, "lng": 2.3043729, "verdict": "AGREE", "current_owner": "Houèto", "top_poi_quartier": "Houèto", "top_vote_weight": 1.7, "runner_up_weight": 0.0, "n_pois_total": 2, "n_supporting_pois": 2, "consensus_pct": 100.0, "nid": 51862, "color": "#16a34a"}}, {"type": "Feature", "geometry": {"type": "Point", "coordinates": [2.4416229, 6.3897846]}, "properties": {"lat": 6.3897846, "lng": 2.4416229, "verdict": "DISAGREE", "current_owner": "Hlacômey", "top_poi_quartier": "Agbatô", "top_vote_weight": 1.7, "runner_up_weight": 0.0, "n_pois_total": 2, "n_supporting_pois": 2, "consensus_pct": 100.0, "nid": 83896, "color": "#dc2626"}}, {"type": "Feature", "geometry": {"type": "Point", "coordinates": [2.3643158, 6.3913056]}, "properties": {"lat": 6.3913056, "lng": 2.3643158, "verdict": "AGREE", "current_owner": "Kindonou", "top_poi_quartier": "Kindonou", "top_vote_weight": 1.7, "runner_up_weight": 0.0, "n_pois_total": 2, "n_supporting_pois": 2, "consensus_pct": 100.0, "nid": 11949, "color": "#16a34a"}}, {"type": "Feature", "geometry": {"type": "Point", "coordinates": [2.3004724, 6.5593923]}, "properties": {"lat": 6.5593923, "lng": 2.3004724, "verdict": "AGREE", "current_owner": "Golo-Djigbé", "top_poi_quartier": "Golo-Djigbé", "top_vote_weight": 1.0, "runner_up_weight": 0.0, "n_pois_total": 1, "n_supporting_pois": 1, "consensus_pct": 100.0, "nid": 8268, "color": "#16a34a"}}, {"type": "Feature", "geometry": {"type": "Point", "coordinates": [2.4414047, 6.3902928]}, "properties": {"lat": 6.3902928, "lng": 2.4414047, "verdict": "DISAGREE", "current_owner": "Hlacômey", "top_poi_quartier": "Agbatô", "top_vote_weight": 1.7, "runner_up_weight": 0.0, "n_pois_total": 2, "n_supporting_pois": 2, "consensus_pct": 100.0, "nid": 26227, "color": "#dc2626"}}, {"type": "Feature", "geometry": {"type": "Point", "coordinates": [2.4511868000000003, 6.3926357]}, "properties": {"lat": 6.3926357, "lng": 2.4511868000000003, "verdict": "AGREE", "current_owner": "Minontchou", "top_poi_quartier": "Minontchou", "top_vote_weight": 1.7, "runner_up_weight": 0.0, "n_pois_total": 2, "n_supporting_pois": 2, "consensus_pct": 100.0, "nid": 5988, "color": "#16a34a"}}, {"type": "Feature", "geometry": {"type": "Point", "coordinates": [2.4407864, 6.3899181]}, "properties": {"lat": 6.3899181, "lng": 2.4407864, "verdict": "DISAGREE", "current_owner": "Hlacômey", "top_poi_quartier": "Agbatô", "top_vote_weight": 1.7, "runner_up_weight": 0.0, "n_pois_total": 2, "n_supporting_pois": 2, "consensus_pct": 100.0, "nid": 26181, "color": "#dc2626"}}, {"type": "Feature", "geometry": {"type": "Point", "coordinates": [2.4262603, 6.3633348]}, "properties": {"lat": 6.3633348, "lng": 2.4262603, "verdict": "DISAGREE", "current_owner": "Mifongou", "top_poi_quartier": "Gbéto", "top_vote_weight": 0.85, "runner_up_weight": 0.6, "n_pois_total": 2, "n_supporting_pois": 1, "consensus_pct": 58.6, "nid": 5148, "color": "#dc2626"}}, {"type": "Feature", "geometry": {"type": "Point", "coordinates": [2.3003295, 6.5587681]}, "properties": {"lat": 6.5587681, "lng": 2.3003295, "verdict": "AGREE", "current_owner": "Golo-Djigbé", "top_poi_quartier": "Golo-Djigbé", "top_vote_weight": 1.0, "runner_up_weight": 0.0, "n_pois_total": 1, "n_supporting_pois": 1, "consensus_pct": 100.0, "nid": 65643, "color": "#16a34a"}}, {"type": "Feature", "geometry": {"type": "Point", "coordinates": [2.4297622, 6.3604601]}, "properties": {"lat": 6.3604601, "lng": 2.4297622, "verdict": "DISAGREE", "current_owner": "Dota", "top_poi_quartier": "Guinkômey", "top_vote_weight": 0.85, "runner_up_weight": 0.85, "n_pois_total": 2, "n_supporting_pois": 1, "consensus_pct": 50.0, "nid": 44108, "color": "#dc2626"}}, {"type": "Feature", "geometry": {"type": "Point", "coordinates": [2.4857993, 6.367495]}, "properties": {"lat": 6.367495, "lng": 2.4857993, "verdict": "DISAGREE", "current_owner": "Dandji-Hokanmè", "top_poi_quartier": "Tokplégbé", "top_vote_weight": 0.85, "runner_up_weight": 0.6, "n_pois_total": 2, "n_supporting_pois": 1, "consensus_pct": 58.6, "nid": 10988, "color": "#dc2626"}}, {"type": "Feature", "geometry": {"type": "Point", "coordinates": [2.3648022, 6.3916045]}, "properties": {"lat": 6.3916045, "lng": 2.3648022, "verdict": "AGREE", "current_owner": "Kindonou", "top_poi_quartier": "Kindonou", "top_vote_weight": 1.7, "runner_up_weight": 0.0, "n_pois_total": 2, "n_supporting_pois": 2, "consensus_pct": 100.0, "nid": 9938, "color": "#16a34a"}}, {"type": "Feature", "geometry": {"type": "Point", "coordinates": [2.450768666666667, 6.391854100000001]}, "properties": {"lat": 6.391854100000001, "lng": 2.450768666666667, "verdict": "AGREE", "current_owner": "Minontchou", "top_poi_quartier": "Minontchou", "top_vote_weight": 1.7, "runner_up_weight": 0.0, "n_pois_total": 2, "n_supporting_pois": 2, "consensus_pct": 100.0, "nid": 6179, "color": "#16a34a"}}, {"type": "Feature", "geometry": {"type": "Point", "coordinates": [2.3092521, 6.4852864]}, "properties": {"lat": 6.4852864, "lng": 2.3092521, "verdict": "AGREE", "current_owner": "Ouéga-Agué", "top_poi_quartier": "Ouéga-Agué", "top_vote_weight": 1.0, "runner_up_weight": 0.0, "n_pois_total": 1, "n_supporting_pois": 1, "consensus_pct": 100.0, "nid": 78229, "color": "#16a34a"}}, {"type": "Feature", "geometry": {"type": "Point", "coordinates": [2.3087516, 6.4855701]}, "properties": {"lat": 6.4855701, "lng": 2.3087516, "verdict": "AGREE", "current_owner": "Ouéga-Agué", "top_poi_quartier": "Ouéga-Agué", "top_vote_weight": 1.0, "runner_up_weight": 0.0, "n_pois_total": 1, "n_supporting_pois": 1, "consensus_pct": 100.0, "nid": 7164, "color": "#16a34a"}}, {"type": "Feature", "geometry": {"type": "Point", "coordinates": [2.3005373, 6.5596078]}, "properties": {"lat": 6.5596078, "lng": 2.3005373, "verdict": "AGREE", "current_owner": "Golo-Djigbé", "top_poi_quartier": "Golo-Djigbé", "top_vote_weight": 1.0, "runner_up_weight": 0.0, "n_pois_total": 1, "n_supporting_pois": 1, "consensus_pct": 100.0, "nid": 8269, "color": "#16a34a"}}, {"type": "Feature", "geometry": {"type": "Point", "coordinates": [2.3648119, 6.3928695]}, "properties": {"lat": 6.3928695, "lng": 2.3648119, "verdict": "AGREE", "current_owner": "Kindonou", "top_poi_quartier": "Kindonou", "top_vote_weight": 1.7, "runner_up_weight": 0.0, "n_pois_total": 2, "n_supporting_pois": 2, "consensus_pct": 100.0, "nid": 9684, "color": "#16a34a"}}, {"type": "Feature", "geometry": {"type": "Point", "coordinates": [2.363711, 6.391652]}, "properties": {"lat": 6.391652, "lng": 2.363711, "verdict": "AGREE", "current_owner": "Kindonou", "top_poi_quartier": "Kindonou", "top_vote_weight": 1.7, "runner_up_weight": 0.0, "n_pois_total": 2, "n_supporting_pois": 2, "consensus_pct": 100.0, "nid": 25498, "color": "#16a34a"}}, {"type": "Feature", "geometry": {"type": "Point", "coordinates": [2.4289145, 6.3664785]}, "properties": {"lat": 6.3664785, "lng": 2.4289145, "verdict": "AGREE", "current_owner": "Sèdjro-Saint-Michel", "top_poi_quartier": "Sèdjro-Saint-Michel", "top_vote_weight": 3.6, "runner_up_weight": 1.7, "n_pois_total": 8, "n_supporting_pois": 6, "consensus_pct": 67.9, "nid": 377, "color": "#16a34a"}}, {"type": "Feature", "geometry": {"type": "Point", "coordinates": [2.4414604333333334, 6.390617083333333]}, "properties": {"lat": 6.390617083333333, "lng": 2.4414604333333334, "verdict": "DISAGREE", "current_owner": "Hlacômey", "top_poi_quartier": "Agbatô", "top_vote_weight": 1.7, "runner_up_weight": 0.0, "n_pois_total": 2, "n_supporting_pois": 2, "consensus_pct": 100.0, "nid": 26228, "color": "#dc2626"}}, {"type": "Feature", "geometry": {"type": "Point", "coordinates": [2.4420259, 6.389903]}, "properties": {"lat": 6.389903, "lng": 2.4420259, "verdict": "DISAGREE", "current_owner": "Hlacômey", "top_poi_quartier": "Agbatô", "top_vote_weight": 1.7, "runner_up_weight": 0.0, "n_pois_total": 2, "n_supporting_pois": 2, "consensus_pct": 100.0, "nid": 46827, "color": "#dc2626"}}, {"type": "Feature", "geometry": {"type": "Point", "coordinates": [2.4280523, 6.3902031]}, "properties": {"lat": 6.3902031, "lng": 2.4280523, "verdict": "AGREE", "current_owner": "Ladji", "top_poi_quartier": "Ladji", "top_vote_weight": 0.85, "runner_up_weight": 0.6, "n_pois_total": 2, "n_supporting_pois": 1, "consensus_pct": 58.6, "nid": 53682, "color": "#16a34a"}}, {"type": "Feature", "geometry": {"type": "Point", "coordinates": [2.4338727, 6.3722384]}, "properties": {"lat": 6.3722384, "lng": 2.4338727, "verdict": "AGREE", "current_owner": "Dantôkpa", "top_poi_quartier": "Dantôkpa", "top_vote_weight": 1.7, "runner_up_weight": 0.0, "n_pois_total": 2, "n_supporting_pois": 2, "consensus_pct": 100.0, "nid": 88633, "color": "#16a34a"}}, {"type": "Feature", "geometry": {"type": "Point", "coordinates": [2.3088066, 6.4857926]}, "properties": {"lat": 6.4857926, "lng": 2.3088066, "verdict": "AGREE", "current_owner": "Ouéga-Agué", "top_poi_quartier": "Ouéga-Agué", "top_vote_weight": 1.0, "runner_up_weight": 0.0, "n_pois_total": 1, "n_supporting_pois": 1, "consensus_pct": 100.0, "nid": 7165, "color": "#16a34a"}}, {"type": "Feature", "geometry": {"type": "Point", "coordinates": [2.4847611, 6.367389]}, "properties": {"lat": 6.367389, "lng": 2.4847611, "verdict": "DISAGREE", "current_owner": "Dandji-Hokanmè", "top_poi_quartier": "Tokplégbé", "top_vote_weight": 0.85, "runner_up_weight": 0.6, "n_pois_total": 2, "n_supporting_pois": 1, "consensus_pct": 58.6, "nid": 10056, "color": "#dc2626"}}, {"type": "Feature", "geometry": {"type": "Point", "coordinates": [2.44185779, 6.39110696]}, "properties": {"lat": 6.39110696, "lng": 2.44185779, "verdict": "DISAGREE", "current_owner": "Hlacômey", "top_poi_quartier": "Agbatô", "top_vote_weight": 1.7, "runner_up_weight": 0.0, "n_pois_total": 2, "n_supporting_pois": 2, "consensus_pct": 100.0, "nid": 5797, "color": "#dc2626"}}, {"type": "Feature", "geometry": {"type": "Point", "coordinates": [2.3643046, 6.3908542]}, "properties": {"lat": 6.3908542, "lng": 2.3643046, "verdict": "DISAGREE", "current_owner": "Kindonou", "top_poi_quartier": "Mènontin", "top_vote_weight": 0.85, "runner_up_weight": 0.85, "n_pois_total": 2, "n_supporting_pois": 1, "consensus_pct": 50.0, "nid": 11950, "color": "#dc2626"}}, {"type": "Feature", "geometry": {"type": "Point", "coordinates": [2.4537108, 6.3757265]}, "properties": {"lat": 6.3757265, "lng": 2.4537108, "verdict": "DISAGREE", "current_owner": "Lom-Nava", "top_poi_quartier": "Akpakpa-Dodomè", "top_vote_weight": 1.2, "runner_up_weight": 0.0, "n_pois_total": 2, "n_supporting_pois": 2, "consensus_pct": 100.0, "nid": 11810, "color": "#dc2626"}}, {"type": "Feature", "geometry": {"type": "Point", "coordinates": [2.4516359, 6.392513400000001]}, "properties": {"lat": 6.392513400000001, "lng": 2.4516359, "verdict": "AGREE", "current_owner": "Minontchou", "top_poi_quartier": "Minontchou", "top_vote_weight": 1.7, "runner_up_weight": 0.0, "n_pois_total": 2, "n_supporting_pois": 2, "consensus_pct": 100.0, "nid": 5987, "color": "#16a34a"}}, {"type": "Feature", "geometry": {"type": "Point", "coordinates": [2.38130885, 6.38930395]}, "properties": {"lat": 6.38930395, "lng": 2.38130885, "verdict": "AGREE", "current_owner": "Zogbohouè", "top_poi_quartier": "Zogbohouè", "top_vote_weight": 0.85, "runner_up_weight": 0.85, "n_pois_total": 2, "n_supporting_pois": 1, "consensus_pct": 50.0, "nid": 5428, "color": "#16a34a"}}, {"type": "Feature", "geometry": {"type": "Point", "coordinates": [2.4279718, 6.35897265]}, "properties": {"lat": 6.35897265, "lng": 2.4279718, "verdict": "DISAGREE", "current_owner": "Dota", "top_poi_quartier": "Gbéto", "top_vote_weight": 1.7, "runner_up_weight": 0.0, "n_pois_total": 2, "n_supporting_pois": 2, "consensus_pct": 100.0, "nid": 5043, "color": "#dc2626"}}, {"type": "Feature", "geometry": {"type": "Point", "coordinates": [2.450841, 6.3915058]}, "properties": {"lat": 6.3915058, "lng": 2.450841, "verdict": "AGREE", "current_owner": "Minontchou", "top_poi_quartier": "Minontchou", "top_vote_weight": 1.7, "runner_up_weight": 0.0, "n_pois_total": 2, "n_supporting_pois": 2, "consensus_pct": 100.0, "nid": 6126, "color": "#16a34a"}}, {"type": "Feature", "geometry": {"type": "Point", "coordinates": [2.3043622, 6.4395039999999995]}, "properties": {"lat": 6.4395039999999995, "lng": 2.3043622, "verdict": "AGREE", "current_owner": "Houèto", "top_poi_quartier": "Houèto", "top_vote_weight": 1.7, "runner_up_weight": 0.0, "n_pois_total": 2, "n_supporting_pois": 2, "consensus_pct": 100.0, "nid": 35217, "color": "#16a34a"}}, {"type": "Feature", "geometry": {"type": "Point", "coordinates": [2.4290257, 6.368196950000001]}, "properties": {"lat": 6.368196950000001, "lng": 2.4290257, "verdict": "AGREE", "current_owner": "Sèdjro-Saint-Michel", "top_poi_quartier": "Sèdjro-Saint-Michel", "top_vote_weight": 1.2, "runner_up_weight": 0.0, "n_pois_total": 2, "n_supporting_pois": 2, "consensus_pct": 100.0, "nid": 4875, "color": "#16a34a"}}, {"type": "Feature", "geometry": {"type": "Point", "coordinates": [2.3824648, 6.3900066]}, "properties": {"lat": 6.3900066, "lng": 2.3824648, "verdict": "AGREE", "current_owner": "Zogbohouè", "top_poi_quartier": "Zogbohouè", "top_vote_weight": 0.85, "runner_up_weight": 0.85, "n_pois_total": 2, "n_supporting_pois": 1, "consensus_pct": 50.0, "nid": 5416, "color": "#16a34a"}}, {"type": "Feature", "geometry": {"type": "Point", "coordinates": [2.3083828, 6.485634]}, "properties": {"lat": 6.485634, "lng": 2.3083828, "verdict": "AGREE", "current_owner": "Ouéga-Agué", "top_poi_quartier": "Ouéga-Agué", "top_vote_weight": 1.0, "runner_up_weight": 0.0, "n_pois_total": 1, "n_supporting_pois": 1, "consensus_pct": 100.0, "nid": 47775, "color": "#16a34a"}}, {"type": "Feature", "geometry": {"type": "Point", "coordinates": [2.3821423, 6.3912885]}, "properties": {"lat": 6.3912885, "lng": 2.3821423, "verdict": "AGREE", "current_owner": "Zogbohouè", "top_poi_quartier": "Zogbohouè", "top_vote_weight": 1.7, "runner_up_weight": 0.0, "n_pois_total": 2, "n_supporting_pois": 2, "consensus_pct": 100.0, "nid": 5505, "color": "#16a34a"}}, {"type": "Feature", "geometry": {"type": "Point", "coordinates": [2.3003756, 6.5582435]}, "properties": {"lat": 6.5582435, "lng": 2.3003756, "verdict": "AGREE", "current_owner": "Golo-Djigbé", "top_poi_quartier": "Golo-Djigbé", "top_vote_weight": 1.0, "runner_up_weight": 0.0, "n_pois_total": 1, "n_supporting_pois": 1, "consensus_pct": 100.0, "nid": 65642, "color": "#16a34a"}}, {"type": "Feature", "geometry": {"type": "Point", "coordinates": [2.36478, 6.3932473]}, "properties": {"lat": 6.3932473, "lng": 2.36478, "verdict": "AGREE", "current_owner": "Kindonou", "top_poi_quartier": "Kindonou", "top_vote_weight": 1.7, "runner_up_weight": 0.0, "n_pois_total": 2, "n_supporting_pois": 2, "consensus_pct": 100.0, "nid": 9927, "color": "#16a34a"}}, {"type": "Feature", "geometry": {"type": "Point", "coordinates": [2.4306309, 6.3905512]}, "properties": {"lat": 6.3905512, "lng": 2.4306309, "verdict": "DISAGREE", "current_owner": "Ahouansori-Towéta-Kpota", "top_poi_quartier": "Ladji", "top_vote_weight": 1.7, "runner_up_weight": 0.0, "n_pois_total": 2, "n_supporting_pois": 2, "consensus_pct": 100.0, "nid": 53695, "color": "#dc2626"}}, {"type": "Feature", "geometry": {"type": "Point", "coordinates": [2.3095606, 6.4857048]}, "properties": {"lat": 6.4857048, "lng": 2.3095606, "verdict": "AGREE", "current_owner": "Ouéga-Agué", "top_poi_quartier": "Ouéga-Agué", "top_vote_weight": 1.0, "runner_up_weight": 0.0, "n_pois_total": 1, "n_supporting_pois": 1, "consensus_pct": 100.0, "nid": 78230, "color": "#16a34a"}}, {"type": "Feature", "geometry": {"type": "Point", "coordinates": [2.30805695, 6.4857186]}, "properties": {"lat": 6.4857186, "lng": 2.30805695, "verdict": "AGREE", "current_owner": "Ouéga-Agué", "top_poi_quartier": "Ouéga-Agué", "top_vote_weight": 1.0, "runner_up_weight": 0.0, "n_pois_total": 1, "n_supporting_pois": 1, "consensus_pct": 100.0, "nid": 47776, "color": "#16a34a"}}, {"type": "Feature", "geometry": {"type": "Point", "coordinates": [2.4409168, 6.3717906]}, "properties": {"lat": 6.3717906, "lng": 2.4409168, "verdict": "DISAGREE", "current_owner": "Gbénonkpô", "top_poi_quartier": "Midombo", "top_vote_weight": 0.85, "runner_up_weight": 0.85, "n_pois_total": 2, "n_supporting_pois": 1, "consensus_pct": 50.0, "nid": 83393, "color": "#dc2626"}}, {"type": "Feature", "geometry": {"type": "Point", "coordinates": [2.3652932, 6.3928298]}, "properties": {"lat": 6.3928298, "lng": 2.3652932, "verdict": "AGREE", "current_owner": "Kindonou", "top_poi_quartier": "Kindonou", "top_vote_weight": 1.7, "runner_up_weight": 0.0, "n_pois_total": 2, "n_supporting_pois": 2, "consensus_pct": 100.0, "nid": 9685, "color": "#16a34a"}}, {"type": "Feature", "geometry": {"type": "Point", "coordinates": [2.3647947, 6.391007]}, "properties": {"lat": 6.391007, "lng": 2.3647947, "verdict": "DISAGREE", "current_owner": "Kindonou", "top_poi_quartier": "Mènontin", "top_vote_weight": 0.85, "runner_up_weight": 0.85, "n_pois_total": 2, "n_supporting_pois": 1, "consensus_pct": 50.0, "nid": 9928, "color": "#dc2626"}}, {"type": "Feature", "geometry": {"type": "Point", "coordinates": [2.4424732, 6.3899499]}, "properties": {"lat": 6.3899499, "lng": 2.4424732, "verdict": "DISAGREE", "current_owner": "Hlacômey", "top_poi_quartier": "Agbatô", "top_vote_weight": 1.7, "runner_up_weight": 0.0, "n_pois_total": 2, "n_supporting_pois": 2, "consensus_pct": 100.0, "nid": 26240, "color": "#dc2626"}}, {"type": "Feature", "geometry": {"type": "Point", "coordinates": [2.4407975, 6.3719945]}, "properties": {"lat": 6.3719945, "lng": 2.4407975, "verdict": "DISAGREE", "current_owner": "Gbénonkpô", "top_poi_quartier": "Midombo", "top_vote_weight": 0.85, "runner_up_weight": 0.85, "n_pois_total": 2, "n_supporting_pois": 1, "consensus_pct": 50.0, "nid": 5931, "color": "#dc2626"}}, {"type": "Feature", "geometry": {"type": "Point", "coordinates": [2.4281408, 6.3897846]}, "properties": {"lat": 6.3897846, "lng": 2.4281408, "verdict": "AGREE", "current_owner": "Ladji", "top_poi_quartier": "Ladji", "top_vote_weight": 0.85, "runner_up_weight": 0.6, "n_pois_total": 2, "n_supporting_pois": 1, "consensus_pct": 58.6, "nid": 53681, "color": "#16a34a"}}, {"type": "Feature", "geometry": {"type": "Point", "coordinates": [2.4285244, 6.365977]}, "properties": {"lat": 6.365977, "lng": 2.4285244, "verdict": "AGREE", "current_owner": "Sèdjro-Saint-Michel", "top_poi_quartier": "Sèdjro-Saint-Michel", "top_vote_weight": 3.0, "runner_up_weight": 1.7, "n_pois_total": 7, "n_supporting_pois": 5, "consensus_pct": 63.8, "nid": 258, "color": "#16a34a"}}, {"type": "Feature", "geometry": {"type": "Point", "coordinates": [2.3004073, 6.5579767]}, "properties": {"lat": 6.5579767, "lng": 2.3004073, "verdict": "AGREE", "current_owner": "Golo-Djigbé", "top_poi_quartier": "Golo-Djigbé", "top_vote_weight": 1.0, "runner_up_weight": 0.0, "n_pois_total": 1, "n_supporting_pois": 1, "consensus_pct": 100.0, "nid": 65641, "color": "#16a34a"}}, {"type": "Feature", "geometry": {"type": "Point", "coordinates": [2.3006514, 6.5582419]}, "properties": {"lat": 6.5582419, "lng": 2.3006514, "verdict": "AGREE", "current_owner": "Golo-Djigbé", "top_poi_quartier": "Golo-Djigbé", "top_vote_weight": 1.0, "runner_up_weight": 0.0, "n_pois_total": 1, "n_supporting_pois": 1, "consensus_pct": 100.0, "nid": 65737, "color": "#16a34a"}}, {"type": "Feature", "geometry": {"type": "Point", "coordinates": [2.428532833333333, 6.366977066666666]}, "properties": {"lat": 6.366977066666666, "lng": 2.428532833333333, "verdict": "AGREE", "current_owner": "Sèdjro-Saint-Michel", "top_poi_quartier": "Sèdjro-Saint-Michel", "top_vote_weight": 3.6, "runner_up_weight": 1.7, "n_pois_total": 8, "n_supporting_pois": 6, "consensus_pct": 67.9, "nid": 4890, "color": "#16a34a"}}, {"type": "Feature", "geometry": {"type": "Point", "coordinates": [2.4529969, 6.3758805]}, "properties": {"lat": 6.3758805, "lng": 2.4529969, "verdict": "DISAGREE", "current_owner": "Lom-Nava", "top_poi_quartier": "Akpakpa-Dodomè", "top_vote_weight": 1.2, "runner_up_weight": 0.0, "n_pois_total": 2, "n_supporting_pois": 2, "consensus_pct": 100.0, "nid": 6411, "color": "#dc2626"}}, {"type": "Feature", "geometry": {"type": "Point", "coordinates": [2.42836788, 6.3660434200000005]}, "properties": {"lat": 6.3660434200000005, "lng": 2.42836788, "verdict": "AGREE", "current_owner": "Sèdjro-Saint-Michel", "top_poi_quartier": "Sèdjro-Saint-Michel", "top_vote_weight": 3.0, "runner_up_weight": 1.7, "n_pois_total": 7, "n_supporting_pois": 5, "consensus_pct": 63.8, "nid": 378, "color": "#16a34a"}}, {"type": "Feature", "geometry": {"type": "Point", "coordinates": [2.44072725, 6.3717650500000005]}, "properties": {"lat": 6.3717650500000005, "lng": 2.44072725, "verdict": "DISAGREE", "current_owner": "Gbénonkpô", "top_poi_quartier": "Midombo", "top_vote_weight": 0.85, "runner_up_weight": 0.85, "n_pois_total": 2, "n_supporting_pois": 1, "consensus_pct": 50.0, "nid": 83394, "color": "#dc2626"}}, {"type": "Feature", "geometry": {"type": "Point", "coordinates": [2.4338106, 6.3727412]}, "properties": {"lat": 6.3727412, "lng": 2.4338106, "verdict": "AGREE", "current_owner": "Dantôkpa", "top_poi_quartier": "Dantôkpa", "top_vote_weight": 1.7, "runner_up_weight": 0.0, "n_pois_total": 2, "n_supporting_pois": 2, "consensus_pct": 100.0, "nid": 4888, "color": "#16a34a"}}, {"type": "Feature", "geometry": {"type": "Point", "coordinates": [2.4424708666666666, 6.3914814]}, "properties": {"lat": 6.3914814, "lng": 2.4424708666666666, "verdict": "DISAGREE", "current_owner": "Hlacômey", "top_poi_quartier": "Agbatô", "top_vote_weight": 1.7, "runner_up_weight": 0.0, "n_pois_total": 2, "n_supporting_pois": 2, "consensus_pct": 100.0, "nid": 26237, "color": "#dc2626"}}, {"type": "Feature", "geometry": {"type": "Point", "coordinates": [2.4296404000000003, 6.39178995]}, "properties": {"lat": 6.39178995, "lng": 2.4296404000000003, "verdict": "AGREE", "current_owner": "Ladji", "top_poi_quartier": "Ladji", "top_vote_weight": 0.85, "runner_up_weight": 0.6, "n_pois_total": 2, "n_supporting_pois": 1, "consensus_pct": 58.6, "nid": 83864, "color": "#16a34a"}}, {"type": "Feature", "geometry": {"type": "Point", "coordinates": [2.4283994, 6.3658776]}, "properties": {"lat": 6.3658776, "lng": 2.4283994, "verdict": "AGREE", "current_owner": "Sèdjro-Saint-Michel", "top_poi_quartier": "Sèdjro-Saint-Michel", "top_vote_weight": 3.0, "runner_up_weight": 1.7, "n_pois_total": 7, "n_supporting_pois": 5, "consensus_pct": 63.8, "nid": 257, "color": "#16a34a"}}, {"type": "Feature", "geometry": {"type": "Point", "coordinates": [2.3818451, 6.3893881]}, "properties": {"lat": 6.3893881, "lng": 2.3818451, "verdict": "AGREE", "current_owner": "Zogbohouè", "top_poi_quartier": "Zogbohouè", "top_vote_weight": 0.85, "runner_up_weight": 0.85, "n_pois_total": 2, "n_supporting_pois": 1, "consensus_pct": 50.0, "nid": 5476, "color": "#16a34a"}}, {"type": "Feature", "geometry": {"type": "Point", "coordinates": [2.4289321, 6.3654676]}, "properties": {"lat": 6.3654676, "lng": 2.4289321, "verdict": "DISAGREE", "current_owner": "Gbédokpo", "top_poi_quartier": "Sèdjro-Saint-Michel", "top_vote_weight": 1.8, "runner_up_weight": 0.0, "n_pois_total": 3, "n_supporting_pois": 3, "consensus_pct": 100.0, "nid": 5150, "color": "#dc2626"}}, {"type": "Feature", "geometry": {"type": "Point", "coordinates": [2.4271199, 6.3648598]}, "properties": {"lat": 6.3648598, "lng": 2.4271199, "verdict": "DISAGREE", "current_owner": "Mifongou", "top_poi_quartier": "Espace-Saint", "top_vote_weight": 0.6, "runner_up_weight": 0.6, "n_pois_total": 2, "n_supporting_pois": 1, "consensus_pct": 50.0, "nid": 256, "color": "#dc2626"}}, {"type": "Feature", "geometry": {"type": "Point", "coordinates": [2.45369475, 6.37513835]}, "properties": {"lat": 6.37513835, "lng": 2.45369475, "verdict": "DISAGREE", "current_owner": "Lom-Nava", "top_poi_quartier": "Akpakpa-Dodomè", "top_vote_weight": 1.2, "runner_up_weight": 0.0, "n_pois_total": 2, "n_supporting_pois": 2, "consensus_pct": 100.0, "nid": 6424, "color": "#dc2626"}}, {"type": "Feature", "geometry": {"type": "Point", "coordinates": [2.4286903, 6.3657698]}, "properties": {"lat": 6.3657698, "lng": 2.4286903, "verdict": "AGREE", "current_owner": "Sèdjro-Saint-Michel", "top_poi_quartier": "Sèdjro-Saint-Michel", "top_vote_weight": 3.0, "runner_up_weight": 1.7, "n_pois_total": 7, "n_supporting_pois": 5, "consensus_pct": 63.8, "nid": 45121, "color": "#16a34a"}}, {"type": "Feature", "geometry": {"type": "Point", "coordinates": [2.3008901, 6.5582192]}, "properties": {"lat": 6.5582192, "lng": 2.3008901, "verdict": "AGREE", "current_owner": "Golo-Djigbé", "top_poi_quartier": "Golo-Djigbé", "top_vote_weight": 1.0, "runner_up_weight": 0.0, "n_pois_total": 1, "n_supporting_pois": 1, "consensus_pct": 100.0, "nid": 65738, "color": "#16a34a"}}, {"type": "Feature", "geometry": {"type": "Point", "coordinates": [2.4516329, 6.3749918]}, "properties": {"lat": 6.3749918, "lng": 2.4516329, "verdict": "DISAGREE", "current_owner": "Ayélawadjè", "top_poi_quartier": "Akpakpa-Dodomè", "top_vote_weight": 1.2, "runner_up_weight": 0.0, "n_pois_total": 2, "n_supporting_pois": 2, "consensus_pct": 100.0, "nid": 6376, "color": "#dc2626"}}, {"type": "Feature", "geometry": {"type": "Point", "coordinates": [2.3004663, 6.5577183]}, "properties": {"lat": 6.5577183, "lng": 2.3004663, "verdict": "AGREE", "current_owner": "Golo-Djigbé", "top_poi_quartier": "Golo-Djigbé", "top_vote_weight": 1.0, "runner_up_weight": 0.0, "n_pois_total": 1, "n_supporting_pois": 1, "consensus_pct": 100.0, "nid": 65640, "color": "#16a34a"}}, {"type": "Feature", "geometry": {"type": "Point", "coordinates": [2.4270065, 6.3649715]}, "properties": {"lat": 6.3649715, "lng": 2.4270065, "verdict": "DISAGREE", "current_owner": "Mifongou", "top_poi_quartier": "Espace-Saint", "top_vote_weight": 0.6, "runner_up_weight": 0.6, "n_pois_total": 2, "n_supporting_pois": 1, "consensus_pct": 50.0, "nid": 380, "color": "#dc2626"}}, {"type": "Feature", "geometry": {"type": "Point", "coordinates": [2.4288091, 6.3653694]}, "properties": {"lat": 6.3653694, "lng": 2.4288091, "verdict": "DISAGREE", "current_owner": "Gbédokpo", "top_poi_quartier": "Sèdjro-Saint-Michel", "top_vote_weight": 1.2, "runner_up_weight": 0.0, "n_pois_total": 2, "n_supporting_pois": 2, "consensus_pct": 100.0, "nid": 1250, "color": "#dc2626"}}, {"type": "Feature", "geometry": {"type": "Point", "coordinates": [2.4302978, 6.3909679]}, "properties": {"lat": 6.3909679, "lng": 2.4302978, "verdict": "DISAGREE", "current_owner": "Ahouansori-Towéta-Kpota", "top_poi_quartier": "Ladji", "top_vote_weight": 1.7, "runner_up_weight": 0.6, "n_pois_total": 3, "n_supporting_pois": 2, "consensus_pct": 73.9, "nid": 46810, "color": "#dc2626"}}, {"type": "Feature", "geometry": {"type": "Point", "coordinates": [2.4424726, 6.3903308]}, "properties": {"lat": 6.3903308, "lng": 2.4424726, "verdict": "DISAGREE", "current_owner": "Hlacômey", "top_poi_quartier": "Agbatô", "top_vote_weight": 1.7, "runner_up_weight": 0.0, "n_pois_total": 2, "n_supporting_pois": 2, "consensus_pct": 100.0, "nid": 26239, "color": "#dc2626"}}, {"type": "Feature", "geometry": {"type": "Point", "coordinates": [2.3011006500000004, 6.55819655]}, "properties": {"lat": 6.55819655, "lng": 2.3011006500000004, "verdict": "AGREE", "current_owner": "Golo-Djigbé", "top_poi_quartier": "Golo-Djigbé", "top_vote_weight": 1.0, "runner_up_weight": 0.0, "n_pois_total": 1, "n_supporting_pois": 1, "consensus_pct": 100.0, "nid": 65739, "color": "#16a34a"}}, {"type": "Feature", "geometry": {"type": "Point", "coordinates": [2.4293553, 6.389302]}, "properties": {"lat": 6.389302, "lng": 2.4293553, "verdict": "DISAGREE", "current_owner": "Ahouansori-Towéta-Kpota", "top_poi_quartier": "Ladji", "top_vote_weight": 1.7, "runner_up_weight": 0.6, "n_pois_total": 3, "n_supporting_pois": 2, "consensus_pct": 73.9, "nid": 41740, "color": "#dc2626"}}, {"type": "Feature", "geometry": {"type": "Point", "coordinates": [2.4299218, 6.3914381]}, "properties": {"lat": 6.3914381, "lng": 2.4299218, "verdict": "AGREE", "current_owner": "Ladji", "top_poi_quartier": "Ladji", "top_vote_weight": 0.85, "runner_up_weight": 0.6, "n_pois_total": 2, "n_supporting_pois": 1, "consensus_pct": 58.6, "nid": 46814, "color": "#16a34a"}}, {"type": "Feature", "geometry": {"type": "Point", "coordinates": [2.305999, 6.4237643]}, "properties": {"lat": 6.4237643, "lng": 2.305999, "verdict": "AGREE", "current_owner": "Maria-Gléta\n", "top_poi_quartier": "Maria-Gléta\n", "top_vote_weight": 1.0, "runner_up_weight": 0.0, "n_pois_total": 1, "n_supporting_pois": 1, "consensus_pct": 100.0, "nid": 76241, "color": "#16a34a"}}, {"type": "Feature", "geometry": {"type": "Point", "coordinates": [2.4311623, 6.3909701]}, "properties": {"lat": 6.3909701, "lng": 2.4311623, "verdict": "DISAGREE", "current_owner": "Ahouansori-Towéta-Kpota", "top_poi_quartier": "Ladji", "top_vote_weight": 1.7, "runner_up_weight": 0.0, "n_pois_total": 2, "n_supporting_pois": 2, "consensus_pct": 100.0, "nid": 53696, "color": "#dc2626"}}, {"type": "Feature", "geometry": {"type": "Point", "coordinates": [2.4333138, 6.35988625]}, "properties": {"lat": 6.35988625, "lng": 2.4333138, "verdict": "AGREE", "current_owner": "Avlékété-Joncquet", "top_poi_quartier": "Avlékété-Joncquet", "top_vote_weight": 1.2, "runner_up_weight": 0.0, "n_pois_total": 2, "n_supporting_pois": 2, "consensus_pct": 100.0, "nid": 1261, "color": "#16a34a"}}, {"type": "Feature", "geometry": {"type": "Point", "coordinates": [2.485962, 6.3663148]}, "properties": {"lat": 6.3663148, "lng": 2.485962, "verdict": "DISAGREE", "current_owner": "Dandji-Hokanmè", "top_poi_quartier": "Tokplégbé", "top_vote_weight": 0.85, "runner_up_weight": 0.6, "n_pois_total": 2, "n_supporting_pois": 1, "consensus_pct": 58.6, "nid": 10987, "color": "#dc2626"}}, {"type": "Feature", "geometry": {"type": "Point", "coordinates": [2.4406942, 6.3725761]}, "properties": {"lat": 6.3725761, "lng": 2.4406942, "verdict": "DISAGREE", "current_owner": "Gbénonkpô", "top_poi_quartier": "Midombo", "top_vote_weight": 0.85, "runner_up_weight": 0.85, "n_pois_total": 2, "n_supporting_pois": 1, "consensus_pct": 50.0, "nid": 5812, "color": "#dc2626"}}, {"type": "Feature", "geometry": {"type": "Point", "coordinates": [2.4278903, 6.3656677]}, "properties": {"lat": 6.3656677, "lng": 2.4278903, "verdict": "AGREE", "current_owner": "Sèdjro-Saint-Michel", "top_poi_quartier": "Sèdjro-Saint-Michel", "top_vote_weight": 1.8, "runner_up_weight": 1.7, "n_pois_total": 5, "n_supporting_pois": 3, "consensus_pct": 51.4, "nid": 379, "color": "#16a34a"}}, {"type": "Feature", "geometry": {"type": "Point", "coordinates": [2.4266129, 6.3654706]}, "properties": {"lat": 6.3654706, "lng": 2.4266129, "verdict": "DISAGREE", "current_owner": "Mifongou", "top_poi_quartier": "Espace-Saint", "top_vote_weight": 0.6, "runner_up_weight": 0.6, "n_pois_total": 2, "n_supporting_pois": 1, "consensus_pct": 50.0, "nid": 65859, "color": "#dc2626"}}, {"type": "Feature", "geometry": {"type": "Point", "coordinates": [2.4501497, 6.3927594]}, "properties": {"lat": 6.3927594, "lng": 2.4501497, "verdict": "AGREE", "current_owner": "Minontchou", "top_poi_quartier": "Minontchou", "top_vote_weight": 1.7, "runner_up_weight": 0.0, "n_pois_total": 2, "n_supporting_pois": 2, "consensus_pct": 100.0, "nid": 83903, "color": "#16a34a"}}, {"type": "Feature", "geometry": {"type": "Point", "coordinates": [2.485674766666667, 6.366177777777778]}, "properties": {"lat": 6.366177777777778, "lng": 2.485674766666667, "verdict": "DISAGREE", "current_owner": "Dandji-Hokanmè", "top_poi_quartier": "Tokplégbé", "top_vote_weight": 0.85, "runner_up_weight": 0.6, "n_pois_total": 2, "n_supporting_pois": 1, "consensus_pct": 58.6, "nid": 10960, "color": "#dc2626"}}, {"type": "Feature", "geometry": {"type": "Point", "coordinates": [2.4305316, 6.3911565]}, "properties": {"lat": 6.3911565, "lng": 2.4305316, "verdict": "DISAGREE", "current_owner": "Ahouansori-Towéta-Kpota", "top_poi_quartier": "Ladji", "top_vote_weight": 1.7, "runner_up_weight": 0.0, "n_pois_total": 2, "n_supporting_pois": 2, "consensus_pct": 100.0, "nid": 46811, "color": "#dc2626"}}, {"type": "Feature", "geometry": {"type": "Point", "coordinates": [2.4056706, 6.3599328]}, "properties": {"lat": 6.3599328, "lng": 2.4056706, "verdict": "DISAGREE", "current_owner": "Cadjèhoun-Gare", "top_poi_quartier": "Cadjèhoun-Aupiais", "top_vote_weight": 1.2, "runner_up_weight": 0.0, "n_pois_total": 2, "n_supporting_pois": 2, "consensus_pct": 100.0, "nid": 237, "color": "#dc2626"}}, {"type": "Feature", "geometry": {"type": "Point", "coordinates": [2.4516463, 6.3743814]}, "properties": {"lat": 6.3743814, "lng": 2.4516463, "verdict": "DISAGREE", "current_owner": "Fifatin", "top_poi_quartier": "Akpakpa-Dodomè", "top_vote_weight": 1.2, "runner_up_weight": 0.0, "n_pois_total": 2, "n_supporting_pois": 2, "consensus_pct": 100.0, "nid": 6413, "color": "#dc2626"}}, {"type": "Feature", "geometry": {"type": "Point", "coordinates": [2.4046788, 6.359063]}, "properties": {"lat": 6.359063, "lng": 2.4046788, "verdict": "AGREE", "current_owner": "Cadjèhoun-Aupiais", "top_poi_quartier": "Cadjèhoun-Aupiais", "top_vote_weight": 1.2, "runner_up_weight": 0.0, "n_pois_total": 2, "n_supporting_pois": 2, "consensus_pct": 100.0, "nid": 5026, "color": "#16a34a"}}, {"type": "Feature", "geometry": {"type": "Point", "coordinates": [2.4424773, 6.3907902]}, "properties": {"lat": 6.3907902, "lng": 2.4424773, "verdict": "DISAGREE", "current_owner": "Hlacômey", "top_poi_quartier": "Agbatô", "top_vote_weight": 1.7, "runner_up_weight": 0.0, "n_pois_total": 2, "n_supporting_pois": 2, "consensus_pct": 100.0, "nid": 26238, "color": "#dc2626"}}, {"type": "Feature", "geometry": {"type": "Point", "coordinates": [2.4293813, 6.3895432]}, "properties": {"lat": 6.3895432, "lng": 2.4293813, "verdict": "DISAGREE", "current_owner": "Ahouansori-Towéta-Kpota", "top_poi_quartier": "Ladji", "top_vote_weight": 2.55, "runner_up_weight": 0.6, "n_pois_total": 4, "n_supporting_pois": 3, "consensus_pct": 81.0, "nid": 41741, "color": "#dc2626"}}, {"type": "Feature", "geometry": {"type": "Point", "coordinates": [2.3014078, 6.5580873]}, "properties": {"lat": 6.5580873, "lng": 2.3014078, "verdict": "AGREE", "current_owner": "Golo-Djigbé", "top_poi_quartier": "Golo-Djigbé", "top_vote_weight": 1.0, "runner_up_weight": 0.0, "n_pois_total": 1, "n_supporting_pois": 1, "consensus_pct": 100.0, "nid": 65740, "color": "#16a34a"}}, {"type": "Feature", "geometry": {"type": "Point", "coordinates": [2.4848695, 6.3662296]}, "properties": {"lat": 6.3662296, "lng": 2.4848695, "verdict": "DISAGREE", "current_owner": "Dandji-Hokanmè", "top_poi_quartier": "Tokplégbé", "top_vote_weight": 0.85, "runner_up_weight": 0.6, "n_pois_total": 2, "n_supporting_pois": 1, "consensus_pct": 58.6, "nid": 10058, "color": "#dc2626"}}, {"type": "Feature", "geometry": {"type": "Point", "coordinates": [2.3005481, 6.5572546]}, "properties": {"lat": 6.5572546, "lng": 2.3005481, "verdict": "AGREE", "current_owner": "Golo-Djigbé", "top_poi_quartier": "Golo-Djigbé", "top_vote_weight": 1.0, "runner_up_weight": 0.0, "n_pois_total": 1, "n_supporting_pois": 1, "consensus_pct": 100.0, "nid": 65639, "color": "#16a34a"}}, {"type": "Feature", "geometry": {"type": "Point", "coordinates": [2.4290359, 6.389306]}, "properties": {"lat": 6.389306, "lng": 2.4290359, "verdict": "DISAGREE", "current_owner": "Ahouansori-Towéta-Kpota", "top_poi_quartier": "Ladji", "top_vote_weight": 0.85, "runner_up_weight": 0.6, "n_pois_total": 2, "n_supporting_pois": 1, "consensus_pct": 58.6, "nid": 80979, "color": "#dc2626"}}, {"type": "Feature", "geometry": {"type": "Point", "coordinates": [2.453658, 6.3745615]}, "properties": {"lat": 6.3745615, "lng": 2.453658, "verdict": "DISAGREE", "current_owner": "Lom-Nava", "top_poi_quartier": "Akpakpa-Dodomè", "top_vote_weight": 1.2, "runner_up_weight": 0.0, "n_pois_total": 2, "n_supporting_pois": 2, "consensus_pct": 100.0, "nid": 6425, "color": "#dc2626"}}, {"type": "Feature", "geometry": {"type": "Point", "coordinates": [2.4854529, 6.3660514]}, "properties": {"lat": 6.3660514, "lng": 2.4854529, "verdict": "DISAGREE", "current_owner": "Dandji-Hokanmè", "top_poi_quartier": "Tokplégbé", "top_vote_weight": 0.85, "runner_up_weight": 0.6, "n_pois_total": 2, "n_supporting_pois": 1, "consensus_pct": 58.6, "nid": 83863, "color": "#dc2626"}}, {"type": "Feature", "geometry": {"type": "Point", "coordinates": [2.4530282, 6.3751002]}, "properties": {"lat": 6.3751002, "lng": 2.4530282, "verdict": "DISAGREE", "current_owner": "Lom-Nava", "top_poi_quartier": "Akpakpa-Dodomè", "top_vote_weight": 1.2, "runner_up_weight": 0.0, "n_pois_total": 2, "n_supporting_pois": 2, "consensus_pct": 100.0, "nid": 6412, "color": "#dc2626"}}, {"type": "Feature", "geometry": {"type": "Point", "coordinates": [2.4306588, 6.3912551]}, "properties": {"lat": 6.3912551, "lng": 2.4306588, "verdict": "DISAGREE", "current_owner": "Ahouansori-Towéta-Kpota", "top_poi_quartier": "Ladji", "top_vote_weight": 1.7, "runner_up_weight": 0.0, "n_pois_total": 2, "n_supporting_pois": 2, "consensus_pct": 100.0, "nid": 46812, "color": "#dc2626"}}, {"type": "Feature", "geometry": {"type": "Point", "coordinates": [2.3908836, 6.3793105]}, "properties": {"lat": 6.3793105, "lng": 2.3908836, "verdict": "DISAGREE", "current_owner": "Missogbé", "top_poi_quartier": "Védokô", "top_vote_weight": 1.7, "runner_up_weight": 0.0, "n_pois_total": 2, "n_supporting_pois": 2, "consensus_pct": 100.0, "nid": 3873, "color": "#dc2626"}}, {"type": "Feature", "geometry": {"type": "Point", "coordinates": [2.4280997, 6.3674512]}, "properties": {"lat": 6.3674512, "lng": 2.4280997, "verdict": "AGREE", "current_owner": "Sèdjro-Saint-Michel", "top_poi_quartier": "Sèdjro-Saint-Michel", "top_vote_weight": 2.4, "runner_up_weight": 1.7, "n_pois_total": 6, "n_supporting_pois": 4, "consensus_pct": 58.5, "nid": 65868, "color": "#16a34a"}}, {"type": "Feature", "geometry": {"type": "Point", "coordinates": [2.4047746, 6.359308]}, "properties": {"lat": 6.359308, "lng": 2.4047746, "verdict": "AGREE", "current_owner": "Cadjèhoun-Aupiais", "top_poi_quartier": "Cadjèhoun-Aupiais", "top_vote_weight": 1.2, "runner_up_weight": 0.0, "n_pois_total": 2, "n_supporting_pois": 2, "consensus_pct": 100.0, "nid": 5027, "color": "#16a34a"}}, {"type": "Feature", "geometry": {"type": "Point", "coordinates": [2.4295631, 6.3911602]}, "properties": {"lat": 6.3911602, "lng": 2.4295631, "verdict": "AGREE", "current_owner": "Ladji", "top_poi_quartier": "Ladji", "top_vote_weight": 0.85, "runner_up_weight": 0.6, "n_pois_total": 2, "n_supporting_pois": 1, "consensus_pct": 58.6, "nid": 53677, "color": "#16a34a"}}, {"type": "Feature", "geometry": {"type": "Point", "coordinates": [2.3055880545454546, 6.423494281818182]}, "properties": {"lat": 6.423494281818182, "lng": 2.3055880545454546, "verdict": "AGREE", "current_owner": "Maria-Gléta\n", "top_poi_quartier": "Maria-Gléta\n", "top_vote_weight": 1.0, "runner_up_weight": 0.0, "n_pois_total": 1, "n_supporting_pois": 1, "consensus_pct": 100.0, "nid": 34609, "color": "#16a34a"}}, {"type": "Feature", "geometry": {"type": "Point", "coordinates": [2.364199425, 6.389556575]}, "properties": {"lat": 6.389556575, "lng": 2.364199425, "verdict": "DISAGREE", "current_owner": "Kindonou", "top_poi_quartier": "Mènontin", "top_vote_weight": 1.7, "runner_up_weight": 0.0, "n_pois_total": 2, "n_supporting_pois": 2, "consensus_pct": 100.0, "nid": 11952, "color": "#dc2626"}}, {"type": "Feature", "geometry": {"type": "Point", "coordinates": [2.42940355, 6.389879349999999]}, "properties": {"lat": 6.389879349999999, "lng": 2.42940355, "verdict": "DISAGREE", "current_owner": "Ahouansori-Towéta-Kpota", "top_poi_quartier": "Ladji", "top_vote_weight": 2.55, "runner_up_weight": 0.6, "n_pois_total": 4, "n_supporting_pois": 3, "consensus_pct": 81.0, "nid": 41742, "color": "#dc2626"}}, {"type": "Feature", "geometry": {"type": "Point", "coordinates": [2.4523256, 6.3750427]}, "properties": {"lat": 6.3750427, "lng": 2.4523256, "verdict": "DISAGREE", "current_owner": "Ayélawadjè", "top_poi_quartier": "Akpakpa-Dodomè", "top_vote_weight": 1.2, "runner_up_weight": 0.0, "n_pois_total": 2, "n_supporting_pois": 2, "consensus_pct": 100.0, "nid": 6381, "color": "#dc2626"}}, {"type": "Feature", "geometry": {"type": "Point", "coordinates": [2.3023251, 6.5586922]}, "properties": {"lat": 6.5586922, "lng": 2.3023251, "verdict": "AGREE", "current_owner": "Golo-Djigbé", "top_poi_quartier": "Golo-Djigbé", "top_vote_weight": 2.0, "runner_up_weight": 0.0, "n_pois_total": 2, "n_supporting_pois": 2, "consensus_pct": 100.0, "nid": 13765, "color": "#16a34a"}}, {"type": "Feature", "geometry": {"type": "Point", "coordinates": [2.40507105, 6.359537083333334]}, "properties": {"lat": 6.359537083333334, "lng": 2.40507105, "verdict": "AGREE", "current_owner": "Cadjèhoun-Aupiais", "top_poi_quartier": "Cadjèhoun-Aupiais", "top_vote_weight": 1.2, "runner_up_weight": 0.0, "n_pois_total": 2, "n_supporting_pois": 2, "consensus_pct": 100.0, "nid": 5028, "color": "#16a34a"}}, {"type": "Feature", "geometry": {"type": "Point", "coordinates": [2.3017202, 6.5579727]}, "properties": {"lat": 6.5579727, "lng": 2.3017202, "verdict": "AGREE", "current_owner": "Golo-Djigbé", "top_poi_quartier": "Golo-Djigbé", "top_vote_weight": 1.0, "runner_up_weight": 0.0, "n_pois_total": 1, "n_supporting_pois": 1, "consensus_pct": 100.0, "nid": 65741, "color": "#16a34a"}}, {"type": "Feature", "geometry": {"type": "Point", "coordinates": [2.3891212, 6.378627900000001]}, "properties": {"lat": 6.378627900000001, "lng": 2.3891212, "verdict": "DISAGREE", "current_owner": "Sètôvi", "top_poi_quartier": "Védokô", "top_vote_weight": 1.7, "runner_up_weight": 0.0, "n_pois_total": 2, "n_supporting_pois": 2, "consensus_pct": 100.0, "nid": 3687, "color": "#dc2626"}}, {"type": "Feature", "geometry": {"type": "Point", "coordinates": [2.4294004, 6.39101675]}, "properties": {"lat": 6.39101675, "lng": 2.4294004, "verdict": "AGREE", "current_owner": "Ladji", "top_poi_quartier": "Ladji", "top_vote_weight": 0.85, "runner_up_weight": 0.6, "n_pois_total": 2, "n_supporting_pois": 1, "consensus_pct": 58.6, "nid": 53678, "color": "#16a34a"}}, {"type": "Feature", "geometry": {"type": "Point", "coordinates": [2.3053487, 6.4233513]}, "properties": {"lat": 6.4233513, "lng": 2.3053487, "verdict": "AGREE", "current_owner": "Maria-Gléta\n", "top_poi_quartier": "Maria-Gléta\n", "top_vote_weight": 1.0, "runner_up_weight": 0.0, "n_pois_total": 1, "n_supporting_pois": 1, "consensus_pct": 100.0, "nid": 34610, "color": "#16a34a"}}, {"type": "Feature", "geometry": {"type": "Point", "coordinates": [2.4338355, 6.360281]}, "properties": {"lat": 6.360281, "lng": 2.4338355, "verdict": "AGREE", "current_owner": "Avlékété-Joncquet", "top_poi_quartier": "Avlékété-Joncquet", "top_vote_weight": 1.2, "runner_up_weight": 0.0, "n_pois_total": 2, "n_supporting_pois": 2, "consensus_pct": 100.0, "nid": 45108, "color": "#16a34a"}}, {"type": "Feature", "geometry": {"type": "Point", "coordinates": [2.485833, 6.36572]}, "properties": {"lat": 6.36572, "lng": 2.485833, "verdict": "DISAGREE", "current_owner": "Dandji-Hokanmè", "top_poi_quartier": "Tokplégbé", "top_vote_weight": 0.85, "runner_up_weight": 0.6, "n_pois_total": 2, "n_supporting_pois": 1, "consensus_pct": 58.6, "nid": 10148, "color": "#dc2626"}}, {"type": "Feature", "geometry": {"type": "Point", "coordinates": [2.4860154, 6.3657377]}, "properties": {"lat": 6.3657377, "lng": 2.4860154, "verdict": "DISAGREE", "current_owner": "Dandji-Hokanmè", "top_poi_quartier": "Tokplégbé", "top_vote_weight": 0.85, "runner_up_weight": 0.6, "n_pois_total": 2, "n_supporting_pois": 1, "consensus_pct": 58.6, "nid": 10149, "color": "#dc2626"}}, {"type": "Feature", "geometry": {"type": "Point", "coordinates": [2.42941635, 6.39016765]}, "properties": {"lat": 6.39016765, "lng": 2.42941635, "verdict": "DISAGREE", "current_owner": "Ahouansori-Towéta-Kpota", "top_poi_quartier": "Ladji", "top_vote_weight": 2.55, "runner_up_weight": 0.6, "n_pois_total": 4, "n_supporting_pois": 3, "consensus_pct": 81.0, "nid": 41743, "color": "#dc2626"}}, {"type": "Feature", "geometry": {"type": "Point", "coordinates": [2.4336643, 6.3593455]}, "properties": {"lat": 6.3593455, "lng": 2.4336643, "verdict": "AGREE", "current_owner": "Avlékété-Joncquet", "top_poi_quartier": "Avlékété-Joncquet", "top_vote_weight": 1.2, "runner_up_weight": 0.0, "n_pois_total": 2, "n_supporting_pois": 2, "consensus_pct": 100.0, "nid": 1262, "color": "#16a34a"}}, {"type": "Feature", "geometry": {"type": "Point", "coordinates": [2.4536929, 6.3741856]}, "properties": {"lat": 6.3741856, "lng": 2.4536929, "verdict": "DISAGREE", "current_owner": "Lom-Nava", "top_poi_quartier": "Akpakpa-Dodomè", "top_vote_weight": 1.2, "runner_up_weight": 0.0, "n_pois_total": 2, "n_supporting_pois": 2, "consensus_pct": 100.0, "nid": 6426, "color": "#dc2626"}}, {"type": "Feature", "geometry": {"type": "Point", "coordinates": [2.4338019, 6.3593828]}, "properties": {"lat": 6.3593828, "lng": 2.4338019, "verdict": "AGREE", "current_owner": "Avlékété-Joncquet", "top_poi_quartier": "Avlékété-Joncquet", "top_vote_weight": 1.2, "runner_up_weight": 0.0, "n_pois_total": 2, "n_supporting_pois": 2, "consensus_pct": 100.0, "nid": 45113, "color": "#16a34a"}}, {"type": "Feature", "geometry": {"type": "Point", "coordinates": [2.3055104, 6.424336]}, "properties": {"lat": 6.424336, "lng": 2.3055104, "verdict": "AGREE", "current_owner": "Maria-Gléta\n", "top_poi_quartier": "Maria-Gléta\n", "top_vote_weight": 1.0, "runner_up_weight": 0.0, "n_pois_total": 1, "n_supporting_pois": 1, "consensus_pct": 100.0, "nid": 34446, "color": "#16a34a"}}, {"type": "Feature", "geometry": {"type": "Point", "coordinates": [2.4298049, 6.3898851]}, "properties": {"lat": 6.3898851, "lng": 2.4298049, "verdict": "DISAGREE", "current_owner": "Ahouansori-Towéta-Kpota", "top_poi_quartier": "Ladji", "top_vote_weight": 1.7, "runner_up_weight": 0.6, "n_pois_total": 3, "n_supporting_pois": 2, "consensus_pct": 73.9, "nid": 83866, "color": "#dc2626"}}, {"type": "Feature", "geometry": {"type": "Point", "coordinates": [2.3901591, 6.379143033333334]}, "properties": {"lat": 6.379143033333334, "lng": 2.3901591, "verdict": "DISAGREE", "current_owner": "Missogbé", "top_poi_quartier": "Védokô", "top_vote_weight": 1.7, "runner_up_weight": 0.0, "n_pois_total": 2, "n_supporting_pois": 2, "consensus_pct": 100.0, "nid": 3874, "color": "#dc2626"}}, {"type": "Feature", "geometry": {"type": "Point", "coordinates": [2.3146926857142853, 6.453677742857143]}, "properties": {"lat": 6.453677742857143, "lng": 2.3146926857142853, "verdict": "AGREE", "current_owner": "Tokan", "top_poi_quartier": "Tokan", "top_vote_weight": 1.7, "runner_up_weight": 0.0, "n_pois_total": 2, "n_supporting_pois": 2, "consensus_pct": 100.0, "nid": 37316, "color": "#16a34a"}}, {"type": "Feature", "geometry": {"type": "Point", "coordinates": [2.4294306, 6.3903256]}, "properties": {"lat": 6.3903256, "lng": 2.4294306, "verdict": "DISAGREE", "current_owner": "Ahouansori-Towéta-Kpota", "top_poi_quartier": "Ladji", "top_vote_weight": 1.7, "runner_up_weight": 0.6, "n_pois_total": 3, "n_supporting_pois": 2, "consensus_pct": 73.9, "nid": 46800, "color": "#dc2626"}}, {"type": "Feature", "geometry": {"type": "Point", "coordinates": [2.4060435, 6.3594558]}, "properties": {"lat": 6.3594558, "lng": 2.4060435, "verdict": "DISAGREE", "current_owner": "Cadjèhoun-Gare", "top_poi_quartier": "Cadjèhoun-Aupiais", "top_vote_weight": 1.2, "runner_up_weight": 0.0, "n_pois_total": 2, "n_supporting_pois": 2, "consensus_pct": 100.0, "nid": 238, "color": "#dc2626"}}, {"type": "Feature", "geometry": {"type": "Point", "coordinates": [2.3376301, 6.4253967]}, "properties": {"lat": 6.4253967, "lng": 2.3376301, "verdict": "AGREE", "current_owner": "Zogbadjè", "top_poi_quartier": "Zogbadjè", "top_vote_weight": 0.85, "runner_up_weight": 0.6, "n_pois_total": 2, "n_supporting_pois": 1, "consensus_pct": 58.6, "nid": 30504, "color": "#16a34a"}}, {"type": "Feature", "geometry": {"type": "Point", "coordinates": [2.3351188, 6.42445705]}, "properties": {"lat": 6.42445705, "lng": 2.3351188, "verdict": "AGREE", "current_owner": "Zogbadjè", "top_poi_quartier": "Zogbadjè", "top_vote_weight": 1.7, "runner_up_weight": 0.0, "n_pois_total": 2, "n_supporting_pois": 2, "consensus_pct": 100.0, "nid": 30264, "color": "#16a34a"}}, {"type": "Feature", "geometry": {"type": "Point", "coordinates": [2.4849254, 6.3656321]}, "properties": {"lat": 6.3656321, "lng": 2.4849254, "verdict": "DISAGREE", "current_owner": "Dandji-Hokanmè", "top_poi_quartier": "Tokplégbé", "top_vote_weight": 0.85, "runner_up_weight": 0.6, "n_pois_total": 2, "n_supporting_pois": 1, "consensus_pct": 58.6, "nid": 10059, "color": "#dc2626"}}, {"type": "Feature", "geometry": {"type": "Point", "coordinates": [2.3026872, 6.5585989]}, "properties": {"lat": 6.5585989, "lng": 2.3026872, "verdict": "AGREE", "current_owner": "Golo-Djigbé", "top_poi_quartier": "Golo-Djigbé", "top_vote_weight": 1.0, "runner_up_weight": 0.0, "n_pois_total": 1, "n_supporting_pois": 1, "consensus_pct": 100.0, "nid": 7498, "color": "#16a34a"}}, {"type": "Feature", "geometry": {"type": "Point", "coordinates": [2.3151447, 6.4535912]}, "properties": {"lat": 6.4535912, "lng": 2.3151447, "verdict": "AGREE", "current_owner": "Tokan", "top_poi_quartier": "Tokan", "top_vote_weight": 1.7, "runner_up_weight": 0.0, "n_pois_total": 2, "n_supporting_pois": 2, "consensus_pct": 100.0, "nid": 37317, "color": "#16a34a"}}, {"type": "Feature", "geometry": {"type": "Point", "coordinates": [2.3899592, 6.3791432]}, "properties": {"lat": 6.3791432, "lng": 2.3899592, "verdict": "DISAGREE", "current_owner": "Missogbé", "top_poi_quartier": "Védokô", "top_vote_weight": 1.7, "runner_up_weight": 0.0, "n_pois_total": 2, "n_supporting_pois": 2, "consensus_pct": 100.0, "nid": 3875, "color": "#dc2626"}}, {"type": "Feature", "geometry": {"type": "Point", "coordinates": [2.4290827, 6.3907392]}, "properties": {"lat": 6.3907392, "lng": 2.4290827, "verdict": "AGREE", "current_owner": "Ladji", "top_poi_quartier": "Ladji", "top_vote_weight": 0.85, "runner_up_weight": 0.6, "n_pois_total": 2, "n_supporting_pois": 1, "consensus_pct": 58.6, "nid": 46801, "color": "#16a34a"}}, {"type": "Feature", "geometry": {"type": "Point", "coordinates": [2.3383398, 6.4257128]}, "properties": {"lat": 6.4257128, "lng": 2.3383398, "verdict": "AGREE", "current_owner": "Zogbadjè", "top_poi_quartier": "Zogbadjè", "top_vote_weight": 0.85, "runner_up_weight": 0.6, "n_pois_total": 2, "n_supporting_pois": 1, "consensus_pct": 58.6, "nid": 30523, "color": "#16a34a"}}, {"type": "Feature", "geometry": {"type": "Point", "coordinates": [2.31535126, 6.45362452]}, "properties": {"lat": 6.45362452, "lng": 2.31535126, "verdict": "AGREE", "current_owner": "Tokan", "top_poi_quartier": "Tokan", "top_vote_weight": 1.7, "runner_up_weight": 0.0, "n_pois_total": 2, "n_supporting_pois": 2, "consensus_pct": 100.0, "nid": 37318, "color": "#16a34a"}}, {"type": "Feature", "geometry": {"type": "Point", "coordinates": [2.3052859, 6.4245806]}, "properties": {"lat": 6.4245806, "lng": 2.3052859, "verdict": "AGREE", "current_owner": "Maria-Gléta\n", "top_poi_quartier": "Maria-Gléta\n", "top_vote_weight": 1.0, "runner_up_weight": 0.0, "n_pois_total": 1, "n_supporting_pois": 1, "consensus_pct": 100.0, "nid": 34581, "color": "#16a34a"}}, {"type": "Feature", "geometry": {"type": "Point", "coordinates": [2.3694314, 6.3882519]}, "properties": {"lat": 6.3882519, "lng": 2.3694314, "verdict": "AGREE", "current_owner": "Mènontin", "top_poi_quartier": "Mènontin", "top_vote_weight": 1.7, "runner_up_weight": 0.0, "n_pois_total": 2, "n_supporting_pois": 2, "consensus_pct": 100.0, "nid": 10007, "color": "#16a34a"}}, {"type": "Feature", "geometry": {"type": "Point", "coordinates": [2.4531371, 6.3739036]}, "properties": {"lat": 6.3739036, "lng": 2.4531371, "verdict": "DISAGREE", "current_owner": "Fifatin", "top_poi_quartier": "Akpakpa-Dodomè", "top_vote_weight": 1.2, "runner_up_weight": 0.0, "n_pois_total": 2, "n_supporting_pois": 2, "consensus_pct": 100.0, "nid": 48050, "color": "#dc2626"}}, {"type": "Feature", "geometry": {"type": "Point", "coordinates": [2.389765486734694, 6.37704588877551]}, "properties": {"lat": 6.37704588877551, "lng": 2.389765486734694, "verdict": "DISAGREE", "current_owner": "Houéyihô-Tannou", "top_poi_quartier": "Védokô", "top_vote_weight": 1.7, "runner_up_weight": 0.0, "n_pois_total": 2, "n_supporting_pois": 2, "consensus_pct": 100.0, "nid": 309, "color": "#dc2626"}}, {"type": "Feature", "geometry": {"type": "Point", "coordinates": [2.3026898, 6.5583897]}, "properties": {"lat": 6.5583897, "lng": 2.3026898, "verdict": "AGREE", "current_owner": "Golo-Djigbé", "top_poi_quartier": "Golo-Djigbé", "top_vote_weight": 1.0, "runner_up_weight": 0.0, "n_pois_total": 1, "n_supporting_pois": 1, "consensus_pct": 100.0, "nid": 7499, "color": "#16a34a"}}, {"type": "Feature", "geometry": {"type": "Point", "coordinates": [2.3052171, 6.4240857]}, "properties": {"lat": 6.4240857, "lng": 2.3052171, "verdict": "AGREE", "current_owner": "Maria-Gléta\n", "top_poi_quartier": "Maria-Gléta\n", "top_vote_weight": 1.0, "runner_up_weight": 0.0, "n_pois_total": 1, "n_supporting_pois": 1, "consensus_pct": 100.0, "nid": 34447, "color": "#16a34a"}}, {"type": "Feature", "geometry": {"type": "Point", "coordinates": [2.3895492, 6.3782387]}, "properties": {"lat": 6.3782387, "lng": 2.3895492, "verdict": "DISAGREE", "current_owner": "Sètôvi", "top_poi_quartier": "Védokô", "top_vote_weight": 1.7, "runner_up_weight": 0.0, "n_pois_total": 2, "n_supporting_pois": 2, "consensus_pct": 100.0, "nid": 3688, "color": "#dc2626"}}, {"type": "Feature", "geometry": {"type": "Point", "coordinates": [2.3047859, 6.4233567]}, "properties": {"lat": 6.4233567, "lng": 2.3047859, "verdict": "AGREE", "current_owner": "Maria-Gléta\n", "top_poi_quartier": "Maria-Gléta\n", "top_vote_weight": 1.0, "runner_up_weight": 0.0, "n_pois_total": 1, "n_supporting_pois": 1, "consensus_pct": 100.0, "nid": 34751, "color": "#16a34a"}}, {"type": "Feature", "geometry": {"type": "Point", "coordinates": [2.3051642, 6.4245169]}, "properties": {"lat": 6.4245169, "lng": 2.3051642, "verdict": "AGREE", "current_owner": "Maria-Gléta\n", "top_poi_quartier": "Maria-Gléta\n", "top_vote_weight": 1.0, "runner_up_weight": 0.0, "n_pois_total": 1, "n_supporting_pois": 1, "consensus_pct": 100.0, "nid": 34582, "color": "#16a34a"}}, {"type": "Feature", "geometry": {"type": "Point", "coordinates": [2.390072575, 6.37866845]}, "properties": {"lat": 6.37866845, "lng": 2.390072575, "verdict": "DISAGREE", "current_owner": "Missogbé", "top_poi_quartier": "Védokô", "top_vote_weight": 1.7, "runner_up_weight": 0.0, "n_pois_total": 2, "n_supporting_pois": 2, "consensus_pct": 100.0, "nid": 3933, "color": "#dc2626"}}, {"type": "Feature", "geometry": {"type": "Point", "coordinates": [2.4057256, 6.3588874]}, "properties": {"lat": 6.3588874, "lng": 2.4057256, "verdict": "AGREE", "current_owner": "Cadjèhoun-Aupiais", "top_poi_quartier": "Cadjèhoun-Aupiais", "top_vote_weight": 1.2, "runner_up_weight": 0.0, "n_pois_total": 2, "n_supporting_pois": 2, "consensus_pct": 100.0, "nid": 81537, "color": "#16a34a"}}, {"type": "Feature", "geometry": {"type": "Point", "coordinates": [2.390072407142857, 6.377580414285715]}, "properties": {"lat": 6.377580414285715, "lng": 2.390072407142857, "verdict": "DISAGREE", "current_owner": "Houéyihô-Tannou", "top_poi_quartier": "Védokô", "top_vote_weight": 1.7, "runner_up_weight": 0.0, "n_pois_total": 2, "n_supporting_pois": 2, "consensus_pct": 100.0, "nid": 3691, "color": "#dc2626"}}, {"type": "Feature", "geometry": {"type": "Point", "coordinates": [2.3372561, 6.4256091]}, "properties": {"lat": 6.4256091, "lng": 2.3372561, "verdict": "AGREE", "current_owner": "Zogbadjè", "top_poi_quartier": "Zogbadjè", "top_vote_weight": 0.85, "runner_up_weight": 0.6, "n_pois_total": 2, "n_supporting_pois": 1, "consensus_pct": 58.6, "nid": 30331, "color": "#16a34a"}}, {"type": "Feature", "geometry": {"type": "Point", "coordinates": [2.3899016, 6.3774439]}, "properties": {"lat": 6.3774439, "lng": 2.3899016, "verdict": "DISAGREE", "current_owner": "Houéyihô-Tannou", "top_poi_quartier": "Védokô", "top_vote_weight": 1.7, "runner_up_weight": 0.0, "n_pois_total": 2, "n_supporting_pois": 2, "consensus_pct": 100.0, "nid": 3884, "color": "#dc2626"}}, {"type": "Feature", "geometry": {"type": "Point", "coordinates": [2.427107, 6.3666639]}, "properties": {"lat": 6.3666639, "lng": 2.427107, "verdict": "DISAGREE", "current_owner": "Sèdjro-Saint-Michel", "top_poi_quartier": "Gbéto", "top_vote_weight": 1.7, "runner_up_weight": 0.6, "n_pois_total": 3, "n_supporting_pois": 2, "consensus_pct": 73.9, "nid": 24847, "color": "#dc2626"}}, {"type": "Feature", "geometry": {"type": "Point", "coordinates": [2.406402, 6.3589973]}, "properties": {"lat": 6.3589973, "lng": 2.406402, "verdict": "DISAGREE", "current_owner": "Cadjèhoun-Gare", "top_poi_quartier": "Cadjèhoun-Aupiais", "top_vote_weight": 1.2, "runner_up_weight": 0.0, "n_pois_total": 2, "n_supporting_pois": 2, "consensus_pct": 100.0, "nid": 239, "color": "#dc2626"}}, {"type": "Feature", "geometry": {"type": "Point", "coordinates": [2.3902472, 6.3786775]}, "properties": {"lat": 6.3786775, "lng": 2.3902472, "verdict": "DISAGREE", "current_owner": "Missogbé", "top_poi_quartier": "Védokô", "top_vote_weight": 1.7, "runner_up_weight": 0.0, "n_pois_total": 2, "n_supporting_pois": 2, "consensus_pct": 100.0, "nid": 83712, "color": "#dc2626"}}, {"type": "Feature", "geometry": {"type": "Point", "coordinates": [2.3156717, 6.4535885]}, "properties": {"lat": 6.4535885, "lng": 2.3156717, "verdict": "AGREE", "current_owner": "Tokan", "top_poi_quartier": "Tokan", "top_vote_weight": 1.7, "runner_up_weight": 0.0, "n_pois_total": 2, "n_supporting_pois": 2, "consensus_pct": 100.0, "nid": 79634, "color": "#16a34a"}}, {"type": "Feature", "geometry": {"type": "Point", "coordinates": [2.3378898, 6.4258962]}, "properties": {"lat": 6.4258962, "lng": 2.3378898, "verdict": "AGREE", "current_owner": "Zogbadjè", "top_poi_quartier": "Zogbadjè", "top_vote_weight": 0.85, "runner_up_weight": 0.6, "n_pois_total": 2, "n_supporting_pois": 1, "consensus_pct": 58.6, "nid": 30529, "color": "#16a34a"}}, {"type": "Feature", "geometry": {"type": "Point", "coordinates": [2.389735, 6.3780173]}, "properties": {"lat": 6.3780173, "lng": 2.389735, "verdict": "DISAGREE", "current_owner": "Sètôvi", "top_poi_quartier": "Védokô", "top_vote_weight": 1.7, "runner_up_weight": 0.0, "n_pois_total": 2, "n_supporting_pois": 2, "consensus_pct": 100.0, "nid": 3689, "color": "#dc2626"}}, {"type": "Feature", "geometry": {"type": "Point", "coordinates": [2.3049375, 6.4244289]}, "properties": {"lat": 6.4244289, "lng": 2.3049375, "verdict": "AGREE", "current_owner": "Maria-Gléta\n", "top_poi_quartier": "Maria-Gléta\n", "top_vote_weight": 1.0, "runner_up_weight": 0.0, "n_pois_total": 1, "n_supporting_pois": 1, "consensus_pct": 100.0, "nid": 34583, "color": "#16a34a"}}, {"type": "Feature", "geometry": {"type": "Point", "coordinates": [2.3699705, 6.388129]}, "properties": {"lat": 6.388129, "lng": 2.3699705, "verdict": "AGREE", "current_owner": "Mènontin", "top_poi_quartier": "Mènontin", "top_vote_weight": 1.7, "runner_up_weight": 0.0, "n_pois_total": 2, "n_supporting_pois": 2, "consensus_pct": 100.0, "nid": 9976, "color": "#16a34a"}}, {"type": "Feature", "geometry": {"type": "Point", "coordinates": [2.4287564, 6.3911467]}, "properties": {"lat": 6.3911467, "lng": 2.4287564, "verdict": "AGREE", "current_owner": "Ladji", "top_poi_quartier": "Ladji", "top_vote_weight": 0.85, "runner_up_weight": 0.6, "n_pois_total": 2, "n_supporting_pois": 1, "consensus_pct": 58.6, "nid": 53676, "color": "#16a34a"}}, {"type": "Feature", "geometry": {"type": "Point", "coordinates": [2.3898734, 6.3778534]}, "properties": {"lat": 6.3778534, "lng": 2.3898734, "verdict": "DISAGREE", "current_owner": "Houéyihô-Tannou", "top_poi_quartier": "Védokô", "top_vote_weight": 1.7, "runner_up_weight": 0.0, "n_pois_total": 2, "n_supporting_pois": 2, "consensus_pct": 100.0, "nid": 3690, "color": "#dc2626"}}, {"type": "Feature", "geometry": {"type": "Point", "coordinates": [2.3026939, 6.5579847]}, "properties": {"lat": 6.5579847, "lng": 2.3026939, "verdict": "AGREE", "current_owner": "Golo-Djigbé", "top_poi_quartier": "Golo-Djigbé", "top_vote_weight": 1.0, "runner_up_weight": 0.0, "n_pois_total": 1, "n_supporting_pois": 1, "consensus_pct": 100.0, "nid": 7500, "color": "#16a34a"}}, {"type": "Feature", "geometry": {"type": "Point", "coordinates": [2.3620909, 6.3763512]}, "properties": {"lat": 6.3763512, "lng": 2.3620909, "verdict": "AGREE", "current_owner": "Agla-Agongbomey", "top_poi_quartier": "Agla-Agongbomey", "top_vote_weight": 1.2, "runner_up_weight": 0.0, "n_pois_total": 2, "n_supporting_pois": 2, "consensus_pct": 100.0, "nid": 29730, "color": "#16a34a"}}, {"type": "Feature", "geometry": {"type": "Point", "coordinates": [2.3265891, 6.4396496]}, "properties": {"lat": 6.4396496, "lng": 2.3265891, "verdict": "DISAGREE", "current_owner": "Fifonsi\n", "top_poi_quartier": "Agori", "top_vote_weight": 1.7, "runner_up_weight": 0.0, "n_pois_total": 2, "n_supporting_pois": 2, "consensus_pct": 100.0, "nid": 35870, "color": "#dc2626"}}, {"type": "Feature", "geometry": {"type": "Point", "coordinates": [2.30462408, 6.42380556]}, "properties": {"lat": 6.42380556, "lng": 2.30462408, "verdict": "AGREE", "current_owner": "Maria-Gléta\n", "top_poi_quartier": "Maria-Gléta\n", "top_vote_weight": 1.0, "runner_up_weight": 0.0, "n_pois_total": 1, "n_supporting_pois": 1, "consensus_pct": 100.0, "nid": 34448, "color": "#16a34a"}}, {"type": "Feature", "geometry": {"type": "Point", "coordinates": [2.3900881, 6.3783211]}, "properties": {"lat": 6.3783211, "lng": 2.3900881, "verdict": "DISAGREE", "current_owner": "Missogbé", "top_poi_quartier": "Védokô", "top_vote_weight": 1.7, "runner_up_weight": 0.0, "n_pois_total": 2, "n_supporting_pois": 2, "consensus_pct": 100.0, "nid": 3925, "color": "#dc2626"}}, {"type": "Feature", "geometry": {"type": "Point", "coordinates": [2.3049617, 6.4249713]}, "properties": {"lat": 6.4249713, "lng": 2.3049617, "verdict": "AGREE", "current_owner": "Maria-Gléta\n", "top_poi_quartier": "Maria-Gléta\n", "top_vote_weight": 1.0, "runner_up_weight": 0.0, "n_pois_total": 1, "n_supporting_pois": 1, "consensus_pct": 100.0, "nid": 93134, "color": "#16a34a"}}, {"type": "Feature", "geometry": {"type": "Point", "coordinates": [2.3649361, 6.3890006]}, "properties": {"lat": 6.3890006, "lng": 2.3649361, "verdict": "DISAGREE", "current_owner": "Kindonou", "top_poi_quartier": "Mènontin", "top_vote_weight": 1.7, "runner_up_weight": 0.0, "n_pois_total": 2, "n_supporting_pois": 2, "consensus_pct": 100.0, "nid": 11959, "color": "#dc2626"}}, {"type": "Feature", "geometry": {"type": "Point", "coordinates": [2.304324, 6.4232661]}, "properties": {"lat": 6.4232661, "lng": 2.304324, "verdict": "AGREE", "current_owner": "Maria-Gléta\n", "top_poi_quartier": "Maria-Gléta\n", "top_vote_weight": 1.0, "runner_up_weight": 0.0, "n_pois_total": 1, "n_supporting_pois": 1, "consensus_pct": 100.0, "nid": 34555, "color": "#16a34a"}}, {"type": "Feature", "geometry": {"type": "Point", "coordinates": [2.3343432, 6.4248668]}, "properties": {"lat": 6.4248668, "lng": 2.3343432, "verdict": "AGREE", "current_owner": "Zogbadjè", "top_poi_quartier": "Zogbadjè", "top_vote_weight": 1.7, "runner_up_weight": 0.0, "n_pois_total": 2, "n_supporting_pois": 2, "consensus_pct": 100.0, "nid": 30561, "color": "#16a34a"}}, {"type": "Feature", "geometry": {"type": "Point", "coordinates": [2.3355314, 6.4252669]}, "properties": {"lat": 6.4252669, "lng": 2.3355314, "verdict": "AGREE", "current_owner": "Zogbadjè", "top_poi_quartier": "Zogbadjè", "top_vote_weight": 1.7, "runner_up_weight": 0.0, "n_pois_total": 2, "n_supporting_pois": 2, "consensus_pct": 100.0, "nid": 30263, "color": "#16a34a"}}, {"type": "Feature", "geometry": {"type": "Point", "coordinates": [2.3040979999999998, 6.42321885]}, "properties": {"lat": 6.42321885, "lng": 2.3040979999999998, "verdict": "AGREE", "current_owner": "Maria-Gléta\n", "top_poi_quartier": "Maria-Gléta\n", "top_vote_weight": 1.0, "runner_up_weight": 0.0, "n_pois_total": 1, "n_supporting_pois": 1, "consensus_pct": 100.0, "nid": 34752, "color": "#16a34a"}}, {"type": "Feature", "geometry": {"type": "Point", "coordinates": [2.3035753, 6.5583574]}, "properties": {"lat": 6.5583574, "lng": 2.3035753, "verdict": "AGREE", "current_owner": "Golo-Djigbé", "top_poi_quartier": "Golo-Djigbé", "top_vote_weight": 1.0, "runner_up_weight": 0.0, "n_pois_total": 1, "n_supporting_pois": 1, "consensus_pct": 100.0, "nid": 13764, "color": "#16a34a"}}, {"type": "Feature", "geometry": {"type": "Point", "coordinates": [2.3155411, 6.4527704]}, "properties": {"lat": 6.4527704, "lng": 2.3155411, "verdict": "AGREE", "current_owner": "Tokan", "top_poi_quartier": "Tokan", "top_vote_weight": 1.7, "runner_up_weight": 0.0, "n_pois_total": 2, "n_supporting_pois": 2, "consensus_pct": 100.0, "nid": 90719, "color": "#16a34a"}}, {"type": "Feature", "geometry": {"type": "Point", "coordinates": [2.3380738, 6.4262978]}, "properties": {"lat": 6.4262978, "lng": 2.3380738, "verdict": "AGREE", "current_owner": "Zogbadjè", "top_poi_quartier": "Zogbadjè", "top_vote_weight": 0.85, "runner_up_weight": 0.6, "n_pois_total": 2, "n_supporting_pois": 1, "consensus_pct": 58.6, "nid": 30290, "color": "#16a34a"}}, {"type": "Feature", "geometry": {"type": "Point", "coordinates": [2.3045559, 6.4242882]}, "properties": {"lat": 6.4242882, "lng": 2.3045559, "verdict": "AGREE", "current_owner": "Maria-Gléta\n", "top_poi_quartier": "Maria-Gléta\n", "top_vote_weight": 1.0, "runner_up_weight": 0.0, "n_pois_total": 1, "n_supporting_pois": 1, "consensus_pct": 100.0, "nid": 34584, "color": "#16a34a"}}, {"type": "Feature", "geometry": {"type": "Point", "coordinates": [2.3156571, 6.4544344]}, "properties": {"lat": 6.4544344, "lng": 2.3156571, "verdict": "AGREE", "current_owner": "Tokan", "top_poi_quartier": "Tokan", "top_vote_weight": 1.7, "runner_up_weight": 0.0, "n_pois_total": 2, "n_supporting_pois": 2, "consensus_pct": 100.0, "nid": 37296, "color": "#16a34a"}}, {"type": "Feature", "geometry": {"type": "Point", "coordinates": [2.3043107, 6.4236979]}, "properties": {"lat": 6.4236979, "lng": 2.3043107, "verdict": "AGREE", "current_owner": "Maria-Gléta\n", "top_poi_quartier": "Maria-Gléta\n", "top_vote_weight": 1.0, "runner_up_weight": 0.0, "n_pois_total": 1, "n_supporting_pois": 1, "consensus_pct": 100.0, "nid": 34556, "color": "#16a34a"}}, {"type": "Feature", "geometry": {"type": "Point", "coordinates": [2.3265296, 6.4393051]}, "properties": {"lat": 6.4393051, "lng": 2.3265296, "verdict": "DISAGREE", "current_owner": "Fifonsi\n", "top_poi_quartier": "Agori", "top_vote_weight": 1.7, "runner_up_weight": 0.0, "n_pois_total": 2, "n_supporting_pois": 2, "consensus_pct": 100.0, "nid": 35981, "color": "#dc2626"}}, {"type": "Feature", "geometry": {"type": "Point", "coordinates": [2.3698562, 6.3876929]}, "properties": {"lat": 6.3876929, "lng": 2.3698562, "verdict": "AGREE", "current_owner": "Mènontin", "top_poi_quartier": "Mènontin", "top_vote_weight": 1.7, "runner_up_weight": 0.0, "n_pois_total": 2, "n_supporting_pois": 2, "consensus_pct": 100.0, "nid": 9977, "color": "#16a34a"}}, {"type": "Feature", "geometry": {"type": "Point", "coordinates": [2.3906271, 6.3783533]}, "properties": {"lat": 6.3783533, "lng": 2.3906271, "verdict": "DISAGREE", "current_owner": "Missogbé", "top_poi_quartier": "Védokô", "top_vote_weight": 1.7, "runner_up_weight": 0.0, "n_pois_total": 2, "n_supporting_pois": 2, "consensus_pct": 100.0, "nid": 3924, "color": "#dc2626"}}, {"type": "Feature", "geometry": {"type": "Point", "coordinates": [2.3039122, 6.4231982]}, "properties": {"lat": 6.4231982, "lng": 2.3039122, "verdict": "AGREE", "current_owner": "Maria-Gléta\n", "top_poi_quartier": "Maria-Gléta\n", "top_vote_weight": 1.0, "runner_up_weight": 0.0, "n_pois_total": 1, "n_supporting_pois": 1, "consensus_pct": 100.0, "nid": 34753, "color": "#16a34a"}}, {"type": "Feature", "geometry": {"type": "Point", "coordinates": [2.3080365, 6.4393941]}, "properties": {"lat": 6.4393941, "lng": 2.3080365, "verdict": "DISAGREE", "current_owner": "Houèto", "top_poi_quartier": "Togba_Maria-Gléta", "top_vote_weight": 1.2, "runner_up_weight": 0.85, "n_pois_total": 3, "n_supporting_pois": 2, "consensus_pct": 58.5, "nid": 9025, "color": "#dc2626"}}, {"type": "Feature", "geometry": {"type": "Point", "coordinates": [2.3043595, 6.424305]}, "properties": {"lat": 6.424305, "lng": 2.3043595, "verdict": "AGREE", "current_owner": "Maria-Gléta\n", "top_poi_quartier": "Maria-Gléta\n", "top_vote_weight": 1.0, "runner_up_weight": 0.0, "n_pois_total": 1, "n_supporting_pois": 1, "consensus_pct": 100.0, "nid": 34890, "color": "#16a34a"}}, {"type": "Feature", "geometry": {"type": "Point", "coordinates": [2.3027435, 6.5573958]}, "properties": {"lat": 6.5573958, "lng": 2.3027435, "verdict": "AGREE", "current_owner": "Golo-Djigbé", "top_poi_quartier": "Golo-Djigbé", "top_vote_weight": 1.0, "runner_up_weight": 0.0, "n_pois_total": 1, "n_supporting_pois": 1, "consensus_pct": 100.0, "nid": 7501, "color": "#16a34a"}}, {"type": "Feature", "geometry": {"type": "Point", "coordinates": [2.3046103, 6.4253684]}, "properties": {"lat": 6.4253684, "lng": 2.3046103, "verdict": "AGREE", "current_owner": "Maria-Gléta\n", "top_poi_quartier": "Maria-Gléta\n", "top_vote_weight": 1.0, "runner_up_weight": 0.0, "n_pois_total": 1, "n_supporting_pois": 1, "consensus_pct": 100.0, "nid": 76238, "color": "#16a34a"}}, {"type": "Feature", "geometry": {"type": "Point", "coordinates": [2.3152574, 6.452888]}, "properties": {"lat": 6.452888, "lng": 2.3152574, "verdict": "AGREE", "current_owner": "Tokan", "top_poi_quartier": "Tokan", "top_vote_weight": 1.7, "runner_up_weight": 0.0, "n_pois_total": 2, "n_supporting_pois": 2, "consensus_pct": 100.0, "nid": 90721, "color": "#16a34a"}}, {"type": "Feature", "geometry": {"type": "Point", "coordinates": [2.3271393, 6.4395419]}, "properties": {"lat": 6.4395419, "lng": 2.3271393, "verdict": "DISAGREE", "current_owner": "Fifonsi\n", "top_poi_quartier": "Agori", "top_vote_weight": 1.7, "runner_up_weight": 0.0, "n_pois_total": 2, "n_supporting_pois": 2, "consensus_pct": 100.0, "nid": 35871, "color": "#dc2626"}}, {"type": "Feature", "geometry": {"type": "Point", "coordinates": [2.3041959, 6.424289]}, "properties": {"lat": 6.424289, "lng": 2.3041959, "verdict": "AGREE", "current_owner": "Maria-Gléta\n", "top_poi_quartier": "Maria-Gléta\n", "top_vote_weight": 1.0, "runner_up_weight": 0.0, "n_pois_total": 1, "n_supporting_pois": 1, "consensus_pct": 100.0, "nid": 34889, "color": "#16a34a"}}, {"type": "Feature", "geometry": {"type": "Point", "coordinates": [2.3027556, 6.5572386]}, "properties": {"lat": 6.5572386, "lng": 2.3027556, "verdict": "AGREE", "current_owner": "Golo-Djigbé", "top_poi_quartier": "Golo-Djigbé", "top_vote_weight": 1.0, "runner_up_weight": 0.0, "n_pois_total": 1, "n_supporting_pois": 1, "consensus_pct": 100.0, "nid": 7502, "color": "#16a34a"}}, {"type": "Feature", "geometry": {"type": "Point", "coordinates": [2.3376552, 6.4265296]}, "properties": {"lat": 6.4265296, "lng": 2.3376552, "verdict": "AGREE", "current_owner": "Zogbadjè", "top_poi_quartier": "Zogbadjè", "top_vote_weight": 0.85, "runner_up_weight": 0.6, "n_pois_total": 2, "n_supporting_pois": 1, "consensus_pct": 58.6, "nid": 30291, "color": "#16a34a"}}, {"type": "Feature", "geometry": {"type": "Point", "coordinates": [2.3155347, 6.4532285]}, "properties": {"lat": 6.4532285, "lng": 2.3155347, "verdict": "AGREE", "current_owner": "Tokan", "top_poi_quartier": "Tokan", "top_vote_weight": 1.7, "runner_up_weight": 0.0, "n_pois_total": 2, "n_supporting_pois": 2, "consensus_pct": 100.0, "nid": 90720, "color": "#16a34a"}}, {"type": "Feature", "geometry": {"type": "Point", "coordinates": [2.3151608, 6.4530118]}, "properties": {"lat": 6.4530118, "lng": 2.3151608, "verdict": "AGREE", "current_owner": "Tokan", "top_poi_quartier": "Tokan", "top_vote_weight": 1.7, "runner_up_weight": 0.0, "n_pois_total": 2, "n_supporting_pois": 2, "consensus_pct": 100.0, "nid": 90722, "color": "#16a34a"}}, {"type": "Feature", "geometry": {"type": "Point", "coordinates": [2.3037319, 6.5588081]}, "properties": {"lat": 6.5588081, "lng": 2.3037319, "verdict": "AGREE", "current_owner": "Golo-Djigbé", "top_poi_quartier": "Golo-Djigbé", "top_vote_weight": 1.0, "runner_up_weight": 0.0, "n_pois_total": 1, "n_supporting_pois": 1, "consensus_pct": 100.0, "nid": 65618, "color": "#16a34a"}}, {"type": "Feature", "geometry": {"type": "Point", "coordinates": [2.304448, 6.4251952]}, "properties": {"lat": 6.4251952, "lng": 2.304448, "verdict": "AGREE", "current_owner": "Maria-Gléta\n", "top_poi_quartier": "Maria-Gléta\n", "top_vote_weight": 1.0, "runner_up_weight": 0.0, "n_pois_total": 1, "n_supporting_pois": 1, "consensus_pct": 100.0, "nid": 76237, "color": "#16a34a"}}, {"type": "Feature", "geometry": {"type": "Point", "coordinates": [2.3346528, 6.4254024]}, "properties": {"lat": 6.4254024, "lng": 2.3346528, "verdict": "AGREE", "current_owner": "Zogbadjè", "top_poi_quartier": "Zogbadjè", "top_vote_weight": 1.7, "runner_up_weight": 0.0, "n_pois_total": 2, "n_supporting_pois": 2, "consensus_pct": 100.0, "nid": 30560, "color": "#16a34a"}}, {"type": "Feature", "geometry": {"type": "Point", "coordinates": [2.3611038, 6.3763795]}, "properties": {"lat": 6.3763795, "lng": 2.3611038, "verdict": "AGREE", "current_owner": "Agla-Agongbomey", "top_poi_quartier": "Agla-Agongbomey", "top_vote_weight": 1.2, "runner_up_weight": 0.0, "n_pois_total": 2, "n_supporting_pois": 2, "consensus_pct": 100.0, "nid": 60086, "color": "#16a34a"}}, {"type": "Feature", "geometry": {"type": "Point", "coordinates": [2.3041208, 6.5582138]}, "properties": {"lat": 6.5582138, "lng": 2.3041208, "verdict": "AGREE", "current_owner": "Golo-Djigbé", "top_poi_quartier": "Golo-Djigbé", "top_vote_weight": 1.0, "runner_up_weight": 0.0, "n_pois_total": 1, "n_supporting_pois": 1, "consensus_pct": 100.0, "nid": 13763, "color": "#16a34a"}}, {"type": "Feature", "geometry": {"type": "Point", "coordinates": [2.3271713, 6.4397849]}, "properties": {"lat": 6.4397849, "lng": 2.3271713, "verdict": "DISAGREE", "current_owner": "Fifonsi\n", "top_poi_quartier": "Agori", "top_vote_weight": 1.7, "runner_up_weight": 0.0, "n_pois_total": 2, "n_supporting_pois": 2, "consensus_pct": 100.0, "nid": 37212, "color": "#dc2626"}}, {"type": "Feature", "geometry": {"type": "Point", "coordinates": [2.3037802, 6.4237106]}, "properties": {"lat": 6.4237106, "lng": 2.3037802, "verdict": "AGREE", "current_owner": "Maria-Gléta\n", "top_poi_quartier": "Maria-Gléta\n", "top_vote_weight": 1.0, "runner_up_weight": 0.0, "n_pois_total": 1, "n_supporting_pois": 1, "consensus_pct": 100.0, "nid": 34565, "color": "#16a34a"}}, {"type": "Feature", "geometry": {"type": "Point", "coordinates": [2.3084518, 6.4392781]}, "properties": {"lat": 6.4392781, "lng": 2.3084518, "verdict": "AGREE", "current_owner": "Houèto", "top_poi_quartier": "Houèto", "top_vote_weight": 1.7, "runner_up_weight": 1.2, "n_pois_total": 4, "n_supporting_pois": 2, "consensus_pct": 58.6, "nid": 9024, "color": "#16a34a"}}, {"type": "Feature", "geometry": {"type": "Point", "coordinates": [2.3150829, 6.4531387]}, "properties": {"lat": 6.4531387, "lng": 2.3150829, "verdict": "AGREE", "current_owner": "Tokan", "top_poi_quartier": "Tokan", "top_vote_weight": 1.7, "runner_up_weight": 0.0, "n_pois_total": 2, "n_supporting_pois": 2, "consensus_pct": 100.0, "nid": 90723, "color": "#16a34a"}}, {"type": "Feature", "geometry": {"type": "Point", "coordinates": [2.3653875, 6.3888915]}, "properties": {"lat": 6.3888915, "lng": 2.3653875, "verdict": "DISAGREE", "current_owner": "Kindonou", "top_poi_quartier": "Mènontin", "top_vote_weight": 1.7, "runner_up_weight": 0.0, "n_pois_total": 2, "n_supporting_pois": 2, "consensus_pct": 100.0, "nid": 9962, "color": "#dc2626"}}, {"type": "Feature", "geometry": {"type": "Point", "coordinates": [2.3264191, 6.4387419]}, "properties": {"lat": 6.4387419, "lng": 2.3264191, "verdict": "DISAGREE", "current_owner": "Fifonsi\n", "top_poi_quartier": "Agori", "top_vote_weight": 1.7, "runner_up_weight": 0.0, "n_pois_total": 2, "n_supporting_pois": 2, "consensus_pct": 100.0, "nid": 35805, "color": "#dc2626"}}, {"type": "Feature", "geometry": {"type": "Point", "coordinates": [2.3037903, 6.4243241]}, "properties": {"lat": 6.4243241, "lng": 2.3037903, "verdict": "AGREE", "current_owner": "Maria-Gléta\n", "top_poi_quartier": "Maria-Gléta\n", "top_vote_weight": 1.0, "runner_up_weight": 0.0, "n_pois_total": 1, "n_supporting_pois": 1, "consensus_pct": 100.0, "nid": 34888, "color": "#16a34a"}}, {"type": "Feature", "geometry": {"type": "Point", "coordinates": [2.3041422, 6.4248474]}, "properties": {"lat": 6.4248474, "lng": 2.3041422, "verdict": "AGREE", "current_owner": "Maria-Gléta\n", "top_poi_quartier": "Maria-Gléta\n", "top_vote_weight": 1.0, "runner_up_weight": 0.0, "n_pois_total": 1, "n_supporting_pois": 1, "consensus_pct": 100.0, "nid": 35037, "color": "#16a34a"}}, {"type": "Feature", "geometry": {"type": "Point", "coordinates": [2.3081946, 6.4404532]}, "properties": {"lat": 6.4404532, "lng": 2.3081946, "verdict": "DISAGREE", "current_owner": "Houèto", "top_poi_quartier": "Togba_Maria-Gléta", "top_vote_weight": 1.2, "runner_up_weight": 0.85, "n_pois_total": 3, "n_supporting_pois": 2, "consensus_pct": 58.5, "nid": 79531, "color": "#dc2626"}}, {"type": "Feature", "geometry": {"type": "Point", "coordinates": [2.3347905, 6.425691]}, "properties": {"lat": 6.425691, "lng": 2.3347905, "verdict": "AGREE", "current_owner": "Zogbadjè", "top_poi_quartier": "Zogbadjè", "top_vote_weight": 1.7, "runner_up_weight": 0.0, "n_pois_total": 2, "n_supporting_pois": 2, "consensus_pct": 100.0, "nid": 30559, "color": "#16a34a"}}, {"type": "Feature", "geometry": {"type": "Point", "coordinates": [2.3614786, 6.3768095]}, "properties": {"lat": 6.3768095, "lng": 2.3614786, "verdict": "AGREE", "current_owner": "Agla-Agongbomey", "top_poi_quartier": "Agla-Agongbomey", "top_vote_weight": 1.2, "runner_up_weight": 0.0, "n_pois_total": 2, "n_supporting_pois": 2, "consensus_pct": 100.0, "nid": 60085, "color": "#16a34a"}}, {"type": "Feature", "geometry": {"type": "Point", "coordinates": [2.3027904, 6.5568829]}, "properties": {"lat": 6.5568829, "lng": 2.3027904, "verdict": "AGREE", "current_owner": "Golo-Djigbé", "top_poi_quartier": "Golo-Djigbé", "top_vote_weight": 1.0, "runner_up_weight": 0.0, "n_pois_total": 1, "n_supporting_pois": 1, "consensus_pct": 100.0, "nid": 7503, "color": "#16a34a"}}, {"type": "Feature", "geometry": {"type": "Point", "coordinates": [2.3360591, 6.4263209]}, "properties": {"lat": 6.4263209, "lng": 2.3360591, "verdict": "AGREE", "current_owner": "Zogbadjè", "top_poi_quartier": "Zogbadjè", "top_vote_weight": 1.7, "runner_up_weight": 0.0, "n_pois_total": 2, "n_supporting_pois": 2, "consensus_pct": 100.0, "nid": 30262, "color": "#16a34a"}}, {"type": "Feature", "geometry": {"type": "Point", "coordinates": [2.3373197, 6.4267153]}, "properties": {"lat": 6.4267153, "lng": 2.3373197, "verdict": "AGREE", "current_owner": "Zogbadjè", "top_poi_quartier": "Zogbadjè", "top_vote_weight": 0.85, "runner_up_weight": 0.6, "n_pois_total": 2, "n_supporting_pois": 1, "consensus_pct": 58.6, "nid": 30292, "color": "#16a34a"}}, {"type": "Feature", "geometry": {"type": "Point", "coordinates": [2.3084154, 6.4399439]}, "properties": {"lat": 6.4399439, "lng": 2.3084154, "verdict": "DISAGREE", "current_owner": "Houèto", "top_poi_quartier": "Togba_Maria-Gléta", "top_vote_weight": 1.2, "runner_up_weight": 0.85, "n_pois_total": 3, "n_supporting_pois": 2, "consensus_pct": 58.5, "nid": 35185, "color": "#dc2626"}}, {"type": "Feature", "geometry": {"type": "Point", "coordinates": [2.3169619, 6.4536418]}, "properties": {"lat": 6.4536418, "lng": 2.3169619, "verdict": "AGREE", "current_owner": "Tokan", "top_poi_quartier": "Tokan", "top_vote_weight": 1.7, "runner_up_weight": 0.0, "n_pois_total": 2, "n_supporting_pois": 2, "consensus_pct": 100.0, "nid": 36567, "color": "#16a34a"}}, {"type": "Feature", "geometry": {"type": "Point", "coordinates": [2.3079537, 6.4386865]}, "properties": {"lat": 6.4386865, "lng": 2.3079537, "verdict": "AGREE", "current_owner": "Houèto", "top_poi_quartier": "Houèto", "top_vote_weight": 1.7, "runner_up_weight": 0.0, "n_pois_total": 2, "n_supporting_pois": 2, "consensus_pct": 100.0, "nid": 35186, "color": "#16a34a"}}, {"type": "Feature", "geometry": {"type": "Point", "coordinates": [2.3348442, 6.4258349]}, "properties": {"lat": 6.4258349, "lng": 2.3348442, "verdict": "AGREE", "current_owner": "Zogbadjè", "top_poi_quartier": "Zogbadjè", "top_vote_weight": 1.7, "runner_up_weight": 0.0, "n_pois_total": 2, "n_supporting_pois": 2, "consensus_pct": 100.0, "nid": 30558, "color": "#16a34a"}}, {"type": "Feature", "geometry": {"type": "Point", "coordinates": [2.3165381, 6.4542521]}, "properties": {"lat": 6.4542521, "lng": 2.3165381, "verdict": "AGREE", "current_owner": "Tokan", "top_poi_quartier": "Tokan", "top_vote_weight": 1.7, "runner_up_weight": 0.0, "n_pois_total": 2, "n_supporting_pois": 2, "consensus_pct": 100.0, "nid": 37297, "color": "#16a34a"}}, {"type": "Feature", "geometry": {"type": "Point", "coordinates": [2.302832, 6.556675]}, "properties": {"lat": 6.556675, "lng": 2.302832, "verdict": "AGREE", "current_owner": "Golo-Djigbé", "top_poi_quartier": "Golo-Djigbé", "top_vote_weight": 1.0, "runner_up_weight": 0.0, "n_pois_total": 1, "n_supporting_pois": 1, "consensus_pct": 100.0, "nid": 7504, "color": "#16a34a"}}, {"type": "Feature", "geometry": {"type": "Point", "coordinates": [2.32699504, 6.438743560000001]}, "properties": {"lat": 6.438743560000001, "lng": 2.32699504, "verdict": "DISAGREE", "current_owner": "Fifonsi\n", "top_poi_quartier": "Agori", "top_vote_weight": 1.7, "runner_up_weight": 0.0, "n_pois_total": 2, "n_supporting_pois": 2, "consensus_pct": 100.0, "nid": 35806, "color": "#dc2626"}}, {"type": "Feature", "geometry": {"type": "Point", "coordinates": [2.334128966666667, 6.425600133333333]}, "properties": {"lat": 6.425600133333333, "lng": 2.334128966666667, "verdict": "AGREE", "current_owner": "Zogbadjè", "top_poi_quartier": "Zogbadjè", "top_vote_weight": 1.7, "runner_up_weight": 0.0, "n_pois_total": 2, "n_supporting_pois": 2, "consensus_pct": 100.0, "nid": 49588, "color": "#16a34a"}}, {"type": "Feature", "geometry": {"type": "Point", "coordinates": [2.3089336, 6.4391785]}, "properties": {"lat": 6.4391785, "lng": 2.3089336, "verdict": "AGREE", "current_owner": "Houèto", "top_poi_quartier": "Houèto", "top_vote_weight": 1.7, "runner_up_weight": 1.2, "n_pois_total": 4, "n_supporting_pois": 2, "consensus_pct": 58.6, "nid": 9023, "color": "#16a34a"}}, {"type": "Feature", "geometry": {"type": "Point", "coordinates": [2.3167258, 6.4542122]}, "properties": {"lat": 6.4542122, "lng": 2.3167258, "verdict": "AGREE", "current_owner": "Tokan", "top_poi_quartier": "Tokan", "top_vote_weight": 1.7, "runner_up_weight": 0.0, "n_pois_total": 2, "n_supporting_pois": 2, "consensus_pct": 100.0, "nid": 37298, "color": "#16a34a"}}, {"type": "Feature", "geometry": {"type": "Point", "coordinates": [2.3090888, 6.4391422]}, "properties": {"lat": 6.4391422, "lng": 2.3090888, "verdict": "AGREE", "current_owner": "Houèto", "top_poi_quartier": "Houèto", "top_vote_weight": 1.7, "runner_up_weight": 1.2, "n_pois_total": 4, "n_supporting_pois": 2, "consensus_pct": 58.6, "nid": 9022, "color": "#16a34a"}}, {"type": "Feature", "geometry": {"type": "Point", "coordinates": [2.33438225, 6.426036425]}, "properties": {"lat": 6.426036425, "lng": 2.33438225, "verdict": "AGREE", "current_owner": "Zogbadjè", "top_poi_quartier": "Zogbadjè", "top_vote_weight": 1.7, "runner_up_weight": 0.0, "n_pois_total": 2, "n_supporting_pois": 2, "consensus_pct": 100.0, "nid": 75363, "color": "#16a34a"}}, {"type": "Feature", "geometry": {"type": "Point", "coordinates": [2.3585549, 6.4719328]}, "properties": {"lat": 6.4719328, "lng": 2.3585549, "verdict": "AGREE", "current_owner": "Gbodjo", "top_poi_quartier": "Gbodjo", "top_vote_weight": 1.7, "runner_up_weight": 0.0, "n_pois_total": 2, "n_supporting_pois": 2, "consensus_pct": 100.0, "nid": 39352, "color": "#16a34a"}}, {"type": "Feature", "geometry": {"type": "Point", "coordinates": [2.3169324, 6.4541855]}, "properties": {"lat": 6.4541855, "lng": 2.3169324, "verdict": "AGREE", "current_owner": "Tokan", "top_poi_quartier": "Tokan", "top_vote_weight": 1.7, "runner_up_weight": 0.0, "n_pois_total": 2, "n_supporting_pois": 2, "consensus_pct": 100.0, "nid": 37299, "color": "#16a34a"}}, {"type": "Feature", "geometry": {"type": "Point", "coordinates": [2.3171019, 6.4541766]}, "properties": {"lat": 6.4541766, "lng": 2.3171019, "verdict": "DISAGREE", "current_owner": "Ahossougbéta", "top_poi_quartier": "Tokan", "top_vote_weight": 1.7, "runner_up_weight": 0.0, "n_pois_total": 2, "n_supporting_pois": 2, "consensus_pct": 100.0, "nid": 36566, "color": "#dc2626"}}, {"type": "Feature", "geometry": {"type": "Point", "coordinates": [2.3088056000000003, 6.4404174]}, "properties": {"lat": 6.4404174, "lng": 2.3088056000000003, "verdict": "DISAGREE", "current_owner": "Houèto", "top_poi_quartier": "Togba_Maria-Gléta", "top_vote_weight": 1.2, "runner_up_weight": 0.85, "n_pois_total": 3, "n_supporting_pois": 2, "consensus_pct": 58.5, "nid": 35184, "color": "#dc2626"}}, {"type": "Feature", "geometry": {"type": "Point", "coordinates": [2.3093379, 6.4390816]}, "properties": {"lat": 6.4390816, "lng": 2.3093379, "verdict": "AGREE", "current_owner": "Houèto", "top_poi_quartier": "Houèto", "top_vote_weight": 1.7, "runner_up_weight": 1.2, "n_pois_total": 4, "n_supporting_pois": 2, "consensus_pct": 58.6, "nid": 9021, "color": "#16a34a"}}, {"type": "Feature", "geometry": {"type": "Point", "coordinates": [2.3167849, 6.4530421]}, "properties": {"lat": 6.4530421, "lng": 2.3167849, "verdict": "AGREE", "current_owner": "Tokan", "top_poi_quartier": "Tokan", "top_vote_weight": 1.7, "runner_up_weight": 0.0, "n_pois_total": 2, "n_supporting_pois": 2, "consensus_pct": 100.0, "nid": 36568, "color": "#16a34a"}}, {"type": "Feature", "geometry": {"type": "Point", "coordinates": [2.3267201, 6.4382098]}, "properties": {"lat": 6.4382098, "lng": 2.3267201, "verdict": "DISAGREE", "current_owner": "Fifonsi\n", "top_poi_quartier": "Agori", "top_vote_weight": 1.7, "runner_up_weight": 0.0, "n_pois_total": 2, "n_supporting_pois": 2, "consensus_pct": 100.0, "nid": 35767, "color": "#dc2626"}}, {"type": "Feature", "geometry": {"type": "Point", "coordinates": [2.3345277, 6.4263266]}, "properties": {"lat": 6.4263266, "lng": 2.3345277, "verdict": "AGREE", "current_owner": "Zogbadjè", "top_poi_quartier": "Zogbadjè", "top_vote_weight": 1.7, "runner_up_weight": 0.0, "n_pois_total": 2, "n_supporting_pois": 2, "consensus_pct": 100.0, "nid": 75364, "color": "#16a34a"}}, {"type": "Feature", "geometry": {"type": "Point", "coordinates": [2.3352912, 6.4267165]}, "properties": {"lat": 6.4267165, "lng": 2.3352912, "verdict": "AGREE", "current_owner": "Zogbadjè", "top_poi_quartier": "Zogbadjè", "top_vote_weight": 1.7, "runner_up_weight": 0.0, "n_pois_total": 2, "n_supporting_pois": 2, "consensus_pct": 100.0, "nid": 30503, "color": "#16a34a"}}, {"type": "Feature", "geometry": {"type": "Point", "coordinates": [2.3922432, 6.3550833]}, "properties": {"lat": 6.3550833, "lng": 2.3922432, "verdict": "AGREE", "current_owner": "Haie-Vive-Cocotiers", "top_poi_quartier": "Haie-Vive-Cocotiers", "top_vote_weight": 1.2, "runner_up_weight": 0.0, "n_pois_total": 2, "n_supporting_pois": 2, "consensus_pct": 100.0, "nid": 341, "color": "#16a34a"}}, {"type": "Feature", "geometry": {"type": "Point", "coordinates": [2.3090532, 6.4407173]}, "properties": {"lat": 6.4407173, "lng": 2.3090532, "verdict": "DISAGREE", "current_owner": "Houèto", "top_poi_quartier": "Togba_Maria-Gléta", "top_vote_weight": 1.2, "runner_up_weight": 0.0, "n_pois_total": 2, "n_supporting_pois": 2, "consensus_pct": 100.0, "nid": 35183, "color": "#dc2626"}}, {"type": "Feature", "geometry": {"type": "Point", "coordinates": [2.3098151, 6.4390429]}, "properties": {"lat": 6.4390429, "lng": 2.3098151, "verdict": "AGREE", "current_owner": "Houèto", "top_poi_quartier": "Houèto", "top_vote_weight": 1.7, "runner_up_weight": 1.2, "n_pois_total": 4, "n_supporting_pois": 2, "consensus_pct": 58.6, "nid": 9020, "color": "#16a34a"}}, {"type": "Feature", "geometry": {"type": "Point", "coordinates": [2.3094225, 6.4396584]}, "properties": {"lat": 6.4396584, "lng": 2.3094225, "verdict": "DISAGREE", "current_owner": "Houèto", "top_poi_quartier": "Togba_Maria-Gléta", "top_vote_weight": 1.2, "runner_up_weight": 0.85, "n_pois_total": 3, "n_supporting_pois": 2, "consensus_pct": 58.5, "nid": 35308, "color": "#dc2626"}}, {"type": "Feature", "geometry": {"type": "Point", "coordinates": [2.3396976, 6.4286628]}, "properties": {"lat": 6.4286628, "lng": 2.3396976, "verdict": "AGREE", "current_owner": "Zogbadjè", "top_poi_quartier": "Zogbadjè", "top_vote_weight": 1.7, "runner_up_weight": 0.0, "n_pois_total": 2, "n_supporting_pois": 2, "consensus_pct": 100.0, "nid": 49591, "color": "#16a34a"}}, {"type": "Feature", "geometry": {"type": "Point", "coordinates": [2.3091927, 6.4408371]}, "properties": {"lat": 6.4408371, "lng": 2.3091927, "verdict": "DISAGREE", "current_owner": "Houèto", "top_poi_quartier": "Togba_Maria-Gléta", "top_vote_weight": 1.2, "runner_up_weight": 0.0, "n_pois_total": 2, "n_supporting_pois": 2, "consensus_pct": 100.0, "nid": 35182, "color": "#dc2626"}}, {"type": "Feature", "geometry": {"type": "Point", "coordinates": [2.3389265, 6.4283544]}, "properties": {"lat": 6.4283544, "lng": 2.3389265, "verdict": "AGREE", "current_owner": "Zogbadjè", "top_poi_quartier": "Zogbadjè", "top_vote_weight": 1.7, "runner_up_weight": 0.0, "n_pois_total": 2, "n_supporting_pois": 2, "consensus_pct": 100.0, "nid": 49616, "color": "#16a34a"}}, {"type": "Feature", "geometry": {"type": "Point", "coordinates": [2.3347154, 6.4266305]}, "properties": {"lat": 6.4266305, "lng": 2.3347154, "verdict": "AGREE", "current_owner": "Zogbadjè", "top_poi_quartier": "Zogbadjè", "top_vote_weight": 1.7, "runner_up_weight": 0.0, "n_pois_total": 2, "n_supporting_pois": 2, "consensus_pct": 100.0, "nid": 75365, "color": "#16a34a"}}, {"type": "Feature", "geometry": {"type": "Point", "coordinates": [2.3099694, 6.4390176]}, "properties": {"lat": 6.4390176, "lng": 2.3099694, "verdict": "DISAGREE", "current_owner": "Houèto", "top_poi_quartier": "Togba_Maria-Gléta", "top_vote_weight": 1.2, "runner_up_weight": 0.85, "n_pois_total": 3, "n_supporting_pois": 2, "consensus_pct": 58.5, "nid": 1832, "color": "#dc2626"}}, {"type": "Feature", "geometry": {"type": "Point", "coordinates": [2.391948, 6.3550907]}, "properties": {"lat": 6.3550907, "lng": 2.391948, "verdict": "AGREE", "current_owner": "Haie-Vive-Cocotiers", "top_poi_quartier": "Haie-Vive-Cocotiers", "top_vote_weight": 1.2, "runner_up_weight": 0.0, "n_pois_total": 2, "n_supporting_pois": 2, "consensus_pct": 100.0, "nid": 5705, "color": "#16a34a"}}, {"type": "Feature", "geometry": {"type": "Point", "coordinates": [2.3093454666666666, 6.440745433333333]}, "properties": {"lat": 6.440745433333333, "lng": 2.3093454666666666, "verdict": "DISAGREE", "current_owner": "Houèto", "top_poi_quartier": "Togba_Maria-Gléta", "top_vote_weight": 1.2, "runner_up_weight": 0.0, "n_pois_total": 2, "n_supporting_pois": 2, "consensus_pct": 100.0, "nid": 90692, "color": "#dc2626"}}, {"type": "Feature", "geometry": {"type": "Point", "coordinates": [2.338715133333333, 6.430178066666667]}, "properties": {"lat": 6.430178066666667, "lng": 2.338715133333333, "verdict": "DISAGREE", "current_owner": "Tchinangbégbo\n", "top_poi_quartier": "Zogbadjè", "top_vote_weight": 1.7, "runner_up_weight": 0.0, "n_pois_total": 2, "n_supporting_pois": 2, "consensus_pct": 100.0, "nid": 30589, "color": "#dc2626"}}, {"type": "Feature", "geometry": {"type": "Point", "coordinates": [2.3387575, 6.4284117]}, "properties": {"lat": 6.4284117, "lng": 2.3387575, "verdict": "AGREE", "current_owner": "Zogbadjè", "top_poi_quartier": "Zogbadjè", "top_vote_weight": 1.7, "runner_up_weight": 0.0, "n_pois_total": 2, "n_supporting_pois": 2, "consensus_pct": 100.0, "nid": 49615, "color": "#16a34a"}}, {"type": "Feature", "geometry": {"type": "Point", "coordinates": [2.3395179, 6.4287868]}, "properties": {"lat": 6.4287868, "lng": 2.3395179, "verdict": "AGREE", "current_owner": "Zogbadjè", "top_poi_quartier": "Zogbadjè", "top_vote_weight": 1.7, "runner_up_weight": 0.0, "n_pois_total": 2, "n_supporting_pois": 2, "consensus_pct": 100.0, "nid": 49592, "color": "#16a34a"}}, {"type": "Feature", "geometry": {"type": "Point", "coordinates": [2.3095069, 6.4400541]}, "properties": {"lat": 6.4400541, "lng": 2.3095069, "verdict": "DISAGREE", "current_owner": "Houèto", "top_poi_quartier": "Togba_Maria-Gléta", "top_vote_weight": 1.2, "runner_up_weight": 0.85, "n_pois_total": 3, "n_supporting_pois": 2, "consensus_pct": 58.5, "nid": 35292, "color": "#dc2626"}}, {"type": "Feature", "geometry": {"type": "Point", "coordinates": [2.3380541, 6.42818205]}, "properties": {"lat": 6.42818205, "lng": 2.3380541, "verdict": "AGREE", "current_owner": "Zogbadjè", "top_poi_quartier": "Zogbadjè", "top_vote_weight": 1.7, "runner_up_weight": 0.0, "n_pois_total": 2, "n_supporting_pois": 2, "consensus_pct": 100.0, "nid": 49600, "color": "#16a34a"}}, {"type": "Feature", "geometry": {"type": "Point", "coordinates": [2.309387975, 6.44054445]}, "properties": {"lat": 6.44054445, "lng": 2.309387975, "verdict": "DISAGREE", "current_owner": "Houèto", "top_poi_quartier": "Togba_Maria-Gléta", "top_vote_weight": 1.2, "runner_up_weight": 0.0, "n_pois_total": 2, "n_supporting_pois": 2, "consensus_pct": 100.0, "nid": 35306, "color": "#dc2626"}}, {"type": "Feature", "geometry": {"type": "Point", "coordinates": [2.3009733, 6.3924475]}, "properties": {"lat": 6.3924475, "lng": 2.3009733, "verdict": "AGREE", "current_owner": "Cocotomey", "top_poi_quartier": "Cocotomey", "top_vote_weight": 1.7, "runner_up_weight": 0.0, "n_pois_total": 2, "n_supporting_pois": 2, "consensus_pct": 100.0, "nid": 12798, "color": "#16a34a"}}, {"type": "Feature", "geometry": {"type": "Point", "coordinates": [2.33873432, 6.4298896999999995]}, "properties": {"lat": 6.4298896999999995, "lng": 2.33873432, "verdict": "DISAGREE", "current_owner": "Tchinangbégbo\n", "top_poi_quartier": "Zogbadjè", "top_vote_weight": 1.7, "runner_up_weight": 0.0, "n_pois_total": 2, "n_supporting_pois": 2, "consensus_pct": 100.0, "nid": 30590, "color": "#dc2626"}}, {"type": "Feature", "geometry": {"type": "Point", "coordinates": [2.3386047, 6.428467]}, "properties": {"lat": 6.428467, "lng": 2.3386047, "verdict": "AGREE", "current_owner": "Zogbadjè", "top_poi_quartier": "Zogbadjè", "top_vote_weight": 1.7, "runner_up_weight": 0.0, "n_pois_total": 2, "n_supporting_pois": 2, "consensus_pct": 100.0, "nid": 49614, "color": "#16a34a"}}, {"type": "Feature", "geometry": {"type": "Point", "coordinates": [2.3393637, 6.428892]}, "properties": {"lat": 6.428892, "lng": 2.3393637, "verdict": "AGREE", "current_owner": "Zogbadjè", "top_poi_quartier": "Zogbadjè", "top_vote_weight": 2.55, "runner_up_weight": 0.0, "n_pois_total": 3, "n_supporting_pois": 3, "consensus_pct": 100.0, "nid": 49593, "color": "#16a34a"}}, {"type": "Feature", "geometry": {"type": "Point", "coordinates": [2.3919464, 6.3554058]}, "properties": {"lat": 6.3554058, "lng": 2.3919464, "verdict": "AGREE", "current_owner": "Haie-Vive-Cocotiers", "top_poi_quartier": "Haie-Vive-Cocotiers", "top_vote_weight": 1.2, "runner_up_weight": 0.0, "n_pois_total": 2, "n_supporting_pois": 2, "consensus_pct": 100.0, "nid": 5704, "color": "#16a34a"}}, {"type": "Feature", "geometry": {"type": "Point", "coordinates": [2.3919642, 6.3560159]}, "properties": {"lat": 6.3560159, "lng": 2.3919642, "verdict": "DISAGREE", "current_owner": "Cadjèhoun-Agonga", "top_poi_quartier": "Haie-Vive-Cocotiers", "top_vote_weight": 1.2, "runner_up_weight": 0.0, "n_pois_total": 2, "n_supporting_pois": 2, "consensus_pct": 100.0, "nid": 5703, "color": "#dc2626"}}, {"type": "Feature", "geometry": {"type": "Point", "coordinates": [2.3392243, 6.4289653]}, "properties": {"lat": 6.4289653, "lng": 2.3392243, "verdict": "AGREE", "current_owner": "Zogbadjè", "top_poi_quartier": "Zogbadjè", "top_vote_weight": 1.7, "runner_up_weight": 0.0, "n_pois_total": 2, "n_supporting_pois": 2, "consensus_pct": 100.0, "nid": 49594, "color": "#16a34a"}}, {"type": "Feature", "geometry": {"type": "Point", "coordinates": [2.3381691, 6.4301415]}, "properties": {"lat": 6.4301415, "lng": 2.3381691, "verdict": "DISAGREE", "current_owner": "Tchinangbégbo\n", "top_poi_quartier": "Zogbadjè", "top_vote_weight": 1.7, "runner_up_weight": 0.0, "n_pois_total": 2, "n_supporting_pois": 2, "consensus_pct": 100.0, "nid": 30354, "color": "#dc2626"}}, {"type": "Feature", "geometry": {"type": "Point", "coordinates": [2.3383278666666665, 6.428521366666666]}, "properties": {"lat": 6.428521366666666, "lng": 2.3383278666666665, "verdict": "AGREE", "current_owner": "Zogbadjè", "top_poi_quartier": "Zogbadjè", "top_vote_weight": 1.7, "runner_up_weight": 0.0, "n_pois_total": 2, "n_supporting_pois": 2, "consensus_pct": 100.0, "nid": 49599, "color": "#16a34a"}}, {"type": "Feature", "geometry": {"type": "Point", "coordinates": [2.3390579, 6.4298049]}, "properties": {"lat": 6.4298049, "lng": 2.3390579, "verdict": "DISAGREE", "current_owner": "Tchinangbégbo\n", "top_poi_quartier": "Zogbadjè", "top_vote_weight": 1.7, "runner_up_weight": 0.0, "n_pois_total": 2, "n_supporting_pois": 2, "consensus_pct": 100.0, "nid": 49601, "color": "#dc2626"}}, {"type": "Feature", "geometry": {"type": "Point", "coordinates": [2.3575419, 6.5451426]}, "properties": {"lat": 6.5451426, "lng": 2.3575419, "verdict": "DISAGREE", "current_owner": "Agassa-Godomey", "top_poi_quartier": "Gbétagbo", "top_vote_weight": 1.7, "runner_up_weight": 0.0, "n_pois_total": 2, "n_supporting_pois": 2, "consensus_pct": 100.0, "nid": 41794, "color": "#dc2626"}}, {"type": "Feature", "geometry": {"type": "Point", "coordinates": [2.3916348, 6.3560425]}, "properties": {"lat": 6.3560425, "lng": 2.3916348, "verdict": "DISAGREE", "current_owner": "Cadjèhoun-Agonga", "top_poi_quartier": "Haie-Vive-Cocotiers", "top_vote_weight": 1.2, "runner_up_weight": 0.0, "n_pois_total": 2, "n_supporting_pois": 2, "consensus_pct": 100.0, "nid": 5702, "color": "#dc2626"}}, {"type": "Feature", "geometry": {"type": "Point", "coordinates": [2.3390848, 6.429072]}, "properties": {"lat": 6.429072, "lng": 2.3390848, "verdict": "AGREE", "current_owner": "Zogbadjè", "top_poi_quartier": "Zogbadjè", "top_vote_weight": 1.7, "runner_up_weight": 0.0, "n_pois_total": 2, "n_supporting_pois": 2, "consensus_pct": 100.0, "nid": 49595, "color": "#16a34a"}}, {"type": "Feature", "geometry": {"type": "Point", "coordinates": [2.3384316, 6.4286995]}, "properties": {"lat": 6.4286995, "lng": 2.3384316, "verdict": "AGREE", "current_owner": "Zogbadjè", "top_poi_quartier": "Zogbadjè", "top_vote_weight": 1.7, "runner_up_weight": 0.0, "n_pois_total": 2, "n_supporting_pois": 2, "consensus_pct": 100.0, "nid": 49598, "color": "#16a34a"}}, {"type": "Feature", "geometry": {"type": "Point", "coordinates": [2.3009504, 6.3929326]}, "properties": {"lat": 6.3929326, "lng": 2.3009504, "verdict": "AGREE", "current_owner": "Cocotomey", "top_poi_quartier": "Cocotomey", "top_vote_weight": 1.7, "runner_up_weight": 0.0, "n_pois_total": 2, "n_supporting_pois": 2, "consensus_pct": 100.0, "nid": 12797, "color": "#16a34a"}}, {"type": "Feature", "geometry": {"type": "Point", "coordinates": [2.3388155250000002, 6.429178575]}, "properties": {"lat": 6.429178575, "lng": 2.3388155250000002, "verdict": "AGREE", "current_owner": "Zogbadjè", "top_poi_quartier": "Zogbadjè", "top_vote_weight": 1.7, "runner_up_weight": 0.0, "n_pois_total": 2, "n_supporting_pois": 2, "consensus_pct": 100.0, "nid": 49596, "color": "#16a34a"}}, {"type": "Feature", "geometry": {"type": "Point", "coordinates": [2.3381718, 6.4298002]}, "properties": {"lat": 6.4298002, "lng": 2.3381718, "verdict": "DISAGREE", "current_owner": "Tchinangbégbo\n", "top_poi_quartier": "Zogbadjè", "top_vote_weight": 1.7, "runner_up_weight": 0.0, "n_pois_total": 2, "n_supporting_pois": 2, "consensus_pct": 100.0, "nid": 30577, "color": "#dc2626"}}, {"type": "Feature", "geometry": {"type": "Point", "coordinates": [2.3097628, 6.4379994]}, "properties": {"lat": 6.4379994, "lng": 2.3097628, "verdict": "AGREE", "current_owner": "Houèto", "top_poi_quartier": "Houèto", "top_vote_weight": 1.7, "runner_up_weight": 0.0, "n_pois_total": 2, "n_supporting_pois": 2, "consensus_pct": 100.0, "nid": 35223, "color": "#16a34a"}}, {"type": "Feature", "geometry": {"type": "Point", "coordinates": [2.3003581, 6.3927679]}, "properties": {"lat": 6.3927679, "lng": 2.3003581, "verdict": "AGREE", "current_owner": "Cocotomey", "top_poi_quartier": "Cocotomey", "top_vote_weight": 1.7, "runner_up_weight": 0.0, "n_pois_total": 2, "n_supporting_pois": 2, "consensus_pct": 100.0, "nid": 32587, "color": "#16a34a"}}, {"type": "Feature", "geometry": {"type": "Point", "coordinates": [2.3386274, 6.4290173]}, "properties": {"lat": 6.4290173, "lng": 2.3386274, "verdict": "AGREE", "current_owner": "Zogbadjè", "top_poi_quartier": "Zogbadjè", "top_vote_weight": 1.7, "runner_up_weight": 0.0, "n_pois_total": 2, "n_supporting_pois": 2, "consensus_pct": 100.0, "nid": 49597, "color": "#16a34a"}}, {"type": "Feature", "geometry": {"type": "Point", "coordinates": [2.3015063, 6.3928254]}, "properties": {"lat": 6.3928254, "lng": 2.3015063, "verdict": "AGREE", "current_owner": "Cocotomey", "top_poi_quartier": "Cocotomey", "top_vote_weight": 1.7, "runner_up_weight": 0.0, "n_pois_total": 2, "n_supporting_pois": 2, "consensus_pct": 100.0, "nid": 33206, "color": "#16a34a"}}, {"type": "Feature", "geometry": {"type": "Point", "coordinates": [2.30093316, 6.39337884]}, "properties": {"lat": 6.39337884, "lng": 2.30093316, "verdict": "AGREE", "current_owner": "Cocotomey", "top_poi_quartier": "Cocotomey", "top_vote_weight": 1.7, "runner_up_weight": 0.0, "n_pois_total": 2, "n_supporting_pois": 2, "consensus_pct": 100.0, "nid": 12796, "color": "#16a34a"}}, {"type": "Feature", "geometry": {"type": "Point", "coordinates": [2.3097146, 6.4377222]}, "properties": {"lat": 6.4377222, "lng": 2.3097146, "verdict": "AGREE", "current_owner": "Houèto", "top_poi_quartier": "Houèto", "top_vote_weight": 1.7, "runner_up_weight": 0.0, "n_pois_total": 2, "n_supporting_pois": 2, "consensus_pct": 100.0, "nid": 35222, "color": "#16a34a"}}, {"type": "Feature", "geometry": {"type": "Point", "coordinates": [2.3569429, 6.5449464]}, "properties": {"lat": 6.5449464, "lng": 2.3569429, "verdict": "DISAGREE", "current_owner": "Agassa-Godomey", "top_poi_quartier": "Gbétagbo", "top_vote_weight": 1.7, "runner_up_weight": 0.0, "n_pois_total": 2, "n_supporting_pois": 2, "consensus_pct": 100.0, "nid": 41793, "color": "#dc2626"}}, {"type": "Feature", "geometry": {"type": "Point", "coordinates": [2.3376219, 6.4298482]}, "properties": {"lat": 6.4298482, "lng": 2.3376219, "verdict": "DISAGREE", "current_owner": "Tchinangbégbo\n", "top_poi_quartier": "Zogbadjè", "top_vote_weight": 1.7, "runner_up_weight": 0.0, "n_pois_total": 2, "n_supporting_pois": 2, "consensus_pct": 100.0, "nid": 30343, "color": "#dc2626"}}, {"type": "Feature", "geometry": {"type": "Point", "coordinates": [2.3095684, 6.4369465]}, "properties": {"lat": 6.4369465, "lng": 2.3095684, "verdict": "DISAGREE", "current_owner": "Tankpê-Yoho", "top_poi_quartier": "Houèto", "top_vote_weight": 1.7, "runner_up_weight": 0.0, "n_pois_total": 2, "n_supporting_pois": 2, "consensus_pct": 100.0, "nid": 35220, "color": "#dc2626"}}, {"type": "Feature", "geometry": {"type": "Point", "coordinates": [2.3566747, 6.5448371]}, "properties": {"lat": 6.5448371, "lng": 2.3566747, "verdict": "DISAGREE", "current_owner": "Agassa-Godomey", "top_poi_quartier": "Gbétagbo", "top_vote_weight": 1.7, "runner_up_weight": 0.0, "n_pois_total": 2, "n_supporting_pois": 2, "consensus_pct": 100.0, "nid": 41792, "color": "#dc2626"}}, {"type": "Feature", "geometry": {"type": "Point", "coordinates": [2.3005756, 6.3934114]}, "properties": {"lat": 6.3934114, "lng": 2.3005756, "verdict": "AGREE", "current_owner": "Cocotomey", "top_poi_quartier": "Cocotomey", "top_vote_weight": 1.7, "runner_up_weight": 0.0, "n_pois_total": 2, "n_supporting_pois": 2, "consensus_pct": 100.0, "nid": 80779, "color": "#16a34a"}}, {"type": "Feature", "geometry": {"type": "Point", "coordinates": [2.3096216, 6.4371215]}, "properties": {"lat": 6.4371215, "lng": 2.3096216, "verdict": "DISAGREE", "current_owner": "Tankpê-Yoho", "top_poi_quartier": "Houèto", "top_vote_weight": 1.7, "runner_up_weight": 0.0, "n_pois_total": 2, "n_supporting_pois": 2, "consensus_pct": 100.0, "nid": 35221, "color": "#dc2626"}}, {"type": "Feature", "geometry": {"type": "Point", "coordinates": [2.3010195, 6.3938935]}, "properties": {"lat": 6.3938935, "lng": 2.3010195, "verdict": "AGREE", "current_owner": "Cocotomey", "top_poi_quartier": "Cocotomey", "top_vote_weight": 1.7, "runner_up_weight": 0.0, "n_pois_total": 2, "n_supporting_pois": 2, "consensus_pct": 100.0, "nid": 12845, "color": "#16a34a"}}, {"type": "Feature", "geometry": {"type": "Point", "coordinates": [2.3014862, 6.3932899]}, "properties": {"lat": 6.3932899, "lng": 2.3014862, "verdict": "AGREE", "current_owner": "Cocotomey", "top_poi_quartier": "Cocotomey", "top_vote_weight": 1.7, "runner_up_weight": 0.0, "n_pois_total": 2, "n_supporting_pois": 2, "consensus_pct": 100.0, "nid": 41514, "color": "#16a34a"}}, {"type": "Feature", "geometry": {"type": "Point", "coordinates": [2.3564556, 6.5447402]}, "properties": {"lat": 6.5447402, "lng": 2.3564556, "verdict": "DISAGREE", "current_owner": "Agassa-Godomey", "top_poi_quartier": "Gbétagbo", "top_vote_weight": 1.7, "runner_up_weight": 0.0, "n_pois_total": 2, "n_supporting_pois": 2, "consensus_pct": 100.0, "nid": 41791, "color": "#dc2626"}}, {"type": "Feature", "geometry": {"type": "Point", "coordinates": [2.3007909, 6.3939935]}, "properties": {"lat": 6.3939935, "lng": 2.3007909, "verdict": "AGREE", "current_owner": "Cocotomey", "top_poi_quartier": "Cocotomey", "top_vote_weight": 1.7, "runner_up_weight": 0.0, "n_pois_total": 2, "n_supporting_pois": 2, "consensus_pct": 100.0, "nid": 12795, "color": "#16a34a"}}, {"type": "Feature", "geometry": {"type": "Point", "coordinates": [2.3376283, 6.4293718]}, "properties": {"lat": 6.4293718, "lng": 2.3376283, "verdict": "DISAGREE", "current_owner": "Tchinangbégbo\n", "top_poi_quartier": "Zogbadjè", "top_vote_weight": 1.7, "runner_up_weight": 0.0, "n_pois_total": 2, "n_supporting_pois": 2, "consensus_pct": 100.0, "nid": 62591, "color": "#dc2626"}}, {"type": "Feature", "geometry": {"type": "Point", "coordinates": [2.2998629, 6.3936015]}, "properties": {"lat": 6.3936015, "lng": 2.2998629, "verdict": "AGREE", "current_owner": "Cocotomey", "top_poi_quartier": "Cocotomey", "top_vote_weight": 2.55, "runner_up_weight": 0.0, "n_pois_total": 3, "n_supporting_pois": 3, "consensus_pct": 100.0, "nid": 32497, "color": "#16a34a"}}, {"type": "Feature", "geometry": {"type": "Point", "coordinates": [2.3018558, 6.3932652]}, "properties": {"lat": 6.3932652, "lng": 2.3018558, "verdict": "AGREE", "current_owner": "Cocotomey", "top_poi_quartier": "Cocotomey", "top_vote_weight": 1.7, "runner_up_weight": 0.0, "n_pois_total": 2, "n_supporting_pois": 2, "consensus_pct": 100.0, "nid": 41515, "color": "#16a34a"}}, {"type": "Feature", "geometry": {"type": "Point", "coordinates": [2.3565513, 6.5455246]}, "properties": {"lat": 6.5455246, "lng": 2.3565513, "verdict": "DISAGREE", "current_owner": "Agassa-Godomey", "top_poi_quartier": "Gbétagbo", "top_vote_weight": 1.7, "runner_up_weight": 0.0, "n_pois_total": 2, "n_supporting_pois": 2, "consensus_pct": 100.0, "nid": 72591, "color": "#dc2626"}}, {"type": "Feature", "geometry": {"type": "Point", "coordinates": [2.3011261, 6.3946279]}, "properties": {"lat": 6.3946279, "lng": 2.3011261, "verdict": "AGREE", "current_owner": "Cocotomey", "top_poi_quartier": "Cocotomey", "top_vote_weight": 1.7, "runner_up_weight": 0.0, "n_pois_total": 2, "n_supporting_pois": 2, "consensus_pct": 100.0, "nid": 12844, "color": "#16a34a"}}, {"type": "Feature", "geometry": {"type": "Point", "coordinates": [2.356618, 6.544256225]}, "properties": {"lat": 6.544256225, "lng": 2.356618, "verdict": "DISAGREE", "current_owner": "Agassa-Godomey", "top_poi_quartier": "Gbétagbo", "top_vote_weight": 1.7, "runner_up_weight": 0.0, "n_pois_total": 2, "n_supporting_pois": 2, "consensus_pct": 100.0, "nid": 72584, "color": "#dc2626"}}, {"type": "Feature", "geometry": {"type": "Point", "coordinates": [2.3006012, 6.3947278]}, "properties": {"lat": 6.3947278, "lng": 2.3006012, "verdict": "AGREE", "current_owner": "Cocotomey", "top_poi_quartier": "Cocotomey", "top_vote_weight": 1.7, "runner_up_weight": 0.0, "n_pois_total": 2, "n_supporting_pois": 2, "consensus_pct": 100.0, "nid": 12427, "color": "#16a34a"}}, {"type": "Feature", "geometry": {"type": "Point", "coordinates": [2.302031, 6.3940399]}, "properties": {"lat": 6.3940399, "lng": 2.302031, "verdict": "AGREE", "current_owner": "Cocotomey", "top_poi_quartier": "Cocotomey", "top_vote_weight": 1.7, "runner_up_weight": 0.0, "n_pois_total": 2, "n_supporting_pois": 2, "consensus_pct": 100.0, "nid": 43857, "color": "#16a34a"}}, {"type": "Feature", "geometry": {"type": "Point", "coordinates": [2.3574659, 6.545919]}, "properties": {"lat": 6.545919, "lng": 2.3574659, "verdict": "DISAGREE", "current_owner": "Agassa-Godomey", "top_poi_quartier": "Gbétagbo", "top_vote_weight": 1.7, "runner_up_weight": 0.0, "n_pois_total": 2, "n_supporting_pois": 2, "consensus_pct": 100.0, "nid": 72651, "color": "#dc2626"}}, {"type": "Feature", "geometry": {"type": "Point", "coordinates": [2.3056572500000003, 6.46325185]}, "properties": {"lat": 6.46325185, "lng": 2.3056572500000003, "verdict": "DISAGREE", "current_owner": "Ouéga-Tokpa", "top_poi_quartier": "Togba_Maria-Gléta", "top_vote_weight": 1.2, "runner_up_weight": 0.0, "n_pois_total": 2, "n_supporting_pois": 2, "consensus_pct": 100.0, "nid": 7116, "color": "#dc2626"}}, {"type": "Feature", "geometry": {"type": "Point", "coordinates": [2.306292866666667, 6.463054466666667]}, "properties": {"lat": 6.463054466666667, "lng": 2.306292866666667, "verdict": "DISAGREE", "current_owner": "Ouéga-Tokpa", "top_poi_quartier": "Togba_Maria-Gléta", "top_vote_weight": 1.2, "runner_up_weight": 0.0, "n_pois_total": 2, "n_supporting_pois": 2, "consensus_pct": 100.0, "nid": 41058, "color": "#dc2626"}}, {"type": "Feature", "geometry": {"type": "Point", "coordinates": [2.306044, 6.4625782]}, "properties": {"lat": 6.4625782, "lng": 2.306044, "verdict": "DISAGREE", "current_owner": "Ouéga-Tokpa", "top_poi_quartier": "Togba_Maria-Gléta", "top_vote_weight": 1.2, "runner_up_weight": 0.0, "n_pois_total": 2, "n_supporting_pois": 2, "consensus_pct": 100.0, "nid": 41059, "color": "#dc2626"}}, {"type": "Feature", "geometry": {"type": "Point", "coordinates": [2.30677785, 6.46290565]}, "properties": {"lat": 6.46290565, "lng": 2.30677785, "verdict": "DISAGREE", "current_owner": "Ouéga-Tokpa", "top_poi_quartier": "Togba_Maria-Gléta", "top_vote_weight": 1.2, "runner_up_weight": 0.0, "n_pois_total": 2, "n_supporting_pois": 2, "consensus_pct": 100.0, "nid": 90998, "color": "#dc2626"}}]}